Timestamp,Object Temperature(F),Heart Rate Ear(BPM),GSR,Feature_Mean,Weighted_Stress,QuantityIndex_Stress,StressIndex_Level,Predicted_Stress,Condition
00:00,0.06945863125638407,0.8,1.0,0.6231528770854614,0.7438917262512768,2.225540928492468,High,0.7438917262512769,Base
00:30,0.06945863125638407,0.8,0.9538461538461539,0.607768261700846,0.723122495482046,2.225540928492468,High,0.7231224954820461,Base
01:00,0.06945863125638407,0.8,0.8846153846153847,0.584691338623923,0.6919686493281998,2.225540928492468,High,0.6919686493282,Base
01:30,0.06945863125638407,0.8,0.876923076923077,0.5821272360598204,0.6885071108666614,2.225540928492468,High,0.6885071108666615,Base
02:00,0.06945863125638407,0.8,0.8653846153846155,0.5782810822136666,0.6833148031743537,2.225540928492468,High,0.6833148031743539,Base
02:30,0.06945863125638407,0.8,0.826923076923077,0.5654605693931537,0.6660071108666614,2.225540928492468,High,0.6660071108666615,Base
03:00,0.06945863125638407,0.8,0.6153846153846154,0.49494774888033316,0.5708148031743536,2.0276516585874367,High,0.5708148031743538,Base
03:30,0.06945863125638407,0.8,0.5269230769230769,0.4654605693931537,0.5310071108666614,1.8649482386773184,Medium,0.5310071108666615,Base
04:00,0.06945863125638407,0.9999999999999998,0.6230769230769231,0.5641785181111023,0.6442763416358921,2.0424535051681425,High,0.6442763416358923,Base
04:30,0.06945863125638407,0.9999999999999998,0.6346153846153847,0.5680246719572563,0.6494686493281998,2.064859121442401,High,0.6494686493282,Base
05:00,0.06945863125638407,0.9999999999999998,0.65,0.5731528770854614,0.6563917262512767,2.095116079361222,High,0.656391726251277,Base
05:30,0.06945863125638407,0.9999999999999998,0.6538461538461539,0.5744349283675126,0.6581224954820459,2.1027493422485355,High,0.6581224954820462,Base
06:00,0.06945863125638407,0.9999999999999998,0.6461538461538462,0.5718708258034101,0.6546609570205075,2.087510526244701,High,0.6546609570205076,Base
06:30,0.06945863125638407,0.9999999999999998,0.6461538461538462,0.5718708258034101,0.6546609570205075,2.087510526244701,High,0.6546609570205076,Base
07:00,0.05720122574055164,0.9999999999999998,0.65,0.5690670752468505,0.6539402451481103,2.095116079361222,High,0.6539402451481106,Base
07:30,0.06945863125638407,0.9999999999999998,0.65,0.5731528770854614,0.6563917262512767,2.095116079361222,High,0.656391726251277,Base
08:00,0.05720122574055164,0.7714285714285711,0.6576923076923077,0.4954407016204769,0.5774017836096487,2.110410415863321,High,0.5774017836096489,Base
08:30,0.05720122574055164,0.7714285714285711,0.6653846153846155,0.49800480418457943,0.5808633220711872,2.1258164009424814,High,0.5808633220711873,Base
09:00,0.05720122574055164,0.7714285714285711,0.6730769230769231,0.5005689067486819,0.5843248605327256,2.1413348496327362,High,0.5843248605327258,Base
09:30,0.05720122574055164,0.7714285714285711,0.676923076923077,0.5018509580307332,0.5860556297634949,2.1491365041558574,High,0.586055629763495,Base
10:00,0.05720122574055164,0.7714285714285711,0.6846153846153846,0.5044150605948358,0.5895171682250333,2.1648251894784987,High,0.5895171682250334,Base
10:30,0.05720122574055164,0.7714285714285711,0.6884615384615385,0.505697111876887,0.5912479374558026,2.172712427774815,High,0.5912479374558027,Base
11:00,0.05720122574055164,0.7714285714285711,0.6923076923076924,0.5069791631589383,0.5929787066865718,2.180628402122544,High,0.5929787066865719,Base
11:30,0.05720122574055164,0.7714285714285711,0.6961538461538462,0.5082612144409896,0.594709475917341,2.188573217217476,High,0.5947094759173411,Base
12:00,0.05720122574055164,0.7714285714285711,0.7000000000000001,0.5095432657230409,0.5964402451481103,2.1965469781368454,High,0.5964402451481104,Base
12:30,0.05720122574055164,0.6571428571428573,0.7076923076923077,0.4740121301919055,0.5599017836096488,2.212581759673406,High,0.5599017836096489,Base
13:00,0.05720122574055164,0.6571428571428573,0.7115384615384616,0.4752941814739568,0.5616325528404181,2.2206429923648234,High,0.5616325528404181,Base
13:30,0.05720122574055164,0.6571428571428573,0.7076923076923077,0.4740121301919055,0.5599017836096488,2.212581759673406,High,0.5599017836096489,Base
14:00,0.05720122574055164,0.6571428571428573,0.6846153846153846,0.46631982249959786,0.5495171682250335,2.1648251894784987,High,0.5495171682250336,Base
14:30,0.05720122574055164,0.6571428571428573,0.6653846153846155,0.45990956608934147,0.5408633220711874,2.1258164009424814,High,0.5408633220711875,Base
15:00,0.05720122574055164,0.6571428571428573,0.6692307692307693,0.46119161737139275,0.5425940913019566,2.133561516164691,High,0.5425940913019567,Base
15:30,0.05720122574055164,0.6571428571428573,0.18461538461538463,0.2996531558329312,0.3245171682250334,1.4190675485932571,Medium,0.32451716822503357,Base
16:00,0.04596527068437162,0.6571428571428573,0.1423076923076923,0.281805273378307,0.3032315156753359,1.4190675485932571,Medium,0.303231515675336,Base
16:30,0.04596527068437162,0.6571428571428573,0.5269230769230769,0.4100104015834353,0.4763084387522589,1.8649482386773184,Medium,0.47630843875225903,Base
17:00,0.04596527068437162,0.6571428571428573,0.42307692307692313,0.37539501696805067,0.42957766952148974,1.6905287244032627,Medium,0.4295776695214899,Base
17:30,0.04596527068437162,0.6571428571428573,0.326923076923077,0.34334373491676856,0.38630843875225895,1.5436084880422931,Medium,0.3863084387522591,Base
18:00,0.04596527068437162,0.6571428571428573,0.0,0.2343693759424096,0.23919305413687433,1.4190675485932571,Medium,0.2391930541368745,Base
18:30,0.04596527068437162,0.6571428571428573,0.29230769230769227,0.33180527337830706,0.37073151567533585,1.4939030547380805,Medium,0.370731515675336,Base
19:00,0.04596527068437162,0.6571428571428573,0.03076923076923077,0.2446257861988199,0.25303920798302815,1.4190675485932571,Medium,0.25303920798302837,Base
19:30,0.04596527068437162,0.6571428571428573,0.326923076923077,0.34334373491676856,0.38630843875225895,1.5436084880422931,Medium,0.3863084387522591,Base
20:00,0.04596527068437162,0.6571428571428573,0.32307692307692315,0.3420616836347173,0.38457766952148975,1.5380049816482715,Medium,0.38457766952148986,Base
20:30,0.04596527068437162,0.6571428571428573,0.042307692307692324,0.24847194004497375,0.25823151567533587,1.4190675485932571,Medium,0.25823151567533603,Base
21:00,0.03472931562819248,0.6571428571428573,0.03076923076923077,0.24088046784676018,0.2507920169717923,1.4190675485932571,Medium,0.25079201697179254,Base
21:30,0.03472931562819248,0.6571428571428573,0.3307692307692308,0.3408804678467601,0.3857920169717924,1.549232410029426,Medium,0.3857920169717925,Base
22:00,0.03472931562819248,0.6571428571428573,0.042307692307692324,0.24472662169291404,0.25598432466410004,1.4190675485932571,Medium,0.2559843246641002,Base
22:30,0.03472931562819248,0.6571428571428573,0.06153846153846154,0.2511368781031704,0.2646381708179462,1.4190675485932571,Medium,0.2646381708179464,Base
23:00,0.03472931562819248,0.6571428571428573,0.3961538461538462,0.362675339641632,0.4152150938948693,1.6480358070649723,Medium,0.41521509389486944,Base
23:30,0.03472931562819248,0.6571428571428573,0.3769230769230769,0.35626508323137557,0.4065612477410231,1.6183392382103443,Medium,0.40656124774102326,Base
24:00,0.03472931562819248,0.6571428571428573,0.36923076923076925,0.353700980667273,0.4030997092794847,1.6066109863510423,Medium,0.4030997092794848,Base
24:30,0.023493360572012456,0.6571428571428573,0.0730769230769231,0.25123771359726427,0.2675832874990179,1.4190675485932571,Medium,0.26758328749901805,Base
25:00,0.023493360572012456,0.6571428571428573,0.4307692307692308,0.3704684828280335,0.4285448259605564,1.7028695753146692,Medium,0.4285448259605565,Base
25:30,0.023493360572012456,0.6571428571428573,0.4423076923076923,0.37431463667418735,0.43373713365286404,1.7215499722848164,Medium,0.4337371336528642,Base
26:00,0.023493360572012456,0.6571428571428573,0.09230769230769231,0.25764797000752065,0.27623713365286406,1.4190675485932571,Medium,0.27623713365286423,Base
26:30,0.023493360572012456,0.6571428571428573,0.46153846153846156,0.38072489308444374,0.4423909798067102,1.7531404609052217,Medium,0.4423909798067103,Base
27:00,0.023493360572012456,0.6571428571428573,0.46923076923076923,0.3832889956485463,0.4458525182682487,1.7659383771680306,Medium,0.4458525182682488,Base
27:30,0.023493360572012456,0.6571428571428573,0.47307692307692306,0.38457104693059757,0.44758328749901793,1.7723723270615508,Medium,0.44758328749901805,Base
28:00,0.023493360572012456,0.6571428571428573,0.46923076923076923,0.3832889956485463,0.4458525182682487,1.7659383771680306,Medium,0.4458525182682488,Base
28:30,0.023493360572012456,0.6571428571428573,0.45769230769230773,0.37944284180239246,0.440660210575941,1.746776325272125,Medium,0.4406602105759411,Base
29:00,0.023493360572012456,0.6571428571428573,0.46153846153846156,0.38072489308444374,0.4423909798067102,1.7531404609052217,Medium,0.4423909798067103,Base
29:30,0.023493360572012456,0.6571428571428573,0.47307692307692306,0.38457104693059757,0.44758328749901793,1.7723723270615508,Medium,0.44758328749901805,Base
30:00,0.011235955056179137,0.6571428571428573,0.1076923076923077,0.2586903732971147,0.2807087294727743,1.4190675485932571,Medium,0.2807087294727745,Base
30:30,0.011235955056179137,0.6571428571428573,0.49615384615384617,0.38817755278429417,0.4555164217804666,1.8114712916616518,Medium,0.4555164217804667,Base
31:00,0.011235955056179137,0.6571428571428573,0.5038461538461538,0.3907416553483967,0.4589779602420051,1.8246950226861456,Medium,0.4589779602420052,Base
31:30,0.011235955056179137,0.6571428571428573,0.5038461538461538,0.3907416553483967,0.4589779602420051,1.8246950226861456,Medium,0.4589779602420052,Base
32:00,0.011235955056179137,0.6571428571428573,0.11153846153846153,0.259972424579166,0.2824394987035435,1.4190675485932571,Medium,0.2824394987035437,Base
32:30,0.011235955056179137,0.6571428571428573,0.5038461538461538,0.3907416553483967,0.4589779602420051,1.8246950226861456,Medium,0.4589779602420052,Base
33:00,0.011235955056179137,0.6571428571428573,0.5076923076923078,0.3920237066304481,0.4607087294727743,1.8313430442132308,Medium,0.4607087294727744,Base
33:30,0.011235955056179137,0.6571428571428573,0.5115384615384616,0.3933057579124994,0.46243949870354356,1.8380152868784645,Medium,0.46243949870354367,Base
34:00,0.011235955056179137,0.6571428571428573,0.5192307692307693,0.39586986047660194,0.465901037165082,1.8514327889302324,Medium,0.46590103716508213,Base
34:30,0.011235955056179137,0.6571428571428573,0.5230769230769231,0.3971519117586532,0.4676318063958512,1.858178225775147,Medium,0.46763180639585133,Base
35:00,0.011235955056179137,0.6571428571428573,0.5307692307692308,0.3997160143227558,0.4710933448573897,1.8717429171761804,Medium,0.4710933448573898,Base
35:30,0.011235955056179137,0.6571428571428573,0.5346153846153846,0.40099806560480705,0.47282411408815894,1.87856235113739,Medium,0.47282411408815905,Base
36:00,0.011235955056179137,0.514285714285714,0.5384615384615384,0.35466106926781055,0.424554883318928,1.7676371482155744,Medium,0.4245548833189281,Base
36:30,0.0,0.514285714285714,0.5423076923076924,0.3521978021978021,0.4240384615384615,1.7740772873442014,Medium,0.4240384615384615,Base
37:00,0.011235955056179137,0.514285714285714,0.5461538461538462,0.3572251718319131,0.4280164217804665,1.7805408902204862,Medium,0.42801642178046656,Base
37:30,0.011235955056179137,0.514285714285714,0.5461538461538462,0.3572251718319131,0.4280164217804665,1.7805408902204862,Medium,0.42801642178046656,Base
38:00,0.0,0.514285714285714,0.55,0.35476190476190467,0.4274999999999999,1.7870280423313167,Medium,0.4275,Base
38:30,0.011235955056179137,0.514285714285714,0.5538461538461539,0.35978927439601566,0.43147796024200497,1.7935388294750412,Medium,0.431477960242005,Base
39:00,0.0,0.514285714285714,0.5576923076923077,0.3573260073260072,0.43096153846153834,1.8000733377626015,Medium,0.4309615384615384,Base
39:30,0.0,0.514285714285714,0.5615384615384615,0.3586080586080585,0.4326923076923076,1.806631653618673,Medium,0.43269230769230765,Base
40:00,0.0,0.514285714285714,0.5653846153846154,0.3598901098901098,0.4344230769230768,1.813213863782807,Medium,0.43442307692307686,Base
40:30,0.011235955056179137,0.514285714285714,0.5692307692307693,0.36491747952422077,0.4384010371650819,1.8198200553105792,Medium,0.43840103716508194,Base
41:00,0.011235955056179137,0.514285714285714,0.5730769230769232,0.36619953080627204,0.44013180639585114,1.8264503155747387,Medium,0.4401318063958512,Base
41:30,0.0,0.3142857142857143,0.576923076923077,0.29706959706959707,0.3696153846153846,1.532541848460228,Medium,0.36961538461538457,Base
42:00,0.011235955056179137,0.3142857142857143,0.5692307692307693,0.2982508128575542,0.368401037165082,1.5214353780989591,Medium,0.36840103716508193,Base
42:30,0.0,0.3142857142857143,0.5615384615384615,0.29194139194139196,0.3626923076923077,1.5104093973399868,Medium,0.36269230769230765,Base
43:00,0.0,0.3142857142857143,0.5653846153846154,0.29322344322344324,0.3644230769230769,1.515912363075842,Medium,0.36442307692307685,Base
43:30,0.0,0.3142857142857143,0.5653846153846154,0.29322344322344324,0.3644230769230769,1.515912363075842,Medium,0.36442307692307685,Base
44:00,0.0,0.3142857142857143,0.5692307692307693,0.2945054945054945,0.36615384615384616,1.5214353780989591,Medium,0.3661538461538461,Base
44:30,0.011235955056179137,0.3142857142857143,0.576923076923077,0.3008149154216568,0.37186257562662045,1.532541848460228,Medium,0.3718625756266204,Base
45:00,0.0,0.3142857142857143,0.5807692307692308,0.29835164835164835,0.3713461538461539,1.5381254506913142,Medium,0.37134615384615377,Base
45:30,0.0,0.3142857142857143,0.5846153846153846,0.2996336996336996,0.3730769230769231,1.5437293959974727,Medium,0.37307692307692303,Base
46:00,0.0,0.3142857142857143,0.5884615384615385,0.3009157509157509,0.3748076923076923,1.5493537584958572,Medium,0.37480769230769223,Base
46:30,0.0,0.3142857142857143,0.5884615384615385,0.3009157509157509,0.3748076923076923,1.5493537584958572,Medium,0.37480769230769223,Base
47:00,0.0,0.3142857142857143,0.5923076923076923,0.3021978021978022,0.37653846153846154,1.5549986125736568,Medium,0.3765384615384615,Base
47:30,0.0,0.3142857142857143,0.5961538461538461,0.30347985347985346,0.37826923076923075,1.5606640328890793,Medium,0.3782692307692307,Base
48:00,0.0,0.3142857142857143,0.6,0.30476190476190473,0.38,1.5663500943723403,Medium,0.3799999999999999,Base
48:30,0.0,0.3142857142857143,0.6038461538461539,0.30604395604395607,0.38173076923076926,1.5720568722266526,Medium,0.3817307692307692,Base
49:00,0.0,0.3142857142857143,0.6038461538461539,0.30604395604395607,0.38173076923076926,1.5720568722266526,Medium,0.3817307692307692,Base
49:30,0.0,0.3142857142857143,0.6,0.30476190476190473,0.38,1.5663500943723403,Medium,0.3799999999999999,Base
50:00,0.0,0.3142857142857143,0.5961538461538461,0.30347985347985346,0.37826923076923075,1.5606640328890793,Medium,0.3782692307692307,Base
50:30,0.0,0.3142857142857143,0.5961538461538461,0.30347985347985346,0.37826923076923075,1.5606640328890793,Medium,0.3782692307692307,Base
51:00,0.0,0.514285714285714,0.6,0.3714285714285713,0.4499999999999999,1.8735434684962344,Medium,0.4499999999999999,Base
51:30,0.0,0.514285714285714,0.6038461538461539,0.37271062271062266,0.45173076923076916,1.880369462514762,Medium,0.4517307692307692,Base
52:00,0.0,0.514285714285714,0.6076923076923078,0.37399267399267394,0.45346153846153836,1.8872203260893599,Medium,0.4534615384615384,Base
52:30,0.0,0.514285714285714,0.6076923076923078,0.37399267399267394,0.45346153846153836,1.8872203260893599,Medium,0.4534615384615384,Base
53:00,0.0,0.514285714285714,0.6076923076923078,0.37399267399267394,0.45346153846153836,1.8872203260893599,Medium,0.4534615384615384,Base
53:30,0.0,0.514285714285714,0.6115384615384616,0.3752747252747252,0.4551923076923076,1.8940961498287838,Medium,0.4551923076923076,Base
54:00,0.0,0.514285714285714,0.6115384615384616,0.3752747252747252,0.4551923076923076,1.8940961498287838,Medium,0.4551923076923076,Base
54:30,0.0,0.514285714285714,0.6153846153846154,0.3765567765567765,0.4569230769230768,1.900997024671909,Medium,0.4569230769230769,Base
55:00,0.0,0.514285714285714,0.6192307692307693,0.3778388278388278,0.4586538461538461,1.9079230418889335,Medium,0.4586538461538461,Base
55:30,0.0,0.8,0.6192307692307693,0.4730769230769231,0.5586538461538462,2.0350391242779358,High,0.5586538461538463,Base
56:00,0.0,0.8,0.6230769230769231,0.4743589743589744,0.5603846153846154,2.0424535051681425,High,0.5603846153846156,Base
56:30,0.0,0.8,0.6269230769230769,0.47564102564102567,0.5621153846153846,2.049894899319829,High,0.5621153846153847,Base
57:00,0.0,0.8,0.6269230769230769,0.47564102564102567,0.5621153846153846,2.049894899319829,High,0.5621153846153847,Base
57:30,0.0,0.8,0.6269230769230769,0.47564102564102567,0.5621153846153846,2.049894899319829,High,0.5621153846153847,Base
58:00,0.0,0.8,0.6230769230769231,0.4743589743589744,0.5603846153846154,2.0424535051681425,High,0.5603846153846156,Base
58:30,0.0,0.8,0.6192307692307693,0.4730769230769231,0.5586538461538462,2.0350391242779358,High,0.5586538461538463,Base
59:00,0.0,0.8,0.6153846153846154,0.47179487179487184,0.5569230769230769,2.0276516585874367,High,0.5569230769230771,Base
59:30,0.0,0.8,0.1653846153846154,0.3217948717948718,0.3544230769230769,1.4190675485932571,Medium,0.3544230769230771,Base
60:00,0.011235955056179137,0.8,0.16923076923076924,0.3268222414289828,0.358401037165082,1.4190675485932571,Medium,0.35840103716508215,Base
60:30,0.011235955056179137,0.8,0.17307692307692307,0.3281042927110341,0.3601318063958512,1.4190675485932571,Medium,0.3601318063958514,Base
61:00,0.011235955056179137,0.8,0.6269230769230769,0.4793863439930854,0.5643625756266204,2.049894899319829,High,0.5643625756266205,Base
61:30,0.011235955056179137,0.8,0.6307692307692309,0.4806683952751367,0.5660933448573897,2.057363405152041,High,0.5660933448573898,Base
62:00,0.011235955056179137,0.8,0.6346153846153847,0.481950446557188,0.5678241140881589,2.064859121442401,High,0.5678241140881591,Base
62:30,0.011235955056179137,0.8,0.6346153846153847,0.481950446557188,0.5678241140881589,2.064859121442401,High,0.5678241140881591,Base
63:00,0.0,0.8,0.6346153846153847,0.4782051282051283,0.5655769230769231,2.064859121442401,High,0.5655769230769233,Base
63:30,0.011235955056179137,0.8,0.6307692307692309,0.4806683952751367,0.5660933448573897,2.057363405152041,High,0.5660933448573898,Base
64:00,0.011235955056179137,0.8,0.6307692307692309,0.4806683952751367,0.5660933448573897,2.057363405152041,High,0.5660933448573898,Base
64:30,0.011235955056179137,0.8,0.6346153846153847,0.481950446557188,0.5678241140881589,2.064859121442401,High,0.5678241140881591,Base
65:00,0.011235955056179137,0.8,0.6384615384615385,0.4832324978392393,0.5695548833189281,2.0723821473284136,High,0.5695548833189282,Base
65:30,0.011235955056179137,0.19999999999999996,0.6423076923076924,0.2845145491212905,0.36128565254969736,1.471701021629009,Medium,0.3612856525496973,Base
66:00,0.0,0.19999999999999996,0.6461538461538462,0.28205128205128205,0.36076923076923073,1.4770629588029371,Medium,0.3607692307692307,Base
66:30,0.011235955056179137,0.19999999999999996,0.18846153846153846,0.13323249783923918,0.1570548833189281,1.0040917570063954,Low,0.15705488331892808,Base
67:00,0.011235955056179137,0.19999999999999996,0.6538461538461539,0.2883607029674443,0.3664779602420051,1.4878455107337138,Medium,0.36647796024200496,Base
67:30,0.011235955056179137,0.19999999999999996,0.6576923076923077,0.2896427542494956,0.3682087294727743,1.4932662680993878,Medium,0.36820872947277417,Base
68:00,0.011235955056179137,0.19999999999999996,0.6576923076923077,0.2896427542494956,0.3682087294727743,1.4932662680993878,Medium,0.36820872947277417,Base
68:30,0.011235955056179137,0.19999999999999996,0.6615384615384615,0.29092480553154687,0.3699394987035435,1.4987067752376055,Medium,0.3699394987035434,Base
69:00,0.011235955056179137,0.19999999999999996,0.19615384615384618,0.13579660040334177,0.1605164217804666,1.0040917570063954,Low,0.16051642178046654,Base
69:30,0.011235955056179137,0.19999999999999996,0.6692307692307693,0.2934889080956495,0.373401037165082,1.5096473269159871,Medium,0.3734010371650819,Base
70:00,0.011235955056179137,0.19999999999999996,0.6730769230769231,0.29477095937770076,0.3751318063958512,1.5151475161546628,Medium,0.37513180639585114,Base
70:30,0.023493360572012456,0.19999999999999996,0.6730769230769231,0.29885676121631183,0.3775832874990179,1.5151475161546628,Medium,0.3775832874990178,Base
71:00,0.011235955056179137,0.19999999999999996,0.676923076923077,0.29605301065975204,0.3768625756266204,1.5206677445648205,Medium,0.37686257562662034,Base
71:30,0.023493360572012456,0.19999999999999996,0.6807692307692308,0.3014208637804144,0.3810448259605564,1.526208085156383,Medium,0.3810448259605562,Base
72:00,0.023493360572012456,0.19999999999999996,0.6807692307692308,0.3014208637804144,0.3810448259605564,1.526208085156383,Medium,0.3810448259605562,Base
72:30,0.023493360572012456,0.514285714285714,0.6846153846153846,0.4074648198243704,0.49277559519132547,2.0296021886719777,High,0.4927755951913255,Base
73:00,0.03472931562819248,0.514285714285714,0.6846153846153846,0.4112101381764304,0.49502278620256146,2.0296021886719777,High,0.4950227862025615,Base
73:30,0.03472931562819248,0.514285714285714,0.6846153846153846,0.4112101381764304,0.49502278620256146,2.0296021886719777,High,0.4950227862025615,Base
74:00,0.03472931562819248,0.514285714285714,0.6807692307692308,0.4099280868943791,0.49329201697179226,2.02223445978888,Medium,0.49329201697179226,Base
74:30,0.03472931562819248,0.514285714285714,0.6807692307692308,0.4099280868943791,0.49329201697179226,2.02223445978888,Medium,0.49329201697179226,Base
75:00,0.04596527068437162,0.514285714285714,0.676923076923077,0.41239135396438753,0.4938084387522588,2.0148934767524307,Medium,0.4938084387522589,Base
75:30,0.04596527068437162,0.514285714285714,0.6692307692307693,0.409827251400285,0.4903469002907204,2.0002913602078487,Medium,0.4903469002907204,Base
76:00,0.05720122574055164,0.514285714285714,0.6653846153846155,0.4122905184702937,0.49086332207118716,1.9930300335737574,Medium,0.4908633220711872,Base
76:30,0.05720122574055164,0.857142857142857,0.6692307692307693,0.5278582840380593,0.6125940913019565,2.133561516164691,High,0.6125940913019566,Base
77:00,0.05720122574055164,0.857142857142857,0.6730769230769231,0.5291403353201106,0.6143248605327257,2.1413348496327362,High,0.614324860532726,Base
77:30,0.06945863125638407,0.857142857142857,0.6730769230769231,0.5332261371587214,0.6167763416358921,2.1413348496327362,High,0.6167763416358923,Base
78:00,0.06945863125638407,0.857142857142857,0.676923076923077,0.5345081884407726,0.6185071108666613,2.1491365041558574,High,0.6185071108666614,Base
78:30,0.06945863125638407,0.857142857142857,0.6807692307692308,0.5357902397228239,0.6202378800974306,2.1569665829178626,High,0.6202378800974307,Base
79:00,0.06945863125638407,0.857142857142857,0.6807692307692308,0.5357902397228239,0.6202378800974306,2.1569665829178626,High,0.6202378800974307,Base
79:30,0.0806945863125641,0.857142857142857,0.6846153846153846,0.5408176093569352,0.6242158403394358,2.1648251894784987,High,0.624215840339436,Base
80:00,0.0806945863125641,0.857142857142857,0.6846153846153846,0.5408176093569352,0.6242158403394358,2.1648251894784987,High,0.624215840339436,Base
80:30,0.09193054136874412,0.857142857142857,0.6884615384615385,0.5458449789910466,0.6281938005814411,2.172712427774815,High,0.6281938005814413,Base
81:00,0.09193054136874412,0.7428571428571427,0.6884615384615385,0.5077497408958084,0.5881938005814411,2.172712427774815,High,0.5881938005814412,Base
81:30,0.09193054136874412,0.7428571428571427,0.6923076923076924,0.5090317921778597,0.5899245698122104,2.180628402122544,High,0.5899245698122105,Base
82:00,0.10418794688457655,0.7428571428571427,0.6923076923076924,0.5131175940164705,0.5923760509153768,2.180628402122544,High,0.5923760509153769,Base
82:30,0.10418794688457655,0.7428571428571427,0.6961538461538462,0.5143996452985218,0.5941068201461459,2.188573217217476,High,0.5941068201461461,Base
83:00,0.10418794688457655,0.7428571428571427,0.6961538461538462,0.5143996452985218,0.5941068201461459,2.188573217217476,High,0.5941068201461461,Base
83:30,0.11542390194075658,0.7428571428571427,0.7000000000000001,0.5194270149326331,0.5980847803881513,2.1965469781368454,High,0.5980847803881514,Base
84:00,0.11542390194075658,0.7428571428571427,0.7000000000000001,0.5194270149326331,0.5980847803881513,2.1965469781368454,High,0.5980847803881514,Base
84:30,0.1266598569969366,0.7428571428571427,0.7000000000000001,0.523172333284693,0.6003319713993873,2.1965469781368454,High,0.6003319713993874,Base
85:00,0.1266598569969366,0.7428571428571427,0.7000000000000001,0.523172333284693,0.6003319713993873,2.1965469781368454,High,0.6003319713993874,Base
85:30,0.1266598569969366,0.7428571428571427,0.7000000000000001,0.523172333284693,0.6003319713993873,2.1965469781368454,High,0.6003319713993874,Base
86:00,0.13789581205311574,0.4571428571428571,0.7038461538461539,0.43296160768070885,0.5043099316413924,1.963751779097581,Medium,0.5043099316413924,Base
86:30,0.13789581205311574,0.4571428571428571,0.7038461538461539,0.43296160768070885,0.5043099316413924,1.963751779097581,Medium,0.5043099316413924,Base
87:00,0.13789581205311574,0.4571428571428571,0.6884615384615385,0.42783340255250374,0.49738685471831545,1.9353919399800836,Medium,0.4973868547183154,Base
87:30,0.15015321756894728,0.4571428571428571,0.65,0.4190986915706015,0.4825306435137895,1.8662712660373473,Medium,0.48253064351378944,Base
88:00,0.15015321756894728,0.4571428571428571,0.5961538461538461,0.4011499736218835,0.4582998742830202,1.7736296794278144,Medium,0.4582998742830202,Base
88:30,0.15015321756894728,0.4571428571428571,0.5653846153846154,0.39089356336547326,0.4444537204368664,1.7227712703711402,Medium,0.4444537204368664,Base
89:00,0.15015321756894728,0.4571428571428571,0.5461538461538462,0.3844833069552169,0.43579987428302025,1.6917280154661,Medium,0.43579987428302025,Base
89:30,0.1613891726251273,0.4571428571428571,0.5,0.3728440099226615,0.4172778345250255,1.6194873167712156,Medium,0.4172778345250255,Base
90:00,0.1613891726251273,0.4571428571428571,0.49230769230769234,0.3702799073585589,0.41381629606348697,1.607750744682015,Medium,0.41381629606348697,Base
90:30,0.1613891726251273,0.514285714285714,0.5115384615384616,0.39573778281643435,0.4424701422173331,1.7232060432370244,Medium,0.4424701422173331,Base
91:00,0.1613891726251273,0.514285714285714,0.5230769230769231,0.3995839366625882,0.44766244990964077,1.7421095302777605,Medium,0.4476624499096408,Base
91:30,0.17262512768130733,0.514285714285714,0.5346153846153846,0.407175408860802,0.4551019486131844,1.7612203876580454,Medium,0.4551019486131845,Base
92:00,0.17262512768130733,0.514285714285714,0.5384615384615384,0.4084574601428533,0.45683271784395363,1.7676371482155744,Medium,0.45683271784395374,Base
92:30,0.17262512768130733,0.514285714285714,0.5384615384615384,0.4084574601428533,0.45683271784395363,1.7676371482155744,Medium,0.45683271784395374,Base
93:00,0.17262512768130733,0.514285714285714,0.5230769230769231,0.40332925501464817,0.44990964092087676,1.7421095302777605,Medium,0.4499096409208768,Base
93:30,0.18386108273748647,0.514285714285714,0.5153846153846154,0.4045104708026053,0.44869529347057413,1.729484303838721,Medium,0.4486952934705742,Base
94:00,0.18386108273748647,0.514285714285714,0.49615384615384617,0.3981002143923489,0.44004144731672795,1.6983200842921733,Medium,0.440041447316728,Base
94:30,0.18386108273748647,0.514285714285714,0.46923076923076923,0.3891258554179899,0.42792606270134337,1.6556313243119136,Medium,0.42792606270134337,Base
95:00,0.1950970377936656,0.514285714285714,0.47307692307692306,0.3941532250521009,0.4319040229433484,1.6616633858608831,Medium,0.43190402294334845,Base
95:30,0.1950970377936656,0.514285714285714,0.49615384615384617,0.4018455327444086,0.4422886383279638,1.6983200842921733,Medium,0.44228863832796383,Base
96:00,0.1950970377936656,0.514285714285714,0.11153846153846153,0.2736404045392804,0.2692117152510407,1.3304273326531613,Low,0.2692117152510408,Base
96:30,0.20735444330949981,0.514285714285714,0.49615384615384617,0.40593133458302,0.4447401194311306,1.6983200842921733,Medium,0.4447401194311307,Base
97:00,0.20735444330949981,0.514285714285714,0.48461538461538467,0.40208518073686617,0.43954781173882296,1.6798917529235249,Medium,0.439547811738823,Base
97:30,0.20735444330949981,0.514285714285714,0.4769230769230769,0.39952107817276356,0.43608627327728444,1.6677174243838304,Medium,0.4360862732772845,Base
98:00,0.21859039836567895,0.514285714285714,0.4884615384615385,0.40711255037097716,0.443525771980828,1.686012203956579,Medium,0.4435257719808281,Base
98:30,0.21859039836567895,0.514285714285714,0.5,0.410958704217131,0.4487180796731357,1.7045076763773612,Medium,0.4487180796731357,Base
99:00,0.21859039836567895,0.514285714285714,0.5076923076923078,0.4135228067812336,0.45217961813467417,1.716950573565604,Medium,0.4521796181346742,Base
99:30,0.2298263534218581,0.5428571428571429,0.5115384615384616,0.42807398593915424,0.46615757837667937,1.7678601819405226,Medium,0.46615757837667937,Base
100:00,0.2298263534218581,0.5428571428571429,0.5153846153846154,0.4293560372212055,0.4678883476074486,1.7743011336613832,Medium,0.46788834760744863,Base
100:30,0.2298263534218581,0.5428571428571429,0.5230769230769231,0.4319201397853081,0.47134988606898703,1.787253522725452,Medium,0.4713498860689871,Base
101:00,0.2298263534218581,0.5428571428571429,0.5192307692307693,0.4306380885032568,0.4696191168382178,1.7807655520904684,Medium,0.4696191168382179,Base
101:30,0.241062308478039,0.5428571428571429,0.5115384615384616,0.43181930429121457,0.46840476938791553,1.7678601819405226,Medium,0.46840476938791553,Base
102:00,0.241062308478039,0.5428571428571429,0.48461538461538467,0.4228449453168555,0.4562893847725309,1.7234234708143212,Medium,0.456289384772531,Base
102:30,0.241062308478039,0.5428571428571429,0.45769230769230773,0.4138705863424965,0.44417400015714625,1.6801037152685925,Medium,0.44417400015714636,Base
103:00,0.25331971399387143,0.5428571428571429,0.45769230769230773,0.4179563881811073,0.44662548126031276,1.6801037152685925,Medium,0.4466254812603129,Base
103:30,0.25331971399387143,0.5428571428571429,0.46923076923076923,0.42180254202726114,0.4518177889526205,1.6985343718539254,Medium,0.4518177889526205,Base
104:00,0.25331971399387143,0.5714285714285714,0.48076923076923084,0.4351725053972246,0.46701009664492815,1.7616648638624999,Medium,0.4670100966449282,Base
104:30,0.25331971399387143,0.5714285714285714,0.4884615384615385,0.43773660796132713,0.4704716351064666,1.7745250082226405,Medium,0.47047163510646667,Base
105:00,0.26455566905005057,0.5714285714285714,0.49230769230769234,0.4427639775954381,0.47444959534847164,1.7837172528674137,Medium,0.4744495953484717,Base
105:30,0.26455566905005057,0.5714285714285714,0.5,0.4453280801595407,0.4779111338100101,1.7967383795528007,Medium,0.47791113381001016,Base
106:00,0.2757916241062315,0.5714285714285714,0.5038461538461538,0.4503554497936522,0.4818890940520155,1.8110772508414283,Medium,0.4818890940520155,Base
106:30,0.2757916241062315,0.5714285714285714,0.5076923076923078,0.4516375010757036,0.4836198632827847,1.8176756579182904,Medium,0.48361986328278483,Base
107:00,0.2870275791624106,0.5714285714285714,0.11923076923076925,0.32589563994058374,0.3110593619863282,1.414563577053265,Medium,0.31105936198632833,Base
107:30,0.2870275791624106,0.5714285714285714,0.5230769230769231,0.46051102455596843,0.49279013121709747,1.8522805630081973,Medium,0.4927901312170976,Base
108:00,0.2870275791624106,0.5714285714285714,0.5269230769230769,0.4617930758380197,0.4945209004478667,1.8590290885995873,Medium,0.4945209004478668,Base
108:30,0.29928498467824305,0.5714285714285714,0.5307692307692308,0.4671609289586818,0.49870315078180244,1.8745997845294378,Medium,0.4987031507818025,Base
109:00,0.29928498467824305,0.5714285714285714,0.5307692307692308,0.4671609289586818,0.49870315078180244,1.8745997845294378,Medium,0.4987031507818025,Base
109:30,0.29928498467824305,0.5714285714285714,0.5346153846153846,0.46844298024073305,0.5004339200125717,1.8814296270879356,Medium,0.5004339200125717,Base
110:00,0.3105209397344222,0.5714285714285714,0.5384615384615384,0.47347034987484404,0.5044118802545767,1.896444376908183,Medium,0.5044118802545768,Base
110:30,0.3217568947906031,0.5714285714285714,0.08846153846153848,0.32721566822690434,0.30415907126581293,1.4335434562713225,Medium,0.304159071265813,Base
111:00,0.3217568947906031,0.5714285714285714,0.4653846153846154,0.4528566938679299,0.4737744558811975,1.7774767258185549,Medium,0.4737744558811976,Base
111:30,0.3217568947906031,0.5714285714285714,0.4884615384615385,0.46054900156023765,0.4841590712658129,1.816688294696695,Medium,0.48415907126581303,Base
112:00,0.33401430030643553,0.5714285714285714,0.11538461538461542,0.34027582903987413,0.318725936984364,1.4403028638710869,Medium,0.31872593698436413,Base
112:30,0.34525025536261467,0.5714285714285714,0.11923076923076925,0.3453031986739851,0.32270389722636905,1.4465269823209075,Medium,0.32270389722636916,Base
113:00,0.34525025536261467,0.5714285714285714,0.5230769230769231,0.47991858328936976,0.5044346664571383,1.8941345986027944,Medium,0.5044346664571384,Base
113:30,0.3564862104187956,0.5714285714285714,0.5269230769230769,0.48494595292348136,0.5084126266991437,1.9092507404528185,Medium,0.5084126266991438,Base
114:00,0.3564862104187956,0.5714285714285714,0.5307692307692308,0.48622800420553264,0.510143395929913,1.9162068289307974,Medium,0.510143395929913,Base
114:30,0.3564862104187956,0.5714285714285714,0.5346153846153846,0.4875100554875839,0.5118741651606822,1.9231882609458453,Medium,0.5118741651606822,Base
115:00,0.3564862104187956,0.5714285714285714,0.5384615384615384,0.4887921067696352,0.5136049343914514,1.9301951288335994,Medium,0.5136049343914515,Base
115:30,0.3677221654749747,0.5714285714285714,0.5423076923076924,0.4938194764037462,0.5175828946334565,1.9455990517581867,Medium,0.5175828946334565,Base
116:00,0.3677221654749747,0.5714285714285714,0.5461538461538462,0.49510152768579746,0.5193136638642257,1.9526875702329747,Medium,0.5193136638642257,Base
116:30,0.3677221654749747,0.5714285714285714,0.5538461538461539,0.4976656302499,0.5227752023257641,1.966942179357885,Medium,0.5227752023257642,Base
117:00,0.37997957099080715,0.2857142857142856,0.5576923076923077,0.4077953881324668,0.42695745265969987,1.5357018920519057,Medium,0.42695745265969975,Base
117:30,0.37997957099080715,0.2857142857142856,0.5576923076923077,0.4077953881324668,0.42695745265969987,1.5357018920519057,Medium,0.42695745265969975,Base
118:00,0.37997957099080715,0.2857142857142856,0.5576923076923077,0.4077953881324668,0.42695745265969987,1.5357018920519057,Medium,0.42695745265969975,Base
118:30,0.37997957099080715,0.2857142857142856,0.5615384615384615,0.4090774394145181,0.42868822189046907,1.5412970074605707,Medium,0.42868822189046907,Base
119:00,0.3912155260469863,0.2857142857142856,0.5576923076923077,0.4115407064845265,0.4292046436709357,1.5423382674417694,Medium,0.4292046436709356,Base
119:30,0.3912155260469863,0.2857142857142856,0.11923076923076925,0.2653868603306804,0.23189695136324337,1.1399363260121076,Low,0.23189695136324334,Base
120:00,0.4024514811031654,0.2857142857142856,0.5230769230769231,0.40374756329812467,0.4158749116052485,1.4991241699682853,Medium,0.41587491160524837,Base
120:30,0.4024514811031654,0.2857142857142856,0.5307692307692308,0.4063116658622272,0.4193364500667869,1.5100677686260338,Medium,0.4193364500667868,Base
121:00,0.4024514811031654,0.2857142857142856,0.5346153846153846,0.4075937171442785,0.4210672192975561,1.5155694896853724,Medium,0.4210672192975561,Base
121:30,0.41368743615934456,0.2857142857142856,0.13461538461538464,0.2780057021630049,0.24331441030879195,1.1498098453404129,Low,0.24331441030879192,Base
122:00,0.42492339121552547,0.2857142857142856,0.5538461538461539,0.421494610258655,0.4342154474738743,1.556748165722012,Medium,0.4342154474738742,Base
122:30,0.42492339121552547,0.2857142857142856,0.5576923076923077,0.42277666154070626,0.4359462167046435,1.5624199602900348,Medium,0.4359462167046434,Base
123:00,0.42492339121552547,0.2857142857142856,0.5615384615384615,0.42405871282275753,0.4376769859354127,1.5681124192495954,Medium,0.4376769859354127,Base
123:30,0.42492339121552547,0.2857142857142856,0.5692307692307693,0.42662281538686014,0.4411385243969512,1.5795596317689304,Medium,0.4411385243969511,Base
124:00,0.4371807967313579,0.2857142857142856,0.5730769230769232,0.43199066850752227,0.44532077473088694,1.5927895714617342,Medium,0.44532077473088694,Base
124:30,0.4371807967313579,0.2857142857142856,0.576923076923077,0.43327271978957355,0.44705154396165614,1.5985926778589918,Medium,0.44705154396165614,Base
125:00,0.44841675178753704,0.2857142857142856,0.5807692307692308,0.43830008942368454,0.4510295042036613,1.6113502473035015,Medium,0.45102950420366117,Base
125:30,0.44841675178753704,0.2857142857142856,0.5846153846153846,0.4395821407057358,0.4527602734344305,1.6172209769315014,Medium,0.45276027343443037,Base
126:00,0.44841675178753704,0.2857142857142856,0.5884615384615385,0.4408641919877871,0.4544910426651997,1.6231130957431517,Medium,0.4544910426651996,Base
126:30,0.45965270684371795,0.2857142857142856,0.5923076923076923,0.44589156162189864,0.45846900290720505,1.636066350391466,Medium,0.45846900290720505,Base
127:00,0.4708886618998971,0.2857142857142856,0.16153846153846152,0.3060471363842147,0.2668700400722871,1.175330060206013,Low,0.26687004007228704,Base
127:30,0.4831460674157295,0.2857142857142856,0.1653846153846154,0.31141498950487684,0.2710522904062228,1.1808719465760655,Low,0.27105229040622275,Base
128:00,0.4831460674157295,0.2857142857142856,0.6115384615384616,0.4601329382228256,0.4718215211754536,1.6811778836429276,Medium,0.4718215211754535,Base
128:30,0.49438202247191043,0.2857142857142856,0.6153846153846154,0.4651603078569371,0.475799481417459,1.694594524352102,Medium,0.47579948141745887,Base
129:00,0.49438202247191043,0.2857142857142856,0.6192307692307693,0.4664423591389884,0.4775302506482282,1.7007685428798605,Medium,0.47753025064822807,Base
129:30,0.5056179775280896,0.2857142857142856,0.17307692307692307,0.32146972877309943,0.27900821089023325,1.1911000283756532,Low,0.2790082108902332,Base
130:00,0.5056179775280896,0.2857142857142856,0.6230769230769231,0.4714697287730994,0.4815082108902332,1.7143415268521676,Medium,0.4815082108902332,Base
130:30,0.5168539325842687,0.2857142857142856,0.6269230769230769,0.4764970984072104,0.48548617113223824,1.7280228300279805,Medium,0.48548617113223824,Base
131:00,0.5168539325842687,0.2857142857142856,0.6307692307692309,0.47777914968926166,0.48721694036300756,1.7343186399197665,Medium,0.48721694036300744,Base
131:30,0.5291113381001029,0.2857142857142856,0.1807692307692308,0.3318649515278731,0.2871684214661744,1.2018877573268925,Low,0.2871684214661744,Base
132:00,0.5291113381001029,0.2857142857142856,0.6423076923076924,0.4857111053740269,0.4948607291584821,1.7616113547380907,Medium,0.494860729158482,Base
132:30,0.5291113381001029,0.2857142857142856,0.6461538461538462,0.4869931566560782,0.4965914983892513,1.7680295397295835,Medium,0.4965914983892512,Base
133:00,0.540347293156282,0.2857142857142856,0.65,0.49202052629018916,0.5005694586312563,1.7821393001116053,Medium,0.5005694586312562,Base
133:30,0.540347293156282,0.2857142857142856,0.6538461538461539,0.49330257757224044,0.5023002278620256,1.7886322758056832,Medium,0.5023002278620256,Base
134:00,0.5515832482124612,0.2857142857142856,0.6576923076923077,0.49832994720635143,0.5062781881040306,1.8029064563304205,Medium,0.5062781881040306,Base
134:30,0.5515832482124612,0.2857142857142856,0.6615384615384615,0.4996119984884027,0.5080089573347999,1.8094750942583964,Medium,0.5080089573347998,Base
135:00,0.5638406537282954,0.6285714285714283,0.6653846153846155,0.6192655658947798,0.6321912076687359,2.3882101438837475,High,0.6321912076687359,Base
135:30,0.5638406537282954,0.6285714285714283,0.6653846153846155,0.6192655658947798,0.6321912076687359,2.3882101438837475,High,0.6321912076687359,Base
136:00,0.5638406537282954,0.6285714285714283,0.6692307692307693,0.620547617176831,0.6339219768995051,2.3969112540694755,High,0.6339219768995052,Base
136:30,0.5750766087844745,0.6285714285714283,0.6346153846153847,0.6127544739904293,0.6205922448338179,2.3297532519922433,High,0.6205922448338179,Base
137:00,0.5750766087844745,0.6285714285714283,0.6038461538461539,0.6024980637340189,0.6067460909876641,2.262948131811145,High,0.6067460909876642,Base
137:30,0.5863125638406537,0.6285714285714283,0.6038461538461539,0.6062433820860786,0.6089932819988999,2.272727225897188,High,0.6089932819989,Base
138:00,0.5975485188968346,0.6285714285714283,0.5923076923076923,0.6061425465919851,0.6060481653178285,2.2577808326635935,High,0.6060481653178285,Base
138:30,0.5975485188968346,0.6285714285714283,0.5884615384615385,0.6048604953099338,0.6043173960870591,2.2495847846176438,High,0.6043173960870593,Base
139:00,0.5975485188968346,0.6285714285714283,0.6,0.6087066491560876,0.6095097037793669,2.2742626210202914,High,0.6095097037793669,Base
139:30,0.6098059244126652,0.5714285714285714,0.6076923076923078,0.5963089345111815,0.5954227233440715,2.2711818402793735,High,0.5954227233440715,Base
140:00,0.6098059244126652,0.5714285714285714,0.6153846153846154,0.598873037075284,0.5988842618056099,2.2877614559220922,High,0.59888426180561,Base
140:30,0.6098059244126652,0.5714285714285714,0.6153846153846154,0.598873037075284,0.5988842618056099,2.2877614559220922,High,0.59888426180561,Base
141:00,0.6210418794688444,0.5714285714285714,0.5653846153846154,0.585951688760677,0.5786314528168458,2.1915483040993786,High,0.5786314528168458,Base
141:30,0.6210418794688444,0.5714285714285714,0.5153846153846154,0.5692850220940104,0.5561314528168458,2.0903482312543424,High,0.5561314528168458,Base
142:00,0.6210418794688444,0.5714285714285714,0.4423076923076923,0.5449260477350361,0.5232468374322303,1.95078649339206,Medium,0.5232468374322304,Base
142:30,0.6210418794688444,0.5714285714285714,0.3730769230769231,0.521849124658113,0.49209299127838424,1.8271754634512798,Medium,0.49209299127838435,Base
143:00,0.6322778345250253,0.5714285714285714,0.4,0.5345688019845323,0.506455566905005,1.8823868505075123,Medium,0.5064555669050052,Base
143:30,0.6322778345250253,0.5714285714285714,0.4192307692307693,0.5409790583947887,0.5151094130588513,1.9169287001996456,Medium,0.5151094130588513,Base
144:00,0.6322778345250253,0.5714285714285714,0.40384615384615385,0.5358508532665835,0.5081863361357742,1.8892450641535676,Medium,0.5081863361357744,Base
144:30,0.6435137895812044,0.48571428571428554,0.4076923076923077,0.512306794329266,0.48216429637777924,1.76363338556764,Medium,0.48216429637777936,Base
145:00,0.6435137895812044,0.48571428571428554,0.4307692307692308,0.5199991020215736,0.4925489117623947,1.802539566992956,Medium,0.4925489117623947,Base
145:30,0.6435137895812044,0.48571428571428554,0.44615384615384623,0.5251273071497787,0.4994719886854716,1.8289526831514171,Medium,0.4994719886854716,Base
146:00,0.6435137895812044,0.48571428571428554,0.46153846153846156,0.5302555122779838,0.5063950656085485,1.8557528380844912,Medium,0.5063950656085485,Base
146:30,0.6547497446373836,0.48571428571428554,0.46923076923076923,0.5365649331941461,0.5121037950813228,1.8773778081918207,Medium,0.5121037950813229,Base
147:00,0.6547497446373836,0.48571428571428554,0.46923076923076923,0.5365649331941461,0.5121037950813228,1.8773778081918207,Medium,0.5121037950813229,Base
147:30,0.6670071501532178,0.48571428571428554,0.4538461538461539,0.5355225299045524,0.5076321992614128,1.8589896768275262,Medium,0.5076321992614128,Base
148:00,0.6670071501532178,0.48571428571428554,0.4538461538461539,0.5355225299045524,0.5076321992614128,1.8589896768275262,Medium,0.5076321992614128,Base
148:30,0.6670071501532178,0.48571428571428554,0.47307692307692306,0.5419327863148088,0.5162860454152589,1.8931021877489083,Medium,0.5162860454152589,Base
149:00,0.6670071501532178,0.8,0.4884615384615385,0.6518228962049187,0.6332091223383358,2.101911063212206,High,0.633209122338336,Base
149:30,0.6782431052093969,0.8,0.49615384615384617,0.658132317121081,0.6389178518111102,2.1264044995025397,High,0.6389178518111103,Base
150:00,0.6782431052093969,0.8,0.5,0.6594143684031323,0.6406486210418794,2.134151757379734,High,0.6406486210418795,Base
150:30,0.6782431052093969,0.8,0.5038461538461538,0.6606964196851836,0.6423793902726486,2.14192724130923,High,0.6423793902726487,Base
151:00,0.6782431052093969,0.8,0.5115384615384616,0.6632605222492862,0.6458409287341871,2.157563299050519,High,0.6458409287341872,Base
151:30,0.689479060265576,0.8,0.5192307692307693,0.6695699431654485,0.6515496582069613,2.1827052473149218,High,0.6515496582069615,Base
152:00,0.689479060265576,0.8,0.5230769230769231,0.6708519944474998,0.6532804274377305,2.1906576291053153,High,0.6532804274377307,Base
152:30,0.700715015321757,0.8,0.5307692307692308,0.6771614153636626,0.6589891569105053,2.2161852234985946,High,0.6589891569105054,Base
153:00,0.700715015321757,0.7142857142857142,0.5346153846153846,0.6498720380742853,0.6307199261412744,2.224259584907296,High,0.6307199261412745,Base
153:30,0.700715015321757,0.7142857142857142,0.5384615384615384,0.6511540893563366,0.6324506953720437,2.2323633641243403,High,0.6324506953720438,Base
154:00,0.700715015321757,0.7142857142857142,0.5461538461538462,0.6537181919204391,0.6359122338335821,2.2486596050926617,High,0.6359122338335822,Base
154:30,0.7129724208375894,0.7142857142857142,0.55,0.6590860450411012,0.6400944841675178,2.267493734787217,High,0.6400944841675179,Base
155:00,0.7129724208375894,0.7142857142857142,0.5538461538461539,0.6603680963231525,0.6418252533982871,2.275755031592425,High,0.6418252533982872,Base
155:30,0.7242083758937685,0.7142857142857142,0.5461538461538462,0.6615493121111097,0.6406109059479844,2.2690255943004867,High,0.6406109059479845,Base
156:00,0.7242083758937685,0.7142857142857142,0.46923076923076923,0.6359082864700839,0.6059955213325998,2.1098475582462752,High,0.6059955213325999,Base
156:30,0.7242083758937685,0.7142857142857142,0.3961538461538462,0.6115493121111096,0.5731109059479844,1.9689839511923193,Medium,0.5731109059479845,Base
157:00,0.7354443309499477,0.7142857142857142,0.41538461538461535,0.6217048868734257,0.5840119431130664,2.0137797545489367,Medium,0.5840119431130665,Base
157:30,0.7354443309499477,0.7142857142857142,0.4423076923076923,0.6306792458477847,0.596127327728451,2.0657030054156555,High,0.5961273277284511,Base
158:00,0.7354443309499477,0.7142857142857142,0.45769230769230773,0.6358074509759898,0.6030504046515279,2.095972329002237,High,0.603050404651528,Base
158:30,0.7466802860061286,0.7142857142857142,0.038461538461538436,0.4998091795844604,0.41664374950891797,1.710109939235014,Medium,0.41664374950891814,Base
159:00,0.758937691521961,0.7142857142857142,0.06153846153846154,0.5115872891153789,0.42947984599669986,1.7181734060724716,Medium,0.42947984599669997,Base
159:30,0.758937691521961,0.7142857142857142,0.4115384615384615,0.6282539557820456,0.5869798459966998,2.024641949336951,Medium,0.5869798459967,Base
160:00,0.758937691521961,0.7142857142857142,0.4307692307692308,0.634664212192302,0.595633692150546,2.0617941839456497,High,0.5956336921505461,Base
160:30,0.758937691521961,0.7142857142857142,0.4423076923076923,0.6385103660384558,0.6008259998428537,2.0844119665316874,High,0.6008259998428538,Base
161:00,0.758937691521961,0.7142857142857142,0.45000000000000007,0.6410744686025583,0.6042875383043922,2.0996281630657037,High,0.6042875383043923,Base
161:30,0.758937691521961,0.7142857142857142,0.09999999999999998,0.5244078019358916,0.4467875383043921,1.7181734060724716,Medium,0.44678753830439233,Base
162:00,0.758937691521961,0.7142857142857142,0.48076923076923084,0.6513308788589687,0.618133692150546,2.1616118690983126,High,0.6181336921505461,Base
162:30,0.7701736465781401,0.7142857142857142,0.48461538461538467,0.6563582484930797,0.6221116523925511,2.178862613402379,High,0.6221116523925512,Base
163:00,0.7701736465781401,0.7142857142857142,0.4884615384615385,0.6576402997751309,0.6238424216233203,2.1868009950926712,High,0.6238424216233204,Base
163:30,0.7701736465781401,0.7142857142857142,0.49615384615384617,0.6602044023392335,0.6273039600848588,2.202764631003608,High,0.6273039600848589,Base
164:00,0.7701736465781401,0.7142857142857142,0.5038461538461538,0.662768504903336,0.6307654985463972,2.218844801373816,High,0.6307654985463973,Base
164:30,0.7701736465781401,0.7142857142857142,0.08076923076923076,0.521742863877695,0.4403808831617818,1.7255983130590369,Medium,0.4403808831617819,Base
165:00,0.7701736465781401,0.7142857142857142,0.4192307692307693,0.6345633766982078,0.5926885754694742,2.0482349735446626,High,0.5926885754694743,Base
165:30,0.7701736465781401,0.7142857142857142,0.42692307692307696,0.6371274792623104,0.5961501139310126,2.0631870782176938,High,0.5961501139310127,Base
166:00,0.7701736465781401,0.7142857142857142,0.45769230769230773,0.6473838895187206,0.6099962677771664,2.12409499686544,High,0.6099962677771665,Base
166:30,0.781409601634321,0.7142857142857142,0.47307692307692306,0.6562574129989861,0.6191665357114795,2.1645335126414933,High,0.6191665357114796,Base
167:00,0.781409601634321,0.7142857142857142,0.48461538461538467,0.6601035668451399,0.6243588434037872,2.1882783406996604,High,0.6243588434037873,Base
167:30,0.781409601634321,0.7142857142857142,0.49230769230769234,0.6626676694092425,0.6278203818653256,2.2042527612258582,High,0.6278203818653257,Base
168:00,0.781409601634321,0.7142857142857142,0.5,0.665231771973345,0.6312819203268643,2.220343794938963,High,0.6312819203268644,Base
168:30,0.781409601634321,0.7142857142857142,0.11923076923076925,0.5383086950502681,0.45993576648071033,1.7330553060059402,Medium,0.4599357664807105,Base
169:00,0.781409601634321,0.7142857142857142,0.5192307692307693,0.6716420283836015,0.6399357664807104,2.2610871637151333,High,0.6399357664807105,Base
169:30,0.781409601634321,0.7142857142857142,0.5269230769230769,0.6742061309477041,0.6433973049422488,2.2775930882713418,High,0.6433973049422489,Base
170:00,0.7936670071501535,0.7142857142857142,0.5307692307692308,0.6795739840683662,0.6475795552761845,2.286151961605749,High,0.6475795552761846,Base
170:30,0.7936670071501535,0.7142857142857142,0.5384615384615384,0.6821380866324688,0.6510410937377229,2.3028408590564298,High,0.651041093737723,Base
171:00,0.7936670071501535,0.7142857142857142,0.5423076923076924,0.68342013791452,0.6527718629684922,2.3112309381732787,High,0.6527718629684923,Base
171:30,0.7936670071501535,0.7142857142857142,0.5423076923076924,0.68342013791452,0.6527718629684922,2.3112309381732787,High,0.6527718629684923,Base
172:00,0.7936670071501535,0.7142857142857142,0.5384615384615384,0.6821380866324688,0.6510410937377229,2.3028408590564298,High,0.651041093737723,Base
172:30,0.8049029622063326,0.7142857142857142,0.03076923076923077,0.5166526357537592,0.42482674628742034,1.7332530178673953,Medium,0.42482674628742045,Base
173:00,0.8049029622063326,0.7142857142857142,0.3423076923076923,0.620498789599913,0.565019053979728,1.9129944842439746,Medium,0.5650190539797282,Base
173:30,0.8049029622063326,0.7142857142857142,0.3730769230769231,0.6307551998563233,0.5788652078258818,1.9694685256191142,Medium,0.578865207825882,Base
174:00,0.8049029622063326,0.7142857142857142,0.41538461538461535,0.6448577639588874,0.5979036693643434,2.049852533880057,High,0.5979036693643435,Base
174:30,0.8049029622063326,0.7142857142857142,0.4307692307692308,0.6499859690870925,0.6048267462874203,2.079889596076374,High,0.6048267462874204,Base
175:00,0.8049029622063326,0.7142857142857142,0.43846153846153846,0.652550071651195,0.6082882847489588,2.095072779329545,High,0.6082882847489589,Base
175:30,0.8049029622063326,0.7142857142857142,0.45000000000000007,0.6563962254973489,0.6134805924412665,2.1180556264991495,High,0.6134805924412666,Base
176:00,0.8049029622063326,0.7142857142857142,0.46153846153846156,0.6602423793435027,0.6186729001335741,2.1412905943918292,High,0.6186729001335742,Base
176:30,0.8161389172625135,0.7142857142857142,0.47307692307692306,0.6678338515417169,0.626112398837118,2.1647804487597364,High,0.6261123988371181,Base
177:00,0.8161389172625135,0.17142857142857126,0.48461538461538467,0.49072762443548984,0.44130470652942577,1.5422296055354876,Medium,0.44130470652942566,Base
177:30,0.8161389172625135,0.17142857142857126,0.4884615384615385,0.4920096757175411,0.443035475760195,1.5478485037567447,Medium,0.4430354757601949,Base
178:00,0.8161389172625135,0.17142857142857126,0.11153846153846153,0.3663686500765155,0.27342009114481036,1.2214027581601699,Low,0.27342009114481025,Base
178:30,0.8273748723186927,0.17142857142857126,0.08076923076923076,0.35985755817216486,0.26182112830989235,1.2214027581601699,Low,0.26182112830989224,Base
179:00,0.8273748723186927,0.17142857142857126,0.44615384615384623,0.4816524299670368,0.4262442052329693,1.4871503487157294,Medium,0.4262442052329692,Base
179:30,0.8273748723186927,0.17142857142857126,0.09230769230769231,0.3637037120183188,0.2670134360022,1.2214027581601699,Low,0.26701343600219996,Base
180:00,0.8273748723186927,0.17142857142857126,0.46923076923076923,0.48934473765934444,0.4366288206175846,1.5199572471036462,Medium,0.43662882061758457,Base
180:30,0.8273748723186927,0.17142857142857126,0.48076923076923084,0.4931908915054983,0.44182112830989234,1.536631104670396,Medium,0.4418211283098923,Base
181:00,0.8396322778345233,0.17142857142857126,0.11153846153846153,0.37419977026718537,0.27811876325921225,1.2214027581601699,Low,0.27811876325921225,Base
181:30,0.8396322778345233,0.17142857142857126,0.5076923076923078,0.5062510523184675,0.4563879940284431,1.576251565724875,Medium,0.456387994028443,Base
182:00,0.8396322778345233,0.17142857142857126,0.5115384615384616,0.5075331036005187,0.4581187632592123,1.5819944182074854,Medium,0.45811876325921225,Base
182:30,0.8396322778345233,0.17142857142857126,0.5153846153846154,0.50881515488257,0.45984953248998156,1.5877581939712233,Medium,0.45984953248998145,Base
183:00,0.8396322778345233,0.17142857142857126,0.5230769230769231,0.5113792574466726,0.46331107095152,1.599348820544031,Medium,0.4633110709515199,Base
183:30,0.8396322778345233,0.17142857142857126,0.5307692307692308,0.5139433600107751,0.4667726094130584,1.6110240586306448,Medium,0.46677260941305837,Base
184:00,0.8396322778345233,0.17142857142857126,0.5307692307692308,0.5139433600107751,0.4667726094130584,1.6110240586306448,Medium,0.46677260941305837,Base
184:30,0.8396322778345233,0.17142857142857126,0.5346153846153846,0.5152254112928264,0.4685033786438277,1.6168935998357616,Medium,0.4685033786438276,Base
185:00,0.8508682328907042,0.17142857142857126,0.5423076923076924,0.5215348322089893,0.4742121081166023,1.628696914720118,Medium,0.4742121081166023,Base
185:30,0.8508682328907042,0.17142857142857126,0.13846153846153847,0.38691944759360464,0.2924813388858331,1.2214027581601699,Low,0.29248133888583305,Base
186:00,0.8508682328907042,0.17142857142857126,0.5576923076923077,0.5266630373371944,0.4811351850396792,1.652562665898715,Medium,0.4811351850396791,Base
186:30,0.8508682328907042,0.17142857142857126,0.5615384615384615,0.5279450886192457,0.48286595427044854,1.6585835472192427,Medium,0.4828659542704484,Base
187:00,0.8508682328907042,0.17142857142857126,0.5653846153846154,0.529227139901297,0.48459672350121774,1.6646263647801471,Medium,0.48459672350121763,Base
187:30,0.8508682328907042,0.17142857142857126,0.5653846153846154,0.529227139901297,0.48459672350121774,1.6646263647801471,Medium,0.48459672350121763,Base
188:00,0.8508682328907042,0.17142857142857126,0.55,0.5240989347730919,0.4776736465781408,1.6405863937418503,Medium,0.4776736465781407,Base
188:30,0.8621041879468834,0.17142857142857126,0.5423076923076924,0.525280150561049,0.47645929912783813,1.628696914720118,Medium,0.47645929912783813,Base
189:00,0.8621041879468834,0.17142857142857126,0.5538461538461539,0.5291263044072029,0.48165160682014585,1.6465636411870606,Medium,0.48165160682014574,Base
189:30,0.8621041879468834,0.17142857142857126,0.11153846153846153,0.3816904069713054,0.2826131452816843,1.2214027581601699,Low,0.28261314528168424,Base
190:00,0.8621041879468834,0.17142857142857126,0.4192307692307693,0.484254509535408,0.4210746837432228,1.4497695246425426,Medium,0.4210746837432227,Base
190:30,0.8621041879468834,0.17142857142857126,0.31153846153846154,0.44835707363797206,0.3726131452816843,1.3094090019959668,Low,0.3726131452816842,Base
191:00,0.8733401430030625,0.17142857142857126,0.05384615384615388,0.3662049560925959,0.2588987978313817,1.2214027581601699,Low,0.25889879783138164,Base
191:30,0.8733401430030625,0.17142857142857126,0.39230769230769236,0.47902546891310865,0.411206490139074,1.4133283002605355,Medium,0.41120649013907395,Base
192:00,0.8733401430030625,0.17142857142857126,0.4115384615384615,0.48543572532336504,0.41986033629292013,1.4392629128509682,Medium,0.4198603362929201,Base
192:30,0.8733401430030625,0.17142857142857126,0.4192307692307693,0.4879998278874677,0.42332187475445865,1.4497695246425426,Medium,0.42332187475445854,Base
193:00,0.8733401430030625,0.17142857142857126,0.08461538461538465,0.3764613663490062,0.27274495167753554,1.2214027581601699,Low,0.2727449516775355,Base
193:30,0.8733401430030625,0.17142857142857126,0.4538461538461539,0.49953828942592926,0.43889879783138175,1.4980065385404986,Medium,0.43889879783138164,Base
194:00,0.8733401430030625,0.17142857142857126,0.46153846153846156,0.5021023919900318,0.44236033629292015,1.5089419784946267,Medium,0.44236033629292004,Base
194:30,0.8733401430030625,0.17142857142857126,0.09999999999999998,0.3815895714772113,0.27966802860061246,1.2214027581601699,Low,0.27966802860061235,Base
195:00,0.8733401430030625,0.17142857142857126,0.11153846153846153,0.3854357253233651,0.2848603362929201,1.2214027581601699,Low,0.28486033629292007,Base
195:30,0.8733401430030625,0.17142857142857126,0.5,0.5149229048105446,0.4596680286006124,1.5648283270614634,Medium,0.4596680286006124,Base
196:00,0.8845760980592434,0.17142857142857126,0.11923076923076925,0.391745146239528,0.2905690657656948,1.2214027581601699,Low,0.29056906576569475,Base
196:30,0.8733401430030625,0.17142857142857126,0.5192307692307693,0.521333161220801,0.46832187475445863,1.5935429692471417,Medium,0.4683218747544585,Base
197:00,0.8845760980592434,0.17142857142857126,0.12692307692307692,0.39430924880363055,0.29403060422723326,1.2214027581601699,Low,0.2940306042272332,Base
197:30,0.8845760980592434,0.17142857142857126,0.5346153846153846,0.5302066847010664,0.4774921426887717,1.6168935998357616,Medium,0.4774921426887716,Base
198:00,0.8845760980592434,0.17142857142857126,0.5384615384615384,0.5314887359831176,0.4792229119195409,1.6227845258946765,Medium,0.47922291191954086,Base
198:30,0.8845760980592434,0.17142857142857126,0.5153846153846154,0.52379642829081,0.4688382965349256,1.5877581939712233,Medium,0.4688382965349255,Base
199:00,0.8845760980592434,0.17142857142857126,0.40384615384615385,0.4866169411113228,0.4186459888426179,1.4288324434320003,Medium,0.4186459888426178,Base
199:30,0.8845760980592434,0.17142857142857126,0.03076923076923077,0.36225796675234845,0.2507613734580025,1.2214027581601699,Low,0.2507613734580024,Base
200:00,0.8845760980592434,0.17142857142857126,0.3615384615384616,0.47251437700875876,0.3996075273041564,1.37280144752473,Low,0.3996075273041563,Base
200:30,0.8845760980592434,0.17142857142857126,0.3884615384615385,0.4814887359831177,0.41172291191954097,1.408197728468069,Medium,0.4117229119195409,Base
201:00,0.8845760980592434,0.17142857142857126,0.0730769230769231,0.37636053085491256,0.26979983499646404,1.2214027581601699,Low,0.269799834996464,Base
201:30,0.8845760980592434,0.17142857142857126,0.42692307692307696,0.49430924880363053,0.42903060422723327,1.4603528346456482,Medium,0.42903060422723316,Base
202:00,0.8845760980592434,0.17142857142857126,0.08461538461538465,0.3802066847010665,0.2749921426887717,1.2214027581601699,Low,0.2749921426887717,Base
202:30,0.8845760980592434,0.17142857142857126,0.09615384615384615,0.38405283854722033,0.2801844503810794,1.2214027581601699,Low,0.2801844503810793,Base
203:00,0.8845760980592434,0.17142857142857126,0.4769230769230769,0.5109759154702972,0.45153060422723323,1.5310529271163233,Medium,0.4515306042272331,Base
203:30,0.8845760980592434,0.17142857142857126,0.48076923076923084,0.5122579667523485,0.4532613734580025,1.536631104670396,Medium,0.45326137345800244,Base
204:00,0.8845760980592434,0.17142857142857126,0.47307692307692306,0.5096938641882459,0.44979983499646403,1.525494999096918,Medium,0.4497998349964639,Base
204:30,0.8968335035750759,0.17142857142857126,0.43846153846153846,0.5022412044883952,0.4366743930227074,1.4763728346874128,Medium,0.4366743930227074,Base
205:00,0.8968335035750759,0.17142857142857126,0.09615384615384615,0.3881386403858311,0.2826359314842459,1.2214027581601699,Low,0.2826359314842458,Base
205:30,0.8968335035750759,0.17142857142857126,0.10384615384615387,0.3907027429499337,0.28609746994578433,1.2214027581601699,Low,0.28609746994578433,Base
206:00,0.8968335035750759,0.17142857142857126,0.10384615384615387,0.3907027429499337,0.28609746994578433,1.2214027581601699,Low,0.28609746994578433,Base
206:30,0.8968335035750759,0.17142857142857126,0.4884615384615385,0.5189078711550619,0.45917439302270746,1.5478485037567447,Medium,0.45917439302270735,Base
207:00,0.8968335035750759,0.17142857142857126,0.4423076923076923,0.5035232557704464,0.4384051622534766,1.4817517929598787,Medium,0.4384051622534766,Base
207:30,0.8968335035750759,0.17142857142857126,0.08846153846153848,0.38557453782172857,0.2791743930227074,1.2214027581601699,Low,0.2791743930227074,Base
208:00,0.908069458631255,0.17142857142857126,0.46153846153846156,0.5136788305327626,0.44930619941855865,1.5089419784946267,Medium,0.44930619941855854,Base
208:30,0.8968335035750759,0.17142857142857126,0.4653846153846154,0.5112155634627542,0.448789777638092,1.5144395978948193,Medium,0.4487897776380919,Base
209:00,0.908069458631255,0.17142857142857126,0.46923076923076923,0.5162429330968652,0.45276773788009705,1.5199572471036462,Medium,0.45276773788009705,Base
209:30,0.908069458631255,0.17142857142857126,0.48076923076923084,0.520089086943019,0.4579600455724048,1.536631104670396,Medium,0.4579600455724048,Base
210:00,0.8968335035750759,0.17142857142857126,0.4884615384615385,0.5189078711550619,0.45917439302270746,1.5478485037567447,Medium,0.45917439302270735,Base
210:30,0.908069458631255,0.17142857142857126,0.49615384615384617,0.5252172920712241,0.4648831224954817,1.559147789798186,Medium,0.4648831224954816,Base
211:00,0.908069458631255,0.17142857142857126,0.5038461538461538,0.5277813946353267,0.4683446609570202,1.5705295605690675,Medium,0.4683446609570201,Base
211:30,0.908069458631255,0.17142857142857126,0.11923076923076925,0.3995762664301985,0.2952677378800971,1.2214027581601699,Low,0.2952677378800971,Base
212:00,0.908069458631255,0.17142857142857126,0.5192307692307693,0.5329095997635318,0.47526773788009713,1.5935429692471417,Medium,0.475267737880097,Base
212:30,0.908069458631255,0.17142857142857126,0.5230769230769231,0.5341916510455831,0.47699850711086633,1.599348820544031,Medium,0.4769985071108662,Base
213:00,0.908069458631255,0.17142857142857126,0.5307692307692308,0.5367557536096856,0.48046004557240474,1.6110240586306448,Medium,0.48046004557240474,Base
213:30,0.908069458631255,0.17142857142857126,0.5346153846153846,0.5380378048917369,0.48219081480317405,1.6168935998357616,Medium,0.48219081480317394,Base
214:00,0.908069458631255,0.17142857142857126,0.5384615384615384,0.5393198561737882,0.48392158403394325,1.6227845258946765,Medium,0.48392158403394314,Base
214:30,0.908069458631255,0.17142857142857126,0.5423076923076924,0.5406019074558396,0.48565235326471246,1.628696914720118,Medium,0.48565235326471246,Base
215:00,0.908069458631255,0.17142857142857126,0.5461538461538462,0.5418839587378909,0.48738312249548177,1.6346308445086788,Medium,0.48738312249548166,Base
215:30,0.908069458631255,0.17142857142857126,0.55,0.5431660100199421,0.48911389172625097,1.6405863937418503,Medium,0.48911389172625086,Base
216:00,0.908069458631255,0.17142857142857126,0.1423076923076923,0.40726857412250617,0.3056523532647125,1.2214027581601699,Low,0.3056523532647124,Base
216:30,0.908069458631255,0.17142857142857126,0.1461538461538462,0.40855062540455744,0.3073831224954817,1.2214027581601699,Low,0.30738312249548166,Base
217:00,0.9193054136874359,0.17142857142857126,0.5730769230769232,0.5546036360643102,0.5017456981221026,1.6767781286007823,Medium,0.5017456981221025,Base
217:30,0.908069458631255,0.17142857142857126,0.576923076923077,0.5521403689943011,0.5012292763416356,1.682887235578382,Medium,0.5012292763416355,Base
218:00,0.908069458631255,0.17142857142857126,0.5807692307692308,0.5534224202763524,0.5029600455724048,1.68901860023422,Medium,0.5029600455724047,Base
218:30,0.908069458631255,0.17142857142857126,0.5846153846153846,0.5547044715584036,0.504690814803174,1.6951723036610393,Medium,0.5046908148031739,Base
219:00,0.908069458631255,0.17142857142857126,0.5884615384615385,0.5559865228404549,0.5064215840339432,1.7013484272470327,Medium,0.5064215840339431,Base
219:30,0.9193054136874359,0.17142857142857126,0.5923076923076923,0.5610138924745666,0.5103995442759487,1.7075470526769196,Medium,0.5103995442759486,Base
220:00,0.9193054136874359,0.17142857142857126,0.5961538461538461,0.5622959437566178,0.5121303135067179,1.7137682619330261,Medium,0.5121303135067178,Base
220:30,0.9193054136874359,0.17142857142857126,0.6,0.5635779950386691,0.5138610827374872,1.7200121372963695,Medium,0.513861082737487,Base
221:00,0.9193054136874359,0.17142857142857126,0.6038461538461539,0.5648600463207204,0.5155918519682564,1.7262787613477468,Medium,0.5155918519682563,Base
221:30,0.908069458631255,0.0,0.6038461538461539,0.503971870825803,0.4533446609570203,1.7262787613477468,Medium,0.4533446609570201,Base
222:00,0.9193054136874359,0.0,0.6115384615384616,0.5102812917419658,0.4590533904297949,1.7388805873432442,Medium,0.4590533904297947,Base
222:30,0.9193054136874359,0.0,0.6153846153846154,0.5115633430240171,0.46078415966056413,1.7452159559577047,Medium,0.46078415966056396,Base
223:00,0.9193054136874359,0.0,0.6192307692307693,0.5128453943060683,0.4625149288913334,1.7515744066030838,Medium,0.46251492889133317,Base
223:30,0.9193054136874359,0.0,0.16923076923076924,0.3628453943060684,0.2600149288913334,1.2214027581601699,Low,0.2600149288913332,Base
224:00,0.9193054136874359,0.0,0.6230769230769231,0.5141274455881196,0.4642456981221026,1.7579560233755385,Medium,0.4642456981221024,Base
224:30,0.930541368743615,0.0,0.17692307692307696,0.36915481522223065,0.26572365836410766,1.2214027581601699,Low,0.2657236583641075,Base
225:00,0.930541368743615,0.0,0.1076923076923077,0.3460778921453076,0.2345698122102615,1.2214027581601699,Low,0.23456981221026135,Base
225:30,0.930541368743615,0.0,0.48076923076923084,0.47043686650428196,0.40245442759487693,1.536631104670396,Medium,0.4024544275948767,Base
226:00,0.930541368743615,0.0,0.49230769230769234,0.4742830203504358,0.40764673528718454,1.5534878736490858,Medium,0.4076467352871844,Base
226:30,0.930541368743615,0.0,0.5192307692307693,0.48325737932479473,0.4197621199025692,1.5935429692471417,Medium,0.41976211990256906,Base
227:00,0.930541368743615,0.0,0.5346153846153846,0.48838558445299984,0.4266851968256461,1.6168935998357616,Medium,0.42668519682564593,Base
227:30,0.930541368743615,0.0,0.5423076923076924,0.49094968701710245,0.4301467352871846,1.628696914720118,Medium,0.4301467352871844,Base
228:00,0.9427987742594475,0.0,0.55,0.49759959141981586,0.4360597548518895,1.6405863937418503,Medium,0.43605975485188936,Base
228:30,0.9427987742594475,0.0,0.5576923076923077,0.5001636939839184,0.43952129331342793,1.652562665898715,Medium,0.4395212933134278,Base
229:00,0.9427987742594475,0.0,0.5615384615384615,0.5014457452659696,0.44125206254419724,1.6585835472192427,Medium,0.441252062544197,Base
229:30,0.9427987742594475,0.0,0.15000000000000002,0.36426625808648244,0.25605975485188953,1.2214027581601699,Low,0.25605975485188937,Base
230:00,0.9427987742594475,0.0,0.15384615384615385,0.3655483093685337,0.25779052408265873,1.2214027581601699,Low,0.2577905240826586,Base
230:30,0.9427987742594475,0.0,0.5884615384615385,0.5104201042403287,0.45336744715958177,1.7013484272470327,Medium,0.45336744715958166,Base
231:00,0.9427987742594475,0.0,0.5923076923076923,0.51170215552238,0.4550982163903511,1.7075470526769196,Medium,0.45509821639035086,Base
231:30,0.9540347293156284,0.0,0.16153846153846152,0.3718577302846966,0.26349925355543335,1.2214027581601699,Low,0.26349925355543324,Base
232:00,0.9540347293156284,0.0,0.6038461538461539,0.5192936277205941,0.46253771509389496,1.7262787613477468,Medium,0.4625377150938948,Base
232:30,0.9540347293156284,0.0,0.6076923076923078,0.5205756790026453,0.46426848432466417,1.7325682169688263,Medium,0.464268484324664,Base
233:00,0.9540347293156284,0.0,0.16923076923076924,0.3744218328487992,0.26696079201697187,1.2214027581601699,Low,0.2669607920169717,Base
233:30,0.9540347293156284,0.0,0.6038461538461539,0.5192936277205941,0.46253771509389496,1.7262787613477468,Medium,0.4625377150938948,Base
234:00,0.9540347293156284,0.0,0.5961538461538461,0.5167295251564915,0.45907617663235645,1.7137682619330261,Medium,0.4590761766323563,Base
234:30,0.9540347293156284,0.0,0.6038461538461539,0.5192936277205941,0.46253771509389496,1.7262787613477468,Medium,0.4625377150938948,Base
235:00,0.9540347293156284,0.0,0.6115384615384616,0.5218577302846966,0.4659992535554334,1.7388805873432442,Medium,0.4659992535554332,Base
235:30,0.9652706843718075,0.0,0.6115384615384616,0.5256030486367563,0.46824644456666925,1.7388805873432442,Medium,0.46824644456666903,Base
236:00,0.9652706843718075,0.0,0.16923076923076924,0.3781671512008589,0.2692079830282077,1.2214027581601699,Low,0.26920798302820753,Base
236:30,0.9652706843718075,0.0,0.6192307692307693,0.5281671512008589,0.4717079830282077,1.7515744066030838,Medium,0.4717079830282075,Base
237:00,0.9652706843718075,0.0,0.6230769230769231,0.5294492024829102,0.4734387522589769,1.7579560233755385,Medium,0.47343875225897675,Base
237:30,0.9652706843718075,0.0,0.6269230769230769,0.5307312537649614,0.4751695214897461,1.7643608906776176,Medium,0.47516952148974595,Base
238:00,0.9652706843718075,0.0,0.6307692307692309,0.5320133050470127,0.47690029072051543,1.7707890932193797,Medium,0.4769002907205152,Base
238:30,0.9652706843718075,0.0,0.6346153846153847,0.533295356329064,0.47863105995128463,1.7772407160195116,Medium,0.47863105995128447,Base
239:00,0.9652706843718075,0.0,0.6346153846153847,0.533295356329064,0.47863105995128463,1.7772407160195116,Medium,0.47863105995128447,Base
239:30,0.9765066394279867,0.0,0.15000000000000002,0.3755022131426622,0.26280132788559735,1.2214027581601699,Low,0.26280132788559724,Base
240:00,0.9765066394279867,0.0,0.5,0.4921688798093289,0.4203013278855974,1.5648283270614634,Medium,0.42030132788559715,Base
240:30,0.9765066394279867,0.0,0.3846153846153847,0.4537073413477904,0.36837825096252047,1.4030857813411615,Low,0.3683782509625203,Base
241:00,0.9765066394279867,0.0,0.32307692307692315,0.43319452083496995,0.34068594327021273,1.3237731554861418,Low,0.3406859432702126,Base
241:30,0.9765066394279867,0.0,0.3192307692307692,0.4319124695529186,0.33895517403944353,1.3189676809124637,Low,0.3389551740394433,Base
242:00,0.9765066394279867,0.0,0.35,0.4421688798093289,0.35280132788559737,1.357905292075394,Low,0.35280132788559715,Base
242:30,0.9765066394279867,0.0,0.0692307692307692,0.3485791362195853,0.22645517403944349,1.2214027581601699,Low,0.22645517403944337,Base
243:00,0.9765066394279867,0.0,0.08076923076923076,0.35242529006573914,0.23164748173175118,1.2214027581601699,Low,0.23164748173175106,Base
243:30,0.9765066394279867,0.0,0.43846153846153846,0.4716560592965084,0.3926090201932897,1.4763728346874128,Medium,0.39260902019328947,Base
244:00,0.9765066394279867,0.0,0.09615384615384615,0.3575534951939443,0.23857055865482812,1.2214027581601699,Low,0.23857055865482799,Base
244:30,0.9765066394279867,0.0,0.10384615384615387,0.36011759775804686,0.24203209711636658,1.2214027581601699,Low,0.24203209711636647,Base
245:00,0.9765066394279867,0.0,0.4884615384615385,0.48832272596317505,0.41510902019328966,1.5478485037567447,Medium,0.41510902019328955,Base
245:30,0.9887640449438209,0.0,0.49615384615384617,0.494972630365889,0.42102203975799496,1.559147789798186,Medium,0.4210220397579948,Base
246:00,0.9887640449438209,0.0,0.11153846153846153,0.3667675021607608,0.2479451166810719,1.2214027581601699,Low,0.24794511668107175,Base
246:30,0.9765066394279867,0.0,0.5076923076923078,0.49473298237343144,0.42376286634713584,1.576251565724875,Medium,0.42376286634713567,Base
247:00,0.9887640449438209,0.0,0.5153846153846154,0.5013828867761454,0.42967588591184114,1.5877581939712233,Medium,0.42967588591184097,Base
247:30,0.9887640449438209,0.0,0.11923076923076925,0.36933160472486337,0.25140665514261035,1.2214027581601699,Low,0.25140665514261024,Base
248:00,0.9887640449438209,0.0,0.5153846153846154,0.5013828867761454,0.42967588591184114,1.5877581939712233,Medium,0.42967588591184097,Base
248:30,0.9887640449438209,0.0,0.5192307692307693,0.5026649380581967,0.43140665514261034,1.5935429692471417,Medium,0.43140665514261023,Base
249:00,0.9887640449438209,0.0,0.042307692307692324,0.34369057908383777,0.21679127052722574,1.2214027581601699,Low,0.2167912705272256,Base
249:30,0.9887640449438209,0.0,0.36923076923076925,0.4526649380581967,0.36390665514261034,1.3828228909644718,Low,0.3639066551426102,Base
250:00,0.9887640449438209,0.0,0.3307692307692308,0.4398444252376839,0.3465989628349181,1.3334366926485426,Low,0.34659896283491787,Base
250:30,0.9887640449438209,0.0,0.29230769230769227,0.427023912417171,0.32929127052722573,1.2858142752188257,Low,0.32929127052722557,Base
251:00,0.9887640449438209,0.0,0.33461538461538465,0.4411264765197352,0.3483297320656873,1.338294883046126,Low,0.3483297320656871,Base
251:30,0.9887640449438209,0.0,0.05769230769230771,0.3488187842120429,0.22371434745030266,1.2214027581601699,Low,0.22371434745030253,Base
252:00,0.9887640449438209,0.0,0.3961538461538462,0.46163929703255563,0.376022039757995,1.4184775645749295,Medium,0.3760220397579948,Base
252:30,0.9887640449438209,0.0,0.4076923076923077,0.46548545087870946,0.38121434745030264,1.434038194927146,Medium,0.38121434745030247,Base
253:00,0.9887640449438209,0.0,0.02692307692307694,0.33856237395563255,0.2098681936041488,1.2214027581601699,Low,0.20986819360414868,Base
253:30,1.0,0.0,0.35769230769230775,0.45256410256410257,0.3609615384615385,1.3678179936576922,Low,0.36096153846153833,Base
254:00,1.0,0.0,0.0692307692307692,0.3564102564102564,0.23115384615384615,1.2214027581601699,Low,0.23115384615384604,Base
254:30,1.0,0.0,0.4192307692307693,0.4730769230769231,0.38865384615384624,1.4497695246425426,Medium,0.388653846153846,Base
255:00,0.9887640449438209,0.0,0.08076923076923076,0.35651109190435054,0.23409896283491802,1.2214027581601699,Low,0.2340989628349179,Base
255:30,1.0,0.0,0.4423076923076923,0.4807692307692308,0.39903846153846156,1.4817517929598787,Medium,0.3990384615384614,Base
256:00,1.0,0.0,0.4423076923076923,0.4807692307692308,0.39903846153846156,1.4817517929598787,Medium,0.3990384615384614,Base
256:30,1.0,0.0,0.4346153846153846,0.4782051282051282,0.3955769230769231,1.471013402756831,Medium,0.39557692307692294,Base
257:00,1.0,0.0,0.4423076923076923,0.4807692307692308,0.39903846153846156,1.4817517929598787,Medium,0.3990384615384614,Base
257:30,1.0,0.0,0.4538461538461539,0.48461538461538467,0.4042307692307693,1.4980065385404986,Medium,0.4042307692307691,Base
258:00,1.0,0.0,0.4653846153846154,0.4884615384615385,0.40942307692307695,1.5144395978948193,Medium,0.4094230769230768,Base
258:30,1.0,0.0,0.046153846153846156,0.34871794871794876,0.22076923076923077,1.2214027581601699,Low,0.22076923076923066,Base
259:00,1.0,0.0,0.39230769230769236,0.46410256410256406,0.3765384615384616,1.4133283002605355,Medium,0.37653846153846143,Base
259:30,1.0,0.0,0.42307692307692313,0.4743589743589744,0.39038461538461544,1.4550515574695666,Medium,0.3903846153846153,Base
260:00,1.0,0.0,0.4346153846153846,0.4782051282051282,0.3955769230769231,1.471013402756831,Medium,0.39557692307692294,Base
260:30,1.0,0.0,0.44615384615384623,0.4820512820512821,0.4007692307692308,1.4871503487157294,Medium,0.40076923076923066,Base
261:00,1.0,0.0,0.4538461538461539,0.48461538461538467,0.4042307692307693,1.4980065385404986,Medium,0.4042307692307691,Base
261:30,1.0,0.0,0.09615384615384615,0.3653846153846154,0.2432692307692308,1.2214027581601699,Low,0.24326923076923065,Base
262:00,0.9887640449438209,0.0,0.4769230769230769,0.4885623739556326,0.4123681936041488,1.5310529271163233,Medium,0.4123681936041486,Base
262:30,1.0,0.0,0.10384615384615387,0.367948717948718,0.24673076923076925,1.2214027581601699,Low,0.24673076923076914,Base
263:00,0.9887640449438209,0.0,0.48076923076923084,0.4898444252376839,0.4140989628349181,1.536631104670396,Medium,0.41409896283491787,Base
263:30,1.0,0.0,0.4769230769230769,0.49230769230769234,0.4146153846153846,1.5310529271163233,Medium,0.41461538461538444,Base
264:00,0.9887640449438209,0.0,0.48461538461538467,0.4911264765197352,0.4158297320656873,1.5422296055354876,Medium,0.41582973206568713,Base
264:30,0.9887640449438209,0.0,0.46153846153846156,0.4834341688274275,0.40544511668107186,1.5089419784946267,Medium,0.40544511668107175,Base
265:00,0.9887640449438209,0.0,0.08461538461538465,0.3577931431864019,0.23582973206568728,1.2214027581601699,Low,0.23582973206568716,Base
265:30,0.9887640449438209,0.0,0.09999999999999998,0.362921348314607,0.24275280898876417,1.2214027581601699,Low,0.24275280898876406,Base
266:00,0.9887640449438209,0.0,0.48076923076923084,0.4898444252376839,0.4140989628349181,1.536631104670396,Medium,0.41409896283491787,Base
266:30,0.9887640449438209,0.0,0.48076923076923084,0.4898444252376839,0.4140989628349181,1.536631104670396,Medium,0.41409896283491787,Base
267:00,0.9887640449438209,0.0,0.44615384615384623,0.4783059636992224,0.398522039757995,1.4871503487157294,Medium,0.39852203975799483,Base
267:30,0.9887640449438209,0.0,0.42307692307692313,0.4706136560069147,0.3881374243733796,1.4550515574695666,Medium,0.38813742437337945,Base
268:00,0.9887640449438209,0.0,0.09230769230769231,0.36035724575050443,0.23929127052722574,1.2214027581601699,Low,0.2392912705272256,Base
268:30,0.9887640449438209,0.0,0.10384615384615387,0.36420339959665826,0.24448357821953343,1.2214027581601699,Low,0.24448357821953332,Base
269:00,0.9765066394279867,0.0,0.48076923076923084,0.4857586233990725,0.41164748173175125,1.536631104670396,Medium,0.41164748173175103,Base
269:30,0.9765066394279867,0.0,0.46923076923076923,0.48191246955291867,0.40645517403944353,1.5199572471036462,Medium,0.4064551740394433,Base
270:00,0.9765066394279867,0.0,0.47307692307692306,0.48319452083496994,0.40818594327021274,1.525494999096918,Medium,0.40818594327021257,Base
270:30,0.9765066394279867,0.0,0.48461538461538467,0.4870406746811238,0.41337825096252045,1.5422296055354876,Medium,0.4133782509625203,Base
271:00,0.9765066394279867,0.0,0.11153846153846153,0.3626817003221494,0.24549363557790504,1.2214027581601699,Low,0.2454936355779049,Base
271:30,0.9765066394279867,0.0,0.5076923076923078,0.49473298237343144,0.42376286634713584,1.576251565724875,Medium,0.42376286634713567,Base
272:00,0.9765066394279867,0.0,0.5115384615384616,0.4960150336554827,0.4254936355779051,1.5819944182074854,Medium,0.42549363557790487,Base
272:30,0.9765066394279867,0.0,0.5076923076923078,0.49473298237343144,0.42376286634713584,1.576251565724875,Medium,0.42376286634713567,Base
273:00,0.9765066394279867,0.0,0.11538461538461542,0.3639637516042007,0.24722440480867428,1.2214027581601699,Low,0.24722440480867416,Base
273:30,0.9765066394279867,0.0,0.5,0.4921688798093289,0.4203013278855974,1.5648283270614634,Medium,0.42030132788559715,Base
274:00,0.9765066394279867,0.0,0.11538461538461542,0.3639637516042007,0.24722440480867428,1.2214027581601699,Low,0.24722440480867416,Base
274:30,0.9652706843718075,0.0,0.5153846153846154,0.4935517665854743,0.42497721379743847,1.5877581939712233,Medium,0.4249772137974383,Base
275:00,0.9765066394279867,0.0,0.5230769230769231,0.49986118750163655,0.43068594327021276,1.599348820544031,Medium,0.4306859432702126,Base
275:30,0.9652706843718075,0.0,0.5269230769230769,0.4973979204316281,0.43016952148974613,1.6051758246494305,Medium,0.43016952148974597,Base
276:00,0.9652706843718075,0.0,0.11153846153846153,0.3589363819700897,0.24324644456666922,1.2214027581601699,Low,0.24324644456666908,Base
276:30,0.9652706843718075,0.0,0.49615384615384617,0.4871415101752179,0.4163233676435923,1.559147789798186,Medium,0.4163233676435921,Base
277:00,0.9652706843718075,0.0,0.49615384615384617,0.4871415101752179,0.4163233676435923,1.559147789798186,Medium,0.4163233676435921,Base
277:30,0.9652706843718075,0.0,0.5076923076923078,0.49098766402137173,0.4215156753359,1.576251565724875,Medium,0.42151567533589984,Base
278:00,0.9652706843718075,0.0,0.5192307692307693,0.49483381786752556,0.42670798302820767,1.5935429692471417,Medium,0.42670798302820756,Base
278:30,0.9652706843718075,0.0,0.12692307692307692,0.3640645870982948,0.25016952148974614,1.2214027581601699,Low,0.250169521489746,Base
279:00,0.9652706843718075,0.0,0.5346153846153846,0.49996202299573067,0.4336310599512846,1.6168935998357616,Medium,0.4336310599512844,Base
279:30,0.9652706843718075,0.0,0.13076923076923075,0.3653466383803461,0.25190029072051534,1.2214027581601699,Low,0.25190029072051523,Base
280:00,0.9765066394279867,0.0,0.5461538461538462,0.5075534951939443,0.44107055865482814,1.6346308445086788,Medium,0.44107055865482797,Base
280:30,0.9765066394279867,0.0,0.55,0.5088355464759956,0.44280132788559734,1.6405863937418503,Medium,0.44280132788559723,Base
281:00,0.9765066394279867,0.0,0.55,0.5088355464759956,0.44280132788559734,1.6405863937418503,Medium,0.44280132788559723,Base
281:30,0.9765066394279867,0.0,0.5538461538461539,0.5101175977580469,0.4445320971163666,1.6465636411870606,Medium,0.44453209711636643,Base
282:00,0.9652706843718075,0.0,0.5615384615384615,0.5089363819700897,0.44574644456666923,1.6585835472192427,Medium,0.44574644456666906,Base
282:30,0.9765066394279867,0.0,0.5615384615384615,0.5126817003221494,0.44799363557790506,1.6585835472192427,Medium,0.4479936355779049,Base
283:00,0.9652706843718075,0.0,0.5538461538461539,0.5063722794059872,0.44228490610513077,1.6465636411870606,Medium,0.4422849061051306,Base
283:30,0.0,0.0,0.7439024390243905,0.24796747967479682,0.33475609756097574,1.568312185490169,Low,0.3347560975609758,After_Lunch
284:00,0.020646319569119775,0.0,0.7439024390243905,0.25484958619783676,0.3388853614747997,1.568312185490169,Low,0.33888536147479975,After_Lunch
284:30,0.030520646319568634,0.0,0.75609756097561,0.2622060690983929,0.34634803170293826,1.568312185490169,Low,0.3463480317029383,After_Lunch
285:00,0.05026929982046635,0.0,0.7682926829268295,0.2728539942490986,0.35578556728116656,1.568312185490169,Low,0.3557855672811666,After_Lunch
285:30,0.07091561938958701,0.0,0.7682926829268295,0.27973610077213884,0.35991483119499074,1.568312185490169,Low,0.3599148311949908,After_Lunch
286:00,0.08078994614003587,0.0,0.7317073170731709,0.2708324210710689,0.3454262819109341,1.568312185490169,Low,0.34542628191093416,After_Lunch
286:30,0.09066427289048473,0.0,0.6951219512195124,0.26192874136999905,0.33093773262687753,1.5407574127057606,Low,0.3309377326268776,After_Lunch
287:00,0.1005385996409327,0.5882352941176467,0.7073170731707319,0.4653636556431038,0.5442827557961922,2.211796866408594,Medium,0.5442827557961921,After_Lunch
287:30,0.1113105924596054,0.5882352941176467,0.7073170731707319,0.4689543199159947,0.5464371543599268,2.211796866408594,Medium,0.5464371543599267,After_Lunch
288:00,0.12118491921005337,0.5882352941176467,0.6829268292682928,0.464115680865331,0.5374364099539188,2.1613715499328716,Medium,0.5374364099539187,After_Lunch
288:30,0.13105924596050222,0.5882352941176467,0.6707317073170733,0.4633420824650741,0.5339234704259598,2.136591649175491,Medium,0.5339234704259598,After_Lunch
289:00,0.14093357271095108,0.5882352941176467,0.6951219512195124,0.47476360601603673,0.5468739455321472,2.186438844625253,Medium,0.5468739455321472,After_Lunch
289:30,0.1517055655296229,0.5882352941176467,0.7195121951219514,0.48648435158974035,0.5600039538519791,2.225540928492468,Medium,0.5600039538519791,After_Lunch
290:00,0.16157989228007175,0.5882352941176467,0.7317073170731709,0.4938408344902965,0.5674666240801176,2.225540928492468,Medium,0.5674666240801175,After_Lunch
290:30,0.1714542190305206,0.5882352941176467,0.7439024390243905,0.5011973173908526,0.5749292943082562,2.225540928492468,Medium,0.5749292943082562,After_Lunch
291:00,0.1714542190305206,0.5882352941176467,0.75609756097561,0.5052623580412591,0.580417099186305,2.225540928492468,Medium,0.5804170991863049,After_Lunch
291:30,0.1822262118491924,0.17647058823529438,0.7682926829268295,0.3756631610037721,0.4439416555692648,1.568312185490169,Low,0.44394165556926485,After_Lunch
292:00,0.19210053859964127,0.17647058823529438,0.7682926829268295,0.3789546032539217,0.4459165209193546,1.568312185490169,Low,0.44591652091935463,After_Lunch
292:30,0.20197486535009013,0.17647058823529438,0.7439024390243905,0.3741159642032583,0.4369157765133468,1.568312185490169,Low,0.43691577651334684,After_Lunch
293:00,0.20197486535009013,0.17647058823529438,0.7317073170731709,0.3700509235528518,0.431427971635298,1.568312185490169,Low,0.43142797163529806,After_Lunch
293:30,0.21184919210053899,0.17647058823529438,0.75609756097561,0.38147244710381445,0.4443784467414853,1.568312185490169,Low,0.4443784467414854,After_Lunch
294:00,0.21184919210053899,0.17647058823529438,0.7682926829268295,0.385537487754221,0.4498662516195341,1.568312185490169,Low,0.4498662516195342,After_Lunch
294:30,0.2226211849192099,0.17647058823529438,0.7682926829268295,0.38912815202711126,0.4520206501832683,1.568312185490169,Low,0.45202065018326837,After_Lunch
295:00,0.23249551166965876,0.41176470588235325,0.780487804878049,0.474916007476687,0.5418362615878775,1.9035130168953396,Medium,0.5418362615878775,After_Lunch
295:30,0.23249551166965876,0.41176470588235325,0.7926829268292686,0.4789810481270935,0.5473240664659262,1.9035130168953396,Medium,0.5473240664659262,After_Lunch
296:00,0.24236983842010673,0.41176470588235325,0.7926829268292686,0.48227249037724285,0.5492989318160159,1.9035130168953396,Medium,0.5492989318160159,After_Lunch
296:30,0.2522441651705556,0.41176470588235325,0.7317073170731709,0.4652387293753599,0.5238347727758617,1.9035130168953396,Medium,0.5238347727758617,After_Lunch
297:00,0.26211849192100445,0.41176470588235325,0.6341463414634148,0.4360098464222575,0.4819071991015612,1.766348301404738,Low,0.4819071991015612,After_Lunch
297:30,0.26211849192100445,0.41176470588235325,0.5975609756097562,0.42381472447103796,0.46544378446741486,1.706289165896438,Low,0.46544378446741486,After_Lunch
298:00,0.26211849192100445,0.41176470588235325,0.6219512195121952,0.43194480577185096,0.4764193942235124,1.7460973012409127,Low,0.4764193942235124,After_Lunch
298:30,0.27289048473967625,0.41176470588235325,0.6341463414634148,0.4396005106951481,0.48406159766529555,1.7736655488179753,Low,0.48406159766529555,After_Lunch
299:00,0.2827648114901251,0.5882352941176467,0.6097560975609757,0.4935854010562492,0.5368255591416404,2.0341427499998668,Medium,0.5368255591416404,After_Lunch
299:30,0.2827648114901251,0.5882352941176467,0.5975609756097562,0.4895203604058427,0.5313377542635916,2.010821514244307,Medium,0.5313377542635916,After_Lunch
300:00,0.29263913824057397,0.5882352941176467,0.6341463414634148,0.5050069246072119,0.5497760342478278,2.0895030288193883,Medium,0.5497760342478277,After_Lunch
300:30,0.29263913824057397,0.5882352941176467,0.6585365853658538,0.5131370059080248,0.5607516440039254,2.138251635466159,Medium,0.5607516440039253,After_Lunch
301:00,0.30251346499102283,0.5882352941176467,0.6707317073170733,0.5204934888085809,0.5682143142320639,2.171263275490767,Medium,0.5682143142320639,After_Lunch
301:30,0.30251346499102283,0.5882352941176467,0.6707317073170733,0.5204934888085809,0.5682143142320639,2.171263275490767,Medium,0.5682143142320639,After_Lunch
302:00,0.31328545780969463,0.5882352941176467,0.6463414634146343,0.5159540717806586,0.5593931030397007,2.130551636955911,Medium,0.5593931030397007,After_Lunch
302:30,0.31328545780969463,0.6470588235294121,0.5975609756097562,0.5193017523162876,0.5580301188216235,2.034512903717503,Medium,0.5580301188216233,After_Lunch
303:00,0.31328545780969463,0.6470588235294121,0.5731707317073171,0.5111716710154747,0.5470545090655259,1.9881293688631119,Medium,0.5470545090655258,After_Lunch
303:30,0.3231597845601435,0.6470588235294121,0.5365853658536586,0.5022679913144047,0.5325659597814693,1.9278209654669987,Medium,0.5325659597814693,After_Lunch
304:00,0.3231597845601435,0.6470588235294121,0.5,0.4900728693631852,0.5161025451473229,1.8622714583235636,Low,0.5161025451473229,After_Lunch
304:30,0.33303411131059235,0.6470588235294121,0.524390243902439,0.5014943929141479,0.5290530202535103,1.9129541683597384,Medium,0.5290530202535102,After_Lunch
305:00,0.33303411131059235,0.6470588235294121,0.5365853658536586,0.5055594335645544,0.5345408251315591,1.9351403518841688,Medium,0.534540825131559,After_Lunch
305:30,0.33303411131059235,0.6470588235294121,0.5609756097560976,0.5136895148653674,0.5455164348876567,1.9802876402676635,Medium,0.5455164348876566,After_Lunch
306:00,0.3429084380610412,0.6470588235294121,0.5853658536585367,0.52511103841633,0.5584669099938441,2.0341822235795175,Medium,0.558466909993844,After_Lunch
306:30,0.3429084380610412,1.0,0.5853658536585367,0.6427580972398593,0.6819963217585499,2.0341822235795175,Medium,0.6819963217585496,After_Lunch
307:00,0.353680430879713,1.0,0.5975609756097562,0.6504138021631564,0.6896385252003329,2.066298898358549,Medium,0.6896385252003328,After_Lunch
307:30,0.353680430879713,1.0,0.5975609756097562,0.6504138021631564,0.6896385252003329,2.066298898358549,Medium,0.6896385252003328,After_Lunch
308:00,0.353680430879713,1.0,0.6097560975609757,0.6544788428135629,0.6951263300783818,2.0902635533061478,Medium,0.6951263300783816,After_Lunch
308:30,0.3635547576301619,1.0,0.6219512195121952,0.6618353257141191,0.7025890003065202,2.1225343238898247,Medium,0.70258900030652,After_Lunch
309:00,0.3635547576301619,1.0,0.6341463414634148,0.6659003663645255,0.7080768051845691,2.147151189691215,Medium,0.708076805184569,After_Lunch
309:30,0.37342908438061073,1.0,0.6463414634146343,0.6732568492650817,0.7155394754127076,2.1803002264915734,Medium,0.7155394754127075,After_Lunch
310:00,0.37342908438061073,1.0,0.6219512195121952,0.6651267679642686,0.70456386565661,2.1305929813992854,Medium,0.7045638656566099,After_Lunch
310:30,0.38420107719928254,0.41176470588235325,0.5487804878048781,0.4482487569621713,0.46790908201087533,1.707531481254769,Low,0.46790908201087533,After_Lunch
311:00,0.38420107719928254,0.41176470588235325,0.5,0.43198859436054526,0.4459578624986802,1.630561199202035,Low,0.44595786249868014,After_Lunch
311:30,0.3940754039497314,0.41176470588235325,0.5121951219512195,0.4393450772611014,0.4534205327268187,1.6557348029319885,Low,0.4534205327268187,After_Lunch
312:00,0.3940754039497314,0.41176470588235325,0.5365853658536586,0.4474751585619144,0.4643961424829163,1.6943634928674636,Low,0.4643961424829163,After_Lunch
312:30,0.40394973070018025,0.41176470588235325,0.4878048780487805,0.434506438210438,0.4444197883208109,1.6241298177322652,Low,0.44441978832081086,After_Lunch
313:00,0.40394973070018025,0.41176470588235325,0.46341463414634143,0.426376356909625,0.43344417856471334,1.5871023396213175,Low,0.4334441785647133,After_Lunch
313:30,0.40394973070018025,0.41176470588235325,0.5121951219512195,0.442636519511251,0.4553953980769085,1.6620211557853413,Low,0.45539539807690843,After_Lunch
314:00,0.4138240574506291,0.5882352941176467,0.5365853658536586,0.5128815724739781,0.5301105790654486,1.996079617505667,Medium,0.5301105790654485,After_Lunch
314:30,0.4138240574506291,0.5882352941176467,0.5,0.5006864505227586,0.5136471644313022,1.9282091889283652,Medium,0.5136471644313021,After_Lunch
315:00,0.42459605026929914,0.5882352941176467,0.47560975609756095,0.49614703349483563,0.5048259532389386,1.8920548651273983,Medium,0.5048259532389385,After_Lunch
315:30,0.42459605026929914,0.5882352941176467,0.4878048780487805,0.5002120741452422,0.5103137581169874,1.913998661361681,Medium,0.5103137581169873,After_Lunch
316:00,0.434470377019748,0.5882352941176467,0.4878048780487805,0.5035035163953917,0.5122886234670772,1.9212655684320994,Medium,0.512288623467077,After_Lunch
316:30,0.434470377019748,0.5882352941176467,0.46341463414634143,0.4953734350945787,0.5013130137109796,1.8774638858302937,Low,0.5013130137109795,After_Lunch
317:00,0.44434470377019686,0.5882352941176467,0.46341463414634143,0.49866487734472836,0.5032878790610694,1.8845920807772478,Low,0.5032878790610693,After_Lunch
317:30,0.44434470377019686,0.5882352941176467,0.5121951219512195,0.5149250399463544,0.5252390985732646,1.9735538346094637,Medium,0.5252390985732645,After_Lunch
318:00,0.44434470377019686,0.47058823529411775,0.5365853658536586,0.48383943497265774,0.495038237741127,1.820790723781188,Low,0.4950382377411269,After_Lunch
318:30,0.4542190305206457,0.47058823529411775,0.5487804878048781,0.49119591787321387,0.5025009079692655,1.848901207569269,Low,0.5025009079692655,After_Lunch
319:00,0.4542190305206457,0.47058823529411775,0.5609756097560976,0.49526095852362034,0.5079887128473143,1.8703445135240822,Low,0.5079887128473142,After_Lunch
319:30,0.4640933572710946,0.47058823529411775,0.5731707317073171,0.5026174414241765,0.5154513830754529,1.8992200391069243,Medium,0.5154513830754528,After_Lunch
320:00,0.4640933572710946,0.47058823529411775,0.5853658536585367,0.506682482074583,0.5209391879535017,1.9212469360592082,Medium,0.5209391879535016,After_Lunch
320:30,0.4640933572710946,0.47058823529411775,0.5975609756097562,0.5107475227249895,0.5264269928315505,1.9435292979809828,Medium,0.5264269928315505,After_Lunch
321:00,0.4748653500897664,0.47058823529411775,0.5853658536585367,0.5102731463474736,0.523093586517236,1.9292058641833436,Medium,0.5230935865172359,After_Lunch
321:30,0.4748653500897664,0.47058823529411775,0.5487804878048781,0.4980780243962541,0.5066301718830897,1.8636092679014846,Low,0.5066301718830896,After_Lunch
322:00,0.48473967684021524,0.5882352941176467,0.5365853658536586,0.5365201122705069,0.5442937029433658,2.051150281350531,Medium,0.5442937029433657,After_Lunch
322:30,0.48473967684021524,0.5882352941176467,0.5487804878048781,0.5405851529209134,0.5497815078214146,2.0749392446884505,Medium,0.5497815078214144,After_Lunch
323:00,0.48473967684021524,0.5882352941176467,0.5609756097560976,0.5446501935713198,0.5552693126994633,2.0990041092033036,Medium,0.5552693126994632,After_Lunch
323:30,0.4946140035906641,0.5882352941176467,0.5609756097560976,0.5479416358214695,0.5572441780495532,2.106973429198102,Medium,0.5572441780495531,After_Lunch
324:00,0.4946140035906641,0.5882352941176467,0.5731707317073171,0.552006676471876,0.562731982927602,2.13140982184904,Medium,0.5627319829276018,After_Lunch
324:30,0.504488330341113,0.5882352941176467,0.5731707317073171,0.5552981187220256,0.5647068482776917,2.139502177093079,Medium,0.5647068482776916,After_Lunch
325:00,0.504488330341113,0.5882352941176467,0.5853658536585367,0.5593631593724321,0.5701946531557405,2.1643158337593054,Medium,0.5701946531557404,After_Lunch
325:30,0.5152603231597848,0.5294117647058822,0.6097560975609757,0.5514760618088809,0.5627364261814548,2.1134990547755614,Medium,0.5627364261814548,After_Lunch
326:00,0.5152603231597848,0.5294117647058822,0.6219512195121952,0.5555411024592875,0.5682242310595036,2.1380111307486973,Medium,0.5682242310595036,After_Lunch
326:30,0.5251346499102336,0.5294117647058822,0.6341463414634148,0.5628975853598436,0.5756869012876422,2.171019057713988,Medium,0.5756869012876422,After_Lunch
327:00,0.5251346499102336,0.5294117647058822,0.6463414634146343,0.56696262601025,0.581174706165691,2.1961982428958153,Medium,0.581174706165691,After_Lunch
327:30,0.5350089766606825,0.5294117647058822,0.6341463414634148,0.5661890276099931,0.5776617666377319,2.1792617979305824,Medium,0.5776617666377319,After_Lunch
328:00,0.5350089766606825,0.5294117647058822,0.6097560975609757,0.5580589463091802,0.5666861568816344,2.129578227294851,Medium,0.5666861568816344,After_Lunch
328:30,0.5350089766606825,0.5294117647058822,0.5853658536585367,0.5499288650083671,0.5557105471255368,2.081027360033014,Medium,0.5557105471255367,After_Lunch
329:00,0.5448833034111304,0.5294117647058822,0.5975609756097562,0.5572853479089229,0.5631732173536752,2.113155536600872,Medium,0.5631732173536752,After_Lunch
329:30,0.5448833034111304,0.5882352941176467,0.6097560975609757,0.5809582316965843,0.5892492575258416,2.2494126856312917,Medium,0.5892492575258415,After_Lunch
330:00,0.5556552962298031,0.5882352941176467,0.6219512195121952,0.5886139366198817,0.5968914609676249,2.28492752536926,Medium,0.5968914609676248,After_Lunch
330:30,0.5556552962298031,0.5882352941176467,0.6341463414634148,0.5926789772702882,0.6023792658456737,2.311427805541331,Medium,0.6023792658456736,After_Lunch
331:00,0.5655296229802511,0.5882352941176467,0.6463414634146343,0.6000354601708441,0.6098419360738121,2.3471130454793157,Medium,0.609841936073812,After_Lunch
331:30,0.5655296229802511,0.5882352941176467,0.6463414634146343,0.6000354601708441,0.6098419360738121,2.3471130454793157,Medium,0.609841936073812,After_Lunch
332:00,0.5754039497307,0.5882352941176467,0.6585365853658538,0.6073919430714002,0.6173046063019506,2.383349216035328,Medium,0.6173046063019505,After_Lunch
332:30,0.5754039497307,0.5882352941176467,0.6707317073170733,0.6114569837218067,0.6227924111799994,2.410990977654273,Medium,0.6227924111799994,After_Lunch
333:00,0.5754039497307,0.5882352941176467,0.6707317073170733,0.6114569837218067,0.6227924111799994,2.410990977654273,Medium,0.6227924111799994,After_Lunch
333:30,0.5861759425493718,0.35294117647058876,0.6829268292682928,0.5406813160960845,0.5480816734453122,1.987211806972687,Medium,0.5480816734453122,After_Lunch
334:00,0.5861759425493718,0.35294117647058876,0.6951219512195124,0.544746356746491,0.553569478323361,2.0102592205389067,Medium,0.553569478323361,After_Lunch
334:30,0.5960502692998206,0.35294117647058876,0.7073170731707319,0.5521028396470471,0.5610321485514995,2.0412948351709104,Medium,0.5610321485514996,After_Lunch
335:00,0.5960502692998206,0.35294117647058876,0.6951219512195124,0.5480377989966406,0.5555443436734508,2.0178916015002994,Medium,0.5555443436734507,After_Lunch
335:30,0.5960502692998206,0.35294117647058876,0.6463414634146343,0.5317776363950145,0.5335931241612557,1.926931237123774,Medium,0.5335931241612556,After_Lunch
336:00,0.6059245960502695,0.35294117647058876,0.6219512195121952,0.5269389973443511,0.5245923797552479,1.890149602092404,Medium,0.5245923797552479,After_Lunch
336:30,0.6059245960502695,0.35294117647058876,0.6463414634146343,0.5350690786451642,0.5355679895113454,1.9342472454961634,Medium,0.5355679895113454,After_Lunch
337:00,0.6059245960502695,0.35294117647058876,0.6585365853658538,0.5391341192955706,0.5410557943893942,1.9566803832471837,Medium,0.5410557943893942,After_Lunch
337:30,0.6157989228007184,0.35294117647058876,0.6829268292682928,0.5505556428465334,0.5540062694955815,2.0099324824802687,Medium,0.5540062694955815,After_Lunch
338:00,0.6157989228007184,0.35294117647058876,0.6951219512195124,0.5546206834969398,0.5594940743736303,2.03324340736576,Medium,0.5594940743736303,After_Lunch
338:30,0.6265709156193893,0.35294117647058876,0.6951219512195124,0.5582113477698302,0.5616484729373645,2.041666290356162,Medium,0.5616484729373645,After_Lunch
339:00,0.6265709156193893,0.35294117647058876,0.7073170731707319,0.5622763884202366,0.5671362778154133,2.0653452596501958,Medium,0.5671362778154133,After_Lunch
339:30,0.6364452423698381,0.35294117647058876,0.7195121951219514,0.5696328713207928,0.5745989480435518,2.086069528375294,Medium,0.5745989480435518,After_Lunch
340:00,0.6364452423698381,0.35294117647058876,0.7195121951219514,0.5696328713207928,0.5745989480435518,2.086069528375294,Medium,0.5745989480435518,After_Lunch
340:30,0.646319569120287,0.35294117647058876,0.7317073170731709,0.5769893542213489,0.5820616182716905,2.093989739455457,Medium,0.5820616182716905,After_Lunch
341:00,0.646319569120287,0.35294117647058876,0.7439024390243905,0.5810543948717554,0.5875494231497392,2.093989739455457,Medium,0.5875494231497392,After_Lunch
341:30,0.646319569120287,0.41176470588235325,0.7439024390243905,0.6006622380090102,0.6081376584438568,2.2072398608187362,Medium,0.6081376584438568,After_Lunch
342:00,0.6561938958707358,0.41176470588235325,0.75609756097561,0.6080187209095663,0.6156003286719953,2.215620121095032,Medium,0.6156003286719953,After_Lunch
342:30,0.6561938958707358,0.41176470588235325,0.7439024390243905,0.6039536802591599,0.6101125237939465,2.215620121095032,Medium,0.6101125237939465,After_Lunch
343:00,0.6660682226211838,0.41176470588235325,0.7439024390243905,0.6072451225093092,0.6120873891440362,2.2240321988296583,Medium,0.6120873891440362,After_Lunch
343:30,0.6660682226211838,0.41176470588235325,0.75609756097561,0.6113101631597156,0.6175751940220849,2.2240321988296583,Medium,0.6175751940220849,After_Lunch
344:00,0.6660682226211838,0.41176470588235325,0.7682926829268295,0.6153752038101222,0.6230629989001337,2.2240321988296583,Medium,0.6230629989001337,After_Lunch
344:30,0.6768402154398565,0.41176470588235325,0.7682926829268295,0.6189658680830131,0.6252173974638683,2.233245440544728,Medium,0.6252173974638683,After_Lunch
345:00,0.6768402154398565,0.5294117647058822,0.780487804878049,0.6622465950079293,0.6718816729301522,2.481340810478432,Medium,0.6718816729301522,After_Lunch
345:30,0.6867145421903045,0.5294117647058822,0.7926829268292686,0.6696030779084851,0.6793443431582906,2.490761753890667,Medium,0.6793443431582905,After_Lunch
346:00,0.6867145421903045,0.5294117647058822,0.8048780487804876,0.6736681185588914,0.6848321480363391,2.490761753890667,Medium,0.6848321480363392,After_Lunch
346:30,0.6965888689407533,0.5294117647058822,0.8170731707317072,0.6810246014594475,0.6922948182644777,2.5002184659383118,Medium,0.6922948182644777,After_Lunch
347:00,0.6965888689407533,0.5294117647058822,0.8170731707317072,0.6810246014594475,0.6922948182644777,2.5002184659383118,Medium,0.6922948182644777,After_Lunch
347:30,0.6965888689407533,0.5294117647058822,0.8292682926829267,0.6850896421098541,0.6977826231425265,2.5002184659383118,Medium,0.6977826231425265,After_Lunch
348:00,0.6965888689407533,0.5294117647058822,0.8414634146341462,0.6891546827602606,0.7032704280205753,2.5002184659383118,Medium,0.7032704280205753,After_Lunch
348:30,0.7064631956912022,0.5294117647058822,0.8414634146341462,0.6924461250104103,0.705245293370665,2.509711082424674,Medium,0.705245293370665,After_Lunch
349:00,0.7064631956912022,0.7058823529411766,0.8414634146341462,0.751269654422175,0.767009999253018,2.6409093885577994,High,0.767009999253018,After_Lunch
349:30,0.717235188509874,0.7058823529411766,0.8536585365853657,0.7589253593454721,0.7746522026948013,2.6518495793325467,High,0.7746522026948012,After_Lunch
350:00,0.717235188509874,0.7058823529411766,0.8658536585365852,0.7629903999958786,0.78014000757285,2.6518495793325467,High,0.7801400075728501,After_Lunch
350:30,0.717235188509874,0.7058823529411766,0.8658536585365852,0.7629903999958786,0.78014000757285,2.6518495793325467,High,0.7801400075728501,After_Lunch
351:00,0.717235188509874,0.7058823529411766,0.8780487804878048,0.7670554406462852,0.7856278124508989,2.6518495793325467,High,0.7856278124508987,After_Lunch
351:30,0.7271095152603229,0.7058823529411766,0.8780487804878048,0.7703468828964347,0.7876026778009886,2.661917895913305,High,0.7876026778009886,After_Lunch
352:00,0.7271095152603229,0.7058823529411766,0.8780487804878048,0.7703468828964347,0.7876026778009886,2.661917895913305,High,0.7876026778009886,After_Lunch
352:30,0.7271095152603229,0.7058823529411766,0.8780487804878048,0.7703468828964347,0.7876026778009886,2.661917895913305,High,0.7876026778009886,After_Lunch
353:00,0.7369838420107717,0.41176470588235325,0.8780487804878048,0.6755991094603099,0.6866363666804901,2.2853919404590815,Medium,0.6866363666804902,After_Lunch
353:30,0.7369838420107717,0.41176470588235325,0.8902439024390243,0.6796641501107165,0.6921241715585389,2.2853919404590815,Medium,0.6921241715585389,After_Lunch
354:00,0.7369838420107717,0.41176470588235325,0.8902439024390243,0.6796641501107165,0.6921241715585389,2.2853919404590815,Medium,0.6921241715585389,After_Lunch
354:30,0.7369838420107717,0.41176470588235325,0.9024390243902438,0.6837291907611229,0.6976119764365877,2.2853919404590815,Medium,0.6976119764365878,After_Lunch
355:00,0.7468581687612206,0.41176470588235325,0.9024390243902438,0.6870206330112726,0.6995868417866775,2.2940689218938455,Medium,0.6995868417866776,After_Lunch
355:30,0.7468581687612206,0.41176470588235325,0.9024390243902438,0.6870206330112726,0.6995868417866775,2.2940689218938455,Medium,0.6995868417866776,After_Lunch
356:00,0.7576301615798924,0.41176470588235325,0.9146341463414638,0.6946763379345698,0.7072290452284609,2.303572296664929,Medium,0.7072290452284609,After_Lunch
356:30,0.7576301615798924,0.5882352941176467,0.9146341463414638,0.7534998673463343,0.7689937511108136,2.69328046746479,High,0.7689937511108136,After_Lunch
357:00,0.7576301615798924,0.5882352941176467,0.9268292682926829,0.7575649079967407,0.7744815559888621,2.69328046746479,High,0.7744815559888623,After_Lunch
357:30,0.7576301615798924,0.5882352941176467,0.9268292682926829,0.7575649079967407,0.7744815559888621,2.69328046746479,High,0.7744815559888623,After_Lunch
358:00,0.7675044883303412,0.5882352941176467,0.9268292682926829,0.7608563502468902,0.7764564213389519,2.7035060853122523,High,0.776456421338952,After_Lunch
358:30,0.7675044883303412,0.5882352941176467,0.9268292682926829,0.7608563502468902,0.7764564213389519,2.7035060853122523,High,0.776456421338952,After_Lunch
359:00,0.7675044883303412,0.5882352941176467,0.9268292682926829,0.7608563502468902,0.7764564213389519,2.7035060853122523,High,0.776456421338952,After_Lunch
359:30,0.7675044883303412,0.5882352941176467,0.9024390243902438,0.7527262689460773,0.7654808115828543,2.7035060853122523,High,0.7654808115828543,After_Lunch
360:00,0.7773788150807901,0.5882352941176467,0.8780487804878048,0.7478876298954139,0.7564800671768466,2.7137705269144723,High,0.7564800671768466,After_Lunch
360:30,0.7773788150807901,0.5882352941176467,0.8780487804878048,0.7478876298954139,0.7564800671768466,2.7137705269144723,High,0.7564800671768466,After_Lunch
361:00,0.7773788150807901,0.5882352941176467,0.8902439024390243,0.7519526705458204,0.7619678720548954,2.7137705269144723,High,0.7619678720548954,After_Lunch
361:30,0.7881508078994619,0.5882352941176467,0.9024390243902438,0.7596083754691175,0.7696100754966785,2.718281828459045,High,0.7696100754966785,After_Lunch
362:00,0.7881508078994619,0.5882352941176467,0.8902439024390243,0.7555433348187109,0.7641222706186297,2.718281828459045,High,0.7641222706186297,After_Lunch
362:30,0.7881508078994619,0.5882352941176467,0.8048780487804876,0.7270880502658654,0.7257076364722882,2.718281828459045,High,0.7257076364722882,After_Lunch
363:00,0.7881508078994619,0.5882352941176467,0.7317073170731709,0.7026978063634265,0.6927808072039957,2.718281828459045,High,0.6927808072039956,After_Lunch
363:30,0.7980251346499108,0.5882352941176467,0.7073170731707319,0.6978591673127631,0.6837800627979879,2.7014947931214772,High,0.6837800627979878,After_Lunch
364:00,0.7980251346499108,0.5882352941176467,0.6341463414634148,0.673468923410324,0.6508532335296952,2.5209063441003705,Medium,0.6508532335296952,After_Lunch
364:30,0.8078994614003596,0.5882352941176467,0.5853658536585367,0.6605002030588477,0.6308768793675898,2.407271617909936,Medium,0.6308768793675897,After_Lunch
365:00,0.8078994614003596,0.5882352941176467,0.6097560975609757,0.6686302843596607,0.6418524891236874,2.463433841929172,Medium,0.6418524891236873,After_Lunch
365:30,0.8078994614003596,0.5882352941176467,0.6097560975609757,0.6686302843596607,0.6418524891236874,2.463433841929172,Medium,0.6418524891236873,After_Lunch
366:00,0.8078994614003596,0.5882352941176467,0.5975609756097562,0.6645652437092542,0.6363646842456386,2.435190828307902,Medium,0.6363646842456385,After_Lunch
366:30,0.8177737881508085,0.5882352941176467,0.5975609756097562,0.6678566859594038,0.6383395495957284,2.435190828307902,Medium,0.6383395495957284,After_Lunch
367:00,0.8177737881508085,0.5882352941176467,0.5121951219512195,0.6394014014065582,0.5999249154493869,2.2463512826356347,Medium,0.5999249154493868,After_Lunch
367:30,0.8177737881508085,0.5882352941176467,0.4390243902439024,0.6150111575041192,0.5669980861810942,2.09618808590446,Medium,0.566998086181094,After_Lunch
368:00,0.8177737881508085,0.5882352941176467,0.4390243902439024,0.6150111575041192,0.5669980861810942,2.09618808590446,Medium,0.566998086181094,After_Lunch
368:30,0.8285457809694785,0.5882352941176467,0.6097560975609757,0.6755123908827003,0.6459817530375112,2.463433841929172,Medium,0.645981753037511,After_Lunch
369:00,0.8384201077199274,0.5882352941176467,0.6219512195121952,0.6828688737832564,0.6534444232656498,2.4920044141997013,Medium,0.6534444232656497,After_Lunch
369:30,0.8384201077199274,0.5882352941176467,0.5853658536585367,0.6706737518320369,0.6369810086315033,2.407271617909936,Medium,0.6369810086315032,After_Lunch
370:00,0.8384201077199274,0.5882352941176467,0.5609756097560976,0.6625436705312239,0.6260053988754057,2.352389799864305,Medium,0.6260053988754056,After_Lunch
370:30,0.8384201077199274,0.5882352941176467,0.5853658536585367,0.6706737518320369,0.6369810086315033,2.407271617909936,Medium,0.6369810086315032,After_Lunch
371:00,0.8384201077199274,0.5294117647058822,0.5853658536585367,0.6510659086947821,0.6163927733373857,2.2876802528897957,Medium,0.6163927733373856,After_Lunch
371:30,0.8482944344703762,0.5294117647058822,0.6097560975609757,0.6624874322457447,0.6293432484435731,2.3410523816895905,Medium,0.6293432484435731,After_Lunch
372:00,0.8482944344703762,0.5294117647058822,0.6219512195121952,0.6665524728961513,0.6348310533216219,2.368203590348711,Medium,0.6348310533216219,After_Lunch
372:30,0.8482944344703762,0.5294117647058822,0.6219512195121952,0.6665524728961513,0.6348310533216219,2.368203590348711,Medium,0.6348310533216219,After_Lunch
373:00,0.8482944344703762,0.5294117647058822,0.5365853658536586,0.6380971883433056,0.5964164191752804,2.1845586435698876,Medium,0.5964164191752803,After_Lunch
373:30,0.8482944344703762,0.5294117647058822,0.5609756097560976,0.6462272696441187,0.607392028931378,2.235524920499557,Medium,0.6073920289313779,After_Lunch
374:00,0.8482944344703762,0.5294117647058822,0.6097560975609757,0.6624874322457447,0.6293432484435731,2.3410523816895905,Medium,0.6293432484435731,After_Lunch
374:30,0.8581687612208251,0.5294117647058822,0.5365853658536586,0.6413886305934553,0.5983912845253702,2.1845586435698876,Medium,0.59839128452537,After_Lunch
375:00,0.8581687612208251,0.35294117647058876,0.524390243902439,0.5785000605312843,0.5311387737649687,1.8438723849332723,Low,0.5311387737649687,After_Lunch
375:30,0.8581687612208251,0.35294117647058876,0.5487804878048781,0.5866301418320973,0.5421143835210662,1.886890369765169,Medium,0.5421143835210662,After_Lunch
376:00,0.8581687612208251,0.35294117647058876,0.5609756097560976,0.5906951824825039,0.547602188399115,1.90877426888126,Medium,0.547602188399115,After_Lunch
376:30,0.8680430879712739,0.35294117647058876,0.5487804878048781,0.5899215840822469,0.5440892488711561,1.886890369765169,Medium,0.5440892488711561,After_Lunch
377:00,0.8581687612208251,0.35294117647058876,0.4878048780487805,0.5663049385800648,0.5146753591308223,1.7811772860455561,Low,0.5146753591308223,After_Lunch
377:30,0.8680430879712739,0.35294117647058876,0.5121951219512195,0.5777264621310274,0.5276258342370097,1.8227325791884703,Low,0.5276258342370096,After_Lunch
378:00,0.8680430879712739,0.35294117647058876,0.5609756097560976,0.5939866247326534,0.5495770537492048,1.90877426888126,Medium,0.5495770537492047,After_Lunch
378:30,0.8680430879712739,0.7647058823529411,0.5731707317073171,0.735306567343844,0.699182505686077,2.3796724983648856,Medium,0.6991825056860769,After_Lunch
379:00,0.8680430879712739,0.7647058823529411,0.5853658536585367,0.7393716079942506,0.7046703105641257,2.407271617909936,Medium,0.7046703105641255,After_Lunch
379:30,0.8680430879712739,0.7647058823529411,0.6341463414634148,0.7556317705958766,0.7266215300763208,2.5209063441003705,Medium,0.7266215300763208,After_Lunch
380:00,0.8680430879712739,0.7647058823529411,0.6829268292682928,0.7718919331975026,0.7485727495885159,2.639905172496931,High,0.7485727495885159,After_Lunch
380:30,0.8788150807899457,0.7647058823529411,0.7073170731707319,0.7836126787712062,0.7617027579083478,2.7014947931214772,High,0.7617027579083478,After_Lunch
381:00,0.8788150807899457,0.7647058823529411,0.7317073170731709,0.7917427600720193,0.7726783676644454,2.718281828459045,High,0.7726783676644454,After_Lunch
381:30,0.8788150807899457,0.7647058823529411,0.7439024390243905,0.7958078007224257,0.7781661725424943,2.718281828459045,High,0.7781661725424942,After_Lunch
382:00,0.8788150807899457,0.7647058823529411,0.7317073170731709,0.7917427600720193,0.7726783676644454,2.718281828459045,High,0.7726783676644454,After_Lunch
382:30,0.8788150807899457,0.2941176470588234,0.7317073170731709,0.6348800149739801,0.6079724853115043,2.0924967155001415,Medium,0.6079724853115043,After_Lunch
383:00,0.8788150807899457,0.2941176470588234,0.7439024390243905,0.6389450556243865,0.6134602901895531,2.0924967155001415,Medium,0.6134602901895531,After_Lunch
383:30,0.8788150807899457,0.2941176470588234,0.7439024390243905,0.6389450556243865,0.6134602901895531,2.0924967155001415,Medium,0.6134602901895531,After_Lunch
384:00,0.8788150807899457,0.2941176470588234,0.75609756097561,0.643010096274793,0.6189480950676018,2.0924967155001415,Medium,0.6189480950676018,After_Lunch
384:30,0.8788150807899457,0.2941176470588234,0.7682926829268295,0.6470751369251996,0.6244358999456506,2.0924967155001415,Medium,0.6244358999456506,After_Lunch
385:00,0.8886894075403946,0.2941176470588234,0.780487804878049,0.6544316198257557,0.6318985701737891,2.0924967155001415,Medium,0.6318985701737891,After_Lunch
385:30,0.8788150807899457,0.2941176470588234,0.7926829268292686,0.6552052182260125,0.6354115097017482,2.0924967155001415,Medium,0.6354115097017483,After_Lunch
386:00,0.8886894075403946,0.2941176470588234,0.8170731707317072,0.666626741776975,0.6483619848079353,2.0924967155001415,Medium,0.6483619848079354,After_Lunch
386:30,0.8886894075403946,0.41176470588235325,0.8170731707317072,0.705842428051485,0.6895384553961708,2.3249560490297534,Medium,0.6895384553961708,After_Lunch
387:00,0.8886894075403946,0.41176470588235325,0.8292682926829267,0.7099074687018915,0.6950262602742195,2.3249560490297534,Medium,0.6950262602742197,After_Lunch
387:30,0.8886894075403946,0.41176470588235325,0.8414634146341462,0.7139725093522981,0.7005140651522683,2.3249560490297534,Medium,0.7005140651522683,After_Lunch
388:00,0.8886894075403946,0.41176470588235325,0.8536585365853657,0.7180375500027045,0.7060018700303171,2.3249560490297534,Medium,0.7060018700303172,After_Lunch
388:30,0.8886894075403946,0.41176470588235325,0.8658536585365852,0.722102590653111,0.7114896749083659,2.3249560490297534,Medium,0.7114896749083659,After_Lunch
389:00,0.8886894075403946,0.41176470588235325,0.8780487804878048,0.7261676313035176,0.7169774797864147,2.3249560490297534,Medium,0.7169774797864148,After_Lunch
389:30,0.8985637342908435,0.41176470588235325,0.8780487804878048,0.7294590735536671,0.7189523451365045,2.3249560490297534,Medium,0.7189523451365046,After_Lunch
390:00,0.8886894075403946,0.7058823529411766,0.8780487804878048,0.824206846989792,0.8199186562570029,2.718281828459045,High,0.8199186562570029,After_Lunch
390:30,0.8985637342908435,0.7058823529411766,0.8780487804878048,0.8274982892399416,0.8218935216070927,2.718281828459045,High,0.8218935216070927,After_Lunch
391:00,0.8985637342908435,0.7058823529411766,0.8902439024390243,0.8315633298903481,0.8273813264851415,2.718281828459045,High,0.8273813264851415,After_Lunch
391:30,0.8985637342908435,0.7058823529411766,0.8902439024390243,0.8315633298903481,0.8273813264851415,2.718281828459045,High,0.8273813264851415,After_Lunch
392:00,0.8985637342908435,0.7058823529411766,0.8414634146341462,0.8153031672887221,0.8054301069729464,2.718281828459045,High,0.8054301069729464,After_Lunch
392:30,0.8985637342908435,0.7058823529411766,0.7926829268292686,0.7990430046870962,0.7834788874607514,2.718281828459045,High,0.7834788874607514,After_Lunch
393:00,0.8985637342908435,0.7058823529411766,0.7682926829268295,0.7909129233862832,0.7725032777046539,2.718281828459045,High,0.7725032777046538,After_Lunch
393:30,0.8985637342908435,0.7058823529411766,0.780487804878049,0.7949779640366897,0.7779910825827027,2.718281828459045,High,0.7779910825827026,After_Lunch
394:00,0.9084380610412923,0.5882352941176467,0.8170731707317072,0.7712488419635487,0.755252891978703,2.718281828459045,High,0.755252891978703,After_Lunch
394:30,0.9084380610412923,0.5882352941176467,0.8292682926829267,0.7753138826139553,0.7607406968567518,2.718281828459045,High,0.7607406968567518,After_Lunch
395:00,0.9084380610412923,0.5882352941176467,0.8414634146341462,0.7793789232643618,0.7662285017348006,2.718281828459045,High,0.7662285017348006,After_Lunch
395:30,0.9084380610412923,0.5882352941176467,0.8414634146341462,0.7793789232643618,0.7662285017348006,2.718281828459045,High,0.7662285017348006,After_Lunch
396:00,0.9084380610412923,0.5882352941176467,0.8536585365853657,0.7834439639147682,0.7717163066128494,2.718281828459045,High,0.7717163066128494,After_Lunch
396:30,0.9084380610412923,0.5882352941176467,0.8658536585365852,0.7875090045651748,0.7772041114908982,2.718281828459045,High,0.7772041114908982,After_Lunch
397:00,0.9084380610412923,0.5882352941176467,0.8658536585365852,0.7875090045651748,0.7772041114908982,2.718281828459045,High,0.7772041114908982,After_Lunch
397:30,0.9084380610412923,0.8235294117647056,0.8902439024390243,0.8740704584150074,0.8705326624234664,2.718281828459045,High,0.8705326624234663,After_Lunch
398:00,0.9084380610412923,0.8235294117647056,0.9024390243902438,0.8781354990654139,0.8760204673015151,2.718281828459045,High,0.8760204673015152,After_Lunch
398:30,0.9084380610412923,0.8235294117647056,0.8902439024390243,0.8740704584150074,0.8705326624234664,2.718281828459045,High,0.8705326624234663,After_Lunch
399:00,0.9084380610412923,0.8235294117647056,0.3902439024390243,0.7074037917483408,0.6455326624234663,2.001698356151961,Medium,0.6455326624234662,After_Lunch
399:30,0.9084380610412923,0.8235294117647056,0.17073170731707332,0.6342330600410238,0.5467521746185884,1.7332530178673953,Low,0.5467521746185883,After_Lunch
400:00,0.9084380610412923,0.8235294117647056,0.0,0.5773224909353326,0.4699229063259054,1.7332530178673953,Low,0.46992290632590517,After_Lunch
400:30,0.9084380610412923,0.8235294117647056,0.14634146341463428,0.6261029787402107,0.5357765648624908,1.7332530178673953,Low,0.5357765648624907,After_Lunch
401:00,0.9084380610412923,0.8235294117647056,0.1585365853658538,0.6301680193906173,0.5412643697405396,1.7332530178673953,Low,0.5412643697405394,After_Lunch
401:30,0.9084380610412923,0.8235294117647056,0.17073170731707332,0.6342330600410238,0.5467521746185884,1.7332530178673953,Low,0.5467521746185883,After_Lunch
402:00,0.9084380610412923,0.8235294117647056,0.19512195121951237,0.6423631413418368,0.557727784374686,1.7332530178673953,Low,0.5577277843746858,After_Lunch
402:30,0.9084380610412923,0.8235294117647056,0.3414634146341462,0.6911436291467147,0.6235814429112712,1.9114679336098872,Medium,0.623581442911271,After_Lunch
403:00,0.9084380610412923,0.8235294117647056,0.3536585365853657,0.6952086697971213,0.6290692477893199,1.933636879984852,Medium,0.6290692477893198,After_Lunch
403:30,0.9084380610412923,0.8235294117647056,0.36585365853658525,0.6992737104475277,0.6345570526673687,1.9560629387992856,Medium,0.6345570526673686,After_Lunch
404:00,0.9084380610412923,0.8235294117647056,0.37804878048780477,0.7033387510979342,0.6400448575454175,1.9787490920084596,Medium,0.6400448575454174,After_Lunch
404:30,0.9084380610412923,0.8235294117647056,0.4024390243902438,0.7114688323987473,0.6510204673015151,2.0249137827547936,Medium,0.651020467301515,After_Lunch
405:00,0.9084380610412923,0.41176470588235325,0.42682926829268286,0.5823440117387761,0.5178784299987894,1.7723219239585624,Low,0.5178784299987893,After_Lunch
405:30,0.9084380610412923,0.41176470588235325,0.4512195121951219,0.5904740930395892,0.528854039754887,1.8136706193808037,Low,0.5288540397548869,After_Lunch
406:00,0.9084380610412923,0.41176470588235325,0.46341463414634143,0.5945391336899957,0.5343418446329358,1.8347053257423012,Low,0.5343418446329357,After_Lunch
406:30,0.9084380610412923,0.41176470588235325,0.4878048780487805,0.6026692149908087,0.5453174543890333,1.8775094408853557,Low,0.5453174543890332,After_Lunch
407:00,0.9084380610412923,0.41176470588235325,0.5121951219512195,0.6107992962916217,0.5562930641451309,1.9213121862975184,Medium,0.5562930641451308,After_Lunch
407:30,0.9084380610412923,0.41176470588235325,0.524390243902439,0.6148643369420282,0.5617808690231797,1.9435953049827255,Medium,0.5617808690231797,After_Lunch
408:00,0.9084380610412923,0.41176470588235325,0.5487804878048781,0.6229944182428412,0.5727564787792773,1.9889398494491901,Medium,0.5727564787792773,After_Lunch
408:30,0.9084380610412923,0.41176470588235325,0.5731707317073171,0.6311244995436542,0.5837320885353748,2.0353422930099776,Medium,0.5837320885353748,After_Lunch
409:00,0.9084380610412923,0.7647058823529411,0.5853658536585367,0.75283659901759,0.7127493051781293,2.407271617909936,Medium,0.7127493051781292,After_Lunch
409:30,0.9084380610412923,0.7647058823529411,0.6097560975609757,0.7609666803184031,0.7237249149342269,2.463433841929172,Medium,0.7237249149342269,After_Lunch
410:00,0.9084380610412923,0.7647058823529411,0.6219512195121952,0.7650317209688096,0.7292127198122758,2.4920044141997013,Medium,0.7292127198122756,After_Lunch
410:30,0.9084380610412923,0.7647058823529411,0.6341463414634148,0.769096761619216,0.7347005246903244,2.5209063441003705,Medium,0.7347005246903244,After_Lunch
411:00,0.9192100538599641,0.7647058823529411,0.6585365853658538,0.7808175071929196,0.7478305330101563,2.579719693526972,High,0.7478305330101563,After_Lunch
411:30,0.9192100538599641,0.7647058823529411,0.6707317073170733,0.7848825478433262,0.7533183378882052,2.60963893336493,High,0.7533183378882051,After_Lunch
412:00,0.9192100538599641,0.7647058823529411,0.6829268292682928,0.7889475884937327,0.7588061427662539,2.639905172496931,High,0.7588061427662539,After_Lunch
412:30,0.9192100538599641,0.7058823529411766,0.6951219512195124,0.7734047860068843,0.7437057123501852,2.6705224353738193,High,0.7437057123501851,After_Lunch
413:00,0.9192100538599641,0.7058823529411766,0.7195121951219514,0.7815348673076974,0.7546813221062828,2.718281828459045,High,0.7546813221062827,After_Lunch
413:30,0.9192100538599641,0.7058823529411766,0.7317073170731709,0.7855999079581039,0.7601691269843316,2.718281828459045,High,0.7601691269843315,After_Lunch
414:00,0.929084380610413,0.7058823529411766,0.7682926829268295,0.801086472159473,0.7786074069685678,2.718281828459045,High,0.7786074069685677,After_Lunch
414:30,0.929084380610413,0.7058823529411766,0.7926829268292686,0.8092165534602861,0.7895830167246654,2.718281828459045,High,0.7895830167246654,After_Lunch
415:00,0.929084380610413,0.7058823529411766,0.8048780487804876,0.8132815941106925,0.7950708216027139,2.718281828459045,High,0.7950708216027139,After_Lunch
415:30,0.929084380610413,0.7058823529411766,0.8170731707317072,0.8173466347610989,0.8005586264807627,2.718281828459045,High,0.8005586264807627,After_Lunch
416:00,0.929084380610413,0.7058823529411766,0.8170731707317072,0.8173466347610989,0.8005586264807627,2.718281828459045,High,0.8005586264807627,After_Lunch
416:30,0.9389587073608618,0.7058823529411766,0.8292682926829267,0.824703117661655,0.8080212967089012,2.718281828459045,High,0.8080212967089012,After_Lunch
417:00,0.9389587073608618,0.47058823529411775,0.8414634146341462,0.750336785763042,0.7311561604104794,2.450697617746982,Medium,0.7311561604104794,After_Lunch
417:30,0.9389587073608618,0.47058823529411775,0.8414634146341462,0.750336785763042,0.7311561604104794,2.450697617746982,Medium,0.7311561604104794,After_Lunch
418:00,0.9389587073608618,0.47058823529411775,0.8536585365853657,0.7544018264134484,0.7366439652885282,2.450697617746982,Medium,0.7366439652885282,After_Lunch
418:30,0.9389587073608618,0.47058823529411775,0.8658536585365852,0.7584668670638549,0.7421317701665769,2.450697617746982,Medium,0.7421317701665769,After_Lunch
419:00,0.9488330341113107,0.47058823529411775,0.8658536585365852,0.7617583093140046,0.7441066355166668,2.450697617746982,Medium,0.7441066355166667,After_Lunch
419:30,0.9488330341113107,0.47058823529411775,0.8902439024390243,0.7698883906148176,0.7550822452727644,2.450697617746982,Medium,0.7550822452727642,After_Lunch
420:00,0.9488330341113107,0.47058823529411775,0.9024390243902438,0.7739534312652241,0.760570050150813,2.450697617746982,Medium,0.7605700501508131,After_Lunch
420:30,0.9596050269299825,0.47058823529411775,0.9146341463414638,0.7816091361885213,0.7682122535925965,2.450697617746982,Medium,0.7682122535925965,After_Lunch
421:00,0.9596050269299825,0.47058823529411775,0.9146341463414638,0.7816091361885213,0.7682122535925965,2.450697617746982,Medium,0.7682122535925965,After_Lunch
421:30,0.9596050269299825,0.47058823529411775,0.9268292682926829,0.7856741768389277,0.773700058470645,2.450697617746982,Medium,0.7737000584706452,After_Lunch
422:00,0.9596050269299825,0.47058823529411775,0.9268292682926829,0.7856741768389277,0.773700058470645,2.450697617746982,Medium,0.7737000584706452,After_Lunch
422:30,0.9694793536804314,0.2941176470588234,0.9268292682926829,0.7301420896773125,0.7139102179383817,2.0924967155001415,Medium,0.7139102179383818,After_Lunch
423:00,0.9694793536804314,0.2941176470588234,0.9390243902439028,0.7342071303277192,0.7193980228164307,2.0924967155001415,Medium,0.7193980228164308,After_Lunch
423:30,0.9694793536804314,0.2941176470588234,0.9390243902439028,0.7342071303277192,0.7193980228164307,2.0924967155001415,Medium,0.7193980228164308,After_Lunch
424:00,0.9694793536804314,0.2941176470588234,0.9512195121951219,0.7382721709781256,0.7248858276944793,2.0924967155001415,Medium,0.7248858276944794,After_Lunch
424:30,0.9793536804308802,0.2941176470588234,0.9512195121951219,0.7415636132282751,0.7268606930445691,2.0924967155001415,Medium,0.7268606930445692,After_Lunch
425:00,0.9793536804308802,0.2941176470588234,0.9634146341463419,0.7456286538786818,0.732348497922618,2.0924967155001415,Medium,0.7323484979226181,After_Lunch
425:30,0.9793536804308802,0.2941176470588234,0.9634146341463419,0.7456286538786818,0.732348497922618,2.0924967155001415,Medium,0.7323484979226181,After_Lunch
426:00,0.9793536804308802,0.5882352941176467,0.9634146341463419,0.8436678695649563,0.8352896743932063,2.718281828459045,High,0.8352896743932062,After_Lunch
426:30,0.9793536804308802,0.5882352941176467,0.975609756097561,0.8477329102153627,0.8407774792712548,2.718281828459045,High,0.8407774792712549,After_Lunch
427:00,0.990125673249552,0.5882352941176467,0.975609756097561,0.8513235744882532,0.8429318778349892,2.718281828459045,High,0.8429318778349894,After_Lunch
427:30,0.990125673249552,0.5882352941176467,0.975609756097561,0.8513235744882532,0.8429318778349892,2.718281828459045,High,0.8429318778349894,After_Lunch
428:00,0.990125673249552,0.5882352941176467,0.9878048780487809,0.8553886151386599,0.8484196827130382,2.718281828459045,High,0.8484196827130382,After_Lunch
428:30,0.990125673249552,0.5882352941176467,0.9878048780487809,0.8553886151386599,0.8484196827130382,2.718281828459045,High,0.8484196827130382,After_Lunch
429:00,0.990125673249552,0.5882352941176467,0.9878048780487809,0.8553886151386599,0.8484196827130382,2.718281828459045,High,0.8484196827130382,After_Lunch
429:30,1.0000000000000009,0.5882352941176467,0.9878048780487809,0.8586800573888095,0.850394548063128,2.718281828459045,High,0.850394548063128,After_Lunch
430:00,1.0000000000000009,0.7647058823529411,1.0,0.9215686274509807,0.9176470588235295,2.718281828459045,High,0.9176470588235296,After_Lunch
430:30,1.0000000000000009,0.7647058823529411,1.0,0.9215686274509807,0.9176470588235295,2.718281828459045,High,0.9176470588235296,After_Lunch
431:00,1.0,0.0,0.986784140969163,0.6622613803230544,0.6440528634361233,1.9155408290138962,High,0.6440528634361236,Stress_Induced
431:30,1.0,0.0,0.986784140969163,0.6622613803230544,0.6440528634361233,1.9155408290138962,High,0.6440528634361236,Stress_Induced
432:00,1.0,0.0,0.9911894273127754,0.6637298091042584,0.6460352422907489,1.9155408290138962,High,0.6460352422907489,Stress_Induced
432:30,1.0,0.0,0.9955947136563877,0.6651982378854626,0.6480176211453745,1.9155408290138962,High,0.6480176211453745,Stress_Induced
433:00,1.0,0.0,1.0,0.6666666666666666,0.65,1.9155408290138962,High,0.6500000000000001,Stress_Induced
433:30,1.0,0.0,1.0,0.6666666666666666,0.65,1.9155408290138962,High,0.6500000000000001,Stress_Induced
434:00,1.0,0.0,1.0,0.6666666666666666,0.65,1.9155408290138962,High,0.6500000000000001,Stress_Induced
434:30,1.0,0.0,1.0,0.6666666666666666,0.65,1.9155408290138962,High,0.6500000000000001,Stress_Induced
435:00,1.0,0.0,0.19823788546255505,0.39941262848751835,0.2892070484581498,1.2214027581601699,Low,0.2892070484581497,Stress_Induced
435:30,1.0,0.0,0.1674008810572687,0.38913362701908955,0.27533039647577096,1.2214027581601699,Low,0.27533039647577084,Stress_Induced
436:00,1.0,0.0,0.9383259911894274,0.6461086637298091,0.6222466960352424,1.9155408290138962,High,0.6222466960352424,Stress_Induced
436:30,1.0,0.0,0.9471365638766521,0.6490455212922174,0.6262114537444935,1.9155408290138962,High,0.6262114537444936,Stress_Induced
437:00,1.0,0.0,0.9515418502202645,0.6505139500734215,0.628193832599119,1.9155408290138962,High,0.6281938325991192,Stress_Induced
437:30,1.0,0.0,0.17180616740088106,0.39060205580029367,0.2773127753303965,1.2214027581601699,Low,0.2773127753303964,Stress_Induced
438:00,1.0,0.0,0.9383259911894274,0.6461086637298091,0.6222466960352424,1.9155408290138962,High,0.6222466960352424,Stress_Induced
438:30,1.0,0.0,0.9251101321585903,0.6417033773861968,0.6162995594713656,1.9155408290138962,High,0.6162995594713656,Stress_Induced
439:00,1.0,0.0,0.9207048458149781,0.6402349486049927,0.6143171806167402,1.9155408290138962,High,0.6143171806167402,Stress_Induced
439:30,1.0,0.0,0.9207048458149781,0.6402349486049927,0.6143171806167402,1.9155408290138962,High,0.6143171806167402,Stress_Induced
440:00,1.0,0.0,0.907488986784141,0.6358296622613803,0.6083700440528634,1.9155408290138962,High,0.6083700440528637,Stress_Induced
440:30,0.9511111111111106,0.0,0.1409691629955947,0.36402675803556844,0.25365834557023975,1.2214027581601699,Low,0.25365834557023964,Stress_Induced
441:00,0.9511111111111106,0.0,0.854625550660793,0.6019122205906345,0.574803720019579,1.9155408290138962,High,0.574803720019579,Stress_Induced
441:30,0.9511111111111106,0.0,0.8105726872246696,0.5872279327785934,0.5549799314733235,1.9155408290138962,High,0.5549799314733235,Stress_Induced
442:00,0.9511111111111106,0.0,0.07929515418502198,0.34346875509871083,0.22590504160548203,1.2214027581601699,Low,0.22590504160548192,Stress_Induced
442:30,0.9511111111111106,0.0,0.7444933920704847,0.5652015010605318,0.5252442486539403,1.9155408290138962,High,0.5252442486539404,Stress_Induced
443:00,0.9511111111111106,0.0,0.7048458149779736,0.5519856420296948,0.5074028389623102,1.8992679893301825,High,0.5074028389623102,Stress_Induced
443:30,0.9511111111111106,0.0,0.6916299559471367,0.5475803556860824,0.5014557023984336,1.8756818712506227,High,0.5014557023984336,Stress_Induced
444:00,0.9511111111111106,0.0,0.6872246696035244,0.5461119269048783,0.4994733235438081,1.8678851024389924,High,0.4994733235438081,Stress_Induced
444:30,0.9511111111111106,0.0,0.6651982378854625,0.5387697829988577,0.48956142927068025,1.8293847124461222,High,0.48956142927068025,Stress_Induced
445:00,0.9511111111111106,0.0,0.6519823788546256,0.5343644966552454,0.4836142927068037,1.806666441995035,High,0.4836142927068037,Stress_Induced
445:30,0.9511111111111106,0.0,0.6387665198237885,0.529959210311633,0.477667156142927,1.784230299085944,High,0.477667156142927,Stress_Induced
446:00,0.9511111111111106,0.0,0.6431718061674009,0.5314276390928372,0.47964953499755253,1.7916778830569897,High,0.47964953499755253,Stress_Induced
446:30,0.9022222222222211,0.0,0.04405286343612336,0.3154250285527815,0.20026823299069976,1.2214027581601699,Low,0.20026823299069965,Stress_Induced
447:00,0.9022222222222211,0.0,0.6872246696035244,0.5298156306085818,0.4896955457660302,1.8678851024389924,High,0.4896955457660302,Stress_Induced
447:30,0.9022222222222211,0.0,0.013215859030836996,0.30514602708435273,0.1863915810083209,1.2214027581601699,Low,0.1863915810083208,Stress_Induced
448:00,0.9022222222222211,0.0,0.6123348017621145,0.504852341328112,0.4559951052373958,1.7401904249651234,Medium,0.4559951052373958,Stress_Induced
448:30,0.9022222222222211,0.0,0.6123348017621145,0.504852341328112,0.4559951052373958,1.7401904249651234,Medium,0.4559951052373958,Stress_Induced
449:00,0.9022222222222211,0.0,0.6343612334801761,0.5121944852341325,0.4659069995105235,1.7768136729715147,Medium,0.4659069995105235,Stress_Induced
449:30,0.8488888888888866,0.0,0.6343612334801761,0.4944167074563543,0.45524033284385657,1.7768136729715147,Medium,0.4552403328438566,Stress_Induced
450:00,0.8488888888888866,0.0,0.013215859030836996,0.2873682493065745,0.175724914341654,1.2214027581601699,Low,0.17572491434165388,Stress_Induced
450:30,0.8488888888888866,0.0,0.6607929515418504,0.503227280143579,0.46713460597161005,1.8217803900452436,High,0.46713460597161,Stress_Induced
451:00,0.8488888888888866,0.0,0.6696035242290749,0.5061641377059871,0.471099363680861,1.8370207761696613,High,0.4710993636808611,Stress_Induced
451:30,0.8488888888888866,0.0,0.022026431718061623,0.29030510686898275,0.17968967205090505,1.2214027581601699,Low,0.17968967205090497,Stress_Induced
452:00,0.7999999999999972,0.0,0.6431718061674009,0.48105726872246607,0.4494273127753299,1.7916778830569897,High,0.4494273127753298,Stress_Induced
452:30,0.7999999999999972,0.0,0.6343612334801761,0.4781204111600578,0.4454625550660787,1.7768136729715147,Medium,0.44546255506607874,Stress_Induced
453:00,0.7999999999999972,0.0,0.026431718061673992,0.2754772393538904,0.17189427312775274,1.2214027581601699,Low,0.17189427312775263,Stress_Induced
453:30,0.7511111111111077,0.0,0.026431718061673992,0.2591809430575939,0.16211649534997485,1.207145042752227,Low,0.16211649534997474,Stress_Induced
454:00,0.7511111111111077,0.0,0.048458149779735726,0.2665230869636145,0.17202838962310263,1.207145042752227,Low,0.17202838962310255,Stress_Induced
454:30,0.7511111111111077,0.0,0.03083700440528636,0.26064937183879805,0.16409887420460043,1.207145042752227,Low,0.16409887420460031,Stress_Induced
455:00,0.7511111111111077,0.0,0.6431718061674009,0.4647609724261696,0.439649534997552,1.770763214911151,Medium,0.43964953499755194,Stress_Induced
455:30,0.7511111111111077,0.0,0.5991189427312776,0.4500766846141285,0.41982574645129656,1.6985184389256747,Medium,0.4198257464512965,Stress_Induced
456:00,0.7511111111111077,0.0,0.6079295154185022,0.4530135421765366,0.42379050416054753,1.7127276580994675,Medium,0.4237905041605475,Stress_Induced
456:30,0.7022222222222183,0.0,0.6607929515418504,0.4543383912546896,0.4378012726382764,1.7670473686549244,Medium,0.43780127263827634,Stress_Induced
457:00,0.7022222222222183,0.0,0.0,0.23407407407407277,0.14044444444444368,1.1847073015322085,Low,0.14044444444444357,Stress_Induced
457:30,0.7022222222222183,0.0,0.022026431718061623,0.2414162179800933,0.1503563387175714,1.1847073015322085,Low,0.15035633871757131,Stress_Induced
458:00,0.7022222222222183,0.0,0.6431718061674009,0.4484646761298731,0.4298717572197741,1.737849252320941,Medium,0.42987175721977405,Stress_Induced
458:30,0.6533333333333289,0.0,0.6475770925110133,0.43363680861478066,0.4220763582966217,1.7126662272595983,Medium,0.42207635829662177,Stress_Induced
459:00,0.6533333333333289,0.0,0.6475770925110133,0.43363680861478066,0.4220763582966217,1.7126662272595983,Medium,0.42207635829662177,Stress_Induced
459:30,0.6533333333333289,0.0,0.656387665198238,0.4365736661771889,0.4260411160058729,1.7269938019487945,Medium,0.42604111600587286,Stress_Induced
460:00,0.6533333333333289,0.0,0.656387665198238,0.4365736661771889,0.4260411160058729,1.7269938019487945,Medium,0.42604111600587286,Stress_Induced
460:30,0.6533333333333289,0.0,0.6696035242290749,0.4409789525208012,0.4319882525697495,1.7487102136493955,Medium,0.43198825256974954,Stress_Induced
461:00,0.6000000000000014,0.0,0.656387665198238,0.4187958883994131,0.41537444933920736,1.6920049374129724,Medium,0.4153744493392074,Stress_Induced
461:30,0.6000000000000014,0.0,0.6387665198237885,0.4129221732745966,0.40744493392070513,1.6640467978199946,Medium,0.4074449339207052,Stress_Induced
462:00,0.6000000000000014,0.0,0.6519823788546256,0.41732745961820905,0.4133920704845818,1.684971670456913,Medium,0.4133920704845819,Stress_Induced
462:30,0.6000000000000014,0.0,0.656387665198238,0.4187958883994131,0.41537444933920736,1.6920049374129724,Medium,0.4153744493392074,Stress_Induced
463:00,0.6000000000000014,0.0,0.6475770925110133,0.4158590308370049,0.4114096916299562,1.6779676391389904,Medium,0.4114096916299563,Stress_Induced
463:30,0.6000000000000014,0.0,0.017621145374449365,0.20587371512481692,0.1279295154185025,1.1391306097683516,Low,0.12792951541850242,Stress_Induced
464:00,0.551111111111112,0.0,0.6475770925110133,0.3995627345407084,0.40163191385217833,1.6467785091428746,Medium,0.4016319138521784,Stress_Induced
464:30,0.551111111111112,0.0,0.6696035242290749,0.4069048784467289,0.4115438081253061,1.6814358528948627,Medium,0.41154380812530617,Stress_Induced
465:00,0.551111111111112,0.0,0.6872246696035244,0.4127785935715454,0.41947332354380834,1.7096861511157169,Medium,0.4194733235438084,Stress_Induced
465:30,0.551111111111112,0.0,0.06607929515418498,0.20573013542176566,0.13995790504160566,1.1179570830316559,Low,0.13995790504160557,Stress_Induced
466:00,0.551111111111112,0.0,0.7136563876651983,0.42158916625877013,0.43136759667156166,1.7529540382394813,Medium,0.4313675966715617,Stress_Induced
466:30,0.551111111111112,0.0,0.6696035242290749,0.4069048784467289,0.4115438081253061,1.6814358528948627,Medium,0.41154380812530617,Stress_Induced
467:00,0.5022222222222226,0.0,0.008810572687224627,0.17034426496981572,0.1044092021536956,1.0971771180433891,Low,0.10440920215369552,Stress_Induced
467:30,0.5022222222222226,0.0,0.6079295154185022,0.37005057921357487,0.3740127263827705,1.5567024088690935,Medium,0.3740127263827705,Stress_Induced
468:00,0.5022222222222226,0.0,0.5947136563876653,0.36564529286996256,0.36806558981889387,1.53737045201172,Medium,0.3680655898188939,Stress_Induced
468:30,0.5022222222222226,0.0,0.6123348017621145,0.37151900799477905,0.37599510523739604,1.5632002650673211,Medium,0.3759951052373961,Stress_Induced
469:00,0.5022222222222226,0.0,0.6387665198237885,0.3803295806820037,0.38788937836514936,1.6027609602139905,Medium,0.3878893783651494,Stress_Induced
469:30,0.45333333333334025,0.0,0.03083700440528636,0.1613901125795422,0.10454331864904692,1.0767833994964848,Low,0.10454331864904684,Stress_Induced
470:00,0.45333333333334025,0.0,0.6651982378854625,0.37284385707293427,0.3900058737151262,1.6127776660844222,Medium,0.39000587371512624,Stress_Induced
470:30,0.45333333333334025,0.0,0.048458149779735726,0.16726382770435866,0.11247283406754914,1.0767833994964848,Low,0.11247283406754907,Stress_Induced
471:00,0.45333333333334025,0.0,0.6651982378854625,0.37284385707293427,0.3900058737151262,1.6127776660844222,Medium,0.39000587371512624,Stress_Induced
471:30,0.45333333333334025,0.0,0.6431718061674009,0.36550171316691377,0.38009397944199846,1.5795354880537913,Medium,0.38009397944199846,Stress_Induced
472:00,0.3999999999999986,0.0,0.04405286343612336,0.14801762114537398,0.09982378854625523,1.0549677864601785,Low,0.09982378854625516,Stress_Induced
472:30,0.3999999999999986,0.0,0.03964757709251099,0.14654919236416986,0.09784140969162967,1.0549677864601785,Low,0.09784140969162959,Stress_Induced
473:00,0.3999999999999986,0.0,0.682819383259912,0.3609397944199702,0.38726872246696015,1.6066505905952206,Medium,0.38726872246696015,Stress_Induced
473:30,0.3999999999999986,0.0,0.05726872246696035,0.15242290748898632,0.10577092511013189,1.0549677864601785,Low,0.10577092511013181,Stress_Induced
474:00,0.3999999999999986,0.0,0.709251101321586,0.36975036710719483,0.3991629955947134,1.6473109049785581,Medium,0.39916299559471347,Stress_Induced
474:30,0.35111111111111626,0.0,0.07048458149779735,0.14053189753630455,0.10194028389623205,1.0353586315121723,Low,0.101940283896232,Stress_Induced
475:00,0.35111111111111626,0.0,0.7136563876651983,0.3549224995921049,0.3913675966715625,1.6234398633744103,Medium,0.39136759667156257,Stress_Induced
475:30,0.35111111111111626,0.0,0.7004405286343612,0.35051721324849244,0.3854204601076858,1.6032791253807595,Medium,0.3854204601076859,Stress_Induced
476:00,0.35111111111111626,0.0,0.7180616740088107,0.35639092837330894,0.39334997552618806,1.6237655581529655,Medium,0.3933499755261881,Stress_Induced
476:30,0.35111111111111626,0.0,0.7268722466960352,0.3593277859357172,0.3973147332354391,1.6237655581529655,Medium,0.39731473323543914,Stress_Induced
477:00,0.35111111111111626,0.0,0.7444933920704847,0.3652015010605337,0.4052442486539414,1.6237655581529655,Medium,0.40524424865394143,Stress_Induced
477:30,0.30222222222222683,0.0,0.7577092511013216,0.3533104911078495,0.40141360744004007,1.5935839063170367,Medium,0.4014136074400402,Stress_Induced
478:00,0.35111111111111626,0.0,0.762114537444934,0.37107521618535005,0.41317376407244355,1.6237655581529655,Medium,0.4131737640724436,Stress_Induced
478:30,0.30222222222222683,0.0,0.09251101321585897,0.1315777451460286,0.10207440039158192,1.0161139606391372,Low,0.10207440039158186,Stress_Induced
479:00,0.30222222222222683,0.0,0.10572687224669608,0.13598303148964097,0.1080215369554586,1.0161139606391372,Low,0.10802153695545855,Stress_Induced
479:30,0.30222222222222683,0.0,0.8017621145374451,0.3679947789198906,0.4212373959862956,1.5935839063170367,Medium,0.4212373959862957,Stress_Induced
480:00,0.30222222222222683,0.0,0.10132158590308371,0.13451460270843685,0.10603915810083303,1.0161139606391372,Low,0.10603915810083299,Stress_Induced
480:30,0.24888888888889227,0.0,0.8061674008810574,0.3516854299233166,0.41255310817425433,1.568312185490169,Medium,0.41255310817425433,Stress_Induced
481:00,0.24888888888889227,0.0,0.8017621145374451,0.3502170011421124,0.41057072931962874,1.568312185490169,Medium,0.4105707293196288,Stress_Induced
481:30,0.24888888888889227,0.0,0.8061674008810574,0.3516854299233166,0.41255310817425433,1.568312185490169,Medium,0.41255310817425433,Stress_Induced
482:00,0.24888888888889227,0.0,0.11013215859030834,0.11967368249306687,0.09933724914341721,1.0,Low,0.09933724914341716,Stress_Induced
482:30,0.24888888888889227,0.0,0.11894273127753308,0.12261054005547511,0.10330200685266834,1.0,Low,0.1033020068526683,Stress_Induced
483:00,0.24888888888889227,0.0,0.8237885462555067,0.35755914504813296,0.4204826235927565,1.568312185490169,Medium,0.4204826235927565,Stress_Induced
483:30,0.20000000000000284,0.0,0.10572687224669608,0.10190895741556631,0.08757709251101381,1.0,Low,0.08757709251101375,Stress_Induced
484:00,0.24888888888889227,0.0,0.8017621145374451,0.3502170011421124,0.41057072931962874,1.568312185490169,Medium,0.4105707293196288,Stress_Induced
484:30,0.20000000000000284,0.0,0.08810572687224671,0.09603524229074985,0.07964757709251159,1.0,Low,0.07964757709251155,Stress_Induced
485:00,0.20000000000000284,0.0,0.10132158590308371,0.10044052863436219,0.08559471365638824,1.0,Low,0.0855947136563882,Stress_Induced
485:30,0.15111111111111342,0.0,0.8017621145374451,0.3176244085495195,0.39101517376407297,1.568312185490169,Medium,0.3910151737640731,Stress_Induced
486:00,0.15111111111111342,0.0,0.1145374449339207,0.08854951868167804,0.08176407244248701,1.0,Low,0.08176407244248696,Stress_Induced
486:30,0.15111111111111342,0.0,0.8370044052863436,0.32937183879915233,0.4068742046010773,1.568312185490169,Medium,0.4068742046010774,Stress_Induced
487:00,0.15111111111111342,0.0,0.11894273127753308,0.09001794746288216,0.08374645129711257,1.0,Low,0.08374645129711253,Stress_Induced
487:30,0.15111111111111342,0.0,0.8193832599118943,0.3234981236743359,0.39894468918257514,1.568312185490169,Medium,0.39894468918257525,Stress_Induced
488:00,0.15111111111111342,0.0,0.7841409691629956,0.311750693424703,0.38308565834557073,1.568312185490169,Medium,0.3830856583455708,Stress_Induced
488:30,0.15111111111111342,0.0,0.762114537444934,0.30440854951868246,0.373173764072443,1.568312185490169,Medium,0.373173764072443,Stress_Induced
489:00,0.15111111111111342,0.0,0.7665198237885463,0.3058769782998866,0.37515614292706856,1.568312185490169,Medium,0.3751561429270686,Stress_Induced
489:30,0.10222222222222399,0.0,0.7797356828193832,0.2939859683472024,0.37132550171316725,1.568312185490169,Medium,0.3713255017131673,Stress_Induced
490:00,0.15111111111111342,0.0,0.7973568281938327,0.3161559797683154,0.3890327949094474,1.568312185490169,Medium,0.3890327949094475,Stress_Induced
490:30,0.10222222222222399,0.0,0.8149779735682819,0.3057333985968353,0.3871845325501717,1.568312185490169,Medium,0.38718453255017177,Stress_Induced
491:00,0.10222222222222399,0.0,0.8193832599118943,0.3072018273780394,0.38916691140479726,1.568312185490169,Medium,0.38916691140479737,Stress_Induced
491:30,0.10222222222222399,0.0,0.8237885462555067,0.30867025615924354,0.39114929025942285,1.568312185490169,Medium,0.39114929025942285,Stress_Induced
492:00,0.10222222222222399,0.0,0.12334801762114533,0.07519007994778977,0.0759510523739602,1.0,Low,0.07595105237396016,Stress_Induced
492:30,0.10222222222222399,0.0,0.8502202643171807,0.3174808288464682,0.4030435633871761,1.568312185490169,Medium,0.40304356338717623,Stress_Induced
493:00,0.10222222222222399,0.0,0.8634361233480178,0.3218861151900806,0.4089906999510528,1.568312185490169,Medium,0.4089906999510529,Stress_Induced
493:30,0.10222222222222399,0.0,0.8722466960352423,0.3248229727524888,0.41295545766030384,1.568312185490169,Medium,0.4129554576603039,Stress_Induced
494:00,0.10222222222222399,0.0,0.8590308370044054,0.32041768640887647,0.40700832109642726,1.568312185490169,Medium,0.4070083210964273,Stress_Induced
494:30,0.10222222222222399,0.0,0.8502202643171807,0.3174808288464682,0.4030435633871761,1.568312185490169,Medium,0.40304356338717623,Stress_Induced
495:00,0.048888888888889426,0.0,0.8458149779735683,0.29823462228748593,0.39039451786588364,1.568312185490169,Medium,0.3903945178658837,Stress_Induced
495:30,0.10222222222222399,0.0,0.12334801762114533,0.07519007994778977,0.0759510523739602,1.0,Low,0.07595105237396016,Stress_Induced
496:00,0.10222222222222399,0.0,0.8722466960352423,0.3248229727524888,0.41295545766030384,1.568312185490169,Medium,0.4129554576603039,Stress_Induced
496:30,0.048888888888889426,0.0,0.8854625550660794,0.3114504813183229,0.40823592755751364,1.568312185490169,Medium,0.4082359275575137,Stress_Induced
497:00,0.048888888888889426,0.0,0.1277533039647577,0.05888073095121571,0.06726676456191885,1.0,Low,0.06726676456191881,Stress_Induced
497:30,0.048888888888889426,0.0,0.854625550660793,0.3011714798498942,0.3943592755751348,1.568312185490169,Medium,0.39435927557513484,Stress_Induced
498:00,0.048888888888889426,0.0,0.13656387665198233,0.06181758851362392,0.07123152227116994,1.0,Low,0.0712315222711699,Stress_Induced
498:30,0.048888888888889426,0.0,0.12334801762114533,0.05741230217001159,0.06528438570729328,1.0,Low,0.06528438570729325,Stress_Induced
499:00,0.048888888888889426,0.0,0.8458149779735683,0.29823462228748593,0.39039451786588364,1.568312185490169,Medium,0.3903945178658837,Stress_Induced
499:30,0.048888888888889426,0.0,0.8502202643171807,0.29970305106869005,0.3923768967205092,1.568312185490169,Medium,0.3923768967205093,Stress_Induced
500:00,0.048888888888889426,0.0,0.8502202643171807,0.29970305106869005,0.3923768967205092,1.568312185490169,Medium,0.3923768967205093,Stress_Induced
500:30,0.048888888888889426,0.0,0.8414096916299559,0.2967661935062818,0.38841213901125804,1.568312185490169,Medium,0.38841213901125815,Stress_Induced
501:00,0.048888888888889426,0.0,0.8325991189427314,0.2938293359438736,0.384447381302007,1.568312185490169,Medium,0.3844473813020071,Stress_Induced
501:30,0.048888888888889426,0.0,0.8149779735682819,0.2879556208190571,0.3765178658835048,1.568312185490169,Medium,0.37651786588350483,Stress_Induced
502:00,0.0,0.0,0.7753303964757711,0.2584434654919237,0.348898678414097,1.568312185490169,Medium,0.34889867841409705,Stress_Induced
502:30,0.048888888888889426,0.0,0.7665198237885463,0.27180290422581194,0.35471169848262374,1.568312185490169,Medium,0.3547116984826238,Stress_Induced
503:00,0.048888888888889426,0.0,0.7665198237885463,0.27180290422581194,0.35471169848262374,1.568312185490169,Medium,0.3547116984826238,Stress_Induced
503:30,0.0,0.0,0.07488986784140972,0.024963289280469907,0.03370044052863438,1.0,Low,0.03370044052863433,Stress_Induced
504:00,0.0,0.0,0.7533039647577092,0.2511013215859031,0.33898678414096917,1.568312185490169,Medium,0.3389867841409692,Stress_Induced
504:30,0.0,0.0,0.09691629955947134,0.03230543318649045,0.043612334801762104,1.0,Low,0.04361233480176206,Stress_Induced
505:00,0.0,0.0,0.08810572687224671,0.029368575624082238,0.03964757709251102,1.0,Low,0.03964757709251098,Stress_Induced
505:30,0.048888888888889426,0.0,0.7709251101321587,0.27327133300701606,0.3566940773372493,1.568312185490169,Medium,0.3566940773372494,Stress_Induced
506:00,0.048888888888889426,0.0,0.762114537444934,0.2703344754446078,0.3527293196279982,1.568312185490169,Medium,0.35272931962799825,Stress_Induced
506:30,0.0,0.0,0.762114537444934,0.25403817914831134,0.3429515418502203,1.568312185490169,Medium,0.34295154185022036,Stress_Induced
507:00,0.0,0.0,0.7753303964757711,0.2584434654919237,0.348898678414097,1.568312185490169,Medium,0.34889867841409705,Stress_Induced
507:30,0.0,0.0,0.7841409691629956,0.26138032305433184,0.35286343612334803,1.568312185490169,Medium,0.3528634361233481,Stress_Induced
508:00,0.0,0.0,0.7709251101321587,0.2569750367107196,0.3469162995594714,1.568312185490169,Medium,0.3469162995594715,Stress_Induced
508:30,0.048888888888889426,0.0,0.7577092511013216,0.2688660466634037,0.3507469407733726,1.568312185490169,Medium,0.3507469407733727,Stress_Induced
509:00,0.048888888888889426,0.0,0.7709251101321587,0.27327133300701606,0.3566940773372493,1.568312185490169,Medium,0.3566940773372494,Stress_Induced
509:30,0.048888888888889426,0.0,0.7665198237885463,0.27180290422581194,0.35471169848262374,1.568312185490169,Medium,0.3547116984826238,Stress_Induced
510:00,0.0,0.0,0.7577092511013216,0.2525697503671072,0.3409691629955947,1.568312185490169,Medium,0.3409691629955948,Stress_Induced
510:30,0.0,0.0,0.08370044052863435,0.027900146842878115,0.03766519823788546,1.0,Low,0.03766519823788542,Stress_Induced
511:00,0.048888888888889426,0.0,0.7753303964757711,0.2747397617882202,0.3586764561918749,1.568312185490169,Medium,0.35867645619187494,Stress_Induced
511:30,0.048888888888889426,0.0,0.06167400881057272,0.03685429923315405,0.03753108174253561,1.0,Low,0.03753108174253556,Stress_Induced
512:00,0.048888888888889426,0.0,0.7180616740088107,0.2556501876325667,0.3329055310817427,1.568312185490169,Medium,0.33290553108174276,Stress_Induced
512:30,0.048888888888889426,0.0,0.07048458149779735,0.039791156795562256,0.04149583945178669,1.0,Low,0.04149583945178665,Stress_Induced
513:00,0.048888888888889426,0.0,0.7400881057268723,0.26299233153858725,0.3428174253548704,1.568312185490169,Medium,0.34281742535487053,Stress_Induced
513:30,0.048888888888889426,0.0,0.7444933920704847,0.2644607603197914,0.344799804209496,1.568312185490169,Medium,0.3447998042094961,Stress_Induced
514:00,0.048888888888889426,0.0,0.7488986784140971,0.2659291891009955,0.34678218306412156,1.568312185490169,Medium,0.3467821830641216,Stress_Induced
514:30,0.048888888888889426,0.0,0.7488986784140971,0.2659291891009955,0.34678218306412156,1.568312185490169,Medium,0.3467821830641216,Stress_Induced
515:00,0.048888888888889426,0.0,0.7488986784140971,0.2659291891009955,0.34678218306412156,1.568312185490169,Medium,0.3467821830641216,Stress_Induced
515:30,0.048888888888889426,0.0,0.762114537444934,0.2703344754446078,0.3527293196279982,1.568312185490169,Medium,0.35272931962799825,Stress_Induced
516:00,0.048888888888889426,0.0,0.07048458149779735,0.039791156795562256,0.04149583945178669,1.0,Low,0.04149583945178665,Stress_Induced
516:30,0.048888888888889426,0.0,0.7444933920704847,0.2644607603197914,0.344799804209496,1.568312185490169,Medium,0.3447998042094961,Stress_Induced
517:00,0.048888888888889426,0.0,0.07929515418502198,0.04272801435797047,0.04546059716103778,1.0,Low,0.04546059716103773,Stress_Induced
517:30,0.048888888888889426,0.0,0.07048458149779735,0.039791156795562256,0.04149583945178669,1.0,Low,0.04149583945178665,Stress_Induced
518:00,0.048888888888889426,0.0,0.7444933920704847,0.2644607603197914,0.344799804209496,1.568312185490169,Medium,0.3447998042094961,Stress_Induced
518:30,0.048888888888889426,0.0,0.07048458149779735,0.039791156795562256,0.04149583945178669,1.0,Low,0.04149583945178665,Stress_Induced
519:00,0.0,0.0,0.73568281938326,0.24522760646108666,0.331057268722467,1.568312185490169,Medium,0.33105726872246705,Stress_Induced
519:30,0.048888888888889426,0.0,0.7136563876651983,0.25418175885136257,0.33092315222711716,1.5679976135451033,Medium,0.3309231522271172,Stress_Induced
520:00,0.048888888888889426,0.0,0.7004405286343612,0.24977647250775023,0.32497601566324047,1.5485253868402313,Medium,0.3249760156632405,Stress_Induced
520:30,0.048888888888889426,0.0,0.7136563876651983,0.25418175885136257,0.33092315222711716,1.5679976135451033,Medium,0.3309231522271172,Stress_Induced
521:00,0.048888888888889426,0.0,0.7312775330396476,0.260055473976179,0.33885266764561933,1.568312185490169,Medium,0.3388526676456194,Stress_Induced
521:30,0.048888888888889426,0.0,0.7400881057268723,0.26299233153858725,0.3428174253548704,1.568312185490169,Medium,0.34281742535487053,Stress_Induced
522:00,0.048888888888889426,0.0,0.7488986784140971,0.2659291891009955,0.34678218306412156,1.568312185490169,Medium,0.3467821830641216,Stress_Induced
522:30,0.048888888888889426,0.0,0.7577092511013216,0.2688660466634037,0.3507469407733726,1.568312185490169,Medium,0.3507469407733727,Stress_Induced
523:00,0.0,0.0,0.7665198237885463,0.25550660792951546,0.34493392070484585,1.568312185490169,Medium,0.3449339207048459,Stress_Induced
523:30,0.048888888888889426,0.0,0.7753303964757711,0.2747397617882202,0.3586764561918749,1.568312185490169,Medium,0.35867645619187494,Stress_Induced
524:00,0.048888888888889426,0.0,0.7797356828193832,0.2762081905694242,0.3606588350465003,1.568312185490169,Medium,0.3606588350465004,Stress_Induced
524:30,0.0,0.0,0.788546255506608,0.26284875183553597,0.3548458149779736,1.568312185490169,Medium,0.3548458149779737,Stress_Induced
525:00,0.048888888888889426,0.0,0.10572687224669608,0.05153858704519517,0.057354870288791125,1.0,Low,0.057354870288791084,Stress_Induced
525:30,0.048888888888889426,0.0,0.8017621145374451,0.2835503344754448,0.37057072931962814,1.568312185490169,Medium,0.37057072931962826,Stress_Induced
526:00,0.048888888888889426,0.0,0.10572687224669608,0.05153858704519517,0.057354870288791125,1.0,Low,0.057354870288791084,Stress_Induced
526:30,0.048888888888889426,0.0,0.8105726872246696,0.286487192037853,0.3745354870288792,1.568312185490169,Medium,0.3745354870288793,Stress_Induced
527:00,0.048888888888889426,0.0,0.8017621145374451,0.2835503344754448,0.37057072931962814,1.568312185490169,Medium,0.37057072931962826,Stress_Induced
527:30,0.10222222222222399,0.0,0.07929515418502198,0.06050579213574866,0.05612726382770469,1.0,Low,0.05612726382770464,Stress_Induced
528:00,0.10222222222222399,0.0,0.7577092511013216,0.28664382444118186,0.36141360744003953,1.568312185490169,Medium,0.36141360744003964,Stress_Induced
528:30,0.10222222222222399,0.0,0.7665198237885463,0.2895806820035901,0.3653783651492907,1.568312185490169,Medium,0.36537836514929073,Stress_Induced
529:00,0.10222222222222399,0.0,0.7709251101321587,0.29104911078479423,0.3673607440039162,1.568312185490169,Medium,0.36736074400391633,Stress_Induced
529:30,0.10222222222222399,0.0,0.7797356828193832,0.2939859683472024,0.37132550171316725,1.568312185490169,Medium,0.3713255017131673,Stress_Induced
530:00,0.15111111111111342,0.0,0.7841409691629956,0.311750693424703,0.38308565834557073,1.568312185490169,Medium,0.3830856583455708,Stress_Induced
530:30,0.15111111111111342,0.0,0.10132158590308371,0.08414423233806571,0.07581693587861035,1.0,Low,0.07581693587861031,Stress_Induced
531:00,0.15111111111111342,0.0,0.8017621145374451,0.3176244085495195,0.39101517376407297,1.568312185490169,Medium,0.3910151737640731,Stress_Induced
531:30,0.15111111111111342,0.0,0.8105726872246696,0.32056126611192765,0.394979931473324,1.568312185490169,Medium,0.39497993147332405,Stress_Induced
532:00,0.15111111111111342,0.0,0.8193832599118943,0.3234981236743359,0.39894468918257514,1.568312185490169,Medium,0.39894468918257525,Stress_Induced
532:30,0.15111111111111342,0.0,0.8193832599118943,0.3234981236743359,0.39894468918257514,1.568312185490169,Medium,0.39894468918257525,Stress_Induced
533:00,0.15111111111111342,0.0,0.8237885462555067,0.32496655245554,0.40092706803720074,1.568312185490169,Medium,0.40092706803720074,Stress_Induced
533:30,0.15111111111111342,0.0,0.828193832599119,0.32643498123674414,0.4029094468918263,1.568312185490169,Medium,0.40290944689182634,Stress_Induced
534:00,0.15111111111111342,0.0,0.828193832599119,0.32643498123674414,0.4029094468918263,1.568312185490169,Medium,0.40290944689182634,Stress_Induced
534:30,0.20000000000000284,0.0,0.8193832599118943,0.3397944199706324,0.408722466960353,1.568312185490169,Medium,0.40872246696035314,Stress_Induced
535:00,0.20000000000000284,0.0,0.7973568281938327,0.33245227606461186,0.3988105726872253,1.568312185490169,Medium,0.39881057268722536,Stress_Induced
535:30,0.20000000000000284,0.0,0.7929515418502203,0.33098384728340774,0.39682819383259976,1.568312185490169,Medium,0.39682819383259976,Stress_Induced
536:00,0.20000000000000284,0.0,0.052863436123347984,0.08428781204111695,0.06378854625550716,1.0,Low,0.06378854625550712,Stress_Induced
536:30,0.20000000000000284,0.0,0.7136563876651983,0.30455212922173375,0.36114537444933986,1.5679976135451033,Medium,0.36114537444933986,Stress_Induced
537:00,0.24888888888889227,0.0,0.7048458149779736,0.317911567955622,0.3669583945178666,1.5549891112012046,Medium,0.3669583945178666,Stress_Induced
537:30,0.24888888888889227,0.0,0.6960352422907489,0.31497471039321373,0.36299363680861546,1.5420885306626517,Medium,0.36299363680861546,Stress_Induced
538:00,0.24888888888889227,0.0,0.709251101321586,0.3193799967368261,0.36894077337249215,1.5614798158964815,Medium,0.3689407733724922,Stress_Induced
538:30,0.24888888888889227,0.0,0.7224669603524229,0.32378528308043836,0.3748879099363688,1.568312185490169,Medium,0.3748879099363688,Stress_Induced
539:00,0.24888888888889227,0.0,0.7312775330396476,0.3267221406428466,0.3788526676456199,1.568312185490169,Medium,0.3788526676456199,Stress_Induced
539:30,0.24888888888889227,0.0,0.7180616740088107,0.32231685429923435,0.3729055310817433,1.568312185490169,Medium,0.3729055310817433,Stress_Induced
540:00,0.24888888888889227,0.0,0.7180616740088107,0.32231685429923435,0.3729055310817433,1.568312185490169,Medium,0.3729055310817433,Stress_Induced
540:30,0.24888888888889227,0.0,0.7268722466960352,0.3252537118616425,0.3768702887909943,1.568312185490169,Medium,0.3768702887909943,Stress_Induced
541:00,0.24888888888889227,0.0,0.07488986784140972,0.107926252243434,0.08347821830641283,1.0,Low,0.08347821830641278,Stress_Induced
541:30,0.24888888888889227,0.0,0.08370044052863435,0.1108631098058422,0.08744297601566392,1.0,Low,0.08744297601566386,Stress_Induced
542:00,0.24888888888889227,0.0,0.7665198237885463,0.3384695708924796,0.39471169848262433,1.568312185490169,Medium,0.39471169848262433,Stress_Induced
542:30,0.30222222222222683,0.0,0.09691629955947134,0.13304617392723272,0.10405677924620747,1.0161139606391372,Low,0.10405677924620742,Stress_Induced
543:00,0.24888888888889227,0.0,0.7929515418502203,0.34728014357970416,0.40660597161037765,1.568312185490169,Medium,0.40660597161037765,Stress_Induced
