Timestamp,Object Temperature(F),Heart Rate Ear(BPM),GSR,Feature_Mean,Weighted_Stress,QuantityIndex_Stress,StressIndex_Level,Predicted_Stress,Condition
00:00,0.0,0.1794871794871793,0.581818181818182,0.25376845376845375,0.32463869463869466,1.2385550549461892,Low,0.3246386946386951,Base
00:30,0.023280423280422013,0.1794871794871793,0.581818181818182,0.26152859486192775,0.32929477929477907,1.2385550549461892,Low,0.3292947792947795,Base
01:00,0.03597883597883467,0.1794871794871793,0.5636363636363635,0.2597007930341258,0.3236526436526433,1.2224845711840742,Low,0.3236526436526437,Base
01:30,0.047619047619045674,0.1794871794871793,0.581818181818182,0.269641469641469,0.3341625041625038,1.2385550549461892,Low,0.3341625041625042,Base
02:00,0.05925925925925668,0.1794871794871793,0.5999999999999996,0.2795821462488119,0.34467236467236395,1.254836797365006,Low,0.3446723646723644,Base
02:30,0.07089947089946946,0.1794871794871793,0.6181818181818182,0.28952282285615566,0.35518222518222486,1.2713325755952594,Low,0.3551822251822252,Base
03:00,0.08253968253968047,0.1794871794871793,0.6363636363636367,0.2994634994634988,0.3656920856920854,1.2880452032994785,Low,0.3656920856920858,Base
03:30,0.09523809523809312,0.1794871794871793,0.6363636363636367,0.303696303696303,0.36823176823176795,1.2880452032994785,Low,0.3682317682317683,Base
04:00,0.1068783068783059,0.1794871794871793,0.6545454545454543,0.3136369803036465,0.37874162874162837,1.3049775311279141,Low,0.3787416287416288,Base
04:30,0.11851851851851691,0.23076923076923062,0.6727272727272728,0.3406716740050068,0.4072002072002069,1.398293087755474,Medium,0.4072002072002073,Base
05:00,0.13015873015872792,0.23076923076923062,0.6727272727272728,0.3445517445517438,0.40952824952824907,1.398293087755474,Medium,0.40952824952824946,Base
05:30,0.14285714285714235,0.23076923076923062,0.6363636363636367,0.33666333666333653,0.3957042957042957,1.3622422687666682,Medium,0.39570429570429605,Base
06:00,0.15449735449735336,0.23076923076923062,0.5636363636363635,0.31630098296764914,0.36530506530506496,1.292905056061797,Low,0.3653050653050653,Base
06:30,0.16613756613756436,0.23076923076923062,0.5454545454545459,0.31412044745378026,0.35945128945128924,1.2761293708579613,Low,0.35945128945128957,Base
07:00,0.17777777777777715,0.23076923076923062,0.5636363636363635,0.32406112406112375,0.36996114996114976,1.292905056061797,Low,0.36996114996115004,Base
07:30,0.1904761904761898,0.23076923076923062,0.581818181818182,0.33435453435453416,0.38068265068265056,1.309901270328348,Low,0.38068265068265095,Base
08:00,0.2021164021164008,0.23076923076923062,0.5999999999999996,0.34429521096187704,0.39119251119251075,1.32712091267884,Low,0.3911925111925111,Base
08:30,0.2137566137566136,0.23076923076923062,0.6181818181818182,0.3542358875692208,0.4017023717023716,1.3445669202443271,Medium,0.4017023717023719,Base
09:00,0.2137566137566136,0.23076923076923062,0.6181818181818182,0.3542358875692208,0.4017023717023716,1.3445669202443271,Medium,0.4017023717023719,Base
09:30,0.22645502645502624,0.1794871794871793,0.581818181818182,0.32925346258679583,0.36992969992969993,1.2385550549461892,Low,0.36992969992970026,Base
10:00,0.23809523809523725,0.1794871794871793,0.5636363636363635,0.3270729270729267,0.3640759240759238,1.2224845711840742,Low,0.3640759240759241,Base
10:30,0.24973544973545003,0.1794871794871793,0.581818181818182,0.33701360368027045,0.3745857845857847,1.2385550549461892,Low,0.374585784585785,Base
11:00,0.26137566137566104,0.1794871794871793,0.5999999999999996,0.3469542802876133,0.3850956450956448,1.254836797365006,Low,0.38509564509564514,Base
11:30,0.26137566137566104,0.1794871794871793,0.5999999999999996,0.3469542802876133,0.3850956450956448,1.254836797365006,Low,0.38509564509564514,Base
12:00,0.2740740740740719,0.1794871794871793,0.581818181818182,0.3451264784598111,0.37945350945350903,1.2385550549461892,Low,0.37945350945350936,Base
12:30,0.2857142857142847,0.1794871794871793,0.5636363636363635,0.3429459429459425,0.3735997335997333,1.2224845711840742,Low,0.3735997335997336,Base
13:00,0.2857142857142847,0.1794871794871793,0.581818181818182,0.34900654900654865,0.3817815517815516,1.2385550549461892,Low,0.38178155178155193,Base
13:30,0.2973544973544957,0.1794871794871793,0.6181818181818182,0.36500783167449774,0.40047323047323014,1.2713325755952594,Low,0.40047323047323036,Base
14:00,0.3089947089947067,0.1794871794871793,0.6363636363636367,0.3749485082818409,0.41098309098309066,1.2880452032994785,Low,0.4109830909830909,Base
14:30,0.3206349206349195,0.1794871794871793,0.6363636363636367,0.3788285788285785,0.4133111333111332,1.2880452032994785,Low,0.41331113331113345,Base
15:00,0.3206349206349195,0.02564102564102555,0.6545454545454543,0.3336071336071331,0.3676467976467973,1.277830363144235,Low,0.3676467976467977,Base
15:30,0.33333333333333215,0.02564102564102555,0.6545454545454543,0.3378399378399373,0.3701864801864798,1.277830363144235,Low,0.37018648018648026,Base
16:00,0.33333333333333215,0.02564102564102555,0.6727272727272728,0.34390054390054353,0.37836829836829816,1.2946284091774514,Low,0.37836829836829855,Base
16:30,0.34497354497354316,0.02564102564102555,0.6727272727272728,0.34778061444728053,0.3806963406963404,1.2946284091774514,Low,0.3806963406963408,Base
17:00,0.35661375661375594,0.02564102564102555,0.6727272727272728,0.3516606849940181,0.3830243830243829,1.2946284091774514,Low,0.38302438302438335,Base
17:30,0.36825396825396695,0.02564102564102555,0.6727272727272728,0.3555407555407551,0.38535242535242514,1.2946284091774514,Low,0.38535242535242553,Base
18:00,0.36825396825396695,0.02564102564102555,0.6909090909090905,0.36160136160136097,0.3935342435342431,1.3116472782233863,Low,0.3935342435342435,Base
18:30,0.36825396825396695,0.02564102564102555,0.709090909090909,0.3676619676619672,0.4017160617160614,1.3288898731674639,Medium,0.40171606171606183,Base
19:00,0.3809523809523796,0.02564102564102555,0.709090909090909,0.3718947718947714,0.4042557442557439,1.3288898731674639,Medium,0.40425574425574434,Base
19:30,0.3925925925925924,0.02564102564102555,0.6909090909090905,0.3697142363809028,0.3984019684019682,1.3116472782233863,Low,0.39840196840196856,Base
20:00,0.3925925925925924,0.10256410256410242,0.6727272727272728,0.38929465596132257,0.4171432271432271,1.2946284091774514,Low,0.4171432271432275,Base
20:30,0.4042328042328034,0.10256410256410242,0.6545454545454543,0.38711412044745336,0.41128945128945094,1.277830363144235,Low,0.41128945128945127,Base
21:00,0.4042328042328034,0.10256410256410242,0.6545454545454543,0.38711412044745336,0.41128945128945094,1.277830363144235,Low,0.41128945128945127,Base
21:30,0.4158730158730144,0.10256410256410242,0.6545454545454543,0.39099419099419036,0.41361749361749317,1.277830363144235,Low,0.41361749361749345,Base
22:00,0.4158730158730144,0.10256410256410242,0.6545454545454543,0.39099419099419036,0.41361749361749317,1.277830363144235,Low,0.41361749361749345,Base
22:30,0.4285714285714288,0.10256410256410242,0.6545454545454543,0.39522699522699517,0.41615717615717607,1.277830363144235,Low,0.41615717615717635,Base
23:00,0.4285714285714288,0.10256410256410242,0.6545454545454543,0.39522699522699517,0.41615717615717607,1.277830363144235,Low,0.41615717615717635,Base
23:30,0.44021164021163983,0.10256410256410242,0.6545454545454543,0.3991070657737322,0.41848521848521825,1.2804824298350481,Low,0.4184852184852185,Base
24:00,0.44021164021163983,0.5897435897435894,0.6727272727272728,0.5675608342275007,0.597179857179857,1.8409780982781332,Medium,0.5971798571798572,Base
24:30,0.45185185185185084,0.5897435897435894,0.6727272727272728,0.5714409047742377,0.5995078995078993,1.845953708272121,Medium,0.5995078995078994,Base
25:00,0.45185185185185084,0.5897435897435894,0.6727272727272728,0.5714409047742377,0.5995078995078993,1.845953708272121,Medium,0.5995078995078994,Base
25:30,0.46455026455026527,0.5897435897435894,0.6909090909090905,0.5817343150676484,0.6102294002294001,1.8757349974391018,Medium,0.6102294002294001,Base
26:00,0.46455026455026527,0.5897435897435894,0.6909090909090905,0.5817343150676484,0.6102294002294001,1.8757349974391018,Medium,0.6102294002294001,Base
26:30,0.4761904761904763,0.5897435897435894,0.709090909090909,0.5916749916749916,0.6207392607392606,1.905529142315086,Medium,0.6207392607392607,Base
27:00,0.4761904761904763,0.5897435897435894,0.709090909090909,0.5916749916749916,0.6207392607392606,1.905529142315086,Medium,0.6207392607392607,Base
27:30,0.4761904761904763,0.5897435897435894,0.7272727272727275,0.5977355977355977,0.628921078921079,1.9305787632768874,Medium,0.6289210789210791,Base
28:00,0.4878306878306873,0.5897435897435894,0.709090909090909,0.5955550622217286,0.6230673030673028,1.9106792143627682,Medium,0.623067303067303,Base
28:30,0.4878306878306873,0.46153846153846123,0.709090909090909,0.5528200194866858,0.5781955081955079,1.8710801892613562,Medium,0.578195508195508,Base
29:00,0.49947089947090006,0.46153846153846123,0.7272727272727275,0.5627606960940296,0.5887053687053688,1.9008003972382552,Medium,0.588705368705369,Base
29:30,0.49947089947090006,0.46153846153846123,0.7454545454545451,0.5688213021546354,0.5968871868871868,1.9257878552715706,Medium,0.5968871868871869,Base
30:00,0.5121693121693109,0.46153846153846123,0.7454545454545451,0.5730541063874391,0.599426869426869,1.9314665434288059,Medium,0.5994268694268691,Base
30:30,0.5121693121693109,0.46153846153846123,0.7454545454545451,0.5730541063874391,0.599426869426869,1.9314665434288059,Medium,0.5994268694268691,Base
31:00,0.5121693121693109,0.46153846153846123,0.7454545454545451,0.5730541063874391,0.599426869426869,1.9314665434288059,Medium,0.5994268694268691,Base
31:30,0.523809523809522,0.46153846153846123,0.7454545454545451,0.5769341769341761,0.6017549117549111,1.9366867164691723,Medium,0.6017549117549112,Base
32:00,0.523809523809522,0.46153846153846123,0.7454545454545451,0.5769341769341761,0.6017549117549111,1.9366867164691723,Medium,0.6017549117549112,Base
32:30,0.523809523809522,0.46153846153846123,0.7636363636363637,0.5829947829947822,0.6099367299367295,1.962145927295184,Medium,0.6099367299367296,Base
33:00,0.5354497354497347,0.3846153846153846,0.7636363636363637,0.5612338279004944,0.5853416953416952,1.8089169013933255,Medium,0.5853416953416953,Base
33:30,0.5354497354497347,0.3846153846153846,0.7636363636363637,0.5612338279004944,0.5853416953416952,1.8089169013933255,Medium,0.5853416953416953,Base
34:00,0.5470899470899457,0.3846153846153846,0.7636363636363637,0.5651138984472314,0.5876697376697374,1.8138058596168285,Medium,0.5876697376697376,Base
34:30,0.5470899470899457,0.3846153846153846,0.7818181818181822,0.5711745045078375,0.5958515558515557,1.8376497086940962,Medium,0.5958515558515559,Base
35:00,0.5470899470899457,0.3846153846153846,0.7454545454545451,0.5590532923866252,0.5794879194879191,1.7902713889461908,Medium,0.5794879194879192,Base
35:30,0.5587301587301567,0.3846153846153846,0.7272727272727275,0.5568727568727563,0.5736341436341433,1.7718180661646792,Medium,0.5736341436341436,Base
36:00,0.5587301587301567,0.3846153846153846,0.7272727272727275,0.5568727568727563,0.5736341436341433,1.7718180661646792,Medium,0.5736341436341436,Base
36:30,0.5587301587301567,0.3846153846153846,0.7454545454545451,0.5629333629333622,0.5818159618159613,1.795109953958519,Medium,0.5818159618159614,Base
37:00,0.5714285714285712,0.5384615384615383,0.7454545454545451,0.6184482184482182,0.6382017982017979,1.999631873244233,Medium,0.638201798201798,Base
37:30,0.5714285714285712,0.5384615384615383,0.7636363636363637,0.6245088245088244,0.6463836163836163,2.025918545736184,High,0.6463836163836164,Base
38:00,0.5830687830687822,0.5384615384615383,0.7636363636363637,0.6283888950555614,0.6487116587116586,2.031393994125602,High,0.6487116587116586,Base
38:30,0.5830687830687822,0.5384615384615383,0.7818181818181822,0.6344495011161676,0.6568934768934769,2.0580982037054687,High,0.6568934768934769,Base
39:00,0.5830687830687822,0.5384615384615383,0.7818181818181822,0.6344495011161676,0.6568934768934769,2.0580982037054687,High,0.6568934768934769,Base
39:30,0.5830687830687822,0.5384615384615383,0.7999999999999998,0.6405101071767735,0.6650752950752947,2.085153460305926,High,0.6650752950752948,Base
40:00,0.5947089947089932,0.5384615384615383,0.7999999999999998,0.6443901777235105,0.667403337403337,2.090789002850294,High,0.667403337403337,Base
40:30,0.5947089947089932,0.5384615384615383,0.7999999999999998,0.6443901777235105,0.667403337403337,2.090789002850294,High,0.667403337403337,Base
41:00,0.5947089947089932,0.5384615384615383,0.7999999999999998,0.6443901777235105,0.667403337403337,2.090789002850294,High,0.667403337403337,Base
41:30,0.5947089947089932,0.33333333333333304,0.7999999999999998,0.576014109347442,0.5956084656084651,1.7799455237400934,Medium,0.5956084656084654,Base
42:00,0.5947089947089932,0.33333333333333304,0.7999999999999998,0.576014109347442,0.5956084656084651,1.7799455237400934,Medium,0.5956084656084654,Base
42:30,0.606349206349206,0.33333333333333304,0.7999999999999998,0.5798941798941796,0.5979365079365077,1.7847561810450114,Medium,0.5979365079365079,Base
43:00,0.606349206349206,0.33333333333333304,0.7999999999999998,0.5798941798941796,0.5979365079365077,1.7847561810450114,Medium,0.5979365079365079,Base
43:30,0.6190476190476186,0.33333333333333304,0.7999999999999998,0.5841269841269838,0.6004761904761902,1.7900190004989356,Medium,0.6004761904761904,Base
44:00,0.6190476190476186,0.33333333333333304,0.8181818181818183,0.59018759018759,0.6086580086580086,1.8135501533326541,Medium,0.6086580086580088,Base
44:30,0.6190476190476186,0.33333333333333304,0.8181818181818183,0.59018759018759,0.6086580086580086,1.8135501533326541,Medium,0.6086580086580088,Base
45:00,0.6306878306878296,0.33333333333333304,0.8181818181818183,0.594067660734327,0.6109860509860507,1.8184516338423677,Medium,0.610986050986051,Base
45:30,0.6306878306878296,0.33333333333333304,0.836363636363636,0.6001282667949329,0.6191678691678686,1.8423565551335612,Medium,0.6191678691678689,Base
46:00,0.6306878306878296,0.33333333333333304,0.836363636363636,0.6001282667949329,0.6191678691678686,1.8423565551335612,Medium,0.6191678691678689,Base
46:30,0.6306878306878296,0.0512820512820511,0.836363636363636,0.5061111727778389,0.52044992044992,1.5250149869661405,Medium,0.5204499204499203,Base
47:00,0.6423280423280424,0.0512820512820511,0.8545454545454545,0.5160518493851827,0.5309597809597809,1.5492383007720625,Medium,0.5309597809597812,Base
47:30,0.6423280423280424,0.0512820512820511,0.8545454545454545,0.5160518493851827,0.5309597809597809,1.5492383007720625,Medium,0.5309597809597812,Base
48:00,0.6539682539682534,0.0512820512820511,0.8545454545454545,0.5199319199319197,0.5332878232878231,1.5534254258549733,Medium,0.5332878232878234,Base
48:30,0.6539682539682534,0.0512820512820511,0.836363636363636,0.5138713138713135,0.5251060051060048,1.5332694400696314,Medium,0.5251060051060051,Base
49:00,0.6539682539682534,0.0512820512820511,0.836363636363636,0.5138713138713135,0.5251060051060048,1.5332694400696314,Medium,0.5251060051060051,Base
49:30,0.6539682539682534,0.0512820512820511,0.836363636363636,0.5138713138713135,0.5251060051060048,1.5332694400696314,Medium,0.5251060051060051,Base
50:00,0.6666666666666661,0.0512820512820511,0.8545454545454545,0.5241647241647239,0.5358275058275056,1.5580061061956476,Medium,0.5358275058275059,Base
50:30,0.6666666666666661,0.6153846153846154,0.8545454545454545,0.712198912198912,0.7332634032634031,2.2109159058123837,High,0.7332634032634032,Base
51:00,0.6666666666666661,0.6153846153846154,0.872727272727273,0.7182595182595182,0.7414452214452215,2.239980066621665,High,0.7414452214452215,Base
51:30,0.6666666666666661,0.6153846153846154,0.872727272727273,0.7182595182595182,0.7414452214452215,2.239980066621665,High,0.7414452214452215,Base
52:00,0.6783068783068789,0.6153846153846154,0.872727272727273,0.7221395888062557,0.7437732637732641,2.246034058907745,High,0.7437732637732641,Base
52:30,0.6783068783068789,0.6153846153846154,0.872727272727273,0.7221395888062557,0.7437732637732641,2.246034058907745,High,0.7437732637732641,Base
53:00,0.6783068783068789,0.6153846153846154,0.872727272727273,0.7221395888062557,0.7437732637732641,2.246034058907745,High,0.7437732637732641,Base
53:30,0.6899470899470899,0.6153846153846154,0.872727272727273,0.7260196593529927,0.7461013061013063,2.2521044133138024,High,0.7461013061013063,Base
54:00,0.6899470899470899,0.6153846153846154,0.872727272727273,0.7260196593529927,0.7461013061013063,2.2521044133138024,High,0.7461013061013063,Base
54:30,0.6899470899470899,0.6153846153846154,0.872727272727273,0.7260196593529927,0.7461013061013063,2.2521044133138024,High,0.7461013061013063,Base
55:00,0.6899470899470899,0.6153846153846154,0.872727272727273,0.7260196593529927,0.7461013061013063,2.2521044133138024,High,0.7461013061013063,Base
55:30,0.7026455026455025,0.20512820512820507,0.872727272727273,0.5935003268336602,0.6050512450512451,1.671689649607119,Medium,0.6050512450512453,Base
56:00,0.7026455026455025,0.20512820512820507,0.872727272727273,0.5935003268336602,0.6050512450512451,1.671689649607119,Medium,0.6050512450512453,Base
56:30,0.7026455026455025,0.20512820512820507,0.8909090909090907,0.599560932894266,0.6132330632330631,1.6936652736784188,Medium,0.6132330632330633,Base
57:00,0.7142857142857153,0.20512820512820507,0.8909090909090907,0.6034410034410037,0.6155611055611057,1.6982427414223682,Medium,0.6155611055611058,Base
57:30,0.7142857142857153,0.20512820512820507,0.9090909090909092,0.6095016095016098,0.623742923742924,1.7205674259570152,Medium,0.6237429237429243,Base
58:00,0.7142857142857153,0.20512820512820507,0.9090909090909092,0.6095016095016098,0.623742923742924,1.7205674259570152,Medium,0.6237429237429243,Base
58:30,0.7142857142857153,0.20512820512820507,0.9090909090909092,0.6095016095016098,0.623742923742924,1.7205674259570152,Medium,0.6237429237429243,Base
59:00,0.7142857142857153,0.20512820512820507,0.9090909090909092,0.6095016095016098,0.623742923742924,1.7205674259570152,Medium,0.6237429237429243,Base
59:30,0.7259259259259263,0.20512820512820507,0.9090909090909092,0.6133816800483468,0.6260709660709661,1.7252176021258292,Medium,0.6260709660709665,Base
60:00,0.7259259259259263,0.20512820512820507,0.9272727272727268,0.6194422861089527,0.6342527842527841,1.7478968915946709,Medium,0.6342527842527844,Base
60:30,0.7259259259259263,0.0,0.9272727272727268,0.5510662177328843,0.5624579124579123,1.6642721882288192,Medium,0.5624579124579127,Base
61:00,0.7259259259259263,0.0,0.9272727272727268,0.5510662177328843,0.5624579124579123,1.6642721882288192,Medium,0.5624579124579127,Base
61:30,0.7375661375661373,0.0,0.9272727272727268,0.5549462882796213,0.5647859547859545,1.6687702153048676,Medium,0.564785954785955,Base
62:00,0.7375661375661373,0.0,0.9272727272727268,0.5549462882796213,0.5647859547859545,1.6687702153048676,Medium,0.564785954785955,Base
62:30,0.7375661375661373,0.0,0.9454545454545453,0.5610068943402275,0.5729677729677729,1.6837472940083473,Medium,0.5729677729677732,Base
63:00,0.75026455026455,0.0,0.9454545454545453,0.5652396985730318,0.5755074555074554,1.6887122623936708,Medium,0.5755074555074556,Base
63:30,0.75026455026455,0.0,0.9454545454545453,0.5652396985730318,0.5755074555074554,1.6887122623936708,Medium,0.5755074555074556,Base
64:00,0.75026455026455,0.0,0.9454545454545453,0.5652396985730318,0.5755074555074554,1.6887122623936708,Medium,0.5755074555074556,Base
64:30,0.75026455026455,0.7435897435897436,0.9454545454545453,0.8131029464362797,0.8357638657638657,2.3963967704743596,High,0.8357638657638656,Base
65:00,0.761904761904761,0.7435897435897436,0.9454545454545453,0.8169830169830167,0.8380919080919079,2.4028735100574563,High,0.8380919080919078,Base
65:30,0.761904761904761,0.7435897435897436,0.9454545454545453,0.8169830169830167,0.8380919080919079,2.4028735100574563,High,0.8380919080919078,Base
66:00,0.761904761904761,0.7435897435897436,0.9454545454545453,0.8169830169830167,0.8380919080919079,2.4028735100574563,High,0.8380919080919078,Base
66:30,0.761904761904761,0.7435897435897436,0.9454545454545453,0.8169830169830167,0.8380919080919079,2.4028735100574563,High,0.8380919080919078,Base
67:00,0.761904761904761,0.7435897435897436,0.9636363636363638,0.8230436230436228,0.8462737262737262,2.4028735100574563,High,0.8462737262737262,Base
67:30,0.773544973544972,0.7435897435897436,0.9636363636363638,0.8269236935903598,0.8486017686017684,2.4093677543193044,High,0.8486017686017685,Base
68:00,0.773544973544972,0.7435897435897436,0.9636363636363638,0.8269236935903598,0.8486017686017684,2.4093677543193044,High,0.8486017686017685,Base
68:30,0.773544973544972,0.7435897435897436,0.9636363636363638,0.8269236935903598,0.8486017686017684,2.4093677543193044,High,0.8486017686017685,Base
69:00,0.773544973544972,0.2564102564102564,0.9818181818181815,0.6705911372578033,0.6862707662707659,1.8858829168095481,Medium,0.686270766270766,Base
69:30,0.7851851851851848,0.2564102564102564,0.9818181818181815,0.6744712078045408,0.6885988085988084,1.8909798910196955,Medium,0.6885988085988086,Base
70:00,0.7851851851851848,0.2564102564102564,0.9818181818181815,0.6744712078045408,0.6885988085988084,1.8909798910196955,Medium,0.6885988085988086,Base
70:30,0.7851851851851848,0.2564102564102564,0.9818181818181815,0.6744712078045408,0.6885988085988084,1.8909798910196955,Medium,0.6885988085988086,Base
71:00,0.7851851851851848,0.2564102564102564,0.9818181818181815,0.6744712078045408,0.6885988085988084,1.8909798910196955,Medium,0.6885988085988086,Base
71:30,0.7851851851851848,0.2564102564102564,0.9818181818181815,0.6744712078045408,0.6885988085988084,1.8909798910196955,Medium,0.6885988085988086,Base
72:00,0.7968253968253958,0.2564102564102564,0.9818181818181815,0.6783512783512778,0.6909268509268506,1.896090640817853,Medium,0.6909268509268508,Base
72:30,0.7968253968253958,1.0,0.9818181818181815,0.9262145262145257,0.9511832611832608,2.4224089462466423,High,0.9511832611832607,Base
73:00,0.7968253968253958,1.0,0.9636363636363638,0.9201539201539198,0.9430014430014428,2.4224089462466423,High,0.9430014430014427,Base
73:30,0.7968253968253958,1.0,0.9272727272727268,0.9080327080327075,0.9266378066378063,2.4008614078665924,High,0.926637806637806,Base
74:00,0.7968253968253958,1.0,0.9272727272727268,0.9080327080327075,0.9266378066378063,2.4008614078665924,High,0.926637806637806,Base
74:30,0.7968253968253958,1.0,0.9272727272727268,0.9080327080327075,0.9266378066378063,2.4008614078665924,High,0.926637806637806,Base
75:00,0.8095238095238084,1.0,0.9454545454545453,0.9183261183261179,0.9373593073593071,2.4295520513178355,High,0.9373593073593068,Base
75:30,0.8095238095238084,1.0,0.9454545454545453,0.9183261183261179,0.9373593073593071,2.4295520513178355,High,0.9373593073593068,Base
76:00,0.8095238095238084,1.0,0.9454545454545453,0.9183261183261179,0.9373593073593071,2.4295520513178355,High,0.9373593073593068,Base
76:30,0.8095238095238084,1.0,0.9636363636363638,0.9243867243867241,0.9455411255411253,2.4295520513178355,High,0.9455411255411252,Base
77:00,0.8095238095238084,0.35897435897435903,0.9636363636363638,0.7107115107115104,0.7211821511821511,2.127082502436757,High,0.7211821511821512,Base
77:30,0.8211640211640212,0.35897435897435903,0.9636363636363638,0.7145915812582481,0.7235101935101937,2.132831366568851,High,0.7235101935101939,Base
78:00,0.8211640211640212,0.35897435897435903,0.9454545454545453,0.7085309751976419,0.7153283753283753,2.132831366568851,High,0.7153283753283753,Base
78:30,0.8211640211640212,0.35897435897435903,0.9636363636363638,0.7145915812582481,0.7235101935101937,2.132831366568851,High,0.7235101935101939,Base
79:00,0.8211640211640212,0.35897435897435903,0.9636363636363638,0.7145915812582481,0.7235101935101937,2.132831366568851,High,0.7235101935101939,Base
79:30,0.8211640211640212,0.35897435897435903,0.9636363636363638,0.7145915812582481,0.7235101935101937,2.132831366568851,High,0.7235101935101939,Base
80:00,0.8211640211640212,0.35897435897435903,0.9454545454545453,0.7085309751976419,0.7153283753283753,2.132831366568851,High,0.7153283753283753,Base
80:30,0.8328042328042322,0.35897435897435903,0.9636363636363638,0.7184716518049851,0.7258382358382359,2.138595768151312,High,0.7258382358382359,Base
81:00,0.8328042328042322,0.35897435897435903,0.9636363636363638,0.7184716518049851,0.7258382358382359,2.138595768151312,High,0.7258382358382359,Base
81:30,0.8328042328042322,0.28205128205128194,0.9636363636363638,0.6928306261639593,0.6989151589151589,1.966273075380597,Medium,0.6989151589151591,Base
82:00,0.8328042328042322,0.28205128205128194,0.9818181818181815,0.6988912322245652,0.7070969770969768,1.966273075380597,Medium,0.7070969770969769,Base
82:30,0.8328042328042322,0.28205128205128194,0.9818181818181815,0.6988912322245652,0.7070969770969768,1.966273075380597,Medium,0.7070969770969769,Base
83:00,0.8328042328042322,0.28205128205128194,0.9818181818181815,0.6988912322245652,0.7070969770969768,1.966273075380597,Medium,0.7070969770969769,Base
83:30,0.8328042328042322,0.28205128205128194,0.9818181818181815,0.6988912322245652,0.7070969770969768,1.966273075380597,Medium,0.7070969770969769,Base
84:00,0.8328042328042322,0.28205128205128194,0.9818181818181815,0.6988912322245652,0.7070969770969768,1.966273075380597,Medium,0.7070969770969769,Base
84:30,0.8328042328042322,0.28205128205128194,1.0,0.7049518382851714,0.7152787952787951,1.966273075380597,Medium,0.7152787952787952,Base
85:00,0.8328042328042322,0.28205128205128194,1.0,0.7049518382851714,0.7152787952787951,1.966273075380597,Medium,0.7152787952787952,Base
85:30,0.8444444444444432,0.28205128205128194,1.0,0.7088319088319084,0.7176068376068373,1.9715873200062788,Medium,0.7176068376068375,Base
86:00,0.8444444444444432,0.3076923076923075,1.0,0.7173789173789169,0.7265811965811962,2.0275783251829993,High,0.7265811965811965,Base
86:30,0.8444444444444432,0.3076923076923075,0.9454545454545453,0.6991970991970987,0.7020357420357417,2.0275783251829993,High,0.7020357420357418,Base
87:00,0.8444444444444432,0.3076923076923075,0.7818181818181822,0.6446516446516443,0.6283993783993782,1.810180294886599,Medium,0.6283993783993783,Base
87:30,0.8444444444444432,0.3076923076923075,0.6909090909090905,0.6143486143486138,0.587490287490287,1.6957514047369395,Medium,0.5874902874902871,Base
88:00,0.8444444444444432,0.3076923076923075,0.6909090909090905,0.6143486143486138,0.587490287490287,1.6957514047369395,Medium,0.5874902874902871,Base
88:30,0.8444444444444432,0.3076923076923075,0.709090909090909,0.6204092204092199,0.5956721056721053,1.7180433387676597,Medium,0.5956721056721054,Base
89:00,0.8444444444444432,0.3076923076923075,0.7272727272727275,0.6264698264698261,0.6038539238539237,1.7406283171216466,Medium,0.6038539238539238,Base
89:30,0.8571428571428577,0.3076923076923075,0.7272727272727275,0.6307026307026309,0.6063936063936066,1.7457610140506112,Medium,0.6063936063936066,Base
90:00,0.8571428571428577,0.3076923076923075,0.7272727272727275,0.6307026307026309,0.6063936063936066,1.7457610140506112,Medium,0.6063936063936066,Base
90:30,0.8571428571428577,0.3076923076923075,0.7454545454545451,0.6367632367632368,0.6145754245754245,1.7687103621979328,Medium,0.6145754245754246,Base
91:00,0.8571428571428577,0.15384615384615374,0.7272727272727275,0.5794205794205797,0.5525474525474527,1.4860959207172229,Medium,0.5525474525474529,Base
91:30,0.8571428571428577,0.15384615384615374,0.709090909090909,0.5733599733599735,0.5443656343656345,1.4668135478687514,Medium,0.5443656343656346,Base
92:00,0.8571428571428577,0.15384615384615374,0.6909090909090905,0.5672993672993673,0.5361838161838162,1.4477813674186872,Medium,0.5361838161838162,Base
92:30,0.8571428571428577,0.15384615384615374,0.6909090909090905,0.5672993672993673,0.5361838161838162,1.4477813674186872,Medium,0.5361838161838162,Base
93:00,0.8571428571428577,0.15384615384615374,0.709090909090909,0.5733599733599735,0.5443656343656345,1.4668135478687514,Medium,0.5443656343656346,Base
93:30,0.8571428571428577,0.15384615384615374,0.709090909090909,0.5733599733599735,0.5443656343656345,1.4668135478687514,Medium,0.5443656343656346,Base
94:00,0.8687830687830687,0.15384615384615374,0.6909090909090905,0.5711794378461043,0.5385118585118583,1.4516942849311634,Medium,0.5385118585118583,Base
94:30,0.8687830687830687,0.8461538461538463,0.6363636363636367,0.7837668504335172,0.7562740962740965,1.9808995223400594,Medium,0.7562740962740961,Base
95:00,0.8571428571428577,0.8461538461538463,0.6363636363636367,0.7798867798867802,0.7539460539460543,1.975560177471186,Medium,0.753946053946054,Base
95:30,0.8687830687830687,0.8461538461538463,0.6545454545454543,0.7898274564941231,0.7644559144559144,2.0069399439196234,Medium,0.7644559144559141,Base
96:00,0.8687830687830687,0.8461538461538463,0.6727272727272728,0.7958880625547292,0.7726377326377327,2.03332268652476,High,0.7726377326377324,Base
96:30,0.8687830687830687,0.8461538461538463,0.6727272727272728,0.7958880625547292,0.7726377326377327,2.03332268652476,High,0.7726377326377324,Base
97:00,0.8687830687830687,0.8461538461538463,0.6727272727272728,0.7958880625547292,0.7726377326377327,2.03332268652476,High,0.7726377326377324,Base
97:30,0.8687830687830687,0.8461538461538463,0.6909090909090905,0.8019486686153351,0.7808195508195507,2.0600522502241074,High,0.7808195508195505,Base
98:00,0.8687830687830687,0.8461538461538463,0.6909090909090905,0.8019486686153351,0.7808195508195507,2.0600522502241074,High,0.7808195508195505,Base
98:30,0.8687830687830687,0.8461538461538463,0.709090909090909,0.8080092746759413,0.789001369001369,2.0871331942431137,High,0.7890013690013687,Base
99:00,0.8687830687830687,0.3846153846153846,0.709090909090909,0.6541631208297874,0.6274629074629073,1.879186639065893,Medium,0.6274629074629074,Base
99:30,0.8687830687830687,0.3846153846153846,0.7272727272727275,0.6602237268903935,0.6356447256447257,1.9038899679102324,Medium,0.6356447256447257,Base
100:00,0.8804232804232797,0.3846153846153846,0.7272727272727275,0.6641037974371305,0.6379727679727679,1.9090356097625973,Medium,0.6379727679727679,Base
100:30,0.8804232804232797,0.3846153846153846,0.7272727272727275,0.6641037974371305,0.6379727679727679,1.9090356097625973,Medium,0.6379727679727679,Base
101:00,0.8804232804232797,0.3846153846153846,0.7272727272727275,0.6641037974371305,0.6379727679727679,1.9090356097625973,Medium,0.6379727679727679,Base
101:30,0.8804232804232797,0.3846153846153846,0.7454545454545451,0.6701644034977364,0.6461545861545859,1.9341313258895272,Medium,0.6461545861545859,Base
102:00,0.8804232804232797,0.3846153846153846,0.7454545454545451,0.6701644034977364,0.6461545861545859,1.9341313258895272,Medium,0.6461545861545859,Base
102:30,0.8804232804232797,0.3846153846153846,0.7636363636363637,0.6762250095583426,0.6543364043364042,1.9595569441747542,Medium,0.6543364043364042,Base
103:00,0.8804232804232797,0.3846153846153846,0.7636363636363637,0.6762250095583426,0.6543364043364042,1.9595569441747542,Medium,0.6543364043364042,Base
103:30,0.8804232804232797,0.20512820512820507,0.7454545454545451,0.6103353436686766,0.583334073334073,1.5898442991053745,Medium,0.583334073334073,Base
104:00,0.8804232804232797,0.20512820512820507,0.7454545454545451,0.6103353436686766,0.583334073334073,1.5898442991053745,Medium,0.583334073334073,Base
104:30,0.8920634920634924,0.20512820512820507,0.7272727272727275,0.6081548081548084,0.5774802974802976,1.573456889796998,Medium,0.5774802974802978,Base
105:00,0.8804232804232797,0.20512820512820507,0.709090909090909,0.5982141315474646,0.5669704369704367,1.5488549031415892,Medium,0.5669704369704368,Base
105:30,0.8804232804232797,0.20512820512820507,0.7272727272727275,0.6042747376080707,0.5751522551522551,1.569215771620036,Medium,0.5751522551522552,Base
106:00,0.8920634920634924,0.20512820512820507,0.7272727272727275,0.6081548081548084,0.5774802974802976,1.573456889796998,Medium,0.5774802974802978,Base
106:30,0.8920634920634924,0.20512820512820507,0.709090909090909,0.6020942020942022,0.5692984792984793,1.55304099201604,Medium,0.5692984792984794,Base
107:00,0.8920634920634924,0.20512820512820507,0.6909090909090905,0.596033596033596,0.561116661116661,1.5328899943317449,Medium,0.5611166611166611,Base
107:30,0.8920634920634924,0.20512820512820507,0.709090909090909,0.6020942020942022,0.5692984792984793,1.55304099201604,Medium,0.5692984792984794,Base
108:00,0.8920634920634924,0.35897435897435903,0.709090909090909,0.6533762533762535,0.6231446331446332,1.8371840250779348,Medium,0.6231446331446333,Base
108:30,0.8920634920634924,0.35897435897435903,0.6909090909090905,0.6473156473156473,0.6149628149628149,1.8133462183327875,Medium,0.6149628149628149,Base
109:00,0.8920634920634924,0.35897435897435903,0.6727272727272728,0.6412550412550414,0.606780996780997,1.7898177115938814,Medium,0.606780996780997,Base
109:30,0.8920634920634924,0.35897435897435903,0.709090909090909,0.6533762533762535,0.6231446331446332,1.8371840250779348,Medium,0.6231446331446333,Base
110:00,0.8920634920634924,0.35897435897435903,0.7272727272727275,0.6594368594368597,0.6313264513264515,1.8613351978117019,Medium,0.6313264513264516,Base
110:30,0.8920634920634924,0.35897435897435903,0.7272727272727275,0.6594368594368597,0.6313264513264515,1.8613351978117019,Medium,0.6313264513264516,Base
111:00,0.9047619047619051,0.35897435897435903,0.7272727272727275,0.6636696636696638,0.633866133866134,1.866823830485091,Medium,0.6338661338661341,Base
111:30,0.8920634920634924,0.35897435897435903,0.7454545454545451,0.6654974654974656,0.6395082695082694,1.8858038559668813,Medium,0.6395082695082696,Base
112:00,0.8920634920634924,0.35897435897435903,0.7272727272727275,0.6594368594368597,0.6313264513264515,1.8613351978117019,Medium,0.6313264513264516,Base
112:30,0.8920634920634924,0.35897435897435903,0.709090909090909,0.6533762533762535,0.6231446331446332,1.8371840250779348,Medium,0.6231446331446333,Base
113:00,0.9047619047619051,0.07692307692307687,0.7272727272727275,0.5696525696525698,0.5351481851481853,1.5025956953294899,Medium,0.5351481851481855,Base
113:30,0.9047619047619051,0.07692307692307687,0.7272727272727275,0.5696525696525698,0.5351481851481853,1.5025956953294899,Medium,0.5351481851481855,Base
114:00,0.9047619047619051,0.07692307692307687,0.7272727272727275,0.5696525696525698,0.5351481851481853,1.5025956953294899,Medium,0.5351481851481855,Base
114:30,0.9047619047619051,0.07692307692307687,0.7272727272727275,0.5696525696525698,0.5351481851481853,1.5025956953294899,Medium,0.5351481851481855,Base
115:00,0.9047619047619051,0.07692307692307687,0.7272727272727275,0.5696525696525698,0.5351481851481853,1.5025956953294899,Medium,0.5351481851481855,Base
115:30,0.9047619047619051,0.07692307692307687,0.7454545454545451,0.5757131757131757,0.5433300033300033,1.522348451553993,Medium,0.5433300033300034,Base
116:00,0.9047619047619051,0.07692307692307687,0.7454545454545451,0.5757131757131757,0.5433300033300033,1.522348451553993,Medium,0.5433300033300034,Base
116:30,0.9047619047619051,0.07692307692307687,0.7454545454545451,0.5757131757131757,0.5433300033300033,1.522348451553993,Medium,0.5433300033300034,Base
117:00,0.9047619047619051,0.4871794871794872,0.709090909090909,0.7003441003441004,0.6705561105561106,2.104617995470562,High,0.6705561105561105,Base
117:30,0.9047619047619051,0.4871794871794872,0.6909090909090905,0.6942834942834942,0.6623742923742924,2.0773101828815332,High,0.6623742923742922,Base
118:00,0.9047619047619051,0.4871794871794872,0.709090909090909,0.7003441003441004,0.6705561105561106,2.104617995470562,High,0.6705561105561105,Base
118:30,0.9047619047619051,0.4871794871794872,0.7272727272727275,0.7064047064047067,0.6787379287379289,2.132284789898,High,0.6787379287379289,Base
119:00,0.9047619047619051,0.4871794871794872,0.7272727272727275,0.7064047064047067,0.6787379287379289,2.132284789898,High,0.6787379287379289,Base
119:30,0.9047619047619051,0.4871794871794872,0.7454545454545451,0.7124653124653125,0.6869197469197468,2.1603152852514658,High,0.6869197469197468,Base
120:00,0.9047619047619051,0.4871794871794872,0.7454545454545451,0.7124653124653125,0.6869197469197468,2.1603152852514658,High,0.6869197469197468,Base
120:30,0.9164021164021161,0.4871794871794872,0.7454545454545451,0.7163453830120495,0.6892477892477891,2.166153967598374,High,0.689247789247789,Base
121:00,0.9047619047619051,0.4871794871794872,0.7454545454545451,0.7124653124653125,0.6869197469197468,2.1603152852514658,High,0.6869197469197468,Base
121:30,0.9164021164021161,0.4871794871794872,0.7636363636363637,0.7224059890726556,0.6974296074296075,2.1946296988943637,High,0.6974296074296074,Base
122:00,0.9047619047619051,0.07692307692307687,0.7636363636363637,0.5817737817737819,0.5515118215118215,1.542360872690141,Medium,0.5515118215118218,Base
122:30,0.9164021164021161,0.07692307692307687,0.7636363636363637,0.5856538523205189,0.5538398638398638,1.5465294101538243,Medium,0.5538398638398639,Base
123:00,0.9164021164021161,0.07692307692307687,0.7636363636363637,0.5856538523205189,0.5538398638398638,1.5465294101538243,Medium,0.5538398638398639,Base
123:30,0.9164021164021161,0.07692307692307687,0.7636363636363637,0.5856538523205189,0.5538398638398638,1.5465294101538243,Medium,0.5538398638398639,Base
124:00,0.9164021164021161,0.07692307692307687,0.7818181818181822,0.591714458381125,0.5620216820216821,1.5668597082691107,Medium,0.5620216820216822,Base
124:30,0.9164021164021161,0.07692307692307687,0.7818181818181822,0.591714458381125,0.5620216820216821,1.5668597082691107,Medium,0.5620216820216822,Base
125:00,0.9164021164021161,0.07692307692307687,0.7818181818181822,0.591714458381125,0.5620216820216821,1.5668597082691107,Medium,0.5620216820216822,Base
125:30,0.9164021164021161,0.07692307692307687,0.7818181818181822,0.591714458381125,0.5620216820216821,1.5668597082691107,Medium,0.5620216820216822,Base
126:00,0.9164021164021161,0.7948717948717947,0.7999999999999998,0.8370913037579703,0.8214855514855512,2.2527090874409614,High,0.8214855514855511,Base
126:30,0.9164021164021161,0.7948717948717947,0.7999999999999998,0.8370913037579703,0.8214855514855512,2.2527090874409614,High,0.8214855514855511,Base
127:00,0.9164021164021161,0.7948717948717947,0.8181818181818183,0.8431519098185764,0.8296673696673696,2.282322651214142,High,0.8296673696673694,Base
127:30,0.9164021164021161,0.7948717948717947,0.8181818181818183,0.8431519098185764,0.8296673696673696,2.282322651214142,High,0.8296673696673694,Base
128:00,0.9164021164021161,0.7948717948717947,0.7999999999999998,0.8370913037579703,0.8214855514855512,2.2527090874409614,High,0.8214855514855511,Base
128:30,0.9164021164021161,0.7948717948717947,0.8181818181818183,0.8431519098185764,0.8296673696673696,2.282322651214142,High,0.8296673696673694,Base
129:00,0.9164021164021161,0.7948717948717947,0.8181818181818183,0.8431519098185764,0.8296673696673696,2.282322651214142,High,0.8296673696673694,Base
129:30,0.9164021164021161,0.7948717948717947,0.8181818181818183,0.8431519098185764,0.8296673696673696,2.282322651214142,High,0.8296673696673694,Base
130:00,0.9164021164021161,0.7948717948717947,0.836363636363636,0.8492125158791822,0.8378491878491876,2.312325507667959,High,0.8378491878491874,Base
130:30,0.9164021164021161,0.2564102564102564,0.836363636363636,0.6697253363920028,0.6493876493876491,1.8099250997264127,Medium,0.6493876493876493,Base
131:00,0.9280423280423289,0.2564102564102564,0.836363636363636,0.6736054069387404,0.6517156917156917,1.814816782806723,Medium,0.6517156917156918,Base
131:30,0.9280423280423289,0.2564102564102564,0.836363636363636,0.6736054069387404,0.6517156917156917,1.814816782806723,Medium,0.6517156917156918,Base
132:00,0.9280423280423289,0.2564102564102564,0.836363636363636,0.6736054069387404,0.6517156917156917,1.814816782806723,Medium,0.6517156917156918,Base
132:30,0.9280423280423289,0.2564102564102564,0.8545454545454545,0.6796660129993466,0.6598975098975101,1.8386739212334768,Medium,0.6598975098975101,Base
133:00,0.9280423280423289,0.2564102564102564,0.8181818181818183,0.6675448008781345,0.6435338735338738,1.7912691952183986,Medium,0.6435338735338739,Base
133:30,0.9280423280423289,0.2564102564102564,0.7818181818181822,0.6554235887569225,0.6271702371702375,1.7450866587512401,Medium,0.6271702371702376,Base
134:00,0.9280423280423289,0.2564102564102564,0.7818181818181822,0.6554235887569225,0.6271702371702375,1.7450866587512401,Medium,0.6271702371702376,Base
134:30,0.9280423280423289,0.2564102564102564,0.7818181818181822,0.6554235887569225,0.6271702371702375,1.7450866587512401,Medium,0.6271702371702376,Base
135:00,0.9280423280423289,0.3846153846153846,0.7999999999999998,0.7042192375525711,0.6802238502238502,2.0337475639154916,High,0.6802238502238503,Base
135:30,0.9280423280423289,0.3846153846153846,0.8181818181818183,0.7102798436131773,0.6884056684056686,2.0604827129493053,High,0.6884056684056686,Base
136:00,0.9280423280423289,0.3846153846153846,0.8181818181818183,0.7102798436131773,0.6884056684056686,2.0604827129493053,High,0.6884056684056686,Base
136:30,0.9280423280423289,0.3846153846153846,0.8181818181818183,0.7102798436131773,0.6884056684056686,2.0604827129493053,High,0.6884056684056686,Base
137:00,0.9280423280423289,0.3846153846153846,0.7999999999999998,0.7042192375525711,0.6802238502238502,2.0337475639154916,High,0.6802238502238503,Base
137:30,0.9280423280423289,0.3846153846153846,0.7818181818181822,0.6981586314919652,0.6720420320420324,2.0073593084466514,Medium,0.6720420320420324,Base
138:00,0.9280423280423289,0.3846153846153846,0.7999999999999998,0.7042192375525711,0.6802238502238502,2.0337475639154916,High,0.6802238502238503,Base
138:30,0.9280423280423289,0.3846153846153846,0.7999999999999998,0.7042192375525711,0.6802238502238502,2.0337475639154916,High,0.6802238502238503,Base
139:00,0.9280423280423289,0.3846153846153846,0.7999999999999998,0.7042192375525711,0.6802238502238502,2.0337475639154916,High,0.6802238502238503,Base
139:30,0.9407407407407415,0.4358974358974357,0.7454545454545451,0.7073642406975741,0.6761667961667961,2.074355802983271,High,0.676166796166796,Base
140:00,0.9407407407407415,0.4358974358974357,0.7272727272727275,0.7013036346369682,0.6679849779849781,2.0474406480084784,High,0.6679849779849781,Base
140:30,0.9407407407407415,0.4358974358974357,0.7636363636363637,0.7134248467581803,0.6843486143486145,2.1016247780153265,High,0.6843486143486145,Base
141:00,0.9407407407407415,0.4358974358974357,0.7818181818181822,0.7194854528187865,0.6925304325304328,2.129252224336748,High,0.6925304325304328,Base
141:30,0.9407407407407415,0.4358974358974357,0.7818181818181822,0.7194854528187865,0.6925304325304328,2.129252224336748,High,0.6925304325304328,Base
142:00,0.9407407407407415,0.4358974358974357,0.7818181818181822,0.7194854528187865,0.6925304325304328,2.129252224336748,High,0.6925304325304328,Base
142:30,0.9407407407407415,0.4358974358974357,0.7818181818181822,0.7194854528187865,0.6925304325304328,2.129252224336748,High,0.6925304325304328,Base
143:00,0.9407407407407415,0.4358974358974357,0.7999999999999998,0.7255460588793924,0.7007122507122506,2.1572428543236004,High,0.7007122507122506,Base
143:30,0.9407407407407415,0.4358974358974357,0.7999999999999998,0.7255460588793924,0.7007122507122506,2.1572428543236004,High,0.7007122507122506,Base
144:00,0.9407407407407415,0.15384615384615374,0.7999999999999998,0.6315289648622984,0.601994301994302,1.5964413664814652,Medium,0.6019943019943023,Base
144:30,0.9407407407407415,0.15384615384615374,0.8181818181818183,0.6375895709229046,0.6101761201761204,1.6174277949910367,Medium,0.6101761201761206,Base
145:00,0.9407407407407415,0.15384615384615374,0.8181818181818183,0.6375895709229046,0.6101761201761204,1.6174277949910367,Medium,0.6101761201761206,Base
145:30,0.9407407407407415,0.15384615384615374,0.8181818181818183,0.6375895709229046,0.6101761201761204,1.6174277949910367,Medium,0.6101761201761206,Base
146:00,0.9407407407407415,0.15384615384615374,0.8181818181818183,0.6375895709229046,0.6101761201761204,1.6174277949910367,Medium,0.6101761201761206,Base
146:30,0.9407407407407415,0.15384615384615374,0.836363636363636,0.6436501769835105,0.6183579383579383,1.6386901059669694,Medium,0.6183579383579384,Base
147:00,0.9407407407407415,0.15384615384615374,0.836363636363636,0.6436501769835105,0.6183579383579383,1.6386901059669694,Medium,0.6183579383579384,Base
147:30,0.9407407407407415,0.15384615384615374,0.836363636363636,0.6436501769835105,0.6183579383579383,1.6386901059669694,Medium,0.6183579383579384,Base
148:00,0.9407407407407415,0.15384615384615374,0.836363636363636,0.6436501769835105,0.6183579383579383,1.6386901059669694,Medium,0.6183579383579384,Base
148:30,0.9407407407407415,0.3076923076923075,0.8545454545454545,0.7009928343261679,0.6803859103859105,1.9503237512799259,Medium,0.6803859103859106,Base
149:00,0.9407407407407415,0.3076923076923075,0.8545454545454545,0.7009928343261679,0.6803859103859105,1.9503237512799259,Medium,0.6803859103859106,Base
149:30,0.9407407407407415,0.3076923076923075,0.8545454545454545,0.7009928343261679,0.6803859103859105,1.9503237512799259,Medium,0.6803859103859106,Base
150:00,0.9407407407407415,0.3076923076923075,0.8545454545454545,0.7009928343261679,0.6803859103859105,1.9503237512799259,Medium,0.6803859103859106,Base
150:30,0.9407407407407415,0.3076923076923075,0.836363636363636,0.6949322282655617,0.672204092204092,1.92501793540146,Medium,0.6722040922040922,Base
151:00,0.9523809523809526,0.3076923076923075,0.836363636363636,0.6988122988122987,0.6745321345321342,1.9302206797942083,Medium,0.6745321345321343,Base
151:30,0.9523809523809526,0.3076923076923075,0.836363636363636,0.6988122988122987,0.6745321345321342,1.9302206797942083,Medium,0.6745321345321343,Base
152:00,0.9523809523809526,0.8974358974358974,0.836363636363636,0.8953934953934953,0.8809423909423908,2.331696840549948,High,0.8809423909423906,Base
152:30,0.9407407407407415,0.8974358974358974,0.8181818181818183,0.8854528187861525,0.8704325304325305,2.2952392960645276,High,0.8704325304325305,Base
153:00,0.9407407407407415,0.8974358974358974,0.836363636363636,0.8915134248467583,0.8786143486143485,2.3254119515785723,High,0.8786143486143484,Base
153:30,0.9523809523809526,0.8974358974358974,0.836363636363636,0.8953934953934953,0.8809423909423908,2.331696840549948,High,0.8809423909423906,Base
154:00,0.9523809523809526,0.8974358974358974,0.836363636363636,0.8953934953934953,0.8809423909423908,2.331696840549948,High,0.8809423909423906,Base
154:30,0.9523809523809526,0.8974358974358974,0.8545454545454545,0.9014541014541014,0.8891242091242091,2.362348758044447,High,0.8891242091242089,Base
155:00,0.9523809523809526,0.8974358974358974,0.8545454545454545,0.9014541014541014,0.8891242091242091,2.362348758044447,High,0.8891242091242089,Base
155:30,0.9523809523809526,0.8974358974358974,0.8545454545454545,0.9014541014541014,0.8891242091242091,2.362348758044447,High,0.8891242091242089,Base
156:00,0.9523809523809526,0.8974358974358974,0.872727272727273,0.9075147075147076,0.8973060273060274,2.3934036181641414,High,0.8973060273060273,Base
156:30,0.9523809523809526,0.8974358974358974,0.872727272727273,0.9075147075147076,0.8973060273060274,2.3934036181641414,High,0.8973060273060273,Base
157:00,0.9523809523809526,0.8974358974358974,0.872727272727273,0.9075147075147076,0.8973060273060274,2.3934036181641414,High,0.8973060273060273,Base
157:30,0.9523809523809526,0.10256410256410242,0.872727272727273,0.6425574425574426,0.6191008991008993,1.6866030236099459,Medium,0.6191008991008994,Base
158:00,0.9523809523809526,0.10256410256410242,0.8909090909090907,0.6486180486180485,0.6272827172827171,1.7087746952555056,Medium,0.6272827172827173,Base
158:30,0.9523809523809526,0.10256410256410242,0.8909090909090907,0.6486180486180485,0.6272827172827171,1.7087746952555056,Medium,0.6272827172827173,Base
159:00,0.9523809523809526,0.10256410256410242,0.8909090909090907,0.6486180486180485,0.6272827172827171,1.7087746952555056,Medium,0.6272827172827173,Base
159:30,0.9523809523809526,0.10256410256410242,0.8909090909090907,0.6486180486180485,0.6272827172827171,1.7087746952555056,Medium,0.6272827172827173,Base
160:00,0.9523809523809526,0.10256410256410242,0.8545454545454545,0.6364968364968365,0.6109190809190809,1.664719033555717,Medium,0.6109190809190811,Base
160:30,0.9523809523809526,0.10256410256410242,0.8181818181818183,0.6243756243756244,0.5945554445554446,1.6217992157639605,Medium,0.5945554445554448,Base
161:00,0.9523809523809526,0.10256410256410242,0.7999999999999998,0.6183150183150182,0.5863736263736263,1.6007560672512948,Medium,0.5863736263736264,Base
161:30,0.9523809523809526,0.10256410256410242,0.7272727272727275,0.5940725940725942,0.5536463536463537,1.519278663071124,Medium,0.553646353646354,Base
162:00,0.9523809523809526,0.10256410256410242,0.6727272727272728,0.575890775890776,0.5291008991008992,1.4609039055449355,Medium,0.5291008991008993,Base
162:30,0.9523809523809526,0.41025641025641013,0.6727272727272728,0.6784548784548785,0.6367932067932068,1.9195794549366945,Medium,0.6367932067932068,Base
163:00,0.9523809523809526,0.41025641025641013,0.6363636363636367,0.6663336663336664,0.6204295704295706,1.870088820912581,Medium,0.6204295704295705,Base
163:30,0.9640211640211636,0.41025641025641013,0.5999999999999996,0.6580925247591911,0.6063939763939761,1.826798133139502,Medium,0.6063939763939761,Base
164:00,0.9523809523809526,0.41025641025641013,0.6181818181818182,0.6602730602730603,0.6122477522477523,1.8458240682799305,Medium,0.6122477522477522,Base
164:30,0.9640211640211636,0.41025641025641013,0.5636363636363635,0.645971312637979,0.5900303400303398,1.7796995889189804,Medium,0.5900303400303397,Base
165:00,0.9640211640211636,0.41025641025641013,0.5454545454545459,0.6399107065773731,0.5818485218485219,1.7566076534971786,Medium,0.5818485218485218,Base
165:30,0.9640211640211636,0.41025641025641013,0.5454545454545459,0.6399107065773731,0.5818485218485219,1.7566076534971786,Medium,0.5818485218485218,Base
166:00,0.9640211640211636,0.41025641025641013,0.5636363636363635,0.645971312637979,0.5900303400303398,1.7796995889189804,Medium,0.5900303400303397,Base
166:30,0.9640211640211636,0.41025641025641013,0.5636363636363635,0.645971312637979,0.5900303400303398,1.7796995889189804,Medium,0.5900303400303397,Base
167:00,0.9640211640211636,0.41025641025641013,0.5454545454545459,0.6399107065773731,0.5818485218485219,1.7566076534971786,Medium,0.5818485218485218,Base
167:30,0.9640211640211636,0.33333333333333304,0.5636363636363635,0.6203302869969534,0.5631072631072629,1.6362958517318626,Medium,0.5631072631072628,Base
168:00,0.9640211640211636,0.33333333333333304,0.581818181818182,0.6263908930575596,0.5712890812890812,1.6578061975759848,Medium,0.5712890812890812,Base
168:30,0.9640211640211636,0.33333333333333304,0.5999999999999996,0.6324514991181654,0.5794708994708991,1.6795993131758589,Medium,0.5794708994708991,Base
169:00,0.9640211640211636,0.33333333333333304,0.5999999999999996,0.6324514991181654,0.5794708994708991,1.6795993131758589,Medium,0.5794708994708991,Base
169:30,0.9640211640211636,0.33333333333333304,0.5999999999999996,0.6324514991181654,0.5794708994708991,1.6795993131758589,Medium,0.5794708994708991,Base
170:00,0.9640211640211636,0.33333333333333304,0.6181818181818182,0.6385121051787715,0.5876527176527175,1.7016789157536716,Medium,0.5876527176527174,Base
170:30,0.9640211640211636,0.33333333333333304,0.6181818181818182,0.6385121051787715,0.5876527176527175,1.7016789157536716,Medium,0.5876527176527174,Base
171:00,0.9640211640211636,0.33333333333333304,0.6181818181818182,0.6385121051787715,0.5876527176527175,1.7016789157536716,Medium,0.5876527176527174,Base
171:30,0.9640211640211636,0.33333333333333304,0.5999999999999996,0.6324514991181654,0.5794708994708991,1.6795993131758589,Medium,0.5794708994708991,Base
172:00,0.9640211640211636,0.33333333333333304,0.5999999999999996,0.6324514991181654,0.5794708994708991,1.6795993131758589,Medium,0.5794708994708991,Base
172:30,0.9640211640211636,0.33333333333333304,0.6181818181818182,0.6385121051787715,0.5876527176527175,1.7016789157536716,Medium,0.5876527176527174,Base
173:00,0.9640211640211636,0.33333333333333304,0.5999999999999996,0.6324514991181654,0.5794708994708991,1.6795993131758589,Medium,0.5794708994708991,Base
173:30,0.9640211640211636,0.33333333333333304,0.5999999999999996,0.6324514991181654,0.5794708994708991,1.6795993131758589,Medium,0.5794708994708991,Base
174:00,0.9756613756613763,0.33333333333333304,0.6181818181818182,0.6423921757255092,0.58998075998076,1.706278041961475,Medium,0.5899807599807599,Base
174:30,0.9756613756613763,0.28205128205128194,0.6363636363636367,0.6313587646920983,0.5802138602138605,1.6345510322716699,Medium,0.5802138602138605,Base
175:00,0.9640211640211636,0.28205128205128194,0.6363636363636367,0.6274786941453607,0.5778858178858179,1.630145240070376,Medium,0.5778858178858178,Base
175:30,0.9756613756613763,0.28205128205128194,0.6545454545454543,0.6374193707527042,0.5883956783956784,1.656038441145081,Medium,0.5883956783956784,Base
176:00,0.9756613756613763,0.28205128205128194,0.5636363636363635,0.6071163404496739,0.5474865874865875,1.5513534871652492,Medium,0.5474865874865875,Base
176:30,0.9756613756613763,0.28205128205128194,0.45454545454545414,0.5707527040860375,0.49839567839567833,1.4344294374755615,Medium,0.4983956783956782,Base
177:00,0.9756613756613763,0.28205128205128194,0.38181818181818183,0.5465102798436133,0.4656684056684058,1.36141794657063,Medium,0.4656684056684057,Base
177:30,0.9756613756613763,0.28205128205128194,0.3454545454545457,0.5343890677224014,0.4493047693047695,1.3263178431733424,Low,0.44930476930476937,Base
178:00,0.9756613756613763,0.28205128205128194,0.30909090909090864,0.5222678556011889,0.43294113294113284,1.2959767500517247,Low,0.4329411329411327,Base
178:30,0.9756613756613763,0.28205128205128194,0.23636363636363633,0.49802543135876487,0.4002138602138603,1.2959767500517247,Low,0.4002138602138602,Base
179:00,0.9756613756613763,0.2564102564102564,0.2181818181818178,0.4834178167511502,0.383057683057683,1.260188716603248,Low,0.3830576830576829,Base
179:30,0.9756613756613763,0.2564102564102564,0.20000000000000018,0.4773572106905443,0.3748758648758651,1.260188716603248,Low,0.374875864875865,Base
180:00,0.9756613756613763,0.2564102564102564,0.18181818181818166,0.4712966046299381,0.36669404669404676,1.260188716603248,Low,0.3666940466940466,Base
180:30,0.9756613756613763,0.2564102564102564,0.18181818181818166,0.4712966046299381,0.36669404669404676,1.260188716603248,Low,0.3666940466940466,Base
181:00,0.9756613756613763,0.2564102564102564,0.20000000000000018,0.4773572106905443,0.3748758648758651,1.260188716603248,Low,0.374875864875865,Base
181:30,0.9756613756613763,0.2564102564102564,0.2181818181818178,0.4834178167511502,0.383057683057683,1.260188716603248,Low,0.3830576830576829,Base
182:00,0.9756613756613763,0.2564102564102564,0.23636363636363633,0.48947842281175635,0.39123950123950135,1.260188716603248,Low,0.39123950123950124,Base
182:30,0.9756613756613763,0.2564102564102564,0.25454545454545485,0.4955390288723625,0.3994213194213197,1.260188716603248,Low,0.39942131942131953,Base
183:00,0.9756613756613763,0.2564102564102564,0.2727272727272725,0.5015996349329684,0.4076031376031376,1.260188716603248,Low,0.4076031376031375,Base
183:30,0.9756613756613763,0.2564102564102564,0.2727272727272725,0.5015996349329684,0.4076031376031376,1.260188716603248,Low,0.4076031376031375,Base
184:00,0.9756613756613763,0.1282051282051282,0.290909090909091,0.46492519825853185,0.37091316091316107,1.1345428031683225,Low,0.37091316091316107,Base
184:30,0.9756613756613763,0.1282051282051282,0.290909090909091,0.46492519825853185,0.37091316091316107,1.1345428031683225,Low,0.37091316091316107,Base
185:00,0.9756613756613763,0.1282051282051282,0.30909090909090864,0.4709858043191377,0.379094979094979,1.1345428031683225,Low,0.379094979094979,Base
185:30,0.9756613756613763,0.1282051282051282,0.32727272727272716,0.4770464103797439,0.38727679727679737,1.1460388963266812,Low,0.3872767972767973,Base
186:00,0.9756613756613763,0.1282051282051282,0.2727272727272725,0.4588645921979257,0.3627313427313428,1.1345428031683225,Low,0.36273134273134267,Base
186:30,0.9883597883597872,0.1282051282051282,0.23636363636363633,0.45097618430951725,0.34890738890738865,1.137888298759954,Low,0.3489073889073886,Base
187:00,0.9883597883597872,0.1282051282051282,0.2727272727272725,0.4630973964307293,0.36527102527102495,1.137888298759954,Low,0.36527102527102484,Base
187:30,0.9883597883597872,0.1282051282051282,0.30909090909090864,0.47521860855194137,0.3816346616346612,1.137888298759954,Low,0.3816346616346612,Base
188:00,0.9756613756613763,0.1282051282051282,0.32727272727272716,0.4770464103797439,0.38727679727679737,1.1460388963266812,Low,0.3872767972767973,Base
188:30,0.9883597883597872,0.41025641025641013,0.32727272727272716,0.5752963086296415,0.4885344285344282,1.5102976509576496,Medium,0.4885344285344281,Base
189:00,0.9883597883597872,0.41025641025641013,0.3454545454545457,0.5813569146902476,0.49671624671624653,1.5301516552107801,Medium,0.49671624671624637,Base
189:30,0.9756613756613763,0.41025641025641013,0.30909090909090864,0.5650028983362317,0.4778129278129277,1.4907517513246937,Medium,0.4778129278129275,Base
190:00,0.9883597883597872,0.41025641025641013,0.18181818181818166,0.526811460144793,0.4230798830798827,1.4951476219770359,Medium,0.42307988307988253,Base
190:30,0.9883597883597872,0.41025641025641013,0.10909090909090935,0.5025690359023689,0.39035261035261015,1.4951476219770359,Medium,0.39035261035260993,Base
191:00,0.9883597883597872,0.41025641025641013,0.16363636363636402,0.5207508540841871,0.4148980648980648,1.4951476219770359,Medium,0.4148980648980646,Base
191:30,0.9883597883597872,0.41025641025641013,0.1454545454545455,0.514690248023581,0.40671624671624645,1.4951476219770359,Medium,0.4067162467162463,Base
192:00,0.9883597883597872,0.41025641025641013,0.12727272727272698,0.5086296419629748,0.3985344285344281,1.4951476219770359,Medium,0.3985344285344279,Base
192:30,0.9883597883597872,0.41025641025641013,0.1454545454545455,0.514690248023581,0.40671624671624645,1.4951476219770359,Medium,0.4067162467162463,Base
193:00,0.9883597883597872,0.41025641025641013,0.07272727272727231,0.49044782378115653,0.3739889739889735,1.4951476219770359,Medium,0.37398897398897324,Base
193:30,0.9883597883597872,0.1282051282051282,0.054545454545454675,0.3903701237034567,0.2670892070892069,1.137888298759954,Low,0.2670892070892068,Base
194:00,0.9883597883597872,0.1282051282051282,0.09090909090909083,0.40249133582466873,0.28345284345284316,1.137888298759954,Low,0.28345284345284305,Base
194:30,0.9883597883597872,0.1282051282051282,0.12727272727272698,0.4146125479458808,0.29981647981647946,1.137888298759954,Low,0.29981647981647935,Base
195:00,0.9883597883597872,0.1282051282051282,0.1454545454545455,0.42067315400648697,0.3079982979982978,1.137888298759954,Low,0.3079982979982977,Base
195:30,0.9883597883597872,0.1282051282051282,0.16363636363636402,0.4267337600670931,0.3161801161801161,1.137888298759954,Low,0.31618011618011604,Base
196:00,0.9883597883597872,0.1282051282051282,0.18181818181818166,0.432794366127699,0.32436193436193406,1.137888298759954,Low,0.32436193436193395,Base
196:30,0.9883597883597872,0.1282051282051282,0.18181818181818166,0.432794366127699,0.32436193436193406,1.137888298759954,Low,0.32436193436193395,Base
197:00,0.9883597883597872,0.1282051282051282,0.2181818181818178,0.4449155782489111,0.3407255707255703,1.137888298759954,Low,0.3407255707255703,Base
197:30,0.9883597883597872,0.1282051282051282,0.23636363636363633,0.45097618430951725,0.34890738890738865,1.137888298759954,Low,0.3489073889073886,Base
198:00,0.9883597883597872,0.1282051282051282,0.23636363636363633,0.45097618430951725,0.34890738890738865,1.137888298759954,Low,0.3489073889073886,Base
198:30,0.9883597883597872,0.15384615384615374,0.25454545454545485,0.4655837989171319,0.36606356606356594,1.137888298759954,Low,0.3660635660635658,Base
199:00,0.9883597883597872,0.15384615384615374,0.2727272727272725,0.4716444049777378,0.3742453842453839,1.137888298759954,Low,0.3742453842453838,Base
199:30,0.9883597883597872,0.15384615384615374,0.290909090909091,0.477705011038344,0.3824272024272022,1.137888298759954,Low,0.3824272024272022,Base
200:00,0.9883597883597872,0.15384615384615374,0.30909090909090864,0.4837656170989499,0.39060902060902014,1.137888298759954,Low,0.3906090206090201,Base
200:30,0.9883597883597872,0.15384615384615374,0.30909090909090864,0.4837656170989499,0.39060902060902014,1.137888298759954,Low,0.3906090206090201,Base
201:00,0.9883597883597872,0.15384615384615374,0.32727272727272716,0.48982622315955604,0.3987908387908385,1.1494182911496813,Low,0.39879083879083843,Base
201:30,0.9883597883597872,0.15384615384615374,0.32727272727272716,0.48982622315955604,0.3987908387908385,1.1494182911496813,Low,0.39879083879083843,Base
202:00,0.9883597883597872,0.15384615384615374,0.3454545454545457,0.4958868292201622,0.40697265697265683,1.1645282634300738,Low,0.4069726569726568,Base
202:30,0.9883597883597872,0.15384615384615374,0.3636363636363633,0.5019474352807681,0.41515447515447473,1.1798368677176923,Low,0.4151544751544747,Base
203:00,0.9883597883597872,0.33333333333333304,0.38181818181818183,0.5678371011704341,0.48615680615680584,1.444087353365079,Medium,0.4861568061568057,Base
203:30,1.0,0.33333333333333304,0.3636363636363633,0.5656565656565654,0.48030303030303007,1.4292023419523505,Medium,0.4803030303030299,Base
204:00,0.9883597883597872,0.33333333333333304,0.30909090909090864,0.5435946769280097,0.4534295334295329,1.3746723698766659,Medium,0.45342953342953274,Base
204:30,0.9883597883597872,0.33333333333333304,0.25454545454545485,0.5254128587461917,0.4288840788840787,1.3746723698766659,Medium,0.42888407888407853,Base
205:00,1.0,0.33333333333333304,0.2181818181818178,0.517171717171717,0.4148484848484846,1.3783876957615393,Medium,0.4148484848484844,Base
205:30,0.9883597883597872,0.33333333333333304,0.1454545454545455,0.48904922238255527,0.37979316979316946,1.3746723698766659,Medium,0.3797931697931693,Base
206:00,0.9883597883597872,0.33333333333333304,0.09090909090909083,0.470867404200737,0.35524771524771487,1.3746723698766659,Medium,0.3552477152477147,Base
206:30,0.9883597883597872,0.33333333333333304,0.09090909090909083,0.470867404200737,0.35524771524771487,1.3746723698766659,Medium,0.3552477152477147,Base
207:00,0.9883597883597872,0.33333333333333304,0.10909090909090935,0.4769280102613432,0.3634295334295332,1.3746723698766659,Medium,0.363429533429533,Base
207:30,0.9883597883597872,0.33333333333333304,0.1454545454545455,0.48904922238255527,0.37979316979316946,1.3746723698766659,Medium,0.3797931697931693,Base
208:00,0.9883597883597872,0.33333333333333304,0.16363636363636402,0.4951098284431614,0.3879749879749878,1.3746723698766659,Medium,0.38797498797498764,Base
208:30,0.9883597883597872,0.33333333333333304,0.18181818181818166,0.5011704345037673,0.39615680615680576,1.3746723698766659,Medium,0.3961568061568056,Base
209:00,0.9883597883597872,0.33333333333333304,0.20000000000000018,0.5072310405643735,0.4043386243386241,1.3746723698766659,Medium,0.4043386243386239,Base
209:30,0.9883597883597872,0.33333333333333304,0.2181818181818178,0.5132916466249794,0.412520442520442,1.3746723698766659,Medium,0.41252044252044184,Base
210:00,1.0,0.33333333333333304,0.23636363636363633,0.5232323232323232,0.4230303030303029,1.3783876957615393,Medium,0.42303030303030276,Base
210:30,0.9883597883597872,0.33333333333333304,0.23636363636363633,0.5193522526855855,0.42070226070226036,1.3746723698766659,Medium,0.4207022607022602,Base
211:00,0.9883597883597872,0.33333333333333304,0.25454545454545485,0.5254128587461917,0.4288840788840787,1.3746723698766659,Medium,0.42888407888407853,Base
211:30,0.9883597883597872,0.33333333333333304,0.2727272727272725,0.5314734648067976,0.4370658970658966,1.3746723698766659,Medium,0.4370658970658965,Base
212:00,0.9883597883597872,0.33333333333333304,0.290909090909091,0.5375340708674038,0.44524771524771495,1.3746723698766659,Medium,0.4452477152477148,Base
212:30,0.9883597883597872,0.1794871794871793,0.290909090909091,0.4862520195853525,0.3914015614015611,1.1620624346108896,Low,0.3914015614015611,Base
213:00,1.0,0.1794871794871793,0.2727272727272725,0.4840714840714839,0.38554778554778535,1.1652031397983638,Low,0.3855477855477853,Base
213:30,1.0,0.1794871794871793,0.23636363636363633,0.4719502719502719,0.3691841491841491,1.1652031397983638,Low,0.369184149184149,Base
214:00,1.0,0.1794871794871793,0.18181818181818166,0.45376845376845365,0.3446386946386945,1.1652031397983638,Low,0.34463869463869434,Base
214:30,1.0,0.1794871794871793,0.20000000000000018,0.4598290598290598,0.35282051282051285,1.1652031397983638,Low,0.35282051282051274,Base
215:00,0.9883597883597872,0.1794871794871793,0.23636363636363633,0.4680702014035343,0.36685610685610653,1.1620624346108896,Low,0.3668561068561065,Base
215:30,0.9883597883597872,0.1794871794871793,0.23636363636363633,0.4680702014035343,0.36685610685610653,1.1620624346108896,Low,0.3668561068561065,Base
216:00,1.0,0.1794871794871793,0.20000000000000018,0.4598290598290598,0.35282051282051285,1.1652031397983638,Low,0.35282051282051274,Base
216:30,1.0,0.1794871794871793,0.10909090909090935,0.42952602952602953,0.31191142191142196,1.1652031397983638,Low,0.31191142191142185,Base
217:00,0.9883597883597872,0.23076923076923062,0.0,0.40637633970967263,0.27844118844118815,1.2290023388292504,Low,0.278441188441188,Base
217:30,0.9883597883597872,0.23076923076923062,0.0,0.40637633970967263,0.27844118844118815,1.2290023388292504,Low,0.278441188441188,Base
218:00,0.9883597883597872,0.23076923076923062,0.054545454545454675,0.4245581578914908,0.30298664298664274,1.2290023388292504,Low,0.3029866429866426,Base
218:30,0.9883597883597872,0.23076923076923062,0.07272727272727231,0.4306187639520967,0.3111684611684607,1.2290023388292504,Low,0.31116846116846053,Base
219:00,0.9883597883597872,0.23076923076923062,0.09090909090909083,0.4366793700127029,0.31935027935027904,1.2290023388292504,Low,0.3193502793502789,Base
219:30,0.9883597883597872,0.23076923076923062,0.12727272727272698,0.44880058213391494,0.3357139157139153,1.2290023388292504,Low,0.3357139157139152,Base
220:00,1.0,0.23076923076923062,0.12727272727272698,0.45268065268065255,0.33804195804195786,1.2323239624408693,Low,0.3380419580419577,Base
220:30,0.9883597883597872,0.23076923076923062,0.1454545454545455,0.4548611881945211,0.34389573389573364,1.2290023388292504,Low,0.34389573389573347,Base
221:00,1.0,0.23076923076923062,0.18181818181818166,0.47086247086247074,0.36258741258741245,1.2323239624408693,Low,0.36258741258741234,Base
221:30,0.9883597883597872,0.23076923076923062,0.18181818181818166,0.4669824003157332,0.3602593702593699,1.2290023388292504,Low,0.36025937025936977,Base
222:00,0.9883597883597872,0.15384615384615374,0.18181818181818166,0.4413413746747075,0.333336293336293,1.137888298759954,Low,0.3333362933362929,Base
222:30,1.0,0.15384615384615374,0.2181818181818178,0.45734265734265717,0.35202797202797187,1.140963668530321,Low,0.35202797202797176,Base
223:00,1.0,0.15384615384615374,0.23636363636363633,0.4634032634032634,0.36020979020979016,1.140963668530321,Low,0.36020979020979005,Base
223:30,0.9883597883597872,0.15384615384615374,0.23636363636363633,0.45952319285652576,0.3578817478817476,1.137888298759954,Low,0.35788174788174754,Base
224:00,0.9883597883597872,0.15384615384615374,0.25454545454545485,0.4655837989171319,0.36606356606356594,1.137888298759954,Low,0.3660635660635658,Base
224:30,0.9883597883597872,0.15384615384615374,0.2727272727272725,0.4716444049777378,0.3742453842453839,1.137888298759954,Low,0.3742453842453838,Base
225:00,0.9883597883597872,0.15384615384615374,0.290909090909091,0.477705011038344,0.3824272024272022,1.137888298759954,Low,0.3824272024272022,Base
225:30,0.9883597883597872,0.15384615384615374,0.2727272727272725,0.4716444049777378,0.3742453842453839,1.137888298759954,Low,0.3742453842453838,Base
226:00,0.9883597883597872,0.15384615384615374,0.23636363636363633,0.45952319285652576,0.3578817478817476,1.137888298759954,Low,0.35788174788174754,Base
226:30,0.9883597883597872,0.20512820512820507,0.23636363636363633,0.47661720995054285,0.37583046583046553,1.195063784909574,Low,0.3758304658304654,Base
227:00,0.9883597883597872,0.20512820512820507,0.20000000000000018,0.4644959978293308,0.3594668294668293,1.195063784909574,Low,0.3594668294668292,Base
227:30,0.9883597883597872,0.20512820512820507,0.18181818181818166,0.45843539176872466,0.35128501128501094,1.195063784909574,Low,0.3512850112850109,Base
228:00,0.9883597883597872,0.20512820512820507,0.2181818181818178,0.4705566038899367,0.36764864764864724,1.195063784909574,Low,0.36764864764864713,Base
228:30,0.9883597883597872,0.20512820512820507,0.25454545454545485,0.48267781601114906,0.3840122840122839,1.195063784909574,Low,0.3840122840122838,Base
229:00,0.9883597883597872,0.20512820512820507,0.2727272727272725,0.48873842207175494,0.39219410219410183,1.195063784909574,Low,0.3921941021941018,Base
229:30,0.9883597883597872,0.20512820512820507,0.2727272727272725,0.48873842207175494,0.39219410219410183,1.195063784909574,Low,0.3921941021941018,Base
230:00,0.9883597883597872,0.20512820512820507,0.25454545454545485,0.48267781601114906,0.3840122840122839,1.195063784909574,Low,0.3840122840122838,Base
230:30,0.9883597883597872,0.6666666666666665,0.2181818181818178,0.6244027577360906,0.5291871091871088,1.6147403586942397,Medium,0.5291871091871084,Base
231:00,0.9883597883597872,0.6666666666666665,0.18181818181818166,0.6122815456148785,0.5128234728234724,1.6147403586942397,Medium,0.5128234728234722,Base
231:30,0.9883597883597872,0.6666666666666665,0.12727272727272698,0.5940997274330603,0.48827801827801787,1.6147403586942397,Medium,0.48827801827801753,Base
232:00,0.9756613756613763,0.6666666666666665,0.1454545454545455,0.5959275292608628,0.493920153920154,1.6099928744661935,Medium,0.49392015392015365,Base
232:30,0.9883597883597872,0.6666666666666665,0.16363636363636402,0.6062209395542726,0.5046416546416546,1.6147403586942397,Medium,0.5046416546416542,Base
233:00,0.9883597883597872,0.6666666666666665,0.20000000000000018,0.6183421516754847,0.5210052910052908,1.6147403586942397,Medium,0.5210052910052905,Base
233:30,0.9883597883597872,0.6666666666666665,0.2181818181818178,0.6244027577360906,0.5291871091871088,1.6147403586942397,Medium,0.5291871091871084,Base
234:00,0.9883597883597872,0.6666666666666665,0.16363636363636402,0.6062209395542726,0.5046416546416546,1.6147403586942397,Medium,0.5046416546416542,Base
234:30,0.9883597883597872,0.6666666666666665,0.10909090909090935,0.5880391213724544,0.4800962000961999,1.6147403586942397,Medium,0.4800962000961996,Base
235:00,0.9756613756613763,0.33333333333333304,0.1454545454545455,0.4848164181497516,0.3772534872534873,1.3706307074759085,Medium,0.3772534872534871,Base
235:30,0.9756613756613763,0.33333333333333304,0.18181818181818166,0.49693763027096366,0.3936171236171236,1.3706307074759085,Medium,0.3936171236171234,Base
236:00,0.9883597883597872,0.33333333333333304,0.20000000000000018,0.5072310405643735,0.4043386243386241,1.3746723698766659,Medium,0.4043386243386239,Base
236:30,0.9883597883597872,0.33333333333333304,0.2181818181818178,0.5132916466249794,0.412520442520442,1.3746723698766659,Medium,0.41252044252044184,Base
237:00,0.9883597883597872,0.33333333333333304,0.2181818181818178,0.5132916466249794,0.412520442520442,1.3746723698766659,Medium,0.41252044252044184,Base
237:30,0.9883597883597872,0.33333333333333304,0.23636363636363633,0.5193522526855855,0.42070226070226036,1.3746723698766659,Medium,0.4207022607022602,Base
238:00,0.9883597883597872,0.33333333333333304,0.23636363636363633,0.5193522526855855,0.42070226070226036,1.3746723698766659,Medium,0.4207022607022602,Base
238:30,0.9756613756613763,0.33333333333333304,0.25454545454545485,0.5211800545133881,0.4263443963443965,1.3706307074759085,Medium,0.42634439634439636,Base
239:00,0.9756613756613763,0.33333333333333304,0.25454545454545485,0.5211800545133881,0.4263443963443965,1.3706307074759085,Medium,0.42634439634439636,Base
239:30,0.9756613756613763,0.33333333333333304,0.2727272727272725,0.527240660573994,0.4345262145262144,1.3706307074759085,Medium,0.4345262145262143,Base
240:00,0.9883597883597872,0.1794871794871793,0.2727272727272725,0.4801914135247463,0.38321974321974284,1.1620624346108896,Low,0.3832197432197427,Base
240:30,0.9756613756613763,0.1794871794871793,0.290909090909091,0.4820192153525489,0.38886187886187895,1.1586458648505467,Low,0.38886187886187895,Base
241:00,0.9756613756613763,0.1794871794871793,0.30909090909090864,0.48807982141315476,0.3970436970436969,1.1586458648505467,Low,0.3970436970436968,Base
241:30,0.9883597883597872,0.1794871794871793,0.30909090909090864,0.4923126256459584,0.3995833795833791,1.1620624346108896,Low,0.399583379583379,Base
242:00,0.9756613756613763,0.1794871794871793,0.32727272727272716,0.4941404274737609,0.40522551522551525,1.1703861894664818,Low,0.4052255152255152,Base
242:30,0.9756613756613763,0.1794871794871793,0.3454545454545457,0.5002010335343671,0.4134073334073336,1.1857718006198454,Low,0.4134073334073335,Base
243:00,0.9756613756613763,0.1794871794871793,0.3636363636363633,0.506261639594973,0.4215891515891515,1.2013596672617752,Low,0.42158915158915145,Base
243:30,0.9756613756613763,0.1794871794871793,0.3636363636363633,0.506261639594973,0.4215891515891515,1.2013596672617752,Low,0.42158915158915145,Base
244:00,0.9756613756613763,0.1794871794871793,0.3636363636363633,0.506261639594973,0.4215891515891515,1.2013596672617752,Low,0.42158915158915145,Base
244:30,0.9756613756613763,0.28205128205128194,0.38181818181818183,0.5465102798436133,0.4656684056684058,1.36141794657063,Medium,0.4656684056684057,Base
245:00,0.9756613756613763,0.28205128205128194,0.38181818181818183,0.5465102798436133,0.4656684056684058,1.36141794657063,Medium,0.4656684056684057,Base
245:30,0.9883597883597872,0.28205128205128194,0.38181818181818183,0.550743084076417,0.46820808820808796,1.3654324427411586,Medium,0.4682080882080879,Base
246:00,0.9756613756613763,0.28205128205128194,0.38181818181818183,0.5465102798436133,0.4656684056684058,1.36141794657063,Medium,0.4656684056684057,Base
246:30,0.9756613756613763,0.28205128205128194,0.38181818181818183,0.5465102798436133,0.4656684056684058,1.36141794657063,Medium,0.4656684056684057,Base
247:00,0.9883597883597872,0.28205128205128194,0.40000000000000036,0.5568036901370231,0.4763899063899063,1.3833820843289317,Medium,0.4763899063899062,Base
247:30,0.9756613756613763,0.28205128205128194,0.40000000000000036,0.5525708859042195,0.47385022385022413,1.3793148145716911,Medium,0.473850223850224,Base
248:00,0.9756613756613763,0.28205128205128194,0.418181818181818,0.5586314919648254,0.48203204203204203,1.3974469504308358,Medium,0.482032042032042,Base
248:30,0.9756613756613763,0.28205128205128194,0.4363636363636365,0.5646920980254316,0.4902138602138604,1.415817446921899,Medium,0.49021386021386026,Base
249:00,0.9756613756613763,0.28205128205128194,0.45454545454545414,0.5707527040860375,0.49839567839567833,1.4344294374755615,Medium,0.4983956783956782,Base
249:30,0.9756613756613763,0.1794871794871793,0.45454545454545414,0.5365646698980032,0.4624982424982424,1.2824271238543605,Low,0.46249824249824234,Base
250:00,0.9756613756613763,0.1794871794871793,0.47272727272727266,0.5426252759586094,0.47068006068006074,1.2992855977817948,Low,0.47068006068006074,Base
250:30,0.9756613756613763,0.1794871794871793,0.47272727272727266,0.5426252759586094,0.47068006068006074,1.2992855977817948,Low,0.47068006068006074,Base
251:00,0.9756613756613763,0.1794871794871793,0.47272727272727266,0.5426252759586094,0.47068006068006074,1.2992855977817948,Low,0.47068006068006074,Base
251:30,0.9756613756613763,0.1794871794871793,0.4909090909090912,0.5486858820192156,0.47886187886187903,1.3163656890922955,Low,0.47886187886187903,Base
252:00,0.9883597883597872,0.1794871794871793,0.4909090909090912,0.5529186862520192,0.4814015614015612,1.3202473369221832,Low,0.4814015614015612,Base
252:30,0.9756613756613763,0.1794871794871793,0.5090909090909088,0.5547464880798215,0.487043697043697,1.3336703111138821,Medium,0.487043697043697,Base
253:00,0.9756613756613763,0.1794871794871793,0.5272727272727273,0.5608070941404276,0.49522551522551533,1.3512024154724762,Medium,0.4952255152255154,Base
253:30,0.9756613756613763,0.1794871794871793,0.5272727272727273,0.5608070941404276,0.49522551522551533,1.3512024154724762,Medium,0.4952255152255154,Base
254:00,0.9756613756613763,0.20512820512820507,0.5454545454545459,0.5754147087480425,0.5123816923816926,1.4078421578161695,Medium,0.5123816923816926,Base
254:30,0.9756613756613763,0.20512820512820507,0.5454545454545459,0.5754147087480425,0.5123816923816926,1.4078421578161695,Medium,0.5123816923816926,Base
255:00,0.9756613756613763,0.20512820512820507,0.5636363636363635,0.5814753148086483,0.5205635105635107,1.4263493071660307,Medium,0.5205635105635106,Base
255:30,0.9756613756613763,0.20512820512820507,0.5636363636363635,0.5814753148086483,0.5205635105635107,1.4263493071660307,Medium,0.5205635105635106,Base
256:00,0.9756613756613763,0.20512820512820507,0.5636363636363635,0.5814753148086483,0.5205635105635107,1.4263493071660307,Medium,0.5205635105635106,Base
256:30,0.9756613756613763,0.20512820512820507,0.581818181818182,0.5875359208692544,0.528745328745329,1.4450997469836175,Medium,0.528745328745329,Base
257:00,0.9756613756613763,0.20512820512820507,0.5999999999999996,0.5935965269298603,0.5369271469271468,1.4640966755060296,Medium,0.5369271469271469,Base
257:30,0.9756613756613763,0.20512820512820507,0.5999999999999996,0.5935965269298603,0.5369271469271468,1.4640966755060296,Medium,0.5369271469271469,Base
258:00,0.9756613756613763,0.20512820512820507,0.5999999999999996,0.5935965269298603,0.5369271469271468,1.4640966755060296,Medium,0.5369271469271469,Base
258:30,0.9756613756613763,0.20512820512820507,0.581818181818182,0.5875359208692544,0.528745328745329,1.4450997469836175,Medium,0.528745328745329,Base
259:00,0.9756613756613763,0.20512820512820507,0.581818181818182,0.5875359208692544,0.528745328745329,1.4450997469836175,Medium,0.528745328745329,Base
259:30,0.9756613756613763,0.20512820512820507,0.5999999999999996,0.5935965269298603,0.5369271469271468,1.4640966755060296,Medium,0.5369271469271469,Base
260:00,0.9756613756613763,0.07692307692307687,0.5999999999999996,0.5508614841948176,0.492055352055352,1.3940498376308164,Medium,0.4920553520553521,Base
260:30,0.9756613756613763,0.07692307692307687,0.5999999999999996,0.5508614841948176,0.492055352055352,1.3940498376308164,Medium,0.4920553520553521,Base
261:00,0.9756613756613763,0.07692307692307687,0.6181818181818182,0.5569220902554238,0.5002371702371704,1.4123756765062516,Medium,0.5002371702371704,Base
261:30,0.9756613756613763,0.07692307692307687,0.6363636363636367,0.5629826963160299,0.5084189884189887,1.4309424223861733,Medium,0.5084189884189888,Base
262:00,0.9756613756613763,0.07692307692307687,0.6363636363636367,0.5629826963160299,0.5084189884189887,1.4309424223861733,Medium,0.5084189884189888,Base
262:30,0.9756613756613763,0.07692307692307687,0.6545454545454543,0.5690433023766358,0.5166008066008065,1.4497532421752557,Medium,0.5166008066008068,Base
263:00,0.9756613756613763,0.07692307692307687,0.6545454545454543,0.5690433023766358,0.5166008066008065,1.4497532421752557,Medium,0.5166008066008068,Base
263:30,0.9756613756613763,0.07692307692307687,0.6727272727272728,0.575103908437242,0.5247826247826249,1.4688113444095314,Medium,0.524782624782625,Base
264:00,0.9756613756613763,0.6923076923076921,0.6727272727272728,0.7802321135654471,0.7401672401672402,2.0843425138572003,High,0.74016724016724,Base
264:30,0.9756613756613763,0.6923076923076921,0.6909090909090905,0.786292719626053,0.7483490583490582,2.111742771752629,High,0.7483490583490581,Base
265:00,0.9756613756613763,0.6923076923076921,0.6909090909090905,0.786292719626053,0.7483490583490582,2.111742771752629,High,0.7483490583490581,Base
265:30,0.9756613756613763,0.6923076923076921,0.6909090909090905,0.786292719626053,0.7483490583490582,2.111742771752629,High,0.7483490583490581,Base
266:00,0.9756613756613763,0.6923076923076921,0.709090909090909,0.7923533256866592,0.7565308765308765,2.1395032267499006,High,0.7565308765308764,Base
266:30,0.9756613756613763,0.6923076923076921,0.709090909090909,0.7923533256866592,0.7565308765308765,2.1395032267499006,High,0.7565308765308764,Base
267:00,0.9756613756613763,0.6923076923076921,0.7272727272727275,0.7984139317472653,0.7647126947126949,2.167628613912189,High,0.7647126947126947,Base
267:30,0.9756613756613763,0.6923076923076921,0.7272727272727275,0.7984139317472653,0.7647126947126949,2.167628613912189,High,0.7647126947126947,Base
268:00,0.9756613756613763,0.4871794871794872,0.7272727272727275,0.730037863371197,0.6929178229178232,2.167628613912189,High,0.6929178229178231,Base
268:30,0.9756613756613763,0.4871794871794872,0.709090909090909,0.7239772573105908,0.6847360047360048,2.1395032267499006,High,0.6847360047360048,Base
269:00,0.9756613756613763,0.4871794871794872,0.6545454545454543,0.7057954391287726,0.6601905501905503,2.057297779438767,High,0.6601905501905502,Base
269:30,0.9756613756613763,0.4871794871794872,0.6363636363636367,0.6997348330681668,0.6520087320087323,2.0306039555136444,High,0.6520087320087322,Base
270:00,0.9756613756613763,0.4871794871794872,0.6545454545454543,0.7057954391287726,0.6601905501905503,2.057297779438767,High,0.6601905501905502,Base
270:30,0.9756613756613763,0.4871794871794872,0.6545454545454543,0.7057954391287726,0.6601905501905503,2.057297779438767,High,0.6601905501905502,Base
271:00,0.9756613756613763,0.4871794871794872,0.6727272727272728,0.7118560451893788,0.6683723683723686,2.0843425138572003,High,0.6683723683723685,Base
271:30,0.9756613756613763,0.4871794871794872,0.6727272727272728,0.7118560451893788,0.6683723683723686,2.0843425138572003,High,0.6683723683723685,Base
272:00,0.9756613756613763,0.4871794871794872,0.6727272727272728,0.7118560451893788,0.6683723683723686,2.0843425138572003,High,0.6683723683723685,Base
272:30,0.9756613756613763,0.3076923076923075,0.6727272727272728,0.6520269853603189,0.6055518555518556,1.725456308922434,Medium,0.6055518555518556,Base
273:00,0.9756613756613763,0.3076923076923075,0.6181818181818182,0.6338451671785007,0.5810064010064011,1.6591596537375495,Medium,0.581006401006401,Base
273:30,0.9756613756613763,0.3076923076923075,0.6181818181818182,0.6338451671785007,0.5810064010064011,1.6591596537375495,Medium,0.581006401006401,Base
274:00,0.9756613756613763,0.3076923076923075,0.6181818181818182,0.6338451671785007,0.5810064010064011,1.6591596537375495,Medium,0.581006401006401,Base
274:30,0.9756613756613763,0.3076923076923075,0.5999999999999996,0.6277845611178945,0.5728245828245827,1.6376317465462908,Medium,0.5728245828245827,Base
275:00,0.9756613756613763,0.3076923076923075,0.581818181818182,0.6217239550572886,0.5646427646427647,1.6163831679820235,Medium,0.5646427646427647,Base
275:30,0.9756613756613763,0.3076923076923075,0.581818181818182,0.6217239550572886,0.5646427646427647,1.6163831679820235,Medium,0.5646427646427647,Base
276:00,0.9756613756613763,0.3076923076923075,0.581818181818182,0.6217239550572886,0.5646427646427647,1.6163831679820235,Medium,0.5646427646427647,Base
276:30,0.9756613756613763,0.3076923076923075,0.5999999999999996,0.6277845611178945,0.5728245828245827,1.6376317465462908,Medium,0.5728245828245827,Base
277:00,0.9756613756613763,0.3076923076923075,0.6181818181818182,0.6338451671785007,0.5810064010064011,1.6591596537375495,Medium,0.581006401006401,Base
277:30,0.9756613756613763,0.2564102564102564,0.6181818181818182,0.6167511500844837,0.5630576830576832,1.5687904292086854,Medium,0.5630576830576831,Base
278:00,0.9756613756613763,0.2564102564102564,0.6181818181818182,0.6167511500844837,0.5630576830576832,1.5687904292086854,Medium,0.5630576830576831,Base
278:30,0.9756613756613763,0.2564102564102564,0.6181818181818182,0.6167511500844837,0.5630576830576832,1.5687904292086854,Medium,0.5630576830576831,Base
279:00,0.9756613756613763,0.2564102564102564,0.6363636363636367,0.6228117561450898,0.5712395012395015,1.5894133652465123,Medium,0.5712395012395015,Base
279:30,0.9756613756613763,0.2564102564102564,0.6363636363636367,0.6228117561450898,0.5712395012395015,1.5894133652465123,Medium,0.5712395012395015,Base
280:00,0.9756613756613763,0.2564102564102564,0.6181818181818182,0.6167511500844837,0.5630576830576832,1.5687904292086854,Medium,0.5630576830576831,Base
280:30,0.9756613756613763,0.2564102564102564,0.5999999999999996,0.6106905440238775,0.5548758648758648,1.5484350796276731,Medium,0.5548758648758648,Base
281:00,0.9756613756613763,0.2564102564102564,0.581818181818182,0.6046299379632716,0.5466940466940469,1.5283438445190927,Medium,0.5466940466940469,Base
281:30,0.9756613756613763,0.5897435897435894,0.581818181818182,0.7157410490743826,0.6633607133607134,1.9525827100265163,Medium,0.6633607133607133,Base
282:00,0.9756613756613763,0.5897435897435894,0.5999999999999996,0.7218016551349885,0.6715425315425314,1.9782508857035908,Medium,0.6715425315425313,Base
282:30,0.9756613756613763,0.5897435897435894,0.5999999999999996,0.7218016551349885,0.6715425315425314,1.9782508857035908,Medium,0.6715425315425313,Base
283:00,0.9756613756613763,0.5897435897435894,0.5999999999999996,0.7218016551349885,0.6715425315425314,1.9782508857035908,Medium,0.6715425315425313,Base
283:30,0.9756613756613763,0.5897435897435894,0.5999999999999996,0.7218016551349885,0.6715425315425314,1.9782508857035908,Medium,0.6715425315425313,Base
284:00,0.9756613756613763,0.5897435897435894,0.6181818181818182,0.7278622611955946,0.6797243497243497,2.00425648895247,Medium,0.6797243497243496,Base
284:30,0.9756613756613763,0.5897435897435894,0.6181818181818182,0.7278622611955946,0.6797243497243497,2.00425648895247,Medium,0.6797243497243496,Base
285:00,0.9756613756613763,0.5897435897435894,0.6181818181818182,0.7278622611955946,0.6797243497243497,2.00425648895247,Medium,0.6797243497243496,Base
285:30,0.9756613756613763,0.5897435897435894,0.6363636363636367,0.7339228672562008,0.6879061679061681,2.0306039555136444,High,0.6879061679061679,Base
286:00,0.9756613756613763,0.5897435897435894,0.6363636363636367,0.7339228672562008,0.6879061679061681,2.0306039555136444,High,0.6879061679061679,Base
286:30,0.9756613756613763,0.0512820512820511,0.6363636363636367,0.5544356877690214,0.4994446294446297,1.4309424223861733,Medium,0.49944462944462975,Base
287:00,0.9756613756613763,0.0512820512820511,0.6545454545454543,0.5604962938296273,0.5076264476264476,1.4497532421752557,Medium,0.5076264476264477,Base
287:30,0.9756613756613763,0.0512820512820511,0.6545454545454543,0.5604962938296273,0.5076264476264476,1.4497532421752557,Medium,0.5076264476264477,Base
288:00,0.9756613756613763,0.0512820512820511,0.6545454545454543,0.5604962938296273,0.5076264476264476,1.4497532421752557,Medium,0.5076264476264477,Base
288:30,0.9756613756613763,0.0512820512820511,0.6545454545454543,0.5604962938296273,0.5076264476264476,1.4497532421752557,Medium,0.5076264476264477,Base
289:00,0.9756613756613763,0.0512820512820511,0.6727272727272728,0.5665568998902334,0.5158082658082659,1.4688113444095314,Medium,0.5158082658082661,Base
289:30,0.9756613756613763,0.0512820512820511,0.6727272727272728,0.5665568998902334,0.5158082658082659,1.4688113444095314,Medium,0.5158082658082661,Base
290:00,0.9756613756613763,0.0512820512820511,0.6909090909090905,0.5726175059508393,0.523990083990084,1.4881199798036613,Medium,0.5239900839900841,Base
290:30,0.9756613756613763,0.0512820512820511,0.6909090909090905,0.5726175059508393,0.523990083990084,1.4881199798036613,Medium,0.5239900839900841,Base
291:00,0.9640211640211636,0.23076923076923062,0.6909090909090905,0.6285664952331615,0.5844825544825542,1.6029458133343126,Medium,0.5844825544825542,Base
291:30,0.9756613756613763,0.23076923076923062,0.709090909090909,0.6385071718405053,0.5949924149924151,1.6284069791472018,Medium,0.5949924149924151,Base
292:00,0.9756613756613763,0.23076923076923062,0.6909090909090905,0.6324465657798991,0.5868105968105968,1.6072780936673094,Medium,0.5868105968105968,Base
292:30,0.9640211640211636,0.23076923076923062,0.6909090909090905,0.6285664952331615,0.5844825544825542,1.6029458133343126,Medium,0.5844825544825542,Base
293:00,0.9640211640211636,0.23076923076923062,0.709090909090909,0.6346271012937678,0.5926643726643724,1.6240177477144648,Medium,0.5926643726643726,Base
293:30,0.9640211640211636,0.23076923076923062,0.709090909090909,0.6346271012937678,0.5926643726643724,1.6240177477144648,Medium,0.5926643726643726,Base
294:00,0.9640211640211636,0.23076923076923062,0.7272727272727275,0.6406877073543739,0.6008461908461908,1.6453666886002813,Medium,0.6008461908461908,Base
294:30,0.9640211640211636,0.23076923076923062,0.7272727272727275,0.6406877073543739,0.6008461908461908,1.6453666886002813,Medium,0.6008461908461908,Base
295:00,0.9640211640211636,0.23076923076923062,0.7272727272727275,0.6406877073543739,0.6008461908461908,1.6453666886002813,Medium,0.6008461908461908,Base
295:30,0.9640211640211636,0.23076923076923062,0.7272727272727275,0.6406877073543739,0.6008461908461908,1.6453666886002813,Medium,0.6008461908461908,Base
296:00,0.9756613756613763,0.15384615384615374,0.7454545454545451,0.6249873583206917,0.5844329744329744,1.5475822364662661,Medium,0.5844329744329745,Base
296:30,0.9640211640211636,0.15384615384615374,0.7454545454545451,0.6211072877739542,0.5821049321049319,1.5434108611995006,Medium,0.582104932104932,Base
297:00,0.9640211640211636,0.15384615384615374,0.7636363636363637,0.6271678938345603,0.5902867502867503,1.563700163631477,Medium,0.5902867502867503,Base
297:30,0.9640211640211636,0.15384615384615374,0.7636363636363637,0.6271678938345603,0.5902867502867503,1.563700163631477,Medium,0.5902867502867503,Base
298:00,0.9640211640211636,0.15384615384615374,0.7818181818181822,0.6332284998951665,0.5984685684685686,1.5842561842805687,Medium,0.5984685684685687,Base
298:30,0.9640211640211636,0.15384615384615374,0.7818181818181822,0.6332284998951665,0.5984685684685686,1.5842561842805687,Medium,0.5984685684685687,Base
299:00,0.9640211640211636,0.15384615384615374,0.7636363636363637,0.6271678938345603,0.5902867502867503,1.563700163631477,Medium,0.5902867502867503,Base
299:30,0.9640211640211636,0.15384615384615374,0.7636363636363637,0.6271678938345603,0.5902867502867503,1.563700163631477,Medium,0.5902867502867503,Base
300:00,0.9640211640211636,0.15384615384615374,0.7636363636363637,0.6271678938345603,0.5902867502867503,1.563700163631477,Medium,0.5902867502867503,Base
300:30,0.9640211640211636,0.4358974358974357,0.7818181818181822,0.7272455939122605,0.6971865171865173,2.1407772341114093,High,0.6971865171865171,Base
301:00,0.9640211640211636,0.4358974358974357,0.7818181818181822,0.7272455939122605,0.6971865171865173,2.1407772341114093,High,0.6971865171865171,Base
301:30,0.9640211640211636,0.4358974358974357,0.7818181818181822,0.7272455939122605,0.6971865171865173,2.1407772341114093,High,0.6971865171865171,Base
302:00,0.9640211640211636,0.4358974358974357,0.7818181818181822,0.7272455939122605,0.6971865171865173,2.1407772341114093,High,0.6971865171865171,Base
302:30,0.9640211640211636,0.4358974358974357,0.7818181818181822,0.7272455939122605,0.6971865171865173,2.1407772341114093,High,0.6971865171865171,Base
303:00,0.9640211640211636,0.4358974358974357,0.7999999999999998,0.7333061999728664,0.7053683353683351,2.1689193690634836,High,0.7053683353683351,Base
303:30,0.9640211640211636,0.4358974358974357,0.7999999999999998,0.7333061999728664,0.7053683353683351,2.1689193690634836,High,0.7053683353683351,Base
304:00,0.9640211640211636,0.4358974358974357,0.7999999999999998,0.7333061999728664,0.7053683353683351,2.1689193690634836,High,0.7053683353683351,Base
304:30,0.9640211640211636,0.46153846153846123,0.7999999999999998,0.7418532085198749,0.714342694342694,2.230514396779901,High,0.714342694342694,Base
305:00,0.9640211640211636,0.46153846153846123,0.7454545454545451,0.7236713903380566,0.6897972397972395,2.1448120564287922,High,0.6897972397972394,Base
305:30,0.9640211640211636,0.46153846153846123,0.6909090909090905,0.7054895721562384,0.6652517852517849,2.062402629655045,High,0.6652517852517849,Base
306:00,0.9640211640211636,0.46153846153846123,0.6545454545454543,0.6933683600350263,0.6488881488881486,2.00922972582336,Medium,0.6488881488881485,Base
306:30,0.9640211640211636,0.46153846153846123,0.6545454545454543,0.6933683600350263,0.6488881488881486,2.00922972582336,Medium,0.6488881488881485,Base
307:00,0.9640211640211636,0.46153846153846123,0.6545454545454543,0.6933683600350263,0.6488881488881486,2.00922972582336,Medium,0.6488881488881485,Base
307:30,0.9640211640211636,0.46153846153846123,0.5999999999999996,0.6751865418532081,0.624342694342694,1.9320297355185814,Medium,0.624342694342694,Base
308:00,0.9640211640211636,0.46153846153846123,0.581818181818182,0.6691259357926023,0.616160876160876,1.9069612879202449,Medium,0.616160876160876,Base
308:30,0.9756613756613763,0.46153846153846123,0.581818181818182,0.6730060063393398,0.6184889184889186,1.9121152306266789,Medium,0.6184889184889185,Base
309:00,0.9640211640211636,0.28205128205128194,0.581818181818182,0.6092968759635425,0.5533403633403633,1.567510691560875,Medium,0.5533403633403633,Base
309:30,0.9640211640211636,0.28205128205128194,0.5999999999999996,0.6153574820241484,0.5615221815221813,1.588116804479969,Medium,0.5615221815221813,Base
310:00,0.9640211640211636,0.28205128205128194,0.6181818181818182,0.6214180880847545,0.5697039997039997,1.6089938003295094,Medium,0.5697039997039995,Base
310:30,0.9640211640211636,0.28205128205128194,0.6181818181818182,0.6214180880847545,0.5697039997039997,1.6089938003295094,Medium,0.5697039997039995,Base
311:00,0.9756613756613763,0.28205128205128194,0.581818181818182,0.6131769465102801,0.5556684056684058,1.5717472014193619,Medium,0.5556684056684058,Base
311:30,0.9640211640211636,0.28205128205128194,0.5454545454545459,0.5971756638423305,0.536976726976727,1.5270971010916632,Medium,0.5369767269767269,Base
312:00,0.9756613756613763,0.28205128205128194,0.581818181818182,0.6131769465102801,0.5556684056684058,1.5717472014193619,Medium,0.5556684056684058,Base
312:30,0.9756613756613763,0.28205128205128194,0.581818181818182,0.6131769465102801,0.5556684056684058,1.5717472014193619,Medium,0.5556684056684058,Base
313:00,0.9756613756613763,0.28205128205128194,0.5454545454545459,0.601055734389068,0.5393047693047696,1.531224385172386,Medium,0.5393047693047696,Base
313:30,0.9756613756613763,0.28205128205128194,0.5090909090909088,0.5889345222678557,0.5229411329411329,1.4917463289447703,Medium,0.5229411329411329,Base
314:00,0.9756613756613763,0.28205128205128194,0.5090909090909088,0.5889345222678557,0.5229411329411329,1.4917463289447703,Medium,0.5229411329411329,Base
314:30,0.9756613756613763,0.28205128205128194,0.5090909090909088,0.5889345222678557,0.5229411329411329,1.4917463289447703,Medium,0.5229411329411329,Base
315:00,0.9756613756613763,0.23076923076923062,0.5272727272727273,0.5779011112344448,0.5131742331742333,1.4290376139759298,Medium,0.5131742331742333,Base
315:30,0.9756613756613763,0.23076923076923062,0.5272727272727273,0.5779011112344448,0.5131742331742333,1.4290376139759298,Medium,0.5131742331742333,Base
316:00,0.9756613756613763,0.23076923076923062,0.5454545454545459,0.583961717295051,0.5213560513560516,1.4478233936186191,Medium,0.5213560513560516,Base
316:30,0.9756613756613763,0.23076923076923062,0.5454545454545459,0.583961717295051,0.5213560513560516,1.4478233936186191,Medium,0.5213560513560516,Base
317:00,0.9756613756613763,0.23076923076923062,0.5636363636363635,0.5900223233556569,0.5295378695378696,1.466856126534848,Medium,0.5295378695378695,Base
317:30,0.9756613756613763,0.23076923076923062,0.5636363636363635,0.5900223233556569,0.5295378695378696,1.466856126534848,Medium,0.5295378695378695,Base
318:00,0.9756613756613763,0.23076923076923062,0.5636363636363635,0.5900223233556569,0.5295378695378696,1.466856126534848,Medium,0.5295378695378695,Base
318:30,0.9756613756613763,0.23076923076923062,0.5636363636363635,0.5900223233556569,0.5295378695378696,1.466856126534848,Medium,0.5295378695378695,Base
319:00,0.9756613756613763,0.23076923076923062,0.5636363636363635,0.5900223233556569,0.5295378695378696,1.466856126534848,Medium,0.5295378695378695,Base
319:30,0.9756613756613763,0.41025641025641013,0.581818181818182,0.6559119892453228,0.6005402005402007,1.8079683088929512,Medium,0.6005402005402006,Base
320:00,0.9756613756613763,0.41025641025641013,0.581818181818182,0.6559119892453228,0.6005402005402007,1.8079683088929512,Medium,0.6005402005402006,Base
320:30,0.9756613756613763,0.41025641025641013,0.581818181818182,0.6559119892453228,0.6005402005402007,1.8079683088929512,Medium,0.6005402005402006,Base
321:00,0.9756613756613763,0.41025641025641013,0.5999999999999996,0.6619725953059287,0.6087220187220186,1.8317354189533581,Medium,0.6087220187220186,Base
321:30,0.9756613756613763,0.41025641025641013,0.5999999999999996,0.6619725953059287,0.6087220187220186,1.8317354189533581,Medium,0.6087220187220186,Base
322:00,0.9883597883597872,0.41025641025641013,0.5999999999999996,0.6662053995387324,0.6112617012617008,1.8371367689526974,Medium,0.6112617012617008,Base
322:30,0.9756613756613763,0.41025641025641013,0.5999999999999996,0.6619725953059287,0.6087220187220186,1.8317354189533581,Medium,0.6087220187220186,Base
323:00,0.9756613756613763,0.41025641025641013,0.5999999999999996,0.6619725953059287,0.6087220187220186,1.8317354189533581,Medium,0.6087220187220186,Base
323:30,0.9756613756613763,0.41025641025641013,0.5999999999999996,0.6619725953059287,0.6087220187220186,1.8317354189533581,Medium,0.6087220187220186,Base
324:00,0.9756613756613763,0.41025641025641013,0.5999999999999996,0.6619725953059287,0.6087220187220186,1.8317354189533581,Medium,0.6087220187220186,Base
324:30,0.9883597883597872,0.07692307692307687,0.6181818181818182,0.5611548944882274,0.5027768527768526,1.416540434844398,Medium,0.5027768527768526,Base
325:00,0.9883597883597872,0.07692307692307687,0.6181818181818182,0.5611548944882274,0.5027768527768526,1.416540434844398,Medium,0.5027768527768526,Base
325:30,0.9883597883597872,0.07692307692307687,0.6181818181818182,0.5611548944882274,0.5027768527768526,1.416540434844398,Medium,0.5027768527768526,Base
326:00,0.9756613756613763,0.07692307692307687,0.6363636363636367,0.5629826963160299,0.5084189884189887,1.4309424223861733,Medium,0.5084189884189888,Base
326:30,0.9883597883597872,0.07692307692307687,0.6363636363636367,0.5672155005488336,0.5109586709586709,1.435161929620808,Medium,0.510958670958671,Base
327:00,0.9883597883597872,0.07692307692307687,0.6363636363636367,0.5672155005488336,0.5109586709586709,1.435161929620808,Medium,0.510958670958671,Base
327:30,0.9883597883597872,0.07692307692307687,0.6363636363636367,0.5672155005488336,0.5109586709586709,1.435161929620808,Medium,0.510958670958671,Base
328:00,0.9756613756613763,0.07692307692307687,0.6545454545454543,0.5690433023766358,0.5166008066008065,1.4497532421752557,Medium,0.5166008066008068,Base
328:30,0.9883597883597872,0.07692307692307687,0.6545454545454543,0.5732761066094395,0.5191404891404887,1.4540282180220077,Medium,0.5191404891404889,Base
329:00,0.9883597883597872,0.2564102564102564,0.6727272727272728,0.6391657724991054,0.5901428201428199,1.636286946605115,Medium,0.5901428201428199,Base
329:30,0.9883597883597872,0.2564102564102564,0.6727272727272728,0.6391657724991054,0.5901428201428199,1.636286946605115,Medium,0.5901428201428199,Base
330:00,0.9883597883597872,0.2564102564102564,0.6727272727272728,0.6391657724991054,0.5901428201428199,1.636286946605115,Medium,0.5901428201428199,Base
330:30,0.9883597883597872,0.2564102564102564,0.6545454545454543,0.6331051664384993,0.5819610019610016,1.6150558170719023,Medium,0.5819610019610016,Base
331:00,0.9883597883597872,0.2564102564102564,0.6545454545454543,0.6331051664384993,0.5819610019610016,1.6150558170719023,Medium,0.5819610019610016,Base
331:30,0.9883597883597872,0.2564102564102564,0.6545454545454543,0.6331051664384993,0.5819610019610016,1.6150558170719023,Medium,0.5819610019610016,Base
332:00,0.9883597883597872,0.2564102564102564,0.6545454545454543,0.6331051664384993,0.5819610019610016,1.6150558170719023,Medium,0.5819610019610016,Base
332:30,0.9883597883597872,0.2564102564102564,0.6727272727272728,0.6391657724991054,0.5901428201428199,1.636286946605115,Medium,0.5901428201428199,Base
333:00,0.9883597883597872,0.2564102564102564,0.6727272727272728,0.6391657724991054,0.5901428201428199,1.636286946605115,Medium,0.5901428201428199,Base
333:30,0.9883597883597872,0.46153846153846123,0.6909090909090905,0.7136024469357797,0.6701195101195097,2.074074652579404,High,0.6701195101195095,Base
334:00,0.9883597883597872,0.46153846153846123,0.6909090909090905,0.7136024469357797,0.6701195101195097,2.074074652579404,High,0.6701195101195095,Base
334:30,0.9883597883597872,0.46153846153846123,0.6909090909090905,0.7136024469357797,0.6701195101195097,2.074074652579404,High,0.6701195101195095,Base
335:00,0.9883597883597872,0.46153846153846123,0.709090909090909,0.7196630529963858,0.6783013283013279,2.1013399316768795,High,0.6783013283013278,Base
335:30,1.0,0.46153846153846123,0.709090909090909,0.7235431235431234,0.6806293706293705,2.1070192213841263,High,0.6806293706293703,Base
336:00,0.9883597883597872,0.46153846153846123,0.6909090909090905,0.7136024469357797,0.6701195101195097,2.074074652579404,High,0.6701195101195095,Base
336:30,0.9883597883597872,0.46153846153846123,0.6727272727272728,0.7075418408751738,0.6619376919376916,2.0471631455837476,High,0.6619376919376916,Base
337:00,1.0,0.46153846153846123,0.6727272727272728,0.7114219114219114,0.6642657342657342,2.0526960117357227,High,0.6642657342657342,Base
337:30,1.0,0.46153846153846123,0.6545454545454543,0.7053613053613051,0.6560839160839158,2.0260618966082444,High,0.6560839160839157,Base
338:00,0.9883597883597872,0.33333333333333304,0.6545454545454543,0.6587461920795249,0.6088840788840785,1.7565980936038461,Medium,0.6088840788840785,Base
338:30,0.9883597883597872,0.33333333333333304,0.6545454545454543,0.6587461920795249,0.6088840788840785,1.7565980936038461,Medium,0.6088840788840785,Base
339:00,0.9883597883597872,0.33333333333333304,0.6363636363636367,0.652685586018919,0.6007022607022605,1.7338059044096017,Medium,0.6007022607022605,Base
339:30,0.9883597883597872,0.33333333333333304,0.6363636363636367,0.652685586018919,0.6007022607022605,1.7338059044096017,Medium,0.6007022607022605,Base
340:00,1.0,0.33333333333333304,0.6545454545454543,0.6626262626262625,0.6112121212121211,1.7613456498285132,Medium,0.611212121212121,Base
340:30,1.0,0.33333333333333304,0.6727272727272728,0.6686868686868687,0.6193939393939394,1.7844998697935344,Medium,0.6193939393939393,Base
341:00,0.9883597883597872,0.33333333333333304,0.6727272727272728,0.664806798140131,0.6170658970658968,1.7796899033536249,Medium,0.6170658970658968,Base
341:30,1.0,0.33333333333333304,0.6909090909090905,0.6747474747474745,0.6275757575757572,1.8079584694822284,Medium,0.6275757575757573,Base
342:00,1.0,0.33333333333333304,0.709090909090909,0.6808080808080806,0.6357575757575755,1.8317254501961446,Medium,0.6357575757575756,Base
342:30,0.9883597883597872,0.33333333333333304,0.709090909090909,0.6769280102613431,0.633429533429533,1.8267881912522193,Medium,0.6334295334295331,Base
343:00,1.0,0.20512820512820507,0.709090909090909,0.6380730380730381,0.5908857808857808,1.5924003401792353,Medium,0.5908857808857809,Base
343:30,1.0,0.20512820512820507,0.7272727272727275,0.6441336441336442,0.5990675990675991,1.6133336463434593,Medium,0.5990675990675992,Base
344:00,1.0,0.20512820512820507,0.7272727272727275,0.6441336441336442,0.5990675990675991,1.6133336463434593,Medium,0.5990675990675992,Base
344:30,1.0,0.20512820512820507,0.7272727272727275,0.6441336441336442,0.5990675990675991,1.6133336463434593,Medium,0.5990675990675992,Base
345:00,1.0,0.20512820512820507,0.7454545454545451,0.65019425019425,0.6072494172494172,1.63454213664066,Medium,0.6072494172494171,Base
345:30,1.0,0.20512820512820507,0.7454545454545451,0.65019425019425,0.6072494172494172,1.63454213664066,Medium,0.6072494172494171,Base
346:00,1.0,0.20512820512820507,0.7454545454545451,0.65019425019425,0.6072494172494172,1.63454213664066,Medium,0.6072494172494171,Base
346:30,1.0,0.20512820512820507,0.7272727272727275,0.6441336441336442,0.5990675990675991,1.6133336463434593,Medium,0.5990675990675992,Base
347:00,1.0,0.20512820512820507,0.7454545454545451,0.65019425019425,0.6072494172494172,1.63454213664066,Medium,0.6072494172494171,Base
347:30,1.0,0.20512820512820507,0.7454545454545451,0.65019425019425,0.6072494172494172,1.63454213664066,Medium,0.6072494172494171,Base
348:00,1.0,0.02564102564102555,0.7636363636363637,0.5964257964257964,0.5526107226107226,1.576799944045989,Medium,0.5526107226107227,Base
348:30,1.0,0.02564102564102555,0.7636363636363637,0.5964257964257964,0.5526107226107226,1.576799944045989,Medium,0.5526107226107227,Base
349:00,1.0,0.02564102564102555,0.7636363636363637,0.5964257964257964,0.5526107226107226,1.576799944045989,Medium,0.5526107226107227,Base
349:30,1.0,0.02564102564102555,0.7636363636363637,0.5964257964257964,0.5526107226107226,1.576799944045989,Medium,0.5526107226107227,Base
350:00,1.0,0.02564102564102555,0.7454545454545451,0.5903651903651902,0.5444289044289043,1.5563406695101505,Medium,0.5444289044289045,Base
350:30,1.0,0.02564102564102555,0.7454545454545451,0.5903651903651902,0.5444289044289043,1.5563406695101505,Medium,0.5444289044289045,Base
351:00,1.0,0.02564102564102555,0.7636363636363637,0.5964257964257964,0.5526107226107226,1.576799944045989,Medium,0.5526107226107227,Base
351:30,1.0,0.02564102564102555,0.7818181818181822,0.6024864024864026,0.5607925407925409,1.5975281712107303,Medium,0.560792540792541,Base
352:00,1.0,0.02564102564102555,0.7818181818181822,0.6024864024864026,0.5607925407925409,1.5975281712107303,Medium,0.560792540792541,Base
352:30,1.0,0.02564102564102555,0.7818181818181822,0.6024864024864026,0.5607925407925409,1.5975281712107303,Medium,0.560792540792541,Base
353:00,0.0,0.05882352941176472,0.0,0.019607843137254905,0.02058823529411765,1.0,Low,0.02058823529411808,After_Lunch
353:30,0.0,0.05882352941176472,0.0,0.019607843137254905,0.02058823529411765,1.0,Low,0.02058823529411808,After_Lunch
354:00,0.0,0.05882352941176472,0.0,0.019607843137254905,0.02058823529411765,1.0,Low,0.02058823529411808,After_Lunch
354:30,0.01812191103789118,0.05882352941176472,0.0,0.0256484801498853,0.024212617501695885,1.0,Low,0.024212617501696322,After_Lunch
355:00,0.01812191103789118,0.05882352941176472,0.0,0.0256484801498853,0.024212617501695885,1.0,Low,0.024212617501696322,After_Lunch
355:30,0.01812191103789118,0.05882352941176472,0.041666666666666075,0.039537369038773994,0.04296261750169562,1.0,Low,0.04296261750169604,After_Lunch
356:00,0.037891268533773115,0.05882352941176472,0.041666666666666075,0.046127154870734634,0.046916489000872,1.0,Low,0.04691648900087243,After_Lunch
356:30,0.037891268533773115,0.05882352941176472,0.041666666666666075,0.046127154870734634,0.046916489000872,1.0,Low,0.04691648900087243,After_Lunch
357:00,0.056013179571664296,0.05882352941176472,0.08333333333333393,0.06605668077225431,0.06929087120845077,1.0,Low,0.06929087120845118,After_Lunch
357:30,0.056013179571664296,0.05882352941176472,0.08333333333333393,0.06605668077225431,0.06929087120845077,1.0,Low,0.06929087120845118,After_Lunch
358:00,0.056013179571664296,0.4411764705882355,0.041666666666666075,0.17961877227552195,0.184364400620215,1.3590953613878516,Low,0.18436440062021536,After_Lunch
358:30,0.07413509060955548,0.4411764705882355,0.041666666666666075,0.18565940928815236,0.18798878282779324,1.3590953613878516,Low,0.1879887828277936,After_Lunch
359:00,0.07413509060955548,0.4411764705882355,0.08333333333333393,0.19954829817704164,0.20673878282779376,1.3590953613878516,Low,0.20673878282779412,After_Lunch
359:30,0.07413509060955548,0.4411764705882355,0.08333333333333393,0.19954829817704164,0.20673878282779376,1.3590953613878516,Low,0.20673878282779412,After_Lunch
360:00,0.07413509060955548,0.4411764705882355,0.08333333333333393,0.19954829817704164,0.20673878282779376,1.3590953613878516,Low,0.20673878282779412,After_Lunch
360:30,0.09225700164744666,0.4411764705882355,0.125,0.21947782407856073,0.22911316503537174,1.3590953613878516,Low,0.22911316503537207,After_Lunch
361:00,0.09225700164744666,0.4411764705882355,0.125,0.21947782407856073,0.22911316503537174,1.3590953613878516,Low,0.22911316503537207,After_Lunch
361:30,0.11202635914332681,0.9411764705882351,0.125,0.3927342765771873,0.4080670365345476,1.4190675485932571,Low,0.4080670365345478,After_Lunch
362:00,0.11202635914332681,0.9411764705882351,0.125,0.3927342765771873,0.4080670365345476,1.4190675485932571,Low,0.4080670365345478,After_Lunch
362:30,0.11202635914332681,0.9411764705882351,0.16666666666666607,0.40662316546607596,0.42681703653454733,1.4190675485932571,Low,0.4268170365345475,After_Lunch
363:00,0.11202635914332681,0.9411764705882351,0.16666666666666607,0.40662316546607596,0.42681703653454733,1.4190675485932571,Low,0.4268170365345475,After_Lunch
363:30,0.130148270181218,0.9411764705882351,0.16666666666666607,0.4126638024787064,0.43044141874212555,1.4190675485932571,Low,0.43044141874212577,After_Lunch
364:00,0.130148270181218,0.9411764705882351,0.16666666666666607,0.4126638024787064,0.43044141874212555,1.4190675485932571,Low,0.43044141874212577,After_Lunch
364:30,0.130148270181218,0.9411764705882351,0.20833333333333393,0.42655269136759566,0.4491914187421261,1.4190675485932571,Low,0.44919141874212626,After_Lunch
365:00,0.14827018121910918,0.9411764705882351,0.20833333333333393,0.43259332838022607,0.45281580094970436,1.4190675485932571,Low,0.4528158009497045,After_Lunch
365:30,0.14827018121910918,0.9411764705882351,0.20833333333333393,0.43259332838022607,0.45281580094970436,1.4190675485932571,Low,0.4528158009497045,After_Lunch
366:00,0.14827018121910918,0.9411764705882351,0.25,0.44648221726911475,0.4715658009497041,1.4190675485932571,Low,0.4715658009497042,After_Lunch
366:30,0.14827018121910918,0.9411764705882351,0.25,0.44648221726911475,0.4715658009497041,1.4190675485932571,Low,0.4715658009497042,After_Lunch
367:00,0.16639209225700036,0.20588235294117663,0.25,0.207424815066059,0.2178372419808119,1.0511123748893914,Low,0.21783724198081222,After_Lunch
367:30,0.16639209225700036,0.20588235294117663,0.25,0.207424815066059,0.2178372419808119,1.0511123748893914,Low,0.21783724198081222,After_Lunch
368:00,0.16639209225700036,0.20588235294117663,0.25,0.207424815066059,0.2178372419808119,1.0511123748893914,Low,0.21783724198081222,After_Lunch
368:30,0.18451400329489154,0.20588235294117663,0.25,0.2134654520786894,0.22146162418839013,1.0511123748893914,Low,0.22146162418839047,After_Lunch
369:00,0.18451400329489154,0.20588235294117663,0.2916666666666661,0.2273543409675781,0.24021162418838984,1.0511123748893914,Low,0.24021162418839018,After_Lunch
369:30,0.20428336079077347,0.20588235294117663,0.2916666666666661,0.23394412679953872,0.24416549568756624,1.0511123748893914,Low,0.24416549568756657,After_Lunch
370:00,0.20428336079077347,0.20588235294117663,0.2916666666666661,0.23394412679953872,0.24416549568756624,1.0511123748893914,Low,0.24416549568756657,After_Lunch
370:30,0.20428336079077347,0.20588235294117663,0.3333333333333339,0.247833015688428,0.2629154956875668,1.0663954042676405,Low,0.26291549568756706,After_Lunch
371:00,0.20428336079077347,0.7647058823529411,0.3333333333333339,0.4341075254923495,0.4585037309816843,1.4397005955946809,Medium,0.45850373098168445,After_Lunch
371:30,0.22240527182866465,0.7647058823529411,0.3333333333333339,0.4401481625049799,0.4621281131892625,1.4397005955946809,Medium,0.46212811318926267,After_Lunch
372:00,0.22240527182866465,0.7647058823529411,0.375,0.4540370513938686,0.4808781131892623,1.483441266468394,Medium,0.4808781131892624,After_Lunch
372:30,0.22240527182866465,0.7647058823529411,0.375,0.4540370513938686,0.4808781131892623,1.483441266468394,Medium,0.4808781131892624,After_Lunch
373:00,0.22240527182866465,0.7647058823529411,0.375,0.4540370513938686,0.4808781131892623,1.483441266468394,Medium,0.4808781131892624,After_Lunch
373:30,0.24052718286655583,0.7647058823529411,0.4166666666666661,0.47396657729538766,0.5032524953968402,1.5285108569065897,Medium,0.5032524953968404,After_Lunch
374:00,0.24052718286655583,0.7647058823529411,0.4166666666666661,0.47396657729538766,0.5032524953968402,1.5285108569065897,Medium,0.5032524953968404,After_Lunch
374:30,0.258649093904447,0.7647058823529411,0.4166666666666661,0.48000721430801807,0.5068768776044186,1.5285108569065897,Medium,0.5068768776044186,After_Lunch
375:00,0.258649093904447,0.7647058823529411,0.4166666666666661,0.48000721430801807,0.5068768776044186,1.5285108569065897,Medium,0.5068768776044186,After_Lunch
375:30,0.258649093904447,0.7647058823529411,0.4583333333333339,0.49389610319690735,0.5256268776044191,1.5749497418549114,Medium,0.5256268776044192,After_Lunch
376:00,0.27841845140032895,0.7647058823529411,0.4583333333333339,0.500485889028868,0.5295807491035954,1.5749497418549114,Medium,0.5295807491035955,After_Lunch
376:30,0.27841845140032895,0.7647058823529411,0.4166666666666661,0.4865970001399787,0.5108307491035949,1.5285108569065897,Medium,0.5108307491035949,After_Lunch
377:00,0.27841845140032895,0.7647058823529411,0.4166666666666661,0.4865970001399787,0.5108307491035949,1.5285108569065897,Medium,0.5108307491035949,After_Lunch
377:30,0.29654036243822013,0.7647058823529411,0.375,0.47874874826372044,0.4957051313111734,1.483441266468394,Medium,0.4957051313111735,After_Lunch
378:00,0.29654036243822013,0.7647058823529411,0.2916666666666661,0.4509709704859424,0.45820513131117313,1.4190675485932571,Low,0.4582051313111733,After_Lunch
378:30,0.3146622734761113,0.7647058823529411,0.2916666666666661,0.45701160749857284,0.46182951351875134,1.4190675485932571,Low,0.46182951351875157,After_Lunch
379:00,0.3146622734761113,0.7647058823529411,0.2916666666666661,0.45701160749857284,0.46182951351875134,1.4190675485932571,Low,0.46182951351875157,After_Lunch
379:30,0.3146622734761113,0.5588235294117645,0.3333333333333339,0.40227304540706993,0.4085206899893401,1.4397005955946809,Medium,0.4085206899893403,After_Lunch
380:00,0.3327841845140025,0.5588235294117645,0.3333333333333339,0.4083136824197003,0.41214507219691837,1.4397005955946809,Medium,0.41214507219691854,After_Lunch
380:30,0.3327841845140025,0.5588235294117645,0.3333333333333339,0.4083136824197003,0.41214507219691837,1.4397005955946809,Medium,0.41214507219691854,After_Lunch
381:00,0.3327841845140025,0.5588235294117645,0.3333333333333339,0.4083136824197003,0.41214507219691837,1.4397005955946809,Medium,0.41214507219691854,After_Lunch
381:30,0.3327841845140025,0.5588235294117645,0.3333333333333339,0.4083136824197003,0.41214507219691837,1.4397005955946809,Medium,0.41214507219691854,After_Lunch
382:00,0.3525535420098844,0.5588235294117645,0.3333333333333339,0.41490346825166097,0.41609894369609474,1.4397005955946809,Medium,0.41609894369609496,After_Lunch
382:30,0.3525535420098844,0.5588235294117645,0.3333333333333339,0.41490346825166097,0.41609894369609474,1.4397005955946809,Medium,0.41609894369609496,After_Lunch
383:00,0.3706754530477756,0.5588235294117645,0.3333333333333339,0.4209441052642913,0.419723325903673,1.4397005955946809,Medium,0.4197233259036732,After_Lunch
383:30,0.3706754530477756,0.5588235294117645,0.3333333333333339,0.4209441052642913,0.419723325903673,1.4397005955946809,Medium,0.4197233259036732,After_Lunch
384:00,0.3706754530477756,0.6470588235294117,0.3333333333333339,0.45035586997017374,0.4506056788448495,1.4397005955946809,Medium,0.45060567884484964,After_Lunch
384:30,0.3887973640856668,0.6470588235294117,0.3333333333333339,0.45639650698280415,0.4542300610524277,1.4397005955946809,Medium,0.4542300610524279,After_Lunch
385:00,0.3887973640856668,0.6470588235294117,0.3333333333333339,0.45639650698280415,0.4542300610524277,1.4397005955946809,Medium,0.4542300610524279,After_Lunch
385:30,0.3887973640856668,0.6470588235294117,0.3333333333333339,0.45639650698280415,0.4542300610524277,1.4397005955946809,Medium,0.4542300610524279,After_Lunch
386:00,0.4085667215815487,0.6470588235294117,0.375,0.47687518170365345,0.47693393255160377,1.483441266468394,Medium,0.476933932551604,After_Lunch
386:30,0.4085667215815487,0.6470588235294117,0.375,0.47687518170365345,0.47693393255160377,1.483441266468394,Medium,0.476933932551604,After_Lunch
387:00,0.4085667215815487,0.6470588235294117,0.375,0.47687518170365345,0.47693393255160377,1.483441266468394,Medium,0.476933932551604,After_Lunch
387:30,0.4266886326194399,0.6470588235294117,0.375,0.48291581871628386,0.48055831475918204,1.483441266468394,Medium,0.4805583147591822,After_Lunch
388:00,0.4266886326194399,0.6470588235294117,0.375,0.48291581871628386,0.48055831475918204,1.483441266468394,Medium,0.4805583147591822,After_Lunch
388:30,0.4448105436573311,0.6470588235294117,0.3333333333333339,0.47506756684002555,0.46543269696676054,1.444227864778103,Medium,0.46543269696676076,After_Lunch
389:00,0.4448105436573311,0.2941176470588234,0.3333333333333339,0.3574205080164961,0.34190328520205465,1.1779642041063734,Low,0.341903285202055,After_Lunch
389:30,0.4448105436573311,0.2941176470588234,0.375,0.37130939690538484,0.36065328520205436,1.2137528567682483,Low,0.3606532852020547,After_Lunch
390:00,0.4448105436573311,0.2941176470588234,0.375,0.37130939690538484,0.36065328520205436,1.2137528567682483,Low,0.3606532852020547,After_Lunch
390:30,0.4448105436573311,0.2941176470588234,0.375,0.37130939690538484,0.36065328520205436,1.2137528567682483,Low,0.3606532852020547,After_Lunch
391:00,0.4448105436573311,0.2941176470588234,0.375,0.37130939690538484,0.36065328520205436,1.2137528567682483,Low,0.3606532852020547,After_Lunch
391:30,0.46293245469522226,0.2941176470588234,0.4166666666666661,0.3912389228069039,0.3830276674096324,1.255895013836792,Low,0.3830276674096327,After_Lunch
392:00,0.46293245469522226,0.2941176470588234,0.4166666666666661,0.3912389228069039,0.3830276674096324,1.255895013836792,Low,0.3830276674096327,After_Lunch
392:30,0.46293245469522226,0.2941176470588234,0.4166666666666661,0.3912389228069039,0.3830276674096324,1.255895013836792,Low,0.3830276674096327,After_Lunch
393:00,0.46293245469522226,0.2941176470588234,0.4166666666666661,0.3912389228069039,0.3830276674096324,1.255895013836792,Low,0.3830276674096327,After_Lunch
393:30,0.4827018121911024,0.47058823529411775,0.4166666666666661,0.45665223805062877,0.44874624479116143,1.5298354533348548,Medium,0.44874624479116165,After_Lunch
394:00,0.4827018121911024,0.47058823529411775,0.4166666666666661,0.45665223805062877,0.44874624479116143,1.5298354533348548,Medium,0.44874624479116165,After_Lunch
394:30,0.4827018121911024,0.47058823529411775,0.4166666666666661,0.45665223805062877,0.44874624479116143,1.5298354533348548,Medium,0.44874624479116165,After_Lunch
395:00,0.4827018121911024,0.47058823529411775,0.4166666666666661,0.45665223805062877,0.44874624479116143,1.5298354533348548,Medium,0.44874624479116165,After_Lunch
395:30,0.4827018121911024,0.47058823529411775,0.4166666666666661,0.45665223805062877,0.44874624479116143,1.5298354533348548,Medium,0.44874624479116165,After_Lunch
396:00,0.4827018121911024,0.47058823529411775,0.4166666666666661,0.45665223805062877,0.44874624479116143,1.5298354533348548,Medium,0.44874624479116165,After_Lunch
396:30,0.5008237232289936,0.47058823529411775,0.4583333333333339,0.4765817639521484,0.4711206269987402,1.5829521694801225,Medium,0.4711206269987404,After_Lunch
397:00,0.5008237232289936,0.47058823529411775,0.4583333333333339,0.4765817639521484,0.4711206269987402,1.5829521694801225,Medium,0.4711206269987404,After_Lunch
397:30,0.5008237232289936,1.0,0.4583333333333339,0.6530523521874425,0.656414744645799,1.6005558505322668,Medium,0.6564147446457991,After_Lunch
398:00,0.5008237232289936,1.0,0.4583333333333339,0.6530523521874425,0.656414744645799,1.6005558505322668,Medium,0.6564147446457991,After_Lunch
398:30,0.5008237232289936,1.0,0.4583333333333339,0.6530523521874425,0.656414744645799,1.6005558505322668,Medium,0.6564147446457991,After_Lunch
399:00,0.5008237232289936,1.0,0.4583333333333339,0.6530523521874425,0.656414744645799,1.6005558505322668,Medium,0.6564147446457991,After_Lunch
399:30,0.5008237232289936,1.0,0.4166666666666661,0.6391634632985532,0.6376647446457985,1.5533619452152052,Medium,0.6376647446457986,After_Lunch
400:00,0.5189456342668848,1.0,0.375,0.631315211422295,0.622539126853377,1.513907669165444,Medium,0.6225391268533771,After_Lunch
400:30,0.5189456342668848,1.0,0.375,0.631315211422295,0.622539126853377,1.513907669165444,Medium,0.6225391268533771,After_Lunch
401:00,0.5189456342668848,1.0,0.375,0.631315211422295,0.622539126853377,1.513907669165444,Medium,0.6225391268533771,After_Lunch
401:30,0.5189456342668848,1.0,0.4166666666666661,0.6452041003111836,0.6412891268533767,1.5599028832347996,Medium,0.6412891268533768,After_Lunch
402:00,0.5189456342668848,0.47058823529411775,0.4583333333333339,0.4826224009647788,0.47474500920631846,1.5896177068073662,Medium,0.4747450092063187,After_Lunch
402:30,0.5189456342668848,0.47058823529411775,0.4583333333333339,0.4826224009647788,0.47474500920631846,1.5896177068073662,Medium,0.4747450092063187,After_Lunch
403:00,0.5189456342668848,0.47058823529411775,0.4583333333333339,0.4826224009647788,0.47474500920631846,1.5896177068073662,Medium,0.4747450092063187,After_Lunch
403:30,0.537067545304776,0.47058823529411775,0.4583333333333339,0.48866303797740923,0.47836939141389667,1.5963113115574405,Medium,0.4783693914138969,After_Lunch
404:00,0.537067545304776,0.47058823529411775,0.4583333333333339,0.48866303797740923,0.47836939141389667,1.5963113115574405,Medium,0.4783693914138969,After_Lunch
404:30,0.537067545304776,0.47058823529411775,0.5,0.5025519268662979,0.49711939141389644,1.6448100951965334,Medium,0.4971193914138966,After_Lunch
405:00,0.537067545304776,0.47058823529411775,0.5,0.5025519268662979,0.49711939141389644,1.6448100951965334,Medium,0.4971193914138966,After_Lunch
405:30,0.537067545304776,0.47058823529411775,0.5,0.5025519268662979,0.49711939141389644,1.6448100951965334,Medium,0.4971193914138966,After_Lunch
406:00,0.537067545304776,0.47058823529411775,0.5,0.5025519268662979,0.49711939141389644,1.6448100951965334,Medium,0.4971193914138966,After_Lunch
406:30,0.5551894563426671,0.47058823529411775,0.5,0.5085925638789283,0.5007437736214747,1.6517361055316155,Medium,0.5007437736214748,After_Lunch
407:00,0.537067545304776,0.47058823529411775,0.5,0.5025519268662979,0.49711939141389644,1.6448100951965334,Medium,0.4971193914138966,After_Lunch
407:30,0.5551894563426671,0.1470588235294117,0.5,0.4007494266240263,0.3875084795038275,1.176902903636719,Low,0.38750847950382783,After_Lunch
408:00,0.5551894563426671,0.1470588235294117,0.5,0.4007494266240263,0.3875084795038275,1.176902903636719,Low,0.38750847950382783,After_Lunch
408:30,0.5551894563426671,0.1470588235294117,0.5416666666666661,0.41463831551291497,0.40625847950382726,1.2126593120981795,Low,0.40625847950382754,After_Lunch
409:00,0.5749588138385491,0.1470588235294117,0.5416666666666661,0.4212281013448756,0.4102123510030037,1.2182308841359244,Low,0.4102123510030039,After_Lunch
409:30,0.5749588138385491,0.1470588235294117,0.5416666666666661,0.4212281013448756,0.4102123510030037,1.2182308841359244,Low,0.4102123510030039,After_Lunch
410:00,0.5749588138385491,0.1470588235294117,0.5416666666666661,0.4212281013448756,0.4102123510030037,1.2182308841359244,Low,0.4102123510030039,After_Lunch
410:30,0.5749588138385491,0.1470588235294117,0.5416666666666661,0.4212281013448756,0.4102123510030037,1.2182308841359244,Low,0.4102123510030039,After_Lunch
411:00,0.5749588138385491,0.1470588235294117,0.5416666666666661,0.4212281013448756,0.4102123510030037,1.2182308841359244,Low,0.4102123510030039,After_Lunch
411:30,0.5749588138385491,0.7058823529411766,0.5416666666666661,0.6075026111487972,0.6058005862971214,1.7287519143713626,Medium,0.6058005862971215,After_Lunch
412:00,0.5930807248764403,0.7058823529411766,0.5833333333333339,0.627432137050317,0.6281749685047001,1.7887751178610467,Medium,0.6281749685047002,After_Lunch
412:30,0.5930807248764403,0.7058823529411766,0.5833333333333339,0.627432137050317,0.6281749685047001,1.7887751178610467,Medium,0.6281749685047002,After_Lunch
413:00,0.5930807248764403,0.7058823529411766,0.5416666666666661,0.6135432481614277,0.6094249685046996,1.7360313891634347,Medium,0.6094249685046997,After_Lunch
413:30,0.5930807248764403,0.7058823529411766,0.4583333333333339,0.5857654703836502,0.5719249685047001,1.635163671658761,Medium,0.5719249685047003,After_Lunch
414:00,0.5930807248764403,0.7058823529411766,0.375,0.5579876926058723,0.5344249685046999,1.5401566180211743,Medium,0.5344249685047001,After_Lunch
414:30,0.5930807248764403,0.7058823529411766,0.3333333333333339,0.5440988037169836,0.5156749685047002,1.4947436412855222,Medium,0.5156749685047004,After_Lunch
415:00,0.5930807248764403,0.7058823529411766,0.3333333333333339,0.5440988037169836,0.5156749685047002,1.4947436412855222,Medium,0.5156749685047004,After_Lunch
415:30,0.6112026359143314,0.7058823529411766,0.3333333333333339,0.550139440729614,0.5192993507122784,1.5010377477833332,Medium,0.5192993507122786,After_Lunch
416:00,0.6112026359143314,0.5882352941176472,0.3333333333333339,0.5109237544551042,0.478122880124043,1.5010377477833332,Medium,0.47812288012404336,After_Lunch
416:30,0.6112026359143314,0.5882352941176472,0.3333333333333339,0.5109237544551042,0.478122880124043,1.5010377477833332,Medium,0.47812288012404336,After_Lunch
417:00,0.6112026359143314,0.5882352941176472,0.3333333333333339,0.5109237544551042,0.478122880124043,1.5010377477833332,Medium,0.47812288012404336,After_Lunch
417:30,0.6112026359143314,0.5882352941176472,0.375,0.5248126433439929,0.49687288012404285,1.5466419506958775,Medium,0.49687288012404307,After_Lunch
418:00,0.6112026359143314,0.5882352941176472,0.375,0.5248126433439929,0.49687288012404285,1.5466419506958775,Medium,0.49687288012404307,After_Lunch
418:30,0.6112026359143314,0.5882352941176472,0.375,0.5248126433439929,0.49687288012404285,1.5466419506958775,Medium,0.49687288012404307,After_Lunch
419:00,0.6293245469522226,0.5882352941176472,0.375,0.5308532803566233,0.5004972623316211,1.553154591982841,Medium,0.5004972623316213,After_Lunch
419:30,0.6293245469522226,0.5882352941176472,0.375,0.5308532803566233,0.5004972623316211,1.553154591982841,Medium,0.5004972623316213,After_Lunch
420:00,0.6490939044481046,0.5882352941176472,0.4166666666666661,0.5513319550774726,0.5232011338307972,1.6076949814163024,Medium,0.5232011338307974,After_Lunch
420:30,0.6490939044481046,0.5882352941176472,0.4166666666666661,0.5513319550774726,0.5232011338307972,1.6076949814163024,Medium,0.5232011338307974,After_Lunch
421:00,0.6490939044481046,0.5882352941176472,0.4166666666666661,0.5513319550774726,0.5232011338307972,1.6076949814163024,Medium,0.5232011338307974,After_Lunch
421:30,0.6490939044481046,0.5882352941176472,0.4166666666666661,0.5513319550774726,0.5232011338307972,1.6076949814163024,Medium,0.5232011338307974,After_Lunch
422:00,0.6672158154859957,0.5882352941176472,0.4583333333333339,0.5712614809789923,0.545575516038376,1.6635150225781865,Medium,0.5455755160383762,After_Lunch
422:30,0.6672158154859957,0.8235294117647061,0.4583333333333339,0.6496928535280119,0.6279284572148465,1.6635150225781865,Medium,0.6279284572148467,After_Lunch
423:00,0.6672158154859957,0.8235294117647061,0.4583333333333339,0.6496928535280119,0.6279284572148465,1.6635150225781865,Medium,0.6279284572148467,After_Lunch
423:30,0.6853377265238869,0.8235294117647061,0.4583333333333339,0.6557334905406423,0.6315528394224248,1.6705197961217024,Medium,0.631552839422425,After_Lunch
424:00,0.6853377265238869,0.8235294117647061,0.4583333333333339,0.6557334905406423,0.6315528394224248,1.6705197961217024,Medium,0.631552839422425,After_Lunch
424:30,0.6853377265238869,0.8235294117647061,0.4583333333333339,0.6557334905406423,0.6315528394224248,1.6705197961217024,Medium,0.631552839422425,After_Lunch
425:00,0.6853377265238869,0.8235294117647061,0.5,0.669622379429531,0.6503028394224245,1.7212731658249356,Medium,0.6503028394224246,After_Lunch
425:30,0.7034596375617781,0.8235294117647061,0.5,0.6756630164421614,0.6539272216300027,1.7285211489026289,Medium,0.6539272216300029,After_Lunch
426:00,0.7034596375617781,0.8235294117647061,0.5,0.6756630164421614,0.6539272216300027,1.7285211489026289,Medium,0.6539272216300029,After_Lunch
426:30,0.7034596375617781,0.8235294117647061,0.5,0.6756630164421614,0.6539272216300027,1.7285211489026289,Medium,0.6539272216300029,After_Lunch
427:00,0.7034596375617781,0.8235294117647061,0.5,0.6756630164421614,0.6539272216300027,1.7285211489026289,Medium,0.6539272216300029,After_Lunch
427:30,0.7232289950576618,0.2647058823529411,0.5,0.495978292470201,0.4622928578350618,1.3715504047159062,Low,0.462292857835062,After_Lunch
428:00,0.7232289950576618,0.2647058823529411,0.5,0.495978292470201,0.4622928578350618,1.3715504047159062,Low,0.462292857835062,After_Lunch
428:30,0.7232289950576618,0.2647058823529411,0.5416666666666661,0.5098671813590897,0.4810428578350615,1.4132205512887124,Low,0.48104285783506173,After_Lunch
429:00,0.7232289950576618,0.2647058823529411,0.5416666666666661,0.5098671813590897,0.4810428578350615,1.4132205512887124,Low,0.48104285783506173,After_Lunch
429:30,0.741350906095553,0.2647058823529411,0.5416666666666661,0.5159078183717201,0.4846672400426397,1.419171378179039,Low,0.48466724004263995,After_Lunch
430:00,0.741350906095553,0.2647058823529411,0.5833333333333339,0.5297967072606093,0.5034172400426403,1.4622883348270184,Medium,0.5034172400426404,After_Lunch
430:30,0.741350906095553,0.2647058823529411,0.5833333333333339,0.5297967072606093,0.5034172400426403,1.4622883348270184,Medium,0.5034172400426404,After_Lunch
431:00,0.741350906095553,0.2647058823529411,0.5833333333333339,0.5297967072606093,0.5034172400426403,1.4622883348270184,Medium,0.5034172400426404,After_Lunch
431:30,0.741350906095553,0.7647058823529411,0.5833333333333339,0.696463373927276,0.6784172400426403,1.8513423666170363,Medium,0.6784172400426403,After_Lunch
432:00,0.7594728171334442,0.7647058823529411,0.5833333333333339,0.7025040109399064,0.6820416222502185,1.8591380485637918,Medium,0.6820416222502186,After_Lunch
432:30,0.7594728171334442,0.7647058823529411,0.625,0.7163928998287951,0.7007916222502182,1.9156219770554912,Medium,0.7007916222502184,After_Lunch
433:00,0.7594728171334442,0.7647058823529411,0.625,0.7163928998287951,0.7007916222502182,1.9156219770554912,Medium,0.7007916222502184,After_Lunch
433:30,0.7594728171334442,0.7647058823529411,0.625,0.7163928998287951,0.7007916222502182,1.9156219770554912,Medium,0.7007916222502184,After_Lunch
434:00,0.7594728171334442,0.7647058823529411,0.625,0.7163928998287951,0.7007916222502182,1.9156219770554912,Medium,0.7007916222502184,After_Lunch
434:30,0.7594728171334442,0.7647058823529411,0.625,0.7163928998287951,0.7007916222502182,1.9156219770554912,Medium,0.7007916222502184,After_Lunch
435:00,0.7792421746293261,0.7647058823529411,0.625,0.7229826856607557,0.7047454937493945,1.9244233161750377,Medium,0.7047454937493948,After_Lunch
435:30,0.7594728171334442,0.7647058823529411,0.625,0.7163928998287951,0.7007916222502182,1.9156219770554912,Medium,0.7007916222502184,After_Lunch
436:00,0.7792421746293261,0.5294117647058822,0.625,0.6445513131117361,0.622392552572924,1.9244233161750377,Medium,0.6223925525729241,After_Lunch
436:30,0.7792421746293261,0.5294117647058822,0.6666666666666661,0.6584402020006248,0.6411425525729237,1.982890727491029,Medium,0.641142552572924,After_Lunch
437:00,0.7792421746293261,0.5294117647058822,0.6666666666666661,0.6584402020006248,0.6411425525729237,1.982890727491029,Medium,0.641142552572924,After_Lunch
437:30,0.7792421746293261,0.5294117647058822,0.6666666666666661,0.6584402020006248,0.6411425525729237,1.982890727491029,Medium,0.641142552572924,After_Lunch
438:00,0.7973640856672173,0.5294117647058822,0.7083333333333339,0.6783697279021444,0.6635169347805026,2.0517377683212237,Medium,0.6635169347805027,After_Lunch
438:30,0.7973640856672173,0.5294117647058822,0.7083333333333339,0.6783697279021444,0.6635169347805026,2.0517377683212237,Medium,0.6635169347805027,After_Lunch
439:00,0.7973640856672173,0.5294117647058822,0.7083333333333339,0.6783697279021444,0.6635169347805026,2.0517377683212237,Medium,0.6635169347805027,After_Lunch
439:30,0.7973640856672173,0.5294117647058822,0.7083333333333339,0.6783697279021444,0.6635169347805026,2.0517377683212237,Medium,0.6635169347805027,After_Lunch
440:00,0.7973640856672173,0.5294117647058822,0.7083333333333339,0.6783697279021444,0.6635169347805026,2.0517377683212237,Medium,0.6635169347805027,After_Lunch
440:30,0.7973640856672173,0.5294117647058822,0.75,0.6922586167910332,0.6822669347805022,2.1140732196768135,Medium,0.6822669347805024,After_Lunch
441:00,0.7973640856672173,0.5294117647058822,0.75,0.6922586167910332,0.6822669347805022,2.1140732196768135,Medium,0.6822669347805024,After_Lunch
441:30,0.7973640856672173,0.5294117647058822,0.75,0.6922586167910332,0.6822669347805022,2.1140732196768135,Medium,0.6822669347805024,After_Lunch
442:00,0.7973640856672173,0.5294117647058822,0.75,0.6922586167910332,0.6822669347805022,2.1140732196768135,Medium,0.6822669347805024,After_Lunch
442:30,0.7973640856672173,0.5294117647058822,0.75,0.6922586167910332,0.6822669347805022,2.1140732196768135,Medium,0.6822669347805024,After_Lunch
443:00,0.7973640856672173,0.5294117647058822,0.75,0.6922586167910332,0.6822669347805022,2.1140732196768135,Medium,0.6822669347805024,After_Lunch
443:30,0.7973640856672173,0.5294117647058822,0.75,0.6922586167910332,0.6822669347805022,2.1140732196768135,Medium,0.6822669347805024,After_Lunch
444:00,0.8154859967051085,0.5294117647058822,0.75,0.6982992538036635,0.6858913169880805,2.1229752157256963,Medium,0.6858913169880806,After_Lunch
444:30,0.8154859967051085,0.5294117647058822,0.75,0.6982992538036635,0.6858913169880805,2.1229752157256963,Medium,0.6858913169880806,After_Lunch
445:00,0.8154859967051085,0.5294117647058822,0.75,0.6982992538036635,0.6858913169880805,2.1229752157256963,Medium,0.6858913169880806,After_Lunch
445:30,0.8154859967051085,0.4117647058823528,0.7916666666666661,0.6729724564180425,0.6634648463998449,2.0288029130608756,Medium,0.663464846399845,After_Lunch
446:00,0.8154859967051085,0.4117647058823528,0.7916666666666661,0.6729724564180425,0.6634648463998449,2.0288029130608756,Medium,0.663464846399845,After_Lunch
446:30,0.8154859967051085,0.4117647058823528,0.7916666666666661,0.6729724564180425,0.6634648463998449,2.0288029130608756,Medium,0.663464846399845,After_Lunch
447:00,0.8336079077429996,0.4117647058823528,0.7916666666666661,0.6790130934306728,0.6670892286074231,2.0373458506223243,Medium,0.6670892286074233,After_Lunch
447:30,0.8336079077429996,0.4117647058823528,0.7916666666666661,0.6790130934306728,0.6670892286074231,2.0373458506223243,Medium,0.6670892286074233,After_Lunch
448:00,0.8336079077429996,0.4117647058823528,0.7916666666666661,0.6790130934306728,0.6670892286074231,2.0373458506223243,Medium,0.6670892286074233,After_Lunch
448:30,0.8336079077429996,0.4117647058823528,0.8333333333333339,0.6929019823195621,0.6858392286074236,2.0992440498595,Medium,0.6858392286074237,After_Lunch
449:00,0.8336079077429996,0.4117647058823528,0.8333333333333339,0.6929019823195621,0.6858392286074236,2.0992440498595,Medium,0.6858392286074237,After_Lunch
449:30,0.8336079077429996,0.4117647058823528,0.8333333333333339,0.6929019823195621,0.6858392286074236,2.0992440498595,Medium,0.6858392286074237,After_Lunch
450:00,0.8533772652388798,0.38235294117647056,0.8333333333333339,0.6896878465828947,0.6794989824595409,2.0422252078690915,Medium,0.679498982459541,After_Lunch
450:30,0.8533772652388798,0.38235294117647056,0.8333333333333339,0.6896878465828947,0.6794989824595409,2.0422252078690915,Medium,0.679498982459541,After_Lunch
451:00,0.8533772652388798,0.38235294117647056,0.8333333333333339,0.6896878465828947,0.6794989824595409,2.0422252078690915,Medium,0.679498982459541,After_Lunch
451:30,0.8533772652388798,0.38235294117647056,0.8333333333333339,0.6896878465828947,0.6794989824595409,2.0422252078690915,Medium,0.679498982459541,After_Lunch
452:00,0.8533772652388798,0.38235294117647056,0.8333333333333339,0.6896878465828947,0.6794989824595409,2.0422252078690915,Medium,0.679498982459541,After_Lunch
452:30,0.8533772652388798,0.38235294117647056,0.8333333333333339,0.6896878465828947,0.6794989824595409,2.0422252078690915,Medium,0.679498982459541,After_Lunch
453:00,0.8533772652388798,0.38235294117647056,0.8333333333333339,0.6896878465828947,0.6794989824595409,2.0422252078690915,Medium,0.679498982459541,After_Lunch
453:30,0.8533772652388798,0.38235294117647056,0.8333333333333339,0.6896878465828947,0.6794989824595409,2.0422252078690915,Medium,0.679498982459541,After_Lunch
454:00,0.8533772652388798,0.38235294117647056,0.8333333333333339,0.6896878465828947,0.6794989824595409,2.0422252078690915,Medium,0.679498982459541,After_Lunch
454:30,0.8533772652388798,0.5294117647058822,0.8333333333333339,0.738707454426032,0.730969570694835,2.273824629016631,Medium,0.7309695706948351,After_Lunch
455:00,0.871499176276771,0.5294117647058822,0.8333333333333339,0.7447480914386624,0.7345939529024132,2.2833993105721038,Medium,0.7345939529024134,After_Lunch
455:30,0.871499176276771,0.5294117647058822,0.8333333333333339,0.7447480914386624,0.7345939529024132,2.2833993105721038,Medium,0.7345939529024134,After_Lunch
456:00,0.871499176276771,0.5294117647058822,0.8333333333333339,0.7447480914386624,0.7345939529024132,2.2833993105721038,Medium,0.7345939529024134,After_Lunch
456:30,0.871499176276771,0.5294117647058822,0.8333333333333339,0.7447480914386624,0.7345939529024132,2.2833993105721038,Medium,0.7345939529024134,After_Lunch
457:00,0.871499176276771,0.5294117647058822,0.8333333333333339,0.7447480914386624,0.7345939529024132,2.2833993105721038,Medium,0.7345939529024134,After_Lunch
457:30,0.871499176276771,0.5294117647058822,0.8333333333333339,0.7447480914386624,0.7345939529024132,2.2833993105721038,Medium,0.7345939529024134,After_Lunch
458:00,0.871499176276771,0.5294117647058822,0.8333333333333339,0.7447480914386624,0.7345939529024132,2.2833993105721038,Medium,0.7345939529024134,After_Lunch
458:30,0.871499176276771,0.47058823529411775,0.8333333333333339,0.7251402483014076,0.7140057176082957,2.2582853895773254,Medium,0.7140057176082958,After_Lunch
459:00,0.871499176276771,0.47058823529411775,0.8333333333333339,0.7251402483014076,0.7140057176082957,2.2582853895773254,Medium,0.7140057176082958,After_Lunch
459:30,0.8896210873146622,0.47058823529411775,0.875,0.7450697742029266,0.7363800998158736,2.3366942823453,High,0.7363800998158737,After_Lunch
460:00,0.8896210873146622,0.47058823529411775,0.875,0.7450697742029266,0.7363800998158736,2.3366942823453,High,0.7363800998158737,After_Lunch
460:30,0.8896210873146622,0.47058823529411775,0.875,0.7450697742029266,0.7363800998158736,2.3366942823453,High,0.7363800998158737,After_Lunch
461:00,0.8896210873146622,0.47058823529411775,0.875,0.7450697742029266,0.7363800998158736,2.3366942823453,High,0.7363800998158737,After_Lunch
461:30,0.8896210873146622,0.47058823529411775,0.875,0.7450697742029266,0.7363800998158736,2.3366942823453,High,0.7363800998158737,After_Lunch
462:00,0.8896210873146622,0.47058823529411775,0.875,0.7450697742029266,0.7363800998158736,2.3366942823453,High,0.7363800998158737,After_Lunch
462:30,0.8896210873146622,0.47058823529411775,0.875,0.7450697742029266,0.7363800998158736,2.3366942823453,High,0.7363800998158737,After_Lunch
463:00,0.8896210873146622,0.5,0.875,0.754873695771554,0.7466742174629324,2.3626801722893314,High,0.7466742174629325,After_Lunch
463:30,0.8896210873146622,0.5,0.875,0.754873695771554,0.7466742174629324,2.3626801722893314,High,0.7466742174629325,After_Lunch
464:00,0.8896210873146622,0.5,0.875,0.754873695771554,0.7466742174629324,2.3626801722893314,High,0.7466742174629325,After_Lunch
464:30,0.8896210873146622,0.5,0.9166666666666661,0.7687625846604428,0.7654242174629321,2.4344626082431544,High,0.7654242174629323,After_Lunch
465:00,0.8896210873146622,0.5,0.9583333333333339,0.7826514735493321,0.7841742174629327,2.475096323232336,High,0.7841742174629328,After_Lunch
465:30,0.9077429983525533,0.5,0.9166666666666661,0.7748032216730731,0.7690485996705103,2.444713708497405,High,0.7690485996705105,After_Lunch
466:00,0.8896210873146622,0.5,0.875,0.754873695771554,0.7466742174629324,2.3626801722893314,High,0.7466742174629325,After_Lunch
466:30,0.8896210873146622,0.5,0.8333333333333339,0.7409848068826653,0.7279242174629327,2.2930143094527202,Medium,0.7279242174629328,After_Lunch
467:00,0.8896210873146622,0.5,0.8333333333333339,0.7409848068826653,0.7279242174629327,2.2930143094527202,Medium,0.7279242174629328,After_Lunch
467:30,0.8896210873146622,0.5,0.8333333333333339,0.7409848068826653,0.7279242174629327,2.2930143094527202,Medium,0.7279242174629328,After_Lunch
468:00,0.8896210873146622,0.5,0.875,0.754873695771554,0.7466742174629324,2.3626801722893314,High,0.7466742174629325,After_Lunch
468:30,0.9077429983525533,0.5,0.875,0.7609143327841844,0.7502985996705107,2.3726290091426305,High,0.7502985996705107,After_Lunch
469:00,0.9077429983525533,0.0,0.8333333333333339,0.580358777228629,0.556548599670511,1.6226639793929634,Medium,0.5565485996705112,After_Lunch
469:30,0.9077429983525533,0.0,0.7916666666666661,0.5664698883397398,0.5377985996705104,1.5748181949553812,Medium,0.5377985996705107,After_Lunch
470:00,0.9077429983525533,0.0,0.7916666666666661,0.5664698883397398,0.5377985996705104,1.5748181949553812,Medium,0.5377985996705107,After_Lunch
470:30,0.9077429983525533,0.0,0.7916666666666661,0.5664698883397398,0.5377985996705104,1.5748181949553812,Medium,0.5377985996705107,After_Lunch
471:00,0.9077429983525533,0.0,0.7916666666666661,0.5664698883397398,0.5377985996705104,1.5748181949553812,Medium,0.5377985996705107,After_Lunch
471:30,0.9077429983525533,0.0,0.7916666666666661,0.5664698883397398,0.5377985996705104,1.5748181949553812,Medium,0.5377985996705107,After_Lunch
472:00,0.9077429983525533,0.0,0.75,0.5525809994508512,0.5190485996705108,1.5283831887919967,Medium,0.519048599670511,After_Lunch
472:30,0.9077429983525533,0.0,0.75,0.5525809994508512,0.5190485996705108,1.5283831887919967,Medium,0.519048599670511,After_Lunch
473:00,0.9077429983525533,0.7941176470588234,0.75,0.8172868818037923,0.7969897761410989,2.1688789850302044,Medium,0.7969897761410989,After_Lunch
473:30,0.9077429983525533,0.7941176470588234,0.75,0.8172868818037923,0.7969897761410989,2.1688789850302044,Medium,0.7969897761410989,After_Lunch
474:00,0.9077429983525533,0.7941176470588234,0.75,0.8172868818037923,0.7969897761410989,2.1688789850302044,Medium,0.7969897761410989,After_Lunch
474:30,0.9077429983525533,0.7941176470588234,0.75,0.8172868818037923,0.7969897761410989,2.1688789850302044,Medium,0.7969897761410989,After_Lunch
475:00,0.9077429983525533,0.7941176470588234,0.75,0.8172868818037923,0.7969897761410989,2.1688789850302044,Medium,0.7969897761410989,After_Lunch
475:30,0.9258649093904445,0.7941176470588234,0.75,0.8233275188164226,0.8006141583486771,2.178011758661477,Medium,0.8006141583486772,After_Lunch
476:00,0.9258649093904445,0.7941176470588234,0.75,0.8233275188164226,0.8006141583486771,2.178011758661477,Medium,0.8006141583486772,After_Lunch
476:30,0.9258649093904445,0.7941176470588234,0.75,0.8233275188164226,0.8006141583486771,2.178011758661477,Medium,0.8006141583486772,After_Lunch
477:00,0.9258649093904445,0.7941176470588234,0.75,0.8233275188164226,0.8006141583486771,2.178011758661477,Medium,0.8006141583486772,After_Lunch
477:30,0.9258649093904445,0.5294117647058822,0.75,0.7350922246987756,0.7079670995251477,2.178011758661477,Medium,0.7079670995251479,After_Lunch
478:00,0.9258649093904445,0.5294117647058822,0.75,0.7350922246987756,0.7079670995251477,2.178011758661477,Medium,0.7079670995251479,After_Lunch
478:30,0.9258649093904445,0.5294117647058822,0.75,0.7350922246987756,0.7079670995251477,2.178011758661477,Medium,0.7079670995251479,After_Lunch
479:00,0.9258649093904445,0.5294117647058822,0.75,0.7350922246987756,0.7079670995251477,2.178011758661477,Medium,0.7079670995251479,After_Lunch
479:30,0.9258649093904445,0.5294117647058822,0.75,0.7350922246987756,0.7079670995251477,2.178011758661477,Medium,0.7079670995251479,After_Lunch
480:00,0.9258649093904445,0.5294117647058822,0.75,0.7350922246987756,0.7079670995251477,2.178011758661477,Medium,0.7079670995251479,After_Lunch
480:30,0.9258649093904445,0.5294117647058822,0.75,0.7350922246987756,0.7079670995251477,2.178011758661477,Medium,0.7079670995251479,After_Lunch
481:00,0.9258649093904445,0.5294117647058822,0.75,0.7350922246987756,0.7079670995251477,2.178011758661477,Medium,0.7079670995251479,After_Lunch
481:30,0.9258649093904445,0.9411764705882351,0.75,0.8723471266595598,0.8520847465839712,2.178011758661477,Medium,0.8520847465839712,After_Lunch
482:00,0.9258649093904445,0.9411764705882351,0.75,0.8723471266595598,0.8520847465839712,2.178011758661477,Medium,0.8520847465839712,After_Lunch
482:30,0.9258649093904445,0.9411764705882351,0.75,0.8723471266595598,0.8520847465839712,2.178011758661477,Medium,0.8520847465839712,After_Lunch
483:00,0.9258649093904445,0.9411764705882351,0.75,0.8723471266595598,0.8520847465839712,2.178011758661477,Medium,0.8520847465839712,After_Lunch
483:30,0.9258649093904445,0.9411764705882351,0.7916666666666661,0.8862360155484486,0.870834746583971,2.2441836389720065,Medium,0.870834746583971,After_Lunch
484:00,0.9456342668863265,0.9411764705882351,0.7916666666666661,0.8928258013804092,0.8747886180831473,2.254494557039198,Medium,0.8747886180831473,After_Lunch
484:30,0.9258649093904445,0.9411764705882351,0.7916666666666661,0.8862360155484486,0.870834746583971,2.2441836389720065,Medium,0.870834746583971,After_Lunch
485:00,0.9456342668863265,0.9411764705882351,0.7916666666666661,0.8928258013804092,0.8747886180831473,2.254494557039198,Medium,0.8747886180831473,After_Lunch
485:30,0.9258649093904445,0.6176470588235294,0.7916666666666661,0.7783928782935466,0.757599452466324,2.2441836389720065,Medium,0.7575994524663241,After_Lunch
486:00,0.9456342668863265,0.6176470588235294,0.7916666666666661,0.7849826641255073,0.7615533239655004,2.254494557039198,Medium,0.7615533239655005,After_Lunch
486:30,0.9456342668863265,0.6176470588235294,0.7916666666666661,0.7849826641255073,0.7615533239655004,2.254494557039198,Medium,0.7615533239655005,After_Lunch
487:00,0.9258649093904445,0.6176470588235294,0.7916666666666661,0.7783928782935466,0.757599452466324,2.2441836389720065,Medium,0.7575994524663241,After_Lunch
487:30,0.9456342668863265,0.6176470588235294,0.7916666666666661,0.7849826641255073,0.7615533239655004,2.254494557039198,Medium,0.7615533239655005,After_Lunch
488:00,0.9456342668863265,0.6176470588235294,0.7916666666666661,0.7849826641255073,0.7615533239655004,2.254494557039198,Medium,0.7615533239655005,After_Lunch
488:30,0.9456342668863265,0.6176470588235294,0.7916666666666661,0.7849826641255073,0.7615533239655004,2.254494557039198,Medium,0.7615533239655005,After_Lunch
489:00,0.9456342668863265,0.6176470588235294,0.8333333333333339,0.7988715530143966,0.780303323965501,2.3229901211222987,High,0.780303323965501,After_Lunch
489:30,0.9456342668863265,0.6176470588235294,0.8333333333333339,0.7988715530143966,0.780303323965501,2.3229901211222987,High,0.780303323965501,After_Lunch
490:00,0.9456342668863265,0.6176470588235294,0.8333333333333339,0.7988715530143966,0.780303323965501,2.3229901211222987,High,0.780303323965501,After_Lunch
490:30,0.9456342668863265,0.4117647058823528,0.8333333333333339,0.7302441020340044,0.708244500436089,2.1544882346813052,Medium,0.7082445004360892,After_Lunch
491:00,0.9456342668863265,0.4117647058823528,0.8333333333333339,0.7302441020340044,0.708244500436089,2.1544882346813052,Medium,0.7082445004360892,After_Lunch
491:30,0.9456342668863265,0.4117647058823528,0.8333333333333339,0.7302441020340044,0.708244500436089,2.1544882346813052,Medium,0.7082445004360892,After_Lunch
492:00,0.9456342668863265,0.4117647058823528,0.8333333333333339,0.7302441020340044,0.708244500436089,2.1544882346813052,Medium,0.7082445004360892,After_Lunch
492:30,0.9456342668863265,0.4117647058823528,0.8333333333333339,0.7302441020340044,0.708244500436089,2.1544882346813052,Medium,0.7082445004360892,After_Lunch
493:00,0.9456342668863265,0.4117647058823528,0.8333333333333339,0.7302441020340044,0.708244500436089,2.1544882346813052,Medium,0.7082445004360892,After_Lunch
493:30,0.9637561779242176,0.4117647058823528,0.8333333333333339,0.7362847390466348,0.7118688826436672,2.163560411356165,Medium,0.7118688826436674,After_Lunch
494:00,0.9637561779242176,0.4117647058823528,0.875,0.7501736279355234,0.730618882643667,2.2292932339708806,Medium,0.7306188826436671,After_Lunch
494:30,0.9637561779242176,0.4117647058823528,0.875,0.7501736279355234,0.730618882643667,2.2292932339708806,Medium,0.7306188826436671,After_Lunch
495:00,0.9637561779242176,0.4117647058823528,0.875,0.7501736279355234,0.730618882643667,2.2292932339708806,Medium,0.7306188826436671,After_Lunch
495:30,0.9637561779242176,0.4117647058823528,0.875,0.7501736279355234,0.730618882643667,2.2292932339708806,Medium,0.7306188826436671,After_Lunch
496:00,0.9637561779242176,0.4117647058823528,0.875,0.7501736279355234,0.730618882643667,2.2292932339708806,Medium,0.7306188826436671,After_Lunch
496:30,0.9637561779242176,0.4117647058823528,0.875,0.7501736279355234,0.730618882643667,2.2292932339708806,Medium,0.7306188826436671,After_Lunch
497:00,0.9637561779242176,0.4117647058823528,0.875,0.7501736279355234,0.730618882643667,2.2292932339708806,Medium,0.7306188826436671,After_Lunch
497:30,0.9637561779242176,0.4117647058823528,0.875,0.7501736279355234,0.730618882643667,2.2292932339708806,Medium,0.7306188826436671,After_Lunch
498:00,0.9637561779242176,0.4117647058823528,0.875,0.7501736279355234,0.730618882643667,2.2292932339708806,Medium,0.7306188826436671,After_Lunch
498:30,0.9637561779242176,0.4117647058823528,0.875,0.7501736279355234,0.730618882643667,2.2292932339708806,Medium,0.7306188826436671,After_Lunch
499:00,0.9637561779242176,0.4117647058823528,0.875,0.7501736279355234,0.730618882643667,2.2292932339708806,Medium,0.7306188826436671,After_Lunch
499:30,0.9637561779242176,0.5882352941176472,0.875,0.8089971573472883,0.79238358852602,2.403645597240946,High,0.7923835885260202,After_Lunch
500:00,0.9637561779242176,0.5882352941176472,0.9166666666666661,0.822886046236177,0.8111335885260198,2.4766726358402726,High,0.8111335885260199,After_Lunch
500:30,0.9637561779242176,0.5882352941176472,0.9166666666666661,0.822886046236177,0.8111335885260198,2.4766726358402726,High,0.8111335885260199,After_Lunch
501:00,0.9818780889621088,0.5882352941176472,0.9166666666666661,0.8289266832488074,0.814757970733598,2.4871014752075284,High,0.8147579707335981,After_Lunch
501:30,0.9637561779242176,0.5882352941176472,0.9166666666666661,0.822886046236177,0.8111335885260198,2.4766726358402726,High,0.8111335885260199,After_Lunch
502:00,0.9818780889621088,0.5882352941176472,0.9166666666666661,0.8289266832488074,0.814757970733598,2.4871014752075284,High,0.8147579707335981,After_Lunch
502:30,0.9637561779242176,0.5882352941176472,0.9166666666666661,0.822886046236177,0.8111335885260198,2.4766726358402726,High,0.8111335885260199,After_Lunch
503:00,0.9637561779242176,0.5882352941176472,0.9166666666666661,0.822886046236177,0.8111335885260198,2.4766726358402726,High,0.8111335885260199,After_Lunch
503:30,0.9637561779242176,0.5882352941176472,0.9166666666666661,0.822886046236177,0.8111335885260198,2.4766726358402726,High,0.8111335885260199,After_Lunch
504:00,0.9637561779242176,0.5294117647058822,0.9166666666666661,0.803278203098922,0.790545353231902,2.4766726358402726,High,0.7905453532319022,After_Lunch
504:30,0.9637561779242176,0.5294117647058822,0.9166666666666661,0.803278203098922,0.790545353231902,2.4766726358402726,High,0.7905453532319022,After_Lunch
505:00,0.9637561779242176,0.5294117647058822,0.9166666666666661,0.803278203098922,0.790545353231902,2.4766726358402726,High,0.7905453532319022,After_Lunch
505:30,0.9637561779242176,0.5294117647058822,0.9583333333333339,0.8171670919878112,0.8092953532319026,2.51801088012691,High,0.8092953532319027,After_Lunch
506:00,0.9637561779242176,0.5294117647058822,0.9583333333333339,0.8171670919878112,0.8092953532319026,2.51801088012691,High,0.8092953532319027,After_Lunch
506:30,0.9637561779242176,0.5294117647058822,0.9583333333333339,0.8171670919878112,0.8092953532319026,2.51801088012691,High,0.8092953532319027,After_Lunch
507:00,0.9637561779242176,0.5294117647058822,0.9583333333333339,0.8171670919878112,0.8092953532319026,2.51801088012691,High,0.8092953532319027,After_Lunch
507:30,0.9637561779242176,0.5294117647058822,0.9583333333333339,0.8171670919878112,0.8092953532319026,2.51801088012691,High,0.8092953532319027,After_Lunch
508:00,0.9637561779242176,0.6470588235294117,0.9583333333333339,0.8563827782623211,0.8504718238201379,2.51801088012691,High,0.8504718238201379,After_Lunch
508:30,0.9637561779242176,0.6470588235294117,0.9583333333333339,0.8563827782623211,0.8504718238201379,2.51801088012691,High,0.8504718238201379,After_Lunch
509:00,0.9637561779242176,0.6470588235294117,1.0,0.8702716671512097,0.8692218238201376,2.51801088012691,High,0.8692218238201377,After_Lunch
509:30,0.9637561779242176,0.6470588235294117,0.9583333333333339,0.8563827782623211,0.8504718238201379,2.51801088012691,High,0.8504718238201379,After_Lunch
510:00,0.9637561779242176,0.6470588235294117,0.9583333333333339,0.8563827782623211,0.8504718238201379,2.51801088012691,High,0.8504718238201379,After_Lunch
510:30,0.9637561779242176,0.6470588235294117,1.0,0.8702716671512097,0.8692218238201376,2.51801088012691,High,0.8692218238201377,After_Lunch
511:00,0.9637561779242176,0.6470588235294117,1.0,0.8702716671512097,0.8692218238201376,2.51801088012691,High,0.8692218238201377,After_Lunch
511:30,0.9637561779242176,0.6470588235294117,1.0,0.8702716671512097,0.8692218238201376,2.51801088012691,High,0.8692218238201377,After_Lunch
512:00,0.9637561779242176,0.6470588235294117,1.0,0.8702716671512097,0.8692218238201376,2.51801088012691,High,0.8692218238201377,After_Lunch
512:30,0.9637561779242176,0.6470588235294117,0.9583333333333339,0.8563827782623211,0.8504718238201379,2.51801088012691,High,0.8504718238201379,After_Lunch
513:00,0.9637561779242176,0.3529411764705883,0.9583333333333339,0.7583435625760466,0.7475306473495498,2.19005071025788,Medium,0.7475306473495498,After_Lunch
513:30,0.9818780889621088,0.3529411764705883,1.0,0.7782730884775657,0.7699050295571277,2.199272634355925,Medium,0.7699050295571277,After_Lunch
514:00,0.9637561779242176,0.3529411764705883,1.0,0.7722324514649354,0.7662806473495495,2.19005071025788,Medium,0.7662806473495495,After_Lunch
514:30,0.9818780889621088,0.3529411764705883,1.0,0.7782730884775657,0.7699050295571277,2.199272634355925,Medium,0.7699050295571277,After_Lunch
515:00,0.9818780889621088,0.3529411764705883,1.0,0.7782730884775657,0.7699050295571277,2.199272634355925,Medium,0.7699050295571277,After_Lunch
515:30,0.9818780889621088,0.3529411764705883,1.0,0.7782730884775657,0.7699050295571277,2.199272634355925,Medium,0.7699050295571277,After_Lunch
516:00,0.9818780889621088,0.3529411764705883,1.0,0.7782730884775657,0.7699050295571277,2.199272634355925,Medium,0.7699050295571277,After_Lunch
516:30,0.9818780889621088,0.3529411764705883,1.0,0.7782730884775657,0.7699050295571277,2.199272634355925,Medium,0.7699050295571277,After_Lunch
517:00,0.9818780889621088,0.3529411764705883,1.0,0.7782730884775657,0.7699050295571277,2.199272634355925,Medium,0.7699050295571277,After_Lunch
517:30,0.9818780889621088,0.47058823529411775,1.0,0.8174887747520755,0.811081500145363,2.500802880232041,High,0.811081500145363,After_Lunch
518:00,0.9818780889621088,0.47058823529411775,1.0,0.8174887747520755,0.811081500145363,2.500802880232041,High,0.811081500145363,After_Lunch
518:30,0.9818780889621088,0.47058823529411775,1.0,0.8174887747520755,0.811081500145363,2.500802880232041,High,0.811081500145363,After_Lunch
519:00,0.9818780889621088,0.47058823529411775,1.0,0.8174887747520755,0.811081500145363,2.500802880232041,High,0.811081500145363,After_Lunch
519:30,1.0,0.47058823529411775,1.0,0.823529411764706,0.8147058823529412,2.511333327877683,High,0.8147058823529412,After_Lunch
520:00,1.0,0.47058823529411775,1.0,0.823529411764706,0.8147058823529412,2.511333327877683,High,0.8147058823529412,After_Lunch
520:30,1.0,0.47058823529411775,1.0,0.823529411764706,0.8147058823529412,2.511333327877683,High,0.8147058823529412,After_Lunch
521:00,1.0,0.47058823529411775,1.0,0.823529411764706,0.8147058823529412,2.511333327877683,High,0.8147058823529412,After_Lunch
521:30,1.0,0.47058823529411775,1.0,0.823529411764706,0.8147058823529412,2.511333327877683,High,0.8147058823529412,After_Lunch
522:00,1.0,0.47058823529411775,1.0,0.823529411764706,0.8147058823529412,2.511333327877683,High,0.8147058823529412,After_Lunch
522:30,1.0,0.3529411764705883,1.0,0.7843137254901961,0.773529411764706,2.208533390378578,Medium,0.773529411764706,After_Lunch
523:00,1.0,0.3529411764705883,1.0,0.7843137254901961,0.773529411764706,2.208533390378578,Medium,0.773529411764706,After_Lunch
523:30,1.0,0.3529411764705883,0.9583333333333339,0.7704248366013075,0.7547794117647062,2.208533390378578,Medium,0.7547794117647062,After_Lunch
524:00,1.0,0.3529411764705883,0.9583333333333339,0.7704248366013075,0.7547794117647062,2.208533390378578,Medium,0.7547794117647062,After_Lunch
524:30,1.0,0.3529411764705883,1.0,0.7843137254901961,0.773529411764706,2.208533390378578,Medium,0.773529411764706,After_Lunch
525:00,1.0,0.3529411764705883,1.0,0.7843137254901961,0.773529411764706,2.208533390378578,Medium,0.773529411764706,After_Lunch
525:30,1.0,0.3529411764705883,1.0,0.7843137254901961,0.773529411764706,2.208533390378578,Medium,0.773529411764706,After_Lunch
526:00,1.0,0.3529411764705883,1.0,0.7843137254901961,0.773529411764706,2.208533390378578,Medium,0.773529411764706,After_Lunch
526:30,1.0,0.5882352941176472,1.0,0.8627450980392157,0.8558823529411765,2.5392613422371424,High,0.8558823529411765,After_Lunch
527:00,1.0,0.5882352941176472,1.0,0.8627450980392157,0.8558823529411765,2.5392613422371424,High,0.8558823529411765,After_Lunch
527:30,1.0,0.5882352941176472,1.0,0.8627450980392157,0.8558823529411765,2.5392613422371424,High,0.8558823529411765,After_Lunch
528:00,1.0,0.5882352941176472,1.0,0.8627450980392157,0.8558823529411765,2.5392613422371424,High,0.8558823529411765,After_Lunch
528:30,1.0,0.5882352941176472,1.0,0.8627450980392157,0.8558823529411765,2.5392613422371424,High,0.8558823529411765,After_Lunch
529:00,1.0,0.5882352941176472,1.0,0.8627450980392157,0.8558823529411765,2.5392613422371424,High,0.8558823529411765,After_Lunch
529:30,1.0,0.5882352941176472,1.0,0.8627450980392157,0.8558823529411765,2.5392613422371424,High,0.8558823529411765,After_Lunch
530:00,1.0,0.5882352941176472,1.0,0.8627450980392157,0.8558823529411765,2.5392613422371424,High,0.8558823529411765,After_Lunch
530:30,0.0,0.16279069767441867,1.0,0.3875968992248062,0.5069767441860465,1.5726900924115812,Medium,0.5069767441860435,Stress_Induced
531:00,0.04255319148935932,0.16279069767441867,0.9761904761904763,0.39384478845141807,0.5047730967696328,1.5726900924115812,Medium,0.5047730967696298,Stress_Induced
531:30,0.0700876095118872,0.16279069767441867,0.9285714285714288,0.3871499119192449,0.48885140894556695,1.5601556120246511,Medium,0.48885140894556417,Stress_Induced
532:00,0.09887359198998524,0.16279069767441867,0.8690476190476191,0.37690396957067435,0.46782289115547215,1.4948551115975126,Medium,0.46782289115546954,Stress_Induced
532:30,0.11264080100125007,0.16279069767441867,0.8214285714285716,0.36562002336808014,0.44914776152915376,1.4445881479518903,Medium,0.4491477615291513,Stress_Induced
533:00,0.14142678347934812,0.16279069767441867,0.8095238095238098,0.3712470968925255,0.44954781516763054,1.432287771454624,Medium,0.44954781516762815,Stress_Induced
533:30,0.15519399249061294,0.16279069767441867,0.7976190476190474,0.37186791259469304,0.4469441141127405,1.4200921301804652,Medium,0.4469441141127381,Stress_Induced
534:00,0.18272841051314082,0.5116279069767442,0.7738095238095237,0.4893886137664696,0.5638297352587743,1.9755199901503069,High,0.5638297352587722,Stress_Induced
534:30,0.19774718397997404,0.5116279069767442,0.7380952380952381,0.4824901096839855,0.5507620613807124,1.9254849948755657,High,0.5507620613807105,Stress_Induced
535:00,0.21151439299123886,0.5116279069767442,0.75,0.49104743332266104,0.5588726460401082,1.9420209109455275,High,0.5588726460401063,Stress_Induced
535:30,0.2252816020025019,0.5116279069767442,0.7738095238095237,0.50357301092959,0.5723403735566465,1.9755199901503069,High,0.5723403735566446,Stress_Induced
536:00,0.2403003754693369,0.5116279069767442,0.7738095238095237,0.5085792687518683,0.5753441282500135,1.9755199901503069,High,0.5753441282500116,Stress_Induced
536:30,0.25406758448059996,0.5116279069767442,0.7738095238095237,0.5131683384222893,0.5780975700522661,1.9755199901503069,High,0.5780975700522644,Stress_Induced
537:00,0.2678347934918648,0.5116279069767442,0.7619047619047619,0.5137891541244569,0.5754938689973762,1.9586988361825304,High,0.5754938689973745,Stress_Induced
537:30,0.28160200250312784,0.5116279069767442,0.7023809523809526,0.4985369539536082,0.5514615965139147,1.876717261265918,High,0.5514615965139129,Stress_Induced
538:00,0.29662077596996106,0.5116279069767442,0.6547619047619047,0.48767019590287,0.5330367797787098,1.8136095542960087,High,0.5330367797787081,Stress_Induced
538:30,0.3103879849812241,0.13953488372093026,0.6190476190476191,0.3563234959165911,0.389486234869999,1.2456597632583069,Medium,0.3894862348699973,Stress_Induced
539:00,0.32415519399248893,0.13953488372093026,0.5952380952380953,0.3529760576505048,0.3815253909579663,1.2245369929094114,Medium,0.3815253909579646,Stress_Induced
539:30,0.33792240300375376,0.13953488372093026,0.6309523809523809,0.3694698892256883,0.40035026133164775,1.256357392869437,Medium,0.40035026133164603,Stress_Induced
540:00,0.33792240300375376,0.13953488372093026,0.6309523809523809,0.3694698892256883,0.40035026133164775,1.256357392869437,Medium,0.40035026133164603,Stress_Induced
540:30,0.3516896120150168,0.13953488372093026,0.5952380952380953,0.3621541969913475,0.38703227456247186,1.2245369929094114,Medium,0.38703227456247025,Stress_Induced
541:00,0.3667083854818518,0.13953488372093026,0.5833333333333335,0.36319220084537185,0.384678886398696,1.21411030758116,Low,0.38467888639869446,Stress_Induced
541:30,0.38047559449311485,0.13953488372093026,0.6071428571428572,0.37571777845230075,0.3981466139152343,1.235053221804055,Medium,0.39814661391523276,Stress_Induced
542:00,0.38047559449311485,0.13953488372093026,0.5833333333333335,0.36778127051579285,0.38743232820094864,1.21411030758116,Low,0.3874323282009471,Stress_Induced
542:30,0.3942428035043797,0.13953488372093026,0.5714285714285716,0.3684020862179605,0.38482862714605875,1.2037724033739068,Low,0.3848286271460572,Stress_Induced
543:00,0.40801001251564273,0.2558139534883721,0.6071428571428572,0.423655607715624,0.4443511719383445,1.3709371523398217,Medium,0.4443511719383431,Stress_Induced
543:30,0.42302878598247773,0.2558139534883721,0.6190476190476191,0.4326301195061563,0.45271206948885434,1.382710654469735,Medium,0.45271206948885295,Stress_Induced
544:00,0.42302878598247773,0.2558139534883721,0.6190476190476191,0.4326301195061563,0.45271206948885434,1.382710654469735,Medium,0.45271206948885295,Stress_Induced
544:30,0.4367959949937408,0.2558139534883721,0.6190476190476191,0.4372191891765773,0.45546551129110696,1.3844834538067456,Medium,0.45546551129110563,Stress_Induced
545:00,0.4505632040050056,0.2558139534883721,0.6190476190476191,0.4418082588469989,0.4582189530933599,1.3889101290002168,Medium,0.45821895309335864,Stress_Induced
545:30,0.4505632040050056,0.2558139534883721,0.5714285714285716,0.4259352429739831,0.43679038166478856,1.342205739778923,Medium,0.4367903816647873,Stress_Induced
546:00,0.46433041301626865,0.2558139534883721,0.5119047619047619,0.4106830428031342,0.4127581091813268,1.2901394348628956,Medium,0.4127581091813256,Stress_Induced
546:30,0.47934918648310365,0.2558139534883721,0.48809523809523814,0.40775279268890463,0.40504757816040815,1.2726867802126303,Medium,0.40504757816040704,Stress_Induced
547:00,0.47934918648310365,0.32558139534883734,0.5238095238095237,0.4429133685471549,0.44553761138299947,1.409138732420415,Medium,0.44553761138299836,Stress_Induced
547:30,0.4931163954943667,0.32558139534883734,0.5595238095238098,0.45940720012233793,0.4643624817566808,1.4503787153713081,Medium,0.46436248175667966,Stress_Induced
548:00,0.4931163954943667,0.32558139534883734,0.5476190476190479,0.455438946154084,0.459005338899538,1.4380290333612613,Medium,0.4590053388995369,Stress_Induced
548:30,0.5068836045056315,0.32558139534883734,0.5357142857142856,0.45605976185625147,0.4564016378446479,1.430343235425969,Medium,0.45640163784464677,Stress_Induced
549:00,0.5068836045056315,0.32558139534883734,0.5357142857142856,0.45605976185625147,0.4564016378446479,1.430343235425969,Medium,0.45640163784464677,Stress_Induced
549:30,0.5219023779724647,0.32558139534883734,0.48809523809523814,0.4451930038055134,0.43797682110944314,1.3870675843286764,Medium,0.4379768211094422,Stress_Induced
550:00,0.5356695869837296,0.32558139534883734,0.4285714285714288,0.42994080363466525,0.41394454862598196,1.3332610167925485,Medium,0.4139445486259811,Stress_Induced
550:30,0.5494367959949944,0.32558139534883734,0.4404761904761907,0.4384981272733408,0.42205513328537775,1.3490104678805064,Medium,0.42205513328537697,Stress_Induced
551:00,0.5494367959949944,0.30232558139534893,0.4642857142857144,0.4386826972253526,0.4246298841159425,1.3378657527556705,Medium,0.4246298841159416,Stress_Induced
551:30,0.5632040050062574,0.30232558139534893,0.4404761904761907,0.43533525895926567,0.41666904020390944,1.3193845228708054,Medium,0.41666904020390866,Stress_Induced
552:00,0.5632040050062574,0.30232558139534893,0.40476190476190466,0.4234304970545037,0.40059761163248075,1.2859678028697157,Medium,0.4005976116324799,Stress_Induced
552:30,0.5782227784730907,0.30232558139534893,0.36904761904761907,0.41653199297201954,0.38752993775441885,1.2577699499630732,Medium,0.3875299377544182,Stress_Induced
553:00,0.5782227784730907,0.30232558139534893,0.38095238095238093,0.4205002469402735,0.3928870806115617,1.2685715809200848,Medium,0.392887080611561,Stress_Induced
553:30,0.5919899874843537,0.30232558139534893,0.40476190476190466,0.43302582454720245,0.4063548081281,1.2945799602901096,Medium,0.40635480812809927,Stress_Induced
554:00,0.5919899874843537,0.30232558139534893,0.3928571428571428,0.4290575705789485,0.40099766527095715,1.2835568732324172,Medium,0.4009976652709565,Stress_Induced
554:30,0.5919899874843537,0.30232558139534893,0.36904761904761907,0.4211210626424406,0.3902833795566715,1.2617914780075474,Medium,0.3902833795566708,Stress_Induced
555:00,0.6057571964956185,0.39534883720930214,0.34523809523809534,0.4487813763143387,0.4148806751795224,1.3774241007957633,Medium,0.4148806751795219,Stress_Induced
555:30,0.6057571964956185,0.39534883720930214,0.3571428571428572,0.45274963028259263,0.4202378180366652,1.3892533123368136,Medium,0.4202378180366647,Stress_Induced
556:00,0.6195244055068816,0.39534883720930214,0.3928571428571428,0.4692434618577755,0.43906268841034635,1.4299113267658343,Medium,0.4390626884103458,Stress_Induced
556:30,0.6332916145181464,0.39534883720930214,0.3928571428571428,0.4738325315281971,0.44181613021259936,1.4344832506712113,Medium,0.44181613021259875,Stress_Induced
557:00,0.6332916145181464,0.39534883720930214,0.3571428571428572,0.46192776962343524,0.42574470164117084,1.3981513669004129,Medium,0.42574470164117034,Stress_Induced
557:30,0.6332916145181464,0.39534883720930214,0.3214285714285716,0.4500230077186734,0.4096732730697423,1.362739679149831,Medium,0.40967327306974183,Stress_Induced
558:00,0.6483103879849796,0.39534883720930214,0.3214285714285716,0.45502926554095113,0.41267702776310894,1.3674936268721631,Medium,0.41267702776310855,Stress_Induced
558:30,0.6483103879849796,0.39534883720930214,0.34523809523809534,0.46296577347745904,0.4233913134773946,1.3910823416282356,Medium,0.42339131347739417,Stress_Induced
559:00,0.6620775969962445,0.4883720930232558,0.36904761904761907,0.5064991030223731,0.469417180528817,1.5583179629771489,Medium,0.4694171805288167,Stress_Induced
559:30,0.6620775969962445,0.4883720930232558,0.3928571428571428,0.514435610958881,0.48013146624310266,1.5851983207394074,Medium,0.48013146624310227,Stress_Induced
560:00,0.6758448060075075,0.4883720930232558,0.3928571428571428,0.5190246806293021,0.4828849080453553,1.5902667511809947,Medium,0.48288490804535494,Stress_Induced
560:30,0.6758448060075075,0.4883720930232558,0.3571428571428572,0.5071199187245402,0.46681347947392676,1.5499892597976423,Medium,0.4668134794739265,Stress_Induced
561:00,0.6758448060075075,0.4883720930232558,0.2976190476190479,0.4872786488832704,0.44002776518821257,1.501868977026139,Medium,0.4400277651882124,Stress_Induced
561:30,0.6896120150187723,0.4883720930232558,0.2976190476190479,0.491867718553692,0.4427812069904655,1.506670974569819,Medium,0.44278120699046536,Stress_Induced
562:00,0.6896120150187723,0.4883720930232558,0.34523809523809534,0.5077407344267079,0.4642097784190369,1.5417050708304478,Medium,0.4642097784190366,Stress_Induced
562:30,0.6896120150187723,0.4883720930232558,0.36904761904761907,0.5156772423632158,0.47492406413332255,1.568298862888544,Medium,0.4749240641333223,Stress_Induced
563:00,0.7046307884856056,0.30232558139534893,0.34523809523809534,0.45073148837301663,0.4020972540426362,1.2732190683049613,Medium,0.4020972540426358,Stress_Induced
563:30,0.7046307884856056,0.30232558139534893,0.30952380952380976,0.43882672646825477,0.3860258254712077,1.244286115923974,Medium,0.38602582547120734,Stress_Induced
564:00,0.7183979974968704,0.30232558139534893,0.3333333333333335,0.4513523040751843,0.3994935529877463,1.2664141260824255,Medium,0.39949355298774597,Stress_Induced
564:30,0.7183979974968704,0.30232558139534893,0.3571428571428572,0.4592888120116922,0.410207838702032,1.2882592601263385,Medium,0.41020783870203154,Stress_Induced
565:00,0.7321652065081352,0.30232558139534893,0.34523809523809534,0.45990962771385985,0.4076041376471421,1.2813739329654148,Medium,0.4076041376471418,Stress_Induced
565:30,0.7321652065081352,0.30232558139534893,0.3214285714285716,0.45197311977735194,0.3968898519328564,1.2596455540649902,Medium,0.39688985193285614,Stress_Induced
566:00,0.7321652065081352,0.30232558139534893,0.3333333333333335,0.4559413737456059,0.40224699478999926,1.2704632925648247,Medium,0.402246994789999,Stress_Induced
566:30,0.7459324155193983,0.30232558139534893,0.36904761904761907,0.47243520532078875,0.4210718651636804,1.3076447874167287,Medium,0.42107186516368006,Stress_Induced
567:00,0.7459324155193983,0.4651162790697674,0.36904761904761907,0.5266987712122616,0.4780486093497268,1.562075264042535,Medium,0.47804860934972665,Stress_Induced
567:30,0.7459324155193983,0.4651162790697674,0.36904761904761907,0.5266987712122616,0.4780486093497268,1.562075264042535,Medium,0.47804860934972665,Stress_Induced
568:00,0.7609511889862333,0.4651162790697674,0.36904761904761907,0.5317050290345399,0.4810523640430938,1.567524598392468,Medium,0.48105236404309365,Stress_Induced
568:30,0.7609511889862333,0.4651162790697674,0.3571428571428572,0.5277367750662859,0.475695221185951,1.5541774428337782,Medium,0.4756952211859508,Stress_Induced
569:00,0.7747183979974963,0.4651162790697674,0.34523809523809534,0.528357590768453,0.47309152013106076,1.54587086938909,Medium,0.47309152013106065,Stress_Induced
569:30,0.7747183979974963,0.4651162790697674,0.34523809523809534,0.528357590768453,0.47309152013106076,1.54587086938909,Medium,0.47309152013106065,Stress_Induced
570:00,0.7747183979974963,0.4651162790697674,0.3571428571428572,0.532325844736707,0.4784486629882036,1.5591466887381096,Medium,0.4784486629882035,Stress_Induced
570:30,0.7884856070087611,0.4651162790697674,0.3333333333333335,0.5289784064706207,0.4704878190761709,1.537608691880471,Medium,0.47048781907617093,Stress_Induced
571:00,0.7884856070087611,0.39534883720930214,0.2857142857142856,0.48984957664411627,0.4246406429964365,1.4043837007408897,Medium,0.4246406429964365,Stress_Induced
571:30,0.7884856070087611,0.39534883720930214,0.26190476190476186,0.48191306870760836,0.4139263572821508,1.4043837007408897,Medium,0.41392635728215094,Stress_Induced
572:00,0.7884856070087611,0.39534883720930214,0.26190476190476186,0.48191306870760836,0.4139263572821508,1.4043837007408897,Medium,0.41392635728215094,Stress_Induced
572:30,0.8035043804755944,0.39534883720930214,0.25,0.48295107256163217,0.4115729691183746,1.4092829245600589,Medium,0.41157296911837477,Stress_Induced
573:00,0.8035043804755944,0.39534883720930214,0.25,0.48295107256163217,0.4115729691183746,1.4092829245600589,Medium,0.41157296911837477,Stress_Induced
573:30,0.8035043804755944,0.39534883720930214,0.26190476190476186,0.4869193265298861,0.41693011197551744,1.4092829245600589,Medium,0.4169301119755176,Stress_Induced
574:00,0.8035043804755944,0.39534883720930214,0.25,0.48295107256163217,0.4115729691183746,1.4092829245600589,Medium,0.41157296911837477,Stress_Induced
574:30,0.8035043804755944,0.558139534883721,0.26190476190476186,0.5411828924213591,0.473906856161564,1.5469900733961188,Medium,0.4739068561615643,Stress_Induced
575:00,0.8172715894868592,0.558139534883721,0.2738095238095237,0.5497402160600346,0.4820174408209599,1.5519363387802372,Medium,0.48201744082096004,Stress_Induced
575:30,0.8172715894868592,0.558139534883721,0.30952380952380976,0.5616449779647966,0.4980888693923886,1.5519363387802372,Medium,0.4980888693923887,Stress_Induced
576:00,0.8172715894868592,0.558139534883721,0.3214285714285716,0.5656132319330506,0.5034460122495314,1.5610947191264257,Medium,0.5034460122495314,Stress_Induced
576:30,0.8172715894868592,0.558139534883721,0.2976190476190479,0.5576767239965427,0.4927317265352458,1.5519363387802372,Medium,0.4927317265352459,Stress_Induced
577:00,0.8310387984981222,0.558139534883721,0.30952380952380976,0.5662340476352177,0.5008423111946412,1.5568984190953428,Medium,0.5008423111946414,Stress_Induced
577:30,0.8310387984981222,0.558139534883721,0.3333333333333335,0.5741705555717256,0.5115565969089269,1.579535507998884,Medium,0.5115565969089271,Stress_Induced
578:00,0.8310387984981222,0.558139534883721,0.3571428571428572,0.5821070635082335,0.5222708826232125,1.606781859874392,High,0.5222708826232125,Stress_Induced
578:30,0.8310387984981222,0.41860465116279055,0.34523809523809534,0.5316271816330027,0.4680765304637441,1.488620958987771,Medium,0.46807653046374403,Stress_Induced
579:00,0.8448060075093871,0.41860465116279055,0.3571428571428572,0.5401845052716783,0.4761871151231399,1.5062056349715398,Medium,0.4761871151231399,Stress_Induced
579:30,0.8310387984981222,0.41860465116279055,0.38095238095238093,0.5435319435377646,0.4841479590351726,1.5273037546714878,Medium,0.48414795903517255,Stress_Induced
580:00,0.8310387984981222,0.41860465116279055,0.3928571428571428,0.5475001975060185,0.48950510189231544,1.5404201210767308,Medium,0.4895051018923153,Stress_Induced
580:30,0.8310387984981222,0.41860465116279055,0.3928571428571428,0.5475001975060185,0.48950510189231544,1.5404201210767308,Medium,0.4895051018923153,Stress_Induced
581:00,0.8448060075093871,0.41860465116279055,0.38095238095238093,0.5481210132081862,0.48690140083742556,1.5321870760467706,Medium,0.48690140083742556,Stress_Induced
581:30,0.8448060075093871,0.41860465116279055,0.40476190476190466,0.5560575211446941,0.49761568655171123,1.5586166865250846,Medium,0.4976156865517111,Stress_Induced
582:00,0.8448060075093871,0.41860465116279055,0.4285714285714288,0.5639940290812021,0.5083299722659971,1.5855021971483327,Medium,0.5083299722659971,Stress_Induced
582:30,0.8448060075093871,0.41860465116279055,0.4404761904761907,0.5679622830494561,0.5136871151231399,1.5991183672719949,High,0.5136871151231399,Stress_Induced
583:00,0.8598247809762185,0.2325581395348837,0.45238095238095255,0.5149212909640183,0.4569317336038817,1.3208828647812205,Medium,0.4569317336038814,Stress_Induced
583:30,0.8598247809762185,0.2325581395348837,0.4642857142857144,0.5188895449322722,0.4622888764610245,1.332226504564653,Medium,0.46228887646102423,Stress_Induced
584:00,0.8598247809762185,0.2325581395348837,0.4642857142857144,0.5188895449322722,0.4622888764610245,1.332226504564653,Medium,0.46228887646102423,Stress_Induced
584:30,0.8598247809762185,0.2325581395348837,0.45238095238095255,0.5149212909640183,0.4569317336038817,1.3208828647812205,Medium,0.4569317336038814,Stress_Induced
585:00,0.8735919899874833,0.2325581395348837,0.41666666666666696,0.507605598729678,0.4436137468347061,1.291544551287852,Medium,0.44361374683470595,Stress_Induced
585:30,0.8735919899874833,0.2325581395348837,0.3928571428571428,0.49966909079316996,0.4328994611204202,1.2696437082511778,Medium,0.4328994611204201,Stress_Induced
586:00,0.8735919899874833,0.2325581395348837,0.4285714285714288,0.511573852697932,0.44897088969184895,1.3026362359062993,Medium,0.4489708896918488,Stress_Induced
586:30,0.8735919899874833,0.2325581395348837,0.45238095238095255,0.5195103606344399,0.4596851754061346,1.3251061867681544,Medium,0.4596851754061344,Stress_Induced
587:00,0.8735919899874833,0.2325581395348837,0.4642857142857144,0.5234786146026938,0.46504231826327747,1.336486096113852,Medium,0.46504231826327724,Stress_Induced
587:30,0.8873591989987464,0.16279069767441867,0.4761904761904763,0.5087801242878804,0.4487342982715101,1.2530651580772407,Medium,0.44873429827150985,Stress_Induced
588:00,0.8873591989987464,0.16279069767441867,0.48809523809523814,0.5127483782561344,0.45409144112865296,1.2638263846457696,Medium,0.4540914411286527,Stress_Induced
588:30,0.8873591989987464,0.16279069767441867,0.48809523809523814,0.5127483782561344,0.45409144112865296,1.2638263846457696,Medium,0.4540914411286527,Stress_Induced
589:00,0.8873591989987464,0.16279069767441867,0.48809523809523814,0.5127483782561344,0.45409144112865296,1.2638263846457696,Medium,0.4540914411286527,Stress_Induced
589:30,0.8873591989987464,0.16279069767441867,0.5,0.5167166322243884,0.4594485839857958,1.2746800277949628,Medium,0.45944858398579547,Stress_Induced
590:00,0.9011264080100112,0.16279069767441867,0.4642857142857144,0.5094009399900481,0.44613059721662024,1.246367931956413,Medium,0.4461305972166201,Stress_Induced
590:30,0.9011264080100112,0.16279069767441867,0.4404761904761907,0.5014644320535402,0.43541631150233456,1.2252331531239655,Medium,0.4354163115023344,Stress_Induced
591:00,0.9011264080100112,0.16279069767441867,0.4404761904761907,0.5014644320535402,0.43541631150233456,1.2252331531239655,Medium,0.4354163115023344,Stress_Induced
591:30,0.9011264080100112,0.2790697674418605,0.4404761904761907,0.5402241219760208,0.47611398592093923,1.391138239082449,Medium,0.4761139859209391,Stress_Induced
592:00,0.9148936170212743,0.2790697674418605,0.4404761904761907,0.5448131916464418,0.47886742772319185,1.3955861919393084,Medium,0.47886742772319174,Stress_Induced
592:30,0.9148936170212743,0.2790697674418605,0.45238095238095255,0.5487814456146958,0.4842245705803347,1.4075713781130377,Medium,0.4842245705803346,Stress_Induced
593:00,0.9148936170212743,0.2790697674418605,0.4761904761904763,0.5567179535512037,0.49493885629462037,1.4318514179499064,Medium,0.4949388562946202,Stress_Induced
593:30,0.9148936170212743,0.2790697674418605,0.48809523809523814,0.5606862075194576,0.5002959991517633,1.4441480470770556,Medium,0.500295999151763,Stress_Induced
594:00,0.9148936170212743,0.2790697674418605,0.48809523809523814,0.5606862075194576,0.5002959991517633,1.4441480470770556,Medium,0.500295999151763,Stress_Induced
594:30,0.9299123904881093,0.2790697674418605,0.5,0.56966071930999,0.5086568967022731,1.4616314867914468,Medium,0.5086568967022729,Stress_Induced
595:00,0.9148936170212743,0.2790697674418605,0.48809523809523814,0.5606862075194576,0.5002959991517633,1.4441480470770556,Medium,0.500295999151763,Stress_Induced
595:30,0.9299123904881093,0.32558139534883734,0.48809523809523814,0.5811963413107283,0.519578823612572,1.5247012146312793,Medium,0.519578823612572,Stress_Induced
596:00,0.9299123904881093,0.32558139534883734,0.5,0.5851645952789822,0.5249359664697149,1.537795230624139,Medium,0.5249359664697149,Stress_Induced
596:30,0.9299123904881093,0.32558139534883734,0.5,0.5851645952789822,0.5249359664697149,1.537795230624139,Medium,0.5249359664697149,Stress_Induced
597:00,0.9299123904881093,0.32558139534883734,0.5119047619047619,0.5891328492472362,0.5302931093268577,1.5510016970126401,Medium,0.5302931093268577,Stress_Induced
597:30,0.9436795994993741,0.32558139534883734,0.5238095238095237,0.5976901728859118,0.5384036939862535,1.5693232597499998,Medium,0.5384036939862535,Stress_Induced
598:00,0.9436795994993741,0.32558139534883734,0.5238095238095237,0.5976901728859118,0.5384036939862535,1.5693232597499998,Medium,0.5384036939862535,Stress_Induced
598:30,0.9436795994993741,0.32558139534883734,0.5119047619047619,0.5937219189176578,0.5330465511291107,1.555960788952901,Medium,0.5330465511291107,Stress_Induced
599:00,0.9436795994993741,0.32558139534883734,0.5119047619047619,0.5937219189176578,0.5330465511291107,1.555960788952901,Medium,0.5330465511291107,Stress_Induced
599:30,0.9436795994993741,0.32558139534883734,0.5119047619047619,0.5937219189176578,0.5330465511291107,1.555960788952901,Medium,0.5330465511291107,Stress_Induced
600:00,0.9436795994993741,0.2790697674418605,0.5,0.5742497889804116,0.511410338504526,1.4663048310822622,Medium,0.5114103385045259,Stress_Induced
600:30,0.9436795994993741,0.2790697674418605,0.5,0.5742497889804116,0.511410338504526,1.4663048310822622,Medium,0.5114103385045259,Stress_Induced
601:00,0.9436795994993741,0.2790697674418605,0.5238095238095237,0.5821862969169195,0.5221246242188117,1.4915979993473043,Medium,0.5221246242188116,Stress_Induced
601:30,0.9574468085106371,0.2790697674418605,0.5119047619047619,0.5828071126190865,0.5195209231639215,1.4836258926945802,Medium,0.5195209231639213,Stress_Induced
602:00,0.9574468085106371,0.2790697674418605,0.5,0.5788388586508325,0.5141637803067787,1.4709931176803943,Medium,0.5141637803067785,Stress_Induced
602:30,0.9574468085106371,0.2790697674418605,0.48809523809523814,0.5748706046825786,0.5088066374496358,1.4584679081955947,Medium,0.5088066374496356,Stress_Induced
603:00,0.9574468085106371,0.2790697674418605,0.45238095238095255,0.5629658427778167,0.49273520887820726,1.4215285528568637,Medium,0.49273520887820726,Stress_Induced
603:30,0.9574468085106371,0.5813953488372094,0.4404761904761907,0.6597727826080124,0.5931920195094365,1.7566397660154696,High,0.5931920195094367,Stress_Induced
604:00,0.9574468085106371,0.5813953488372094,0.4404761904761907,0.6597727826080124,0.5931920195094365,1.7566397660154696,High,0.5931920195094367,Stress_Induced
604:30,0.9574468085106371,0.5813953488372094,0.41666666666666696,0.6518362746715045,0.5824777337951508,1.7268522594605291,High,0.5824777337951512,Stress_Induced
605:00,0.9574468085106371,0.5813953488372094,0.41666666666666696,0.6518362746715045,0.5824777337951508,1.7268522594605291,High,0.5824777337951512,Stress_Induced
605:30,0.9574468085106371,0.5813953488372094,0.4285714285714288,0.6558045286397585,0.5878348766522936,1.7416823329763753,High,0.5878348766522938,Stress_Induced
606:00,0.9574468085106371,0.5813953488372094,0.4285714285714288,0.6558045286397585,0.5878348766522936,1.7416823329763753,High,0.5878348766522938,Stress_Induced
606:30,0.9574468085106371,0.5813953488372094,0.45238095238095255,0.6637410365762664,0.5985491623665793,1.7717256523315381,High,0.5985491623665795,Stress_Induced
607:00,0.9574468085106371,0.6046511627906979,0.45238095238095255,0.6714929745607625,0.6066886972503003,1.7717256523315381,High,0.6066886972503005,Stress_Induced
607:30,0.9574468085106371,0.6046511627906979,0.4285714285714288,0.6635564666242546,0.5959744115360146,1.7416823329763753,High,0.5959744115360148,Stress_Induced
608:00,0.9574468085106371,0.6046511627906979,0.3928571428571428,0.6516517047194926,0.5799029829645859,1.6975698624698408,High,0.5799029829645863,Stress_Induced
608:30,0.9574468085106371,0.6046511627906979,0.3928571428571428,0.6516517047194926,0.5799029829645859,1.6975698624698408,High,0.5799029829645863,Stress_Induced
609:00,0.9574468085106371,0.6046511627906979,0.3928571428571428,0.6516517047194926,0.5799029829645859,1.6975698624698408,High,0.5799029829645863,Stress_Induced
609:30,0.9574468085106371,0.6046511627906979,0.40476190476190466,0.6556199586877466,0.5852601258217287,1.7121484610272977,High,0.5852601258217291,Stress_Induced
610:00,0.9574468085106371,0.6046511627906979,0.3928571428571428,0.6516517047194926,0.5799029829645859,1.6975698624698408,High,0.5799029829645863,Stress_Induced
610:30,0.9574468085106371,1.0,0.3571428571428572,0.7715298885511648,0.7022036474164131,1.6545746508441872,High,0.702203647416414,Stress_Induced
611:00,0.9574468085106371,1.0,0.3333333333333335,0.7635933806146569,0.6914893617021274,1.626517872094693,High,0.6914893617021283,Stress_Induced
611:30,0.9574468085106371,1.0,0.3214285714285716,0.7596251266464029,0.6861322188449847,1.6126684007179117,High,0.6861322188449854,Stress_Induced
612:00,0.9574468085106371,1.0,0.3571428571428572,0.7715298885511648,0.7022036474164131,1.6545746508441872,High,0.702203647416414,Stress_Induced
612:30,0.9574468085106371,1.0,0.36904761904761907,0.7754981425194187,0.7075607902735559,1.6687840098527802,High,0.7075607902735568,Stress_Induced
613:00,0.9574468085106371,1.0,0.36904761904761907,0.7754981425194187,0.7075607902735559,1.6687840098527802,High,0.7075607902735568,Stress_Induced
613:30,0.9574468085106371,1.0,0.36904761904761907,0.7754981425194187,0.7075607902735559,1.6687840098527802,High,0.7075607902735568,Stress_Induced
614:00,0.9574468085106371,0.6976744186046511,0.38095238095238093,0.678691202689223,0.6071039796423268,1.6831153977364872,High,0.6071039796423272,Stress_Induced
614:30,0.9574468085106371,0.6976744186046511,0.38095238095238093,0.678691202689223,0.6071039796423268,1.6831153977364872,High,0.6071039796423272,Stress_Induced
615:00,0.9436795994993741,0.6976744186046511,0.36904761904761907,0.6701338790505481,0.5989933949829312,1.663465332549308,High,0.5989933949829316,Stress_Induced
615:30,0.9574468085106371,0.6976744186046511,0.36904761904761907,0.674722948720969,0.6017468367851839,1.6687840098527802,High,0.6017468367851844,Stress_Induced
616:00,0.9574468085106371,0.6976744186046511,0.3928571428571428,0.682659456657477,0.6124611224994696,1.6975698624698408,High,0.61246112249947,Stress_Induced
616:30,0.9574468085106371,0.6976744186046511,0.40476190476190466,0.6866277106257309,0.6178182653566124,1.7121484610272977,High,0.6178182653566127,Stress_Induced
617:00,0.9574468085106371,0.6976744186046511,0.41666666666666696,0.6905959645939851,0.6231754082137555,1.7268522594605291,High,0.6231754082137557,Stress_Induced
617:30,0.9574468085106371,0.6976744186046511,0.4285714285714288,0.694564218562239,0.6285325510708983,1.7416823329763753,High,0.6285325510708986,Stress_Induced
618:00,0.9574468085106371,0.32558139534883734,0.4404761904761907,0.574501464778555,0.5036571357885062,1.4828678300655422,Medium,0.5036571357885065,Stress_Induced
618:30,0.9574468085106371,0.32558139534883734,0.45238095238095255,0.578469718746809,0.5090142786456491,1.4956025841903826,Medium,0.5090142786456491,Stress_Induced
619:00,0.9574468085106371,0.32558139534883734,0.45238095238095255,0.578469718746809,0.5090142786456491,1.4956025841903826,Medium,0.5090142786456491,Stress_Induced
619:30,0.9574468085106371,0.32558139534883734,0.4642857142857144,0.5824379727150629,0.5143714215027919,1.5084467033977558,Medium,0.5143714215027919,Stress_Induced
620:00,0.9574468085106371,0.32558139534883734,0.4642857142857144,0.5824379727150629,0.5143714215027919,1.5084467033977558,Medium,0.5143714215027919,Stress_Induced
620:30,0.9574468085106371,0.32558139534883734,0.45238095238095255,0.578469718746809,0.5090142786456491,1.4956025841903826,Medium,0.5090142786456491,Stress_Induced
621:00,0.971214017521902,0.32558139534883734,0.4642857142857144,0.5870270423854845,0.5171248633050449,1.5132697322207036,Medium,0.5171248633050449,Stress_Induced
621:30,0.971214017521902,0.32558139534883734,0.4761904761904763,0.5909952963537385,0.5224820061621878,1.5262655755276164,Medium,0.5224820061621878,Stress_Induced
622:00,0.971214017521902,0.32558139534883734,0.48809523809523814,0.5949635503219924,0.5278391490193306,1.5393730261307448,Medium,0.5278391490193306,Stress_Induced
622:30,0.971214017521902,0.13953488372093026,0.48809523809523814,0.5329480464460234,0.46272286994956313,1.2850530892852672,Medium,0.4627228699495631,Stress_Induced
623:00,0.971214017521902,0.13953488372093026,0.5,0.5369163004142774,0.46808001280670597,1.2960890257305884,Medium,0.4680800128067058,Stress_Induced
623:30,0.971214017521902,0.13953488372093026,0.5119047619047619,0.5408845543825314,0.4734371556638488,1.3072197379437283,Medium,0.47343715566384864,Stress_Induced
624:00,0.971214017521902,0.13953488372093026,0.5238095238095237,0.5448528083507853,0.47879429852099165,1.3184460398516442,Medium,0.4787942985209915,Stress_Induced
624:30,0.971214017521902,0.13953488372093026,0.5238095238095237,0.5448528083507853,0.47879429852099165,1.3184460398516442,Medium,0.4787942985209915,Stress_Induced
625:00,0.9862327909887352,0.13953488372093026,0.5119047619047619,0.5458908122048091,0.4764409103572155,1.3117800031145954,Medium,0.4764409103572153,Stress_Induced
625:30,0.9862327909887352,0.13953488372093026,0.45238095238095255,0.5260495423635393,0.4496551960715013,1.2568752936141545,Medium,0.44965519607150123,Stress_Induced
626:00,0.9862327909887352,0.13953488372093026,0.40476190476190466,0.5101765264905234,0.42822662464292977,1.214610793060876,Low,0.42822662464292977,Stress_Induced
626:30,0.9862327909887352,0.13953488372093026,0.40476190476190466,0.5101765264905234,0.42822662464292977,1.214610793060876,Low,0.42822662464292977,Stress_Induced
627:00,0.9862327909887352,0.18604651162790686,0.40476190476190466,0.5256804024595155,0.4445056944103716,1.249332620492603,Medium,0.44450569441037163,Stress_Induced
627:30,0.9862327909887352,0.18604651162790686,0.3928571428571428,0.5217121484912616,0.43914855155322874,1.238694805400348,Medium,0.4391485515532288,Stress_Induced
628:00,0.9862327909887352,0.18604651162790686,0.41666666666666696,0.5296486564277697,0.4498628372675146,1.2600617923173185,Medium,0.44986283726751464,Stress_Induced
628:30,0.9862327909887352,0.18604651162790686,0.45238095238095255,0.5415534183325316,0.4659342658389431,1.2928053275784457,Medium,0.4659342658389431,Stress_Induced
629:00,0.9862327909887352,0.18604651162790686,0.4761904761904763,0.5494899262690395,0.47664855155322877,1.3151056992278045,Medium,0.4766485515532287,Stress_Induced
629:30,0.9862327909887352,0.18604651162790686,0.4642857142857144,0.5455216723007855,0.47129140869608593,1.3039078396460704,Medium,0.47129140869608593,Stress_Induced
630:00,0.9862327909887352,0.18604651162790686,0.4761904761904763,0.5494899262690395,0.47664855155322877,1.3151056992278045,Medium,0.4766485515532287,Stress_Induced
630:30,0.9862327909887352,0.18604651162790686,0.4642857142857144,0.5455216723007855,0.47129140869608593,1.3039078396460704,Medium,0.47129140869608593,Stress_Induced
631:00,0.9862327909887352,0.18604651162790686,0.4404761904761907,0.5375851643642776,0.46057712298180026,1.2817973511600929,Medium,0.4605771229818003,Stress_Induced
631:30,0.9862327909887352,0.13953488372093026,0.4404761904761907,0.5220812883952853,0.44429805321435845,1.2461732541827186,Medium,0.44429805321435845,Stress_Induced
632:00,0.9862327909887352,0.13953488372093026,0.38095238095238093,0.5022400185540155,0.4175123389286441,1.1940145230344559,Low,0.41751233892864414,Stress_Induced
632:30,0.9862327909887352,0.13953488372093026,0.3214285714285716,0.4823987487127457,0.3907266246429299,1.1440389018396975,Low,0.39072662464293,Stress_Induced
633:00,0.9862327909887352,0.13953488372093026,0.34523809523809534,0.4903352566492536,0.4014409103572156,1.1637731125117226,Low,0.4014409103572157,Stress_Induced
633:30,0.9862327909887352,0.13953488372093026,0.38095238095238093,0.5022400185540155,0.4175123389286441,1.1940145230344559,Low,0.41751233892864414,Stress_Induced
634:00,0.9862327909887352,0.13953488372093026,0.3571428571428572,0.49430351061750755,0.4067980532143584,1.173767505905692,Low,0.4067980532143585,Stress_Induced
634:30,0.9862327909887352,0.13953488372093026,0.2857142857142856,0.47049398680798366,0.37465519607150116,1.1373272377327641,Low,0.3746551960715014,Stress_Induced
635:00,0.9862327909887352,0.13953488372093026,0.25,0.4585892249032218,0.35858376750007265,1.1373272377327641,Low,0.3585837675000729,Stress_Induced
635:30,0.9862327909887352,0.32558139534883734,0.2857142857142856,0.5325094906839527,0.43977147514126863,1.3624113168922585,Medium,0.43977147514126896,Stress_Induced
636:00,0.9862327909887352,0.32558139534883734,0.3214285714285716,0.5444142525887147,0.45584290371269737,1.3704512607457917,Medium,0.45584290371269764,Stress_Induced
636:30,0.9862327909887352,0.32558139534883734,0.30952380952380976,0.5404459986204607,0.45048576085555453,1.3624113168922585,Medium,0.45048576085555486,Stress_Induced
637:00,0.9862327909887352,0.32558139534883734,0.2857142857142856,0.5325094906839527,0.43977147514126863,1.3624113168922585,Medium,0.43977147514126896,Stress_Induced
637:30,0.9862327909887352,0.32558139534883734,0.23809523809523814,0.5166364748109369,0.4183429037126973,1.3624113168922585,Medium,0.4183429037126977,Stress_Induced
638:00,0.9862327909887352,0.32558139534883734,0.20238095238095255,0.504731712906175,0.40227147514126876,1.3624113168922585,Medium,0.40227147514126926,Stress_Induced
638:30,0.9862327909887352,0.32558139534883734,0.23809523809523814,0.5166364748109369,0.4183429037126973,1.3624113168922585,Medium,0.4183429037126977,Stress_Induced
639:00,0.9862327909887352,0.32558139534883734,0.22619047619047628,0.5126682208426829,0.41298576085555444,1.3624113168922585,Medium,0.4129857608555549,Stress_Induced
639:30,0.9862327909887352,0.32558139534883734,0.1904761904761907,0.5007634589379211,0.3969143322841259,1.3624113168922585,Medium,0.3969143322841265,Stress_Induced
640:00,0.9862327909887352,0.32558139534883734,0.20238095238095255,0.504731712906175,0.40227147514126876,1.3624113168922585,Medium,0.40227147514126926,Stress_Induced
640:30,0.9862327909887352,0.32558139534883734,0.2142857142857144,0.508699966874429,0.4076286179984116,1.3624113168922585,Medium,0.4076286179984121,Stress_Induced
641:00,0.9862327909887352,0.32558139534883734,0.16666666666666696,0.49282695100141316,0.38620004656984025,1.3624113168922585,Medium,0.3862000465698408,Stress_Induced
641:30,0.9862327909887352,0.32558139534883734,0.1904761904761907,0.5007634589379211,0.3969143322841259,1.3624113168922585,Medium,0.3969143322841265,Stress_Induced
642:00,0.971214017521902,0.32558139534883734,0.22619047619047628,0.5076619630204052,0.4099820061621878,1.3576750372858708,Medium,0.4099820061621882,Stress_Induced
642:30,0.9862327909887352,0.32558139534883734,0.23809523809523814,0.5166364748109369,0.4183429037126973,1.3624113168922585,Medium,0.4183429037126977,Stress_Induced
643:00,0.9862327909887352,0.32558139534883734,0.25,0.5206047287791908,0.4237000465698401,1.3624113168922585,Medium,0.42370004656984056,Stress_Induced
643:30,0.971214017521902,0.32558139534883734,0.26190476190476186,0.5195667249251671,0.4260534347336163,1.3576750372858708,Medium,0.4260534347336167,Stress_Induced
644:00,0.9862327909887352,0.32558139534883734,0.23809523809523814,0.5166364748109369,0.4183429037126973,1.3624113168922585,Medium,0.4183429037126977,Stress_Induced
644:30,0.9862327909887352,0.32558139534883734,0.22619047619047628,0.5126682208426829,0.41298576085555444,1.3624113168922585,Medium,0.4129857608555549,Stress_Induced
645:00,0.971214017521902,0.32558139534883734,0.25,0.5155984709569131,0.42069629187647345,1.3576750372858708,Medium,0.4206962918764739,Stress_Induced
645:30,0.9862327909887352,0.32558139534883734,0.1904761904761907,0.5007634589379211,0.3969143322841259,1.3624113168922585,Medium,0.3969143322841265,Stress_Induced
646:00,0.9862327909887352,0.32558139534883734,0.09523809523809534,0.46901742719188927,0.35405718942698305,1.3624113168922585,Medium,0.3540571894269837,Stress_Induced
646:30,0.971214017521902,0.32558139534883734,0.09523809523809534,0.46401116936961156,0.3510534347336164,1.3576750372858708,Medium,0.351053434733617,Stress_Induced
647:00,0.9862327909887352,0.4883720930232558,0.16666666666666696,0.547090516892886,0.44317679075588673,1.6139441751977743,High,0.4431767907558874,Stress_Induced
647:30,0.971214017521902,0.4883720930232558,0.20238095238095255,0.5539890209753701,0.4562444646339486,1.6083334680727968,High,0.45624446463394913,Stress_Induced
648:00,0.9862327909887352,0.4883720930232558,0.2142857142857144,0.5629635327659018,0.4646053621844581,1.6139441751977743,High,0.4646053621844587,Stress_Induced
648:30,0.9862327909887352,0.4883720930232558,0.22619047619047628,0.5669317867341558,0.4699625050416009,1.6139441751977743,High,0.4699625050416015,Stress_Induced
649:00,0.9862327909887352,0.4883720930232558,0.22619047619047628,0.5669317867341558,0.4699625050416009,1.6139441751977743,High,0.4699625050416015,Stress_Induced
649:30,0.9862327909887352,0.4883720930232558,0.22619047619047628,0.5669317867341558,0.4699625050416009,1.6139441751977743,High,0.4699625050416015,Stress_Induced
650:00,0.9862327909887352,0.4883720930232558,0.26190476190476186,0.5788365486389176,0.48603393361302943,1.6139441751977743,High,0.48603393361303,Stress_Induced
650:30,0.9862327909887352,0.4883720930232558,0.22619047619047628,0.5669317867341558,0.4699625050416009,1.6139441751977743,High,0.4699625050416015,Stress_Induced
651:00,0.971214017521902,0.4883720930232558,0.20238095238095255,0.5539890209753701,0.4562444646339486,1.6083334680727968,High,0.45624446463394913,Stress_Induced
651:30,0.9862327909887352,0.11627906976744184,0.20238095238095255,0.43496427104570984,0.32901566118778036,1.1373272377327641,Low,0.32901566118778075,Stress_Induced
652:00,0.971214017521902,0.11627906976744184,0.2142857142857144,0.4339262671916861,0.33136904935155653,1.1333734392468926,Low,0.3313690493515568,Stress_Induced
652:30,0.971214017521902,0.11627906976744184,0.22619047619047628,0.43789452115994004,0.33672619220869937,1.1333734392468926,Low,0.33672619220869965,Stress_Induced
653:00,0.9862327909887352,0.11627906976744184,0.23809523809523814,0.4468690329504717,0.3450870897592089,1.1373272377327641,Low,0.34508708975920915,Stress_Induced
653:30,0.9862327909887352,0.11627906976744184,0.25,0.45083728691872565,0.3504442326163517,1.1373272377327641,Low,0.350444232616352,Stress_Induced
654:00,0.9862327909887352,0.11627906976744184,0.23809523809523814,0.4468690329504717,0.3450870897592089,1.1373272377327641,Low,0.34508708975920915,Stress_Induced
654:30,0.9862327909887352,0.11627906976744184,0.25,0.45083728691872565,0.3504442326163517,1.1373272377327641,Low,0.350444232616352,Stress_Induced
655:00,0.9862327909887352,0.11627906976744184,0.22619047619047628,0.44290077898221775,0.33972994690206604,1.1373272377327641,Low,0.3397299469020663,Stress_Induced
655:30,0.971214017521902,0.11627906976744184,0.2142857142857144,0.4339262671916861,0.33136904935155653,1.1333734392468926,Low,0.3313690493515568,Stress_Induced
656:00,0.9862327909887352,0.2325581395348837,0.2142857142857144,0.4776922149364444,0.3750704784635278,1.2307986278541088,Medium,0.37507047846352826,Stress_Induced
656:30,0.9862327909887352,0.2325581395348837,0.2142857142857144,0.4776922149364444,0.3750704784635278,1.2307986278541088,Medium,0.37507047846352826,Stress_Induced
657:00,0.9862327909887352,0.2325581395348837,0.23809523809523814,0.48562872287295233,0.3857847641778135,1.2307986278541088,Medium,0.3857847641778139,Stress_Induced
657:30,0.9862327909887352,0.2325581395348837,0.25,0.4895969768412063,0.3911419070349563,1.2307986278541088,Medium,0.3911419070349567,Stress_Induced
658:00,0.9862327909887352,0.2325581395348837,0.26190476190476186,0.49356523080946024,0.39649904989209916,1.2307986278541088,Medium,0.39649904989209955,Stress_Induced
658:30,0.9862327909887352,0.2325581395348837,0.2738095238095237,0.4975334847777142,0.401856192749242,1.2307986278541088,Medium,0.40185619274924234,Stress_Induced
659:00,0.9862327909887352,0.2325581395348837,0.25,0.4895969768412063,0.3911419070349563,1.2307986278541088,Medium,0.3911419070349567,Stress_Induced
659:30,0.9862327909887352,0.2325581395348837,0.22619047619047628,0.4816604689046984,0.38042762132067065,1.2307986278541088,Medium,0.3804276213206711,Stress_Induced
660:00,0.9862327909887352,0.2325581395348837,0.25,0.4895969768412063,0.3911419070349563,1.2307986278541088,Medium,0.3911419070349567,Stress_Induced
660:30,0.9862327909887352,0.11627906976744184,0.26190476190476186,0.4548055408869796,0.35580137547349455,1.1373272377327641,Low,0.35580137547349483,Stress_Induced
661:00,0.9862327909887352,0.11627906976744184,0.26190476190476186,0.4548055408869796,0.35580137547349455,1.1373272377327641,Low,0.35580137547349483,Stress_Induced
661:30,1.0,0.11627906976744184,0.2738095238095237,0.46336286452565517,0.36391196013289034,1.140963668530321,Low,0.36391196013289057,Stress_Induced
662:00,0.9862327909887352,0.11627906976744184,0.22619047619047628,0.44290077898221775,0.33972994690206604,1.1373272377327641,Low,0.3397299469020663,Stress_Induced
662:30,0.9862327909887352,0.11627906976744184,0.15476190476190466,0.4190912551726939,0.3075870897592088,1.1373272377327641,Low,0.30758708975920923,Stress_Induced
663:00,1.0,0.11627906976744184,0.11904761904761907,0.41177556293835366,0.2942691029900332,1.140963668530321,Low,0.2942691029900338,Stress_Induced
663:30,1.0,0.11627906976744184,0.08333333333333348,0.3998708010335918,0.2781976744186047,1.140963668530321,Low,0.2781976744186053,Stress_Induced
664:00,1.0,0.11627906976744184,0.1071428571428572,0.4078073089700997,0.2889119601328904,1.140963668530321,Low,0.28891196013289094,Stress_Induced
664:30,1.0,0.11627906976744184,0.16666666666666696,0.4276485788113696,0.3156976744186048,1.140963668530321,Low,0.31569767441860525,Stress_Induced
665:00,1.0,0.11627906976744184,0.2142857142857144,0.4435215946843854,0.33712624584717615,1.140963668530321,Low,0.3371262458471765,Stress_Induced
665:30,1.0,0.11627906976744184,0.20238095238095255,0.43955334071613145,0.3317691029900333,1.140963668530321,Low,0.3317691029900337,Stress_Induced
666:00,1.0,0.11627906976744184,0.22619047619047628,0.44748984865263935,0.342483388704319,1.140963668530321,Low,0.3424833887043193,Stress_Induced
666:30,0.9862327909887352,0.11627906976744184,0.23809523809523814,0.4468690329504717,0.3450870897592089,1.1373272377327641,Low,0.34508708975920915,Stress_Induced
667:00,1.0,0.11627906976744184,0.25,0.45542635658914726,0.35319767441860467,1.140963668530321,Low,0.353197674418605,Stress_Induced
667:30,1.0,0.11627906976744184,0.25,0.45542635658914726,0.35319767441860467,1.140963668530321,Low,0.353197674418605,Stress_Induced
668:00,1.0,0.2790697674418605,0.2142857142857144,0.4977851605758583,0.3941029900332227,1.299074321533344,Medium,0.3941029900332232,Stress_Induced
668:30,1.0,0.2790697674418605,0.1904761904761907,0.4898486526393504,0.383388704318937,1.299074321533344,Medium,0.3833887043189375,Stress_Induced
669:00,1.0,0.2790697674418605,0.2142857142857144,0.4977851605758583,0.3941029900332227,1.299074321533344,Medium,0.3941029900332232,Stress_Induced
669:30,1.0,0.2790697674418605,0.22619047619047628,0.5017534145441123,0.3994601328903655,1.299074321533344,Medium,0.39946013289036597,Stress_Induced
670:00,1.0,0.2790697674418605,0.22619047619047628,0.5017534145441123,0.3994601328903655,1.299074321533344,Medium,0.39946013289036597,Stress_Induced
670:30,1.0,0.2790697674418605,0.25,0.5096899224806202,0.4101744186046512,1.299074321533344,Medium,0.4101744186046516,Stress_Induced
671:00,1.0,0.2790697674418605,0.26190476190476186,0.5136581764488741,0.41553156146179404,1.299074321533344,Medium,0.41553156146179443,Stress_Induced
671:30,1.0,0.2790697674418605,0.22619047619047628,0.5017534145441123,0.3994601328903655,1.299074321533344,Medium,0.39946013289036597,Stress_Induced
672:00,1.0,0.2790697674418605,0.20238095238095255,0.49381690660760436,0.38874584717607985,1.299074321533344,Medium,0.38874584717608035,Stress_Induced
672:30,1.0,0.2325581395348837,0.2142857142857144,0.48228128460686603,0.37782392026578077,1.2347339191998445,Medium,0.3778239202657812,Stress_Induced
673:00,1.0,0.2325581395348837,0.17857142857142883,0.47037652270210417,0.36175249169435225,1.2347339191998445,Medium,0.3617524916943528,Stress_Induced
673:30,1.0,0.2325581395348837,0.11904761904761907,0.45053525286083423,0.3349667774086379,1.2347339191998445,Medium,0.3349667774086385,Stress_Induced
674:00,1.0,0.2325581395348837,0.11904761904761907,0.45053525286083423,0.3349667774086379,1.2347339191998445,Medium,0.3349667774086385,Stress_Induced
674:30,1.0,0.2325581395348837,0.13095238095238093,0.4545035068290882,0.34032392026578073,1.2347339191998445,Medium,0.34032392026578134,Stress_Induced
675:00,1.0,0.2325581395348837,0.09523809523809534,0.4425987449243263,0.3242524916943522,1.2347339191998445,Medium,0.32425249169435283,Stress_Induced
675:30,1.0,0.2325581395348837,0.07142857142857162,0.4346622369878184,0.31353820598006654,1.2347339191998445,Medium,0.3135382059800672,Stress_Induced
676:00,1.0,0.4651162790697674,0.047619047619047894,0.5042451088962717,0.3842192691029901,1.5917559295092496,Medium,0.38421926910299103,Stress_Induced
676:30,1.0,0.4651162790697674,0.059523809523809756,0.5082133628645257,0.38957641196013293,1.5917559295092496,Medium,0.3895764119601339,Stress_Induced
677:00,1.0,0.4651162790697674,0.07142857142857162,0.5121816168327796,0.39493355481727577,1.5917559295092496,Medium,0.3949335548172767,Stress_Induced
677:30,1.0,0.4651162790697674,0.07142857142857162,0.5121816168327796,0.39493355481727577,1.5917559295092496,Medium,0.3949335548172767,Stress_Induced
678:00,1.0,0.4651162790697674,0.09523809523809534,0.5201181247692875,0.40564784053156144,1.5917559295092496,Medium,0.4056478405315623,Stress_Induced
678:30,1.0,0.4651162790697674,0.11904761904761907,0.5280546327057954,0.4163621262458471,1.5917559295092496,Medium,0.41636212624584795,Stress_Induced
679:00,0.9862327909887352,0.4651162790697674,0.13095238095238093,0.5274338170036278,0.41896582730073706,1.586682752821935,Medium,0.4189658273007378,Stress_Induced
679:30,1.0,0.4651162790697674,0.1428571428571428,0.5359911406423034,0.42707641196013285,1.5917559295092496,Medium,0.42707641196013363,Stress_Induced
680:00,0.9862327909887352,0.5116279069767442,0.13095238095238093,0.5429376929726201,0.4352448970681789,1.6139441751977743,High,0.4352448970681797,Stress_Induced
680:30,0.9862327909887352,0.5116279069767442,0.11904761904761907,0.5389694390043661,0.4298877542110361,1.6139441751977743,High,0.42988775421103687,Stress_Induced
681:00,0.9862327909887352,0.5116279069767442,0.07142857142857162,0.5230964231313503,0.40845918278246474,1.6139441751977743,High,0.40845918278246557,Stress_Induced
681:30,0.9862327909887352,0.5116279069767442,0.059523809523809756,0.5191281691630963,0.4031020399253219,1.6139441751977743,High,0.4031020399253228,Stress_Induced
682:00,0.9862327909887352,0.5116279069767442,0.1071428571428572,0.5350011850361122,0.42453061135389325,1.6139441751977743,High,0.4245306113538941,Stress_Induced
682:30,0.9862327909887352,0.5116279069767442,0.13095238095238093,0.5429376929726201,0.4352448970681789,1.6139441751977743,High,0.4352448970681797,Stress_Induced
683:00,0.9862327909887352,0.5116279069767442,0.1428571428571428,0.546905946940874,0.44060203992532176,1.6139441751977743,High,0.4406020399253225,Stress_Induced
683:30,0.9862327909887352,0.5116279069767442,0.15476190476190466,0.550874200909128,0.4459591827824646,1.6139441751977743,High,0.4459591827824653,Stress_Induced
684:00,0.9862327909887352,0.34883720930232576,0.16666666666666696,0.5005788889859093,0.3943395814535612,1.3974573177786211,Medium,0.3943395814535618,Stress_Induced
684:30,0.9862327909887352,0.34883720930232576,0.17857142857142883,0.5045471429541633,0.399696724310704,1.3974573177786211,Medium,0.39969672431070463,Stress_Induced
685:00,0.9862327909887352,0.34883720930232576,0.1904761904761907,0.5085153969224172,0.40505386716784686,1.3974573177786211,Medium,0.4050538671678474,Stress_Induced
685:30,0.9862327909887352,0.34883720930232576,0.1904761904761907,0.5085153969224172,0.40505386716784686,1.3974573177786211,Medium,0.4050538671678474,Stress_Induced
686:00,0.9862327909887352,0.34883720930232576,0.1904761904761907,0.5085153969224172,0.40505386716784686,1.3974573177786211,Medium,0.4050538671678474,Stress_Induced
686:30,0.9862327909887352,0.34883720930232576,0.1428571428571428,0.4926423810494012,0.38362529573927534,1.3974573177786211,Medium,0.38362529573927595,Stress_Induced
687:00,0.9862327909887352,0.34883720930232576,0.11904761904761907,0.4847058731128933,0.3729110100249896,1.3974573177786211,Medium,0.37291101002499033,Stress_Induced
687:30,0.9862327909887352,0.34883720930232576,0.13095238095238093,0.48867412708114727,0.37826815288213245,1.3974573177786211,Medium,0.3782681528821331,Stress_Induced
688:00,0.9862327909887352,0.3720930232558137,0.1428571428571428,0.5003943190338972,0.3917648306229961,1.4334048248128686,Medium,0.3917648306229968,Stress_Induced
688:30,0.9862327909887352,0.3720930232558137,0.16666666666666696,0.5083308269704053,0.402479116337282,1.4334048248128686,Medium,0.4024791163372826,Stress_Induced
689:00,0.9862327909887352,0.3720930232558137,0.17857142857142883,0.5122990809386593,0.40783625919442484,1.4334048248128686,Medium,0.4078362591944254,Stress_Induced
689:30,0.9862327909887352,0.3720930232558137,0.1904761904761907,0.5162673349069132,0.4131934020515677,1.4334048248128686,Medium,0.41319340205156824,Stress_Induced
690:00,0.9862327909887352,0.3720930232558137,0.20238095238095255,0.5202355888751672,0.4185505449087105,1.4334048248128686,Medium,0.4185505449087111,Stress_Induced
690:30,0.9862327909887352,0.3720930232558137,0.20238095238095255,0.5202355888751672,0.4185505449087105,1.4334048248128686,Medium,0.4185505449087111,Stress_Induced
691:00,0.9862327909887352,0.3720930232558137,0.20238095238095255,0.5202355888751672,0.4185505449087105,1.4334048248128686,Medium,0.4185505449087111,Stress_Induced
691:30,0.9862327909887352,0.3720930232558137,0.17857142857142883,0.5122990809386593,0.40783625919442484,1.4334048248128686,Medium,0.4078362591944254,Stress_Induced
692:00,0.9862327909887352,0.3720930232558137,0.11904761904761907,0.49245781109738934,0.38105054490871043,1.4334048248128686,Medium,0.3810505449087111,Stress_Induced
692:30,0.9862327909887352,0.3720930232558137,0.09523809523809534,0.48452130316088143,0.37033625919442476,1.4334048248128686,Medium,0.3703362591944255,Stress_Induced
693:00,0.9862327909887352,0.0,0.11904761904761907,0.3684268033454514,0.25081798676917566,1.1373272377327641,Low,0.25081798676917605,Stress_Induced
693:30,0.9862327909887352,0.0,0.13095238095238093,0.37239505731370537,0.2561751296263185,1.1373272377327641,Low,0.2561751296263189,Stress_Induced
694:00,0.9862327909887352,0.0,0.15476190476190466,0.3803315652502133,0.2668894153406042,1.1373272377327641,Low,0.2668894153406045,Stress_Induced
694:30,0.9862327909887352,0.0,0.17857142857142883,0.38826807318672135,0.27760370105489,1.1373272377327641,Low,0.27760370105489035,Stress_Induced
695:00,0.9862327909887352,0.0,0.17857142857142883,0.38826807318672135,0.27760370105489,1.1373272377327641,Low,0.27760370105489035,Stress_Induced
695:30,0.9862327909887352,0.0,0.1428571428571428,0.3763633112819593,0.26153227248346134,1.1373272377327641,Low,0.26153227248346167,Stress_Induced
696:00,0.9862327909887352,0.0,0.11904761904761907,0.3684268033454514,0.25081798676917566,1.1373272377327641,Low,0.25081798676917605,Stress_Induced
696:30,0.971214017521902,0.0,0.13095238095238093,0.3673887994914276,0.25317137493295183,1.1333734392468926,Low,0.25317137493295216,Stress_Induced
697:00,0.9862327909887352,0.0,0.11904761904761907,0.3684268033454514,0.25081798676917566,1.1373272377327641,Low,0.25081798676917605,Stress_Induced
697:30,0.9862327909887352,0.09302325581395343,0.08333333333333348,0.38752979337867405,0.2673046977326308,1.1373272377327641,Low,0.2673046977326314,Stress_Induced
698:00,0.9862327909887352,0.09302325581395343,0.08333333333333348,0.38752979337867405,0.2673046977326308,1.1373272377327641,Low,0.2673046977326314,Stress_Induced
698:30,0.9862327909887352,0.09302325581395343,0.11904761904761907,0.3994345552834359,0.28337612630405934,1.1373272377327641,Low,0.2833761263040598,Stress_Induced
699:00,0.9862327909887352,0.09302325581395343,0.13095238095238093,0.40340280925168986,0.2887332691612022,1.1373272377327641,Low,0.2887332691612026,Stress_Induced
699:30,0.971214017521902,0.09302325581395343,0.11904761904761907,0.39442829746115815,0.28037237161069267,1.1333734392468926,Low,0.2803723716106931,Stress_Induced
700:00,0.9862327909887352,0.09302325581395343,0.09523809523809534,0.391498047346928,0.27266184058977366,1.1373272377327641,Low,0.2726618405897742,Stress_Induced
700:30,0.9862327909887352,0.09302325581395343,0.11904761904761907,0.3994345552834359,0.28337612630405934,1.1373272377327641,Low,0.2833761263040598,Stress_Induced
701:00,0.9862327909887352,0.09302325581395343,0.13095238095238093,0.40340280925168986,0.2887332691612022,1.1373272377327641,Low,0.2887332691612026,Stress_Induced
701:30,0.9862327909887352,0.4883720930232558,0.11904761904761907,0.53121750101987,0.42174821932731515,1.6139441751977743,High,0.42174821932731593,Stress_Induced
702:00,0.9862327909887352,0.4883720930232558,0.11904761904761907,0.53121750101987,0.42174821932731515,1.6139441751977743,High,0.42174821932731593,Stress_Induced
702:30,0.9862327909887352,0.4883720930232558,0.1428571428571428,0.5391540089563779,0.43246250504160083,1.6139441751977743,High,0.43246250504160155,Stress_Induced
703:00,0.9862327909887352,0.4883720930232558,0.15476190476190466,0.5431222629246318,0.43781964789874367,1.6139441751977743,High,0.4378196478987444,Stress_Induced
703:30,0.9862327909887352,0.4883720930232558,0.15476190476190466,0.5431222629246318,0.43781964789874367,1.6139441751977743,High,0.4378196478987444,Stress_Induced
704:00,0.9862327909887352,0.4883720930232558,0.13095238095238093,0.5351857549881239,0.427105362184458,1.6139441751977743,High,0.42710536218445877,Stress_Induced
704:30,0.9862327909887352,0.4883720930232558,0.1428571428571428,0.5391540089563779,0.43246250504160083,1.6139441751977743,High,0.43246250504160155,Stress_Induced
705:00,0.971214017521902,0.4883720930232558,0.1428571428571428,0.5341477511341002,0.42945875034823416,1.6083334680727968,High,0.42945875034823483,Stress_Induced
705:30,0.9862327909887352,0.2325581395348837,0.09523809523809534,0.4380096752539047,0.3214990498920992,1.2307986278541088,Medium,0.3214990498920999,Stress_Induced
706:00,0.9862327909887352,0.2325581395348837,0.09523809523809534,0.4380096752539047,0.3214990498920992,1.2307986278541088,Medium,0.3214990498920999,Stress_Induced
706:30,0.9862327909887352,0.2325581395348837,0.09523809523809534,0.4380096752539047,0.3214990498920992,1.2307986278541088,Medium,0.3214990498920999,Stress_Induced
707:00,0.971214017521902,0.2325581395348837,0.059523809523809756,0.42109865552686515,0.302423866627304,1.2265198859144333,Medium,0.30242386662730475,Stress_Induced
707:30,0.971214017521902,0.2325581395348837,0.023809523809523725,0.4091938936221031,0.28635243805587535,1.2265198859144333,Medium,0.28635243805587607,Stress_Induced
708:00,0.971214017521902,0.2325581395348837,0.0,0.4012573856855952,0.27563815234158967,1.2265198859144333,Medium,0.27563815234159045,Stress_Induced
708:30,0.971214017521902,0.2325581395348837,0.0,0.4012573856855952,0.27563815234158967,1.2265198859144333,Medium,0.27563815234159045,Stress_Induced
709:00,0.9862327909887352,0.2325581395348837,0.023809523809523725,0.4142001514443809,0.289356192749242,1.2307986278541088,Medium,0.2893561927492428,Stress_Induced
709:30,0.971214017521902,0.2325581395348837,0.03571428571428559,0.4131621475903571,0.2917095809130182,1.2265198859144333,Medium,0.2917095809130189,Stress_Induced
710:00,0.971214017521902,0.20930232558139528,0.023809523809523725,0.401441955637607,0.2782129031721544,1.1957607232108265,Low,0.27821290317215513,Stress_Induced
710:30,0.971214017521902,0.20930232558139528,0.047619047619047894,0.40937846357411506,0.2889271888864403,1.1957607232108265,Low,0.2889271888864409,Stress_Induced
711:00,0.971214017521902,0.20930232558139528,0.059523809523809756,0.413346717542369,0.29428433174358315,1.1957607232108265,Low,0.29428433174358376,Stress_Induced
711:30,0.971214017521902,0.20930232558139528,0.059523809523809756,0.413346717542369,0.29428433174358315,1.1957607232108265,Low,0.29428433174358376,Stress_Induced
