Timestamp,Object Temperature(F),Heart Rate Ear(BPM),GSR,Weighted_Stress,QuantityIndex_Stress,StressIndex_Level,Condition
0 days 00:00:00,84.54,75.0,322.0,0.57648,1.576329074500512,Low,Base
0 days 00:01:00,84.76,75.0,322.0,0.57692,1.5770775283926959,Low,Base
0 days 00:02:00,84.88,75.0,321.0,0.57671,1.57529956942948,Low,Base
0 days 00:03:00,84.99,75.0,322.0,0.57738,1.5778603828881133,Low,Base
0 days 00:04:00,85.1,75.0,323.0,0.57805,1.5804253592156363,Medium,Base
0 days 00:05:00,85.21,75.0,324.0,0.57872,1.5829945051792265,Medium,Base
0 days 00:06:00,85.32,75.0,325.0,0.57939,1.5855678275570606,Medium,Base
0 days 00:07:00,85.44,75.0,325.0,0.57963,1.5859784235423693,Medium,Base
0 days 00:08:00,85.55,75.0,326.0,0.5802999999999999,1.5885565965901662,Medium,Base
0 days 00:09:00,85.66,77.0,327.0,0.58797,1.6050355284987703,Medium,Base
0 days 00:10:00,85.77,77.0,327.0,0.58819,1.6054165252543007,Medium,Base
0 days 00:11:00,85.89,77.0,325.0,0.58753,1.601384058648145,Medium,Base
0 days 00:12:00,86.0,77.0,321.0,0.58595,1.5929026112775853,Medium,Base
0 days 00:13:00,86.11,77.0,320.0,0.58572,1.5910724804524508,Medium,Base
0 days 00:14:00,86.22,77.0,321.0,0.58639,1.5936589344201106,Medium,Base
0 days 00:15:00,86.34,77.0,322.0,0.58708,1.596284035693297,Medium,Base
0 days 00:16:00,86.45,77.0,323.0,0.58775,1.5988789615865897,Medium,Base
0 days 00:17:00,86.56,77.0,324.0,0.58842,1.601478105802086,Medium,Base
0 days 00:18:00,86.56,77.0,324.0,0.58842,1.601478105802086,Medium,Base
0 days 00:19:00,86.68,75.0,322.0,0.5807599999999999,1.5836245923162866,Medium,Base
0 days 00:20:00,86.79,75.0,321.0,0.58053,1.5818051212693314,Medium,Base
0 days 00:21:00,86.9,75.0,322.0,0.5812,1.5843765101797902,Medium,Base
0 days 00:22:00,87.01,75.0,323.0,0.58187,1.5869520791506369,Medium,Base
0 days 00:23:00,87.01,75.0,323.0,0.58187,1.5869520791506369,Medium,Base
0 days 00:24:00,87.13,75.0,322.0,0.58166,1.5851629878583429,Medium,Base
0 days 00:25:00,87.24,75.0,321.0,0.5814299999999999,1.5833417493052746,Medium,Base
0 days 00:26:00,87.24,75.0,322.0,0.58188,1.5855392673516235,Medium,Base
0 days 00:27:00,87.35,75.0,324.0,0.583,1.5903208717365822,Medium,Base
0 days 00:28:00,87.46,75.0,325.0,0.5836699999999999,1.5929061038860224,Medium,Base
0 days 00:29:00,87.57,75.0,325.0,0.5838899999999999,1.5932842214084506,Medium,Base
0 days 00:30:00,87.57,69.0,326.0,0.56334,1.5544114029195,Low,Base
0 days 00:31:00,87.69,69.0,326.0,0.56358,1.55481393068934,Low,Base
0 days 00:32:00,87.69,69.0,327.0,0.5640299999999999,1.5569718550116816,Low,Base
0 days 00:33:00,87.8,69.0,327.0,0.5642499999999999,1.5573414426093881,Low,Base
0 days 00:34:00,87.91,69.0,327.0,0.5644699999999999,1.557711117938284,Low,Base
0 days 00:35:00,88.02,69.0,327.0,0.5646899999999999,1.5580808810191944,Low,Base
0 days 00:36:00,88.02,69.0,328.0,0.56514,1.5602433395378392,Low,Base
0 days 00:37:00,88.02,69.0,329.0,0.5655899999999999,1.5624087993299747,Low,Base
0 days 00:38:00,88.14,69.0,329.0,0.5658299999999999,1.562813398092176,Low,Base
0 days 00:39:00,88.25,69.0,328.0,0.5656,1.561017837614384,Low,Base
0 days 00:40:00,88.25,72.0,327.0,0.57565,1.579320734562806,Medium,Base
0 days 00:41:00,88.36,72.0,326.0,0.57542,1.5775062083396496,Low,Base
0 days 00:42:00,88.36,72.0,326.0,0.57542,1.5775062083396496,Low,Base
0 days 00:43:00,88.47,72.0,326.0,0.57564,1.5778806702979893,Low,Base
0 days 00:44:00,88.47,72.0,326.0,0.57564,1.5778806702979893,Low,Base
0 days 00:45:00,88.59,72.0,326.0,0.57588,1.5782892756299471,Low,Base
0 days 00:46:00,88.59,72.0,326.0,0.57588,1.5782892756299471,Low,Base
0 days 00:47:00,88.7,72.0,326.0,0.5761000000000001,1.578663923469591,Medium,Base
0 days 00:48:00,88.7,91.0,327.0,0.64305,1.7169954929796514,Medium,Base
0 days 00:49:00,88.81,91.0,327.0,0.64327,1.7174030663326834,Medium,Base
0 days 00:50:00,88.81,91.0,327.0,0.64327,1.7174030663326834,Medium,Base
0 days 00:51:00,88.93,91.0,328.0,0.6439600000000001,1.7202320009802623,Medium,Base
0 days 00:52:00,88.93,91.0,328.0,0.6439600000000001,1.7202320009802623,Medium,Base
0 days 00:53:00,89.04,91.0,329.0,0.64463,1.7230284171956727,High,Base
0 days 00:54:00,89.04,91.0,329.0,0.64463,1.7230284171956727,High,Base
0 days 00:55:00,89.04,91.0,330.0,0.6450800000000001,1.7254198061948076,High,Base
0 days 00:56:00,89.15,91.0,329.0,0.64485,1.7234374226195293,High,Base
0 days 00:57:00,89.15,86.0,329.0,0.6273500000000001,1.686375051052603,Medium,Base
0 days 00:58:00,89.26,86.0,330.0,0.62802,1.689116429270971,Medium,Base
0 days 00:59:00,89.26,86.0,331.0,0.62847,1.6914607518642055,Medium,Base
0 days 01:00:00,89.38,86.0,331.0,0.62871,1.691898769703589,Medium,Base
0 days 01:01:00,89.38,86.0,331.0,0.62871,1.691898769703589,Medium,Base
0 days 01:02:00,89.38,86.0,331.0,0.62871,1.691898769703589,Medium,Base
0 days 01:03:00,89.49,86.0,331.0,0.62893,1.6923003856993084,Medium,Base
0 days 01:04:00,89.49,86.0,331.0,0.62893,1.6923003856993084,Medium,Base
0 days 01:05:00,89.49,86.0,332.0,0.62938,1.694649127301713,Medium,Base
0 days 01:06:00,89.6,83.0,332.0,0.6191,1.673085212777242,Medium,Base
0 days 01:07:00,89.6,83.0,332.0,0.6191,1.673085212777242,Medium,Base
0 days 01:08:00,89.71,83.0,332.0,0.61932,1.6734823628879254,Medium,Base
0 days 01:09:00,89.71,83.0,333.0,0.61977,1.6758049869798541,Medium,Base
0 days 01:10:00,89.71,83.0,331.0,0.61887,1.671162957895304,Medium,Base
0 days 01:11:00,89.82,83.0,330.0,0.61864,1.6692429115463219,Medium,Base
0 days 01:12:00,89.82,83.0,330.0,0.61864,1.6692429115463219,Medium,Base
0 days 01:13:00,89.82,83.0,331.0,0.61909,1.6715596517090017,Medium,Base
0 days 01:14:00,89.94,89.0,331.0,0.6403300000000001,1.7161843993346508,Medium,Base
0 days 01:15:00,89.94,89.0,332.0,0.64078,1.7185662895299008,Medium,Base
0 days 01:16:00,90.05,89.0,332.0,0.641,1.71897423575218,Medium,Base
0 days 01:17:00,90.05,89.0,333.0,0.6414500000000001,1.7213599979579273,Medium,Base
0 days 01:18:00,90.05,89.0,333.0,0.6414500000000001,1.7213599979579273,Medium,Base
0 days 01:19:00,90.05,89.0,334.0,0.6419,1.7237490713600754,High,Base
0 days 01:20:00,90.16,89.0,334.0,0.64212,1.7241582478498638,High,Base
0 days 01:21:00,90.16,89.0,334.0,0.64212,1.7241582478498638,High,Base
0 days 01:22:00,90.16,89.0,334.0,0.64212,1.7241582478498638,High,Base
0 days 01:23:00,90.16,81.0,334.0,0.61412,1.6652174881317359,Medium,Base
0 days 01:24:00,90.16,81.0,334.0,0.61412,1.6652174881317359,Medium,Base
0 days 01:25:00,90.27,81.0,334.0,0.61434,1.6656127706341888,Medium,Base
0 days 01:26:00,90.27,81.0,334.0,0.61434,1.6656127706341888,Medium,Base
0 days 01:27:00,90.39,81.0,334.0,0.61458,1.6660440949237052,Medium,Base
0 days 01:28:00,90.39,81.0,335.0,0.6150300000000001,1.6683563954527696,Medium,Base
0 days 01:29:00,90.39,81.0,335.0,0.6150300000000001,1.6683563954527696,Medium,Base
0 days 01:30:00,90.5,81.0,335.0,0.6152500000000001,1.6687524230561777,Medium,Base
0 days 01:31:00,90.5,81.0,336.0,0.6157,1.6710684824704913,Medium,Base
0 days 01:32:00,90.5,81.0,336.0,0.6157,1.6710684824704913,Medium,Base
0 days 01:33:00,90.5,70.0,336.0,0.5772,1.5930275149816735,Medium,Base
0 days 01:34:00,90.61,70.0,337.0,0.57787,1.5956171470615044,Medium,Base
0 days 01:35:00,90.61,70.0,337.0,0.57787,1.5956171470615044,Medium,Base
0 days 01:36:00,90.72,70.0,337.0,0.57809,1.5959959081202506,Medium,Base
0 days 01:37:00,90.72,70.0,336.0,0.57764,1.5937838974294956,Medium,Base
0 days 01:38:00,90.72,70.0,336.0,0.57764,1.5937838974294956,Medium,Base
0 days 01:39:00,90.72,70.0,336.0,0.57764,1.5937838974294956,Medium,Base
0 days 01:40:00,90.84,70.0,337.0,0.57833,1.5964092045438119,Medium,Base
0 days 01:41:00,90.84,92.0,337.0,0.65533,1.7566537430679126,High,Base
0 days 01:42:00,90.84,92.0,338.0,0.65578,1.7590918006150416,High,Base
0 days 01:43:00,90.84,92.0,338.0,0.65578,1.7590918006150416,High,Base
0 days 01:44:00,90.95,92.0,338.0,0.656,1.7595093666170487,High,Base
0 days 01:45:00,90.95,92.0,338.0,0.656,1.7595093666170487,High,Base
0 days 01:46:00,90.95,92.0,338.0,0.656,1.7595093666170487,High,Base
0 days 01:47:00,91.06,92.0,338.0,0.65622,1.759927031739162,High,Base
0 days 01:48:00,91.06,92.0,338.0,0.65622,1.759927031739162,High,Base
0 days 01:49:00,91.06,92.0,338.0,0.65622,1.759927031739162,High,Base
0 days 01:50:00,91.06,92.0,338.0,0.65622,1.759927031739162,High,Base
0 days 01:51:00,91.18,76.0,338.0,0.60046,1.6420818085774997,Medium,Base
0 days 01:52:00,91.18,76.0,338.0,0.60046,1.6420818085774997,Medium,Base
0 days 01:53:00,91.18,76.0,339.0,0.60091,1.6443608518791204,Medium,Base
0 days 01:54:00,91.29,76.0,339.0,0.6011299999999999,1.6447511835187403,Medium,Base
0 days 01:55:00,91.29,76.0,340.0,0.60158,1.6470339316425247,Medium,Base
0 days 01:56:00,91.29,76.0,340.0,0.60158,1.6470339316425247,Medium,Base
0 days 01:57:00,91.29,76.0,340.0,0.60158,1.6470339316425247,Medium,Base
0 days 01:58:00,91.29,76.0,340.0,0.60158,1.6470339316425247,Medium,Base
0 days 01:59:00,91.4,76.0,340.0,0.6018,1.6474248978068633,Medium,Base
0 days 02:00:00,91.4,76.0,341.0,0.60225,1.6497113567753858,Medium,Base
0 days 02:01:00,91.4,68.0,341.0,0.5742499999999999,1.5933155817325653,Medium,Base
0 days 02:02:00,91.4,68.0,341.0,0.5742499999999999,1.5933155817325653,Medium,Base
0 days 02:03:00,91.51,68.0,341.0,0.57447,1.5936937964551665,Medium,Base
0 days 02:04:00,91.51,68.0,341.0,0.57447,1.5936937964551665,Medium,Base
0 days 02:05:00,91.51,68.0,342.0,0.5749200000000001,1.595905682094891,Medium,Base
0 days 02:06:00,91.63,68.0,342.0,0.57516,1.596318955153672,Medium,Base
0 days 02:07:00,91.63,68.0,342.0,0.57516,1.596318955153672,Medium,Base
0 days 02:08:00,91.63,68.0,342.0,0.57516,1.596318955153672,Medium,Base
0 days 02:09:00,91.63,97.0,342.0,0.6766599999999999,1.8108376001700603,High,Base
0 days 02:10:00,91.74,97.0,342.0,0.6768799999999999,1.811267449377886,High,Base
0 days 02:11:00,91.74,97.0,342.0,0.6768799999999999,1.811267449377886,High,Base
0 days 02:12:00,91.74,97.0,342.0,0.6768799999999999,1.811267449377886,High,Base
0 days 02:13:00,91.74,97.0,342.0,0.6768799999999999,1.811267449377886,High,Base
0 days 02:14:00,91.74,97.0,343.0,0.67733,1.8137813052201381,High,Base
0 days 02:15:00,91.85,97.0,343.0,0.67755,1.8142118531926037,High,Base
0 days 02:16:00,91.85,97.0,343.0,0.67755,1.8142118531926037,High,Base
0 days 02:17:00,91.85,97.0,343.0,0.67755,1.8142118531926037,High,Base
0 days 02:18:00,91.85,78.0,344.0,0.6114999999999999,1.6726813205789468,Medium,Base
0 days 02:19:00,91.96,78.0,344.0,0.6117199999999999,1.6730783748153555,Medium,Base
0 days 02:20:00,91.96,78.0,344.0,0.6117199999999999,1.6730783748153555,Medium,Base
0 days 02:21:00,91.96,78.0,344.0,0.6117199999999999,1.6730783748153555,Medium,Base
0 days 02:22:00,91.96,78.0,344.0,0.6117199999999999,1.6730783748153555,Medium,Base
0 days 02:23:00,91.96,78.0,344.0,0.6117199999999999,1.6730783748153555,Medium,Base
0 days 02:24:00,92.07,78.0,344.0,0.6119399999999999,1.6734755233028715,Medium,Base
0 days 02:25:00,92.07,107.0,344.0,0.71344,1.898362724302414,High,Base
0 days 02:26:00,92.07,107.0,343.0,0.71299,1.8957316407139648,High,Base
0 days 02:27:00,92.07,107.0,341.0,0.71209,1.8904804083324718,High,Base
0 days 02:28:00,92.07,107.0,341.0,0.71209,1.8904804083324718,High,Base
0 days 02:29:00,92.07,107.0,341.0,0.71209,1.8904804083324718,High,Base
0 days 02:30:00,92.19,107.0,342.0,0.71278,1.8935944388315091,High,Base
0 days 02:31:00,92.19,107.0,342.0,0.71278,1.8935944388315091,High,Base
0 days 02:32:00,92.19,107.0,342.0,0.71278,1.8935944388315091,High,Base
0 days 02:33:00,92.19,107.0,343.0,0.71323,1.8962225562001216,High,Base
0 days 02:34:00,92.19,82.0,343.0,0.62573,1.7009147832937774,Medium,Base
0 days 02:35:00,92.3,82.0,343.0,0.62595,1.701318539473851,Medium,Base
0 days 02:36:00,92.3,82.0,342.0,0.6255,1.698960554231816,Medium,Base
0 days 02:37:00,92.3,82.0,343.0,0.62595,1.701318539473851,Medium,Base
0 days 02:38:00,92.3,82.0,343.0,0.62595,1.701318539473851,Medium,Base
0 days 02:39:00,92.3,82.0,343.0,0.62595,1.701318539473851,Medium,Base
0 days 02:40:00,92.3,82.0,342.0,0.6255,1.698960554231816,Medium,Base
0 days 02:41:00,92.41,82.0,343.0,0.62617,1.7017223914959114,Medium,Base
0 days 02:42:00,92.41,82.0,343.0,0.62617,1.7017223914959114,Medium,Base
0 days 02:43:00,92.41,79.0,343.0,0.6156699999999999,1.6796697586300386,Medium,Base
0 days 02:44:00,92.41,79.0,344.0,0.61612,1.6820009702008294,Medium,Base
0 days 02:45:00,92.41,79.0,344.0,0.61612,1.6820009702008294,Medium,Base
0 days 02:46:00,92.41,79.0,344.0,0.61612,1.6820009702008294,Medium,Base
0 days 02:47:00,92.41,79.0,344.0,0.61612,1.6820009702008294,Medium,Base
0 days 02:48:00,92.41,79.0,344.0,0.61612,1.6820009702008294,Medium,Base
0 days 02:49:00,92.41,79.0,345.0,0.61657,1.684335417257262,Medium,Base
0 days 02:50:00,92.41,79.0,345.0,0.61657,1.684335417257262,Medium,Base
0 days 02:51:00,92.52,79.0,345.0,0.61679,1.6847352378953762,Medium,Base
0 days 02:52:00,92.52,80.0,345.0,0.62029,1.692076250037997,Medium,Base
0 days 02:53:00,92.52,80.0,342.0,0.6189399999999999,1.6850504696234896,Medium,Base
0 days 02:54:00,92.52,80.0,333.0,0.6148899999999999,1.6641476775846278,Medium,Base
0 days 02:55:00,92.52,80.0,328.0,0.61264,1.6526472636212841,Medium,Base
0 days 02:56:00,92.52,80.0,328.0,0.61264,1.6526472636212841,Medium,Base
0 days 02:57:00,92.52,80.0,329.0,0.6130899999999999,1.6549409707048308,Medium,Base
0 days 02:58:00,92.52,80.0,330.0,0.61354,1.6572378612215888,Medium,Base
0 days 02:59:00,92.64,80.0,330.0,0.61378,1.65766701675861,Medium,Base
0 days 03:00:00,92.64,80.0,330.0,0.61378,1.65766701675861,Medium,Base
0 days 03:01:00,92.64,80.0,331.0,0.6142299999999999,1.6599676907512988,Medium,Base
0 days 03:02:00,92.64,74.0,330.0,0.5927800000000001,1.6149819606233142,Medium,Base
0 days 03:03:00,92.64,74.0,329.0,0.59233,1.6127436357353246,Medium,Base
0 days 03:04:00,92.64,74.0,328.0,0.59188,1.6105084131100393,Medium,Base
0 days 03:05:00,92.64,74.0,328.0,0.59188,1.6105084131100393,Medium,Base
0 days 03:06:00,92.64,74.0,329.0,0.59233,1.6127436357353246,Medium,Base
0 days 03:07:00,92.64,74.0,329.0,0.59233,1.6127436357353246,Medium,Base
0 days 03:08:00,92.75,74.0,328.0,0.5921000000000001,1.6108907089964881,Medium,Base
0 days 03:09:00,92.75,101.0,325.0,0.68525,1.8040241740565475,High,Base
0 days 03:10:00,92.64,101.0,325.0,0.68503,1.8035960438196887,High,Base
0 days 03:11:00,92.75,101.0,326.0,0.6857,1.8065279769659817,High,Base
0 days 03:12:00,92.75,101.0,327.0,0.68615,1.8090352549003623,High,Base
0 days 03:13:00,92.75,101.0,327.0,0.68615,1.8090352549003623,High,Base
0 days 03:14:00,92.75,101.0,327.0,0.68615,1.8090352549003623,High,Base
0 days 03:15:00,92.75,101.0,328.0,0.6866,1.8115460126826728,High,Base
0 days 03:16:00,92.75,101.0,328.0,0.6866,1.8115460126826728,High,Base
0 days 03:17:00,92.75,101.0,329.0,0.6870499999999999,1.814060255142589,High,Base
0 days 03:18:00,92.75,83.0,329.0,0.62405,1.6775012268951897,Medium,Base
0 days 03:19:00,92.75,83.0,330.0,0.6245,1.67982942876348,Medium,Base
0 days 03:20:00,92.86,83.0,330.0,0.6247199999999999,1.680228179788513,Medium,Base
0 days 03:21:00,92.86,83.0,330.0,0.6247199999999999,1.680228179788513,Medium,Base
0 days 03:22:00,92.86,83.0,330.0,0.6247199999999999,1.680228179788513,Medium,Base
0 days 03:23:00,92.86,83.0,331.0,0.62517,1.6825601663913357,Medium,Base
0 days 03:24:00,92.86,83.0,331.0,0.62517,1.6825601663913357,Medium,Base
0 days 03:25:00,92.86,83.0,332.0,0.62562,1.6848953895554661,Medium,Base
0 days 03:26:00,92.86,83.0,332.0,0.62562,1.6848953895554661,Medium,Base
0 days 03:27:00,92.86,76.0,331.0,0.6006699999999999,1.6321223512826204,Medium,Base
0 days 03:28:00,92.86,76.0,331.0,0.6006699999999999,1.6321223512826204,Medium,Base
0 days 03:29:00,92.97,76.0,330.0,0.60044,1.630247159789854,Medium,Base
0 days 03:30:00,92.86,76.0,329.0,0.5997699999999999,1.6276013243832717,Medium,Base
0 days 03:31:00,92.86,76.0,330.0,0.60022,1.6298602702388731,Medium,Base
0 days 03:32:00,92.97,76.0,330.0,0.60044,1.630247159789854,Medium,Base
0 days 03:33:00,92.97,76.0,329.0,0.59999,1.6279876777149436,Medium,Base
0 days 03:34:00,92.97,76.0,328.0,0.59954,1.6257313272260732,Medium,Base
0 days 03:35:00,92.97,76.0,329.0,0.59999,1.6279876777149436,Medium,Base
0 days 03:36:00,92.97,82.0,329.0,0.6209899999999999,1.6710164836738735,Medium,Base
0 days 03:37:00,92.97,82.0,328.0,0.62054,1.6687004963286003,Medium,Base
0 days 03:38:00,92.97,82.0,327.0,0.62009,1.6663877188842684,Medium,Base
0 days 03:39:00,92.97,82.0,329.0,0.6209899999999999,1.6710164836738735,Medium,Base
0 days 03:40:00,92.97,82.0,330.0,0.62144,1.6733356853751051,Medium,Base
0 days 03:41:00,92.97,82.0,330.0,0.62144,1.6733356853751051,Medium,Base
0 days 03:42:00,93.09,82.0,330.0,0.62168,1.67376900957767,Medium,Base
0 days 03:43:00,92.97,82.0,331.0,0.6218899999999999,1.675658105893496,Medium,Base
0 days 03:44:00,92.97,82.0,330.0,0.62144,1.6733356853751051,Medium,Base
0 days 03:45:00,92.97,82.0,329.0,0.6209899999999999,1.6710164836738735,Medium,Base
0 days 03:46:00,93.09,71.0,330.0,0.58318,1.5956019241287658,Medium,Base
0 days 03:47:00,93.09,71.0,330.0,0.58318,1.5956019241287658,Medium,Base
0 days 03:48:00,93.09,71.0,330.0,0.58318,1.5956019241287658,Medium,Base
0 days 03:49:00,93.09,71.0,330.0,0.58318,1.5956019241287658,Medium,Base
0 days 03:50:00,93.09,71.0,330.0,0.58318,1.5956019241287658,Medium,Base
0 days 03:51:00,93.09,71.0,331.0,0.58363,1.5978164580565173,Medium,Base
0 days 03:52:00,93.09,71.0,331.0,0.58363,1.5978164580565173,Medium,Base
0 days 03:53:00,93.09,71.0,331.0,0.58363,1.5978164580565173,Medium,Base
0 days 03:54:00,93.09,87.0,329.0,0.63873,1.7081835455702927,Medium,Base
0 days 03:55:00,93.09,87.0,328.0,0.63828,1.7058160456003064,Medium,Base
0 days 03:56:00,93.09,87.0,329.0,0.63873,1.7081835455702927,Medium,Base
0 days 03:57:00,93.09,87.0,330.0,0.6391800000000001,1.7105543313905454,Medium,Base
0 days 03:58:00,93.09,87.0,330.0,0.6391800000000001,1.7105543313905454,Medium,Base
0 days 03:59:00,93.09,87.0,331.0,0.63963,1.7129284076214921,Medium,Base
0 days 04:00:00,93.09,87.0,331.0,0.63963,1.7129284076214921,Medium,Base
0 days 04:01:00,93.2,87.0,331.0,0.63985,1.7133350155464704,Medium,Base
0 days 04:02:00,93.09,87.0,331.0,0.63963,1.7129284076214921,Medium,Base
0 days 04:03:00,93.2,87.0,332.0,0.6403,1.7157129510855018,Medium,Base
0 days 04:04:00,93.09,71.0,332.0,0.5840799999999999,1.6000340655331553,Medium,Base
0 days 04:05:00,93.2,71.0,332.0,0.5843,1.6004138750619057,Medium,Base
0 days 04:06:00,93.2,71.0,332.0,0.5843,1.6004138750619057,Medium,Base
0 days 04:07:00,93.2,71.0,332.0,0.5843,1.6004138750619057,Medium,Base
0 days 04:08:00,93.2,71.0,333.0,0.58475,1.6026350874903776,Medium,Base
0 days 04:09:00,93.2,71.0,333.0,0.58475,1.6026350874903776,Medium,Base
0 days 04:10:00,93.2,71.0,333.0,0.58475,1.6026350874903776,Medium,Base
0 days 04:11:00,93.2,71.0,333.0,0.58475,1.6026350874903776,Medium,Base
0 days 04:12:00,93.2,99.0,334.0,0.6832,1.8126274332303567,High,Base
0 days 04:13:00,93.2,99.0,334.0,0.6832,1.8126274332303567,High,Base
0 days 04:14:00,93.2,99.0,335.0,0.68365,1.8151431765925075,High,Base
0 days 04:15:00,93.2,99.0,335.0,0.68365,1.8151431765925075,High,Base
0 days 04:16:00,93.2,99.0,334.0,0.6832,1.8126274332303567,High,Base
0 days 04:17:00,93.2,99.0,335.0,0.68365,1.8151431765925075,High,Base
0 days 04:18:00,93.2,99.0,335.0,0.68365,1.8151431765925075,High,Base
0 days 04:19:00,93.2,99.0,335.0,0.68365,1.8151431765925075,High,Base
0 days 04:20:00,93.2,99.0,336.0,0.6840999999999999,1.8176624115517444,High,Base
0 days 04:21:00,93.2,78.0,336.0,0.6106,1.6590503027979175,Medium,Base
0 days 04:22:00,93.31,78.0,336.0,0.6108199999999999,1.6594441213591922,Medium,Base
0 days 04:23:00,93.31,78.0,336.0,0.6108199999999999,1.6594441213591922,Medium,Base
0 days 04:24:00,93.31,78.0,336.0,0.6108199999999999,1.6594441213591922,Medium,Base
0 days 04:25:00,93.31,78.0,337.0,0.61127,1.6617472617931472,Medium,Base
0 days 04:26:00,93.31,78.0,335.0,0.61037,1.657144173020678,Medium,Base
0 days 04:27:00,93.31,78.0,333.0,0.60947,1.6525538349394442,Medium,Base
0 days 04:28:00,93.31,78.0,333.0,0.60947,1.6525538349394442,Medium,Base
0 days 04:29:00,93.31,78.0,333.0,0.60947,1.6525538349394442,Medium,Base
0 days 04:30:00,93.31,83.0,334.0,0.62742,1.691216884046541,Medium,Base
0 days 04:31:00,93.31,83.0,335.0,0.62787,1.6935641218583481,Medium,Base
0 days 04:32:00,93.31,83.0,335.0,0.62787,1.6935641218583481,Medium,Base
0 days 04:33:00,93.31,83.0,335.0,0.62787,1.6935641218583481,Medium,Base
0 days 04:34:00,93.31,83.0,334.0,0.62742,1.691216884046541,Medium,Base
0 days 04:35:00,93.31,83.0,333.0,0.62697,1.6888728994480453,Medium,Base
0 days 04:36:00,93.31,83.0,334.0,0.62742,1.691216884046541,Medium,Base
0 days 04:37:00,93.31,83.0,334.0,0.62742,1.691216884046541,Medium,Base
0 days 04:38:00,93.31,83.0,334.0,0.62742,1.691216884046541,Medium,Base
0 days 04:39:00,93.43,85.0,331.0,0.63331,1.6993439078079993,Medium,Base
0 days 04:40:00,93.43,85.0,330.0,0.63286,1.6969886593564116,Medium,Base
0 days 04:41:00,93.43,85.0,332.0,0.63376,1.701702425105986,Medium,Base
0 days 04:42:00,93.43,85.0,333.0,0.63421,1.7040642157872,Medium,Base
0 days 04:43:00,93.43,85.0,333.0,0.63421,1.7040642157872,Medium,Base
0 days 04:44:00,93.43,85.0,333.0,0.63421,1.7040642157872,Medium,Base
0 days 04:45:00,93.43,85.0,333.0,0.63421,1.7040642157872,Medium,Base
0 days 04:46:00,93.43,85.0,334.0,0.63466,1.7064292843947655,Medium,Base
0 days 04:47:00,93.43,85.0,334.0,0.63466,1.7064292843947655,Medium,Base
0 days 04:48:00,93.43,74.0,334.0,0.59616,1.626736923667251,Medium,Base
0 days 04:49:00,93.43,74.0,335.0,0.5966100000000001,1.6289946698221727,Medium,Base
0 days 04:50:00,93.43,74.0,335.0,0.5966100000000001,1.6289946698221727,Medium,Base
0 days 04:51:00,93.43,74.0,335.0,0.5966100000000001,1.6289946698221727,Medium,Base
0 days 04:52:00,93.43,74.0,335.0,0.5966100000000001,1.6289946698221727,Medium,Base
0 days 04:53:00,93.43,74.0,336.0,0.59706,1.6312555495001773,Medium,Base
0 days 04:54:00,93.43,74.0,336.0,0.59706,1.6312555495001773,Medium,Base
0 days 04:55:00,93.43,74.0,336.0,0.59706,1.6312555495001773,Medium,Base
0 days 04:56:00,93.43,74.0,336.0,0.59706,1.6312555495001773,Medium,Base
0 days 04:57:00,93.43,80.0,337.0,0.61851,1.676694584553714,Medium,Base
0 days 04:58:00,93.43,80.0,337.0,0.61851,1.676694584553714,Medium,Base
0 days 04:59:00,93.43,80.0,337.0,0.61851,1.676694584553714,Medium,Base
0 days 05:00:00,93.43,80.0,337.0,0.61851,1.676694584553714,Medium,Base
0 days 05:01:00,93.43,80.0,336.0,0.61806,1.674370727501642,Medium,Base
0 days 05:02:00,93.54,80.0,336.0,0.6182799999999999,1.6747681827625418,Medium,Base
0 days 05:03:00,93.54,80.0,336.0,0.6182799999999999,1.6747681827625418,Medium,Base
0 days 05:04:00,93.54,103.0,336.0,0.6987800000000001,1.850908346911332,High,Base
0 days 05:05:00,93.43,103.0,335.0,0.69811,1.8479043859418633,High,Base
0 days 05:06:00,93.43,103.0,336.0,0.6985600000000001,1.850469090142846,High,Base
0 days 05:07:00,93.54,103.0,336.0,0.6987800000000001,1.850908346911332,High,Base
0 days 05:08:00,93.54,103.0,336.0,0.6987800000000001,1.850908346911332,High,Base
0 days 05:09:00,93.54,103.0,337.0,0.69923,1.8534772203060117,High,Base
0 days 05:10:00,93.54,103.0,337.0,0.69923,1.8534772203060117,High,Base
0 days 05:11:00,93.54,103.0,337.0,0.69923,1.8534772203060117,High,Base
0 days 05:12:00,93.54,103.0,338.0,0.69968,1.8560496590368833,High,Base
0 days 05:13:00,93.54,103.0,338.0,0.69968,1.8560496590368833,High,Base
0 days 05:14:00,93.54,103.0,338.0,0.69968,1.8560496590368833,High,Base
0 days 05:15:00,93.54,72.0,338.0,0.59118,1.6220088463580424,Medium,Base
0 days 05:16:00,93.54,72.0,339.0,0.5916300000000001,1.6242600304203418,Medium,Base
0 days 05:17:00,93.54,72.0,339.0,0.5916300000000001,1.6242600304203418,Medium,Base
0 days 05:18:00,93.54,72.0,339.0,0.5916300000000001,1.6242600304203418,Medium,Base
0 days 05:21:00,93.54,72.0,339.0,0.5916300000000001,1.6242600304203418,Medium,Base
0 days 05:22:00,93.54,72.0,337.0,0.59073,1.6197607823809432,Medium,Base
0 days 05:23:00,93.54,72.0,335.0,0.5898300000000001,1.615273997390897,Medium,Base
0 days 05:24:00,93.54,72.0,334.0,0.58938,1.6130352677472004,Medium,Base
0 days 05:25:00,93.54,72.0,330.0,0.58758,1.604111334434697,Medium,Base
0 days 05:26:00,93.54,72.0,327.0,0.58623,1.5974507988968287,Medium,Base
0 days 05:27:00,93.54,84.0,327.0,0.6282300000000001,1.683010138178576,Medium,Base
0 days 05:28:00,93.54,84.0,325.0,0.62733,1.6783481506133657,Medium,Base
0 days 05:29:00,93.65,84.0,323.0,0.62665,1.6740963727180096,Medium,Base
0 days 05:30:00,93.54,84.0,324.0,0.62688,1.6760220017598024,Medium,Base
0 days 05:31:00,93.65,84.0,321.0,0.62575,1.6694590765451998,Medium,Base
0 days 05:32:00,93.65,84.0,320.0,0.6253,1.6671452477275275,Medium,Base
0 days 05:33:00,93.65,84.0,320.0,0.6253,1.6671452477275275,Medium,Base
0 days 05:34:00,93.65,84.0,321.0,0.62575,1.6694590765451998,Medium,Base
0 days 05:35:00,93.65,84.0,321.0,0.62575,1.6694590765451998,Medium,Base
0 days 05:36:00,93.65,84.0,320.0,0.6253,1.6671452477275275,Medium,Base
0 days 05:37:00,93.65,81.0,321.0,0.61525,1.6478245442127628,Medium,Base
0 days 05:38:00,93.65,81.0,322.0,0.6157,1.6501115578500356,Medium,Base
0 days 05:39:00,93.65,81.0,323.0,0.61615,1.6524017456306934,Medium,Base
0 days 05:40:00,93.65,81.0,323.0,0.61615,1.6524017456306934,Medium,Base
0 days 05:41:00,93.65,81.0,323.0,0.61615,1.6524017456306934,Medium,Base
0 days 05:42:00,93.65,81.0,324.0,0.6166,1.6546951119601263,Medium,Base
0 days 05:43:00,93.65,81.0,324.0,0.6166,1.6546951119601263,Medium,Base
0 days 05:44:00,93.65,81.0,324.0,0.6166,1.6546951119601263,Medium,Base
0 days 05:47:00,93.65,81.0,323.0,0.61615,1.6524017456306934,Medium,Base
0 days 05:48:00,93.65,81.0,323.0,0.61615,1.6524017456306934,Medium,Base
0 days 05:49:00,93.65,81.0,324.0,0.6166,1.6546951119601263,Medium,Base
0 days 05:50:00,93.65,81.0,323.0,0.61615,1.6524017456306934,Medium,Base
0 days 05:51:00,93.65,81.0,323.0,0.61615,1.6524017456306934,Medium,Base
0 days 05:52:00,93.76,81.0,324.0,0.61682,1.6550878967040494,Medium,Base
0 days 05:53:00,93.76,79.0,325.0,0.61027,1.6430351761694746,Medium,Base
0 days 05:54:00,93.65,79.0,325.0,0.61005,1.6426452517719765,Medium,Base
0 days 05:55:00,93.76,79.0,326.0,0.6107199999999999,1.6453155426487913,Medium,Base
0 days 05:56:00,93.76,79.0,321.0,0.60847,1.633945271791431,Medium,Base
0 days 05:57:00,93.76,79.0,315.0,0.60577,1.6204046198287547,Medium,Base
0 days 05:58:00,93.76,79.0,311.0,0.60397,1.6114399164178863,Medium,Base
0 days 05:59:00,93.76,79.0,309.0,0.60307,1.6069761804712006,Medium,Base
0 days 06:00:00,93.76,79.0,307.0,0.60217,1.6025248092043265,Medium,Base
0 days 06:01:00,93.76,79.0,303.0,0.60037,1.5936590238027804,Medium,Base
0 days 06:02:00,93.76,78.0,302.0,0.59642,1.5845458021177512,Medium,Base
0 days 06:03:00,93.76,78.0,301.0,0.59597,1.5823496609895427,Medium,Base
0 days 06:04:00,93.76,78.0,300.0,0.59552,1.5801565636583952,Medium,Base
0 days 06:05:00,93.76,78.0,300.0,0.59552,1.5801565636583952,Medium,Base
0 days 06:06:00,93.76,78.0,301.0,0.59597,1.5823496609895427,Medium,Base
0 days 06:07:00,93.76,78.0,302.0,0.59642,1.5845458021177512,Medium,Base
0 days 06:08:00,93.76,78.0,303.0,0.59687,1.5867449912675022,Medium,Base
0 days 06:09:00,93.76,78.0,304.0,0.59732,1.5889472326691416,Medium,Base
0 days 06:10:00,93.76,78.0,305.0,0.59777,1.5911525305588858,Medium,Base
0 days 06:11:00,93.76,78.0,305.0,0.59777,1.5911525305588858,Medium,Base
0 days 06:12:00,93.76,73.0,306.0,0.58072,1.5590958021267023,Low,Base
0 days 06:13:00,93.76,73.0,306.0,0.58072,1.5590958021267023,Low,Base
0 days 06:14:00,93.76,73.0,307.0,0.58117,1.561259669253091,Low,Base
0 days 06:15:00,93.76,73.0,308.0,0.58162,1.5634265396079752,Low,Base
0 days 06:16:00,93.76,73.0,305.0,0.5802700000000001,1.5569349340664094,Low,Base
0 days 06:17:00,93.88,73.0,303.0,0.5796100000000001,1.5530242429586385,Low,Base
0 days 06:18:00,93.88,73.0,305.0,0.5805100000000001,1.5573381153256427,Low,Base
0 days 06:19:00,93.88,73.0,307.0,0.58141,1.5616639704384947,Low,Base
0 days 06:20:00,93.76,73.0,308.0,0.58162,1.5634265396079752,Low,Base
0 days 06:21:00,93.88,84.0,308.0,0.62036,1.640442078415942,Medium,Base
0 days 06:22:00,93.88,84.0,309.0,0.62081,1.6427188459381088,Medium,Base
0 days 06:23:00,93.76,84.0,307.0,0.6196699999999999,1.6377443589046594,Medium,Base
0 days 06:24:00,93.88,84.0,300.0,0.61676,1.6223411711835738,Medium,Base
0 days 06:25:00,93.88,84.0,296.0,0.61496,1.6133657540236062,Medium,Base
0 days 06:26:00,93.88,84.0,299.0,0.61631,1.62009264661252,Medium,Base
0 days 06:27:00,93.88,84.0,298.0,0.61586,1.6178472384406777,Medium,Base
0 days 06:28:00,93.88,84.0,297.0,0.61541,1.615604942348795,Medium,Base
0 days 06:29:00,93.88,84.0,298.0,0.61586,1.6178472384406777,Medium,Base
0 days 06:30:00,93.88,84.0,294.0,0.61406,1.6088966834501308,Medium,Base
0 days 06:31:00,93.88,73.0,293.0,0.57511,1.5316334637845024,Low,Base
0 days 06:32:00,93.88,73.0,295.0,0.57601,1.5358879184755712,Low,Base
0 days 06:33:00,93.88,73.0,297.0,0.57691,1.5401541908665966,Low,Base
0 days 06:34:00,93.88,73.0,298.0,0.57736,1.5422917689542548,Low,Base
0 days 06:35:00,93.88,73.0,299.0,0.57781,1.5444323137838845,Low,Base
0 days 06:36:00,93.88,73.0,300.0,0.57826,1.5465758294730234,Low,Base
0 days 06:37:00,93.88,73.0,300.0,0.57826,1.5465758294730234,Low,Base
0 days 06:38:00,93.88,73.0,302.0,0.57916,1.5508717899285602,Low,Base
0 days 06:39:00,93.88,73.0,303.0,0.5796100000000001,1.5530242429586385,Low,Base
0 days 06:40:00,93.88,73.0,303.0,0.5796100000000001,1.5530242429586385,Low,Base
0 days 06:41:00,93.88,74.0,304.0,0.5835600000000001,1.5619561742347121,Low,Base
0 days 06:42:00,93.88,74.0,305.0,0.58401,1.564124011267995,Low,Base
0 days 06:43:00,93.88,74.0,306.0,0.58446,1.5662948570396027,Low,Base
0 days 06:44:00,93.88,74.0,307.0,0.58491,1.568468715725359,Low,Base
0 days 06:45:00,93.88,74.0,307.0,0.58491,1.568468715725359,Low,Base
0 days 06:46:00,93.88,74.0,308.0,0.58536,1.5706455915068842,Low,Base
0 days 06:47:00,93.88,74.0,308.0,0.58536,1.5706455915068842,Low,Base
0 days 06:48:00,93.88,74.0,309.0,0.58581,1.5728254885716013,Low,Base
0 days 06:49:00,93.88,74.0,310.0,0.58626,1.575008411112746,Low,Base
0 days 06:50:00,93.88,81.0,311.0,0.61121,1.6259347274482754,Medium,Base
0 days 06:51:00,93.99,81.0,310.0,0.61098,1.624066645091393,Medium,Base
0 days 06:52:00,93.88,81.0,307.0,0.60941,1.616939429348875,Medium,Base
0 days 06:53:00,93.88,81.0,304.0,0.60806,1.610225629439498,Medium,Base
0 days 06:54:00,93.99,81.0,302.0,0.60738,1.6061464270789598,Medium,Base
0 days 06:55:00,93.88,81.0,298.0,0.60536,1.5968815442941515,Medium,Base
0 days 06:56:00,93.88,81.0,295.0,0.60401,1.5902510280405617,Medium,Base
0 days 06:57:00,93.88,81.0,295.0,0.60401,1.5902510280405617,Medium,Base
0 days 06:58:00,93.88,81.0,296.0,0.60446,1.592458135466282,Medium,Base
0 days 06:59:00,93.88,81.0,298.0,0.60536,1.5968815442941515,Medium,Base
0 days 07:00:00,93.88,81.0,299.0,0.60581,1.5990978542051406,Medium,Base
0 days 07:01:00,93.88,81.0,300.0,0.60626,1.601317240129901,Medium,Base
0 days 07:02:00,93.88,81.0,301.0,0.60671,1.6035397063376287,Medium,Base
0 days 07:03:00,93.88,81.0,302.0,0.60716,1.605765257103444,Medium,Base
0 days 07:04:00,93.99,81.0,303.0,0.60783,1.6083755957092531,Medium,Base
0 days 07:05:00,93.88,81.0,303.0,0.60761,1.607993896708402,Medium,Base
0 days 07:06:00,93.88,81.0,304.0,0.60806,1.610225629439498,Medium,Base
0 days 07:07:00,93.88,81.0,305.0,0.60851,1.6124604595896785,Medium,Base
0 days 07:08:00,93.88,81.0,306.0,0.60896,1.6146983914578474,Medium,Base
0 days 07:09:00,93.88,75.0,306.0,0.5879599999999999,1.5731197808055568,Low,Base
0 days 07:10:00,93.99,75.0,305.0,0.58773,1.5713123790334096,Low,Base
0 days 07:11:00,93.99,75.0,303.0,0.58683,1.5669597975450753,Low,Base
0 days 07:12:00,93.99,75.0,300.0,0.58548,1.5604535213322477,Low,Base
0 days 07:13:00,93.99,75.0,301.0,0.58593,1.5626192728354344,Low,Base
0 days 07:14:00,93.88,75.0,303.0,0.58661,1.5665879273235346,Low,Base
0 days 07:15:00,93.88,75.0,303.0,0.58661,1.5665879273235346,Low,Base
0 days 07:16:00,93.99,75.0,301.0,0.58593,1.5626192728354344,Low,Base
0 days 07:17:00,93.99,75.0,296.0,0.58368,1.5518204905237651,Low,Base
0 days 07:18:00,93.88,77.0,290.0,0.58776,1.552032853610413,Low,Base
0 days 07:19:00,93.88,77.0,290.0,0.58776,1.552032853610413,Low,Base
0 days 07:20:00,93.88,77.0,293.0,0.58911,1.5585040200366653,Low,Base
0 days 07:21:00,93.88,77.0,294.0,0.58956,1.5606670658294266,Low,Base
0 days 07:22:00,93.88,77.0,295.0,0.59001,1.5628331137107556,Low,Base
0 days 07:23:00,93.88,77.0,297.0,0.5909099999999999,1.5671742324112805,Low,Base
0 days 07:24:00,93.99,77.0,297.0,0.5911299999999999,1.56754624180752,Low,Base
0 days 07:25:00,93.88,77.0,298.0,0.59136,1.5693493115810224,Low,Base
0 days 07:26:00,93.99,77.0,300.0,0.59248,1.5740820909604456,Low,Base
0 days 07:27:00,93.88,77.0,300.0,0.59226,1.5737085304793115,Low,Base
0 days 07:28:00,93.88,74.0,300.0,0.58176,1.5533148301707405,Low,Base
0 days 07:29:00,93.99,74.0,302.0,0.5828800000000001,1.5579992534178366,Low,Base
0 days 07:30:00,93.99,74.0,303.0,0.58333,1.560161598645635,Low,Base
0 days 07:31:00,93.88,74.0,303.0,0.58311,1.5597913417697173,Low,Base
0 days 07:32:00,93.88,74.0,304.0,0.5835600000000001,1.5619561742347121,Low,Base
0 days 07:33:00,93.88,74.0,305.0,0.58401,1.564124011267995,Low,Base
0 days 07:34:00,93.88,74.0,306.0,0.58446,1.5662948570396027,Low,Base
0 days 07:35:00,93.88,74.0,305.0,0.58401,1.564124011267995,Low,Base
0 days 07:36:00,93.88,74.0,303.0,0.58311,1.5597913417697173,Low,Base
0 days 07:37:00,93.88,76.0,303.0,0.59011,1.5734141281046925,Low,Base
0 days 07:38:00,93.88,76.0,301.0,0.58921,1.5690557247096368,Low,Base
0 days 07:39:00,93.88,76.0,300.0,0.58876,1.5668810524440069,Low,Base
0 days 07:40:00,93.88,76.0,302.0,0.58966,1.5712334152002017,Low,Base
0 days 07:41:00,93.88,76.0,304.0,0.59056,1.5755978676179134,Low,Base
0 days 07:42:00,93.88,76.0,305.0,0.59101,1.5777846379404914,Low,Base
0 days 07:43:00,93.88,76.0,305.0,0.59101,1.5777846379404914,Low,Base
0 days 07:44:00,93.88,76.0,304.0,0.59056,1.5755978676179134,Low,Base
0 days 07:45:00,93.88,94.0,302.0,0.65266,1.6991415829496304,Medium,Base
0 days 07:46:00,93.88,94.0,300.0,0.65176,1.6944349108081207,Medium,Base
0 days 07:47:00,93.88,94.0,297.0,0.6504099999999999,1.687399336844036,Medium,Base
0 days 07:48:00,93.76,94.0,298.0,0.65062,1.6893038170036752,Medium,Base
0 days 07:49:00,93.88,94.0,299.0,0.65131,1.692086466104456,Medium,Base
0 days 07:50:00,93.88,94.0,301.0,0.65221,1.6967866149152715,Medium,Base
0 days 07:51:00,93.88,94.0,302.0,0.65266,1.6991415829496304,Medium,Base
0 days 07:52:00,93.88,94.0,299.0,0.65131,1.692086466104456,Medium,Base
0 days 07:53:00,93.88,94.0,296.0,0.64996,1.6850606432711512,Medium,Base
0 days 07:54:00,93.76,81.0,298.0,0.60512,1.5964681255859474,Medium,Base
0 days 07:55:00,93.76,81.0,300.0,0.60602,1.6009026730587208,Medium,Base
0 days 07:56:00,93.88,81.0,301.0,0.60671,1.6035397063376287,Medium,Base
0 days 07:57:00,93.88,81.0,302.0,0.60716,1.605765257103444,Medium,Base
0 days 07:58:00,93.88,81.0,302.0,0.60716,1.605765257103444,Medium,Base
0 days 07:59:00,93.88,81.0,303.0,0.60761,1.607993896708402,Medium,Base
0 days 08:00:00,93.88,81.0,303.0,0.60761,1.607993896708402,Medium,Base
0 days 08:01:00,93.76,81.0,304.0,0.60782,1.6098087560640002,Medium,Base
0 days 08:02:00,93.76,81.0,304.0,0.60782,1.6098087560640002,Medium,Base
0 days 08:03:00,93.76,81.0,305.0,0.60827,1.612043007636141,Medium,Base
0 days 08:04:00,93.88,75.0,305.0,0.58751,1.5709394758591124,Low,Base
0 days 08:05:00,93.76,75.0,306.0,0.58772,1.572712513810735,Low,Base
0 days 08:06:00,93.76,75.0,307.0,0.58817,1.5748952795543492,Low,Base
0 days 08:07:00,93.88,75.0,307.0,0.58841,1.575303111794527,Low,Base
0 days 08:08:00,93.76,75.0,308.0,0.5886199999999999,1.5770810747558268,Low,Base
0 days 08:09:00,93.76,75.0,309.0,0.58907,1.5792699036197482,Medium,Base
0 days 08:10:00,93.76,75.0,310.0,0.58952,1.5814617703565301,Medium,Base
0 days 08:11:00,93.76,75.0,310.0,0.58952,1.5814617703565301,Medium,Base
0 days 08:12:00,93.76,75.0,310.0,0.58952,1.5814617703565301,Medium,Base
0 days 08:13:00,93.76,79.0,311.0,0.60397,1.6114399164178863,Medium,Base
0 days 08:14:00,93.76,79.0,311.0,0.60397,1.6114399164178863,Medium,Base
0 days 08:15:00,93.88,79.0,311.0,0.60421,1.6118572121959336,Medium,Base
0 days 08:16:00,93.76,79.0,311.0,0.60397,1.6114399164178863,Medium,Base
0 days 08:17:00,93.76,79.0,311.0,0.60397,1.6114399164178863,Medium,Base
0 days 08:18:00,93.88,79.0,312.0,0.60466,1.6140943068177942,Medium,Base
0 days 08:19:00,93.76,79.0,312.0,0.60442,1.613676431875455,Medium,Base
0 days 08:20:00,93.76,79.0,313.0,0.60487,1.6159160513900483,Medium,Base
0 days 08:21:00,93.76,79.0,314.0,0.60532,1.618158779269783,Medium,Base
0 days 08:22:00,93.76,79.0,315.0,0.60577,1.6204046198287547,Medium,Base
0 days 08:23:00,93.76,75.0,315.0,0.59177,1.5924668199074246,Medium,Base
0 days 08:24:00,93.76,75.0,316.0,0.59222,1.5946770026279231,Medium,Base
0 days 08:25:00,93.76,75.0,316.0,0.59222,1.5946770026279231,Medium,Base
0 days 08:26:00,93.76,75.0,316.0,0.59222,1.5946770026279231,Medium,Base
0 days 08:27:00,93.76,75.0,317.0,0.59267,1.5968902528582731,Medium,Base
0 days 08:28:00,93.88,75.0,317.0,0.5929099999999999,1.5973037808798478,Medium,Base
0 days 08:29:00,93.76,75.0,318.0,0.59312,1.5991065748558675,Medium,Base
0 days 08:30:00,93.76,75.0,319.0,0.5935699999999999,1.6013259728840081,Medium,Base
0 days 08:31:00,93.76,75.0,319.0,0.5935699999999999,1.6013259728840081,Medium,Base
0 days 08:32:00,93.76,76.0,320.0,0.59752,1.6105357026131097,Medium,Base
0 days 08:33:00,93.76,76.0,320.0,0.59752,1.6105357026131097,Medium,Base
0 days 08:34:00,93.76,76.0,321.0,0.59797,1.6127709631134626,Medium,Base
0 days 08:35:00,93.76,76.0,321.0,0.59797,1.6127709631134626,Medium,Base
0 days 08:38:00,93.76,76.0,321.0,0.59797,1.6127709631134626,Medium,Base
0 days 08:39:00,93.76,76.0,322.0,0.59842,1.615009325929086,Medium,Base
0 days 08:40:00,93.76,76.0,323.0,0.59887,1.61725079536568,Medium,Base
0 days 08:41:00,93.76,76.0,323.0,0.59887,1.61725079536568,Medium,Base
0 days 08:42:00,93.76,76.0,323.0,0.59887,1.61725079536568,Medium,Base
0 days 08:43:00,93.76,76.0,322.0,0.59842,1.615009325929086,Medium,Base
0 days 08:44:00,93.76,76.0,322.0,0.59842,1.615009325929086,Medium,Base
0 days 08:45:00,93.76,76.0,323.0,0.59887,1.61725079536568,Medium,Base
0 days 08:46:00,93.76,71.0,323.0,0.5813699999999999,1.5824719579631326,Medium,Base
0 days 08:47:00,93.76,71.0,323.0,0.5813699999999999,1.5824719579631326,Medium,Base
0 days 08:48:00,93.76,71.0,324.0,0.58182,1.5846682688271585,Medium,Base
0 days 08:49:00,93.76,71.0,325.0,0.5822700000000001,1.5868676279483036,Medium,Base
0 days 08:50:00,93.76,71.0,325.0,0.5822700000000001,1.5868676279483036,Medium,Base
0 days 08:51:00,93.76,71.0,326.0,0.58272,1.58907003955724,Medium,Base
0 days 08:52:00,93.76,71.0,326.0,0.58272,1.58907003955724,Medium,Base
0 days 08:53:00,93.76,71.0,327.0,0.58317,1.5912755078905112,Medium,Base
0 days 08:54:00,93.76,95.0,327.0,0.66717,1.7662975268992258,High,Base
0 days 08:55:00,93.76,95.0,328.0,0.66762,1.7687489690419507,High,Base
0 days 08:56:00,93.76,95.0,328.0,0.66762,1.7687489690419507,High,Base
0 days 08:57:00,93.76,95.0,328.0,0.66762,1.7687489690419507,High,Base
0 days 08:58:00,93.76,95.0,329.0,0.6680699999999999,1.7712038135381791,High,Base
0 days 08:59:00,93.76,95.0,329.0,0.6680699999999999,1.7712038135381791,High,Base
0 days 09:00:00,93.76,95.0,330.0,0.66852,1.7736620651100334,High,Base
0 days 09:01:00,93.76,95.0,330.0,0.66852,1.7736620651100334,High,Base
0 days 09:02:00,93.76,87.0,330.0,0.64052,1.713029005626556,Medium,Base
0 days 09:03:00,93.76,87.0,329.0,0.64007,1.7106547899692728,Medium,Base
0 days 09:04:00,93.76,87.0,326.0,0.63872,1.7035518683845752,Medium,Base
0 days 09:05:00,93.76,87.0,325.0,0.63827,1.7011907878041366,Medium,Base
0 days 09:06:00,93.76,87.0,326.0,0.63872,1.7035518683845752,Medium,Base
0 days 09:07:00,93.76,87.0,326.0,0.63872,1.7035518683845752,Medium,Base
0 days 09:08:00,93.76,87.0,327.0,0.63917,1.7059162259058172,Medium,Base
0 days 09:09:00,93.76,87.0,327.0,0.63917,1.7059162259058172,Medium,Base
0 days 09:10:00,93.76,87.0,327.0,0.63917,1.7059162259058172,Medium,Base
0 days 09:11:00,93.76,80.0,327.0,0.61467,1.6547782702404727,Medium,Base
0 days 09:12:00,93.76,80.0,324.0,0.61332,1.647907357206177,Medium,Base
0 days 09:13:00,93.76,80.0,324.0,0.61332,1.647907357206177,Medium,Base
0 days 09:14:00,93.76,80.0,324.0,0.61332,1.647907357206177,Medium,Base
0 days 09:15:00,93.76,80.0,323.0,0.61287,1.6456233985362536,Medium,Base
0 days 09:16:00,93.76,80.0,322.0,0.61242,1.6433426053763227,Medium,Base
0 days 09:17:00,93.76,80.0,322.0,0.61242,1.6433426053763227,Medium,Base
0 days 09:18:00,93.76,80.0,322.0,0.61242,1.6433426053763227,Medium,Base
0 days 09:19:00,93.76,80.0,323.0,0.61287,1.6456233985362536,Medium,Base
0 days 09:20:00,93.76,80.0,324.0,0.61332,1.647907357206177,Medium,Base
0 days 09:21:00,93.76,78.0,324.0,0.60632,1.6336396005958465,Medium,Base
0 days 09:22:00,93.76,78.0,324.0,0.60632,1.6336396005958465,Medium,Base
0 days 09:23:00,93.76,78.0,324.0,0.60632,1.6336396005958465,Medium,Base
0 days 09:24:00,93.76,78.0,325.0,0.60677,1.6359069269674997,Medium,Base
0 days 09:25:00,93.76,78.0,325.0,0.60677,1.6359069269674997,Medium,Base
0 days 09:26:00,93.76,78.0,324.0,0.60632,1.6336396005958465,Medium,Base
0 days 09:27:00,93.76,78.0,323.0,0.60587,1.6313754166822332,Medium,Base
0 days 09:28:00,93.76,78.0,322.0,0.60542,1.6291143708712912,Medium,Base
0 days 09:29:00,93.76,91.0,322.0,0.65092,1.7238484633310975,High,Base
0 days 09:30:00,93.76,91.0,323.0,0.65137,1.7262409904712448,High,Base
0 days 09:31:00,93.76,91.0,323.0,0.65137,1.7262409904712448,High,Base
0 days 09:32:00,93.76,91.0,323.0,0.65137,1.7262409904712448,High,Base
0 days 09:33:00,93.76,91.0,323.0,0.65137,1.7262409904712448,High,Base
0 days 09:34:00,93.76,91.0,324.0,0.6518200000000001,1.7286368381968367,High,Base
0 days 09:35:00,93.76,91.0,324.0,0.6518200000000001,1.7286368381968367,High,Base
0 days 09:36:00,93.76,91.0,324.0,0.6518200000000001,1.7286368381968367,High,Base
0 days 09:37:00,93.76,91.0,325.0,0.65227,1.73103601111651,High,Base
0 days 09:38:00,93.76,91.0,325.0,0.65227,1.73103601111651,High,Base
0 days 09:39:00,93.76,70.0,325.0,0.57877,1.5799830596404398,Medium,Base
0 days 09:40:00,93.76,70.0,326.0,0.57922,1.5821759161655764,Medium,Base
0 days 09:41:00,93.76,70.0,326.0,0.57922,1.5821759161655764,Medium,Base
0 days 09:42:00,93.76,70.0,326.0,0.57922,1.5821759161655764,Medium,Base
0 days 09:43:00,93.76,70.0,326.0,0.57922,1.5821759161655764,Medium,Base
0 days 09:44:00,93.76,70.0,327.0,0.57967,1.5843718161535594,Medium,Base
0 days 09:45:00,93.76,70.0,327.0,0.57967,1.5843718161535594,Medium,Base
0 days 09:46:00,93.76,70.0,328.0,0.58012,1.5865707638284072,Medium,Base
0 days 09:47:00,93.76,70.0,328.0,0.58012,1.5865707638284072,Medium,Base
0 days 09:48:00,93.65,77.0,328.0,0.6044,1.6352127286985791,Medium,Base
0 days 09:49:00,93.76,77.0,329.0,0.60507,1.6378709372353188,Medium,Base
0 days 09:50:00,93.76,77.0,328.0,0.6046199999999999,1.6356008887942122,Medium,Base
0 days 09:51:00,93.65,77.0,328.0,0.6044,1.6352127286985791,Medium,Base
0 days 09:52:00,93.65,77.0,329.0,0.60485,1.6374822384127714,Medium,Base
0 days 09:53:00,93.65,77.0,329.0,0.60485,1.6374822384127714,Medium,Base
0 days 09:54:00,93.65,77.0,330.0,0.6053,1.639754897976676,Medium,Base
0 days 09:55:00,93.65,77.0,330.0,0.6053,1.639754897976676,Medium,Base
0 days 09:56:00,93.65,77.0,330.0,0.6053,1.639754897976676,Medium,Base
0 days 09:57:00,93.65,77.0,330.0,0.6053,1.639754897976676,Medium,Base
0 days 09:58:00,93.76,74.0,331.0,0.59547,1.6211363511863515,Medium,Base
0 days 09:59:00,93.65,74.0,331.0,0.5952500000000001,1.6207516238085287,Medium,Base
0 days 10:00:00,93.65,74.0,332.0,0.5957,1.623001062973214,Medium,Base
0 days 10:01:00,93.65,74.0,332.0,0.5957,1.623001062973214,Medium,Base
0 days 10:02:00,93.65,74.0,333.0,0.5961500000000001,1.6252536241317206,Medium,Base
0 days 10:03:00,93.65,74.0,333.0,0.5961500000000001,1.6252536241317206,Medium,Base
0 days 10:04:00,93.65,74.0,332.0,0.5957,1.623001062973214,Medium,Base
0 days 10:05:00,93.65,74.0,332.0,0.5957,1.623001062973214,Medium,Base
0 days 10:06:00,93.65,74.0,332.0,0.5957,1.623001062973214,Medium,Base
0 days 10:07:00,93.65,85.0,333.0,0.63465,1.7048733193655508,Medium,Base
0 days 10:08:00,93.65,85.0,333.0,0.63465,1.7048733193655508,Medium,Base
0 days 10:09:00,93.65,85.0,333.0,0.63465,1.7048733193655508,Medium,Base
0 days 10:10:00,93.65,85.0,333.0,0.63465,1.7048733193655508,Medium,Base
0 days 10:11:00,93.65,85.0,333.0,0.63465,1.7048733193655508,Medium,Base
0 days 10:12:00,93.65,85.0,334.0,0.6351,1.7072395109269671,Medium,Base
0 days 10:13:00,93.65,85.0,334.0,0.6351,1.7072395109269671,Medium,Base
0 days 10:14:00,93.65,85.0,334.0,0.6351,1.7072395109269671,Medium,Base
0 days 10:15:00,93.65,86.0,334.0,0.6386000000000001,1.7146785824784911,Medium,Base
0 days 10:16:00,93.65,86.0,331.0,0.63725,1.7075589534418671,Medium,Base
0 days 10:17:00,93.65,86.0,328.0,0.6359,1.7004688862824,Medium,Base
0 days 10:18:00,93.65,86.0,326.0,0.635,1.6957585374716344,Medium,Base
0 days 10:19:00,93.65,86.0,326.0,0.635,1.6957585374716344,Medium,Base
0 days 10:20:00,93.65,86.0,326.0,0.635,1.6957585374716344,Medium,Base
0 days 10:21:00,93.65,86.0,323.0,0.63365,1.6887174675907504,Medium,Base
0 days 10:22:00,93.65,86.0,322.0,0.6332,1.6863769471213872,Medium,Base
0 days 10:23:00,93.76,86.0,322.0,0.63342,1.6867772523694933,Medium,Base
0 days 10:24:00,93.65,79.0,322.0,0.6087,1.6358247170368403,Medium,Base
0 days 10:25:00,93.65,79.0,323.0,0.60915,1.6380950761288868,Medium,Base
0 days 10:26:00,93.65,79.0,324.0,0.6096,1.640368586249496,Medium,Base
0 days 10:27:00,93.65,79.0,324.0,0.6096,1.640368586249496,Medium,Base
0 days 10:28:00,93.76,79.0,322.0,0.60892,1.6362130224037568,Medium,Base
0 days 10:29:00,93.65,79.0,320.0,0.6078,1.6312934344754988,Medium,Base
0 days 10:32:00,93.76,79.0,322.0,0.60892,1.6362130224037568,Medium,Base
0 days 10:33:00,93.76,79.0,322.0,0.60892,1.6362130224037568,Medium,Base
0 days 10:34:00,93.76,79.0,320.0,0.60802,1.631680664225132,Medium,Base
0 days 10:35:00,93.76,79.0,318.0,0.60712,1.627160860811919,Medium,Base
0 days 10:36:00,93.76,79.0,318.0,0.60712,1.627160860811919,Medium,Base
0 days 10:37:00,93.76,79.0,318.0,0.60712,1.627160860811919,Medium,Base
0 days 10:38:00,93.76,77.0,319.0,0.60057,1.615311511203829,Medium,Base
0 days 10:39:00,93.76,77.0,319.0,0.60057,1.615311511203829,Medium,Base
0 days 10:40:00,93.76,77.0,320.0,0.60102,1.6175534000429903,Medium,Base
0 days 10:41:00,93.76,77.0,320.0,0.60102,1.6175534000429903,Medium,Base
0 days 10:42:00,93.76,77.0,321.0,0.60147,1.6197984003968855,Medium,Base
0 days 10:43:00,93.76,77.0,321.0,0.60147,1.6197984003968855,Medium,Base
0 days 10:44:00,93.76,77.0,321.0,0.60147,1.6197984003968855,Medium,Base
0 days 10:45:00,93.76,77.0,321.0,0.60147,1.6197984003968855,Medium,Base
0 days 10:46:00,93.76,77.0,321.0,0.60147,1.6197984003968855,Medium,Base
0 days 10:47:00,93.76,84.0,322.0,0.62642,1.6721729560858403,Medium,Base
0 days 10:48:00,93.76,84.0,322.0,0.62642,1.6721729560858403,Medium,Base
0 days 10:49:00,93.76,84.0,322.0,0.62642,1.6721729560858403,Medium,Base
0 days 10:50:00,93.76,84.0,323.0,0.62687,1.6744937628536956,Medium,Base
0 days 10:51:00,93.76,84.0,323.0,0.62687,1.6744937628536956,Medium,Base
0 days 10:52:00,93.88,84.0,323.0,0.6271100000000001,1.6749273869500618,Medium,Base
0 days 10:53:00,93.76,84.0,323.0,0.62687,1.6744937628536956,Medium,Base
0 days 10:54:00,93.76,84.0,323.0,0.62687,1.6744937628536956,Medium,Base
0 days 10:55:00,93.76,84.0,323.0,0.62687,1.6744937628536956,Medium,Base
0 days 10:56:00,93.76,84.0,323.0,0.62687,1.6744937628536956,Medium,Base
0 days 10:57:00,93.88,71.0,324.0,0.58206,1.5850786318642474,Medium,Base
0 days 10:58:00,93.88,71.0,324.0,0.58206,1.5850786318642474,Medium,Base
0 days 10:59:00,93.88,71.0,324.0,0.58206,1.5850786318642474,Medium,Base
0 days 11:00:00,93.76,71.0,325.0,0.5822700000000001,1.5868676279483036,Medium,Base
0 days 11:01:00,93.88,71.0,325.0,0.58251,1.5872785605277415,Medium,Base
0 days 11:02:00,93.88,71.0,325.0,0.58251,1.5872785605277415,Medium,Base
0 days 11:03:00,93.88,71.0,325.0,0.58251,1.5872785605277415,Medium,Base
0 days 11:04:00,93.76,71.0,326.0,0.58272,1.58907003955724,Medium,Base
0 days 11:05:00,93.88,71.0,326.0,0.58296,1.5894815424694941,Medium,Base
0 days 11:06:00,93.88,78.0,327.0,0.60791,1.640875832982583,Medium,Base
0 days 11:07:00,93.88,78.0,327.0,0.60791,1.640875832982583,Medium,Base
0 days 11:08:00,93.88,78.0,327.0,0.60791,1.640875832982583,Medium,Base
0 days 11:09:00,93.88,78.0,326.0,0.60746,1.6386016198305997,Medium,Base
0 days 11:10:00,93.88,78.0,326.0,0.60746,1.6386016198305997,Medium,Base
0 days 11:11:00,93.88,78.0,326.0,0.60746,1.6386016198305997,Medium,Base
0 days 11:12:00,93.88,78.0,326.0,0.60746,1.6386016198305997,Medium,Base
0 days 11:13:00,93.88,78.0,327.0,0.60791,1.640875832982583,Medium,Base
0 days 11:14:00,93.88,78.0,327.0,0.60791,1.640875832982583,Medium,Base
0 days 11:15:00,93.88,86.0,328.0,0.63636,1.701312991716646,Medium,Base
0 days 11:16:00,93.88,86.0,328.0,0.63636,1.701312991716646,Medium,Base
0 days 11:17:00,93.88,86.0,328.0,0.63636,1.701312991716646,Medium,Base
0 days 11:18:00,93.88,86.0,329.0,0.63681,1.7036742419037427,Medium,Base
0 days 11:19:00,93.99,86.0,329.0,0.63703,1.7040786531127914,Medium,Base
0 days 11:20:00,93.88,86.0,328.0,0.63636,1.701312991716646,Medium,Base
0 days 11:21:00,93.88,86.0,327.0,0.63591,1.6989550141636647,Medium,Base
0 days 11:22:00,93.99,86.0,327.0,0.63613,1.6993583051417742,Medium,Base
0 days 11:23:00,93.99,86.0,326.0,0.63568,1.6970030367358397,Medium,Base
0 days 11:24:00,93.88,81.0,326.0,0.61796,1.6601150630237549,Medium,Base
0 days 11:25:00,93.88,81.0,326.0,0.61796,1.6601150630237549,Medium,Base
0 days 11:26:00,93.88,81.0,325.0,0.61751,1.6578141847767571,Medium,Base
0 days 11:27:00,93.88,81.0,325.0,0.61751,1.6578141847767571,Medium,Base
0 days 11:28:00,93.99,81.0,326.0,0.61818,1.6605091343334482,Medium,Base
0 days 11:29:00,93.99,81.0,327.0,0.61863,1.6628137528975868,Medium,Base
0 days 11:30:00,93.88,81.0,327.0,0.61841,1.662419134656813,Medium,Base
0 days 11:31:00,93.99,81.0,328.0,0.61908,1.6651215700389672,Medium,Base
0 days 11:32:00,93.99,81.0,329.0,0.61953,1.66743259019689,Medium,Base
0 days 11:33:00,93.88,81.0,329.0,0.61931,1.6670368758156455,Medium,Base
0 days 11:34:00,93.99,76.0,329.0,0.60203,1.6315745976701008,Medium,Base
0 days 11:35:00,93.99,76.0,330.0,0.60248,1.6338390580267599,Medium,Base
0 days 11:36:00,93.99,76.0,330.0,0.60248,1.6338390580267599,Medium,Base
0 days 11:37:00,93.99,76.0,330.0,0.60248,1.6338390580267599,Medium,Base
0 days 11:38:00,93.99,76.0,331.0,0.60293,1.6361066612251338,Medium,Base
0 days 11:39:00,93.99,76.0,331.0,0.60293,1.6361066612251338,Medium,Base
0 days 11:40:00,93.99,76.0,331.0,0.60293,1.6361066612251338,Medium,Base
0 days 11:41:00,93.99,76.0,330.0,0.60248,1.6338390580267599,Medium,Base
0 days 11:42:00,93.99,76.0,331.0,0.60293,1.6361066612251338,Medium,Base
0 days 11:43:00,93.99,76.0,331.0,0.60293,1.6361066612251338,Medium,Base
0 days 11:44:00,93.99,69.0,332.0,0.57888,1.5892640553166006,Medium,Base
0 days 11:45:00,93.99,69.0,332.0,0.57888,1.5892640553166006,Medium,Base
0 days 11:46:00,93.99,69.0,332.0,0.57888,1.5892640553166006,Medium,Base
0 days 11:47:00,93.99,69.0,332.0,0.57888,1.5892640553166006,Medium,Base
0 days 11:48:00,93.99,69.0,331.0,0.57843,1.5870613748066407,Medium,Base
0 days 11:49:00,93.99,69.0,331.0,0.57843,1.5870613748066407,Medium,Base
0 days 11:50:00,93.99,69.0,332.0,0.57888,1.5892640553166006,Medium,Base
0 days 11:51:00,93.99,69.0,333.0,0.57933,1.5914697929241035,Medium,Base
0 days 11:52:00,93.99,69.0,333.0,0.57933,1.5914697929241035,Medium,Base
0 days 11:53:00,93.99,69.0,333.0,0.57933,1.5914697929241035,Medium,Base
0 days 00:00:00,88.7,66.0,346.0,0.5641,1.5812729481094023,Low,After_Lunch
0 days 00:01:00,88.7,66.0,346.0,0.5641,1.5812729481094023,Low,After_Lunch
0 days 00:02:00,88.7,66.0,346.0,0.5641,1.5812729481094023,Low,After_Lunch
0 days 00:03:00,88.81,66.0,346.0,0.5643199999999999,1.5816483042009908,Low,After_Lunch
0 days 00:04:00,88.81,66.0,346.0,0.5643199999999999,1.5816483042009908,Low,After_Lunch
0 days 00:05:00,88.81,66.0,347.0,0.56477,1.5838434719169838,Low,After_Lunch
0 days 00:06:00,88.93,66.0,347.0,0.56501,1.584253621366048,Low,After_Lunch
0 days 00:07:00,88.93,66.0,347.0,0.56501,1.584253621366048,Low,After_Lunch
0 days 00:08:00,89.04,66.0,348.0,0.56568,1.5868289905683337,Low,After_Lunch
0 days 00:09:00,89.04,66.0,348.0,0.56568,1.5868289905683337,Low,After_Lunch
0 days 00:10:00,89.04,79.0,347.0,0.61073,1.6767769631613145,Low,After_Lunch
0 days 00:11:00,89.15,79.0,347.0,0.61095,1.6771749896045736,Low,After_Lunch
0 days 00:12:00,89.15,79.0,348.0,0.6113999999999999,1.6795027386885337,Low,After_Lunch
0 days 00:13:00,89.15,79.0,348.0,0.6113999999999999,1.6795027386885337,Low,After_Lunch
0 days 00:14:00,89.15,79.0,348.0,0.6113999999999999,1.6795027386885337,Low,After_Lunch
0 days 00:15:00,89.26,79.0,349.0,0.61207,1.6822329452476599,Low,After_Lunch
0 days 00:16:00,89.26,79.0,349.0,0.61207,1.6822329452476599,Low,After_Lunch
0 days 00:17:00,89.38,96.0,349.0,0.67181,1.8117537771358436,High,After_Lunch
0 days 00:18:00,89.38,96.0,349.0,0.67181,1.8117537771358436,High,After_Lunch
0 days 00:19:00,89.38,96.0,350.0,0.67226,1.8142683079517865,High,After_Lunch
0 days 00:20:00,89.38,96.0,350.0,0.67226,1.8142683079517865,High,After_Lunch
0 days 00:21:00,89.49,96.0,350.0,0.67248,1.8146989715269646,High,After_Lunch
0 days 00:22:00,89.49,96.0,350.0,0.67248,1.8146989715269646,High,After_Lunch
0 days 00:23:00,89.49,96.0,351.0,0.67293,1.8172175899745429,High,After_Lunch
0 days 00:24:00,89.6,96.0,351.0,0.67315,1.8176489536382001,High,After_Lunch
0 days 00:25:00,89.6,96.0,351.0,0.67315,1.8176489536382001,High,After_Lunch
0 days 00:26:00,89.6,96.0,352.0,0.6736,1.8201716663622851,High,After_Lunch
0 days 00:27:00,89.6,96.0,352.0,0.6736,1.8201716663622851,High,After_Lunch
0 days 00:28:00,89.71,71.0,352.0,0.58632,1.6330845716827096,Low,After_Lunch
0 days 00:29:00,89.71,71.0,352.0,0.58632,1.6330845716827096,Low,After_Lunch
0 days 00:30:00,89.71,71.0,352.0,0.58632,1.6330845716827096,Low,After_Lunch
0 days 00:31:00,89.82,71.0,352.0,0.58654,1.6334722266051525,Low,After_Lunch
0 days 00:32:00,89.82,71.0,353.0,0.58699,1.6357393206786521,Low,After_Lunch
0 days 00:33:00,89.94,71.0,353.0,0.58723,1.6361629089896719,Low,After_Lunch
0 days 00:34:00,89.94,71.0,353.0,0.58723,1.6361629089896719,Low,After_Lunch
0 days 00:35:00,89.94,71.0,354.0,0.58768,1.6384337374579094,Low,After_Lunch
0 days 00:36:00,89.94,90.0,354.0,0.65418,1.7795328687447873,Medium,After_Lunch
0 days 00:37:00,90.05,90.0,354.0,0.6544,1.7799552869637696,Medium,After_Lunch
0 days 00:38:00,90.05,90.0,355.0,0.65485,1.7824256846947162,Medium,After_Lunch
0 days 00:39:00,90.05,90.0,355.0,0.65485,1.7824256846947162,Medium,After_Lunch
0 days 00:40:00,90.05,90.0,355.0,0.65485,1.7824256846947162,Medium,After_Lunch
0 days 00:41:00,90.16,90.0,356.0,0.65552,1.7853232032181503,Medium,After_Lunch
0 days 00:42:00,90.16,90.0,356.0,0.65552,1.7853232032181503,Medium,After_Lunch
0 days 00:43:00,90.27,90.0,356.0,0.65574,1.7857469959229981,Medium,After_Lunch
0 days 00:44:00,90.27,90.0,356.0,0.65574,1.7857469959229981,Medium,After_Lunch
0 days 00:45:00,90.27,90.0,357.0,0.65619,1.7882254319596127,Medium,After_Lunch
0 days 00:46:00,90.39,90.0,357.0,0.6564300000000001,1.78868850781826,Medium,After_Lunch
0 days 00:47:00,90.39,90.0,356.0,0.65598,1.7862094299700062,Medium,After_Lunch
0 days 00:48:00,90.39,90.0,356.0,0.65598,1.7862094299700062,Medium,After_Lunch
0 days 00:49:00,90.5,90.0,355.0,0.65575,1.7841572034780728,Medium,After_Lunch
0 days 00:50:00,90.5,90.0,353.0,0.65485,1.779215035568141,Medium,After_Lunch
0 days 00:51:00,90.61,90.0,353.0,0.65507,1.7796373783411865,Medium,After_Lunch
0 days 00:52:00,90.61,90.0,353.0,0.65507,1.7796373783411865,Medium,After_Lunch
0 days 00:53:00,90.61,83.0,354.0,0.63102,1.7286854114863435,Medium,After_Lunch
0 days 00:54:00,90.72,83.0,354.0,0.63124,1.7290957597443195,Medium,After_Lunch
0 days 00:55:00,90.72,83.0,354.0,0.63124,1.7290957597443195,Medium,After_Lunch
0 days 00:56:00,90.72,83.0,354.0,0.63124,1.7290957597443195,Medium,After_Lunch
0 days 00:57:00,90.72,83.0,354.0,0.63124,1.7290957597443195,Medium,After_Lunch
0 days 00:58:00,90.84,83.0,354.0,0.63148,1.7295435234822223,Medium,After_Lunch
0 days 00:59:00,90.84,83.0,354.0,0.63148,1.7295435234822223,Medium,After_Lunch
0 days 01:00:00,90.95,83.0,354.0,0.6316999999999999,1.729954075435307,Medium,After_Lunch
0 days 01:01:00,90.95,83.0,354.0,0.6316999999999999,1.729954075435307,Medium,After_Lunch
0 days 01:02:00,90.95,86.0,354.0,0.6422,1.7526668985390048,Medium,After_Lunch
0 days 01:03:00,91.06,86.0,354.0,0.64242,1.7530829394240897,Medium,After_Lunch
0 days 01:04:00,91.06,86.0,354.0,0.64242,1.7530829394240897,Medium,After_Lunch
0 days 01:05:00,91.06,86.0,354.0,0.64242,1.7530829394240897,Medium,After_Lunch
0 days 01:06:00,91.18,86.0,355.0,0.6431100000000001,1.7559706465469178,Medium,After_Lunch
0 days 01:07:00,91.18,86.0,355.0,0.6431100000000001,1.7559706465469178,Medium,After_Lunch
0 days 01:08:00,91.18,86.0,355.0,0.6431100000000001,1.7559706465469178,Medium,After_Lunch
0 days 01:09:00,91.29,86.0,355.0,0.64333,1.7563874716621641,Medium,After_Lunch
0 days 01:10:00,91.29,86.0,355.0,0.64333,1.7563874716621641,Medium,After_Lunch
0 days 01:11:00,91.4,86.0,354.0,0.6431,1.754369508460892,Medium,After_Lunch
0 days 01:12:00,91.4,74.0,354.0,0.6011,1.6651824663897101,Low,After_Lunch
0 days 01:13:00,91.4,74.0,355.0,0.60155,1.6674935710656027,Low,After_Lunch
0 days 01:14:00,91.4,74.0,355.0,0.60155,1.6674935710656027,Low,After_Lunch
0 days 01:15:00,91.4,74.0,355.0,0.60155,1.6674935710656027,Low,After_Lunch
0 days 01:16:00,91.4,74.0,355.0,0.60155,1.6674935710656027,Low,After_Lunch
0 days 01:17:00,91.51,74.0,356.0,0.60222,1.6702042554724523,Low,After_Lunch
0 days 01:18:00,91.51,74.0,356.0,0.60222,1.6702042554724523,Low,After_Lunch
0 days 01:19:00,91.51,74.0,356.0,0.60222,1.6702042554724523,Low,After_Lunch
0 days 01:20:00,91.51,74.0,356.0,0.60222,1.6702042554724523,Low,After_Lunch
0 days 01:21:00,91.63,80.0,356.0,0.62346,1.7147928187986494,Medium,After_Lunch
0 days 01:22:00,91.63,80.0,356.0,0.62346,1.7147928187986494,Medium,After_Lunch
0 days 01:23:00,91.63,80.0,356.0,0.62346,1.7147928187986494,Medium,After_Lunch
0 days 01:24:00,91.63,80.0,356.0,0.62346,1.7147928187986494,Medium,After_Lunch
0 days 01:25:00,91.63,80.0,356.0,0.62346,1.7147928187986494,Medium,After_Lunch
0 days 01:26:00,91.63,80.0,356.0,0.62346,1.7147928187986494,Medium,After_Lunch
0 days 01:27:00,91.74,80.0,357.0,0.62413,1.7175803930571367,Medium,After_Lunch
0 days 01:28:00,91.74,80.0,357.0,0.62413,1.7175803930571367,Medium,After_Lunch
0 days 01:29:00,91.74,98.0,357.0,0.6871299999999999,1.8574021145868365,High,After_Lunch
0 days 01:30:00,91.74,98.0,357.0,0.6871299999999999,1.8574021145868365,High,After_Lunch
0 days 01:31:00,91.74,98.0,357.0,0.6871299999999999,1.8574021145868365,High,After_Lunch
0 days 01:32:00,91.74,98.0,357.0,0.6871299999999999,1.8574021145868365,High,After_Lunch
0 days 01:33:00,91.74,98.0,356.0,0.68668,1.8548278013861614,High,After_Lunch
0 days 01:34:00,91.85,98.0,355.0,0.68645,1.8526967373081697,High,After_Lunch
0 days 01:35:00,91.85,98.0,355.0,0.68645,1.8526967373081697,High,After_Lunch
0 days 01:36:00,91.85,98.0,355.0,0.68645,1.8526967373081697,High,After_Lunch
0 days 01:37:00,91.85,98.0,356.0,0.6869,1.8552680928076586,High,After_Lunch
0 days 01:38:00,91.85,80.0,357.0,0.62435,1.7179881052513517,Medium,After_Lunch
0 days 01:39:00,91.85,80.0,357.0,0.62435,1.7179881052513517,Medium,After_Lunch
0 days 01:40:00,91.85,80.0,357.0,0.62435,1.7179881052513517,Medium,After_Lunch
0 days 01:41:00,91.96,80.0,357.0,0.62457,1.7183959142266165,Medium,After_Lunch
0 days 01:42:00,91.96,80.0,357.0,0.62457,1.7183959142266165,Medium,After_Lunch
0 days 01:43:00,91.96,80.0,358.0,0.6250199999999999,1.7207808737806372,Medium,After_Lunch
0 days 01:44:00,91.96,80.0,358.0,0.6250199999999999,1.7207808737806372,Medium,After_Lunch
0 days 01:45:00,91.96,80.0,358.0,0.6250199999999999,1.7207808737806372,Medium,After_Lunch
0 days 01:46:00,91.96,80.0,358.0,0.6250199999999999,1.7207808737806372,Medium,After_Lunch
0 days 01:47:00,92.07,80.0,358.0,0.6252399999999999,1.7211893456918492,Medium,After_Lunch
0 days 01:48:00,91.96,80.0,358.0,0.6250199999999999,1.7207808737806372,Medium,After_Lunch
0 days 01:49:00,92.07,69.0,358.0,0.5867399999999999,1.6408076718237294,Low,After_Lunch
0 days 01:50:00,92.07,69.0,358.0,0.5867399999999999,1.6408076718237294,Low,After_Lunch
0 days 01:51:00,92.07,69.0,359.0,0.58719,1.6430849467525326,Low,After_Lunch
0 days 01:52:00,92.19,69.0,359.0,0.5874299999999999,1.6435104372745604,Low,After_Lunch
0 days 01:53:00,92.19,69.0,359.0,0.5874299999999999,1.6435104372745604,Low,After_Lunch
0 days 01:54:00,92.19,69.0,359.0,0.5874299999999999,1.6435104372745604,Low,After_Lunch
0 days 01:55:00,92.19,69.0,359.0,0.5874299999999999,1.6435104372745604,Low,After_Lunch
0 days 01:56:00,92.19,69.0,359.0,0.5874299999999999,1.6435104372745604,Low,After_Lunch
0 days 01:57:00,92.19,88.0,359.0,0.65393,1.7850467653290323,Medium,After_Lunch
0 days 01:58:00,92.3,88.0,360.0,0.6546,1.787948544691925,Medium,After_Lunch
0 days 01:59:00,92.3,88.0,360.0,0.6546,1.787948544691925,Medium,After_Lunch
0 days 02:00:00,92.3,88.0,359.0,0.65415,1.785470492414187,Medium,After_Lunch
0 days 02:01:00,92.3,88.0,357.0,0.65325,1.7805246866552902,Medium,After_Lunch
0 days 02:02:00,92.3,88.0,355.0,0.65235,1.775592580923758,Medium,After_Lunch
0 days 02:03:00,92.3,88.0,354.0,0.6518999999999999,1.773131653704932,Medium,After_Lunch
0 days 02:04:00,92.3,88.0,354.0,0.6518999999999999,1.773131653704932,Medium,After_Lunch
0 days 02:05:00,92.41,88.0,354.0,0.65212,1.773552552429723,Medium,After_Lunch
0 days 02:06:00,92.41,84.0,354.0,0.63812,1.742974290831714,Medium,After_Lunch
0 days 02:07:00,92.41,84.0,354.0,0.63812,1.742974290831714,Medium,After_Lunch
0 days 02:08:00,92.41,84.0,354.0,0.63812,1.742974290831714,Medium,After_Lunch
0 days 02:09:00,92.41,84.0,355.0,0.63857,1.7453933626840827,Medium,After_Lunch
0 days 02:10:00,92.41,84.0,355.0,0.63857,1.7453933626840827,Medium,After_Lunch
0 days 02:11:00,92.41,84.0,355.0,0.63857,1.7453933626840827,Medium,After_Lunch
0 days 02:12:00,92.52,84.0,355.0,0.63879,1.745807677007037,Medium,After_Lunch
0 days 02:13:00,92.52,84.0,355.0,0.63879,1.745807677007037,Medium,After_Lunch
0 days 02:16:00,92.64,84.0,356.0,0.63948,1.7486834001976568,Medium,After_Lunch
0 days 02:17:00,92.64,84.0,356.0,0.63948,1.7486834001976568,Medium,After_Lunch
0 days 02:18:00,92.64,84.0,356.0,0.63948,1.7486834001976568,Medium,After_Lunch
0 days 02:19:00,92.64,84.0,356.0,0.63948,1.7486834001976568,Medium,After_Lunch
0 days 02:20:00,92.75,84.0,357.0,0.64015,1.7515260671246442,Medium,After_Lunch
0 days 02:21:00,92.75,92.0,357.0,0.66815,1.813521739040302,High,After_Lunch
0 days 02:22:00,92.75,92.0,357.0,0.66815,1.813521739040302,High,After_Lunch
0 days 02:23:00,92.86,92.0,357.0,0.66837,1.813952225398012,High,After_Lunch
0 days 02:24:00,92.86,92.0,357.0,0.66837,1.813952225398012,High,After_Lunch
0 days 02:25:00,92.86,92.0,357.0,0.66837,1.813952225398012,High,After_Lunch
0 days 02:26:00,92.86,92.0,358.0,0.66882,1.8164698074375658,High,After_Lunch
0 days 02:27:00,92.97,92.0,358.0,0.66904,1.8169009935956693,High,After_Lunch
0 days 02:28:00,92.97,92.0,358.0,0.66904,1.8169009935956693,High,After_Lunch
0 days 02:29:00,92.97,92.0,358.0,0.66904,1.8169009935956693,High,After_Lunch
0 days 02:30:00,92.97,92.0,358.0,0.66904,1.8169009935956693,High,After_Lunch
0 days 02:31:00,93.09,73.0,358.0,0.60278,1.673272139884058,Low,After_Lunch
0 days 02:32:00,93.09,73.0,358.0,0.60278,1.673272139884058,Low,After_Lunch
0 days 02:33:00,93.09,73.0,359.0,0.60323,1.6755944722077407,Low,After_Lunch
0 days 02:34:00,93.09,73.0,359.0,0.60323,1.6755944722077407,Low,After_Lunch
0 days 02:35:00,93.2,73.0,359.0,0.60345,1.6759922179561435,Low,After_Lunch
0 days 02:36:00,93.2,73.0,360.0,0.6039,1.6783183254728025,Low,After_Lunch
0 days 02:37:00,93.2,73.0,360.0,0.6039,1.6783183254728025,Low,After_Lunch
0 days 02:38:00,93.2,73.0,360.0,0.6039,1.6783183254728025,Low,After_Lunch
0 days 02:39:00,93.2,90.0,360.0,0.6634,1.8070698017148024,Medium,After_Lunch
0 days 02:40:00,93.31,90.0,360.0,0.66362,1.8074987565380731,Medium,After_Lunch
0 days 02:41:00,93.31,90.0,361.0,0.66407,1.810007381816216,High,After_Lunch
0 days 02:42:00,93.31,90.0,361.0,0.66407,1.810007381816216,High,After_Lunch
0 days 02:43:00,93.31,90.0,361.0,0.66407,1.810007381816216,High,After_Lunch
0 days 02:44:00,93.31,90.0,361.0,0.66407,1.810007381816216,High,After_Lunch
0 days 02:45:00,93.31,90.0,361.0,0.66407,1.810007381816216,High,After_Lunch
0 days 02:46:00,93.43,90.0,361.0,0.6643100000000001,1.8104760982920654,High,After_Lunch
0 days 02:47:00,93.31,90.0,361.0,0.66407,1.810007381816216,High,After_Lunch
0 days 02:48:00,93.43,82.0,361.0,0.63631,1.748584542329658,Medium,After_Lunch
0 days 02:49:00,93.43,82.0,362.0,0.63676,1.7510114006431095,Medium,After_Lunch
0 days 02:50:00,93.43,82.0,362.0,0.63676,1.7510114006431095,Medium,After_Lunch
0 days 02:51:00,93.43,82.0,362.0,0.63676,1.7510114006431095,Medium,After_Lunch
0 days 02:52:00,93.54,82.0,363.0,0.6374299999999999,1.7538578519771948,Medium,After_Lunch
0 days 02:53:00,93.54,82.0,363.0,0.6374299999999999,1.7538578519771948,Medium,After_Lunch
0 days 02:54:00,93.54,82.0,363.0,0.6374299999999999,1.7538578519771948,Medium,After_Lunch
0 days 02:55:00,93.54,82.0,363.0,0.6374299999999999,1.7538578519771948,Medium,After_Lunch
0 days 02:56:00,93.54,82.0,363.0,0.6374299999999999,1.7538578519771948,Medium,After_Lunch
0 days 02:57:00,93.54,82.0,364.0,0.63788,1.7562920291105533,Medium,After_Lunch
0 days 02:58:00,93.54,82.0,364.0,0.63788,1.7562920291105533,Medium,After_Lunch
0 days 02:59:00,93.54,82.0,364.0,0.63788,1.7562920291105533,Medium,After_Lunch
0 days 03:00:00,93.54,82.0,364.0,0.63788,1.7562920291105533,Medium,After_Lunch
0 days 03:01:00,93.54,82.0,364.0,0.63788,1.7562920291105533,Medium,After_Lunch
0 days 03:02:00,93.54,82.0,364.0,0.63788,1.7562920291105533,Medium,After_Lunch
0 days 03:03:00,93.54,82.0,364.0,0.63788,1.7562920291105533,Medium,After_Lunch
0 days 03:04:00,93.65,82.0,364.0,0.6381,1.7567089305142756,Medium,After_Lunch
0 days 03:05:00,93.65,82.0,364.0,0.6381,1.7567089305142756,Medium,After_Lunch
0 days 03:06:00,93.65,82.0,364.0,0.6381,1.7567089305142756,Medium,After_Lunch
0 days 03:07:00,93.65,78.0,365.0,0.6245499999999999,1.728817171663125,Medium,After_Lunch
0 days 03:08:00,93.65,78.0,365.0,0.6245499999999999,1.728817171663125,Medium,After_Lunch
0 days 03:09:00,93.65,78.0,365.0,0.6245499999999999,1.728817171663125,Medium,After_Lunch
0 days 03:10:00,93.76,78.0,365.0,0.62477,1.729227551197792,Medium,After_Lunch
0 days 03:11:00,93.76,78.0,365.0,0.62477,1.729227551197792,Medium,After_Lunch
0 days 03:12:00,93.76,78.0,365.0,0.62477,1.729227551197792,Medium,After_Lunch
0 days 03:13:00,93.76,78.0,366.0,0.62522,1.731627543967305,Medium,After_Lunch
0 days 03:14:00,93.76,78.0,366.0,0.62522,1.731627543967305,Medium,After_Lunch
0 days 03:15:00,93.76,78.0,366.0,0.62522,1.731627543967305,Medium,After_Lunch
0 days 03:16:00,93.88,77.0,366.0,0.62196,1.7245614138672185,Medium,After_Lunch
0 days 03:17:00,93.88,77.0,366.0,0.62196,1.7245614138672185,Medium,After_Lunch
0 days 03:18:00,93.88,77.0,366.0,0.62196,1.7245614138672185,Medium,After_Lunch
0 days 03:19:00,93.88,77.0,366.0,0.62196,1.7245614138672185,Medium,After_Lunch
0 days 03:20:00,93.88,77.0,366.0,0.62196,1.7245614138672185,Medium,After_Lunch
0 days 03:21:00,93.88,77.0,366.0,0.62196,1.7245614138672185,Medium,After_Lunch
0 days 03:22:00,93.88,77.0,366.0,0.62196,1.7245614138672185,Medium,After_Lunch
0 days 03:23:00,93.88,77.0,366.0,0.62196,1.7245614138672185,Medium,After_Lunch
0 days 03:24:00,93.88,77.0,366.0,0.62196,1.7245614138672185,Medium,After_Lunch
0 days 03:25:00,93.88,82.0,366.0,0.63946,1.7624630276694597,Medium,After_Lunch
0 days 03:26:00,93.99,82.0,366.0,0.63968,1.7628813939195283,Medium,After_Lunch
0 days 03:29:00,93.99,82.0,366.0,0.63968,1.7628813939195283,Medium,After_Lunch
0 days 03:30:00,93.99,82.0,366.0,0.63968,1.7628813939195283,Medium,After_Lunch
0 days 03:31:00,93.99,82.0,366.0,0.63968,1.7628813939195283,Medium,After_Lunch
0 days 03:32:00,93.99,82.0,366.0,0.63968,1.7628813939195283,Medium,After_Lunch
0 days 03:33:00,93.99,82.0,366.0,0.63968,1.7628813939195283,Medium,After_Lunch
0 days 03:34:00,93.99,82.0,366.0,0.63968,1.7628813939195283,Medium,After_Lunch
0 days 03:35:00,93.99,80.0,366.0,0.63268,1.7476181799097508,Medium,After_Lunch
0 days 03:36:00,93.99,80.0,366.0,0.63268,1.7476181799097508,Medium,After_Lunch
0 days 03:37:00,94.1,80.0,367.0,0.63335,1.7504591152102575,Medium,After_Lunch
0 days 03:38:00,94.1,80.0,367.0,0.63335,1.7504591152102575,Medium,After_Lunch
0 days 03:39:00,94.1,80.0,367.0,0.63335,1.7504591152102575,Medium,After_Lunch
0 days 03:40:00,94.1,80.0,367.0,0.63335,1.7504591152102575,Medium,After_Lunch
0 days 03:41:00,94.1,80.0,367.0,0.63335,1.7504591152102575,Medium,After_Lunch
0 days 03:42:00,94.1,80.0,367.0,0.63335,1.7504591152102575,Medium,After_Lunch
0 days 03:43:00,94.1,80.0,367.0,0.63335,1.7504591152102575,Medium,After_Lunch
0 days 03:44:00,94.1,81.0,367.0,0.63685,1.7580865105011478,Medium,After_Lunch
0 days 03:45:00,94.1,81.0,367.0,0.63685,1.7580865105011478,Medium,After_Lunch
0 days 03:46:00,94.1,81.0,367.0,0.63685,1.7580865105011478,Medium,After_Lunch
0 days 03:47:00,94.1,81.0,368.0,0.6373,1.760526556584417,Medium,After_Lunch
0 days 03:48:00,94.1,81.0,369.0,0.63775,1.7629699892046131,Medium,After_Lunch
0 days 03:49:00,94.21,81.0,368.0,0.63752,1.760944463162916,Medium,After_Lunch
0 days 03:50:00,94.1,81.0,367.0,0.63685,1.7580865105011478,Medium,After_Lunch
0 days 03:51:00,94.1,81.0,366.0,0.6364,1.7556498462611496,Medium,After_Lunch
0 days 03:52:00,94.1,81.0,366.0,0.6364,1.7556498462611496,Medium,After_Lunch
0 days 03:53:00,94.1,81.0,366.0,0.6364,1.7556498462611496,Medium,After_Lunch
0 days 03:54:00,94.1,81.0,367.0,0.63685,1.7580865105011478,Medium,After_Lunch
0 days 03:55:00,94.21,81.0,367.0,0.63707,1.7585038378715077,Medium,After_Lunch
0 days 03:56:00,94.21,64.0,366.0,0.57712,1.6309490340228716,Low,After_Lunch
0 days 03:57:00,94.21,64.0,365.0,0.57667,1.6286885791677062,Low,After_Lunch
0 days 03:58:00,94.21,64.0,365.0,0.57667,1.6286885791677062,Low,After_Lunch
0 days 03:59:00,94.21,64.0,365.0,0.57667,1.6286885791677062,Low,After_Lunch
0 days 04:00:00,94.21,64.0,365.0,0.57667,1.6286885791677062,Low,After_Lunch
0 days 04:01:00,94.21,64.0,365.0,0.57667,1.6286885791677062,Low,After_Lunch
0 days 04:02:00,94.21,64.0,364.0,0.57622,1.6264312572468294,Low,After_Lunch
0 days 04:03:00,94.21,64.0,364.0,0.57622,1.6264312572468294,Low,After_Lunch
0 days 04:04:00,94.21,91.0,364.0,0.67072,1.829022318220089,High,After_Lunch
0 days 04:05:00,94.21,91.0,364.0,0.67072,1.829022318220089,High,After_Lunch
0 days 04:06:00,94.21,91.0,364.0,0.67072,1.829022318220089,High,After_Lunch
0 days 04:07:00,94.21,91.0,364.0,0.67072,1.829022318220089,High,After_Lunch
0 days 04:08:00,94.21,91.0,364.0,0.67072,1.829022318220089,High,After_Lunch
0 days 04:09:00,94.32,91.0,364.0,0.67094,1.8294564840417558,High,After_Lunch
0 days 04:10:00,94.32,91.0,364.0,0.67094,1.8294564840417558,High,After_Lunch
0 days 04:11:00,94.32,91.0,364.0,0.67094,1.8294564840417558,High,After_Lunch
0 days 04:12:00,94.32,91.0,364.0,0.67094,1.8294564840417558,High,After_Lunch
0 days 04:13:00,94.32,82.0,364.0,0.63944,1.7592503770212564,Medium,After_Lunch
0 days 04:14:00,94.32,82.0,364.0,0.63944,1.7592503770212564,Medium,After_Lunch
0 days 04:15:00,94.32,82.0,364.0,0.63944,1.7592503770212564,Medium,After_Lunch
0 days 04:16:00,94.32,82.0,364.0,0.63944,1.7592503770212564,Medium,After_Lunch
0 days 04:17:00,94.32,82.0,364.0,0.63944,1.7592503770212564,Medium,After_Lunch
0 days 04:18:00,94.32,82.0,364.0,0.63944,1.7592503770212564,Medium,After_Lunch
0 days 04:19:00,94.32,82.0,364.0,0.63944,1.7592503770212564,Medium,After_Lunch
0 days 04:20:00,94.32,82.0,364.0,0.63944,1.7592503770212564,Medium,After_Lunch
0 days 04:21:00,94.32,96.0,364.0,0.6884399999999999,1.869663433222341,High,After_Lunch
0 days 04:22:00,94.32,96.0,364.0,0.6884399999999999,1.869663433222341,High,After_Lunch
0 days 04:23:00,94.32,96.0,364.0,0.6884399999999999,1.869663433222341,High,After_Lunch
0 days 04:24:00,94.32,96.0,364.0,0.6884399999999999,1.869663433222341,High,After_Lunch
0 days 04:25:00,94.32,96.0,365.0,0.68889,1.8722583367780057,High,After_Lunch
0 days 04:26:00,94.44,96.0,365.0,0.68913,1.8727431736567446,High,After_Lunch
0 days 04:27:00,94.32,96.0,365.0,0.68889,1.8722583367780057,High,After_Lunch
0 days 04:28:00,94.44,96.0,365.0,0.68913,1.8727431736567446,High,After_Lunch
0 days 04:29:00,94.32,85.0,365.0,0.65039,1.7848215539508003,Medium,After_Lunch
0 days 04:30:00,94.44,85.0,365.0,0.65063,1.7852837483469073,Medium,After_Lunch
0 days 04:31:00,94.44,85.0,365.0,0.65063,1.7852837483469073,Medium,After_Lunch
0 days 04:32:00,94.32,85.0,365.0,0.65039,1.7848215539508003,Medium,After_Lunch
0 days 04:33:00,94.44,85.0,365.0,0.65063,1.7852837483469073,Medium,After_Lunch
0 days 04:34:00,94.44,85.0,365.0,0.65063,1.7852837483469073,Medium,After_Lunch
0 days 04:35:00,94.44,85.0,365.0,0.65063,1.7852837483469073,Medium,After_Lunch
0 days 04:36:00,94.44,85.0,366.0,0.65108,1.7877615414427863,Medium,After_Lunch
0 days 04:37:00,94.44,85.0,366.0,0.65108,1.7877615414427863,Medium,After_Lunch
0 days 04:38:00,94.44,85.0,366.0,0.65108,1.7877615414427863,Medium,After_Lunch
0 days 04:39:00,94.44,78.0,366.0,0.62658,1.7341701229087576,Medium,After_Lunch
0 days 04:40:00,94.44,78.0,366.0,0.62658,1.7341701229087576,Medium,After_Lunch
0 days 04:41:00,94.44,78.0,366.0,0.62658,1.7341701229087576,Medium,After_Lunch
0 days 04:42:00,94.44,78.0,366.0,0.62658,1.7341701229087576,Medium,After_Lunch
0 days 04:43:00,94.44,78.0,366.0,0.62658,1.7341701229087576,Medium,After_Lunch
0 days 04:44:00,94.44,78.0,366.0,0.62658,1.7341701229087576,Medium,After_Lunch
0 days 04:45:00,94.55,78.0,366.0,0.6268,1.7345817731050521,Medium,After_Lunch
0 days 04:46:00,94.55,78.0,367.0,0.62725,1.736989196992497,Medium,After_Lunch
0 days 04:47:00,94.55,78.0,367.0,0.62725,1.736989196992497,Medium,After_Lunch
0 days 04:48:00,94.55,78.0,367.0,0.62725,1.736989196992497,Medium,After_Lunch
0 days 04:49:00,94.55,78.0,367.0,0.62725,1.736989196992497,Medium,After_Lunch
0 days 04:50:00,94.55,78.0,367.0,0.62725,1.736989196992497,Medium,After_Lunch
0 days 04:51:00,94.55,78.0,367.0,0.62725,1.736989196992497,Medium,After_Lunch
0 days 04:52:00,94.55,78.0,367.0,0.62725,1.736989196992497,Medium,After_Lunch
0 days 04:53:00,94.55,78.0,367.0,0.62725,1.736989196992497,Medium,After_Lunch
0 days 04:54:00,94.55,78.0,367.0,0.62725,1.736989196992497,Medium,After_Lunch
0 days 04:55:00,94.55,78.0,367.0,0.62725,1.736989196992497,Medium,After_Lunch
0 days 04:56:00,94.55,78.0,367.0,0.62725,1.736989196992497,Medium,After_Lunch
0 days 04:57:00,94.55,84.0,367.0,0.64825,1.7828989861962175,Medium,After_Lunch
0 days 04:58:00,94.55,84.0,368.0,0.6487,1.7853734694836711,Medium,After_Lunch
0 days 04:59:00,94.55,84.0,368.0,0.6487,1.7853734694836711,Medium,After_Lunch
0 days 05:00:00,94.66,84.0,368.0,0.64892,1.785797274120519,Medium,After_Lunch
0 days 05:01:00,94.55,84.0,368.0,0.6487,1.7853734694836711,Medium,After_Lunch
0 days 05:02:00,94.66,84.0,368.0,0.64892,1.785797274120519,Medium,After_Lunch
0 days 05:03:00,94.55,84.0,368.0,0.6487,1.7853734694836711,Medium,After_Lunch
0 days 05:04:00,94.55,84.0,368.0,0.6487,1.7853734694836711,Medium,After_Lunch
0 days 05:05:00,94.55,84.0,368.0,0.6487,1.7853734694836711,Medium,After_Lunch
0 days 05:06:00,94.55,82.0,368.0,0.6417,1.7699155166990428,Medium,After_Lunch
0 days 05:07:00,94.55,82.0,368.0,0.6417,1.7699155166990428,Medium,After_Lunch
0 days 05:08:00,94.55,82.0,368.0,0.6417,1.7699155166990428,Medium,After_Lunch
0 days 05:09:00,94.55,82.0,369.0,0.64215,1.772371980245315,Medium,After_Lunch
0 days 05:10:00,94.55,82.0,369.0,0.64215,1.772371980245315,Medium,After_Lunch
0 days 05:11:00,94.55,82.0,369.0,0.64215,1.772371980245315,Medium,After_Lunch
0 days 05:12:00,94.55,82.0,369.0,0.64215,1.772371980245315,Medium,After_Lunch
0 days 05:13:00,94.55,82.0,369.0,0.64215,1.772371980245315,Medium,After_Lunch
0 days 05:14:00,94.55,86.0,369.0,0.65615,1.8034659868213163,Medium,After_Lunch
0 days 05:15:00,94.55,86.0,369.0,0.65615,1.8034659868213163,Medium,After_Lunch
0 days 05:16:00,94.55,86.0,370.0,0.6566000000000001,1.8059690150233803,Medium,After_Lunch
0 days 05:17:00,94.55,86.0,369.0,0.65615,1.8034659868213163,Medium,After_Lunch
0 days 05:18:00,94.55,86.0,369.0,0.65615,1.8034659868213163,Medium,After_Lunch
0 days 05:19:00,94.55,86.0,370.0,0.6566000000000001,1.8059690150233803,Medium,After_Lunch
0 days 05:20:00,94.55,86.0,370.0,0.6566000000000001,1.8059690150233803,Medium,After_Lunch
0 days 05:21:00,94.55,86.0,370.0,0.6566000000000001,1.8059690150233803,Medium,After_Lunch
0 days 05:22:00,94.55,86.0,370.0,0.6566000000000001,1.8059690150233803,Medium,After_Lunch
0 days 05:23:00,94.55,86.0,369.0,0.65615,1.8034659868213163,Medium,After_Lunch
0 days 05:24:00,94.55,76.0,369.0,0.62115,1.726733262273276,Medium,After_Lunch
0 days 05:25:00,94.66,76.0,370.0,0.62182,1.729540246965782,Medium,After_Lunch
0 days 05:26:00,94.55,76.0,370.0,0.6216,1.7291297932222904,Medium,After_Lunch
0 days 05:27:00,94.66,76.0,370.0,0.62182,1.729540246965782,Medium,After_Lunch
0 days 05:28:00,94.66,76.0,370.0,0.62182,1.729540246965782,Medium,After_Lunch
0 days 05:29:00,94.66,76.0,370.0,0.62182,1.729540246965782,Medium,After_Lunch
0 days 05:30:00,94.66,76.0,370.0,0.62182,1.729540246965782,Medium,After_Lunch
0 days 05:31:00,94.66,76.0,370.0,0.62182,1.729540246965782,Medium,After_Lunch
0 days 05:32:00,94.66,76.0,370.0,0.62182,1.729540246965782,Medium,After_Lunch
0 days 05:33:00,94.66,80.0,370.0,0.63582,1.759882825392896,Medium,After_Lunch
0 days 05:34:00,94.66,80.0,370.0,0.63582,1.759882825392896,Medium,After_Lunch
0 days 05:35:00,94.66,80.0,370.0,0.63582,1.759882825392896,Medium,After_Lunch
0 days 05:36:00,94.66,80.0,370.0,0.63582,1.759882825392896,Medium,After_Lunch
0 days 05:37:00,94.77,80.0,370.0,0.63604,1.7603005791651227,Medium,After_Lunch
0 days 05:38:00,94.77,80.0,370.0,0.63604,1.7603005791651227,Medium,After_Lunch
0 days 05:39:00,94.77,80.0,370.0,0.63604,1.7603005791651227,Medium,After_Lunch
0 days 05:40:00,94.77,80.0,370.0,0.63604,1.7603005791651227,Medium,After_Lunch
0 days 05:41:00,94.77,80.0,370.0,0.63604,1.7603005791651227,Medium,After_Lunch
0 days 05:42:00,94.77,80.0,370.0,0.63604,1.7603005791651227,Medium,After_Lunch
0 days 05:43:00,94.77,76.0,370.0,0.62204,1.7299507981411006,Medium,After_Lunch
0 days 05:44:00,94.77,76.0,370.0,0.62204,1.7299507981411006,Medium,After_Lunch
0 days 05:45:00,94.77,76.0,369.0,0.62159,1.7275531292996589,Medium,After_Lunch
0 days 05:46:00,94.77,76.0,369.0,0.62159,1.7275531292996589,Medium,After_Lunch
0 days 05:47:00,94.77,76.0,370.0,0.62204,1.7299507981411006,Medium,After_Lunch
0 days 05:48:00,94.77,76.0,370.0,0.62204,1.7299507981411006,Medium,After_Lunch
0 days 05:49:00,94.77,76.0,370.0,0.62204,1.7299507981411006,Medium,After_Lunch
0 days 05:50:00,94.77,76.0,370.0,0.62204,1.7299507981411006,Medium,After_Lunch
0 days 05:51:00,94.77,84.0,370.0,0.6500400000000001,1.7911828084005021,Medium,After_Lunch
0 days 05:52:00,94.77,84.0,370.0,0.6500400000000001,1.7911828084005021,Medium,After_Lunch
0 days 05:53:00,94.77,84.0,370.0,0.6500400000000001,1.7911828084005021,Medium,After_Lunch
0 days 05:54:00,94.77,84.0,370.0,0.6500400000000001,1.7911828084005021,Medium,After_Lunch
0 days 05:55:00,94.77,84.0,370.0,0.6500400000000001,1.7911828084005021,Medium,After_Lunch
0 days 05:56:00,94.77,84.0,370.0,0.6500400000000001,1.7911828084005021,Medium,After_Lunch
0 days 05:57:00,94.77,84.0,370.0,0.6500400000000001,1.7911828084005021,Medium,After_Lunch
0 days 05:58:00,94.77,84.0,370.0,0.6500400000000001,1.7911828084005021,Medium,After_Lunch
0 days 00:00:00,82.51,82.0,321.0,0.5964700000000001,1.6156979174542017,Medium,Stress_Induced
0 days 00:01:00,82.85,82.0,319.0,0.59625,1.6124048457962843,Medium,Stress_Induced
0 days 00:02:00,83.07,82.0,315.0,0.5948899999999999,1.6042457476833525,Medium,Stress_Induced
0 days 00:03:00,83.3,82.0,310.0,0.5931,1.5939501349933158,Medium,Stress_Induced
0 days 00:04:00,83.41,82.0,306.0,0.5915199999999999,1.5855080600842808,Medium,Stress_Induced
0 days 00:05:00,83.64,82.0,305.0,0.59153,1.584096533848456,Medium,Stress_Induced
0 days 00:06:00,83.75,82.0,304.0,0.5912999999999999,1.5822765205745375,Medium,Stress_Induced
0 days 00:07:00,83.97,97.0,302.0,0.6433399999999999,1.6850310772757842,High,Stress_Induced
0 days 00:08:00,84.09,97.0,299.0,0.64223,1.6784690905962287,High,Stress_Induced
0 days 00:09:00,84.2,97.0,300.0,0.6429,1.6811976168527651,High,Stress_Induced
0 days 00:10:00,84.31,97.0,302.0,0.6440199999999999,1.6862677037703555,High,Stress_Induced
0 days 00:11:00,84.43,97.0,302.0,0.6442599999999999,1.6867043768267145,High,Stress_Induced
0 days 00:12:00,84.54,97.0,302.0,0.6444799999999999,1.6871047597987419,High,Stress_Induced
0 days 00:13:00,84.65,97.0,301.0,0.64425,1.6851663974630418,High,Stress_Induced
0 days 00:14:00,84.76,97.0,296.0,0.64222,1.6739179830679969,High,Stress_Induced
0 days 00:15:00,84.88,97.0,292.0,0.64066,1.6650882999320007,High,Stress_Induced
0 days 00:16:00,84.99,81.0,289.0,0.58353,1.5471093460872398,Medium,Stress_Induced
0 days 00:17:00,85.1,81.0,287.0,0.58285,1.543190036903988,Medium,Stress_Induced
0 days 00:18:00,85.21,81.0,290.0,0.5844199999999999,1.5499921768760139,Medium,Stress_Induced
0 days 00:19:00,85.21,81.0,290.0,0.5844199999999999,1.5499921768760139,Medium,Stress_Induced
0 days 00:20:00,85.32,81.0,287.0,0.58329,1.5439227561110267,Medium,Stress_Induced
0 days 00:21:00,85.44,81.0,286.0,0.5830799999999999,1.5421821750341165,Medium,Stress_Induced
0 days 00:22:00,85.55,81.0,288.0,0.5841999999999999,1.5468330248758018,Medium,Stress_Induced
0 days 00:23:00,85.55,81.0,286.0,0.5832999999999999,1.5425482519182054,Medium,Stress_Induced
0 days 00:24:00,85.66,81.0,285.0,0.58307,1.5407759746395409,Medium,Stress_Induced
0 days 00:25:00,85.77,86.0,288.0,0.60214,1.5815791965829098,Medium,Stress_Induced
0 days 00:26:00,85.89,86.0,289.0,0.60283,1.5841843999127592,Medium,Stress_Induced
0 days 00:27:00,85.89,86.0,289.0,0.60283,1.5841843999127592,Medium,Stress_Induced
0 days 00:28:00,86.0,86.0,289.0,0.60305,1.584560447112844,Medium,Stress_Induced
0 days 00:29:00,86.11,86.0,289.0,0.60327,1.584936583577472,Medium,Stress_Induced
0 days 00:30:00,86.11,86.0,285.0,0.6014700000000001,1.5761681030245662,Medium,Stress_Induced
0 days 00:31:00,86.22,86.0,280.0,0.5994400000000001,1.5656472476326222,Medium,Stress_Induced
0 days 00:32:00,86.34,86.0,278.0,0.5987800000000001,1.561714673036694,Medium,Stress_Induced
0 days 00:33:00,86.34,89.0,281.0,0.61063,1.5888156815832322,Medium,Stress_Induced
0 days 00:34:00,86.45,89.0,284.0,0.6122000000000001,1.5958189322506362,Medium,Stress_Induced
0 days 00:35:00,86.45,89.0,283.0,0.61175,1.5936071668440412,Medium,Stress_Induced
0 days 00:36:00,86.56,89.0,282.0,0.6115200000000001,1.591776226535106,Medium,Stress_Induced
0 days 00:37:00,86.56,89.0,282.0,0.6115200000000001,1.591776226535106,Medium,Stress_Induced
0 days 00:38:00,86.68,89.0,278.0,0.6099600000000001,1.5833798296710515,Medium,Stress_Induced
0 days 00:39:00,86.79,89.0,273.0,0.6079300000000001,1.5728108363089073,Medium,Stress_Induced
0 days 00:40:00,86.9,89.0,274.0,0.6086,1.5753676040727447,Medium,Stress_Induced
0 days 00:41:00,86.9,88.0,276.0,0.6060000000000001,1.5728898794169168,Medium,Stress_Induced
0 days 00:42:00,87.01,88.0,274.0,0.6053200000000001,1.5689052601240185,Medium,Stress_Induced
0 days 00:43:00,87.01,88.0,271.0,0.60397,1.5623909060288355,Medium,Stress_Induced
0 days 00:44:00,87.13,88.0,268.0,0.60286,1.5563065147960073,Medium,Stress_Induced
0 days 00:45:00,87.13,88.0,269.0,0.60331,1.558466510673976,Medium,Stress_Induced
0 days 00:46:00,87.24,88.0,271.0,0.60443,1.5631664701481407,Medium,Stress_Induced
0 days 00:47:00,87.24,88.0,270.0,0.60398,1.5609999602430684,Medium,Stress_Induced
0 days 00:48:00,87.24,88.0,268.0,0.60308,1.5566759444579805,Medium,Stress_Induced
0 days 00:49:00,87.35,92.0,266.0,0.6164000000000001,1.5799731102937384,Medium,Stress_Induced
0 days 00:50:00,87.35,92.0,267.0,0.61685,1.582165953010189,Medium,Stress_Induced
0 days 00:51:00,87.46,92.0,270.0,0.61842,1.5891398927155935,Medium,Stress_Induced
0 days 00:52:00,87.57,92.0,270.0,0.61864,1.58951711623025,Medium,Stress_Induced
0 days 00:53:00,87.57,92.0,267.0,0.61729,1.5829171782998617,Medium,Stress_Induced
0 days 00:54:00,87.57,92.0,264.0,0.61594,1.5763446444032145,Medium,Stress_Induced
0 days 00:55:00,87.69,92.0,264.0,0.6161800000000001,1.5767528519684828,Medium,Stress_Induced
0 days 00:56:00,87.69,92.0,266.0,0.6170800000000001,1.5811326358569453,Medium,Stress_Induced
0 days 00:57:00,87.8,96.0,268.0,0.6322,1.6137235610244132,Medium,Stress_Induced
0 days 00:58:00,87.8,96.0,270.0,0.6331,1.6182060393304987,Medium,Stress_Induced
0 days 00:59:00,87.91,96.0,270.0,0.63332,1.618590162447911,Medium,Stress_Induced
0 days 01:00:00,87.91,96.0,267.0,0.6319699999999999,1.6118695084217196,Medium,Stress_Induced
0 days 01:01:00,87.91,96.0,262.0,0.62972,1.600730372844133,Medium,Stress_Induced
0 days 01:02:00,88.02,96.0,262.0,0.6299399999999999,1.601110347659459,Medium,Stress_Induced
0 days 01:03:00,88.02,96.0,266.0,0.63174,1.6100175859924564,Medium,Stress_Induced
0 days 01:04:00,88.02,96.0,268.0,0.63264,1.614489770123576,Medium,Stress_Induced
0 days 01:05:00,88.14,88.0,266.0,0.60398,1.5553814266328636,Medium,Stress_Induced
0 days 01:06:00,88.14,88.0,263.0,0.60263,1.5489232257308176,Medium,Stress_Induced
0 days 01:07:00,88.25,88.0,265.0,0.60375,1.5535944049571069,Medium,Stress_Induced
0 days 01:08:00,88.25,88.0,267.0,0.60465,1.5579098610766513,Medium,Stress_Induced
0 days 01:09:00,88.36,88.0,266.0,0.60442,1.5561199344111094,Medium,Stress_Induced
0 days 01:10:00,88.36,88.0,264.0,0.6035200000000001,1.5518094364410544,Medium,Stress_Induced
0 days 01:11:00,88.36,88.0,265.0,0.60397,1.5539631908295621,Medium,Stress_Induced
0 days 01:12:00,88.47,88.0,268.0,0.60554,1.5608128171766873,Medium,Stress_Induced
0 days 01:13:00,88.47,95.0,268.0,0.6300399999999999,1.609046938981468,Medium,Stress_Induced
0 days 01:14:00,88.47,95.0,268.0,0.6300399999999999,1.609046938981468,Medium,Stress_Induced
0 days 01:15:00,88.59,95.0,268.0,0.63028,1.6094636150780919,Medium,Stress_Induced
0 days 01:16:00,88.59,95.0,267.0,0.62983,1.607232938479975,Medium,Stress_Induced
0 days 01:17:00,88.7,95.0,266.0,0.6295999999999999,1.6053863431369464,Medium,Stress_Induced
0 days 01:18:00,88.7,95.0,266.0,0.6295999999999999,1.6053863431369464,Medium,Stress_Induced
0 days 01:19:00,88.7,95.0,267.0,0.63005,1.607614456847681,Medium,Stress_Induced
0 days 01:20:00,88.81,95.0,265.0,0.62937,1.6035418693994914,Medium,Stress_Induced
0 days 01:21:00,88.81,92.0,261.0,0.61707,1.5740051111586344,Medium,Stress_Induced
0 days 01:22:00,88.81,92.0,259.0,0.61617,1.5696450707231435,Medium,Stress_Induced
0 days 01:23:00,88.81,92.0,259.0,0.61617,1.5696450707231435,Medium,Stress_Induced
0 days 01:24:00,88.93,92.0,258.0,0.6159600000000001,1.5678754909324761,Medium,Stress_Induced
0 days 01:25:00,88.93,92.0,258.0,0.6159600000000001,1.5678754909324761,Medium,Stress_Induced
0 days 01:26:00,88.93,92.0,259.0,0.61641,1.5700515433780482,Medium,Stress_Induced
0 days 01:27:00,88.93,92.0,258.0,0.6159600000000001,1.5678754909324761,Medium,Stress_Induced
0 days 01:28:00,88.93,99.0,259.0,0.64091,1.6185711714523912,Medium,Stress_Induced
0 days 01:29:00,89.04,99.0,260.0,0.64158,1.6212023274052314,Medium,Stress_Induced
0 days 01:30:00,89.04,99.0,263.0,0.64293,1.6279618944123744,Medium,Stress_Induced
0 days 01:31:00,89.04,99.0,264.0,0.6433800000000001,1.6302213407026709,High,Stress_Induced
0 days 01:32:00,89.04,99.0,262.0,0.6424799999999999,1.6257055796585207,Medium,Stress_Induced
0 days 01:33:00,89.15,99.0,263.0,0.64315,1.6283483333346818,Medium,Stress_Induced
0 days 01:34:00,89.15,99.0,265.0,0.64405,1.632871435218557,High,Stress_Induced
0 days 01:35:00,89.15,99.0,267.0,0.64495,1.6374071010300837,High,Stress_Induced
0 days 01:36:00,89.15,93.0,266.0,0.6235,1.5930327711157188,Medium,Stress_Induced
0 days 01:37:00,89.26,93.0,267.0,0.62417,1.5956224117399427,Medium,Stress_Induced
0 days 01:38:00,89.15,93.0,269.0,0.62485,1.5996748857851235,Medium,Stress_Induced
0 days 01:39:00,89.15,93.0,270.0,0.6253,1.6018950725712966,Medium,Stress_Induced
0 days 01:40:00,89.15,93.0,270.0,0.6253,1.6018950725712966,Medium,Stress_Induced
0 days 01:41:00,89.26,93.0,269.0,0.62507,1.600054610053257,Medium,Stress_Induced
0 days 01:42:00,89.26,93.0,271.0,0.62597,1.6044991197892138,Medium,Stress_Induced
0 days 01:43:00,89.26,93.0,273.0,0.62687,1.6089559751455442,Medium,Stress_Induced
0 days 01:44:00,89.26,93.0,274.0,0.6273200000000001,1.6111890431441078,Medium,Stress_Induced
0 days 01:45:00,89.38,85.0,275.0,0.60001,1.5586734128706745,Medium,Stress_Induced
0 days 01:46:00,89.38,85.0,276.0,0.60046,1.5608366937635396,Medium,Stress_Induced
0 days 01:47:00,89.38,85.0,276.0,0.60046,1.5608366937635396,Medium,Stress_Induced
0 days 01:48:00,89.38,85.0,275.0,0.60001,1.5586734128706745,Medium,Stress_Induced
0 days 01:49:00,89.49,85.0,272.0,0.59888,1.552569998337978,Medium,Stress_Induced
0 days 01:50:00,89.49,85.0,270.0,0.59798,1.5482693337952178,Medium,Stress_Induced
0 days 01:51:00,89.49,85.0,273.0,0.59933,1.5547248083093974,Medium,Stress_Induced
0 days 01:52:00,89.49,85.0,275.0,0.60023,1.559043404377212,Medium,Stress_Induced
0 days 01:53:00,89.49,85.0,276.0,0.60068,1.5612071987808291,Medium,Stress_Induced
0 days 01:54:00,89.6,82.0,277.0,0.59085,1.5434805194363983,Medium,Stress_Induced
0 days 01:55:00,89.6,82.0,278.0,0.5913,1.545622714131345,Medium,Stress_Induced
0 days 01:56:00,89.6,82.0,278.0,0.5913,1.545622714131345,Medium,Stress_Induced
0 days 01:57:00,89.6,82.0,278.0,0.5913,1.545622714131345,Medium,Stress_Induced
0 days 01:58:00,89.6,82.0,279.0,0.59175,1.547767881975647,Medium,Stress_Induced
0 days 01:59:00,89.71,82.0,276.0,0.59062,1.5417071710492363,Medium,Stress_Induced
0 days 02:00:00,89.71,82.0,274.0,0.58972,1.5374365968574455,Medium,Stress_Induced
0 days 02:01:00,89.71,82.0,274.0,0.58972,1.5374365968574455,Medium,Stress_Induced
0 days 02:02:00,89.71,87.0,274.0,0.60722,1.5712256679052858,Medium,Stress_Induced
0 days 02:03:00,89.82,87.0,274.0,0.60744,1.5715986390146781,Medium,Stress_Induced
0 days 02:04:00,89.82,87.0,275.0,0.60789,1.573779858812847,Medium,Stress_Induced
0 days 02:05:00,89.82,87.0,277.0,0.60879,1.5781513845475303,Medium,Stress_Induced
0 days 02:06:00,89.82,87.0,278.0,0.60924,1.5803416988930816,Medium,Stress_Induced
0 days 02:07:00,89.82,87.0,278.0,0.60924,1.5803416988930816,Medium,Stress_Induced
0 days 02:08:00,89.94,87.0,279.0,0.6099300000000001,1.5829448637963321,Medium,Stress_Induced
0 days 02:09:00,89.82,87.0,278.0,0.60924,1.5803416988930816,Medium,Stress_Induced
0 days 02:10:00,89.94,89.0,278.0,0.61648,1.5945567832133332,Medium,Stress_Induced
0 days 02:11:00,89.94,89.0,279.0,0.6169300000000001,1.596769866591307,Medium,Stress_Induced
0 days 02:12:00,89.94,89.0,279.0,0.6169300000000001,1.596769866591307,Medium,Stress_Induced
0 days 02:13:00,89.94,89.0,280.0,0.61738,1.5989860215049512,Medium,Stress_Induced
0 days 02:14:00,90.05,89.0,281.0,0.61805,1.601585339757491,Medium,Stress_Induced
0 days 02:15:00,90.05,89.0,281.0,0.61805,1.601585339757491,Medium,Stress_Induced
0 days 02:16:00,90.05,89.0,280.0,0.6176,1.5993655822533053,Medium,Stress_Induced
0 days 02:17:00,90.05,89.0,280.0,0.6176,1.5993655822533053,Medium,Stress_Induced
0 days 02:18:00,90.05,89.0,280.0,0.6176,1.5993655822533053,Medium,Stress_Induced
0 days 02:19:00,90.05,87.0,279.0,0.6101500000000001,1.5833206167604141,Medium,Stress_Induced
0 days 02:20:00,90.05,87.0,279.0,0.6101500000000001,1.5833206167604141,Medium,Stress_Induced
0 days 02:21:00,90.05,87.0,281.0,0.61105,1.5877186440853055,Medium,Stress_Induced
0 days 02:22:00,90.16,87.0,280.0,0.61082,1.585894469266576,Medium,Stress_Induced
0 days 02:23:00,90.16,87.0,279.0,0.6103700000000001,1.5836964589191944,Medium,Stress_Induced
0 days 02:24:00,90.16,87.0,278.0,0.60992,1.5815014949595652,Medium,Stress_Induced
0 days 02:25:00,90.16,87.0,275.0,0.60857,1.5749348392142632,Medium,Stress_Induced
0 days 02:26:00,90.16,100.0,274.0,0.65362,1.6642086025469065,High,Stress_Induced
0 days 02:27:00,90.16,100.0,274.0,0.65362,1.6642086025469065,High,Stress_Induced
0 days 02:28:00,90.16,100.0,272.0,0.65272,1.659598695788183,High,Stress_Induced
0 days 02:29:00,90.16,100.0,272.0,0.65272,1.659598695788183,High,Stress_Induced
0 days 02:30:00,90.16,100.0,273.0,0.65317,1.661902050755796,High,Stress_Induced
0 days 02:31:00,90.16,100.0,273.0,0.65317,1.661902050755796,High,Stress_Induced
0 days 02:32:00,90.16,100.0,275.0,0.65407,1.666518355598382,High,Stress_Induced
0 days 02:33:00,90.16,101.0,275.0,0.65757,1.6737799900731447,High,Stress_Induced
0 days 02:34:00,90.16,101.0,273.0,0.65667,1.6691435702895632,High,Stress_Induced
0 days 02:35:00,90.16,101.0,270.0,0.65532,1.662213010153826,High,Stress_Induced
0 days 02:36:00,90.16,101.0,270.0,0.65532,1.662213010153826,High,Stress_Induced
0 days 02:37:00,90.16,101.0,270.0,0.65532,1.662213010153826,High,Stress_Induced
0 days 02:38:00,90.16,101.0,271.0,0.65577,1.6645199935250985,High,Stress_Induced
0 days 02:39:00,90.16,101.0,270.0,0.65532,1.662213010153826,High,Stress_Induced
0 days 02:40:00,90.16,118.0,267.0,0.71347,1.7822977233101855,High,Stress_Induced
0 days 02:41:00,90.16,118.0,265.0,0.71257,1.77736070621499,High,Stress_Induced
0 days 02:42:00,90.16,118.0,264.0,0.71212,1.774897328418423,High,Stress_Induced
0 days 02:43:00,90.16,118.0,267.0,0.71347,1.7822977233101855,High,Stress_Induced
0 days 02:44:00,90.16,118.0,268.0,0.71392,1.7847713721056269,High,Stress_Induced
0 days 02:45:00,90.16,118.0,268.0,0.71392,1.7847713721056269,High,Stress_Induced
0 days 02:46:00,90.16,118.0,268.0,0.71392,1.7847713721056269,High,Stress_Induced
0 days 02:47:00,90.16,105.0,269.0,0.66887,1.6890302151182206,High,Stress_Induced
0 days 02:48:00,90.16,105.0,269.0,0.66887,1.6890302151182206,High,Stress_Induced
0 days 02:49:00,90.05,105.0,268.0,0.6682,1.686288976822475,High,Stress_Induced
0 days 02:50:00,90.16,105.0,268.0,0.66842,1.6866892611885518,High,Stress_Induced
0 days 02:51:00,90.16,105.0,270.0,0.66932,1.6913744180549395,High,Stress_Induced
0 days 02:52:00,90.16,105.0,271.0,0.66977,1.6937218745080012,High,Stress_Induced
0 days 02:53:00,90.16,105.0,272.0,0.67022,1.696072588992957,High,Stress_Induced
0 days 02:54:00,90.16,105.0,273.0,0.67067,1.6984265660316256,High,Stress_Induced
0 days 02:55:00,90.16,89.0,274.0,0.61512,1.5864879999454107,Medium,Stress_Induced
0 days 02:56:00,90.16,89.0,275.0,0.6155700000000001,1.5886898846691135,Medium,Stress_Induced
0 days 02:57:00,90.16,89.0,275.0,0.6155700000000001,1.5886898846691135,Medium,Stress_Induced
0 days 02:58:00,90.16,89.0,276.0,0.61602,1.5908948253858883,Medium,Stress_Induced
0 days 02:59:00,90.16,89.0,276.0,0.61602,1.5908948253858883,Medium,Stress_Induced
0 days 03:00:00,90.16,89.0,275.0,0.6155700000000001,1.5886898846691135,Medium,Stress_Induced
0 days 03:01:00,90.27,89.0,276.0,0.61624,1.5912724654792694,Medium,Stress_Induced
0 days 03:02:00,90.27,89.0,277.0,0.6166900000000001,1.593480990556741,Medium,Stress_Induced
0 days 03:03:00,90.27,89.0,278.0,0.61714,1.5956925808434237,Medium,Stress_Induced
0 days 03:04:00,90.27,81.0,278.0,0.58914,1.5411434505018327,Medium,Stress_Induced
0 days 03:05:00,90.27,81.0,279.0,0.5895900000000001,1.5432824015817093,Medium,Stress_Induced
0 days 03:06:00,90.27,81.0,280.0,0.59004,1.5454243213091317,Medium,Stress_Induced
0 days 03:07:00,90.27,81.0,281.0,0.59049,1.5475692138042823,Medium,Stress_Induced
0 days 03:08:00,90.27,81.0,281.0,0.59049,1.5475692138042823,Medium,Stress_Induced
0 days 03:09:00,90.39,81.0,280.0,0.59028,1.5458245217993911,Medium,Stress_Induced
0 days 03:10:00,90.39,81.0,275.0,0.58803,1.535141802858736,Medium,Stress_Induced
0 days 03:11:00,90.39,81.0,271.0,0.58623,1.526648806240577,Medium,Stress_Induced
0 days 03:12:00,90.39,81.0,271.0,0.58623,1.526648806240577,Medium,Stress_Induced
0 days 03:13:00,90.39,83.0,271.0,0.59323,1.539982134833339,Medium,Stress_Induced
0 days 03:14:00,90.39,83.0,270.0,0.59278,1.5378477578412106,Medium,Stress_Induced
0 days 03:15:00,90.39,83.0,272.0,0.59368,1.5421194741246422,Medium,Stress_Induced
0 days 03:16:00,90.39,83.0,275.0,0.5950300000000001,1.5485493069358556,Medium,Stress_Induced
0 days 03:17:00,90.39,83.0,277.0,0.5959300000000001,1.5528507491666657,Medium,Stress_Induced
0 days 03:18:00,90.39,83.0,276.0,0.59548,1.5506985365946742,Medium,Stress_Induced
0 days 03:19:00,90.39,83.0,277.0,0.5959300000000001,1.5528507491666657,Medium,Stress_Induced
0 days 03:20:00,90.39,83.0,276.0,0.59548,1.5506985365946742,Medium,Stress_Induced
0 days 03:21:00,90.39,83.0,274.0,0.59458,1.546403056055966,Medium,Stress_Induced
0 days 03:22:00,90.39,81.0,274.0,0.58758,1.5330141344465107,Medium,Stress_Induced
0 days 03:23:00,90.39,81.0,269.0,0.58533,1.5224199441620399,Medium,Stress_Induced
0 days 03:24:00,90.39,81.0,264.0,0.58308,1.511898967075844,Medium,Stress_Induced
0 days 03:25:00,90.39,81.0,266.0,0.58398,1.5160986047861642,Medium,Stress_Induced
0 days 03:26:00,90.39,81.0,269.0,0.58533,1.5224199441620399,Medium,Stress_Induced
0 days 03:27:00,90.39,81.0,267.0,0.58443,1.5182027961557936,Medium,Stress_Induced
0 days 03:28:00,90.39,81.0,261.0,0.58173,1.5056213125367197,Medium,Stress_Induced
0 days 03:29:00,90.39,81.0,258.0,0.58038,1.4993697238573989,Low,Stress_Induced
0 days 03:30:00,90.39,89.0,261.0,0.60973,1.5589131285554683,Medium,Stress_Induced
0 days 03:31:00,90.39,89.0,264.0,0.6110800000000001,1.5654129821349108,Medium,Stress_Induced
0 days 03:34:00,90.39,89.0,263.0,0.61063,1.563243358620019,Medium,Stress_Induced
0 days 03:35:00,90.39,89.0,261.0,0.60973,1.5589131285554683,Medium,Stress_Induced
0 days 03:36:00,90.39,89.0,257.0,0.6079300000000001,1.550288619794017,Medium,Stress_Induced
0 days 03:37:00,90.39,89.0,254.0,0.60658,1.5438515650681808,Medium,Stress_Induced
0 days 03:38:00,90.39,89.0,257.0,0.6079300000000001,1.550288619794017,Medium,Stress_Induced
0 days 03:39:00,90.39,89.0,256.0,0.60748,1.5481399582697035,Medium,Stress_Induced
0 days 03:40:00,90.39,89.0,253.0,0.6061300000000001,1.5417118251418476,Medium,Stress_Induced
0 days 03:41:00,90.39,89.0,254.0,0.60658,1.5438515650681808,Medium,Stress_Induced
0 days 03:42:00,90.39,89.0,255.0,0.6070300000000001,1.5459942747368989,Medium,Stress_Induced
0 days 03:43:00,90.39,89.0,251.0,0.60523,1.5374412380580835,Medium,Stress_Induced
0 days 03:44:00,90.39,89.0,253.0,0.6061300000000001,1.5417118251418476,Medium,Stress_Induced
0 days 03:45:00,90.27,89.0,256.0,0.60724,1.5477391583331308,Medium,Stress_Induced
0 days 03:46:00,90.39,89.0,257.0,0.6079300000000001,1.550288619794017,Medium,Stress_Induced
0 days 03:47:00,90.39,89.0,258.0,0.60838,1.5524402634429904,Medium,Stress_Induced
0 days 03:48:00,90.27,89.0,259.0,0.60859,1.5541924222925259,Medium,Stress_Induced
0 days 03:49:00,90.39,89.0,257.0,0.6079300000000001,1.550288619794017,Medium,Stress_Induced
0 days 03:50:00,90.39,89.0,256.0,0.60748,1.5481399582697035,Medium,Stress_Induced
0 days 03:51:00,90.27,89.0,258.0,0.60814,1.5520383501949038,Medium,Stress_Induced
0 days 03:52:00,90.39,89.0,253.0,0.6061300000000001,1.5417118251418476,Medium,Stress_Induced
0 days 03:53:00,90.39,89.0,245.0,0.60253,1.5247003237343217,Medium,Stress_Induced
0 days 03:54:00,90.27,89.0,245.0,0.60229,1.5243055921147541,Medium,Stress_Induced
0 days 03:55:00,90.39,96.0,251.0,0.62973,1.5849531031120412,Medium,Stress_Induced
0 days 03:56:00,90.27,96.0,254.0,0.63084,1.5911494883827682,Medium,Stress_Induced
0 days 03:57:00,90.39,96.0,255.0,0.63153,1.5937704560550663,Medium,Stress_Induced
0 days 03:58:00,90.39,96.0,256.0,0.63198,1.595982448090554,Medium,Stress_Induced
0 days 03:59:00,90.39,96.0,256.0,0.63198,1.595982448090554,Medium,Stress_Induced
0 days 04:00:00,90.39,96.0,256.0,0.63198,1.595982448090554,Medium,Stress_Induced
0 days 04:01:00,90.39,96.0,259.0,0.63333,1.602636861372429,Medium,Stress_Induced
0 days 04:02:00,90.39,96.0,256.0,0.63198,1.595982448090554,Medium,Stress_Induced
0 days 04:03:00,90.27,96.0,254.0,0.63084,1.5911494883827682,Medium,Stress_Induced
0 days 04:04:00,90.39,80.0,254.0,0.57508,1.48460565834867,Low,Stress_Induced
0 days 04:05:00,90.27,80.0,255.0,0.57529,1.486281255795864,Low,Stress_Induced
0 days 04:06:00,90.27,80.0,256.0,0.57574,1.4883440637038818,Low,Stress_Induced
0 days 04:07:00,90.39,80.0,257.0,0.57643,1.4907956885855824,Low,Stress_Induced
0 days 04:08:00,90.39,80.0,258.0,0.5768800000000001,1.4928647620692592,Low,Stress_Induced
0 days 04:09:00,90.39,80.0,257.0,0.57643,1.4907956885855824,Low,Stress_Induced
0 days 04:10:00,90.39,80.0,258.0,0.5768800000000001,1.4928647620692592,Low,Stress_Induced
0 days 04:11:00,90.39,80.0,256.0,0.57598,1.4887294827863669,Low,Stress_Induced
0 days 04:12:00,90.27,80.0,255.0,0.57529,1.486281255795864,Low,Stress_Induced
0 days 04:13:00,90.39,85.0,255.0,0.5930300000000001,1.5193394021213875,Medium,Stress_Induced
0 days 04:14:00,90.39,85.0,255.0,0.5930300000000001,1.5193394021213875,Medium,Stress_Induced
0 days 04:15:00,90.39,85.0,257.0,0.5939300000000001,1.5235597073050502,Medium,Stress_Induced
0 days 04:16:00,90.39,85.0,258.0,0.59438,1.5256742539295942,Medium,Stress_Induced
0 days 04:17:00,90.39,85.0,259.0,0.59483,1.5277917353307708,Medium,Stress_Induced
0 days 04:18:00,90.39,85.0,260.0,0.59528,1.5299121555817528,Medium,Stress_Induced
0 days 04:19:00,90.39,85.0,258.0,0.59438,1.5256742539295942,Medium,Stress_Induced
0 days 04:20:00,90.39,85.0,256.0,0.59348,1.5214480913896113,Medium,Stress_Induced
0 days 04:21:00,90.39,85.0,258.0,0.59438,1.5256742539295942,Medium,Stress_Induced
0 days 04:22:00,90.39,80.0,259.0,0.57733,1.4949367072174529,Low,Stress_Induced
0 days 04:23:00,90.39,80.0,259.0,0.57733,1.4949367072174529,Low,Stress_Induced
0 days 04:24:00,90.5,80.0,260.0,0.578,1.4973668824767745,Low,Stress_Induced
0 days 04:25:00,90.39,80.0,256.0,0.57598,1.4887294827863669,Low,Stress_Induced
0 days 04:26:00,90.39,80.0,250.0,0.57328,1.476392247175725,Low,Stress_Induced
0 days 04:27:00,90.5,80.0,247.0,0.57215,1.470611027182515,Low,Stress_Induced
0 days 04:28:00,90.5,80.0,244.0,0.5708,1.4645048069977535,Low,Stress_Induced
0 days 04:29:00,90.5,80.0,246.0,0.5717,1.4685727968227011,Low,Stress_Induced
0 days 04:30:00,90.5,80.0,251.0,0.57395,1.478792276484537,Low,Stress_Induced
0 days 04:33:00,90.5,80.0,255.0,0.57575,1.487019039412463,Low,Stress_Induced
0 days 04:34:00,90.5,80.0,254.0,0.5753,1.484958067955205,Low,Stress_Induced
0 days 04:35:00,90.5,80.0,256.0,0.5762,1.4890828712894455,Low,Stress_Induced
0 days 04:36:00,90.39,80.0,257.0,0.57643,1.4907956885855824,Low,Stress_Induced
0 days 04:37:00,90.5,80.0,258.0,0.5771000000000001,1.4932191321879857,Low,Stress_Induced
0 days 04:38:00,90.5,80.0,258.0,0.5771000000000001,1.4932191321879857,Low,Stress_Induced
0 days 04:39:00,90.5,87.0,255.0,0.6002500000000001,1.5329726968169364,Medium,Stress_Induced
0 days 04:40:00,90.5,87.0,253.0,0.59935,1.528726317375573,Medium,Stress_Induced
0 days 04:41:00,90.5,87.0,255.0,0.6002500000000001,1.5329726968169364,Medium,Stress_Induced
0 days 04:42:00,90.5,87.0,256.0,0.6007,1.5351003077179268,Medium,Stress_Induced
0 days 04:43:00,90.5,87.0,256.0,0.6007,1.5351003077179268,Medium,Stress_Induced
0 days 04:44:00,90.5,87.0,258.0,0.6016,1.5393643923438232,Medium,Stress_Induced
0 days 04:45:00,90.5,87.0,259.0,0.60205,1.541500874271093,Medium,Stress_Induced
0 days 04:46:00,90.5,87.0,256.0,0.6007,1.5351003077179268,Medium,Stress_Induced
0 days 04:47:00,90.5,87.0,254.0,0.5998,1.5308480347318136,Medium,Stress_Induced
0 days 04:48:00,90.5,85.0,255.0,0.59325,1.5197000566816634,Medium,Stress_Induced
0 days 04:49:00,90.5,85.0,252.0,0.5919,1.5133900107284033,Medium,Stress_Induced
0 days 04:50:00,90.5,85.0,247.0,0.58965,1.5029314367413718,Low,Stress_Induced
0 days 04:51:00,90.5,85.0,247.0,0.58965,1.5029314367413718,Low,Stress_Induced
0 days 04:52:00,90.5,85.0,248.0,0.5901000000000001,1.5050173534148337,Medium,Stress_Induced
0 days 04:53:00,90.5,85.0,245.0,0.58875,1.4987682724736655,Low,Stress_Induced
0 days 04:54:00,90.5,85.0,243.0,0.58785,1.4946166402933827,Low,Stress_Induced
0 days 04:55:00,90.5,95.0,241.0,0.62195,1.5567104343942557,Medium,Stress_Induced
0 days 04:56:00,90.5,95.0,242.0,0.6224,1.5588709908717324,Medium,Stress_Induced
0 days 04:57:00,90.5,95.0,243.0,0.62285,1.5610345459828596,Medium,Stress_Induced
0 days 04:58:00,90.5,95.0,243.0,0.62285,1.5610345459828596,Medium,Stress_Induced
0 days 04:59:00,90.5,95.0,245.0,0.62375,1.565370668759041,Medium,Stress_Induced
0 days 05:00:00,90.5,95.0,247.0,0.62465,1.5697188360865604,Medium,Stress_Induced
0 days 05:01:00,90.39,95.0,248.0,0.62488,1.571524404886229,Medium,Stress_Induced
0 days 05:02:00,90.5,95.0,249.0,0.6255499999999999,1.574079081421855,Medium,Stress_Induced
0 days 05:03:00,90.39,97.0,248.0,0.63188,1.5852496645505596,Medium,Stress_Induced
0 days 05:04:00,90.39,97.0,247.0,0.63143,1.5830525478865005,Medium,Stress_Induced
0 days 05:05:00,90.39,97.0,243.0,0.62963,1.5742944905457839,Medium,Stress_Induced
0 days 05:06:00,90.39,97.0,242.0,0.62918,1.5721125574808144,Medium,Stress_Induced
0 days 05:07:00,90.39,97.0,246.0,0.63098,1.5808584763715705,Medium,Stress_Induced
0 days 05:08:00,90.39,97.0,248.0,0.63188,1.5852496645505596,Medium,Stress_Induced
0 days 05:09:00,90.39,97.0,249.0,0.63233,1.5874498305901068,Medium,Stress_Induced
0 days 05:10:00,90.39,97.0,250.0,0.63278,1.589653050237366,Medium,Stress_Induced
0 days 05:11:00,90.39,90.0,251.0,0.60873,1.5441404359755262,Medium,Stress_Induced
0 days 05:12:00,90.39,90.0,252.0,0.60918,1.5462835465678175,Medium,Stress_Induced
0 days 05:13:00,90.39,90.0,253.0,0.60963,1.548429631580637,Medium,Stress_Induced
0 days 05:14:00,90.39,90.0,253.0,0.60963,1.548429631580637,Medium,Stress_Induced
0 days 05:15:00,90.39,90.0,253.0,0.60963,1.548429631580637,Medium,Stress_Induced
0 days 05:16:00,90.39,90.0,249.0,0.60783,1.539863121568349,Medium,Stress_Induced
0 days 05:17:00,90.39,90.0,247.0,0.6069300000000001,1.5355976554478374,Medium,Stress_Induced
0 days 05:18:00,90.39,90.0,248.0,0.60738,1.53772890952565,Medium,Stress_Induced
0 days 05:19:00,90.39,91.0,249.0,0.61133,1.546572872524546,Medium,Stress_Induced
0 days 05:20:00,90.39,91.0,251.0,0.61223,1.5508688247664968,Medium,Stress_Induced
0 days 05:21:00,90.39,91.0,252.0,0.61268,1.5530212736812303,Medium,Stress_Induced
0 days 05:22:00,90.39,91.0,253.0,0.6131300000000001,1.5551767099771376,Medium,Stress_Induced
0 days 05:23:00,90.39,91.0,254.0,0.61358,1.5573351378004021,Medium,Stress_Induced
0 days 05:24:00,90.39,91.0,254.0,0.61358,1.5573351378004021,Medium,Stress_Induced
0 days 05:25:00,90.39,91.0,254.0,0.61358,1.5573351378004021,Medium,Stress_Induced
0 days 05:26:00,90.39,91.0,252.0,0.61268,1.5530212736812303,Medium,Stress_Induced
0 days 05:27:00,90.39,91.0,247.0,0.61043,1.5422888201966116,Medium,Stress_Induced
0 days 05:28:00,90.39,91.0,245.0,0.60953,1.5380166348195814,Medium,Stress_Induced
0 days 05:29:00,90.39,75.0,247.0,0.55443,1.4386441657585336,Low,Stress_Induced
0 days 05:30:00,90.39,75.0,248.0,0.55488,1.440640858208484,Low,Stress_Induced
0 days 05:31:00,90.39,75.0,250.0,0.5557799999999999,1.4446425605754498,Low,Stress_Induced
0 days 05:32:00,90.39,75.0,252.0,0.55668,1.4486553785662315,Low,Stress_Induced
0 days 05:33:00,90.39,75.0,252.0,0.55668,1.4486553785662315,Low,Stress_Induced
0 days 05:34:00,90.39,75.0,249.0,0.55533,1.4426403218654043,Low,Stress_Induced
0 days 05:35:00,90.39,75.0,247.0,0.55443,1.4386441657585336,Low,Stress_Induced
0 days 05:36:00,90.27,75.0,248.0,0.55464,1.4402678888516054,Low,Stress_Induced
0 days 05:37:00,90.39,75.0,247.0,0.55443,1.4386441657585336,Low,Stress_Induced
0 days 05:38:00,90.39,79.0,244.0,0.56708,1.457805057611579,Low,Stress_Induced
0 days 05:39:00,90.39,79.0,244.0,0.56708,1.457805057611579,Low,Stress_Induced
0 days 05:40:00,90.39,79.0,247.0,0.56843,1.4638833433404486,Low,Stress_Induced
0 days 05:41:00,90.39,79.0,248.0,0.56888,1.465915065213602,Low,Stress_Induced
0 days 05:42:00,90.27,79.0,247.0,0.56819,1.4635043567068264,Low,Stress_Induced
0 days 05:43:00,90.39,79.0,245.0,0.56753,1.4598283434395223,Low,Stress_Induced
0 days 05:44:00,90.39,79.0,247.0,0.56843,1.4638833433404486,Low,Stress_Induced
0 days 05:45:00,90.39,79.0,248.0,0.56888,1.465915065213602,Low,Stress_Induced
0 days 05:46:00,90.39,96.0,247.0,0.62793,1.5761845311666978,Medium,Stress_Induced
0 days 05:47:00,90.39,96.0,247.0,0.62793,1.5761845311666978,Medium,Stress_Induced
0 days 05:48:00,90.39,96.0,249.0,0.62883,1.5805627364169559,Medium,Stress_Induced
0 days 05:49:00,90.39,96.0,250.0,0.62928,1.5827563974747705,Medium,Stress_Induced
0 days 05:50:00,90.39,96.0,250.0,0.62928,1.5827563974747705,Medium,Stress_Induced
0 days 05:51:00,90.39,96.0,248.0,0.62838,1.5783721157188861,Medium,Stress_Induced
0 days 05:52:00,90.39,96.0,249.0,0.62883,1.5805627364169559,Medium,Stress_Induced
0 days 05:53:00,90.27,96.0,249.0,0.62859,1.580153542505823,Medium,Stress_Induced
0 days 05:54:00,90.39,85.0,245.0,0.58853,1.4984125854353663,Low,Stress_Induced
0 days 05:55:00,90.39,85.0,245.0,0.58853,1.4984125854353663,Low,Stress_Induced
0 days 05:56:00,90.39,85.0,245.0,0.58853,1.4984125854353663,Low,Stress_Induced
0 days 05:57:00,90.27,85.0,242.0,0.58694,1.491804613362481,Low,Stress_Induced
0 days 05:58:00,90.27,85.0,239.0,0.5855899999999999,1.4856103939030454,Low,Stress_Induced
0 days 05:59:00,90.27,85.0,237.0,0.58469,1.4814952094332603,Low,Stress_Induced
0 days 06:00:00,90.27,85.0,237.0,0.58469,1.4814952094332603,Low,Stress_Induced
0 days 06:01:00,90.39,85.0,239.0,0.58583,1.4859951050789837,Low,Stress_Induced
0 days 06:02:00,90.27,85.0,240.0,0.58604,1.487672270722676,Low,Stress_Induced
0 days 06:03:00,90.27,84.0,239.0,0.58209,1.479165126474582,Low,Stress_Induced
0 days 06:04:00,90.27,84.0,241.0,0.58299,1.483273838617529,Low,Stress_Induced
0 days 06:05:00,90.27,84.0,242.0,0.58344,1.4853324725349821,Low,Stress_Induced
0 days 06:06:00,90.27,84.0,242.0,0.58344,1.4853324725349821,Low,Stress_Induced
