Timestamp,Object Temperature(F),Heart Rate Ear(BPM),GSR,Feature_Mean,Weighted_Stress,QuantityIndex_Stress,StressIndex_Level,Predicted_Stress,Condition
00:00,0.14659685863874472,0.06666666666666643,0.16455696202531644,0.12594016244357586,0.1267033379724746,1.0239265639634276,Low,0.12670333797247482,Base
00:30,0.14659685863874472,0.06666666666666643,0.15189873417721556,0.12172075316087556,0.1210071354408292,1.0239265639634276,Low,0.12100713544082942,Base
01:00,0.17539267015706983,0.06666666666666643,0.11392405063291156,0.11866112915221594,0.10967769014955742,1.0490995054963317,Low,0.10967769014955764,Base
01:30,0.17539267015706983,0.06666666666666643,0.08860759493670889,0.11022231058681504,0.09828528508626622,1.0490995054963317,Low,0.09828528508626644,Base
02:00,0.17539267015706983,0.06666666666666643,0.06329113924050667,0.1017834920214143,0.08689288002297521,1.0490995054963317,Low,0.08689288002297546,Base
02:30,0.17539267015706983,0.06666666666666643,0.037974683544304,0.09334467345601342,0.07550047495968401,1.0490995054963317,Low,0.07550047495968426,Base
03:00,0.2068062827225141,0.06666666666666643,0.037974683544304,0.10381587764449485,0.08178319747277288,1.0772672373566945,Low,0.08178319747277311,Base
03:30,0.2068062827225141,0.06666666666666643,0.05063291139240533,0.10803528692719529,0.08747940000441848,1.0772672373566945,Low,0.08747940000441871,Base
04:00,0.2068062827225141,0.16666666666666652,0.037974683544304,0.1371492109778282,0.11678319747277291,1.0772672373566945,Low,0.11678319747277309,Base
04:30,0.2068062827225141,0.16666666666666652,0.025316455696202667,0.13292980169512777,0.11108699494112731,1.0772672373566945,Low,0.1110869949411275,Base
05:00,0.2068062827225141,0.16666666666666652,0.012658227848101333,0.12871039241242732,0.10539079240948171,1.0772672373566945,Low,0.1053907924094819,Base
05:30,0.23560209424083922,0.16666666666666652,0.0,0.1340895869691686,0.10545375218150113,1.1037515440791652,Low,0.10545375218150133,Base
06:00,0.23560209424083922,0.16666666666666652,0.012658227848101333,0.13830899625186902,0.11114995471314673,1.1037515440791652,Low,0.11114995471314693,Base
06:30,0.23560209424083922,0.16666666666666652,0.037974683544304,0.14674781481726992,0.12254235977643793,1.1037515440791652,Low,0.12254235977643811,Base
07:00,0.23560209424083922,0.16666666666666652,0.06329113924050667,0.1551866333826708,0.13393476483972913,1.1037515440791652,Low,0.13393476483972933,Base
07:30,0.23560209424083922,0.16666666666666652,0.07594936708860756,0.1594060426653711,0.1396309673713745,1.1037515440791652,Low,0.1396309673713747,Base
08:00,0.23560209424083922,0.033333333333333215,0.07594936708860756,0.11496159822092666,0.09296430070470788,1.1037515440791652,Low,0.09296430070470812,Base
08:30,0.23560209424083922,0.033333333333333215,0.08860759493670889,0.1191810075036271,0.09866050323635348,1.1037515440791652,Low,0.09866050323635372,Base
09:00,0.26439790575916433,0.033333333333333215,0.10126582278481022,0.13299902062576927,0.1101158680716641,1.1308869599027456,Low,0.11011586807166435,Base
09:30,0.26439790575916433,0.033333333333333215,0.10126582278481022,0.13299902062576927,0.1101158680716641,1.1308869599027456,Low,0.11011586807166435,Base
10:00,0.26439790575916433,0.033333333333333215,0.11392405063291156,0.1372184299084697,0.1158120706033097,1.1308869599027456,Low,0.11581207060330995,Base
10:30,0.26439790575916433,0.033333333333333215,0.1265822784810129,0.14143783919117014,0.1215082731349553,1.1308869599027456,Low,0.12150827313495553,Base
11:00,0.26439790575916433,0.033333333333333215,0.1265822784810129,0.14143783919117014,0.1215082731349553,1.1308869599027456,Low,0.12150827313495553,Base
11:30,0.26439790575916433,0.033333333333333215,0.1265822784810129,0.14143783919117014,0.1215082731349553,1.1308869599027456,Low,0.12150827313495553,Base
12:00,0.26439790575916433,0.1333333333333333,0.13924050632911422,0.17899058180720395,0.16220447566660093,1.1308869599027456,Low,0.16220447566660112,Base
12:30,0.26439790575916433,0.1333333333333333,0.13924050632911422,0.17899058180720395,0.16220447566660093,1.1308869599027456,Low,0.16220447566660112,Base
13:00,0.29319371727748944,0.1333333333333333,0.11392405063291156,0.18015036708124477,0.15657123290697475,1.158689492158342,Low,0.15657123290697494,Base
13:30,0.29319371727748944,0.1333333333333333,0.10126582278481022,0.1759309577985443,0.15087503037532915,1.158689492158342,Low,0.15087503037532934,Base
14:00,0.29319371727748944,0.1333333333333333,0.10126582278481022,0.1759309577985443,0.15087503037532915,1.158689492158342,Low,0.15087503037532934,Base
14:30,0.29319371727748944,0.1333333333333333,0.10126582278481022,0.1759309577985443,0.15087503037532915,1.158689492158342,Low,0.15087503037532934,Base
15:00,0.29319371727748944,0.1333333333333333,0.08860759493670889,0.1717115485158439,0.14517882784368355,1.158689492158342,Low,0.14517882784368374,Base
15:30,0.29319371727748944,0.1333333333333333,0.07594936708860756,0.16749213923314343,0.13948262531203795,1.158689492158342,Low,0.13948262531203814,Base
16:00,0.29319371727748944,0.16666666666666652,0.08860759493670889,0.18282265962695496,0.15684549451035015,1.158689492158342,Low,0.15684549451035035,Base
16:30,0.29319371727748944,0.16666666666666652,0.10126582278481022,0.18704206890965538,0.16254169704199575,1.158689492158342,Low,0.16254169704199595,Base
17:00,0.29319371727748944,0.16666666666666652,0.11392405063291156,0.19126147819235584,0.16823789957364135,1.158689492158342,Low,0.16823789957364155,Base
17:30,0.29319371727748944,0.16666666666666652,0.1265822784810129,0.1954808874750563,0.17393410210528695,1.158689492158342,Low,0.17393410210528715,Base
18:00,0.29319371727748944,0.16666666666666652,0.1265822784810129,0.1954808874750563,0.17393410210528695,1.158689492158342,Low,0.17393410210528715,Base
18:30,0.29319371727748944,0.16666666666666652,0.13924050632911422,0.19970029675775672,0.17963030463693258,1.158689492158342,Low,0.17963030463693275,Base
19:00,0.29319371727748944,0.16666666666666652,0.13924050632911422,0.19970029675775672,0.17963030463693258,1.158689492158342,Low,0.17963030463693275,Base
19:30,0.32460732984293017,0.33333333333333304,0.15189873417721556,0.26994646578449294,0.24994256301499962,1.3593730094021117,Low,0.24994256301499967,Base
20:00,0.29319371727748944,0.33333333333333304,0.15189873417721556,0.2594752615960127,0.24365984050191145,1.3238289465185111,Low,0.24365984050191153,Base
20:30,0.32460732984293017,0.33333333333333304,0.16455696202531644,0.2741658750671932,0.255638765546645,1.3593730094021117,Low,0.2556387655466451,Base
21:00,0.32460732984293017,0.33333333333333304,0.16455696202531644,0.2741658750671932,0.255638765546645,1.3593730094021117,Low,0.2556387655466451,Base
21:30,0.32460732984293017,0.33333333333333304,0.15189873417721556,0.26994646578449294,0.24994256301499962,1.3593730094021117,Low,0.24994256301499967,Base
22:00,0.32460732984293017,0.33333333333333304,0.15189873417721556,0.26994646578449294,0.24994256301499962,1.3593730094021117,Low,0.24994256301499967,Base
22:30,0.32460732984293017,0.33333333333333304,0.16455696202531644,0.2741658750671932,0.255638765546645,1.3593730094021117,Low,0.2556387655466451,Base
23:00,0.32460732984293017,0.33333333333333304,0.16455696202531644,0.2741658750671932,0.255638765546645,1.3593730094021117,Low,0.2556387655466451,Base
23:30,0.32460732984293017,0.2333333333333334,0.17721518987341778,0.24505195101656044,0.22633496807829073,1.239306538499835,Low,0.22633496807829084,Base
24:00,0.32460732984293017,0.2333333333333334,0.17721518987341778,0.24505195101656044,0.22633496807829073,1.239306538499835,Low,0.22633496807829084,Base
24:30,0.32460732984293017,0.2333333333333334,0.1898734177215191,0.2492713602992609,0.23203117060993633,1.239306538499835,Low,0.23203117060993644,Base
25:00,0.32460732984293017,0.2333333333333334,0.1898734177215191,0.2492713602992609,0.23203117060993633,1.239306538499835,Low,0.23203117060993644,Base
25:30,0.32460732984293017,0.2333333333333334,0.20253164556962044,0.2534907695819613,0.23772737314158193,1.239306538499835,Low,0.23772737314158204,Base
26:00,0.32460732984293017,0.2333333333333334,0.20253164556962044,0.2534907695819613,0.23772737314158193,1.239306538499835,Low,0.23772737314158204,Base
26:30,0.32460732984293017,0.2333333333333334,0.20253164556962044,0.2534907695819613,0.23772737314158193,1.239306538499835,Low,0.23772737314158204,Base
27:00,0.32460732984293017,0.46666666666666634,0.21518987341772178,0.3354879566424394,0.3250902423398941,1.5377480261224263,Medium,0.3250902423398941,Base
27:30,0.32460732984293017,0.46666666666666634,0.20253164556962044,0.331268547359739,0.3193940398082485,1.5377480261224263,Medium,0.3193940398082485,Base
28:00,0.32460732984293017,0.46666666666666634,0.20253164556962044,0.331268547359739,0.3193940398082485,1.5377480261224263,Medium,0.3193940398082485,Base
28:30,0.32460732984293017,0.46666666666666634,0.21518987341772178,0.3354879566424394,0.3250902423398941,1.5377480261224263,Medium,0.3250902423398941,Base
29:00,0.32460732984293017,0.46666666666666634,0.2278481012658231,0.3397073659251399,0.3307864448715397,1.5377480261224263,Medium,0.3307864448715397,Base
29:30,0.32460732984293017,0.46666666666666634,0.2278481012658231,0.3397073659251399,0.3307864448715397,1.5377480261224263,Medium,0.3307864448715397,Base
30:00,0.32460732984293017,0.46666666666666634,0.25316455696202533,0.34814618449054063,0.34217884993483066,1.5377480261224263,Medium,0.34217884993483066,Base
30:30,0.32460732984293017,0.46666666666666634,0.26582278481012667,0.35236559377324106,0.34787505246647626,1.5377480261224263,Medium,0.34787505246647626,Base
31:00,0.32460732984293017,0.3666666666666667,0.26582278481012667,0.31903226043990784,0.3128750524664764,1.401926601571215,Medium,0.31287505246647646,Base
31:30,0.32460732984293017,0.3666666666666667,0.278481012658228,0.32325166972260827,0.318571254998122,1.401926601571215,Medium,0.31857125499812206,Base
32:00,0.32460732984293017,0.3666666666666667,0.278481012658228,0.32325166972260827,0.318571254998122,1.401926601571215,Medium,0.31857125499812206,Base
32:30,0.3534031413612553,0.3666666666666667,0.278481012658228,0.33285027356205,0.324330417301787,1.43639256584718,Medium,0.3243304173017871,Base
33:00,0.32460732984293017,0.3666666666666667,0.278481012658228,0.32325166972260827,0.318571254998122,1.401926601571215,Medium,0.31857125499812206,Base
33:30,0.3534031413612553,0.3666666666666667,0.278481012658228,0.33285027356205,0.324330417301787,1.43639256584718,Medium,0.3243304173017871,Base
34:00,0.32460732984293017,0.7666666666666666,0.29113924050632933,0.46080441233864206,0.4642674575297676,1.68840607767034,Medium,0.46426745752976745,Base
34:30,0.3534031413612553,0.7666666666666666,0.30379746835443067,0.4746224254607842,0.47572282236507824,1.7299150578773554,Medium,0.47572282236507807,Base
35:00,0.32460732984293017,0.7666666666666666,0.316455696202532,0.4692432309040429,0.4756598625930588,1.700384545732031,Medium,0.47565986259305865,Base
35:30,0.32460732984293017,0.7666666666666666,0.316455696202532,0.4692432309040429,0.4756598625930588,1.700384545732031,Medium,0.47565986259305865,Base
36:00,0.3534031413612553,0.7666666666666666,0.3291139240506329,0.48306124402618494,0.4871152274283692,1.758435655766321,Medium,0.48711522742836905,Base
36:30,0.32460732984293017,0.7666666666666666,0.3291139240506329,0.4734626401867432,0.4813560651247042,1.7162423292800624,Medium,0.481356065124704,Base
37:00,0.3534031413612553,0.7666666666666666,0.3417721518987342,0.48728065330888537,0.4928114299600148,1.7748348238734852,Medium,0.49281142996001465,Base
37:30,0.32460732984293017,0.6333333333333333,0.3417721518987342,0.43323760502499925,0.4403856009896831,1.7322480024920452,Medium,0.440385600989683,Base
38:00,0.32460732984293017,0.6333333333333333,0.3417721518987342,0.43323760502499925,0.4403856009896831,1.7322480024920452,Medium,0.440385600989683,Base
38:30,0.3534031413612553,0.6333333333333333,0.3417721518987342,0.4428362088644409,0.4461447632933481,1.7748348238734852,Medium,0.446144763293348,Base
39:00,0.32460732984293017,0.6333333333333333,0.35443037974683556,0.4374570143076997,0.4460818035213287,1.7484029445867486,Medium,0.4460818035213286,Base
39:30,0.32460732984293017,0.6333333333333333,0.3417721518987342,0.43323760502499925,0.4403856009896831,1.7322480024920452,Medium,0.440385600989683,Base
40:00,0.32460732984293017,0.6333333333333333,0.3417721518987342,0.43323760502499925,0.4403856009896831,1.7322480024920452,Medium,0.440385600989683,Base
40:30,0.32460732984293017,0.6333333333333333,0.3417721518987342,0.43323760502499925,0.4403856009896831,1.7322480024920452,Medium,0.440385600989683,Base
41:00,0.32460732984293017,0.46666666666666634,0.3417721518987342,0.37768204946944356,0.3820522676563497,1.577677895037023,Medium,0.38205226765634964,Base
41:30,0.32460732984293017,0.46666666666666634,0.3417721518987342,0.37768204946944356,0.3820522676563497,1.577677895037023,Medium,0.38205226765634964,Base
42:00,0.32460732984293017,0.46666666666666634,0.3417721518987342,0.37768204946944356,0.3820522676563497,1.577677895037023,Medium,0.38205226765634964,Base
42:30,0.32460732984293017,0.46666666666666634,0.3291139240506329,0.37346264018674313,0.3763560651247041,1.5631004229975667,Medium,0.37635606512470404,Base
43:00,0.32460732984293017,0.46666666666666634,0.3291139240506329,0.37346264018674313,0.3763560651247041,1.5631004229975667,Medium,0.37635606512470404,Base
43:30,0.32460732984293017,0.46666666666666634,0.3291139240506329,0.37346264018674313,0.3763560651247041,1.5631004229975667,Medium,0.37635606512470404,Base
44:00,0.32460732984293017,0.46666666666666634,0.3291139240506329,0.37346264018674313,0.3763560651247041,1.5631004229975667,Medium,0.37635606512470404,Base
44:30,0.32460732984293017,0.6333333333333333,0.3291139240506329,0.42901819574229877,0.4346893984580375,1.7162423292800624,Medium,0.4346893984580374,Base
45:00,0.32460732984293017,0.6333333333333333,0.3417721518987342,0.43323760502499925,0.4403856009896831,1.7322480024920452,Medium,0.440385600989683,Base
45:30,0.32460732984293017,0.6333333333333333,0.3417721518987342,0.43323760502499925,0.4403856009896831,1.7322480024920452,Medium,0.440385600989683,Base
46:00,0.32460732984293017,0.6333333333333333,0.35443037974683556,0.4374570143076997,0.4460818035213287,1.7484029445867486,Medium,0.4460818035213286,Base
46:30,0.32460732984293017,0.6333333333333333,0.35443037974683556,0.4374570143076997,0.4460818035213287,1.7484029445867486,Medium,0.4460818035213286,Base
47:00,0.32460732984293017,0.6333333333333333,0.35443037974683556,0.4374570143076997,0.4460818035213287,1.7484029445867486,Medium,0.4460818035213286,Base
47:30,0.32460732984293017,0.6333333333333333,0.35443037974683556,0.4374570143076997,0.4460818035213287,1.7484029445867486,Medium,0.4460818035213286,Base
48:00,0.32460732984293017,0.5,0.35443037974683556,0.3930125698632552,0.399415136854662,1.6422392760134612,Medium,0.399415136854662,Base
48:30,0.32460732984293017,0.5,0.3670886075949369,0.3972319791459557,0.4051113393863076,1.657554796869296,Medium,0.4051113393863076,Base
49:00,0.32460732984293017,0.5,0.3670886075949369,0.3972319791459557,0.4051113393863076,1.657554796869296,Medium,0.4051113393863076,Base
49:30,0.32460732984293017,0.5,0.3670886075949369,0.3972319791459557,0.4051113393863076,1.657554796869296,Medium,0.4051113393863076,Base
50:00,0.32460732984293017,0.5,0.35443037974683556,0.3930125698632552,0.399415136854662,1.6422392760134612,Medium,0.399415136854662,Base
50:30,0.32460732984293017,0.5,0.35443037974683556,0.3930125698632552,0.399415136854662,1.6422392760134612,Medium,0.399415136854662,Base
51:00,0.32460732984293017,0.5,0.35443037974683556,0.3930125698632552,0.399415136854662,1.6422392760134612,Medium,0.399415136854662,Base
51:30,0.32460732984293017,0.5333333333333332,0.35443037974683556,0.4041236809743663,0.41108180352132867,1.693647667906056,Medium,0.4110818035213286,Base
52:00,0.32460732984293017,0.5333333333333332,0.35443037974683556,0.4041236809743663,0.41108180352132867,1.693647667906056,Medium,0.4110818035213286,Base
52:30,0.32460732984293017,0.5333333333333332,0.35443037974683556,0.4041236809743663,0.41108180352132867,1.693647667906056,Medium,0.4110818035213286,Base
53:00,0.29319371727748944,0.5333333333333332,0.3670886075949369,0.39787188606858653,0.4104952835398861,1.6647451520229783,Medium,0.41049528353988607,Base
53:30,0.29319371727748944,0.5333333333333332,0.3670886075949369,0.39787188606858653,0.4104952835398861,1.6647451520229783,Medium,0.41049528353988607,Base
54:00,0.32460732984293017,0.5333333333333332,0.3670886075949369,0.4083430902570668,0.41677800605297427,1.709442623342281,Medium,0.4167780060529742,Base
54:30,0.32460732984293017,0.5333333333333332,0.3670886075949369,0.4083430902570668,0.41677800605297427,1.709442623342281,Medium,0.4167780060529742,Base
55:00,0.32460732984293017,0.16666666666666652,0.3797468354430382,0.29034027731754497,0.2941408752512865,1.255166618740598,Low,0.2941408752512867,Base
55:30,0.32460732984293017,0.16666666666666652,0.3797468354430382,0.29034027731754497,0.2941408752512865,1.255166618740598,Low,0.2941408752512867,Base
56:00,0.32460732984293017,0.16666666666666652,0.3797468354430382,0.29034027731754497,0.2941408752512865,1.255166618740598,Low,0.2941408752512867,Base
56:30,0.32460732984293017,0.16666666666666652,0.39240506329113956,0.2945596866002454,0.2998370777829321,1.2668723006151263,Low,0.2998370777829323,Base
57:00,0.29319371727748944,0.16666666666666652,0.39240506329113956,0.28408848241176515,0.29355435526984397,1.2337468902920534,Low,0.29355435526984414,Base
57:30,0.29319371727748944,0.16666666666666652,0.40506329113924044,0.28830789169446547,0.2992505578014894,1.2452528118134027,Low,0.2992505578014895,Base
58:00,0.29319371727748944,0.16666666666666652,0.40506329113924044,0.28830789169446547,0.2992505578014894,1.2452528118134027,Low,0.2992505578014895,Base
58:30,0.29319371727748944,0.46666666666666634,0.39240506329113956,0.38408848241176513,0.39855435526984395,1.5945473169636932,Medium,0.3985543552698439,Base
59:00,0.29319371727748944,0.46666666666666634,0.3797468354430382,0.37986907312906465,0.39285815273819835,1.5798139743709183,Medium,0.3928581527381983,Base
59:30,0.29319371727748944,0.46666666666666634,0.39240506329113956,0.38408848241176513,0.39855435526984395,1.5945473169636932,Medium,0.3985543552698439,Base
60:00,0.29319371727748944,0.46666666666666634,0.40506329113924044,0.3883078916944654,0.40425055780148933,1.6094180626858723,Medium,0.4042505578014893,Base
60:30,0.29319371727748944,0.46666666666666634,0.4177215189873418,0.39252730097716587,0.40994676033313493,1.6244274929588214,Medium,0.4099467603331349,Base
61:00,0.29319371727748944,0.46666666666666634,0.4303797468354431,0.3967467102598663,0.41564296286478053,1.639576901154438,Medium,0.4156429628647805,Base
61:30,0.29319371727748944,0.46666666666666634,0.4303797468354431,0.3967467102598663,0.41564296286478053,1.639576901154438,Medium,0.4156429628647805,Base
62:00,0.29319371727748944,0.5999999999999996,0.4303797468354431,0.44119115470431075,0.46230962953144716,1.8002114505700315,Medium,0.4623096295314471,Base
62:30,0.29319371727748944,0.5999999999999996,0.44303797468354444,0.4454105639870112,0.46800583206309276,1.8170002196725747,Medium,0.4680058320630927,Base
63:00,0.29319371727748944,0.5999999999999996,0.44303797468354444,0.4454105639870112,0.46800583206309276,1.8170002196725747,Medium,0.4680058320630927,Base
63:30,0.29319371727748944,0.5999999999999996,0.44303797468354444,0.4454105639870112,0.46800583206309276,1.8170002196725747,Medium,0.4680058320630927,Base
64:00,0.29319371727748944,0.5999999999999996,0.44303797468354444,0.4454105639870112,0.46800583206309276,1.8170002196725747,Medium,0.4680058320630927,Base
64:30,0.29319371727748944,0.5999999999999996,0.44303797468354444,0.4454105639870112,0.46800583206309276,1.8170002196725747,Medium,0.4680058320630927,Base
65:00,0.29319371727748944,0.5999999999999996,0.4556962025316458,0.4496299732697116,0.47370203459473836,1.8339455608088582,Medium,0.4737020345947383,Base
65:30,0.29319371727748944,0.33333333333333304,0.4556962025316458,0.36074108438082275,0.3803687012614051,1.4765500604666386,Medium,0.3803687012614051,Base
66:00,0.29319371727748944,0.33333333333333304,0.4683544303797471,0.3649604936635232,0.3860649037930507,1.490320363963859,Medium,0.3860649037930507,Base
66:30,0.29319371727748944,0.33333333333333304,0.48101265822784844,0.36917990294622366,0.3917611063246963,1.5042190892894225,Medium,0.3917611063246963,Base
67:00,0.29319371727748944,0.33333333333333304,0.48101265822784844,0.36917990294622366,0.3917611063246963,1.5042190892894225,Medium,0.3917611063246963,Base
67:30,0.29319371727748944,0.33333333333333304,0.48101265822784844,0.36917990294622366,0.3917611063246963,1.5042190892894225,Medium,0.3917611063246963,Base
68:00,0.29319371727748944,0.33333333333333304,0.49367088607594933,0.3733993122289239,0.3974573088563417,1.5182474341050942,Medium,0.39745730885634173,Base
68:30,0.29319371727748944,0.33333333333333304,0.49367088607594933,0.3733993122289239,0.3974573088563417,1.5182474341050942,Medium,0.39745730885634173,Base
69:00,0.26439790575916433,0.33333333333333304,0.4556962025316458,0.35114248054138103,0.3746095389577401,1.4411205248050545,Medium,0.3746095389577401,Base
69:30,0.26439790575916433,0.19999999999999973,0.40506329113924044,0.2898203989661348,0.305158062164491,1.2275181657872498,Low,0.3051580621644911,Base
70:00,0.26439790575916433,0.19999999999999973,0.40506329113924044,0.2898203989661348,0.305158062164491,1.2275181657872498,Low,0.3051580621644911,Base
70:30,0.29319371727748944,0.19999999999999973,0.39240506329113956,0.2951995935228762,0.3052210219365106,1.2460754509261367,Low,0.30522102193651074,Base
71:00,0.26439790575916433,0.19999999999999973,0.39240506329113956,0.28560098968343456,0.29946185963284555,1.2161761093408878,Low,0.2994618596328457,Base
71:30,0.26439790575916433,0.19999999999999973,0.3797468354430382,0.2813815804007341,0.29376565710119995,1.204938851542739,Low,0.2937656571012001,Base
72:00,0.26439790575916433,0.19999999999999973,0.39240506329113956,0.28560098968343456,0.29946185963284555,1.2161761093408878,Low,0.2994618596328457,Base
72:30,0.26439790575916433,0.19999999999999973,0.39240506329113956,0.28560098968343456,0.29946185963284555,1.2161761093408878,Low,0.2994618596328457,Base
73:00,0.26439790575916433,0.5,0.3797468354430382,0.38138158040073417,0.39876565710120004,1.5901742362484461,Medium,0.39876565710120004,Base
73:30,0.26439790575916433,0.5,0.3670886075949369,0.37716217111803374,0.39306945456955444,1.57548130016834,Medium,0.39306945456955444,Base
74:00,0.26439790575916433,0.5,0.3670886075949369,0.37716217111803374,0.39306945456955444,1.57548130016834,Medium,0.39306945456955444,Base
74:30,0.26439790575916433,0.5,0.3797468354430382,0.38138158040073417,0.39876565710120004,1.5901742362484461,Medium,0.39876565710120004,Base
75:00,0.26439790575916433,0.5,0.3797468354430382,0.38138158040073417,0.39876565710120004,1.5901742362484461,Medium,0.39876565710120004,Base
75:30,0.26439790575916433,0.5,0.39240506329113956,0.38560098968343465,0.40446185963284564,1.6050041986268848,Medium,0.40446185963284564,Base
76:00,0.26439790575916433,0.5,0.39240506329113956,0.38560098968343465,0.40446185963284564,1.6050041986268848,Medium,0.40446185963284564,Base
76:30,0.26439790575916433,0.5,0.39240506329113956,0.38560098968343465,0.40446185963284564,1.6050041986268848,Medium,0.40446185963284564,Base
77:00,0.26439790575916433,0.19999999999999973,0.39240506329113956,0.28560098968343456,0.29946185963284555,1.2161761093408878,Low,0.2994618596328457,Base
77:30,0.26439790575916433,0.19999999999999973,0.39240506329113956,0.28560098968343456,0.29946185963284555,1.2161761093408878,Low,0.2994618596328457,Base
78:00,0.26439790575916433,0.19999999999999973,0.40506329113924044,0.2898203989661348,0.305158062164491,1.2275181657872498,Low,0.3051580621644911,Base
78:30,0.26439790575916433,0.19999999999999973,0.40506329113924044,0.2898203989661348,0.305158062164491,1.2275181657872498,Low,0.3051580621644911,Base
79:00,0.26439790575916433,0.19999999999999973,0.40506329113924044,0.2898203989661348,0.305158062164491,1.2275181657872498,Low,0.3051580621644911,Base
79:30,0.26439790575916433,0.19999999999999973,0.4177215189873418,0.2940398082488353,0.3108542646961366,1.2389659982338517,Low,0.3108542646961367,Base
80:00,0.26439790575916433,0.19999999999999973,0.4177215189873418,0.2940398082488353,0.3108542646961366,1.2389659982338517,Low,0.3108542646961367,Base
80:30,0.26439790575916433,0.33333333333333304,0.40506329113924044,0.33426484341057927,0.3518247288311577,1.388591375150951,Medium,0.35182472883115773,Base
81:00,0.23560209424083922,0.33333333333333304,0.40506329113924044,0.32466623957113755,0.34606556652749265,1.3552723912827502,Low,0.3460655665274927,Base
81:30,0.26439790575916433,0.33333333333333304,0.40506329113924044,0.33426484341057927,0.3518247288311577,1.388591375150951,Medium,0.35182472883115773,Base
82:00,0.26439790575916433,0.33333333333333304,0.4177215189873418,0.3384842526932797,0.3575209313628033,1.401541376089902,Medium,0.35752093136280333,Base
82:30,0.23560209424083922,0.33333333333333304,0.4177215189873418,0.32888564885383803,0.35176176905913825,1.367911659431552,Medium,0.3517617690591383,Base
83:00,0.26439790575916433,0.33333333333333304,0.4177215189873418,0.3384842526932797,0.3575209313628033,1.401541376089902,Medium,0.35752093136280333,Base
83:30,0.23560209424083922,0.33333333333333304,0.4177215189873418,0.32888564885383803,0.35176176905913825,1.367911659431552,Medium,0.3517617690591383,Base
84:00,0.23560209424083922,0.33333333333333304,0.4303797468354431,0.33310505813653846,0.35745797159078385,1.3806688013748503,Medium,0.3574579715907839,Base
84:30,0.23560209424083922,0.3999999999999999,0.4303797468354431,0.35532728035876077,0.3807913049241172,1.4684622248848738,Medium,0.3807913049241172,Base
85:00,0.23560209424083922,0.3999999999999999,0.4303797468354431,0.35532728035876077,0.3807913049241172,1.4684622248848738,Medium,0.3807913049241172,Base
85:30,0.23560209424083922,0.3999999999999999,0.4303797468354431,0.35532728035876077,0.3807913049241172,1.4684622248848738,Medium,0.3807913049241172,Base
86:00,0.26439790575916433,0.3999999999999999,0.44303797468354444,0.3691452934809029,0.39224666975942785,1.5185955093892278,Medium,0.39224666975942785,Base
86:30,0.23560209424083922,0.3999999999999999,0.44303797468354444,0.3595466896414612,0.3864875074557628,1.4821571012404222,Medium,0.3864875074557628,Base
87:00,0.23560209424083922,0.3999999999999999,0.44303797468354444,0.3595466896414612,0.3864875074557628,1.4821571012404222,Medium,0.3864875074557628,Base
87:30,0.23560209424083922,0.6666666666666665,0.44303797468354444,0.44843557853035004,0.47982084078909615,1.7308492151076835,Medium,0.479820840789096,Base
88:00,0.23560209424083922,0.6666666666666665,0.44303797468354444,0.44843557853035004,0.47982084078909615,1.7308492151076835,Medium,0.479820840789096,Base
88:30,0.23560209424083922,0.6666666666666665,0.44303797468354444,0.44843557853035004,0.47982084078909615,1.7308492151076835,Medium,0.479820840789096,Base
89:00,0.23560209424083922,0.6666666666666665,0.44303797468354444,0.44843557853035004,0.47982084078909615,1.7308492151076835,Medium,0.479820840789096,Base
89:30,0.23560209424083922,0.6666666666666665,0.4556962025316458,0.4526549878130505,0.48551704332074175,1.7469911121134822,Medium,0.4855170433207416,Base
90:00,0.23560209424083922,0.6666666666666665,0.4556962025316458,0.4526549878130505,0.48551704332074175,1.7469911121134822,Medium,0.4855170433207416,Base
90:30,0.23560209424083922,0.6666666666666665,0.4683544303797471,0.45687439709575095,0.49121324585238735,1.7632835484248839,Medium,0.4912132458523872,Base
91:00,0.23560209424083922,0.5666666666666664,0.4683544303797471,0.42354106376241757,0.4562132458523873,1.7615311548957362,Medium,0.4562132458523872,Base
91:30,0.23560209424083922,0.5666666666666664,0.4683544303797471,0.42354106376241757,0.4562132458523873,1.7615311548957362,Medium,0.4562132458523872,Base
92:00,0.23560209424083922,0.5666666666666664,0.48101265822784844,0.42776047304511805,0.4619094483840329,1.7779591916228197,Medium,0.4619094483840328,Base
92:30,0.23560209424083922,0.5666666666666664,0.49367088607594933,0.4319798823278183,0.4676056509156783,1.7945404361940875,Medium,0.46760565091567824,Base
93:00,0.23560209424083922,0.5666666666666664,0.5063291139240507,0.4361992916105188,0.4733018534473239,1.8112763174256505,Medium,0.47330185344732384,Base
93:30,0.23560209424083922,0.5666666666666664,0.5063291139240507,0.4361992916105188,0.4733018534473239,1.8112763174256505,Medium,0.47330185344732384,Base
94:00,0.23560209424083922,0.5666666666666664,0.49367088607594933,0.4319798823278183,0.4676056509156783,1.7945404361940875,Medium,0.46760565091567824,Base
94:30,0.23560209424083922,0.733333333333333,0.5063291139240507,0.49175484716607426,0.5316351867806572,1.813078198073253,Medium,0.531635186780657,Base
95:00,0.2068062827225141,0.733333333333333,0.5063291139240507,0.4821562433266326,0.5258760244769922,1.7695737342587474,Medium,0.525876024476992,Base
95:30,0.23560209424083922,0.733333333333333,0.5063291139240507,0.49175484716607426,0.5316351867806572,1.813078198073253,Medium,0.531635186780657,Base
96:00,0.2068062827225141,0.733333333333333,0.5063291139240507,0.4821562433266326,0.5258760244769922,1.7695737342587474,Medium,0.525876024476992,Base
96:30,0.23560209424083922,0.733333333333333,0.5063291139240507,0.49175484716607426,0.5316351867806572,1.813078198073253,Medium,0.531635186780657,Base
97:00,0.2068062827225141,0.733333333333333,0.5063291139240507,0.4821562433266326,0.5258760244769922,1.7695737342587474,Medium,0.525876024476992,Base
97:30,0.2068062827225141,0.733333333333333,0.518987341772152,0.486375652609333,0.5315722270086378,1.7860767760680794,Medium,0.5315722270086376,Base
98:00,0.2068062827225141,0.5,0.518987341772152,0.40859787483155535,0.44990556034197127,1.6776255386184908,Medium,0.4499055603419712,Base
98:30,0.23560209424083922,0.5,0.5316455696202533,0.4224158879536975,0.4613609251772819,1.7348996563956267,Medium,0.46136092517728183,Base
99:00,0.2068062827225141,0.5,0.5316455696202533,0.41281728411425583,0.45560176287361687,1.6932710717026611,Medium,0.4556017628736168,Base
99:30,0.2068062827225141,0.5,0.5443037974683547,0.41703669339695626,0.46129796540526247,1.7090625150032968,Medium,0.4612979654052624,Base
100:00,0.2068062827225141,0.5,0.5443037974683547,0.41703669339695626,0.46129796540526247,1.7090625150032968,Medium,0.4612979654052624,Base
100:30,0.2068062827225141,0.5,0.5443037974683547,0.41703669339695626,0.46129796540526247,1.7090625150032968,Medium,0.4612979654052624,Base
101:00,0.2068062827225141,0.5,0.5443037974683547,0.41703669339695626,0.46129796540526247,1.7090625150032968,Medium,0.4612979654052624,Base
101:30,0.2068062827225141,0.5,0.556962025316456,0.4212561026796567,0.46699416793690807,1.7250012292788428,Medium,0.466994167936908,Base
102:00,0.2068062827225141,0.2333333333333334,0.556962025316456,0.33236721379076783,0.37366083460357474,1.3480200065274808,Low,0.3736608346035748,Base
102:30,0.2068062827225141,0.2333333333333334,0.5443037974683547,0.3281478045080674,0.36796463207192914,1.3355645338257345,Low,0.3679646320719292,Base
103:00,0.2068062827225141,0.2333333333333334,0.556962025316456,0.33236721379076783,0.37366083460357474,1.3480200065274808,Low,0.3736608346035748,Base
103:30,0.2068062827225141,0.2333333333333334,0.556962025316456,0.33236721379076783,0.37366083460357474,1.3480200065274808,Low,0.3736608346035748,Base
104:00,0.2068062827225141,0.2333333333333334,0.5696202531645573,0.33658662307346826,0.37935703713522034,1.360591638947679,Low,0.3793570371352204,Base
104:30,0.2068062827225141,0.2333333333333334,0.5696202531645573,0.33658662307346826,0.37935703713522034,1.360591638947679,Low,0.3793570371352204,Base
105:00,0.2068062827225141,0.2333333333333334,0.5696202531645573,0.33658662307346826,0.37935703713522034,1.360591638947679,Low,0.3793570371352204,Base
105:30,0.2068062827225141,0.2333333333333334,0.5822784810126582,0.3408060323561686,0.3850532396668657,1.3732805143916773,Medium,0.3850532396668658,Base
106:00,0.2068062827225141,0.0,0.5822784810126582,0.2630282545783908,0.30338657300019906,1.3184217378683325,Low,0.3033865730001992,Base
106:30,0.2068062827225141,0.0,0.5822784810126582,0.2630282545783908,0.30338657300019906,1.3184217378683325,Low,0.3033865730001992,Base
107:00,0.2068062827225141,0.0,0.5822784810126582,0.2630282545783908,0.30338657300019906,1.3184217378683325,Low,0.3033865730001992,Base
107:30,0.2068062827225141,0.0,0.5822784810126582,0.2630282545783908,0.30338657300019906,1.3184217378683325,Low,0.3033865730001992,Base
108:00,0.2068062827225141,0.0,0.5822784810126582,0.2630282545783908,0.30338657300019906,1.3184217378683325,Low,0.3033865730001992,Base
108:30,0.2068062827225141,0.0,0.5949367088607596,0.2672476638610912,0.30908277553184466,1.3307173368824574,Low,0.3090827755318448,Base
109:00,0.17539267015706983,0.0,0.5822784810126582,0.25255705038990933,0.2971038504871102,1.2839484440528888,Low,0.29710385048711035,Base
109:30,0.17539267015706983,0.4333333333333331,0.5822784810126582,0.3970014948343537,0.44877051715377675,1.6090601956137673,Medium,0.4487705171537767,Base
110:00,0.17539267015706983,0.4333333333333331,0.5822784810126582,0.3970014948343537,0.44877051715377675,1.6090601956137673,Medium,0.4487705171537767,Base
110:30,0.2068062827225141,0.4333333333333331,0.5949367088607596,0.4116921083055356,0.4607494421985112,1.6676715551224401,Medium,0.46074944219851116,Base
111:00,0.17539267015706983,0.4333333333333331,0.6075949367088609,0.4054403133997546,0.46016292221706795,1.6392123280216329,Medium,0.4601629222170679,Base
111:30,0.17539267015706983,0.4333333333333331,0.6075949367088609,0.4054403133997546,0.46016292221706795,1.6392123280216329,Medium,0.4601629222170679,Base
112:00,0.17539267015706983,0.4333333333333331,0.6075949367088609,0.4054403133997546,0.46016292221706795,1.6392123280216329,Medium,0.4601629222170679,Base
112:30,0.17539267015706983,0.4333333333333331,0.6202531645569622,0.40965972268245504,0.46585912474871355,1.6544996195653472,Medium,0.4658591247487135,Base
113:00,0.17539267015706983,0.4333333333333331,0.6202531645569622,0.40965972268245504,0.46585912474871355,1.6544996195653472,Medium,0.4658591247487135,Base
113:30,0.17539267015706983,0.4333333333333331,0.6202531645569622,0.40965972268245504,0.46585912474871355,1.6544996195653472,Medium,0.4658591247487135,Base
114:00,0.17539267015706983,0.4333333333333331,0.6202531645569622,0.40965972268245504,0.46585912474871355,1.6544996195653472,Medium,0.4658591247487135,Base
114:30,0.17539267015706983,0.4333333333333331,0.6329113924050636,0.4138791319651555,0.47155532728035915,1.6699294803654952,Medium,0.4715553272803591,Base
115:00,0.17539267015706983,0.4333333333333331,0.6329113924050636,0.4138791319651555,0.47155532728035915,1.6699294803654952,Medium,0.4715553272803591,Base
115:30,0.17539267015706983,0.4333333333333331,0.6329113924050636,0.4138791319651555,0.47155532728035915,1.6699294803654952,Medium,0.4715553272803591,Base
116:00,0.17539267015706983,0.4333333333333331,0.6455696202531649,0.41809854124785595,0.47725152981200475,1.6855032400227337,Medium,0.4772515298120047,Base
116:30,0.17539267015706983,0.4333333333333331,0.6455696202531649,0.41809854124785595,0.47725152981200475,1.6855032400227337,Medium,0.4772515298120047,Base
117:00,0.17539267015706983,0.46666666666666634,0.6455696202531649,0.429209652358967,0.4889181964786714,1.7382659600264032,Medium,0.4889181964786713,Base
117:30,0.17539267015706983,0.46666666666666634,0.6455696202531649,0.429209652358967,0.4889181964786714,1.7382659600264032,Medium,0.4889181964786713,Base
118:00,0.17539267015706983,0.46666666666666634,0.6455696202531649,0.429209652358967,0.4889181964786714,1.7382659600264032,Medium,0.4889181964786713,Base
118:30,0.17539267015706983,0.46666666666666634,0.6455696202531649,0.429209652358967,0.4889181964786714,1.7382659600264032,Medium,0.4889181964786713,Base
119:00,0.17539267015706983,0.46666666666666634,0.6455696202531649,0.429209652358967,0.4889181964786714,1.7382659600264032,Medium,0.4889181964786713,Base
119:30,0.17539267015706983,0.46666666666666634,0.6455696202531649,0.429209652358967,0.4889181964786714,1.7382659600264032,Medium,0.4889181964786713,Base
120:00,0.17539267015706983,0.6333333333333333,0.6455696202531649,0.48476520791452266,0.5472515298120048,1.9085693895616085,Medium,0.5472515298120046,Base
120:30,0.17539267015706983,0.6333333333333333,0.6582278481012658,0.48898461719722297,0.5529477323436501,1.9263687046295048,Medium,0.55294773234365,Base
121:00,0.17539267015706983,0.6333333333333333,0.6582278481012658,0.48898461719722297,0.5529477323436501,1.9263687046295048,Medium,0.55294773234365,Base
121:30,0.14659685863874472,0.6333333333333333,0.6582278481012658,0.47938601335778125,0.5471885700399851,1.8801458568267955,Medium,0.547188570039985,Base
122:00,0.14659685863874472,0.6333333333333333,0.6708860759493671,0.48360542264048173,0.5528847725716307,1.8976800940739662,Medium,0.5528847725716306,Base
122:30,0.14659685863874472,0.6333333333333333,0.6708860759493671,0.48360542264048173,0.5528847725716307,1.8976800940739662,Medium,0.5528847725716306,Base
123:00,0.14659685863874472,0.6333333333333333,0.6708860759493671,0.48360542264048173,0.5528847725716307,1.8976800940739662,Medium,0.5528847725716306,Base
123:30,0.14659685863874472,0.5666666666666664,0.6708860759493671,0.4613832004182594,0.5295514392382974,1.895794134030717,Medium,0.5295514392382972,Base
124:00,0.14659685863874472,0.5666666666666664,0.6835443037974684,0.46560260970095985,0.535247641769943,1.9134743070860094,Medium,0.5352476417699428,Base
124:30,0.14659685863874472,0.5666666666666664,0.6835443037974684,0.46560260970095985,0.535247641769943,1.9134743070860094,Medium,0.5352476417699428,Base
125:00,0.17539267015706983,0.5666666666666664,0.6962025316455698,0.479420622823102,0.5467030066052536,1.9788002992724516,High,0.5467030066052534,Base
125:30,0.14659685863874472,0.5666666666666664,0.6835443037974684,0.46560260970095985,0.535247641769943,1.9134743070860094,Medium,0.5352476417699428,Base
126:00,0.14659685863874472,0.5666666666666664,0.6835443037974684,0.46560260970095985,0.535247641769943,1.9134743070860094,Medium,0.5352476417699428,Base
126:30,0.14659685863874472,0.5666666666666664,0.6835443037974684,0.46560260970095985,0.535247641769943,1.9134743070860094,Medium,0.5352476417699428,Base
127:00,0.14659685863874472,0.5,0.6835443037974684,0.4433803874787377,0.5119143084366097,1.7990754091295298,Medium,0.5119143084366096,Base
127:30,0.14659685863874472,0.5,0.6962025316455698,0.4475997967614382,0.5176105109682553,1.8158535835114198,Medium,0.5176105109682552,Base
128:00,0.14659685863874472,0.5,0.6962025316455698,0.4475997967614382,0.5176105109682553,1.8158535835114198,Medium,0.5176105109682552,Base
128:30,0.14659685863874472,0.5,0.6962025316455698,0.4475997967614382,0.5176105109682553,1.8158535835114198,Medium,0.5176105109682552,Base
129:00,0.14659685863874472,0.5,0.7088607594936711,0.4518192060441386,0.5233067134999009,1.8327882311207024,Medium,0.5233067134999008,Base
129:30,0.14659685863874472,0.5,0.7088607594936711,0.4518192060441386,0.5233067134999009,1.8327882311207024,Medium,0.5233067134999008,Base
130:00,0.14659685863874472,0.5,0.7088607594936711,0.4518192060441386,0.5233067134999009,1.8327882311207024,Medium,0.5233067134999008,Base
130:30,0.14659685863874472,0.5333333333333332,0.7215189873417724,0.4671497264379501,0.5406695826982131,1.9077891800537785,Medium,0.5406695826982131,Base
131:00,0.14659685863874472,0.5333333333333332,0.7215189873417724,0.4671497264379501,0.5406695826982131,1.9077891800537785,Medium,0.5406695826982131,Base
131:30,0.14659685863874472,0.5333333333333332,0.7215189873417724,0.4671497264379501,0.5406695826982131,1.9077891800537785,Medium,0.5406695826982131,Base
132:00,0.14659685863874472,0.5333333333333332,0.7215189873417724,0.4671497264379501,0.5406695826982131,1.9077891800537785,Medium,0.5406695826982131,Base
132:30,0.14659685863874472,0.5333333333333332,0.7215189873417724,0.4671497264379501,0.5406695826982131,1.9077891800537785,Medium,0.5406695826982131,Base
133:00,0.14659685863874472,0.5333333333333332,0.7341772151898738,0.4713691357206506,0.5463657852298587,1.925581218889056,Medium,0.5463657852298587,Base
133:30,0.14659685863874472,0.5333333333333332,0.7341772151898738,0.4713691357206506,0.5463657852298587,1.925581218889056,Medium,0.5463657852298587,Base
134:00,0.14659685863874472,0.5,0.7341772151898738,0.4602580246095395,0.5346991185631921,1.8671327967068576,Medium,0.534699118563192,Base
134:30,0.14659685863874472,0.5,0.7341772151898738,0.4602580246095395,0.5346991185631921,1.8671327967068576,Medium,0.534699118563192,Base
135:00,0.14659685863874472,0.5,0.7341772151898738,0.4602580246095395,0.5346991185631921,1.8671327967068576,Medium,0.534699118563192,Base
135:30,0.11780104712041961,0.5,0.7468354430379747,0.4548788300527981,0.5346361587911725,1.840508626792027,Medium,0.5346361587911723,Base
136:00,0.14659685863874472,0.5,0.7468354430379747,0.4644774338922398,0.5403953210948376,1.884545674176207,Medium,0.5403953210948373,Base
136:30,0.11780104712041961,0.5,0.7468354430379747,0.4548788300527981,0.5346361587911725,1.840508626792027,Medium,0.5346361587911723,Base
137:00,0.14659685863874472,0.5,0.7468354430379747,0.4644774338922398,0.5403953210948376,1.884545674176207,Medium,0.5403953210948373,Base
137:30,0.11780104712041961,0.5,0.759493670886076,0.45909823933549854,0.5403323613228181,1.8576732072954263,Medium,0.5403323613228179,Base
138:00,0.11780104712041961,0.5,0.759493670886076,0.45909823933549854,0.5403323613228181,1.8576732072954263,Medium,0.5403323613228179,Base
138:30,0.11780104712041961,0.5,0.759493670886076,0.45909823933549854,0.5403323613228181,1.8576732072954263,Medium,0.5403323613228179,Base
139:00,0.11780104712041961,0.5,0.759493670886076,0.45909823933549854,0.5403323613228181,1.8576732072954263,Medium,0.5403323613228179,Base
139:30,0.11780104712041961,0.5,0.7721518987341773,0.46331764861819896,0.5460285638544637,1.874997864649088,Medium,0.5460285638544635,Base
140:00,0.11780104712041961,0.5,0.7721518987341773,0.46331764861819896,0.5460285638544637,1.874997864649088,Medium,0.5460285638544635,Base
140:30,0.11780104712041961,0.5,0.7721518987341773,0.46331764861819896,0.5460285638544637,1.874997864649088,Medium,0.5460285638544635,Base
141:00,0.14659685863874472,0.5,0.7721518987341773,0.4729162524576407,0.5517877261581288,1.9198601209889046,Medium,0.5517877261581285,Base
141:30,0.11780104712041961,0.4333333333333331,0.7721518987341773,0.4410954263959767,0.5226952305211303,1.7628993177324772,Medium,0.5226952305211301,Base
142:00,0.11780104712041961,0.4333333333333331,0.7721518987341773,0.4410954263959767,0.5226952305211303,1.7628993177324772,Medium,0.5226952305211301,Base
142:30,0.11780104712041961,0.4333333333333331,0.7721518987341773,0.4410954263959767,0.5226952305211303,1.7628993177324772,Medium,0.5226952305211301,Base
143:00,0.11780104712041961,0.4333333333333331,0.7848101265822787,0.44531483567867713,0.5283914330527759,1.779340113943983,Medium,0.5283914330527757,Base
143:30,0.11780104712041961,0.4333333333333331,0.7848101265822787,0.44531483567867713,0.5283914330527759,1.779340113943983,Medium,0.5283914330527757,Base
144:00,0.11780104712041961,0.4333333333333331,0.7848101265822787,0.44531483567867713,0.5283914330527759,1.779340113943983,Medium,0.5283914330527757,Base
144:30,0.11780104712041961,0.4333333333333331,0.7848101265822787,0.44531483567867713,0.5283914330527759,1.779340113943983,Medium,0.5283914330527757,Base
145:00,0.11780104712041961,0.2999999999999998,0.7848101265822787,0.4008703912342327,0.4817247663861093,1.572941004867438,Medium,0.4817247663861093,Base
145:30,0.11780104712041961,0.2999999999999998,0.7848101265822787,0.4008703912342327,0.4817247663861093,1.572941004867438,Medium,0.4817247663861093,Base
146:00,0.11780104712041961,0.2999999999999998,0.79746835443038,0.40508980051693316,0.4874209689177549,1.58761025015764,Medium,0.4874209689177549,Base
146:30,0.11780104712041961,0.2999999999999998,0.79746835443038,0.40508980051693316,0.4874209689177549,1.58761025015764,Medium,0.4874209689177549,Base
147:00,0.11780104712041961,0.2999999999999998,0.79746835443038,0.40508980051693316,0.4874209689177549,1.58761025015764,Medium,0.4874209689177549,Base
147:30,0.11780104712041961,0.2999999999999998,0.79746835443038,0.40508980051693316,0.4874209689177549,1.58761025015764,Medium,0.4874209689177549,Base
148:00,0.11780104712041961,0.2999999999999998,0.79746835443038,0.40508980051693316,0.4874209689177549,1.58761025015764,Medium,0.4874209689177549,Base
148:30,0.11780104712041961,0.3999999999999999,0.8101265822784813,0.44264254313296697,0.5281171714494004,1.7576615643279878,Medium,0.5281171714494004,Base
149:00,0.11780104712041961,0.3999999999999999,0.8101265822784813,0.44264254313296697,0.5281171714494004,1.7576615643279878,Medium,0.5281171714494004,Base
149:30,0.11780104712041961,0.3999999999999999,0.8101265822784813,0.44264254313296697,0.5281171714494004,1.7576615643279878,Medium,0.5281171714494004,Base
150:00,0.11780104712041961,0.3999999999999999,0.8227848101265822,0.44686195241566723,0.5338133739810458,1.7740535132596384,Medium,0.5338133739810458,Base
150:30,0.11780104712041961,0.3999999999999999,0.8227848101265822,0.44686195241566723,0.5338133739810458,1.7740535132596384,Medium,0.5338133739810458,Base
151:00,0.11780104712041961,0.3999999999999999,0.8227848101265822,0.44686195241566723,0.5338133739810458,1.7740535132596384,Medium,0.5338133739810458,Base
151:30,0.11780104712041961,0.3999999999999999,0.8227848101265822,0.44686195241566723,0.5338133739810458,1.7740535132596384,Medium,0.5338133739810458,Base
152:00,0.11780104712041961,0.3999999999999999,0.8227848101265822,0.44686195241566723,0.5338133739810458,1.7740535132596384,Medium,0.5338133739810458,Base
152:30,0.11780104712041961,0.33333333333333304,0.8227848101265822,0.424639730193445,0.5104800406477125,1.667990021274845,Medium,0.5104800406477124,Base
153:00,0.11780104712041961,0.33333333333333304,0.8227848101265822,0.424639730193445,0.5104800406477125,1.667990021274845,Medium,0.5104800406477124,Base
153:30,0.11780104712041961,0.33333333333333304,0.8227848101265822,0.424639730193445,0.5104800406477125,1.667990021274845,Medium,0.5104800406477124,Base
154:00,0.11780104712041961,0.33333333333333304,0.8354430379746836,0.4288591394761454,0.5161762431793581,1.6835456935397128,Medium,0.516176243179358,Base
154:30,0.08638743455497178,0.33333333333333304,0.8354430379746836,0.41838793528766277,0.5098935206662686,1.6835456935397128,Medium,0.5098935206662685,Base
155:00,0.08638743455497178,0.33333333333333304,0.8481012658227849,0.42260734457036325,0.5155897231979142,1.6992464379791892,Medium,0.5155897231979141,Base
155:30,0.11780104712041961,0.33333333333333304,0.8481012658227849,0.4330785487588458,0.5218724457110037,1.6992464379791892,Medium,0.5218724457110036,Base
156:00,0.11780104712041961,0.4333333333333331,0.8481012658227849,0.4664118820921792,0.5568724457110037,1.8638727968850282,Medium,0.5568724457110037,Base
156:30,0.08638743455497178,0.4333333333333331,0.8481012658227849,0.4559406779036966,0.5505897231979142,1.8638727968850282,Medium,0.5505897231979142,Base
157:00,0.08638743455497178,0.4333333333333331,0.8481012658227849,0.4559406779036966,0.5505897231979142,1.8638727968850282,Medium,0.5505897231979142,Base
157:30,0.08638743455497178,0.4333333333333331,0.8481012658227849,0.4559406779036966,0.5505897231979142,1.8638727968850282,Medium,0.5505897231979142,Base
158:00,0.08638743455497178,0.4333333333333331,0.8481012658227849,0.4559406779036966,0.5505897231979142,1.8638727968850282,Medium,0.5505897231979142,Base
158:30,0.11780104712041961,0.4333333333333331,0.8481012658227849,0.4664118820921792,0.5568724457110037,1.8638727968850282,Medium,0.5568724457110037,Base
159:00,0.08638743455497178,0.4333333333333331,0.8481012658227849,0.4559406779036966,0.5505897231979142,1.8638727968850282,Medium,0.5505897231979142,Base
159:30,0.08638743455497178,0.3999999999999999,0.8607594936708862,0.449048976075286,0.5446192590628931,1.824152303796835,Medium,0.5446192590628931,Base
160:00,0.08638743455497178,0.3999999999999999,0.8607594936708862,0.449048976075286,0.5446192590628931,1.824152303796835,Medium,0.5446192590628931,Base
160:30,0.08638743455497178,0.3999999999999999,0.8607594936708862,0.449048976075286,0.5446192590628931,1.824152303796835,Medium,0.5446192590628931,Base
161:00,0.08638743455497178,0.3999999999999999,0.8607594936708862,0.449048976075286,0.5446192590628931,1.824152303796835,Medium,0.5446192590628931,Base
161:30,0.08638743455497178,0.3999999999999999,0.8607594936708862,0.449048976075286,0.5446192590628931,1.824152303796835,Medium,0.5446192590628931,Base
162:00,0.08638743455497178,0.3999999999999999,0.8607594936708862,0.449048976075286,0.5446192590628931,1.824152303796835,Medium,0.5446192590628931,Base
162:30,0.08638743455497178,0.3999999999999999,0.8607594936708862,0.449048976075286,0.5446192590628931,1.824152303796835,Medium,0.5446192590628931,Base
163:00,0.08638743455497178,0.3999999999999999,0.8607594936708862,0.449048976075286,0.5446192590628931,1.824152303796835,Medium,0.5446192590628931,Base
163:30,0.08638743455497178,0.2666666666666666,0.8607594936708862,0.40460453163084154,0.49795259239622647,1.6125550901033505,Medium,0.49795259239622647,Base
164:00,0.08638743455497178,0.2666666666666666,0.8734177215189876,0.40882394091354196,0.5036487949278721,1.6275937762889667,Medium,0.5036487949278721,Base
164:30,0.08638743455497178,0.2666666666666666,0.8734177215189876,0.40882394091354196,0.5036487949278721,1.6275937762889667,Medium,0.5036487949278721,Base
165:00,0.08638743455497178,0.2666666666666666,0.8734177215189876,0.40882394091354196,0.5036487949278721,1.6275937762889667,Medium,0.5036487949278721,Base
165:30,0.08638743455497178,0.2666666666666666,0.8734177215189876,0.40882394091354196,0.5036487949278721,1.6275937762889667,Medium,0.5036487949278721,Base
166:00,0.08638743455497178,0.2666666666666666,0.8860759493670889,0.41304335019624244,0.5093449974595177,1.6427727132378456,Medium,0.5093449974595177,Base
166:30,0.08638743455497178,0.2666666666666666,0.8860759493670889,0.41304335019624244,0.5093449974595177,1.6427727132378456,Medium,0.5093449974595177,Base
167:00,0.08638743455497178,0.4333333333333331,0.8860759493670889,0.4685989057517979,0.567678330792851,1.9165080596553996,Medium,0.567678330792851,Base
167:30,0.08638743455497178,0.4333333333333331,0.8860759493670889,0.4685989057517979,0.567678330792851,1.9165080596553996,Medium,0.567678330792851,Base
168:00,0.08638743455497178,0.4333333333333331,0.8860759493670889,0.4685989057517979,0.567678330792851,1.9165080596553996,Medium,0.567678330792851,Base
168:30,0.08638743455497178,0.4333333333333331,0.8860759493670889,0.4685989057517979,0.567678330792851,1.9165080596553996,Medium,0.567678330792851,Base
169:00,0.08638743455497178,0.4333333333333331,0.8860759493670889,0.4685989057517979,0.567678330792851,1.9165080596553996,Medium,0.567678330792851,Base
169:30,0.08638743455497178,0.4333333333333331,0.8987341772151902,0.4728183150344984,0.5733745333244966,1.9343814107478665,High,0.5733745333244964,Base
170:00,0.08638743455497178,0.4333333333333331,0.8987341772151902,0.4728183150344984,0.5733745333244966,1.9343814107478665,High,0.5733745333244964,Base
170:30,0.08638743455497178,0.33333333333333304,0.8860759493670889,0.4352655724184646,0.532678330792851,1.7472326969793357,Medium,0.5326783307928509,Base
171:00,0.08638743455497178,0.33333333333333304,0.8860759493670889,0.4352655724184646,0.532678330792851,1.7472326969793357,Medium,0.5326783307928509,Base
171:30,0.08638743455497178,0.33333333333333304,0.8860759493670889,0.4352655724184646,0.532678330792851,1.7472326969793357,Medium,0.5326783307928509,Base
172:00,0.08638743455497178,0.33333333333333304,0.8860759493670889,0.4352655724184646,0.532678330792851,1.7472326969793357,Medium,0.5326783307928509,Base
172:30,0.08638743455497178,0.33333333333333304,0.8860759493670889,0.4352655724184646,0.532678330792851,1.7472326969793357,Medium,0.5326783307928509,Base
173:00,0.08638743455497178,0.33333333333333304,0.8860759493670889,0.4352655724184646,0.532678330792851,1.7472326969793357,Medium,0.5326783307928509,Base
173:30,0.08638743455497178,0.33333333333333304,0.8860759493670889,0.4352655724184646,0.532678330792851,1.7472326969793357,Medium,0.5326783307928509,Base
174:00,0.08638743455497178,0.46666666666666634,0.8860759493670889,0.479710016862909,0.5793449974595176,1.9765021170592938,High,0.5793449974595175,Base
174:30,0.08638743455497178,0.46666666666666634,0.8860759493670889,0.479710016862909,0.5793449974595176,1.9765021170592938,High,0.5793449974595175,Base
175:00,0.08638743455497178,0.46666666666666634,0.8860759493670889,0.479710016862909,0.5793449974595176,1.9765021170592938,High,0.5793449974595175,Base
175:30,0.08638743455497178,0.46666666666666634,0.8860759493670889,0.479710016862909,0.5793449974595176,1.9765021170592938,High,0.5793449974595175,Base
176:00,0.057591623036646666,0.46666666666666634,0.8860759493670889,0.4701114130234673,0.5735858351558526,1.9765021170592938,High,0.5735858351558525,Base
176:30,0.057591623036646666,0.46666666666666634,0.8734177215189876,0.46589200374076684,0.567889632624207,1.9582395778946173,High,0.5678896326242069,Base
177:00,0.057591623036646666,0.46666666666666634,0.8734177215189876,0.46589200374076684,0.567889632624207,1.9582395778946173,High,0.5678896326242069,Base
177:30,0.057591623036646666,0.46666666666666634,0.8734177215189876,0.46589200374076684,0.567889632624207,1.9582395778946173,High,0.5678896326242069,Base
178:00,0.057591623036646666,0.3666666666666667,0.8734177215189876,0.4325586704074336,0.5328896326242071,1.7852782834796412,Medium,0.5328896326242072,Base
178:30,0.057591623036646666,0.3666666666666667,0.8860759493670889,0.4367780796901341,0.5385858351558527,1.801927785889835,Medium,0.5385858351558528,Base
179:00,0.057591623036646666,0.3666666666666667,0.8860759493670889,0.4367780796901341,0.5385858351558527,1.801927785889835,Medium,0.5385858351558528,Base
179:30,0.057591623036646666,0.3666666666666667,0.8860759493670889,0.4367780796901341,0.5385858351558527,1.801927785889835,Medium,0.5385858351558528,Base
180:00,0.08638743455497178,0.3666666666666667,0.8987341772151902,0.45059609281227625,0.5500411999911633,1.8187325615328196,Medium,0.5500411999911632,Base
180:30,0.057591623036646666,0.3666666666666667,0.8987341772151902,0.44099748897283453,0.5442820376874983,1.8187325615328196,Medium,0.5442820376874982,Base
181:00,0.057591623036646666,0.3666666666666667,0.8987341772151902,0.44099748897283453,0.5442820376874983,1.8187325615328196,Medium,0.5442820376874982,Base
181:30,0.057591623036646666,0.46666666666666634,0.8987341772151902,0.47433082230616774,0.5792820376874982,1.994934972634948,High,0.5792820376874981,Base
182:00,0.057591623036646666,0.46666666666666634,0.8987341772151902,0.47433082230616774,0.5792820376874982,1.994934972634948,High,0.5792820376874981,Base
182:30,0.057591623036646666,0.46666666666666634,0.8987341772151902,0.47433082230616774,0.5792820376874982,1.994934972634948,High,0.5792820376874981,Base
183:00,0.057591623036646666,0.46666666666666634,0.9113924050632916,0.47855023158886817,0.5849782402191438,2.0135397329921556,High,0.5849782402191437,Base
183:30,0.057591623036646666,0.46666666666666634,0.9113924050632916,0.47855023158886817,0.5849782402191438,2.0135397329921556,High,0.5849782402191437,Base
184:00,0.057591623036646666,0.46666666666666634,0.8987341772151902,0.47433082230616774,0.5792820376874982,1.994934972634948,High,0.5792820376874981,Base
184:30,0.057591623036646666,0.7666666666666666,0.8987341772151902,0.5743308223061678,0.6842820376874983,2.1903850794381046,High,0.6842820376874981,Base
185:00,0.057591623036646666,0.7666666666666666,0.9113924050632916,0.5785502315888683,0.6899782402191439,2.210812607178081,High,0.6899782402191437,Base
185:30,0.057591623036646666,0.7666666666666666,0.9113924050632916,0.5785502315888683,0.6899782402191439,2.210812607178081,High,0.6899782402191437,Base
186:00,0.057591623036646666,0.7666666666666666,0.9113924050632916,0.5785502315888683,0.6899782402191439,2.210812607178081,High,0.6899782402191437,Base
186:30,0.057591623036646666,0.7666666666666666,0.9113924050632916,0.5785502315888683,0.6899782402191439,2.210812607178081,High,0.6899782402191437,Base
187:00,0.057591623036646666,0.7666666666666666,0.9113924050632916,0.5785502315888683,0.6899782402191439,2.210812607178081,High,0.6899782402191437,Base
187:30,0.057591623036646666,0.7666666666666666,0.9113924050632916,0.5785502315888683,0.6899782402191439,2.210812607178081,High,0.6899782402191437,Base
188:00,0.057591623036646666,0.46666666666666634,0.9113924050632916,0.47855023158886817,0.5849782402191438,2.0135397329921556,High,0.5849782402191437,Base
188:30,0.057591623036646666,0.46666666666666634,0.9113924050632916,0.47855023158886817,0.5849782402191438,2.0135397329921556,High,0.5849782402191437,Base
189:00,0.057591623036646666,0.46666666666666634,0.9113924050632916,0.47855023158886817,0.5849782402191438,2.0135397329921556,High,0.5849782402191437,Base
189:30,0.057591623036646666,0.46666666666666634,0.9113924050632916,0.47855023158886817,0.5849782402191438,2.0135397329921556,High,0.5849782402191437,Base
190:00,0.057591623036646666,0.46666666666666634,0.9113924050632916,0.47855023158886817,0.5849782402191438,2.0135397329921556,High,0.5849782402191437,Base
190:30,0.057591623036646666,0.46666666666666634,0.8987341772151902,0.47433082230616774,0.5792820376874982,1.994934972634948,High,0.5792820376874981,Base
191:00,0.057591623036646666,0.46666666666666634,0.8987341772151902,0.47433082230616774,0.5792820376874982,1.994934972634948,High,0.5792820376874981,Base
191:30,0.057591623036646666,0.46666666666666634,0.8987341772151902,0.47433082230616774,0.5792820376874982,1.994934972634948,High,0.5792820376874981,Base
192:00,0.057591623036646666,0.5,0.8987341772151902,0.485441933417279,0.590948704354165,2.057384093400356,High,0.5909487043541648,Base
192:30,0.057591623036646666,0.5,0.8987341772151902,0.485441933417279,0.590948704354165,2.057384093400356,High,0.5909487043541648,Base
193:00,0.057591623036646666,0.5,0.8987341772151902,0.485441933417279,0.590948704354165,2.057384093400356,High,0.5909487043541648,Base
193:30,0.057591623036646666,0.5,0.8860759493670889,0.4812225241345785,0.5852525018225194,2.0383742187039364,High,0.5852525018225192,Base
194:00,0.02879581151832511,0.5,0.8860759493670889,0.471623920295138,0.5794933395188551,2.0383742187039364,High,0.5794933395188548,Base
194:30,0.02879581151832511,0.5,0.8860759493670889,0.471623920295138,0.5794933395188551,2.0383742187039364,High,0.5794933395188548,Base
195:00,0.02879581151832511,0.5,0.8860759493670889,0.471623920295138,0.5794933395188551,2.0383742187039364,High,0.5794933395188548,Base
195:30,0.02879581151832511,0.4333333333333331,0.8860759493670889,0.4494016980729157,0.5561600061855216,1.9165080596553996,Medium,0.5561600061855216,Base
196:00,0.02879581151832511,0.4333333333333331,0.8860759493670889,0.4494016980729157,0.5561600061855216,1.9165080596553996,Medium,0.5561600061855216,Base
196:30,0.02879581151832511,0.4333333333333331,0.8734177215189876,0.44518228879021526,0.550463803653876,1.8987998552488443,Medium,0.550463803653876,Base
197:00,0.02879581151832511,0.4333333333333331,0.8607594936708862,0.44096287950751484,0.5447676011222304,1.8812552716012652,Medium,0.5447676011222304,Base
197:30,0.02879581151832511,0.4333333333333331,0.8607594936708862,0.44096287950751484,0.5447676011222304,1.8812552716012652,Medium,0.5447676011222304,Base
198:00,0.02879581151832511,0.4333333333333331,0.8734177215189876,0.44518228879021526,0.550463803653876,1.8987998552488443,Medium,0.550463803653876,Base
198:30,0.02879581151832511,0.4333333333333331,0.8734177215189876,0.44518228879021526,0.550463803653876,1.8987998552488443,Medium,0.550463803653876,Base
199:00,0.02879581151832511,0.2999999999999998,0.8860759493670889,0.4049572536284713,0.509493339518855,1.6941978037627783,Medium,0.509493339518855,Base
199:30,0.02879581151832511,0.2999999999999998,0.8860759493670889,0.4049572536284713,0.509493339518855,1.6941978037627783,Medium,0.509493339518855,Base
200:00,0.02879581151832511,0.2999999999999998,0.8860759493670889,0.4049572536284713,0.509493339518855,1.6941978037627783,Medium,0.509493339518855,Base
200:30,0.02879581151832511,0.2999999999999998,0.8860759493670889,0.4049572536284713,0.509493339518855,1.6941978037627783,Medium,0.509493339518855,Base
201:00,0.02879581151832511,0.2999999999999998,0.8860759493670889,0.4049572536284713,0.509493339518855,1.6941978037627783,Medium,0.509493339518855,Base
201:30,0.02879581151832511,0.2999999999999998,0.8987341772151902,0.4091766629111717,0.5151895420505006,1.7099978897651213,Medium,0.5151895420505006,Base
202:00,0.02879581151832511,0.2999999999999998,0.8860759493670889,0.4049572536284713,0.509493339518855,1.6941978037627783,Medium,0.509493339518855,Base
202:30,0.02879581151832511,0.3999999999999999,0.8987341772151902,0.4425099962445051,0.5501895420505005,1.8756658706046065,Medium,0.5501895420505005,Base
203:00,0.02879581151832511,0.3999999999999999,0.8987341772151902,0.4425099962445051,0.5501895420505005,1.8756658706046065,Medium,0.5501895420505005,Base
203:30,0.02879581151832511,0.3999999999999999,0.8987341772151902,0.4425099962445051,0.5501895420505005,1.8756658706046065,Medium,0.5501895420505005,Base
204:00,0.02879581151832511,0.3999999999999999,0.8987341772151902,0.4425099962445051,0.5501895420505005,1.8756658706046065,Medium,0.5501895420505005,Base
204:30,0.02879581151832511,0.3999999999999999,0.8987341772151902,0.4425099962445051,0.5501895420505005,1.8756658706046065,Medium,0.5501895420505005,Base
205:00,0.02879581151832511,0.3999999999999999,0.8987341772151902,0.4425099962445051,0.5501895420505005,1.8756658706046065,Medium,0.5501895420505005,Base
205:30,0.02879581151832511,0.3999999999999999,0.8987341772151902,0.4425099962445051,0.5501895420505005,1.8756658706046065,Medium,0.5501895420505005,Base
206:00,0.02879581151832511,0.5666666666666664,0.8987341772151902,0.49806555180006057,0.6085228753838339,2.188208222152175,High,0.6085228753838337,Base
206:30,0.02879581151832511,0.5666666666666664,0.8987341772151902,0.49806555180006057,0.6085228753838339,2.188208222152175,High,0.6085228753838337,Base
207:00,0.02879581151832511,0.5666666666666664,0.8987341772151902,0.49806555180006057,0.6085228753838339,2.188208222152175,High,0.6085228753838337,Base
207:30,0.02879581151832511,0.5666666666666664,0.8987341772151902,0.49806555180006057,0.6085228753838339,2.188208222152175,High,0.6085228753838337,Base
208:00,0.02879581151832511,0.5666666666666664,0.8987341772151902,0.49806555180006057,0.6085228753838339,2.188208222152175,High,0.6085228753838337,Base
208:30,0.02879581151832511,0.5666666666666664,0.8987341772151902,0.49806555180006057,0.6085228753838339,2.188208222152175,High,0.6085228753838337,Base
209:00,0.02879581151832511,0.5666666666666664,0.8987341772151902,0.49806555180006057,0.6085228753838339,2.188208222152175,High,0.6085228753838337,Base
209:30,0.02879581151832511,0.5666666666666664,0.8987341772151902,0.49806555180006057,0.6085228753838339,2.188208222152175,High,0.6085228753838337,Base
210:00,0.02879581151832511,0.3666666666666667,0.8987341772151902,0.43139888513339403,0.5385228753838339,1.8187325615328196,Medium,0.5385228753838338,Base
210:30,0.02879581151832511,0.3666666666666667,0.8987341772151902,0.43139888513339403,0.5385228753838339,1.8187325615328196,Medium,0.5385228753838338,Base
211:00,0.02879581151832511,0.3666666666666667,0.8987341772151902,0.43139888513339403,0.5385228753838339,1.8187325615328196,Medium,0.5385228753838338,Base
211:30,0.02879581151832511,0.3666666666666667,0.8987341772151902,0.43139888513339403,0.5385228753838339,1.8187325615328196,Medium,0.5385228753838338,Base
212:00,0.02879581151832511,0.3666666666666667,0.8987341772151902,0.43139888513339403,0.5385228753838339,1.8187325615328196,Medium,0.5385228753838338,Base
212:30,0.02879581151832511,0.3666666666666667,0.8860759493670889,0.42717947585069355,0.5328266728521883,1.801927785889835,Medium,0.5328266728521884,Base
213:00,0.02879581151832511,0.3666666666666667,0.8734177215189876,0.4229600665679931,0.5271304703205427,1.7852782834796412,Medium,0.5271304703205428,Base
213:30,0.02879581151832511,0.2666666666666666,0.8734177215189876,0.38962673323465974,0.49213047032054275,1.6275937762889667,Medium,0.49213047032054275,Base
214:00,0.02879581151832511,0.2666666666666666,0.8734177215189876,0.38962673323465974,0.49213047032054275,1.6275937762889667,Medium,0.49213047032054275,Base
214:30,0.02879581151832511,0.2666666666666666,0.8734177215189876,0.38962673323465974,0.49213047032054275,1.6275937762889667,Medium,0.49213047032054275,Base
215:00,0.02879581151832511,0.2666666666666666,0.8734177215189876,0.38962673323465974,0.49213047032054275,1.6275937762889667,Medium,0.49213047032054275,Base
215:30,0.02879581151832511,0.2666666666666666,0.8860759493670889,0.3938461425173602,0.49782667285218835,1.6427727132378456,Medium,0.49782667285218835,Base
216:00,0.02879581151832511,0.2666666666666666,0.8860759493670889,0.3938461425173602,0.49782667285218835,1.6427727132378456,Medium,0.49782667285218835,Base
216:30,0.02879581151832511,0.2666666666666666,0.8860759493670889,0.3938461425173602,0.49782667285218835,1.6427727132378456,Medium,0.49782667285218835,Base
217:00,0.02879581151832511,0.4333333333333331,0.8860759493670889,0.4494016980729157,0.5561600061855216,1.9165080596553996,Medium,0.5561600061855216,Base
217:30,0.02879581151832511,0.4333333333333331,0.8860759493670889,0.4494016980729157,0.5561600061855216,1.9165080596553996,Medium,0.5561600061855216,Base
218:00,0.02879581151832511,0.4333333333333331,0.8860759493670889,0.4494016980729157,0.5561600061855216,1.9165080596553996,Medium,0.5561600061855216,Base
218:30,0.02879581151832511,0.4333333333333331,0.8734177215189876,0.44518228879021526,0.550463803653876,1.8987998552488443,Medium,0.550463803653876,Base
219:00,0.02879581151832511,0.4333333333333331,0.8734177215189876,0.44518228879021526,0.550463803653876,1.8987998552488443,Medium,0.550463803653876,Base
219:30,0.02879581151832511,0.4333333333333331,0.8734177215189876,0.44518228879021526,0.550463803653876,1.8987998552488443,Medium,0.550463803653876,Base
220:00,0.02879581151832511,0.4333333333333331,0.8734177215189876,0.44518228879021526,0.550463803653876,1.8987998552488443,Medium,0.550463803653876,Base
220:30,0.02879581151832511,0.4333333333333331,0.8860759493670889,0.4494016980729157,0.5561600061855216,1.9165080596553996,Medium,0.5561600061855216,Base
221:00,0.02879581151832511,0.2666666666666666,0.8860759493670889,0.3938461425173602,0.49782667285218835,1.6427727132378456,Medium,0.49782667285218835,Base
221:30,0.02879581151832511,0.2666666666666666,0.8860759493670889,0.3938461425173602,0.49782667285218835,1.6427727132378456,Medium,0.49782667285218835,Base
222:00,0.02879581151832511,0.2666666666666666,0.8860759493670889,0.3938461425173602,0.49782667285218835,1.6427727132378456,Medium,0.49782667285218835,Base
222:30,0.02879581151832511,0.2666666666666666,0.8860759493670889,0.3938461425173602,0.49782667285218835,1.6427727132378456,Medium,0.49782667285218835,Base
223:00,0.02879581151832511,0.2666666666666666,0.8987341772151902,0.39806555180006065,0.5035228753838339,1.6580932089283795,Medium,0.5035228753838339,Base
223:30,0.02879581151832511,0.2666666666666666,0.8987341772151902,0.39806555180006065,0.5035228753838339,1.6580932089283795,Medium,0.5035228753838339,Base
224:00,0.02879581151832511,0.2666666666666666,0.8987341772151902,0.39806555180006065,0.5035228753838339,1.6580932089283795,Medium,0.5035228753838339,Base
224:30,0.02879581151832511,0.5,0.9113924050632916,0.4800627388605389,0.5908857445821463,2.0765712541577255,High,0.590885744582146,Base
225:00,0.02879581151832511,0.5,0.9113924050632916,0.4800627388605389,0.5908857445821463,2.0765712541577255,High,0.590885744582146,Base
225:30,0.02879581151832511,0.5,0.9113924050632916,0.4800627388605389,0.5908857445821463,2.0765712541577255,High,0.590885744582146,Base
226:00,0.02879581151832511,0.5,0.8987341772151902,0.4758433295778384,0.5851895420505007,2.057384093400356,High,0.5851895420505004,Base
226:30,0.02879581151832511,0.5,0.8987341772151902,0.4758433295778384,0.5851895420505007,2.057384093400356,High,0.5851895420505004,Base
227:00,0.02879581151832511,0.5,0.9113924050632916,0.4800627388605389,0.5908857445821463,2.0765712541577255,High,0.590885744582146,Base
227:30,0.02879581151832511,0.6999999999999997,0.9113924050632916,0.5467294055272055,0.6608857445821461,2.210812607178081,High,0.6608857445821459,Base
228:00,0.02879581151832511,0.6999999999999997,0.9113924050632916,0.5467294055272055,0.6608857445821461,2.210812607178081,High,0.6608857445821459,Base
228:30,0.02879581151832511,0.6999999999999997,0.9240506329113929,0.5509488148099059,0.6665819471137917,2.225540928492468,High,0.6665819471137915,Base
229:00,0.02879581151832511,0.6999999999999997,0.9240506329113929,0.5509488148099059,0.6665819471137917,2.225540928492468,High,0.6665819471137915,Base
229:30,0.02879581151832511,0.6999999999999997,0.9240506329113929,0.5509488148099059,0.6665819471137917,2.225540928492468,High,0.6665819471137915,Base
230:00,0.02879581151832511,0.6999999999999997,0.9367088607594942,0.5551682240926064,0.6722781496454373,2.225540928492468,High,0.6722781496454371,Base
230:30,0.02879581151832511,0.6999999999999997,0.9367088607594942,0.5551682240926064,0.6722781496454373,2.225540928492468,High,0.6722781496454371,Base
231:00,0.02879581151832511,0.6999999999999997,0.9367088607594942,0.5551682240926064,0.6722781496454373,2.225540928492468,High,0.6722781496454371,Base
231:30,0.02879581151832511,0.6999999999999997,0.9367088607594942,0.5551682240926064,0.6722781496454373,2.225540928492468,High,0.6722781496454371,Base
232:00,0.02879581151832511,0.06666666666666643,0.9493670886075947,0.3482765222641954,0.4563076855104159,1.568312185490169,Medium,0.45630768551041595,Base
232:30,0.02879581151832511,0.06666666666666643,0.9493670886075947,0.3482765222641954,0.4563076855104159,1.568312185490169,Medium,0.45630768551041595,Base
233:00,0.02879581151832511,0.06666666666666643,0.9493670886075947,0.3482765222641954,0.4563076855104159,1.568312185490169,Medium,0.45630768551041595,Base
233:30,0.02879581151832511,0.06666666666666643,0.9493670886075947,0.3482765222641954,0.4563076855104159,1.568312185490169,Medium,0.45630768551041595,Base
234:00,0.02879581151832511,0.06666666666666643,0.9493670886075947,0.3482765222641954,0.4563076855104159,1.568312185490169,Medium,0.45630768551041595,Base
234:30,0.02879581151832511,0.06666666666666643,0.9493670886075947,0.3482765222641954,0.4563076855104159,1.568312185490169,Medium,0.45630768551041595,Base
235:00,0.02879581151832511,0.06666666666666643,0.9493670886075947,0.3482765222641954,0.4563076855104159,1.568312185490169,Medium,0.45630768551041595,Base
235:30,0.02879581151832511,0.3666666666666667,0.9493670886075947,0.4482765222641955,0.561307685510416,1.8479233590796622,Medium,0.561307685510416,Base
236:00,0.0,0.3666666666666667,0.962025316455696,0.4428973277074542,0.5612447257383966,1.8479233590796622,Medium,0.5612447257383966,Base
236:30,0.02879581151832511,0.3666666666666667,0.962025316455696,0.45249593154689594,0.5670038880420616,1.8479233590796622,Medium,0.5670038880420616,Base
237:00,0.02879581151832511,0.3666666666666667,0.9493670886075947,0.4482765222641955,0.561307685510416,1.8479233590796622,Medium,0.561307685510416,Base
237:30,0.02879581151832511,0.3666666666666667,0.962025316455696,0.45249593154689594,0.5670038880420616,1.8479233590796622,Medium,0.5670038880420616,Base
238:00,0.02879581151832511,0.3666666666666667,0.962025316455696,0.45249593154689594,0.5670038880420616,1.8479233590796622,Medium,0.5670038880420616,Base
238:30,0.02879581151832511,0.3666666666666667,0.962025316455696,0.45249593154689594,0.5670038880420616,1.8479233590796622,Medium,0.5670038880420616,Base
239:00,0.02879581151832511,0.2666666666666666,0.962025316455696,0.41916259821356255,0.5320038880420616,1.6847057325062447,Medium,0.5320038880420614,Base
239:30,0.0,0.2666666666666666,0.9746835443037973,0.4137834036568213,0.5319409282700421,1.6847057325062447,Medium,0.531940928270042,Base
240:00,0.02879581151832511,0.2666666666666666,0.9746835443037973,0.42338200749626304,0.5377000905737072,1.6847057325062447,Medium,0.537700090573707,Base
240:30,0.0,0.2666666666666666,0.9746835443037973,0.4137834036568213,0.5319409282700421,1.6847057325062447,Medium,0.531940928270042,Base
241:00,0.0,0.2666666666666666,0.9746835443037973,0.4137834036568213,0.5319409282700421,1.6847057325062447,Medium,0.531940928270042,Base
241:30,0.02879581151832511,0.2666666666666666,0.9746835443037973,0.42338200749626304,0.5377000905737072,1.6847057325062447,Medium,0.537700090573707,Base
242:00,0.0,0.2666666666666666,0.9873417721518987,0.41800281293952174,0.5376371308016877,1.6847057325062447,Medium,0.5376371308016876,Base
242:30,0.02879581151832511,0.6333333333333333,0.9873417721518987,0.5498236390011857,0.6717296264386861,2.225540928492468,High,0.6717296264386858,Base
243:00,0.02879581151832511,0.6333333333333333,0.9873417721518987,0.5498236390011857,0.6717296264386861,2.225540928492468,High,0.6717296264386858,Base
243:30,0.0,0.6333333333333333,0.9873417721518987,0.540225035161744,0.665970464135021,2.225540928492468,High,0.6659704641350208,Base
244:00,0.0,0.6333333333333333,0.9873417721518987,0.540225035161744,0.665970464135021,2.225540928492468,High,0.6659704641350208,Base
244:30,0.02879581151832511,0.6333333333333333,0.9873417721518987,0.5498236390011857,0.6717296264386861,2.225540928492468,High,0.6717296264386858,Base
245:00,0.0,0.6333333333333333,0.9873417721518987,0.540225035161744,0.665970464135021,2.225540928492468,High,0.6659704641350208,Base
245:30,0.0,0.6333333333333333,0.9873417721518987,0.540225035161744,0.665970464135021,2.225540928492468,High,0.6659704641350208,Base
246:00,0.0,0.6333333333333333,0.9873417721518987,0.540225035161744,0.665970464135021,2.225540928492468,High,0.6659704641350208,Base
246:30,0.0,0.2999999999999998,0.9873417721518987,0.4291139240506328,0.5493037974683543,1.7374434874639895,Medium,0.5493037974683543,Base
247:00,0.0,0.2999999999999998,0.9873417721518987,0.4291139240506328,0.5493037974683543,1.7374434874639895,Medium,0.5493037974683543,Base
247:30,0.0,0.2999999999999998,0.9873417721518987,0.4291139240506328,0.5493037974683543,1.7374434874639895,Medium,0.5493037974683543,Base
248:00,0.02879581151832511,0.2999999999999998,0.9873417721518987,0.43871252789007453,0.5550629597720194,1.7374434874639895,Medium,0.5550629597720194,Base
248:30,0.0,0.2999999999999998,0.9873417721518987,0.4291139240506328,0.5493037974683543,1.7374434874639895,Medium,0.5493037974683543,Base
249:00,0.02879581151832511,0.2999999999999998,0.9873417721518987,0.43871252789007453,0.5550629597720194,1.7374434874639895,Medium,0.5550629597720194,Base
249:30,0.0,0.2999999999999998,0.9873417721518987,0.4291139240506328,0.5493037974683543,1.7374434874639895,Medium,0.5493037974683543,Base
250:00,0.02879581151832511,0.5666666666666664,1.0,0.5318208260616638,0.6540924956369982,2.2233291324796096,High,0.654092495636998,Base
250:30,0.0,0.5666666666666664,1.0,0.5222222222222221,0.6483333333333332,2.2233291324796096,High,0.648333333333333,Base
251:00,0.0,0.5666666666666664,1.0,0.5222222222222221,0.6483333333333332,2.2233291324796096,High,0.648333333333333,Base
251:30,0.02879581151832511,0.5666666666666664,0.9873417721518987,0.5276014167789634,0.6483962931053526,2.2233291324796096,High,0.6483962931053524,Base
252:00,0.0,0.5666666666666664,0.9873417721518987,0.5180028129395217,0.6426371308016876,2.2233291324796096,High,0.6426371308016874,Base
252:30,0.0,0.5666666666666664,0.9873417721518987,0.5180028129395217,0.6426371308016876,2.2233291324796096,High,0.6426371308016874,Base
253:00,0.0,0.5666666666666664,0.9746835443037973,0.5137834036568213,0.636940928270042,2.2233291324796096,High,0.6369409282700418,Base
253:30,0.0,0.1333333333333333,0.9746835443037973,0.36933895921237686,0.48527426160337545,1.568312185490169,Medium,0.4852742616033755,Base
254:00,0.0,0.1333333333333333,0.962025316455696,0.36511954992967643,0.47957805907172985,1.568312185490169,Medium,0.4795780590717299,Base
254:30,0.0,0.1333333333333333,0.9493670886075947,0.360900140646976,0.47388185654008425,1.568312185490169,Medium,0.4738818565400843,Base
255:00,0.0,0.1333333333333333,0.9367088607594942,0.35668073136427586,0.46818565400843903,1.568312185490169,Medium,0.4681856540084391,Base
255:30,0.0,0.1333333333333333,0.9240506329113929,0.3524613220815754,0.46248945147679343,1.568312185490169,Medium,0.4624894514767935,Base
256:00,0.02879581151832511,0.1333333333333333,0.9240506329113929,0.3620599259210171,0.46824861378045846,1.568312185490169,Medium,0.4682486137804585,Base
256:30,0.0,0.1333333333333333,0.9240506329113929,0.3524613220815754,0.46248945147679343,1.568312185490169,Medium,0.4624894514767935,Base
257:00,0.02879581151832511,1.0,0.9240506329113929,0.650948814809906,0.7715819471137918,2.225540928492468,High,0.7715819471137915,Base
257:30,0.0,1.0,0.9240506329113929,0.6413502109704643,0.7658227848101268,2.225540928492468,High,0.7658227848101264,Base
258:00,0.0,1.0,0.9367088607594942,0.6455696202531648,0.7715189873417724,2.225540928492468,High,0.771518987341772,Base
258:30,0.0,1.0,0.9367088607594942,0.6455696202531648,0.7715189873417724,2.225540928492468,High,0.771518987341772,Base
259:00,0.02879581151832511,1.0,0.9367088607594942,0.6551682240926064,0.7772781496454374,2.225540928492468,High,0.7772781496454371,Base
259:30,0.0,1.0,0.9367088607594942,0.6455696202531648,0.7715189873417724,2.225540928492468,High,0.771518987341772,Base
260:00,0.0,1.0,0.9367088607594942,0.6455696202531648,0.7715189873417724,2.225540928492468,High,0.771518987341772,Base
260:30,0.0,0.33333333333333304,0.9367088607594942,0.4233473980309424,0.538185654008439,1.7918321365478231,Medium,0.5381856540084389,Base
261:00,0.0,0.33333333333333304,0.9493670886075947,0.42756680731364255,0.5438818565400841,1.7918321365478231,Medium,0.543881856540084,Base
261:30,0.0,0.33333333333333304,0.9493670886075947,0.42756680731364255,0.5438818565400841,1.7918321365478231,Medium,0.543881856540084,Base
262:00,0.02879581151832511,0.33333333333333304,0.9493670886075947,0.43716541115308427,0.5496410188437492,1.7918321365478231,Medium,0.549641018843749,Base
262:30,0.0,0.33333333333333304,0.9493670886075947,0.42756680731364255,0.5438818565400841,1.7918321365478231,Medium,0.543881856540084,Base
263:00,0.0,0.33333333333333304,0.9493670886075947,0.42756680731364255,0.5438818565400841,1.7918321365478231,Medium,0.543881856540084,Base
263:30,0.0,0.33333333333333304,0.962025316455696,0.43178621659634303,0.5495780590717297,1.7918321365478231,Medium,0.5495780590717296,Base
264:00,0.0,0.33333333333333304,0.962025316455696,0.43178621659634303,0.5495780590717297,1.7918321365478231,Medium,0.5495780590717296,Base
264:30,0.02879581151832511,0.19999999999999973,0.9493670886075947,0.3927209667086398,0.5029743521770825,1.5839839833476779,Medium,0.5029743521770826,Base
265:00,0.0,0.19999999999999973,0.9493670886075947,0.38312236286919815,0.4972151898734175,1.5839839833476779,Medium,0.4972151898734175,Base
265:30,0.0,0.19999999999999973,0.962025316455696,0.3873417721518986,0.5029113924050631,1.5839839833476779,Medium,0.5029113924050632,Base
266:00,0.02879581151832511,0.19999999999999973,0.962025316455696,0.3969403759913403,0.5086705547087281,1.5839839833476779,Medium,0.5086705547087282,Base
266:30,0.02879581151832511,0.19999999999999973,0.962025316455696,0.3969403759913403,0.5086705547087281,1.5839839833476779,Medium,0.5086705547087282,Base
267:00,0.0,0.19999999999999973,0.962025316455696,0.3873417721518986,0.5029113924050631,1.5839839833476779,Medium,0.5029113924050632,Base
267:30,0.0,0.19999999999999973,0.962025316455696,0.3873417721518986,0.5029113924050631,1.5839839833476779,Medium,0.5029113924050632,Base
268:00,0.0,0.33333333333333304,0.9493670886075947,0.42756680731364255,0.5438818565400841,1.7918321365478231,Medium,0.543881856540084,Base
268:30,0.02879581151832511,0.33333333333333304,0.9493670886075947,0.43716541115308427,0.5496410188437492,1.7918321365478231,Medium,0.549641018843749,Base
269:00,0.02879581151832511,0.33333333333333304,0.9367088607594942,0.4329460018703841,0.543944816312104,1.7918321365478231,Medium,0.5439448163121039,Base
269:30,0.02879581151832511,0.33333333333333304,0.9367088607594942,0.4329460018703841,0.543944816312104,1.7918321365478231,Medium,0.5439448163121039,Base
270:00,0.02879581151832511,0.33333333333333304,0.9240506329113929,0.4287265925876837,0.5382486137804584,1.7918321365478231,Medium,0.5382486137804583,Base
270:30,0.02879581151832511,0.33333333333333304,0.9240506329113929,0.4287265925876837,0.5382486137804584,1.7918321365478231,Medium,0.5382486137804583,Base
271:00,0.02879581151832511,0.33333333333333304,0.9240506329113929,0.4287265925876837,0.5382486137804584,1.7918321365478231,Medium,0.5382486137804583,Base
271:30,0.02879581151832511,0.2999999999999998,0.9240506329113929,0.4176154814765726,0.5265819471137918,1.7374434874639895,Medium,0.5265819471137918,Base
272:00,0.02879581151832511,0.2999999999999998,0.9113924050632916,0.41339607219387214,0.5208857445821462,1.725945327344197,Medium,0.5208857445821462,Base
272:30,0.02879581151832511,0.2999999999999998,0.9113924050632916,0.41339607219387214,0.5208857445821462,1.725945327344197,Medium,0.5208857445821462,Base
273:00,0.02879581151832511,0.2999999999999998,0.8987341772151902,0.4091766629111717,0.5151895420505006,1.7099978897651213,Medium,0.5151895420505006,Base
273:30,0.057591623036646666,0.2999999999999998,0.9113924050632916,0.4229946760333127,0.5266449068858106,1.725945327344197,Medium,0.5266449068858106,Base
274:00,0.057591623036646666,0.2999999999999998,0.9113924050632916,0.4229946760333127,0.5266449068858106,1.725945327344197,Medium,0.5266449068858106,Base
274:30,0.057591623036646666,0.2999999999999998,0.8987341772151902,0.4187752667506122,0.520948704354165,1.7099978897651213,Medium,0.520948704354165,Base
275:00,0.057591623036646666,0.2999999999999998,0.8987341772151902,0.4187752667506122,0.520948704354165,1.7099978897651213,Medium,0.520948704354165,Base
275:30,0.057591623036646666,0.33333333333333304,0.8987341772151902,0.4298863778617233,0.5326153710208316,1.763527386310809,Medium,0.5326153710208315,Base
276:00,0.057591623036646666,0.33333333333333304,0.8860759493670889,0.42566696857902286,0.526919168489186,1.7472326969793357,Medium,0.5269191684891859,Base
276:30,0.057591623036646666,0.33333333333333304,0.8734177215189876,0.42144755929632244,0.5212229659575404,1.7310885677709826,Medium,0.5212229659575403,Base
277:00,0.057591623036646666,0.33333333333333304,0.8734177215189876,0.42144755929632244,0.5212229659575404,1.7310885677709826,Medium,0.5212229659575403,Base
277:30,0.057591623036646666,0.33333333333333304,0.8607594936708862,0.41722815001362196,0.5155267634258948,1.715093607536142,Medium,0.5155267634258947,Base
278:00,0.057591623036646666,0.33333333333333304,0.8734177215189876,0.42144755929632244,0.5212229659575404,1.7310885677709826,Medium,0.5212229659575403,Base
278:30,0.057591623036646666,0.33333333333333304,0.8734177215189876,0.42144755929632244,0.5212229659575404,1.7310885677709826,Medium,0.5212229659575403,Base
279:00,0.057591623036646666,0.33333333333333304,0.8607594936708862,0.41722815001362196,0.5155267634258948,1.715093607536142,Medium,0.5155267634258947,Base
279:30,0.08638743455497178,0.19999999999999973,0.8354430379746836,0.3739434908432184,0.46322685399960184,1.4882585033543347,Medium,0.4632268539996019,Base
280:00,0.08638743455497178,0.19999999999999973,0.8354430379746836,0.3739434908432184,0.46322685399960184,1.4882585033543347,Medium,0.4632268539996019,Base
280:30,0.08638743455497178,0.19999999999999973,0.8227848101265822,0.3697240815605179,0.45753065146795624,1.474507251094049,Medium,0.4575306514679563,Base
281:00,0.08638743455497178,0.19999999999999973,0.8227848101265822,0.3697240815605179,0.45753065146795624,1.474507251094049,Medium,0.4575306514679563,Base
281:30,0.08638743455497178,0.19999999999999973,0.8101265822784813,0.36550467227781763,0.45183444893631086,1.4608830580363816,Medium,0.45183444893631086,Base
282:00,0.08638743455497178,0.19999999999999973,0.8227848101265822,0.3697240815605179,0.45753065146795624,1.474507251094049,Medium,0.4575306514679563,Base
282:30,0.11780104712041961,0.19999999999999973,0.8227848101265822,0.3801952857490005,0.46381337398104583,1.474507251094049,Medium,0.4638133739810459,Base
283:00,0.11780104712041961,0.33333333333333304,0.8227848101265822,0.424639730193445,0.5104800406477125,1.667990021274845,Medium,0.5104800406477124,Base
283:30,0.11780104712041961,0.33333333333333304,0.8354430379746836,0.4288591394761454,0.5161762431793581,1.6835456935397128,Medium,0.516176243179358,Base
284:00,0.11780104712041961,0.33333333333333304,0.8354430379746836,0.4288591394761454,0.5161762431793581,1.6835456935397128,Medium,0.516176243179358,Base
284:30,0.11780104712041961,0.33333333333333304,0.8227848101265822,0.424639730193445,0.5104800406477125,1.667990021274845,Medium,0.5104800406477124,Base
285:00,0.11780104712041961,0.33333333333333304,0.8227848101265822,0.424639730193445,0.5104800406477125,1.667990021274845,Medium,0.5104800406477124,Base
285:30,0.14659685863874472,0.33333333333333304,0.8227848101265822,0.43423833403288664,0.5162392029513775,1.707899291209237,Medium,0.5162392029513774,Base
286:00,0.11780104712041961,0.33333333333333304,0.8227848101265822,0.424639730193445,0.5104800406477125,1.667990021274845,Medium,0.5104800406477124,Base
286:30,0.14659685863874472,0.33333333333333304,0.8354430379746836,0.4384577433155871,0.5219354054830231,1.723827157261544,Medium,0.521935405483023,Base
287:00,0.14659685863874472,0.2333333333333334,0.8354430379746836,0.4051244099822539,0.4869354054830232,1.5715703140063362,Medium,0.4869354054830233,Base
287:30,0.14659685863874472,0.2333333333333334,0.8354430379746836,0.4051244099822539,0.4869354054830232,1.5715703140063362,Medium,0.4869354054830233,Base
288:00,0.17539267015706983,0.2333333333333334,0.8354430379746836,0.4147230138216956,0.49269456778668824,1.6102069204014233,Medium,0.4926945677866883,Base
288:30,0.17539267015706983,0.2333333333333334,0.8354430379746836,0.4147230138216956,0.49269456778668824,1.6102069204014233,Medium,0.4926945677866883,Base
289:00,0.17539267015706983,0.2333333333333334,0.8481012658227849,0.41894242310439606,0.49839077031833384,1.6252237075601632,Medium,0.4983907703183339,Base
289:30,0.17539267015706983,0.2333333333333334,0.8481012658227849,0.41894242310439606,0.49839077031833384,1.6252237075601632,Medium,0.4983907703183339,Base
290:00,0.17539267015706983,0.2333333333333334,0.8481012658227849,0.41894242310439606,0.49839077031833384,1.6252237075601632,Medium,0.4983907703183339,Base
290:30,0.17539267015706983,0.2666666666666666,0.8354430379746836,0.42583412493280665,0.5043612344533549,1.6606125766302213,Medium,0.5043612344533548,Base
291:00,0.2068062827225141,0.2666666666666666,0.8354430379746836,0.4363053291212881,0.5106439569664437,1.7051990906237977,Medium,0.5106439569664438,Base
291:30,0.2068062827225141,0.2666666666666666,0.8354430379746836,0.4363053291212881,0.5106439569664437,1.7051990906237977,Medium,0.5106439569664438,Base
292:00,0.2068062827225141,0.2666666666666666,0.8101265822784813,0.42786651055588737,0.4992515519031528,1.6738331791531875,Medium,0.49925155190315273,Base
292:30,0.2068062827225141,0.2666666666666666,0.7848101265822787,0.41942769199048646,0.4878591468398616,1.6430442210763427,Medium,0.48785914683986153,Base
293:00,0.23560209424083922,0.2666666666666666,0.7721518987341773,0.4248068865472277,0.487922106611881,1.667883315890682,Medium,0.48792210661188096,Base
293:30,0.23560209424083922,0.2666666666666666,0.7721518987341773,0.4248068865472277,0.487922106611881,1.667883315890682,Medium,0.48792210661188096,Base
294:00,0.23560209424083922,0.2666666666666666,0.759493670886076,0.4205874772645273,0.4822259040802354,1.6524723612978869,Medium,0.48222590408023536,Base
294:30,0.26439790575916433,0.2666666666666666,0.759493670886076,0.430186081103969,0.48798506638390043,1.693097921371917,Medium,0.4879850663839004,Base
295:00,0.26439790575916433,0.2666666666666666,0.759493670886076,0.430186081103969,0.48798506638390043,1.693097921371917,Medium,0.4879850663839004,Base
295:30,0.26439790575916433,0.2666666666666666,0.7341772151898738,0.42174726253856826,0.4765926613206094,1.6619546022106344,Medium,0.4765926613206094,Base
296:00,0.26439790575916433,0.2666666666666666,0.6835443037974684,0.40486962540776644,0.453807851194027,1.6013760034639,Medium,0.453807851194027,Base
296:30,0.29319371727748944,0.2666666666666666,0.6455696202531649,0.401810001399107,0.44247840590275545,1.59568369889548,Medium,0.44247840590275545,Base
297:00,0.29319371727748944,0.2666666666666666,0.6202531645569622,0.3933711828337061,0.43108600083946425,1.5663322443293488,Medium,0.43108600083946425,Base
297:30,0.29319371727748944,0.2666666666666666,0.6075949367088609,0.38915177355100566,0.42538979830781865,1.551859604148462,Medium,0.42538979830781865,Base
298:00,0.32460732984293017,0.2666666666666666,0.5949367088607596,0.3954035684567854,0.4259763182892612,1.5788022546813096,Medium,0.4259763182892612,Base
298:30,0.32460732984293017,0.2666666666666666,0.5949367088607596,0.3954035684567854,0.4259763182892612,1.5788022546813096,Medium,0.4259763182892612,Base
299:00,0.32460732984293017,0.2666666666666666,0.5949367088607596,0.3954035684567854,0.4259763182892612,1.5788022546813096,Medium,0.4259763182892612,Base
299:30,0.32460732984293017,0.2666666666666666,0.5949367088607596,0.3954035684567854,0.4259763182892612,1.5788022546813096,Medium,0.4259763182892612,Base
300:00,0.32460732984293017,0.2666666666666666,0.5949367088607596,0.3954035684567854,0.4259763182892612,1.5788022546813096,Medium,0.4259763182892612,Base
300:30,0.3534031413612553,0.2666666666666666,0.5949367088607596,0.40500217229622715,0.4317354805929262,1.6176166562681495,Medium,0.4317354805929262,Base
301:00,0.3534031413612553,0.2666666666666666,0.5949367088607596,0.40500217229622715,0.4317354805929262,1.6176166562681495,Medium,0.4317354805929262,Base
301:30,0.3534031413612553,0.2666666666666666,0.6075949367088609,0.4092215815789276,0.4374316831245718,1.6327025466117058,Medium,0.4374316831245718,Base
302:00,0.3821989528795804,0.2999999999999998,0.6075949367088609,0.42993129652948037,0.45485751209490344,1.687061404821378,Medium,0.4548575120949035,Base
302:30,0.3534031413612553,0.2999999999999998,0.6075949367088609,0.42033269269003865,0.4490983497912384,1.6838124022741545,Medium,0.44909834979123847,Base
303:00,0.3821989528795804,0.2999999999999998,0.6075949367088609,0.42993129652948037,0.45485751209490344,1.687061404821378,Medium,0.4548575120949035,Base
303:30,0.4109947643979055,0.2999999999999998,0.6075949367088609,0.4395299003689221,0.46061667439856846,1.687061404821378,Medium,0.4606166743985685,Base
304:00,0.4109947643979055,0.2999999999999998,0.6075949367088609,0.4395299003689221,0.46061667439856846,1.687061404821378,Medium,0.4606166743985685,Base
304:30,0.4109947643979055,0.2999999999999998,0.6075949367088609,0.4395299003689221,0.46061667439856846,1.687061404821378,Medium,0.4606166743985685,Base
305:00,0.4109947643979055,0.2999999999999998,0.6075949367088609,0.4395299003689221,0.46061667439856846,1.687061404821378,Medium,0.4606166743985685,Base
305:30,0.4109947643979055,0.5666666666666664,0.6202531645569622,0.5326381985405114,0.5596462102635473,2.1789909236729486,High,0.5596462102635473,Base
306:00,0.43979057591622706,0.5666666666666664,0.6075949367088609,0.5380173930972515,0.5597091700355661,2.158857422808169,High,0.5597091700355659,Base
306:30,0.4109947643979055,0.5666666666666664,0.556962025316456,0.5115411521270093,0.5311651976053196,2.0801666105598997,High,0.5311651976053196,Base
307:00,0.43979057591622706,0.5666666666666664,0.48101265822784844,0.4958233002702473,0.5027471447191105,1.9674756263702968,High,0.5027471447191103,Base
307:30,0.43979057591622706,0.5666666666666664,0.4303797468354431,0.47894566313944553,0.4799623345925281,1.8957607213089125,Medium,0.479962334592528,Base
308:00,0.4712041884816749,0.5666666666666664,0.4303797468354431,0.48941686732792816,0.4862450571056176,1.8957607213089125,Medium,0.4862450571056176,Base
308:30,0.4712041884816749,0.5666666666666664,0.44303797468354444,0.4936362766106286,0.4919412596372632,1.9134405827572154,Medium,0.4919412596372632,Base
309:00,0.4712041884816749,0.33333333333333304,0.3797468354430382,0.39476145241934874,0.38179358031236876,1.4721472208786013,Medium,0.3817935803123688,Base
309:30,0.4712041884816749,0.33333333333333304,0.30379746835443067,0.3694449967231462,0.3476163651224954,1.395480271075953,Medium,0.34761636512249544,Base
310:00,0.5,0.33333333333333304,0.2278481012658231,0.3537271448663854,0.3191983122362869,1.395480271075953,Medium,0.3191983122362871,Base
310:30,0.5,0.33333333333333304,0.13924050632911422,0.3241912798874824,0.27932489451476794,1.395480271075953,Medium,0.27932489451476805,Base
311:00,0.5,0.33333333333333304,0.10126582278481022,0.3115330520393811,0.26223628691983114,1.395480271075953,Medium,0.26223628691983125,Base
311:30,0.5,0.33333333333333304,0.1265822784810129,0.319971870604782,0.27362869198312234,1.395480271075953,Medium,0.27362869198312245,Base
312:00,0.5287958115183251,0.33333333333333304,0.15189873417721556,0.33800929300962457,0.29078025935007856,1.395480271075953,Medium,0.2907802593500787,Base
312:30,0.5287958115183251,0.33333333333333304,0.17721518987341778,0.3464481115750253,0.30217266441336954,1.395480271075953,Medium,0.3021726644133697,Base
313:00,0.5287958115183251,0.19999999999999973,0.1898734177215191,0.30622307641328134,0.2612022002783485,1.2336079666037345,Low,0.2612022002783487,Base
313:30,0.5287958115183251,0.19999999999999973,0.1898734177215191,0.30622307641328134,0.2612022002783485,1.2336079666037345,Low,0.2612022002783487,Base
314:00,0.5287958115183251,0.19999999999999973,0.1898734177215191,0.30622307641328134,0.2612022002783485,1.2336079666037345,Low,0.2612022002783487,Base
314:30,0.5575916230366467,0.19999999999999973,0.13924050632911422,0.2989440431219202,0.24417655245543063,1.2336079666037345,Low,0.2441765524554308,Base
315:00,0.5575916230366467,0.19999999999999973,0.10126582278481022,0.28628581527381886,0.22708794486049383,1.2336079666037345,Low,0.22708794486049402,Base
315:30,0.5575916230366467,0.19999999999999973,0.10126582278481022,0.28628581527381886,0.22708794486049383,1.2336079666037345,Low,0.22708794486049402,Base
316:00,0.5575916230366467,0.19999999999999973,0.11392405063291156,0.29050522455651934,0.23278414739213943,1.2336079666037345,Low,0.23278414739213962,Base
316:30,0.5575916230366467,0.3666666666666667,0.11392405063291156,0.346060780112075,0.2911174807254729,1.4391641591071818,Medium,0.291117480725473,Base
317:00,0.5575916230366467,0.3666666666666667,0.1265822784810129,0.3502801893947754,0.2968136832571185,1.4391641591071818,Medium,0.2968136832571186,Base
317:30,0.5890052356020945,0.3666666666666667,0.13924050632911422,0.36497080286595845,0.3087926083018536,1.4391641591071818,Medium,0.30879260830185373,Base
318:00,0.5890052356020945,0.3666666666666667,0.13924050632911422,0.36497080286595845,0.3087926083018536,1.4391641591071818,Medium,0.30879260830185373,Base
318:30,0.5890052356020945,0.3666666666666667,0.15189873417721556,0.36919021214865894,0.3144888108334992,1.4391641591071818,Medium,0.31448881083349933,Base
319:00,0.5890052356020945,0.3666666666666667,0.16455696202531644,0.3734096214313592,0.3201850133651446,1.4391641591071818,Medium,0.32018501336514477,Base
319:30,0.5890052356020945,0.3666666666666667,0.1898734177215191,0.3818484399967601,0.3315774184284358,1.4391641591071818,Medium,0.33157741842843597,Base
320:00,0.6178010471204196,0.3666666666666667,0.20253164556962044,0.39566645311890225,0.3430327832637464,1.4391641591071818,Medium,0.3430327832637466,Base
320:30,0.6178010471204196,0.16666666666666652,0.21518987341772178,0.33321919573493597,0.278728985795392,1.2214027581601699,Low,0.2787289857953922,Base
321:00,0.6178010471204196,0.16666666666666652,0.21518987341772178,0.33321919573493597,0.278728985795392,1.2214027581601699,Low,0.2787289857953922,Base
321:30,0.6178010471204196,0.16666666666666652,0.2278481012658231,0.3374386050176364,0.2844251883270376,1.2214027581601699,Low,0.2844251883270378,Base
322:00,0.6465968586387447,0.16666666666666652,0.240506329113924,0.35125661813977843,0.29588055316234807,1.2214027581601699,Low,0.29588055316234824,Base
322:30,0.6465968586387447,0.16666666666666652,0.25316455696202533,0.35547602742247886,0.30157675569399367,1.2214027581601699,Low,0.30157675569399384,Base
323:00,0.6465968586387447,0.16666666666666652,0.26582278481012667,0.3596954367051793,0.30727295822563927,1.2214027581601699,Low,0.30727295822563944,Base
323:30,0.6465968586387447,0.16666666666666652,0.278481012658228,0.36391484598787976,0.31296916075728487,1.2214027581601699,Low,0.31296916075728504,Base
324:00,0.6465968586387447,0.2333333333333334,0.278481012658228,0.386137068210102,0.3363024940906183,1.272224630274658,Low,0.33630249409061835,Base
324:30,0.6465968586387447,0.2333333333333334,0.29113924050632933,0.3903564774928025,0.3419986966222639,1.272224630274658,Low,0.34199869662226395,Base
325:00,0.6465968586387447,0.2333333333333334,0.29113924050632933,0.3903564774928025,0.3419986966222639,1.272224630274658,Low,0.34199869662226395,Base
325:30,0.6753926701570698,0.2333333333333334,0.30379746835443067,0.40417449061494465,0.3534540614575745,1.272224630274658,Low,0.3534540614575746,Base
326:00,0.6753926701570698,0.2333333333333334,0.316455696202532,0.4083938998976451,0.3591502639892201,1.2812504815213372,Low,0.3591502639892202,Base
326:30,0.6753926701570698,0.2333333333333334,0.3291139240506329,0.4126133091803454,0.3648464665208655,1.2931994214583495,Low,0.36484646652086555,Base
327:00,0.6753926701570698,0.2333333333333334,0.3291139240506329,0.4126133091803454,0.3648464665208655,1.2931994214583495,Low,0.36484646652086555,Base
327:30,0.7068062827225141,0.2333333333333334,0.3417721518987342,0.4273039226515272,0.3768253915655999,1.3052597971900626,Low,0.3768253915656001,Base
328:00,0.7068062827225141,0.2666666666666666,0.35443037974683556,0.4426344430453388,0.3941882607639121,1.3586733458647988,Low,0.3941882607639123,Base
328:30,0.7068062827225141,0.2666666666666666,0.35443037974683556,0.4426344430453388,0.3941882607639121,1.3586733458647988,Low,0.3941882607639123,Base
329:00,0.7068062827225141,0.2666666666666666,0.3670886075949369,0.4468538523280392,0.3998844632955577,1.3713443313105813,Medium,0.3998844632955579,Base
329:30,0.7068062827225141,0.2666666666666666,0.3670886075949369,0.4468538523280392,0.3998844632955577,1.3713443313105813,Medium,0.3998844632955579,Base
330:00,0.7356020942408392,0.2666666666666666,0.3670886075949369,0.4564524561674809,0.40564362559922273,1.3713443313105813,Medium,0.4056436255992229,Base
330:30,0.7356020942408392,0.2666666666666666,0.3797468354430382,0.46067186545018135,0.41133982813086833,1.3841334863463215,Medium,0.4113398281308685,Base
331:00,0.7356020942408392,0.2666666666666666,0.3797468354430382,0.46067186545018135,0.41133982813086833,1.3841334863463215,Medium,0.4113398281308685,Base
331:30,0.7356020942408392,0.19999999999999973,0.3797468354430382,0.43844964322795904,0.3880064947975349,1.3013817374065524,Low,0.3880064947975351,Base
332:00,0.7356020942408392,0.19999999999999973,0.35443037974683556,0.4300108246625582,0.3766140897342437,1.2774437558597576,Low,0.3766140897342439,Base
332:30,0.7643979057591643,0.19999999999999973,0.3417721518987342,0.43539001921929943,0.37667704950626313,1.265640395559405,Low,0.3766770495062633,Base
333:00,0.7643979057591643,0.19999999999999973,0.35443037974683556,0.43960942850199985,0.38237325203790873,1.2774437558597576,Low,0.3823732520379089,Base
333:30,0.7643979057591643,0.19999999999999973,0.3670886075949369,0.44382883778470034,0.38806945456955433,1.289357194279352,Low,0.3880694545695545,Base
334:00,0.7643979057591643,0.19999999999999973,0.3670886075949369,0.44382883778470034,0.38806945456955433,1.289357194279352,Low,0.3880694545695545,Base
334:30,0.7958115183246086,0.19999999999999973,0.35443037974683556,0.4500806326904813,0.38865597455099765,1.2774437558597576,Low,0.3886559745509978,Base
335:00,0.7958115183246086,0.19999999999999973,0.3291139240506329,0.4416418141250804,0.37726356948770645,1.2539460962754307,Low,0.3772635694877066,Base
335:30,0.7958115183246086,0.2333333333333334,0.3291139240506329,0.45275292523619165,0.3889302361543732,1.2931994214583495,Low,0.38893023615437333,Base
336:00,0.7958115183246086,0.2333333333333334,0.3291139240506329,0.45275292523619165,0.3889302361543732,1.2931994214583495,Low,0.38893023615437333,Base
336:30,0.7958115183246086,0.2333333333333334,0.3417721518987342,0.4569723345188921,0.3946264386860188,1.3052597971900626,Low,0.39462643868601893,Base
337:00,0.8246073298429337,0.2333333333333334,0.3417721518987342,0.4665709383583338,0.40038560098968384,1.3052597971900626,Low,0.40038560098968395,Base
337:30,0.8246073298429337,0.2333333333333334,0.35443037974683556,0.4707903476410342,0.40608180352132944,1.3174326479665186,Low,0.40608180352132955,Base
338:00,0.8246073298429337,0.2333333333333334,0.35443037974683556,0.4707903476410342,0.40608180352132944,1.3174326479665186,Low,0.40608180352132955,Base
338:30,0.8246073298429337,0.2333333333333334,0.3417721518987342,0.4665709383583338,0.40038560098968384,1.3052597971900626,Low,0.40038560098968395,Base
339:00,0.8246073298429337,0.2333333333333334,0.3291139240506329,0.4623515290756333,0.39468939845803824,1.2931994214583495,Low,0.39468939845803835,Base
339:30,0.8246073298429337,0.2999999999999998,0.35443037974683556,0.49301256986325637,0.42941513685466265,1.401205035880029,Medium,0.42941513685466276,Base
340:00,0.8534031413612588,0.2999999999999998,0.3670886075949369,0.5068305829853985,0.44087050168997327,1.4142726717987215,Medium,0.4408705016899734,Base
340:30,0.8534031413612588,0.2999999999999998,0.35443037974683556,0.502611173702698,0.43517429915832767,1.401205035880029,Medium,0.4351742991583278,Base
341:00,0.8534031413612588,0.2999999999999998,0.3291139240506329,0.4941723551372972,0.42378189409503647,1.3754308765169079,Medium,0.4237818940950366,Base
341:30,0.8534031413612588,0.2999999999999998,0.30379746835443067,0.48573353657189644,0.41238948903174555,1.3531223485792676,Low,0.4123894890317456,Base
342:00,0.8534031413612588,0.2999999999999998,0.30379746835443067,0.48573353657189644,0.41238948903174555,1.3531223485792676,Low,0.4123894890317456,Base
342:30,0.8534031413612588,0.2999999999999998,0.316455696202532,0.48995294585459687,0.41808569156339115,1.3627221320972118,Low,0.4180856915633912,Base
343:00,0.8534031413612588,0.19999999999999973,0.3291139240506329,0.4608390218039638,0.3887818940950365,1.2539460962754307,Low,0.38878189409503666,Base
343:30,0.8821989528795839,0.19999999999999973,0.3291139240506329,0.4704376256434055,0.3945410563987015,1.2539460962754307,Low,0.3945410563987017,Base
344:00,0.8821989528795839,0.19999999999999973,0.3291139240506329,0.4704376256434055,0.3945410563987015,1.2539460962754307,Low,0.3945410563987017,Base
344:30,0.8821989528795839,0.19999999999999973,0.3417721518987342,0.47465703492610595,0.4002372589303471,1.265640395559405,Low,0.4002372589303473,Base
345:00,0.8821989528795839,0.19999999999999973,0.35443037974683556,0.47887644420880643,0.4059334614619927,1.2774437558597576,Low,0.4059334614619929,Base
345:30,0.8821989528795839,0.19999999999999973,0.35443037974683556,0.47887644420880643,0.4059334614619927,1.2774437558597576,Low,0.4059334614619929,Base
346:00,0.9136125654450247,0.19999999999999973,0.3670886075949369,0.4935670576799871,0.41791238650672646,1.289357194279352,Low,0.41791238650672663,Base
346:30,0.9136125654450247,0.19999999999999973,0.3797468354430382,0.4977864669626875,0.42360858903837206,1.3013817374065524,Low,0.42360858903837223,Base
347:00,0.9136125654450247,0.33333333333333304,0.39240506329113956,0.5464503206898325,0.4759714582366843,1.4858764635008808,Medium,0.47597145823668435,Base
347:30,0.9136125654450247,0.33333333333333304,0.40506329113924044,0.5506697299725327,0.48166766076832973,1.499733745017849,Medium,0.48166766076832984,Base
348:00,0.9136125654450247,0.33333333333333304,0.40506329113924044,0.5506697299725327,0.48166766076832973,1.499733745017849,Medium,0.48166766076832984,Base
348:30,0.9136125654450247,0.33333333333333304,0.4177215189873418,0.5548891392552332,0.48736386329997533,1.5137202595200339,Medium,0.48736386329997544,Base
349:00,0.9136125654450247,0.33333333333333304,0.4177215189873418,0.5548891392552332,0.48736386329997533,1.5137202595200339,Medium,0.48736386329997544,Base
349:30,0.9424083769633498,0.33333333333333304,0.4303797468354431,0.5687071523773753,0.49881922813528595,1.527837212234048,Medium,0.49881922813528606,Base
350:00,0.9424083769633498,0.33333333333333304,0.40506329113924044,0.5602683338119744,0.48742682307199475,1.499733745017849,Medium,0.48742682307199486,Base
350:30,0.9424083769633498,0.2999999999999998,0.3797468354430382,0.5407184041354626,0.46436775134203706,1.4274621764690463,Medium,0.46436775134203717,Base
351:00,0.9424083769633498,0.2999999999999998,0.3670886075949369,0.5364989948527622,0.45867154881039146,1.4142726717987215,Medium,0.45867154881039157,Base
351:30,0.9424083769633498,0.2999999999999998,0.3670886075949369,0.5364989948527622,0.45867154881039146,1.4142726717987215,Medium,0.45867154881039157,Base
352:00,0.9424083769633498,0.2999999999999998,0.3670886075949369,0.5364989948527622,0.45867154881039146,1.4142726717987215,Medium,0.45867154881039157,Base
352:30,0.9712041884816749,0.2999999999999998,0.3797468354430382,0.5503170079749043,0.4701269136457021,1.4274621764690463,Medium,0.4701269136457022,Base
353:00,0.9712041884816749,0.2999999999999998,0.3797468354430382,0.5503170079749043,0.4701269136457021,1.4274621764690463,Medium,0.4701269136457022,Base
353:30,0.9712041884816749,0.2999999999999998,0.39240506329113956,0.5545364172576047,0.4758231161773477,1.4407746864387858,Medium,0.4758231161773478,Base
354:00,0.9712041884816749,0.2999999999999998,0.39240506329113956,0.5545364172576047,0.4758231161773477,1.4407746864387858,Medium,0.4758231161773478,Base
354:30,0.9712041884816749,0.19999999999999973,0.39240506329113956,0.5212030839242714,0.4408231161773477,1.3135184214036832,Low,0.4408231161773479,Base
355:00,0.9712041884816749,0.19999999999999973,0.3670886075949369,0.5127642653588705,0.4294307111140565,1.289357194279352,Low,0.4294307111140567,Base
355:30,0.9712041884816749,0.19999999999999973,0.3417721518987342,0.5043254467934696,0.4180383060507653,1.265640395559405,Low,0.4180383060507655,Base
356:00,1.0,0.19999999999999973,0.3417721518987342,0.5139240506329114,0.42379746835443033,1.265640395559405,Low,0.4237974683544305,Base
356:30,0.0,0.7352941176470589,0.9487179487179487,0.5613373554550025,0.6842760180995475,2.225540928492468,Medium,0.6842760180995475,After_Lunch
357:00,0.01777059773828782,0.7352941176470589,0.9589743589743589,0.5706796914532352,0.6924455222625898,2.225540928492468,Medium,0.6924455222625896,After_Lunch
357:30,0.037156704361875015,0.7352941176470589,0.964102564102564,0.5788511287038326,0.6986304358949994,2.225540928492468,Medium,0.6986304358949993,After_Lunch
358:00,0.037156704361875015,0.7352941176470589,0.964102564102564,0.5788511287038326,0.6986304358949994,2.225540928492468,Medium,0.6986304358949993,After_Lunch
358:30,0.054927302100162834,0.7352941176470589,0.9589743589743589,0.5830652595738602,0.6998768631349648,2.225540928492468,Medium,0.6998768631349646,After_Lunch
359:00,0.07269789983845065,0.7352941176470589,0.9487179487179487,0.5855699887344861,0.6988155980672377,2.225540928492468,Medium,0.6988155980672377,After_Lunch
359:30,0.0904684975767367,0.7352941176470589,0.9435897435897436,0.589784119604513,0.7000620253072025,2.225540928492468,Medium,0.7000620253072025,After_Lunch
360:00,0.0904684975767367,0.8823529411764706,0.9435897435897436,0.6388037274476502,0.7515326135424967,2.225540928492468,Medium,0.7515326135424967,After_Lunch
360:30,0.10985460420032389,0.8823529411764706,0.9384615384615385,0.6435563612794443,0.7531021425595218,2.225540928492468,Medium,0.7531021425595218,After_Lunch
361:00,0.1276252019386117,0.8823529411764706,0.9435897435897436,0.6511892955682753,0.7589639544148716,2.2426169482575133,Medium,0.7589639544148717,After_Lunch
361:30,0.1276252019386117,0.8823529411764706,0.9538461538461538,0.6546080989870787,0.7635793390302561,2.2426169482575133,Medium,0.7635793390302562,After_Lunch
362:00,0.14539579967689953,0.8823529411764706,0.964102564102564,0.6639504349853114,0.7717488431932984,2.276483197507122,Medium,0.7717488431932984,After_Lunch
362:30,0.14539579967689953,0.8823529411764706,0.9487179487179487,0.6588222298571063,0.7648257662702215,2.276483197507122,Medium,0.7648257662702215,After_Lunch
363:00,0.16316639741518735,0.8823529411764706,0.9435897435897436,0.6630363607271338,0.7660721935101868,2.310860868397028,Medium,0.7660721935101868,After_Lunch
363:30,0.16316639741518735,0.8823529411764706,0.9538461538461538,0.6664551641459372,0.7706875781255713,2.310860868397028,Medium,0.7706875781255713,After_Lunch
364:00,0.18255250403877454,0.8235294117647056,0.9589743589743589,0.6550187582592797,0.7562842564638633,2.348956134534741,Medium,0.7562842564638633,After_Lunch
364:30,0.18255250403877454,0.8235294117647056,0.9692307692307693,0.6584375616780832,0.760899641079248,2.348956134534741,Medium,0.7608996410792481,After_Lunch
365:00,0.20032310177706059,0.8235294117647056,0.9743589743589745,0.6660704959669136,0.7667614529345975,2.3844282351047257,High,0.7667614529345975,After_Lunch
365:30,0.20032310177706059,0.8235294117647056,0.9846153846153847,0.669489299385717,0.7713768375499822,2.3844282351047257,High,0.7713768375499822,After_Lunch
366:00,0.2180936995153484,0.8235294117647056,0.9897435897435898,0.6771222336745479,0.777238649405332,2.4204360076271816,High,0.7772386494053322,After_Lunch
366:30,0.2180936995153484,0.8235294117647056,0.9743589743589745,0.6719940285463428,0.770315572482255,2.4204360076271816,High,0.7703155724822551,After_Lunch
367:00,0.2374798061389356,0.8235294117647056,0.9333333333333333,0.6647808504123248,0.7557312553454341,2.4603376542995847,High,0.7557312553454341,After_Lunch
367:30,0.2374798061389356,0.8235294117647056,0.8871794871794871,0.6493962350277095,0.7349620245762033,2.401041136857628,High,0.7349620245762034,After_Lunch
368:00,0.2374798061389356,0.7058823529411766,0.8615384615384616,0.6016335402061913,0.6822470924495067,2.3563147943748044,Medium,0.6822470924495068,After_Lunch
368:30,0.2552504038772234,0.7058823529411766,0.8410256410256409,0.6007194659480136,0.6765704427663949,2.3561863006377277,Medium,0.6765704427663949,After_Lunch
369:00,0.2552504038772234,0.7058823529411766,0.8410256410256409,0.6007194659480136,0.6765704427663949,2.3561863006377277,Medium,0.6765704427663949,After_Lunch
369:30,0.27302100161551124,0.7058823529411766,0.8153846153846154,0.5980959899804345,0.6685861007755909,2.347213989786851,Medium,0.668586100775591,After_Lunch
370:00,0.27302100161551124,0.7058823529411766,0.8,0.5929677848522293,0.6616630238525141,2.320881199353469,Medium,0.6616630238525141,After_Lunch
370:30,0.27302100161551124,0.7058823529411766,0.8256410256410256,0.6015147933992379,0.6732014853909756,2.3649349597559586,Medium,0.6732014853909756,After_Lunch
371:00,0.27302100161551124,0.7058823529411766,0.8410256410256409,0.606642998527443,0.6801245623140524,2.3917675855280924,High,0.6801245623140525,After_Lunch
371:30,0.27302100161551124,0.7058823529411766,0.8512820512820514,0.6100618019462464,0.6847399469294372,2.4098249257368045,High,0.6847399469294372,After_Lunch
372:00,0.29079159935379906,0.7058823529411766,0.8564102564102565,0.6176947362350774,0.690601758784787,2.45543306359348,High,0.690601758784787,After_Lunch
372:30,0.29079159935379906,0.7058823529411766,0.1384615384615384,0.378378496918838,0.3675248357078639,1.6409307147236045,Low,0.3675248357078638,After_Lunch
373:00,0.29079159935379906,0.7058823529411766,0.8512820512820514,0.6159853345256757,0.6882940664770948,2.4462162192416237,High,0.6882940664770947,After_Lunch
373:30,0.3101777059773827,0.7058823529411766,0.8564102564102565,0.6241567717762719,0.6944789801095037,2.495911647709105,High,0.6944789801095038,After_Lunch
374:00,0.3279483037156705,0.7058823529411766,0.8512820512820514,0.6283709026462995,0.6957254073494691,2.5240926886164723,High,0.695725407349469,After_Lunch
374:30,0.3279483037156705,0.7058823529411766,0.8461538461538463,0.6266615009368978,0.6934177150417767,2.514618119838536,High,0.6934177150417766,After_Lunch
375:00,0.3279483037156705,0.7058823529411766,0.8358974358974358,0.6232426975180944,0.688802330426392,2.495775541525079,High,0.6888023304263919,After_Lunch
375:30,0.34571890145395834,0.7058823529411766,0.8358974358974358,0.6291662300975236,0.6923564499740497,2.5334647940860386,High,0.6923564499740495,After_Lunch
376:00,0.34571890145395834,0.7058823529411766,0.8410256410256409,0.6308756318069253,0.6946641422817419,2.543010373292948,High,0.6946641422817419,After_Lunch
376:30,0.34571890145395834,0.7058823529411766,0.8410256410256409,0.6308756318069253,0.6946641422817419,2.543010373292948,High,0.6946641422817419,After_Lunch
377:00,0.36348949919224616,0.7058823529411766,0.1384615384615384,0.4026111301983204,0.38206441567555327,1.7332530178673953,Medium,0.38206441567555327,After_Lunch
377:30,0.36348949919224616,0.7058823529411766,0.8358974358974358,0.6350897626769528,0.6959105695217072,2.5548581227781626,High,0.6959105695217072,After_Lunch
378:00,0.3812600969305322,0.7058823529411766,0.8410256410256409,0.6427226969657832,0.7017723813770567,2.5644843076891686,High,0.7017723813770567,After_Lunch
378:30,0.3812600969305322,0.7058823529411766,0.8512820512820514,0.6461415003845867,0.7063877659924415,2.58384562267815,High,0.7063877659924414,After_Lunch
379:00,0.4006462035541194,0.7058823529411766,0.14871794871794874,0.4184155017377482,0.39411114116331264,1.7332530178673953,Medium,0.39411114116331253,After_Lunch
379:30,0.4184168012924072,0.7058823529411766,0.8717948717948718,0.6653646753428185,0.7230498760955856,2.6230078777568333,High,0.7230498760955856,After_Lunch
380:00,0.4184168012924072,0.7058823529411766,0.882051282051282,0.6687834787616219,0.7276652607109702,2.6428110333415877,High,0.7276652607109703,After_Lunch
380:30,0.4184168012924072,0.7058823529411766,0.8871794871794871,0.6704928804710236,0.7299729530186625,2.652768606901144,High,0.7299729530186626,After_Lunch
381:00,0.43618739903069503,0.7058823529411766,0.16923076923076918,0.43710017373421356,0.41045014948939695,1.7332530178673953,Medium,0.41045014948939684,After_Lunch
381:30,0.43618739903069503,0.7058823529411766,0.9025641025641025,0.6815446181786581,0.740450149489397,2.6828670022060144,High,0.7404501494893969,After_Lunch
382:00,0.45395799676898285,0.7058823529411766,0.1743589743589744,0.4447331080230446,0.4163119613447469,1.7332530178673953,Medium,0.4163119613447468,After_Lunch
382:30,0.45395799676898285,0.7058823529411766,0.917948717948718,0.6925963558862925,0.7509273459601314,2.7133068948422285,High,0.7509273459601316,After_Lunch
383:00,0.47334410339257005,0.7058823529411766,0.917948717948718,0.6990583914274883,0.7548045672848489,2.7133068948422285,High,0.754804567284849,After_Lunch
383:30,0.47334410339257005,0.7058823529411766,0.9025641025641025,0.693930186299283,0.747881490361772,2.6828670022060144,High,0.747881490361772,After_Lunch
384:00,0.47334410339257005,0.7058823529411766,0.8923076923076922,0.6905113828804796,0.7432661057463873,2.6627636985692376,High,0.7432661057463874,After_Lunch
384:30,0.4911147011308561,0.7058823529411766,0.8923076923076922,0.6964349154599083,0.7468202252940446,2.6627636985692376,High,0.7468202252940446,After_Lunch
385:00,0.4911147011308561,0.7058823529411766,0.9025641025641025,0.6998537188787117,0.7514356099094293,2.6828670022060144,High,0.7514356099094291,After_Lunch
385:30,0.4911147011308561,0.7058823529411766,0.9076923076923078,0.7015631205881135,0.7537433022171216,2.6929754984957373,High,0.7537433022171215,After_Lunch
386:00,0.5088852988691439,0.7058823529411766,0.9076923076923078,0.7074866531675429,0.7572974217647791,2.6929754984957373,High,0.7572974217647791,After_Lunch
386:30,0.5088852988691439,0.0588235294117645,0.9025641025641025,0.490090976948337,0.5285191412217924,1.8905844227539277,Medium,0.5285191412217924,After_Lunch
387:00,0.5088852988691439,0.0588235294117645,0.8974358974358974,0.4883815752389353,0.5262114489141001,1.8834878243506035,Medium,0.5262114489141002,After_Lunch
387:30,0.5266558966074317,0.0588235294117645,0.8974358974358974,0.4943051078183645,0.5297655684617577,1.8834878243506035,Medium,0.5297655684617577,After_Lunch
388:00,0.5266558966074317,0.0588235294117645,0.16410256410256407,0.2498606633739201,0.19976556846175775,1.2214027581601699,Low,0.19976556846175766,After_Lunch
388:30,0.5266558966074317,0.0588235294117645,0.8871794871794871,0.4908863043995611,0.5251501838463731,1.8693744420629397,Medium,0.5251501838463732,After_Lunch
389:00,0.5460420032310189,0.0588235294117645,0.882051282051282,0.49563893823135513,0.5267197128633982,1.8623574585730227,Medium,0.5267197128633982,After_Lunch
389:30,0.5460420032310189,0.0588235294117645,0.8923076923076922,0.49905774165015854,0.5313350974787829,1.876417864117092,Medium,0.5313350974787829,After_Lunch
390:00,0.5460420032310189,0.0588235294117645,0.8974358974358974,0.5007671433595603,0.5336427897864752,1.8834878243506035,Medium,0.5336427897864752,After_Lunch
390:30,0.5460420032310189,0.0588235294117645,0.8974358974358974,0.5007671433595603,0.5336427897864752,1.8834878243506035,Medium,0.5336427897864752,After_Lunch
391:00,0.5638126009693067,0.0588235294117645,0.9076923076923078,0.510109479357793,0.5418122939495175,1.8977077596942613,Medium,0.5418122939495175,After_Lunch
391:30,0.5638126009693067,0.0588235294117645,0.9128205128205129,0.5118188810671948,0.5441199862572097,1.9048579359169642,Medium,0.5441199862572098,After_Lunch
392:00,0.5638126009693067,0.0588235294117645,0.917948717948718,0.5135282827765965,0.546427678564902,1.9120350525469845,Medium,0.546427678564902,After_Lunch
392:30,0.5638126009693067,0.0588235294117645,0.9230769230769231,0.5152376844859982,0.5487353708725944,1.9155408290138962,Medium,0.5487353708725944,After_Lunch
393:00,0.5815831987075946,0.0588235294117645,0.9282051282051282,0.5228706187748291,0.5545971827279442,1.9155408290138962,Medium,0.5545971827279442,After_Lunch
393:30,0.5815831987075946,0.0588235294117645,0.9333333333333333,0.5245800204842308,0.5569048750356366,1.9155408290138962,Medium,0.5569048750356365,After_Lunch
394:00,0.5815831987075946,0.0588235294117645,0.9384615384615385,0.5262894221936325,0.5592125673433288,1.9155408290138962,Medium,0.5592125673433288,After_Lunch
394:30,0.5815831987075946,0.0588235294117645,0.9435897435897436,0.5279988239030342,0.5615202596510211,1.9155408290138962,Medium,0.5615202596510211,After_Lunch
395:00,0.60096930533118,0.0588235294117645,0.9487179487179487,0.5361702611536311,0.5677051732834305,1.9155408290138962,Medium,0.5677051732834305,After_Lunch
395:30,0.60096930533118,0.0588235294117645,0.9538461538461538,0.5378796628630328,0.5700128655911227,1.9155408290138962,Medium,0.5700128655911229,After_Lunch
396:00,0.60096930533118,0.0588235294117645,0.9538461538461538,0.5378796628630328,0.5700128655911227,1.9155408290138962,Medium,0.5700128655911229,After_Lunch
396:30,0.60096930533118,0.0588235294117645,0.9538461538461538,0.5378796628630328,0.5700128655911227,1.9155408290138962,Medium,0.5700128655911229,After_Lunch
397:00,0.6187399030694678,0.0588235294117645,0.9589743589743589,0.5455125971518637,0.5758746774464727,1.9155408290138962,Medium,0.5758746774464727,After_Lunch
397:30,0.6187399030694678,0.0588235294117645,0.964102564102564,0.5472219988612654,0.5781823697541649,1.9155408290138962,Medium,0.578182369754165,After_Lunch
398:00,0.6187399030694678,0.0588235294117645,0.9692307692307693,0.5489314005706672,0.5804900620618574,1.9155408290138962,Medium,0.5804900620618574,After_Lunch
398:30,0.6187399030694678,0.0588235294117645,0.9692307692307693,0.5489314005706672,0.5804900620618574,1.9155408290138962,Medium,0.5804900620618574,After_Lunch
399:00,0.6187399030694678,0.0588235294117645,0.9743589743589745,0.550640802280069,0.5827977543695496,1.9155408290138962,Medium,0.5827977543695497,After_Lunch
399:30,0.6365105008077556,0.0588235294117645,0.9794871794871796,0.5582737365688999,0.5886595662248995,1.9155408290138962,Medium,0.5886595662248996,After_Lunch
400:00,0.6365105008077556,0.0588235294117645,0.9846153846153847,0.5599831382783016,0.5909672585325918,1.9155408290138962,Medium,0.5909672585325918,After_Lunch
400:30,0.6365105008077556,0.0588235294117645,0.9897435897435898,0.5616925399877033,0.5932749508402841,1.9155408290138962,Medium,0.5932749508402841,After_Lunch
401:00,0.6365105008077556,0.0588235294117645,0.9897435897435898,0.5616925399877033,0.5932749508402841,1.9155408290138962,Medium,0.5932749508402841,After_Lunch
401:30,0.6365105008077556,0.0588235294117645,0.9897435897435898,0.5616925399877033,0.5932749508402841,1.9155408290138962,Medium,0.5932749508402841,After_Lunch
402:00,0.6542810985460434,0.0588235294117645,0.9897435897435898,0.5676160725671325,0.5968290703879418,1.9155408290138962,Medium,0.5968290703879418,After_Lunch
402:30,0.6542810985460434,0.0588235294117645,0.9948717948717949,0.5693254742765342,0.599136762695634,1.9155408290138962,Medium,0.5991367626956341,After_Lunch
403:00,0.6542810985460434,0.0588235294117645,0.9846153846153847,0.5659066708577308,0.5945213780802494,1.9155408290138962,Medium,0.5945213780802494,After_Lunch
403:30,0.6542810985460434,0.0588235294117645,0.9692307692307693,0.5607784657295257,0.5875983011571725,1.9155408290138962,Medium,0.5875983011571726,After_Lunch
404:00,0.6542810985460434,0.0588235294117645,0.9589743589743589,0.5573596623107223,0.5829829165417878,1.9155408290138962,Medium,0.5829829165417878,After_Lunch
404:30,0.6736672051696289,0.0588235294117645,0.964102564102564,0.5655310995613191,0.5891678301741972,1.9155408290138962,Medium,0.5891678301741973,After_Lunch
405:00,0.6736672051696289,0.0588235294117645,0.964102564102564,0.5655310995613191,0.5891678301741972,1.9155408290138962,Medium,0.5891678301741973,After_Lunch
405:30,0.6736672051696289,0.0588235294117645,0.964102564102564,0.5655310995613191,0.5891678301741972,1.9155408290138962,Medium,0.5891678301741973,After_Lunch
406:00,0.6736672051696289,0.0588235294117645,0.964102564102564,0.5655310995613191,0.5891678301741972,1.9155408290138962,Medium,0.5891678301741973,After_Lunch
406:30,0.6914378029079149,0.0588235294117645,0.964102564102564,0.5714546321407478,0.5927219497218543,1.9155408290138962,Medium,0.5927219497218544,After_Lunch
407:00,0.6914378029079149,0.0588235294117645,0.9692307692307693,0.5731640338501496,0.5950296420295468,1.9155408290138962,Medium,0.5950296420295469,After_Lunch
407:30,0.6914378029079149,0.0588235294117645,0.9692307692307693,0.5731640338501496,0.5950296420295468,1.9155408290138962,Medium,0.5950296420295469,After_Lunch
408:00,0.6914378029079149,0.0588235294117645,0.9743589743589745,0.5748734355595513,0.597337334337239,1.9155408290138962,Medium,0.5973373343372391,After_Lunch
408:30,0.7092084006462027,0.0588235294117645,0.9794871794871796,0.5825063698483822,0.603199146192589,1.9155408290138962,Medium,0.603199146192589,After_Lunch
409:00,0.7092084006462027,0.0588235294117645,0.20512820512820518,0.32438671172872413,0.2547376077310505,1.2214027581601699,Low,0.25473760773105036,After_Lunch
409:30,0.7092084006462027,0.0588235294117645,0.9743589743589745,0.5807969681389805,0.6008914538848966,1.9155408290138962,Medium,0.6008914538848967,After_Lunch
410:00,0.7269789983844905,0.0588235294117645,0.9743589743589745,0.5867205007184099,0.6044455734325542,1.9155408290138962,Medium,0.6044455734325542,After_Lunch
410:30,0.7269789983844905,0.0588235294117645,0.9743589743589745,0.5867205007184099,0.6044455734325542,1.9155408290138962,Medium,0.6044455734325542,After_Lunch
411:00,0.7269789983844905,0.0588235294117645,0.9794871794871796,0.5884299024278116,0.6067532657402465,1.9155408290138962,Medium,0.6067532657402466,After_Lunch
411:30,0.7269789983844905,0.0588235294117645,0.9794871794871796,0.5884299024278116,0.6067532657402465,1.9155408290138962,Medium,0.6067532657402466,After_Lunch
412:00,0.7269789983844905,0.0588235294117645,0.9794871794871796,0.5884299024278116,0.6067532657402465,1.9155408290138962,Medium,0.6067532657402466,After_Lunch
412:30,0.7447495961227784,0.0588235294117645,0.9846153846153847,0.5960628367166425,0.6126150775955963,1.9155408290138962,Medium,0.6126150775955964,After_Lunch
413:00,0.7447495961227784,0.0588235294117645,0.9897435897435898,0.5977722384260442,0.6149227699032886,1.9155408290138962,Medium,0.6149227699032888,After_Lunch
413:30,0.7447495961227784,0.0588235294117645,0.9948717948717949,0.5994816401354459,0.617230462210981,1.9155408290138962,Medium,0.617230462210981,After_Lunch
414:00,0.7447495961227784,0.0588235294117645,0.9948717948717949,0.5994816401354459,0.617230462210981,1.9155408290138962,Medium,0.617230462210981,After_Lunch
414:30,0.7447495961227784,0.0588235294117645,0.9897435897435898,0.5977722384260442,0.6149227699032886,1.9155408290138962,Medium,0.6149227699032888,After_Lunch
415:00,0.7447495961227784,0.0588235294117645,0.9897435897435898,0.5977722384260442,0.6149227699032886,1.9155408290138962,Medium,0.6149227699032888,After_Lunch
415:30,0.7641357027463656,0.0588235294117645,0.9897435897435898,0.6042342739672399,0.6187999912280061,1.9155408290138962,Medium,0.6187999912280062,After_Lunch
416:00,0.7641357027463656,0.0588235294117645,0.9948717948717949,0.6059436756766416,0.6211076835356985,1.9155408290138962,Medium,0.6211076835356985,After_Lunch
416:30,0.7641357027463656,0.0588235294117645,1.0,0.6076530773860433,0.6234153758433907,1.9155408290138962,Medium,0.6234153758433908,After_Lunch
417:00,0.7641357027463656,0.0588235294117645,1.0,0.6076530773860433,0.6234153758433907,1.9155408290138962,Medium,0.6234153758433908,After_Lunch
417:30,0.7641357027463656,0.0588235294117645,1.0,0.6076530773860433,0.6234153758433907,1.9155408290138962,Medium,0.6234153758433908,After_Lunch
418:00,0.7641357027463656,0.0588235294117645,1.0,0.6076530773860433,0.6234153758433907,1.9155408290138962,Medium,0.6234153758433908,After_Lunch
418:30,0.7819063004846516,0.0588235294117645,0.2102564102564103,0.35032874671760883,0.27158488000643255,1.2214027581601699,Low,0.2715848800064325,After_Lunch
419:00,0.7819063004846516,0.0588235294117645,0.9846153846153847,0.6084484048372669,0.620046418467971,1.9155408290138962,Medium,0.620046418467971,After_Lunch
419:30,0.7819063004846516,0.0588235294117645,0.964102564102564,0.60161079799966,0.6108156492372017,1.9155408290138962,Medium,0.6108156492372018,After_Lunch
420:00,0.7996768982229394,0.0588235294117645,0.9384615384615385,0.5989873220320808,0.6028313072463978,1.9155408290138962,Medium,0.6028313072463979,After_Lunch
420:30,0.7819063004846516,0.0588235294117645,0.9230769230769231,0.5879355843244464,0.5923541107756634,1.9155408290138962,Medium,0.5923541107756634,After_Lunch
421:00,0.7996768982229394,0.0588235294117645,0.9230769230769231,0.5938591169038757,0.5959082303233209,1.9155408290138962,Medium,0.595908230323321,After_Lunch
421:30,0.7996768982229394,0.0588235294117645,0.9128205128205129,0.5904403134850723,0.5912928457079363,1.9048579359169642,Medium,0.5912928457079364,After_Lunch
422:00,0.7996768982229394,0.0588235294117645,0.8923076923076922,0.5836027066474654,0.582062076477167,1.876417864117092,Medium,0.5820620764771671,After_Lunch
422:30,0.7996768982229394,0.0588235294117645,0.8923076923076922,0.5836027066474654,0.582062076477167,1.876417864117092,Medium,0.5820620764771671,After_Lunch
423:00,0.7996768982229394,0.0588235294117645,0.8923076923076922,0.5836027066474654,0.582062076477167,1.876417864117092,Medium,0.5820620764771671,After_Lunch
423:30,0.7996768982229394,0.0588235294117645,0.8974358974358974,0.5853121083568671,0.5843697687848592,1.8834878243506035,Medium,0.5843697687848594,After_Lunch
424:00,0.7996768982229394,0.0588235294117645,0.9025641025641025,0.5870215100662688,0.5866774610925516,1.8905844227539277,Medium,0.5866774610925516,After_Lunch
424:30,0.7996768982229394,0.0588235294117645,0.9076923076923078,0.5887309117756706,0.588985153400244,1.8977077596942613,Medium,0.588985153400244,After_Lunch
425:00,0.7996768982229394,0.0588235294117645,0.9128205128205129,0.5904403134850723,0.5912928457079363,1.9048579359169642,Medium,0.5912928457079364,After_Lunch
425:30,0.7996768982229394,0.0588235294117645,0.9230769230769231,0.5938591169038757,0.5959082303233209,1.9155408290138962,Medium,0.595908230323321,After_Lunch
426:00,0.7996768982229394,0.0588235294117645,0.9282051282051282,0.5955685186132774,0.5982159226310132,1.9155408290138962,Medium,0.5982159226310133,After_Lunch
426:30,0.7996768982229394,0.0588235294117645,0.9282051282051282,0.5955685186132774,0.5982159226310132,1.9155408290138962,Medium,0.5982159226310133,After_Lunch
427:00,0.7996768982229394,0.0588235294117645,0.9333333333333333,0.5972779203226791,0.6005236149387055,1.9155408290138962,Medium,0.6005236149387055,After_Lunch
427:30,0.7996768982229394,0.0588235294117645,0.9384615384615385,0.5989873220320808,0.6028313072463978,1.9155408290138962,Medium,0.6028313072463979,After_Lunch
428:00,0.7996768982229394,0.0588235294117645,0.9435897435897436,0.6006967237414825,0.6051389995540901,1.9155408290138962,Medium,0.6051389995540901,After_Lunch
428:30,0.7996768982229394,0.0588235294117645,0.9538461538461538,0.6041155271602859,0.6097543841694747,1.9155408290138962,Medium,0.6097543841694748,After_Lunch
429:00,0.7996768982229394,0.0588235294117645,0.9589743589743589,0.6058249288696876,0.612062076477167,1.9155408290138962,Medium,0.612062076477167,After_Lunch
429:30,0.7996768982229394,0.0588235294117645,0.9589743589743589,0.6058249288696876,0.612062076477167,1.9155408290138962,Medium,0.612062076477167,After_Lunch
430:00,0.8174474959612272,0.0588235294117645,0.964102564102564,0.6134578631585186,0.6179238883325169,1.9155408290138962,Medium,0.6179238883325169,After_Lunch
430:30,0.8174474959612272,0.0588235294117645,0.964102564102564,0.6134578631585186,0.6179238883325169,1.9155408290138962,Medium,0.6179238883325169,After_Lunch
431:00,0.8174474959612272,0.0588235294117645,0.964102564102564,0.6134578631585186,0.6179238883325169,1.9155408290138962,Medium,0.6179238883325169,After_Lunch
431:30,0.8174474959612272,0.0588235294117645,0.964102564102564,0.6134578631585186,0.6179238883325169,1.9155408290138962,Medium,0.6179238883325169,After_Lunch
432:00,0.8174474959612272,0.0588235294117645,0.9692307692307693,0.6151672648679204,0.6202315806402092,1.9155408290138962,Medium,0.6202315806402093,After_Lunch
432:30,0.8174474959612272,0.0588235294117645,0.9743589743589745,0.6168766665773221,0.6225392729479016,1.9155408290138962,Medium,0.6225392729479016,After_Lunch
433:00,0.8174474959612272,0.0588235294117645,0.9743589743589745,0.6168766665773221,0.6225392729479016,1.9155408290138962,Medium,0.6225392729479016,After_Lunch
433:30,0.8174474959612272,0.0588235294117645,0.9692307692307693,0.6151672648679204,0.6202315806402092,1.9155408290138962,Medium,0.6202315806402093,After_Lunch
434:00,0.8368336025848144,0.0588235294117645,0.9538461538461538,0.6165010952809109,0.6171857250418497,1.9155408290138962,Medium,0.6171857250418498,After_Lunch
434:30,0.8368336025848144,0.0588235294117645,0.19487179487179485,0.3635096422894579,0.27564726350338814,1.2214027581601699,Low,0.2756472635033881,After_Lunch
435:00,0.8368336025848144,0.0588235294117645,0.9538461538461538,0.6165010952809109,0.6171857250418497,1.9155408290138962,Medium,0.6171857250418498,After_Lunch
435:30,0.8368336025848144,0.0588235294117645,0.9230769230769231,0.6062446850245007,0.6033395711956959,1.9155408290138962,Medium,0.6033395711956959,After_Lunch
436:00,0.8368336025848144,0.0588235294117645,0.8666666666666667,0.5874412662210818,0.5779549558110805,1.84146414893784,Medium,0.5779549558110806,After_Lunch
436:30,0.8368336025848144,0.0588235294117645,0.8256410256410256,0.5737660525458682,0.559493417349542,1.7868874669984403,Medium,0.559493417349542,After_Lunch
437:00,0.8368336025848144,0.0588235294117645,0.8153846153846154,0.5703472491270648,0.5548780327341574,1.773497932114943,Medium,0.5548780327341575,After_Lunch
437:30,0.8368336025848144,0.0588235294117645,0.8205128205128205,0.5720566508364665,0.5571857250418497,1.7801801110123217,Medium,0.5571857250418497,After_Lunch
438:00,0.8546042003231022,0.0588235294117645,0.8307692307692307,0.5813989868346991,0.5653552292048919,1.7936200949354393,Medium,0.5653552292048919,After_Lunch
438:30,0.8546042003231022,0.0588235294117645,0.8358974358974358,0.5831083885441009,0.5676629215125841,1.8003780900428816,Medium,0.5676629215125842,After_Lunch
439:00,0.8546042003231022,0.0588235294117645,0.8153846153846154,0.576270781706494,0.558432152281815,1.773497932114943,Medium,0.558432152281815,After_Lunch
439:30,0.8546042003231022,0.0588235294117645,0.8153846153846154,0.576270781706494,0.558432152281815,1.773497932114943,Medium,0.558432152281815,After_Lunch
440:00,0.8546042003231022,0.0588235294117645,0.8358974358974358,0.5831083885441009,0.5676629215125841,1.8003780900428816,Medium,0.5676629215125842,After_Lunch
440:30,0.8546042003231022,0.0588235294117645,0.8512820512820514,0.5882365936723061,0.5745859984356612,1.8208052359731255,Medium,0.5745859984356612,After_Lunch
441:00,0.8546042003231022,0.0588235294117645,0.8564102564102565,0.5899459953817078,0.5768936907433535,1.8276656591536289,Medium,0.5768936907433535,After_Lunch
441:30,0.8546042003231022,0.0588235294117645,0.8666666666666667,0.5933647988005112,0.5815090753587381,1.84146414893784,Medium,0.5815090753587382,After_Lunch
442:00,0.8546042003231022,0.0588235294117645,0.8769230769230769,0.5967836022193146,0.5861244599741227,1.8553668144061382,Medium,0.5861244599741227,After_Lunch
442:30,0.8723747980613883,0.0588235294117645,0.882051282051282,0.604416536508145,0.5919862718294722,1.8623574585730227,Medium,0.5919862718294722,After_Lunch
443:00,0.8546042003231022,0.0588235294117645,0.8923076923076922,0.6019118073475197,0.5930475368971996,1.876417864117092,Medium,0.5930475368971997,After_Lunch
443:30,0.8723747980613883,0.0588235294117645,0.8871794871794871,0.6061259382175467,0.5942939641371645,1.8693744420629397,Medium,0.5942939641371645,After_Lunch
444:00,0.8723747980613883,0.0588235294117645,0.8564102564102565,0.5958695279611365,0.5804478102910107,1.8276656591536289,Medium,0.5804478102910107,After_Lunch
444:30,0.8723747980613883,0.0588235294117645,0.8256410256410256,0.5856131177047261,0.5666016564448568,1.7868874669984403,Medium,0.5666016564448568,After_Lunch
445:00,0.8723747980613883,0.0588235294117645,0.8307692307692307,0.5873225194141278,0.5689093487525491,1.7936200949354393,Medium,0.5689093487525492,After_Lunch
445:30,0.8723747980613883,0.0588235294117645,0.8307692307692307,0.5873225194141278,0.5689093487525491,1.7936200949354393,Medium,0.5689093487525492,After_Lunch
446:00,0.8901453957996761,0.0588235294117645,0.7743589743589743,0.5744426331901383,0.5470788529155912,1.7209356095646775,Medium,0.5470788529155912,After_Lunch
446:30,0.8723747980613883,0.0588235294117645,0.676923076923077,0.5360404681320766,0.49967857952177985,1.6022589859945178,Low,0.4996785795217799,After_Lunch
447:00,0.8901453957996761,0.0588235294117645,0.6307692307692307,0.5265793853268904,0.4824634683002067,1.5489357103169388,Low,0.4824634683002067,After_Lunch
447:30,0.8723747980613883,0.0588235294117645,0.6512820512820512,0.527493459585068,0.4881401179833183,1.5724122736439068,Low,0.4881401179833183,After_Lunch
448:00,0.8901453957996761,0.0588235294117645,0.6717948717948719,0.5402545990021042,0.5009250067617451,1.5962446613101129,Low,0.5009250067617452,After_Lunch
448:30,0.8723747980613883,0.0588235294117645,0.6871794871794872,0.53945927155088,0.5042939641371644,1.6143557029947944,Low,0.5042939641371645,After_Lunch
449:00,0.8723747980613883,0.0588235294117645,0.7076923076923076,0.5462968783884868,0.5135247333679337,1.6388238094766667,Low,0.5135247333679338,After_Lunch
449:30,0.8723747980613883,0.0588235294117645,0.7179487179487181,0.5497156818072902,0.5181401179833184,1.6511965831729551,Low,0.5181401179833185,After_Lunch
450:00,0.8723747980613883,0.0588235294117645,0.7282051282051283,0.5531344852260937,0.522755502598703,1.6636627686979306,Low,0.522755502598703,After_Lunch
450:30,0.8723747980613883,0.0588235294117645,0.7435897435897436,0.5582626903542988,0.5296785795217799,1.682538738330563,Low,0.52967857952178,After_Lunch
451:00,0.8723747980613883,0.0588235294117645,0.7538461538461538,0.5616814937731022,0.5342939641371645,1.6952415505085545,Medium,0.5342939641371645,After_Lunch
451:30,0.8901453957996761,0.0588235294117645,0.764102564102564,0.5710238297713349,0.5424634683002066,1.708040266236077,Medium,0.5424634683002068,After_Lunch
452:00,0.8723747980613883,0.0588235294117645,0.7589743589743589,0.5633908954825039,0.5366016564448568,1.7016288753030406,Medium,0.5366016564448568,After_Lunch
452:30,0.8901453957996761,0.0588235294117645,0.7230769230769232,0.5573486160961213,0.5240019298386682,1.657417955503705,Low,0.5240019298386682,After_Lunch
453:00,0.8901453957996761,0.0588235294117645,0.6974358974358974,0.5488016075491127,0.5124634683002066,1.6265437476539975,Low,0.5124634683002067,After_Lunch
453:30,0.8901453957996761,0.0588235294117645,0.7128205128205127,0.5539298126773178,0.5193865452232835,1.644998563716807,Low,0.5193865452232835,After_Lunch
454:00,0.8901453957996761,0.0588235294117645,0.7282051282051283,0.559058017805523,0.5263096221463606,1.6636627686979306,Low,0.5263096221463606,After_Lunch
454:30,0.8901453957996761,0.0588235294117645,0.7384615384615385,0.5624768212243264,0.5309250067617451,1.676223071291175,Low,0.5309250067617453,After_Lunch
455:00,0.8723747980613883,0.0588235294117645,0.7538461538461538,0.5616814937731022,0.5342939641371645,1.6952415505085545,Medium,0.5342939641371645,After_Lunch
455:30,0.8901453957996761,0.0588235294117645,0.7692307692307692,0.5727332314807366,0.544771160607899,1.7144758139839702,Medium,0.544771160607899,After_Lunch
456:00,0.8723747980613883,0.0588235294117645,0.7794871794871794,0.5702285023201107,0.545832425675626,1.727419744339093,Medium,0.545832425675626,After_Lunch
456:30,0.8723747980613883,0.0588235294117645,0.7948717948717949,0.5753567074483159,0.552755502598703,1.7470191026047555,Medium,0.552755502598703,After_Lunch
457:00,0.8723747980613883,0.0588235294117645,0.8051282051282052,0.5787755108671193,0.5573708872140876,1.7602087279169016,Medium,0.5573708872140877,After_Lunch
457:30,0.8723747980613883,0.0588235294117645,0.8153846153846154,0.5821943142859227,0.5619862718294721,1.773497932114943,Medium,0.5619862718294723,After_Lunch
458:00,0.8723747980613883,0.0588235294117645,0.8256410256410256,0.5856131177047261,0.5666016564448568,1.7868874669984403,Medium,0.5666016564448568,After_Lunch
458:30,0.8723747980613883,0.0588235294117645,0.8358974358974358,0.5890319211235295,0.5712170410602413,1.8003780900428816,Medium,0.5712170410602415,After_Lunch
459:00,0.8723747980613883,0.0588235294117645,0.8256410256410256,0.5856131177047261,0.5666016564448568,1.7868874669984403,Medium,0.5666016564448568,After_Lunch
459:30,0.8723747980613883,0.0588235294117645,0.8051282051282052,0.5787755108671193,0.5573708872140876,1.7602087279169016,Medium,0.5573708872140877,After_Lunch
460:00,0.8723747980613883,0.0588235294117645,0.1282051282051282,0.35313448522609364,0.25275550259870294,1.2214027581601699,Low,0.2527555025987029,After_Lunch
460:30,0.8723747980613883,0.0588235294117645,0.8051282051282052,0.5787755108671193,0.5573708872140876,1.7602087279169016,Medium,0.5573708872140877,After_Lunch
461:00,0.8723747980613883,0.0588235294117645,0.7487179487179487,0.5599720920637005,0.5319862718294721,1.6888782015166786,Low,0.5319862718294722,After_Lunch
461:30,0.8723747980613883,0.0588235294117645,0.6666666666666667,0.5326216647132732,0.4950631949063953,1.590252912315235,Low,0.49506319490639533,After_Lunch
462:00,0.8901453957996761,0.0588235294117645,0.0,0.3163229750704802,0.1986173144540528,1.2214027581601699,Low,0.19861731445405273,After_Lunch
462:30,0.8901453957996761,0.0588235294117645,0.5692307692307692,0.50606656481407,0.454771160607899,1.4805882361894818,Low,0.45477116060789896,After_Lunch
463:00,0.8723747980613883,0.0588235294117645,0.5692307692307692,0.5001430322346406,0.4512170410602414,1.4805882361894818,Low,0.4512170410602414,After_Lunch
463:30,0.8723747980613883,0.0588235294117645,0.5846153846153845,0.5052712373628457,0.4581401179833183,1.4973870364695518,Low,0.45814011798331833,After_Lunch
464:00,0.8723747980613883,0.0588235294117645,0.6256410256410256,0.5189464510380595,0.4766016564448568,1.5431215427207228,Low,0.4766016564448568,After_Lunch
464:30,0.8723747980613883,0.0588235294117645,0.6564102564102565,0.5292028612944698,0.4904478102910107,1.5783368027469058,Low,0.49044781029101076,After_Lunch
465:00,0.8723747980613883,0.0588235294117645,0.676923076923077,0.5360404681320766,0.49967857952177985,1.6022589859945178,Low,0.4996785795217799,After_Lunch
465:30,0.8723747980613883,0.0588235294117645,0.6974358974358974,0.5428780749696834,0.5089093487525491,1.6265437476539975,Low,0.5089093487525491,After_Lunch
466:00,0.8723747980613883,0.0588235294117645,0.7179487179487181,0.5497156818072902,0.5181401179833184,1.6511965831729551,Low,0.5181401179833185,After_Lunch
466:30,0.8723747980613883,0.0588235294117645,0.7282051282051283,0.5531344852260937,0.522755502598703,1.6636627686979306,Low,0.522755502598703,After_Lunch
467:00,0.8901453957996761,0.0588235294117645,0.08205128205128209,0.3436734024209076,0.23554039137712976,1.2214027581601699,Low,0.23554039137712968,After_Lunch
467:30,0.8901453957996761,0.0588235294117645,0.7076923076923076,0.5522204109679161,0.5170788529155913,1.6388238094766667,Low,0.5170788529155913,After_Lunch
468:00,0.8901453957996761,0.0588235294117645,0.6820512820512821,0.5436734024209076,0.5055403913771298,1.6082959714290483,Low,0.5055403913771298,After_Lunch
468:30,0.8901453957996761,0.0588235294117645,0.6871794871794872,0.5453828041303093,0.507848083684822,1.6143557029947944,Low,0.507848083684822,After_Lunch
469:00,0.8901453957996761,0.0588235294117645,0.7025641025641025,0.5505110092585144,0.514771160607899,1.63267223312298,Low,0.514771160607899,After_Lunch
469:30,0.8901453957996761,0.0588235294117645,0.7025641025641025,0.5505110092585144,0.514771160607899,1.63267223312298,Low,0.514771160607899,After_Lunch
470:00,0.8901453957996761,0.5294117647058822,0.6717948717948719,0.6971173441001435,0.6656308891146864,2.1862970437348848,Medium,0.6656308891146864,After_Lunch
470:30,0.8901453957996761,0.5294117647058822,0.6461538461538461,0.6885703355531348,0.6540924275762248,2.1455709316969838,Medium,0.6540924275762248,After_Lunch
471:00,0.8901453957996761,0.5294117647058822,0.6307692307692307,0.6834421304249297,0.6471693506531478,2.1215003229028264,Medium,0.647169350653148,After_Lunch
471:30,0.8901453957996761,0.5294117647058822,0.641025641025641,0.6868609338437331,0.6517847352685324,2.137517202350203,Medium,0.6517847352685325,After_Lunch
472:00,0.9095315024232633,0.5294117647058822,0.6666666666666667,0.7018699779319375,0.6672004181317115,2.1780904426844216,Medium,0.6672004181317116,After_Lunch
472:30,0.9095315024232633,0.5294117647058822,0.6820512820512821,0.7069981830601426,0.6741234950547884,2.2028031247416244,Medium,0.6741234950547885,After_Lunch
473:00,0.8901453957996761,0.5294117647058822,0.6974358974358974,0.705664352647152,0.6771693506531479,2.227796197659781,Medium,0.6771693506531479,After_Lunch
473:30,0.9095315024232633,0.5294117647058822,0.09230769230769231,0.510416986478946,0.40873887967017297,1.6728947034870787,Low,0.40873887967017297,After_Lunch
474:00,0.9095315024232633,0.5294117647058822,0.7589743589743589,0.7326392087011682,0.708738879670173,2.330636568303732,Medium,0.7087388796701731,After_Lunch
474:30,0.9095315024232633,0.5294117647058822,0.7487179487179487,0.7292204052823648,0.7041234950547883,2.313172603611833,Medium,0.7041234950547884,After_Lunch
475:00,0.9095315024232633,0.5294117647058822,0.7179487179487181,0.7189639950259545,0.6902773412086345,2.2615619622202985,Medium,0.6902773412086347,After_Lunch
475:30,0.9095315024232633,0.5294117647058822,0.7179487179487181,0.7189639950259545,0.6902773412086345,2.2615619622202985,Medium,0.6902773412086347,After_Lunch
476:00,0.9095315024232633,0.5294117647058822,0.7384615384615385,0.7258016018635614,0.6995081104394039,2.295839500190588,Medium,0.6995081104394039,After_Lunch
476:30,0.9095315024232633,0.5294117647058822,0.7384615384615385,0.7258016018635614,0.6995081104394039,2.295839500190588,Medium,0.6995081104394039,After_Lunch
477:00,0.9273021001615511,0.5294117647058822,0.7333333333333334,0.7300157327335889,0.700754537679369,2.2872217147400935,Medium,0.7007545376793691,After_Lunch
477:30,0.9095315024232633,0.5294117647058822,0.10256410256410253,0.5138357898977494,0.4133542642855576,1.6728947034870787,Low,0.41335426428555755,After_Lunch
478:00,0.9095315024232633,0.5294117647058822,0.7692307692307692,0.7360580121199716,0.7133542642855575,2.348232382241244,Medium,0.7133542642855577,After_Lunch
478:30,0.9273021001615511,0.5294117647058822,0.7794871794871794,0.7454003481182042,0.7215237684485998,2.3659610408583314,Medium,0.7215237684485998,After_Lunch
479:00,0.9273021001615511,0.5294117647058822,0.7897435897435898,0.7488191515370076,0.7261391530639845,2.383823547104273,High,0.7261391530639845,After_Lunch
479:30,0.9273021001615511,0.5294117647058822,0.8,0.752237954955811,0.730754537679369,2.4018209115004026,High,0.7307545376793692,After_Lunch
480:00,0.9273021001615511,0.5294117647058822,0.8102564102564103,0.7556567583746144,0.7353699222947536,2.4199541521972763,High,0.7353699222947538,After_Lunch
480:30,0.9273021001615511,0.5294117647058822,0.8153846153846154,0.7573661600840161,0.737677614602446,2.429072046430822,High,0.737677614602446,After_Lunch
481:00,0.9273021001615511,0.2941176470588234,0.7794871794871794,0.6669689755691847,0.6391708272721291,1.9033282900197004,Medium,0.6391708272721293,After_Lunch
481:30,0.9273021001615511,0.2941176470588234,0.7538461538461538,0.6584219670221761,0.6276323657336677,1.8678732902490258,Medium,0.6276323657336678,After_Lunch
482:00,0.9273021001615511,0.2941176470588234,0.764102564102564,0.6618407704409796,0.6322477503490522,1.8819753391574883,Medium,0.6322477503490523,After_Lunch
482:30,0.9450726978998389,0.2941176470588234,0.7333333333333334,0.6575078927639986,0.621955716050556,1.8399854097482822,Medium,0.6219557160505561,After_Lunch
483:00,0.9450726978998389,0.2941176470588234,0.03589743589743588,0.42502926028536603,0.3081095622044021,1.34578201432089,Low,0.30810956220440205,After_Lunch
483:30,0.9450726978998389,0.2941176470588234,0.6153846153846154,0.6181916534477593,0.568878792973633,1.6875219924455365,Low,0.568878792973633,After_Lunch
484:00,0.9450726978998389,0.2941176470588234,0.5794871794871794,0.6062258414819472,0.5527249468197868,1.64367759103084,Low,0.5527249468197868,After_Lunch
484:30,0.9450726978998389,0.2941176470588234,0.5435897435897437,0.5942600295161353,0.5365711006659406,1.6009723341985664,Low,0.5365711006659406,After_Lunch
485:00,0.9450726978998389,0.2941176470588234,0.5179487179487179,0.5857130209691267,0.525032639127479,1.5711495894626701,Low,0.5250326391274791,After_Lunch
485:30,0.9450726978998389,1.0,0.5384615384615385,0.8278447454537924,0.7813222318876601,2.054176772271323,Medium,0.7813222318876601,After_Lunch
486:00,0.9450726978998389,1.0,0.5435897435897437,0.8295541471631941,0.7836299241953525,2.0619164918563286,Medium,0.7836299241953525,After_Lunch
486:30,0.9450726978998389,1.0,0.5487179487179488,0.8312635488725958,0.7859376165030447,2.0696853731279345,Medium,0.7859376165030448,After_Lunch
487:00,0.9450726978998389,1.0,0.5641025641025641,0.8363917540008009,0.7928606934261216,2.093168087886793,Medium,0.7928606934261216,After_Lunch
487:30,0.9450726978998389,1.0,0.5794871794871794,0.841519959129006,0.7997837703491986,2.116917238259298,Medium,0.7997837703491987,After_Lunch
488:00,0.9450726978998389,1.0,0.6102564102564103,0.8517763693854165,0.8136299241953524,2.1652269720912636,Medium,0.8136299241953525,After_Lunch
488:30,0.9450726978998389,1.0,0.6358974358974359,0.860323377932425,0.8251683857338139,2.2063261848696203,Medium,0.825168385733814,After_Lunch
489:00,0.9450726978998389,0.9411764705882351,0.6564102564102565,0.8475531416327767,0.8138109196704655,2.239766537528571,Medium,0.8138109196704656,After_Lunch
489:30,0.9644588045234261,0.9411764705882351,0.6717948717948719,0.8591433823021776,0.8246112179182599,2.2651789984804163,Medium,0.8246112179182599,After_Lunch
490:00,0.9644588045234261,0.9411764705882351,0.6923076923076923,0.8659809891397844,0.833841987149029,2.2995113583392133,Medium,0.8338419871490291,After_Lunch
490:30,0.9644588045234261,0.9411764705882351,0.7076923076923076,0.8711091942679895,0.8407650640721058,2.3256016858903164,Medium,0.840765064072106,After_Lunch
491:00,0.9644588045234261,0.9411764705882351,0.6923076923076923,0.8659809891397844,0.833841987149029,2.2995113583392133,Medium,0.8338419871490291,After_Lunch
491:30,0.9644588045234261,0.9411764705882351,0.6871794871794872,0.8642715874303827,0.8315342948413367,2.2908797900063673,Medium,0.8315342948413369,After_Lunch
492:00,0.9644588045234261,0.9411764705882351,0.7076923076923076,0.8711091942679895,0.8407650640721058,2.3256016858903164,Medium,0.840765064072106,After_Lunch
492:30,0.9644588045234261,0.9411764705882351,0.7230769230769232,0.8762373993961948,0.8476881409951829,2.3519880351110913,Medium,0.8476881409951831,After_Lunch
493:00,0.9644588045234261,0.9117647058823528,0.7282051282051283,0.8681428795369691,0.8397017156558164,2.360849846862044,Medium,0.8397017156558165,After_Lunch
493:30,0.9644588045234261,0.9117647058823528,0.7076923076923076,0.8613052726993621,0.830470946425047,2.3256016858903164,Medium,0.8304709464250473,After_Lunch
494:00,0.9644588045234261,0.9117647058823528,0.6871794871794872,0.8544676658617553,0.8212401771942779,2.2908797900063673,Medium,0.8212401771942781,After_Lunch
494:30,0.982229402261714,0.9117647058823528,0.6923076923076923,0.8621006001505863,0.8271019890496278,2.2995113583392133,Medium,0.8271019890496278,After_Lunch
495:00,0.982229402261714,0.9117647058823528,0.7076923076923076,0.8672288052787914,0.8340250659727046,2.3256016858903164,Medium,0.8340250659727049,After_Lunch
495:30,0.9644588045234261,0.9117647058823528,0.7230769230769232,0.8664334778275674,0.8373940233481241,2.3519880351110913,Medium,0.8373940233481243,After_Lunch
496:00,0.9644588045234261,0.9117647058823528,0.7230769230769232,0.8664334778275674,0.8373940233481241,2.3519880351110913,Medium,0.8373940233481243,After_Lunch
496:30,0.9644588045234261,0.9411764705882351,0.7128205128205127,0.8728185959773912,0.8430727563797982,2.3343640792530382,Medium,0.8430727563797984,After_Lunch
497:00,0.9644588045234261,0.9411764705882351,0.7230769230769232,0.8762373993961948,0.8476881409951829,2.3519880351110913,Medium,0.8476881409951831,After_Lunch
497:30,0.982229402261714,0.9411764705882351,0.7384615384615385,0.8872891371038292,0.8581653374659174,2.378673764672628,High,0.8581653374659175,After_Lunch
498:00,0.982229402261714,0.9411764705882351,0.7538461538461538,0.8924173422320343,0.8650884143889943,2.4056622713536067,High,0.8650884143889943,After_Lunch
498:30,0.982229402261714,0.9411764705882351,0.764102564102564,0.8958361456508377,0.8697037990043789,2.423824513506204,High,0.869703799004379,After_Lunch
499:00,0.982229402261714,0.9411764705882351,0.7743589743589743,0.8992549490696411,0.8743191836197635,2.44212387675179,High,0.8743191836197637,After_Lunch
499:30,0.982229402261714,0.9411764705882351,0.7846153846153847,0.9026737524884446,0.8789345682351482,2.4605613963256614,High,0.8789345682351484,After_Lunch
500:00,0.982229402261714,1.0,0.7897435897435898,0.9239909973351011,0.9018304958369582,2.4698322903822585,High,0.9018304958369583,After_Lunch
500:30,0.982229402261714,1.0,0.8,0.9274098007539046,0.9064458804523428,2.4884790026279413,High,0.906445880452343,After_Lunch
501:00,0.982229402261714,1.0,0.8051282051282052,0.9291192024633063,0.9087535727600351,2.497855084537493,High,0.9087535727600353,After_Lunch
501:30,0.982229402261714,1.0,0.1282051282051282,0.7034781768222808,0.6041381881446505,1.7332530178673953,Medium,0.6041381881446505,After_Lunch
502:00,0.982229402261714,1.0,0.8256410256410256,0.9359568093009131,0.9179843419908043,2.535714017405491,High,0.9179843419908045,After_Lunch
502:30,0.982229402261714,1.0,0.8307692307692307,0.9376662110103148,0.9202920342984966,2.545268071227639,High,0.9202920342984968,After_Lunch
503:00,0.982229402261714,1.0,0.8358974358974358,0.9393756127197165,0.9225997266061889,2.5548581227781626,High,0.9225997266061892,After_Lunch
503:30,0.982229402261714,1.0,0.8410256410256409,0.9410850144291182,0.9249074189138812,2.5644843076891686,High,0.9249074189138813,After_Lunch
504:00,0.982229402261714,1.0,0.8461538461538463,0.9427944161385201,0.9272151112215736,2.5741467621037972,High,0.9272151112215739,After_Lunch
504:30,0.982229402261714,0.6176470588235294,0.8358974358974358,0.8119246323275598,0.7887761971944243,2.5548581227781626,High,0.7887761971944243,After_Lunch
505:00,1.0,0.6176470588235294,0.7794871794871794,0.7990447461035696,0.7669457013574661,2.451325301990868,High,0.7669457013574661,After_Lunch
505:30,0.982229402261714,0.6176470588235294,0.7179487179487181,0.7726083930113204,0.7356992741175012,2.343159487528808,Medium,0.7356992741175012,After_Lunch
506:00,1.0,0.6176470588235294,0.7076923076923076,0.7751131221719456,0.7346380090497737,2.3256016858903164,Medium,0.7346380090497738,After_Lunch
506:30,0.982229402261714,0.6176470588235294,0.7128205128205127,0.7708989913019186,0.7333915818098089,2.3343640792530382,Medium,0.7333915818098089,After_Lunch
507:00,0.982229402261714,0.6176470588235294,0.7333333333333334,0.7777365981395256,0.742622351040578,2.369745048114277,Medium,0.7426223510405783,After_Lunch
507:30,0.982229402261714,0.6176470588235294,0.10256410256410253,0.5674801878831154,0.45877619719442425,1.7332530178673953,Medium,0.45877619719442425,After_Lunch
508:00,0.982229402261714,0.6176470588235294,0.7743589743589743,0.7914118118147392,0.7610838895021166,2.44212387675179,High,0.7610838895021166,After_Lunch
508:30,0.982229402261714,0.6176470588235294,0.7846153846153847,0.7948306152335428,0.7656992741175013,2.4605613963256614,High,0.7656992741175013,After_Lunch
509:00,0.9644588045234261,0.6176470588235294,0.7948717948717949,0.7923258860729169,0.7667605391852284,2.4791381152789227,High,0.7667605391852284,After_Lunch
509:30,0.9644588045234261,0.6176470588235294,0.8051282051282052,0.7957446894917203,0.7713759238006128,2.497855084537493,High,0.7713759238006129,After_Lunch
510:00,0.9644588045234261,0.6176470588235294,0.8102564102564103,0.797454091201122,0.7736836161083052,2.5072664936135114,High,0.7736836161083053,After_Lunch
510:30,0.9644588045234261,0.6176470588235294,0.8205128205128205,0.8008728946199254,0.7782990007236898,2.5261958261887276,High,0.7782990007236898,After_Lunch
511:00,0.9644588045234261,0.6176470588235294,0.8307692307692307,0.8042916980387288,0.7829143853390743,2.545268071227639,High,0.7829143853390744,After_Lunch
511:30,0.9644588045234261,0.6176470588235294,0.8256410256410256,0.8025822963293271,0.780606693031382,2.535714017405491,High,0.7806066930313822,After_Lunch
512:00,0.9644588045234261,0.0,0.8256410256410256,0.5966999433881506,0.5644302224431468,1.7868874669984403,Medium,0.5644302224431468,After_Lunch
512:30,0.9644588045234261,0.0,0.8307692307692307,0.5984093450975523,0.5667379147508391,1.7936200949354393,Medium,0.5667379147508391,After_Lunch
513:00,0.9644588045234261,0.0,0.8358974358974358,0.600118746806954,0.5690456070585314,1.8003780900428816,Medium,0.5690456070585315,After_Lunch
513:30,0.9644588045234261,0.0,0.14358974358974363,0.3693495160377232,0.25750714552006987,1.2214027581601699,Low,0.2575071455200698,After_Lunch
514:00,0.9644588045234261,0.0,0.8512820512820514,0.6052469519351592,0.5759686839816084,1.8208052359731255,Medium,0.5759686839816085,After_Lunch
514:30,0.9644588045234261,0.0,0.8564102564102565,0.6069563536445609,0.5782763762893006,1.8276656591536289,Medium,0.5782763762893007,After_Lunch
515:00,0.9644588045234261,0.0,0.8615384615384616,0.6086657553539626,0.580584068596993,1.8345519310110177,Medium,0.5805840685969931,After_Lunch
515:30,0.9644588045234261,0.0,0.15384615384615385,0.3727683194565266,0.2621225301354545,1.2214027581601699,Low,0.26212253013545445,After_Lunch
516:00,0.9644588045234261,0.0,0.8769230769230769,0.6137939604821677,0.5875071455200699,1.8553668144061382,Medium,0.58750714552007,After_Lunch
516:30,0.9644588045234261,0.0,0.16410256410256407,0.37618712287533,0.2667379147508391,1.2214027581601699,Low,0.2667379147508391,After_Lunch
517:00,0.9644588045234261,0.0,0.8923076923076922,0.6189221656103728,0.5944302224431468,1.876417864117092,Medium,0.5944302224431468,After_Lunch
517:30,0.9644588045234261,0.0,0.8974358974358974,0.6206315673197745,0.596737914750839,1.8834878243506035,Medium,0.5967379147508391,After_Lunch
518:00,0.982229402261714,0.0,0.8974358974358974,0.6265550998992038,0.6002920342984965,1.8834878243506035,Medium,0.6002920342984968,After_Lunch
518:30,0.982229402261714,0.0,0.8974358974358974,0.6265550998992038,0.6002920342984965,1.8834878243506035,Medium,0.6002920342984968,After_Lunch
519:00,0.982229402261714,0.0,0.8871794871794871,0.6231362964804004,0.5956766496831121,1.8693744420629397,Medium,0.5956766496831121,After_Lunch
519:30,0.982229402261714,0.0,0.882051282051282,0.6214268947709987,0.5933689573754197,1.8623574585730227,Medium,0.5933689573754197,After_Lunch
520:00,0.982229402261714,0.6764705882352939,0.882051282051282,0.84691709084943,0.8301336632577726,2.6428110333415877,High,0.8301336632577727,After_Lunch
520:30,0.982229402261714,0.6764705882352939,0.8666666666666667,0.8417888857212249,0.8232105863346957,2.613162015655589,High,0.8232105863346959,After_Lunch
521:00,0.982229402261714,0.6764705882352939,0.8564102564102565,0.8383700823024215,0.8185952017193111,2.5935810265832195,High,0.8185952017193112,After_Lunch
521:30,0.982229402261714,0.6764705882352939,0.8461538461538463,0.8349512788836181,0.8139798171039264,2.5741467621037972,High,0.8139798171039265,After_Lunch
522:00,0.982229402261714,0.6764705882352939,0.8358974358974358,0.8315324754648147,0.8093644324885417,2.5548581227781626,High,0.8093644324885418,After_Lunch
522:30,0.982229402261714,0.6764705882352939,0.8358974358974358,0.8315324754648147,0.8093644324885417,2.5548581227781626,High,0.8093644324885418,After_Lunch
523:00,0.982229402261714,0.6764705882352939,0.8256410256410256,0.8281136720460113,0.8047490478731572,2.535714017405491,High,0.8047490478731574,After_Lunch
523:30,0.982229402261714,0.6764705882352939,0.8205128205128205,0.8264042703366096,0.8024413555654649,2.5261958261887276,High,0.802441355565465,After_Lunch
524:00,0.982229402261714,0.6764705882352939,0.8256410256410256,0.8281136720460113,0.8047490478731572,2.535714017405491,High,0.8047490478731574,After_Lunch
524:30,0.982229402261714,0.6764705882352939,0.8051282051282052,0.8212760652084045,0.795518278642388,2.497855084537493,High,0.795518278642388,After_Lunch
525:00,0.9644588045234261,0.6764705882352939,0.11794871794871797,0.586292703569146,0.4827333898639612,1.7332530178673953,Medium,0.4827333898639612,After_Lunch
525:30,0.982229402261714,0.6764705882352939,0.8102564102564103,0.8229854669178062,0.7978259709500802,2.5072664936135114,High,0.7978259709500803,After_Lunch
526:00,0.0,0.0,0.8421052631578947,0.2807017543859649,0.37894736842105264,1.4807506252696572,Low,0.3789473684210523,Stress_Induced
526:30,0.0,0.0,0.8421052631578947,0.2807017543859649,0.37894736842105264,1.4807506252696572,Low,0.3789473684210523,Stress_Induced
527:00,0.0,0.0,0.8771929824561404,0.2923976608187135,0.3947368421052632,1.519346567371768,Low,0.3947368421052629,Stress_Induced
527:30,0.0,0.0,0.9122807017543861,0.304093567251462,0.4105263157894738,1.5589485173197162,Low,0.41052631578947346,Stress_Induced
528:00,0.03914590747330848,0.0,0.9473684210526319,0.3288381095086468,0.4341449709683461,1.568312185490169,Low,0.43414497096834576,Stress_Induced
528:30,0.03914590747330848,0.0,0.9122807017543861,0.3171422030758982,0.4183554972841355,1.5589485173197162,Low,0.4183554972841352,Stress_Induced
529:00,0.03914590747330848,0.0,0.8245614035087714,0.2879024369940266,0.37888181307360885,1.461821895479997,Low,0.3788818130736086,Stress_Induced
529:30,0.07829181494662052,0.0,0.7894736842105265,0.2892551663857157,0.37092152088406105,1.4246872519080958,Low,0.3709215208840608,Stress_Induced
530:00,0.07829181494662052,0.4666666666666668,0.7719298245614032,0.43896276872489687,0.526360117375289,1.8177887704725801,Medium,0.5263601173752888,Stress_Induced
530:30,0.117437722419929,0.4666666666666668,0.7543859649122808,0.44616345133295887,0.5262945620278455,1.7945516150300924,Medium,0.5262945620278454,Stress_Induced
531:00,0.117437722419929,0.4666666666666668,0.7192982456140351,0.4344675449002103,0.510505088343635,1.7489646424983651,Medium,0.5105050883436348,Stress_Induced
531:30,0.117437722419929,0.4666666666666668,0.666666666666667,0.4169236852510876,0.4868208778173193,1.682746296157502,Medium,0.4868208778173192,Stress_Induced
532:00,0.117437722419929,0.4666666666666668,0.6842105263157894,0.42277163846746174,0.4947156146594244,1.7045357152673148,Medium,0.49471561465942426,Stress_Induced
532:30,0.16014234875445155,0.4666666666666668,0.666666666666667,0.43115856069592845,0.4953618030842238,1.7428064184399248,Medium,0.4953618030842237,Stress_Induced
533:00,0.16014234875445155,0.4666666666666668,0.6140350877192979,0.4136147010468054,0.4716775925579077,1.676821231422947,Medium,0.47167759255790764,Stress_Induced
533:30,0.16014234875445155,0.4666666666666668,0.5789473684210522,0.40191879461405683,0.4558881188736971,1.6342249623731915,Medium,0.45588811887369707,Stress_Induced
534:00,0.19928825622776003,0.3333333333333335,0.5789473684210522,0.3705229859940486,0.4170506337016922,1.493153321372634,Low,0.4170506337016921,Stress_Induced
534:30,0.19928825622776003,0.3333333333333335,0.6315789473684212,0.38806684564317157,0.4407348442280083,1.5519109273174168,Low,0.4407348442280081,Stress_Induced
535:00,0.19928825622776003,0.3333333333333335,0.6842105263157894,0.4056107052922943,0.46441905475432393,1.6129807246540298,Medium,0.46441905475432377,Stress_Induced
535:30,0.19928825622776003,0.3333333333333335,0.666666666666667,0.39976275207592016,0.45652431791221887,1.592361671201093,Medium,0.4565243179122187,Stress_Induced
536:00,0.19928825622776003,0.3333333333333335,0.5964912280701755,0.37637093921042303,0.4249453705437977,1.512487753181453,Low,0.42494537054379755,Stress_Induced
536:30,0.2384341637010685,0.3333333333333335,0.49122807017543835,0.35433185573661347,0.38540613098582766,1.4471254926787054,Low,0.3854061309858276,Stress_Induced
537:00,0.2384341637010685,0.3333333333333335,0.4385964912280702,0.3367879960874907,0.361721920459512,1.3923352157660718,Low,0.36172192045951196,Stress_Induced
537:30,0.2384341637010685,0.3333333333333335,0.42105263157894735,0.33094004287111645,0.3538271836174067,1.3745367177434462,Low,0.35382718361740667,Stress_Induced
538:00,0.28113879003559106,0.43333333333333357,0.42105263157894735,0.37850825164929064,0.3973681088843113,1.5629997265724669,Low,0.3973681088843112,Stress_Induced
538:30,0.28113879003559106,0.43333333333333357,0.4385964912280702,0.38435620486566496,0.4052628457264166,1.583238580277615,Low,0.40526284572641647,Stress_Induced
539:00,0.28113879003559106,0.43333333333333357,0.47368421052631593,0.3960521112984135,0.42105231941062715,1.6245058831815697,Medium,0.42105231941062704,Stress_Induced
539:30,0.28113879003559106,0.43333333333333357,0.5087719298245617,0.4077480177311621,0.4368417930948377,1.6668488232700778,Medium,0.4368417930948376,Stress_Induced
540:00,0.28113879003559106,0.43333333333333357,0.49122807017543835,0.40190006451478766,0.4289470562527322,1.6455411631972372,Medium,0.4289470562527321,Stress_Induced
540:30,0.32028469750889954,0.43333333333333357,0.4035087719298245,0.38570893425735253,0.3973025535368677,1.5948158386881484,Medium,0.3973025535368676,Stress_Induced
541:00,0.32028469750889954,0.43333333333333357,0.4035087719298245,0.38570893425735253,0.3973025535368677,1.5948158386881484,Medium,0.3973025535368676,Stress_Induced
541:30,0.32028469750889954,0.43333333333333357,0.4385964912280702,0.3974048406901011,0.4130920272210783,1.6363849042168748,Medium,0.4130920272210782,Stress_Induced
542:00,0.32028469750889954,0.4666666666666668,0.49122807017543835,0.4260598114503349,0.44844290441406054,1.7540197727318325,Medium,0.44844290441406043,Stress_Induced
542:30,0.359430604982208,0.4666666666666668,0.5087719298245617,0.4449564004911455,0.4641668227508277,1.830587027343344,Medium,0.46416682275082766,Stress_Induced
543:00,0.359430604982208,0.4666666666666668,0.5087719298245617,0.4449564004911455,0.4641668227508277,1.830587027343344,Medium,0.46416682275082766,Stress_Induced
543:30,0.359430604982208,0.4666666666666668,0.49122807017543835,0.43910844727477105,0.4562720859087222,1.8071862692374818,Medium,0.45627208590872215,Stress_Induced
544:00,0.359430604982208,0.4666666666666668,0.5263157894736841,0.45080435370751964,0.4720615595929328,1.8542907954317678,Medium,0.4720615595929327,Stress_Induced
544:30,0.3985765124555165,0.4666666666666668,0.5614035087719298,0.47554889596470434,0.49568021477180507,1.9026231067336308,Medium,0.49568021477180496,Stress_Induced
545:00,0.3985765124555165,0.4666666666666668,0.5614035087719298,0.47554889596470434,0.49568021477180507,1.9026231067336308,Medium,0.49568021477180496,Stress_Induced
545:30,0.3985765124555165,0.4666666666666668,0.5614035087719298,0.47554889596470434,0.49568021477180507,1.9026231067336308,Medium,0.49568021477180496,Stress_Induced
546:00,0.3985765124555165,0.3333333333333335,0.5263157894736841,0.41940854508751135,0.43322407442092786,1.6391975902897609,Medium,0.43322407442092775,Stress_Induced
546:30,0.3985765124555165,0.3333333333333335,0.5438596491228074,0.4252564983038858,0.4411188112630334,1.6604231091812185,Medium,0.4411188112630332,Stress_Induced
547:00,0.4412811387900355,0.3333333333333335,0.6140350877192979,0.4628831866142223,0.4812386838983579,1.748109438555909,Medium,0.4812386838983578,Stress_Induced
547:30,0.3985765124555165,0.3333333333333335,0.5964912280701755,0.4428003579530085,0.464803021789349,1.7257630078737327,Medium,0.46480302178934885,Stress_Induced
548:00,0.4412811387900355,0.3333333333333335,0.5614035087719298,0.4453393269650996,0.45755447337204225,1.6819234714807425,Medium,0.4575544733720421,Stress_Induced
548:30,0.4412811387900355,0.3333333333333335,0.5087719298245617,0.4277954673159769,0.4338702628457266,1.6182434014284157,Medium,0.4338702628457265,Stress_Induced
549:00,0.4412811387900355,0.3333333333333335,0.49122807017543835,0.42194751409960246,0.4259755260036211,1.5975570741314336,Medium,0.425975526003621,Stress_Induced
549:30,0.4412811387900355,0.3333333333333335,0.5438596491228074,0.43949137374872543,0.4496597365299372,1.6604231091812185,Medium,0.449659736529937,Stress_Induced
550:00,0.4412811387900355,0.3333333333333335,0.5964912280701755,0.4570352333978482,0.4733439470562528,1.7257630078737327,Medium,0.47334394705625266,Stress_Induced
550:30,0.4412811387900355,0.3333333333333335,0.5263157894736841,0.433643420532351,0.44176499968783167,1.6391975902897609,Medium,0.44176499968783156,Stress_Induced
551:00,0.480427046263344,0.3333333333333335,0.42105263157894735,0.4116043370585416,0.40222576012986183,1.5174225512534618,Low,0.4022257601298618,Stress_Induced
551:30,0.480427046263344,0.3333333333333335,0.42105263157894735,0.4116043370585416,0.40222576012986183,1.5174225512534618,Low,0.4022257601298618,Stress_Induced
552:00,0.480427046263344,0.3333333333333335,0.45614035087719307,0.4233002434912902,0.4180152338140724,1.5569743514912302,Low,0.41801523381407235,Stress_Induced
552:30,0.480427046263344,0.3333333333333335,0.5263157894736841,0.44669205635678716,0.44959418118249334,1.6391975902897609,Medium,0.4495941811824933,Stress_Induced
553:00,0.480427046263344,0.3333333333333335,0.5614035087719298,0.45838796278953575,0.4653836548667039,1.6819234714807425,Medium,0.4653836548667038,Stress_Induced
553:30,0.480427046263344,0.3333333333333335,0.5614035087719298,0.45838796278953575,0.4653836548667039,1.6819234714807425,Medium,0.4653836548667038,Stress_Induced
554:00,0.480427046263344,0.5,0.5438596491228074,0.5080955651287171,0.5158222513579321,1.937099542463092,Medium,0.515822251357932,Stress_Induced
554:30,0.480427046263344,0.5,0.5263157894736841,0.5022476119123427,0.5079275145158266,1.9123372136892778,Medium,0.5079275145158265,Stress_Induced
555:00,0.5195729537366525,0.5,0.49122807017543835,0.5036003413040303,0.4999672223262777,1.8637581350482928,Medium,0.49996722232627766,Stress_Induced
555:30,0.5195729537366525,0.5,0.42105263157894735,0.4802085284385333,0.4683882749578568,1.77027079032026,Medium,0.46838827495785673,Stress_Induced
556:00,0.5195729537366525,0.5,0.42105263157894735,0.4802085284385333,0.4683882749578568,1.77027079032026,Medium,0.46838827495785673,Stress_Induced
556:30,0.5195729537366525,0.5,0.47368421052631593,0.49775238808765615,0.49207248548417265,1.8399333440743344,Medium,0.4920724854841726,Stress_Induced
557:00,0.5195729537366525,0.5,0.47368421052631593,0.49775238808765615,0.49207248548417265,1.8399333440743344,Medium,0.4920724854841726,Stress_Induced
557:30,0.5195729537366525,0.6333333333333333,0.45614035087719307,0.5363488793157263,0.530844415308734,1.9338363640093506,Medium,0.530844415308734,Stress_Induced
558:00,0.5195729537366525,0.6333333333333333,0.49122807017543835,0.5480447857484747,0.5466338889929444,1.9842420400675107,Medium,0.5466338889929444,Stress_Induced
558:30,0.5195729537366525,0.6333333333333333,0.5263157894736841,0.5597406921812232,0.562423362677155,2.035961546099172,Medium,0.562423362677155,Stress_Induced
559:00,0.5195729537366525,0.6333333333333333,0.5438596491228074,0.5655886453975977,0.5703180995192605,2.062324652362261,Medium,0.5703180995192605,Stress_Induced
559:30,0.558718861209961,0.6333333333333333,0.5087719298245617,0.5669413747892853,0.5623578073297116,2.0099354446675215,Medium,0.5623578073297116,Stress_Induced
560:00,0.558718861209961,0.6333333333333333,0.5087719298245617,0.5669413747892853,0.5623578073297116,2.0099354446675215,Medium,0.5623578073297116,Stress_Induced
560:30,0.5195729537366525,0.6333333333333333,0.5614035087719298,0.5714365986139719,0.5782128363613657,2.089029127239688,Medium,0.5782128363613656,Stress_Induced
561:00,0.558718861209961,0.6333333333333333,0.5964912280701755,0.5961811408711566,0.6018314915402379,2.1434799212279625,Medium,0.6018314915402377,Stress_Induced
561:30,0.5195729537366525,0.6000000000000001,0.5438596491228074,0.5544775342864866,0.5586514328525938,2.062324652362261,Medium,0.5586514328525938,Stress_Induced
562:00,0.558718861209961,0.6000000000000001,0.5438596491228074,0.5675261701109228,0.5664806143472555,2.062324652362261,Medium,0.5664806143472555,Stress_Induced
562:30,0.5195729537366525,0.6000000000000001,0.5964912280701755,0.5720213939356094,0.5823356433789095,2.1434799212279625,Medium,0.5823356433789094,Stress_Induced
563:00,0.558718861209961,0.6000000000000001,0.6315789473684212,0.596765936192794,0.6059542985577818,2.199349981672263,High,0.6059542985577817,Stress_Induced
563:30,0.558718861209961,0.6000000000000001,0.6491228070175437,0.6026138894091683,0.6138490353998868,2.227828759863156,High,0.6138490353998868,Stress_Induced
564:00,0.5195729537366525,0.6000000000000001,0.6842105263157894,0.6012611600174806,0.6218093275894356,2.2858973828721365,High,0.6218093275894356,Stress_Induced
564:30,0.558718861209961,0.6000000000000001,0.7017543859649118,0.6201577490582909,0.6375332459262025,2.315496839564546,High,0.6375332459262025,Stress_Induced
565:00,0.558718861209961,0.6000000000000001,0.7192982456140351,0.6260057022746653,0.6454279827683079,2.3454795714831547,High,0.6454279827683079,Stress_Induced
565:30,0.558718861209961,0.30000000000000027,0.7192982456140351,0.5260057022746655,0.5404279827683081,1.8310776289401454,Medium,0.540427982768308,Stress_Induced
566:00,0.558718861209961,0.30000000000000027,0.7192982456140351,0.5260057022746655,0.5404279827683081,1.8310776289401454,Medium,0.540427982768308,Stress_Induced
566:30,0.5195729537366525,0.30000000000000027,0.7192982456140351,0.5129570664502293,0.5325988012736464,1.8310776289401454,Medium,0.5325988012736462,Stress_Induced
567:00,0.558718861209961,0.30000000000000027,0.7192982456140351,0.5260057022746655,0.5404279827683081,1.8310776289401454,Medium,0.540427982768308,Stress_Induced
567:30,0.5195729537366525,0.30000000000000027,0.7192982456140351,0.5129570664502293,0.5325988012736464,1.8310776289401454,Medium,0.5325988012736462,Stress_Induced
568:00,0.558718861209961,0.30000000000000027,0.7192982456140351,0.5260057022746655,0.5404279827683081,1.8310776289401454,Medium,0.540427982768308,Stress_Induced
568:30,0.5195729537366525,0.30000000000000027,0.6491228070175437,0.48956525358473213,0.5010198539052253,1.739229560083248,Medium,0.5010198539052252,Stress_Induced
569:00,0.558718861209961,0.30000000000000027,0.5438596491228074,0.46752617011092285,0.4614806143472556,1.6100232039814295,Medium,0.46148061434725546,Stress_Induced
569:30,0.5195729537366525,0.43333333333333357,0.4385964912280702,0.4638342594326854,0.45294967846662887,1.6859857431837255,Medium,0.4529496784666288,Stress_Induced
570:00,0.558718861209961,0.43333333333333357,0.36842105263157876,0.45349108239162444,0.4291999125928694,1.601415579590324,Medium,0.4291999125928693,Stress_Induced
570:30,0.558718861209961,0.43333333333333357,0.3859649122807016,0.4593390356079987,0.43709464943497467,1.6221518696135784,Medium,0.4370946494349746,Stress_Induced
571:00,0.5195729537366525,0.43333333333333357,0.42105263157894735,0.45798630621631115,0.4450549416245236,1.6644334520569657,Medium,0.4450549416245235,Stress_Induced
571:30,0.558718861209961,0.43333333333333357,0.42105263157894735,0.4710349420407473,0.45288412311918524,1.6644334520569657,Medium,0.4528841231191852,Stress_Induced
572:00,0.558718861209961,0.43333333333333357,0.45614035087719307,0.48273084847349584,0.4686735968033958,1.7078171090023806,Medium,0.46867359680339576,Stress_Induced
572:30,0.558718861209961,0.43333333333333357,0.47368421052631593,0.48857880168987017,0.4765683336455011,1.729931163174383,Medium,0.47656833364550105,Stress_Induced
573:00,0.558718861209961,0.666666666666667,0.45614035087719307,0.5605086262512736,0.5503402634700625,1.9338363640093506,Medium,0.5503402634700626,Stress_Induced
573:30,0.5195729537366525,0.666666666666667,0.42105263157894735,0.5357640839940889,0.5267216082911903,1.8847111427180858,Medium,0.5267216082911903,Stress_Induced
574:00,0.558718861209961,0.666666666666667,0.4035087719298245,0.5429647666021508,0.5266560529437466,1.860618505279169,Medium,0.5266560529437466,Stress_Induced
574:30,0.5195729537366525,0.666666666666667,0.42105263157894735,0.5357640839940889,0.5267216082911903,1.8847111427180858,Medium,0.5267216082911903,Stress_Induced
575:00,0.5195729537366525,0.666666666666667,0.4385964912280702,0.5416120372104632,0.5346163451332955,1.9091157490948136,Medium,0.5346163451332956,Stress_Induced
575:30,0.5195729537366525,0.666666666666667,0.47368421052631593,0.5533079436432118,0.550405818817506,1.9588770793693648,Medium,0.5504058188175062,Stress_Induced
576:00,0.5195729537366525,0.666666666666667,0.5087719298245617,0.5650038500759603,0.5661952925017166,2.0099354446675215,Medium,0.5661952925017167,Stress_Induced
576:30,0.5195729537366525,0.9666666666666668,0.5087719298245617,0.6650038500759603,0.6711952925017166,2.0099354446675215,Medium,0.6711952925017167,Stress_Induced
577:00,0.5195729537366525,0.9666666666666668,0.47368421052631593,0.6533079436432118,0.655405818817506,1.9588770793693648,Medium,0.6554058188175061,Stress_Induced
577:30,0.5195729537366525,0.9666666666666668,0.4385964912280702,0.6416120372104631,0.6396163451332955,1.9091157490948136,Medium,0.6396163451332956,Stress_Induced
578:00,0.558718861209961,0.9666666666666668,0.47368421052631593,0.6663565794676479,0.6632350003121678,1.9588770793693648,Medium,0.6632350003121678,Stress_Induced
578:30,0.5195729537366525,0.9666666666666668,0.5087719298245617,0.6650038500759603,0.6711952925017166,2.0099354446675215,Medium,0.6711952925017167,Stress_Induced
579:00,0.5195729537366525,0.9666666666666668,0.5087719298245617,0.6650038500759603,0.6711952925017166,2.0099354446675215,Medium,0.6711952925017167,Stress_Induced
579:30,0.5195729537366525,0.9666666666666668,0.47368421052631593,0.6533079436432118,0.655405818817506,1.9588770793693648,Medium,0.6554058188175061,Stress_Induced
580:00,0.5195729537366525,0.8666666666666667,0.4385964912280702,0.6082787038771298,0.6046163451332955,1.9091157490948136,Medium,0.6046163451332955,Stress_Induced
580:30,0.5195729537366525,0.8666666666666667,0.45614035087719307,0.6141266570935041,0.6125110819754007,1.9338363640093506,Medium,0.6125110819754008,Stress_Induced
581:00,0.5195729537366525,0.8666666666666667,0.49122807017543835,0.6258225635262525,0.6283005556596111,1.9842420400675107,Medium,0.6283005556596112,Stress_Induced
581:30,0.5195729537366525,0.8666666666666667,0.5263157894736841,0.6375184699590011,0.6440900293438216,2.035961546099172,Medium,0.6440900293438218,Stress_Induced
582:00,0.5195729537366525,0.8666666666666667,0.47368421052631593,0.6199746103098783,0.6204058188175061,1.9588770793693648,Medium,0.6204058188175061,Stress_Induced
582:30,0.5195729537366525,0.8666666666666667,0.36842105263157876,0.5848868910116326,0.5730373977648744,1.813353236349714,Medium,0.5730373977648744,Stress_Induced
583:00,0.5195729537366525,0.8666666666666667,0.29824561403508776,0.5614950781461356,0.5414584503964534,1.7332530178673953,Medium,0.5414584503964535,Stress_Induced
583:30,0.5195729537366525,1.0,0.26315789473684204,0.5942436161578315,0.5723356433789094,1.7332530178673953,Medium,0.5723356433789095,Stress_Induced
584:00,0.5195729537366525,1.0,0.24561403508771917,0.5883956629414572,0.5644409065368041,1.7332530178673953,Medium,0.5644409065368042,Stress_Induced
584:30,0.5195729537366525,1.0,0.19298245614035103,0.5708518032923345,0.5407566960104884,1.7332530178673953,Medium,0.5407566960104886,Stress_Induced
585:00,0.5195729537366525,1.0,0.14035087719298245,0.5533079436432117,0.5170724854841726,1.7332530178673953,Medium,0.5170724854841727,Stress_Induced
585:30,0.5195729537366525,1.0,0.070175438596491,0.5299161307777145,0.4854935381157514,1.7332530178673953,Medium,0.4854935381157516,Stress_Induced
586:00,0.5195729537366525,1.0,0.05263157894736814,0.5240681775613402,0.4775988012736461,1.7332530178673953,Medium,0.4775988012736463,Stress_Induced
586:30,0.5195729537366525,1.0,0.10526315789473673,0.541612037210463,0.501283011799962,1.7332530178673953,Medium,0.5012830117999622,Stress_Induced
587:00,0.5195729537366525,1.0,0.05263157894736814,0.5240681775613402,0.4775988012736461,1.7332530178673953,Medium,0.4775988012736463,Stress_Induced
587:30,0.480427046263344,1.0,0.0,0.4934756820877813,0.44608540925266876,1.7332530178673953,Medium,0.446085409252669,Stress_Induced
588:00,0.480427046263344,1.0,0.03508771929824572,0.5051715885205299,0.46187488293687934,1.7332530178673953,Medium,0.46187488293687956,Stress_Induced
588:30,0.480427046263344,1.0,0.05263157894736814,0.511019541736904,0.4697696197789844,1.7332530178673953,Medium,0.4697696197789846,Stress_Induced
589:00,0.480427046263344,1.0,0.14035087719298245,0.5402593078187755,0.5092433039895109,1.7332530178673953,Medium,0.509243303989511,Stress_Induced
589:30,0.480427046263344,1.0,0.21052631578947345,0.5636511206842725,0.5408222513579318,1.7332530178673953,Medium,0.5408222513579319,Stress_Induced
590:00,0.480427046263344,0.9333333333333336,0.2280701754385963,0.5472768516784247,0.5253836548667039,1.7332530178673953,Medium,0.525383654866704,Stress_Induced
590:30,0.480427046263344,0.9333333333333336,0.24561403508771917,0.5531248048947989,0.5332783917088092,1.7332530178673953,Medium,0.5332783917088093,Stress_Induced
591:00,0.480427046263344,0.9333333333333336,0.26315789473684204,0.5589727581111732,0.5411731285509145,1.7332530178673953,Medium,0.5411731285509146,Stress_Induced
591:30,0.480427046263344,0.9333333333333336,0.29824561403508776,0.5706686645439217,0.5569626022351251,1.7332530178673953,Medium,0.5569626022351252,Stress_Induced
592:00,0.480427046263344,0.9333333333333336,0.3508771929824559,0.5882125241930445,0.5806468127614407,1.7901727812222223,Medium,0.5806468127614408,Stress_Induced
592:30,0.480427046263344,0.9333333333333336,0.4035087719298245,0.6057563838421673,0.6043310232877566,1.860618505279169,Medium,0.6043310232877567,Stress_Induced
593:00,0.480427046263344,0.9333333333333336,0.42105263157894735,0.6116043370585417,0.6122257601298619,1.8847111427180858,Medium,0.612225760129862,Stress_Induced
593:30,0.480427046263344,0.8333333333333335,0.45614035087719307,0.5899669101579569,0.5930152338140724,1.9338363640093506,Medium,0.5930152338140724,Stress_Induced
594:00,0.480427046263344,0.8333333333333335,0.4035087719298245,0.572423050508834,0.5693310232877565,1.860618505279169,Medium,0.5693310232877565,Stress_Induced
594:30,0.480427046263344,0.8333333333333335,0.3859649122807016,0.5665750972924597,0.5614362864456512,1.8368338488170748,Medium,0.5614362864456512,Stress_Induced
595:00,0.4412811387900355,0.8333333333333335,0.42105263157894735,0.5652223679007721,0.5693965786352001,1.8847111427180858,Medium,0.5693965786352001,Stress_Induced
595:30,0.4412811387900355,0.8333333333333335,0.47368421052631593,0.5827662275498949,0.593080789161516,1.9588770793693648,Medium,0.593080789161516,Stress_Induced
596:00,0.4412811387900355,0.8333333333333335,0.5263157894736841,0.6003100871990177,0.6167649996878316,2.035961546099172,Medium,0.6167649996878316,Stress_Induced
596:30,0.4412811387900355,0.8333333333333335,0.5438596491228074,0.6061580404153921,0.6246597365299371,2.062324652362261,Medium,0.6246597365299371,Stress_Induced
597:00,0.4412811387900355,0.8333333333333335,0.5614035087719298,0.6120059936317662,0.6325544733720422,2.089029127239688,Medium,0.6325544733720422,Stress_Induced
597:30,0.4412811387900355,0.6000000000000001,0.5964912280701755,0.545924122286737,0.5666772803895861,2.1434799212279625,Medium,0.5666772803895861,Stress_Induced
598:00,0.4412811387900355,0.6000000000000001,0.6315789473684212,0.5576200287194856,0.5824667540737967,2.199349981672263,High,0.5824667540737967,Stress_Induced
598:30,0.4412811387900355,0.6000000000000001,0.6491228070175437,0.5634679819358598,0.5903614909159017,2.227828759863156,High,0.5903614909159017,Stress_Induced
599:00,0.4412811387900355,0.6000000000000001,0.6842105263157894,0.5751638883686083,0.6061509646001123,2.2858973828721365,High,0.6061509646001122,Stress_Induced
599:30,0.4412811387900355,0.6000000000000001,0.7017543859649118,0.5810118415849824,0.6140457014422175,2.315496839564546,High,0.6140457014422174,Stress_Induced
600:00,0.4412811387900355,0.6000000000000001,0.7368421052631575,0.5927077480177311,0.6298351751264281,2.3758505415534805,High,0.629835175126428,Stress_Induced
600:30,0.4412811387900355,0.6000000000000001,0.7719298245614032,0.6044036544504796,0.6456246488106386,2.437777370001294,High,0.6456246488106385,Stress_Induced
601:00,0.3985765124555165,0.5333333333333337,0.7894736842105265,0.5737945099997922,0.621645127052507,2.392010284142109,High,0.621645127052507,Stress_Induced
601:30,0.3985765124555165,0.5333333333333337,0.807017543859649,0.5796424632161664,0.6295398638946121,2.4229837676168144,High,0.629539863894612,Stress_Induced
602:00,0.3985765124555165,0.5333333333333337,0.807017543859649,0.5796424632161664,0.6295398638946121,2.4229837676168144,High,0.629539863894612,Stress_Induced
602:30,0.3985765124555165,0.5333333333333337,0.8421052631578947,0.591338369648915,0.6453293375788227,2.486139129237724,High,0.6453293375788226,Stress_Induced
603:00,0.3985765124555165,0.5333333333333337,0.8596491228070171,0.597186322865289,0.6532240744209277,2.518331461246397,High,0.6532240744209277,Stress_Induced
603:30,0.3985765124555165,0.5333333333333337,0.8245614035087714,0.5854904164325405,0.6374346007367171,2.4543583182127264,High,0.6374346007367171,Stress_Induced
604:00,0.3985765124555165,0.5333333333333337,0.7894736842105265,0.5737945099997922,0.621645127052507,2.392010284142109,High,0.621645127052507,Stress_Induced
604:30,0.3985765124555165,0.5333333333333337,0.8245614035087714,0.5854904164325405,0.6374346007367171,2.4543583182127264,High,0.6374346007367171,Stress_Induced
605:00,0.3985765124555165,0.5333333333333337,0.8596491228070171,0.597186322865289,0.6532240744209277,2.518331461246397,High,0.6532240744209277,Stress_Induced
605:30,0.3985765124555165,0.2666666666666666,0.8947368421052628,0.5199933404091487,0.575680214771805,2.0192716330347906,Medium,0.5756802147718046,Stress_Induced
606:00,0.3985765124555165,0.2666666666666666,0.9298245614035086,0.5316892468418972,0.5914696884560156,2.0577042283713767,Medium,0.5914696884560153,Stress_Induced
606:30,0.359430604982208,0.2666666666666666,0.9649122807017543,0.5303365174502096,0.5994299806455644,2.0577042283713767,Medium,0.5994299806455642,Stress_Induced
607:00,0.359430604982208,0.2666666666666666,0.9649122807017543,0.5303365174502096,0.5994299806455644,2.0577042283713767,Medium,0.5994299806455642,Stress_Induced
607:30,0.359430604982208,0.2666666666666666,0.9824561403508767,0.5361844706665838,0.6073247174876695,2.0577042283713767,Medium,0.6073247174876691,Stress_Induced
608:00,0.359430604982208,0.2666666666666666,0.9649122807017543,0.5303365174502096,0.5994299806455644,2.0577042283713767,Medium,0.5994299806455642,Stress_Induced
608:30,0.3985765124555165,0.2666666666666666,0.9824561403508767,0.54923310649102,0.6151538989823311,2.0577042283713767,Medium,0.6151538989823309,Stress_Induced
609:00,0.359430604982208,0.2666666666666666,1.0,0.5420324238829582,0.615219454329775,2.0577042283713767,Medium,0.6152194543297748,Stress_Induced
609:30,0.359430604982208,0.30000000000000027,0.9824561403508767,0.547295581777695,0.6189913841543362,2.122118267735942,Medium,0.618991384154336,Stress_Induced
610:00,0.359430604982208,0.30000000000000027,0.9824561403508767,0.547295581777695,0.6189913841543362,2.122118267735942,Medium,0.618991384154336,Stress_Induced
610:30,0.359430604982208,0.30000000000000027,0.9649122807017543,0.5414476285613209,0.6110966473122312,2.122118267735942,Medium,0.6110966473122309,Stress_Induced
611:00,0.3985765124555165,0.30000000000000027,0.9649122807017543,0.554496264385757,0.6189258288068928,2.122118267735942,Medium,0.6189258288068926,Stress_Induced
611:30,0.359430604982208,0.30000000000000027,0.9824561403508767,0.547295581777695,0.6189913841543362,2.122118267735942,Medium,0.618991384154336,Stress_Induced
612:00,0.359430604982208,0.30000000000000027,0.9824561403508767,0.547295581777695,0.6189913841543362,2.122118267735942,Medium,0.618991384154336,Stress_Induced
612:30,0.359430604982208,0.30000000000000027,1.0,0.5531435349940694,0.6268861209964418,2.122118267735942,Medium,0.6268861209964415,Stress_Induced
613:00,0.359430604982208,0.30000000000000027,1.0,0.5531435349940694,0.6268861209964418,2.122118267735942,Medium,0.6268861209964415,Stress_Induced
613:30,0.359430604982208,0.5,0.9649122807017543,0.6081142952279874,0.6810966473122311,2.553226758048188,High,0.6810966473122309,Stress_Induced
614:00,0.359430604982208,0.5,0.9473684210526319,0.6022663420116133,0.673201910470126,2.553226758048188,High,0.6732019104701258,Stress_Induced
614:30,0.359430604982208,0.5,0.9649122807017543,0.6081142952279874,0.6810966473122311,2.553226758048188,High,0.6810966473122309,Stress_Induced
615:00,0.359430604982208,0.5,0.9649122807017543,0.6081142952279874,0.6810966473122311,2.553226758048188,High,0.6810966473122309,Stress_Induced
615:30,0.359430604982208,0.5,0.9649122807017543,0.6081142952279874,0.6810966473122311,2.553226758048188,High,0.6810966473122309,Stress_Induced
616:00,0.359430604982208,0.5,0.8947368421052628,0.5847224823624902,0.6495176999438099,2.505539082899523,High,0.6495176999438097,Stress_Induced
616:30,0.359430604982208,0.5,0.7719298245614032,0.5437868098478704,0.5942545420490731,2.289754633271434,High,0.5942545420490729,Stress_Induced
617:00,0.359430604982208,0.6000000000000001,0.7192982456140351,0.5595762835320811,0.6055703315227574,2.3454795714831547,High,0.6055703315227573,Stress_Induced
617:30,0.359430604982208,0.6000000000000001,0.7543859649122808,0.5712721899648296,0.621359805206968,2.4066147769646054,High,0.6213598052069679,Stress_Induced
618:00,0.359430604982208,0.6000000000000001,0.7368421052631575,0.5654242367484552,0.6134650683648626,2.3758505415534805,High,0.6134650683648625,Stress_Induced
618:30,0.359430604982208,0.6000000000000001,0.7543859649122808,0.5712721899648296,0.621359805206968,2.4066147769646054,High,0.6213598052069679,Stress_Induced
619:00,0.359430604982208,0.6000000000000001,0.7894736842105265,0.5829680963975782,0.6371492788911786,2.469343478886913,High,0.6371492788911784,Stress_Induced
619:30,0.359430604982208,0.6000000000000001,0.7368421052631575,0.5654242367484552,0.6134650683648626,2.3758505415534805,High,0.6134650683648625,Stress_Induced
620:00,0.359430604982208,0.6000000000000001,0.6842105263157894,0.5478803770993325,0.5897808578385468,2.2858973828721365,High,0.5897808578385467,Stress_Induced
620:30,0.359430604982208,0.6000000000000001,0.6491228070175437,0.5361844706665839,0.5739913841543363,2.227828759863156,High,0.5739913841543363,Stress_Induced
621:00,0.359430604982208,0.6000000000000001,0.6315789473684212,0.5303365174502098,0.5660966473122312,2.199349981672263,High,0.5660966473122311,Stress_Induced
621:30,0.359430604982208,0.6000000000000001,0.6842105263157894,0.5478803770993325,0.5897808578385468,2.2858973828721365,High,0.5897808578385467,Stress_Induced
622:00,0.359430604982208,0.6000000000000001,0.666666666666667,0.5420324238829584,0.5818861209964419,2.256676301922469,High,0.5818861209964418,Stress_Induced
622:30,0.359430604982208,0.6000000000000001,0.6315789473684212,0.5303365174502098,0.5660966473122312,2.199349981672263,High,0.5660966473122311,Stress_Induced
623:00,0.3985765124555165,0.6000000000000001,0.6491228070175437,0.5492331064910201,0.5818205656489979,2.227828759863156,High,0.581820565648998,Stress_Induced
623:30,0.359430604982208,0.6000000000000001,0.6140350877192979,0.5244885642338354,0.5582019104701257,2.171235253367902,Medium,0.5582019104701257,Stress_Induced
624:00,0.3985765124555165,0.6000000000000001,0.5438596491228074,0.5141453871927747,0.5344521445963666,2.062324652362261,Medium,0.5344521445963666,Stress_Induced
624:30,0.359430604982208,0.6333333333333333,0.5438596491228074,0.5122078624794496,0.5382896297683716,2.062324652362261,Medium,0.5382896297683716,Stress_Induced
625:00,0.3985765124555165,0.6333333333333333,0.6140350877192979,0.5486483111693826,0.577697758631454,2.171235253367902,Medium,0.577697758631454,Stress_Induced
625:30,0.3985765124555165,0.6333333333333333,0.6140350877192979,0.5486483111693826,0.577697758631454,2.171235253367902,Medium,0.577697758631454,Stress_Induced
626:00,0.3985765124555165,0.6333333333333333,0.5964912280701755,0.5428003579530084,0.569803021789349,2.1434799212279625,Medium,0.5698030217893489,Stress_Induced
626:30,0.3985765124555165,0.6333333333333333,0.5087719298245617,0.5135605918711371,0.5303293375788227,2.0099354446675215,Medium,0.5303293375788227,Stress_Induced
627:00,0.359430604982208,0.6333333333333333,0.3859649122807016,0.45957628353208096,0.467236998189424,1.8368338488170748,Medium,0.467236998189424,Stress_Induced
627:30,0.3985765124555165,0.6333333333333333,0.3508771929824559,0.4609290129237686,0.45927670599987513,1.7901727812222223,Medium,0.4592767059998751,Stress_Induced
628:00,0.3985765124555165,0.7333333333333334,0.3859649122807016,0.5059582526898505,0.5100661796840857,1.8368338488170748,Medium,0.5100661796840857,Stress_Induced
628:30,0.3985765124555165,0.7333333333333334,0.4035087719298245,0.5118062059062248,0.5179609165261909,1.860618505279169,Medium,0.517960916526191,Stress_Induced
629:00,0.3985765124555165,0.7333333333333334,0.4035087719298245,0.5118062059062248,0.5179609165261909,1.860618505279169,Medium,0.517960916526191,Stress_Induced
629:30,0.359430604982208,0.7333333333333334,0.4035087719298245,0.4987575700817886,0.5101317350315293,1.860618505279169,Medium,0.5101317350315293,Stress_Induced
630:00,0.3985765124555165,0.7333333333333334,0.36842105263157876,0.5001102994734762,0.5021714428419803,1.813353236349714,Medium,0.5021714428419805,Stress_Induced
630:30,0.3985765124555165,0.7333333333333334,0.3859649122807016,0.5059582526898505,0.5100661796840857,1.8368338488170748,Medium,0.5100661796840857,Stress_Induced
631:00,0.359430604982208,0.7333333333333334,0.36842105263157876,0.4870616636490401,0.4943422613473187,1.813353236349714,Medium,0.4943422613473188,Stress_Induced
631:30,0.3985765124555165,0.9333333333333336,0.33333333333333304,0.5550810597073944,0.5563819691577698,1.7672886464636177,Medium,0.55638196915777,Stress_Induced
632:00,0.3985765124555165,0.9333333333333336,0.3859649122807016,0.5726249193565173,0.5800661796840858,1.8368338488170748,Medium,0.5800661796840859,Stress_Induced
632:30,0.3985765124555165,0.9333333333333336,0.4385964912280702,0.5901687790056401,0.6037503902104016,1.9091157490948136,Medium,0.6037503902104018,Stress_Induced
633:00,0.3985765124555165,0.9333333333333336,0.45614035087719307,0.5960167322220143,0.611645127052507,1.9338363640093506,Medium,0.6116451270525071,Stress_Induced
633:30,0.3985765124555165,0.9333333333333336,0.47368421052631593,0.6018646854383887,0.6195398638946121,1.9588770793693648,Medium,0.6195398638946124,Stress_Induced
634:00,0.3985765124555165,0.9333333333333336,0.49122807017543835,0.6077126386547628,0.6274346007367173,1.9842420400675107,Medium,0.6274346007367174,Stress_Induced
634:30,0.3985765124555165,0.9333333333333336,0.5263157894736841,0.6194085450875114,0.6432240744209279,2.035961546099172,Medium,0.643224074420928,Stress_Induced
635:00,0.3985765124555165,0.9333333333333336,0.5789473684210522,0.6369524047366341,0.6669082849472434,2.1160793910197797,Medium,0.6669082849472436,Stress_Induced
635:30,0.3985765124555165,0.5666666666666669,0.6315789473684212,0.5322740421635349,0.5622591621402262,2.1971642148512345,High,0.5622591621402262,Stress_Induced
636:00,0.3985765124555165,0.5666666666666669,0.666666666666667,0.5439699485962834,0.5780486358244368,2.2544335628278964,High,0.5780486358244368,Stress_Induced
636:30,0.3985765124555165,0.5666666666666669,0.7017543859649118,0.5556658550290318,0.5938381095086471,2.3131956432073078,High,0.593838109508647,Stress_Induced
637:00,0.3985765124555165,0.5666666666666669,0.7368421052631575,0.5673617614617803,0.6096275831928577,2.373489364238035,High,0.6096275831928576,Stress_Induced
637:30,0.3985765124555165,0.5666666666666669,0.7543859649122808,0.5732097146781547,0.6175223200349631,2.4042230254133194,High,0.617522320034963,Stress_Induced
638:00,0.3985765124555165,0.5666666666666669,0.7894736842105265,0.5849056211109033,0.6333117937191737,2.4668893860454584,High,0.6333117937191736,Stress_Induced
638:30,0.3985765124555165,0.5666666666666669,0.807017543859649,0.5907535743272775,0.6412065305612789,2.498832458422344,High,0.6412065305612786,Stress_Induced
639:00,0.3985765124555165,0.5666666666666669,0.8421052631578947,0.602449480760026,0.6569960042454894,2.5639648252383833,High,0.6569960042454892,Stress_Induced
639:30,0.3985765124555165,0.3999999999999999,0.8421052631578947,0.5468939252044703,0.5986626709121559,2.1977530599900548,High,0.5986626709121557,Stress_Induced
640:00,0.3985765124555165,0.3999999999999999,0.8421052631578947,0.5468939252044703,0.5986626709121559,2.1977530599900548,High,0.5986626709121557,Stress_Induced
640:30,0.3985765124555165,0.3999999999999999,0.8596491228070171,0.5527418784208445,0.606557407754261,2.2262111600811663,High,0.6065574077542608,Stress_Induced
641:00,0.3985765124555165,0.3999999999999999,0.8596491228070171,0.5527418784208445,0.606557407754261,2.2262111600811663,High,0.6065574077542608,Stress_Induced
641:30,0.4412811387900355,0.3999999999999999,0.8596491228070171,0.5669767538656841,0.6150983330211648,2.2262111600811663,High,0.6150983330211646,Stress_Induced
642:00,0.4412811387900355,0.3999999999999999,0.8596491228070171,0.5669767538656841,0.6150983330211648,2.2262111600811663,High,0.6150983330211646,Stress_Induced
642:30,0.4412811387900355,0.3999999999999999,0.8596491228070171,0.5669767538656841,0.6150983330211648,2.2262111600811663,High,0.6150983330211646,Stress_Induced
643:00,0.4412811387900355,0.5,0.8421052631578947,0.5944621339826434,0.6422035961790598,2.410675727328763,High,0.6422035961790595,Stress_Induced
643:30,0.4412811387900355,0.5,0.807017543859649,0.5827662275498948,0.6264141224948492,2.349437361575324,High,0.626414122494849,Stress_Induced
644:00,0.4412811387900355,0.5,0.807017543859649,0.5827662275498948,0.6264141224948492,2.349437361575324,High,0.626414122494849,Stress_Induced
644:30,0.4412811387900355,0.5,0.8245614035087714,0.5886141807662689,0.6343088593369542,2.3798595799813405,High,0.6343088593369541,Stress_Induced
645:00,0.480427046263344,0.5,0.8421052631578947,0.6075107698070795,0.6500327776737215,2.410675727328763,High,0.6500327776737213,Stress_Induced
645:30,0.4412811387900355,0.5,0.8421052631578947,0.5944621339826434,0.6422035961790598,2.410675727328763,High,0.6422035961790595,Stress_Induced
646:00,0.480427046263344,0.5,0.8596491228070171,0.6133587230234537,0.6579275145158265,2.4418909044951396,High,0.6579275145158264,Stress_Induced
646:30,0.480427046263344,0.5,0.8596491228070171,0.6133587230234537,0.6579275145158265,2.4418909044951396,High,0.6579275145158264,Stress_Induced
647:00,0.480427046263344,0.3666666666666667,0.807017543859649,0.5513704189298866,0.5875766373228443,2.0769083636281884,Medium,0.587576637322844,Stress_Induced
647:30,0.480427046263344,0.3666666666666667,0.7719298245614032,0.5396745124971379,0.5717871636386337,2.0241486860961238,Medium,0.5717871636386335,Stress_Induced
648:00,0.5195729537366525,0.3666666666666667,0.807017543859649,0.5644190547543227,0.595405818817506,2.0769083636281884,Medium,0.5954058188175058,Stress_Induced
648:30,0.5195729537366525,0.3666666666666667,0.807017543859649,0.5644190547543227,0.595405818817506,2.0769083636281884,Medium,0.5954058188175058,Stress_Induced
649:00,0.5195729537366525,0.3666666666666667,0.8421052631578947,0.5761149611870713,0.6111952925017166,2.13104322846364,Medium,0.6111952925017163,Stress_Induced
649:30,0.5195729537366525,0.3666666666666667,0.8771929824561404,0.5878108676198198,0.6269847661859271,2.186589125023974,Medium,0.6269847661859269,Stress_Induced
650:00,0.5195729537366525,0.3666666666666667,0.8771929824561404,0.5878108676198198,0.6269847661859271,2.186589125023974,Medium,0.6269847661859269,Stress_Induced
650:30,0.5195729537366525,0.3666666666666667,0.8947368421052628,0.593658820836194,0.6348795030280321,2.214902666390787,High,0.634879503028032,Stress_Induced
651:00,0.5195729537366525,0.3666666666666667,0.9122807017543861,0.5995067740525685,0.6427742398701377,2.243582832019817,High,0.6427742398701375,Stress_Induced
651:30,0.558718861209961,0.2666666666666666,0.9298245614035086,0.5850700297600454,0.6234981582069044,2.0577042283713767,Medium,0.6234981582069042,Stress_Induced
652:00,0.5195729537366525,0.2666666666666666,0.9298245614035086,0.5720213939356092,0.6156689767122427,2.0577042283713767,Medium,0.6156689767122425,Stress_Induced
652:30,0.558718861209961,0.2666666666666666,0.9122807017543861,0.5792220765436712,0.6156034213647993,2.0454186262025806,Medium,0.6156034213647991,Stress_Induced
653:00,0.558718861209961,0.2666666666666666,0.9298245614035086,0.5850700297600454,0.6234981582069044,2.0577042283713767,Medium,0.6234981582069042,Stress_Induced
653:30,0.558718861209961,0.2666666666666666,0.8771929824561404,0.5675261701109227,0.5998139476805887,1.9934588820817534,Medium,0.5998139476805885,Stress_Induced
654:00,0.558718861209961,0.2666666666666666,0.7719298245614032,0.5324384508126769,0.552445526627957,1.845365976979415,Medium,0.5524455266279568,Stress_Induced
654:30,0.597864768683273,0.2666666666666666,0.7368421052631575,0.5337911802043657,0.5444852344384088,1.7984881678381415,Medium,0.5444852344384087,Stress_Induced
655:00,0.558718861209961,0.2666666666666666,0.7543859649122808,0.5265904975963028,0.5445507897858519,1.8217762966205682,Medium,0.5445507897858517,Stress_Induced
655:30,0.597864768683273,0.30000000000000027,0.7894736842105265,0.5624461509645999,0.5798361116313917,1.9277761602928256,Medium,0.5798361116313915,Stress_Induced
656:00,0.597864768683273,0.30000000000000027,0.807017543859649,0.568294104180974,0.5877308484734968,1.952738403741196,Medium,0.5877308484734965,Stress_Induced
656:30,0.597864768683273,0.30000000000000027,0.8421052631578947,0.5799900106137227,0.6035203221577073,2.0036367637250985,Medium,0.6035203221577071,Stress_Induced
657:00,0.597864768683273,0.30000000000000027,0.8596491228070171,0.5858379638300968,0.6114150589998124,2.029581305269078,Medium,0.6114150589998123,Stress_Induced
657:30,0.597864768683273,0.30000000000000027,0.8771929824561404,0.5916859170464712,0.6193097958419179,2.055861795547936,Medium,0.6193097958419177,Stress_Induced
658:00,0.597864768683273,0.30000000000000027,0.807017543859649,0.568294104180974,0.5877308484734968,1.952738403741196,Medium,0.5877308484734965,Stress_Induced
658:30,0.597864768683273,0.30000000000000027,0.7192982456140351,0.5390543380991027,0.5482571642629706,1.8310776289401454,Medium,0.5482571642629703,Stress_Induced
659:00,0.640569395017792,0.30000000000000027,0.7192982456140351,0.5532892135439424,0.5567980895298743,1.8310776289401454,Medium,0.5567980895298741,Stress_Induced
659:30,0.640569395017792,0.3333333333333335,0.7719298245614032,0.5819441843041763,0.5921489667228566,1.962708381317526,Medium,0.5921489667228564,Stress_Induced
660:00,0.640569395017792,0.3333333333333335,0.7543859649122808,0.5760962310878021,0.5842542298807515,1.9376186896625969,Medium,0.5842542298807514,Stress_Induced
660:30,0.6797153024911005,0.3333333333333335,0.7368421052631575,0.5832969136958638,0.5841886745333077,1.912849724526864,Medium,0.5841886745333076,Stress_Induced
661:00,0.6797153024911005,0.3333333333333335,0.7719298245614032,0.5949928201286124,0.5999781482175183,1.962708381317526,Medium,0.599978148217518,Stress_Induced
661:30,0.6797153024911005,0.3333333333333335,0.7894736842105265,0.6008407733449869,0.6078728850596238,1.988122952491165,Medium,0.6078728850596237,Stress_Induced
662:00,0.6797153024911005,0.3333333333333335,0.7894736842105265,0.6008407733449869,0.6078728850596238,1.988122952491165,Medium,0.6078728850596237,Stress_Induced
662:30,0.6797153024911005,0.3333333333333335,0.807017543859649,0.606688726561361,0.6157676219017288,2.0138666099590727,Medium,0.6157676219017286,Stress_Induced
663:00,0.6797153024911005,0.3333333333333335,0.8245614035087714,0.6125366797777351,0.6236623587438339,2.039943614969191,Medium,0.6236623587438338,Stress_Induced
663:30,0.6797153024911005,0.3999999999999999,0.8245614035087714,0.6347589019999572,0.6469956920771672,2.169658745453213,Medium,0.646995692077167,Stress_Induced
664:00,0.6797153024911005,0.3999999999999999,0.8245614035087714,0.6347589019999572,0.6469956920771672,2.169658745453213,Medium,0.646995692077167,Stress_Induced
664:30,0.6797153024911005,0.3999999999999999,0.8421052631578947,0.6406068552163316,0.6548904289192727,2.1977530599900548,High,0.6548904289192725,Stress_Induced
665:00,0.7188612099644125,0.3999999999999999,0.8596491228070171,0.6595034442571431,0.6706143472560402,2.2262111600811663,High,0.67061434725604,Stress_Induced
665:30,0.7188612099644125,0.3999999999999999,0.8771929824561404,0.6653513974735176,0.6785090840981457,2.2550377562856685,High,0.6785090840981455,Stress_Induced
666:00,0.7188612099644125,0.3999999999999999,0.8947368421052628,0.6711993506898918,0.6864038209402508,2.2842376201584114,High,0.6864038209402505,Stress_Induced
666:30,0.7188612099644125,0.3999999999999999,0.807017543859649,0.6419595846080205,0.6469301367297245,2.141923566127541,Medium,0.6469301367297243,Stress_Induced
667:00,0.7188612099644125,0.3999999999999999,0.6140350877192979,0.5776320992279035,0.5600880314665665,1.8592675324653112,Medium,0.5600880314665665,Stress_Induced
667:30,0.7188612099644125,0.3666666666666667,0.47368421052631593,0.5197373623857984,0.48526347006305803,1.6265055682370237,Medium,0.4852634700630579,Stress_Induced
668:00,0.7188612099644125,0.3666666666666667,0.4385964912280702,0.5080414559530498,0.46947399637884746,1.5851874673582818,Low,0.46947399637884735,Stress_Induced
668:30,0.7188612099644125,0.3666666666666667,0.3859649122807016,0.4904975963039269,0.4457897858525316,1.5251699631857665,Low,0.4457897858525315,Stress_Induced
669:00,0.758007117437721,0.3666666666666667,0.29824561403508776,0.4743064660464918,0.4141452831366671,1.4391641591071818,Low,0.414145283136667,Stress_Induced
669:30,0.758007117437721,0.3666666666666667,0.24561403508771917,0.45676260639736893,0.3904610726103511,1.4391641591071818,Low,0.3904610726103511,Stress_Induced
670:00,0.758007117437721,0.3666666666666667,0.2807017543859649,0.4684585128301175,0.4062505462945618,1.4391641591071818,Low,0.4062505462945617,Stress_Induced
670:30,0.758007117437721,0.3666666666666667,0.3508771929824559,0.49185032569561454,0.43782949366298274,1.4864260894316537,Low,0.4378294936629826,Stress_Induced
671:00,0.758007117437721,0.3666666666666667,0.3508771929824559,0.49185032569561454,0.43782949366298274,1.4864260894316537,Low,0.4378294936629826,Stress_Induced
671:30,0.758007117437721,0.3999999999999999,0.3508771929824559,0.5029614368067256,0.44949616032964934,1.532956930607476,Low,0.4494961603296493,Stress_Induced
672:00,0.758007117437721,0.3999999999999999,0.4035087719298245,0.5205052964558484,0.4731803708559652,1.5932808624969044,Medium,0.4731803708559651,Stress_Induced
672:30,0.758007117437721,0.3999999999999999,0.4385964912280702,0.5322012028885971,0.4889698445401758,1.634809918687668,Medium,0.48896984454017567,Stress_Induced
673:00,0.758007117437721,0.3999999999999999,0.45614035087719307,0.5380491561049713,0.49686458138228107,1.6559786228259608,Medium,0.49686458138228096,Stress_Induced
673:30,0.758007117437721,0.3999999999999999,0.47368421052631593,0.5438971093213456,0.5047593182243864,1.6774214346937038,Medium,0.5047593182243862,Stress_Induced
674:00,0.758007117437721,0.3999999999999999,0.47368421052631593,0.5438971093213456,0.5047593182243864,1.6774214346937038,Medium,0.5047593182243862,Stress_Induced
674:30,0.758007117437721,0.3999999999999999,0.49122807017543835,0.5497450625377197,0.5126540550664914,1.6991419036365185,Medium,0.5126540550664913,Stress_Induced
675:00,0.758007117437721,0.3999999999999999,0.5263157894736841,0.5614409689704684,0.528443528750702,1.7434302405224695,Medium,0.5284435287507019,Stress_Induced
675:30,0.8007117437722435,0.4666666666666668,0.45614035087719307,0.5745062537720345,0.528738839982519,1.7612783387408373,Medium,0.5287388399825189,Stress_Induced
676:00,0.8007117437722435,0.4666666666666668,0.2807017543859649,0.5160267216082918,0.4497914715614663,1.5785932319515883,Low,0.44979147156146626,Stress_Induced
676:30,0.758007117437721,0.4666666666666668,0.19298245614035103,0.4725520800815796,0.4017768620840355,1.5785932319515883,Low,0.40177686208403557,Stress_Induced
677:00,0.8007117437722435,0.4666666666666668,0.17543859649122817,0.48093900231004616,0.40242305050883476,1.5785932319515883,Low,0.4024230505088348,Stress_Induced
677:30,0.758007117437721,0.4666666666666668,0.21052631578947345,0.4784000332979537,0.4096715989261406,1.5785932319515883,Low,0.40967159892614063,Stress_Induced
678:00,0.8007117437722435,0.4666666666666668,0.29824561403508776,0.521874674824666,0.4576862084035716,1.5785932319515883,Low,0.45768620840357155,Stress_Induced
678:30,0.8007117437722435,0.4666666666666668,0.3508771929824559,0.5394185344737887,0.48137041892988724,1.630433991650234,Medium,0.48137041892988724,Stress_Induced
679:00,0.8007117437722435,0.4666666666666668,0.3508771929824559,0.5394185344737887,0.48137041892988724,1.630433991650234,Medium,0.48137041892988724,Stress_Induced
679:30,0.8007117437722435,0.43333333333333357,0.36842105263157876,0.534155376579052,0.47759848910532593,1.601415579590324,Medium,0.4775984891053259,Stress_Induced
680:00,0.8007117437722435,0.43333333333333357,0.3508771929824559,0.5283074233626777,0.46970375226322064,1.5809443656872428,Low,0.4697037522632206,Stress_Induced
680:30,0.8007117437722435,0.43333333333333357,0.3508771929824559,0.5283074233626777,0.46970375226322064,1.5809443656872428,Low,0.4697037522632206,Stress_Induced
681:00,0.8007117437722435,0.43333333333333357,0.2807017543859649,0.5049156104971807,0.43812480489479966,1.5306771623669984,Low,0.43812480489479966,Stress_Induced
681:30,0.8007117437722435,0.43333333333333357,0.19298245614035103,0.47567584441530936,0.39865112068427344,1.5306771623669984,Low,0.39865112068427344,Stress_Induced
682:00,0.8007117437722435,0.43333333333333357,0.21052631578947345,0.4815237976316835,0.4065458575263785,1.5306771623669984,Low,0.4065458575263785,Stress_Induced
682:30,0.8007117437722435,0.43333333333333357,0.24561403508771917,0.4932197040644321,0.4223353312105891,1.5306771623669984,Low,0.4223353312105891,Stress_Induced
683:00,0.8007117437722435,0.43333333333333357,0.3157894736842106,0.5166115169299292,0.45391427857901023,1.5407836554746452,Low,0.45391427857901023,Stress_Induced
683:30,0.8007117437722435,0.3333333333333335,0.36842105263157876,0.5008220432457186,0.4425984891053259,1.4599707254116294,Low,0.44259848910532584,Stress_Induced
684:00,0.8007117437722435,0.3333333333333335,0.42105263157894735,0.5183659028948414,0.46628269963164176,1.5174225512534618,Low,0.4662826996316417,Stress_Induced
684:30,0.839857651245552,0.3333333333333335,0.45614035087719307,0.5431104451520262,0.489901354810514,1.5569743514912302,Low,0.489901354810514,Stress_Induced
685:00,0.839857651245552,0.3333333333333335,0.49122807017543835,0.5548063515847746,0.5056908284947244,1.5975570741314336,Medium,0.5056908284947244,Stress_Induced
685:30,0.839857651245552,0.3333333333333335,0.5263157894736841,0.5665022580175232,0.5214803021789349,1.6391975902897609,Medium,0.5214803021789349,Stress_Induced
686:00,0.839857651245552,0.3333333333333335,0.5263157894736841,0.5665022580175232,0.5214803021789349,1.6391975902897609,Medium,0.5214803021789349,Stress_Induced
686:30,0.839857651245552,0.3333333333333335,0.5438596491228074,0.5723502112338976,0.5293750390210404,1.6604231091812185,Medium,0.5293750390210403,Stress_Induced
687:00,0.839857651245552,0.3333333333333335,0.5789473684210522,0.5840461176666459,0.5451645127052506,1.703702236060056,Medium,0.5451645127052506,Stress_Induced
687:30,0.839857651245552,0.2666666666666666,0.5614035087719298,0.5559759422280495,0.5139364425298122,1.5813680624679336,Low,0.513936442529812,Stress_Induced
688:00,0.839857651245552,0.2666666666666666,0.5087719298245617,0.5384320825789267,0.49025223200349644,1.5214951665223089,Low,0.49025223200349644,Stress_Induced
688:30,0.839857651245552,0.2666666666666666,0.5087719298245617,0.5384320825789267,0.49025223200349644,1.5214951665223089,Low,0.49025223200349644,Stress_Induced
689:00,0.839857651245552,0.2666666666666666,0.5087719298245617,0.5384320825789267,0.49025223200349644,1.5214951665223089,Low,0.49025223200349644,Stress_Induced
689:30,0.839857651245552,0.2666666666666666,0.4385964912280702,0.5150402697134296,0.4586732846350753,1.445175959399963,Low,0.4586732846350753,Stress_Induced
690:00,0.839857651245552,0.2666666666666666,0.33333333333333304,0.47995255041518387,0.41130486358244356,1.3378146748832238,Low,0.41130486358244356,Stress_Induced
690:30,0.839857651245552,0.2666666666666666,0.2280701754385963,0.4448648311169383,0.36393644252981205,1.312050143720748,Low,0.36393644252981205,Stress_Induced
691:00,0.839857651245552,0.2666666666666666,0.17543859649122817,0.4273209714678156,0.3402522320034964,1.312050143720748,Low,0.3402522320034964,Stress_Induced
691:30,0.8790035587188605,0.30000000000000027,0.24561403508771917,0.47487253126886,0.39132702753324583,1.353122348579268,Low,0.3913270275332458,Stress_Induced
692:00,0.8790035587188605,0.30000000000000027,0.3157894736842106,0.4982643441343571,0.422905974901667,1.362056513160761,Low,0.4229059749016669,Stress_Induced
692:30,0.8790035587188605,0.30000000000000027,0.3508771929824559,0.5099602505671056,0.4386954485858774,1.3975586790384096,Low,0.43869544858587733,Stress_Induced
693:00,0.8790035587188605,0.30000000000000027,0.3859649122807016,0.5216561569998541,0.45448492227008797,1.4339862131146797,Low,0.45448492227008785,Stress_Induced
693:30,0.8790035587188605,0.30000000000000027,0.4385964912280702,0.539200016648977,0.47816913279640383,1.4904155131968615,Low,0.4781691327964037,Stress_Induced
694:00,0.8790035587188605,0.30000000000000027,0.49122807017543835,0.5567438762980997,0.5018533433227195,1.5490653826810654,Low,0.5018533433227194,Stress_Induced
694:30,0.8790035587188605,0.30000000000000027,0.49122807017543835,0.5567438762980997,0.5018533433227195,1.5490653826810654,Low,0.5018533433227194,Stress_Induced
695:00,0.918149466192169,0.30000000000000027,0.3508771929824559,0.5230088863915417,0.4465246300805391,1.3975586790384096,Low,0.446524630080539,Stress_Induced
695:30,0.918149466192169,0.43333333333333357,0.14035087719298245,0.497277892239495,0.3984544546419426,1.5306771623669984,Low,0.3984544546419426,Stress_Induced
696:00,0.918149466192169,0.43333333333333357,0.05263157894736814,0.4680381261576236,0.3589807704314162,1.5306771623669984,Low,0.35898077043141624,Stress_Induced
696:30,0.918149466192169,0.43333333333333357,0.12280701754385959,0.4914299390231207,0.39055971779983734,1.5306771623669984,Low,0.3905597177998374,Stress_Induced
697:00,0.918149466192169,0.43333333333333357,0.2280701754385963,0.5265176583213663,0.4379281388524689,1.5306771623669984,Low,0.43792813885246884,Stress_Induced
697:30,0.918149466192169,0.43333333333333357,0.2807017543859649,0.5440615179704892,0.46161234937878476,1.5306771623669984,Low,0.4616123493787847,Stress_Induced
698:00,0.918149466192169,0.43333333333333357,0.33333333333333304,0.5616053776196118,0.48529655990510046,1.5607348393835623,Low,0.48529655990510034,Stress_Induced
698:30,0.918149466192169,0.43333333333333357,0.3859649122807016,0.5791492372687347,0.5089807704314163,1.6221518696135784,Medium,0.5089807704314162,Stress_Induced
699:00,0.918149466192169,0.43333333333333357,0.42105263157894735,0.5908451437014833,0.5247702441156269,1.6644334520569657,Medium,0.5247702441156268,Stress_Induced
699:30,0.9608540925266915,0.4666666666666668,0.47368421052631593,0.6337349899065581,0.5686620465755139,1.7840846476773027,Medium,0.5686620465755138,Stress_Induced
700:00,0.9608540925266915,0.4666666666666668,0.5087719298245617,0.6454308963393066,0.5844515202597245,1.830587027343344,Medium,0.5844515202597244,Stress_Induced
700:30,0.9608540925266915,0.4666666666666668,0.5614035087719298,0.6629747559884294,0.6081357307860401,1.9026231067336308,Medium,0.60813573078604,Stress_Induced
701:00,0.918149466192169,0.4666666666666668,0.5964912280701755,0.6604357869763371,0.6153842792033462,1.9522152055087076,Medium,0.615384279203346,Stress_Induced
701:30,0.9608540925266915,0.4666666666666668,0.5263157894736841,0.6512788495556808,0.5923462571018295,1.8542907954317678,Medium,0.5923462571018294,Stress_Induced
702:00,0.9608540925266915,0.4666666666666668,0.29824561403508776,0.5752554577428154,0.48971467815446124,1.5785932319515883,Low,0.4897146781544611,Stress_Induced
702:30,0.9608540925266915,0.4666666666666668,0.05263157894736814,0.49338411271357546,0.3791883623649873,1.5785932319515883,Low,0.37918836236498743,Stress_Induced
703:00,0.9608540925266915,0.4666666666666668,0.01754385964912286,0.48168820628082704,0.36339888868077697,1.5785932319515883,Low,0.3633988886807771,Stress_Induced
703:30,0.9608540925266915,0.5,0.10526315789473673,0.5220390834738095,0.41453923955796984,1.628009258405519,Medium,0.4145392395579699,Stress_Induced
704:00,0.9608540925266915,0.5,0.19298245614035103,0.5512788495556808,0.45401292376849633,1.628009258405519,Medium,0.45401292376849633,Stress_Induced
704:30,0.9608540925266915,0.5,0.24561403508771917,0.5688227092048036,0.477697134294812,1.628009258405519,Medium,0.477697134294812,Stress_Induced
705:00,1.0,0.5,0.26315789473684204,0.587719298245614,0.4934210526315789,1.628009258405519,Medium,0.4934210526315789,Stress_Induced
705:30,0.9608540925266915,0.5,0.2280701754385963,0.5629747559884293,0.4698023974527067,1.628009258405519,Medium,0.4698023974527067,Stress_Induced
