Timestamp,Object Temperature(F),Heart Rate Ear(BPM),GSR,Weighted_Stress,QuantityIndex_Stress,StressIndex_Level,Condition
0 days 00:00:00,77.45,91.0,260.0,0.5904,1.5105213928175156,Low,Base
0 days 00:01:00,77.45,91.0,259.0,0.58995,1.5082226771473128,Low,Base
0 days 00:02:00,77.56,91.0,256.0,0.5888200000000001,1.5017721264133146,Low,Base
0 days 00:03:00,77.56,91.0,254.0,0.58792,1.4972048023185978,Low,Base
0 days 00:04:00,77.56,91.0,252.0,0.5870200000000001,1.4926513687795913,Low,Base
0 days 00:05:00,77.56,91.0,250.0,0.58612,1.4881117835510913,Low,Base
0 days 00:06:00,77.68,91.0,250.0,0.58636,1.4885709366539213,Low,Base
0 days 00:07:00,77.68,91.0,251.0,0.58681,1.4908397006700989,Low,Base
0 days 00:08:00,77.68,94.0,250.0,0.59686,1.5042274294437816,Low,Base
0 days 00:09:00,77.68,94.0,249.0,0.59641,1.5019382919446023,Low,Base
0 days 00:10:00,77.68,94.0,248.0,0.59596,1.4996526380612563,Low,Base
0 days 00:11:00,77.79,94.0,247.0,0.59573,1.4977939660725428,Low,Base
0 days 00:12:00,77.79,94.0,248.0,0.59618,1.5000767871126417,Low,Base
0 days 00:13:00,77.79,94.0,250.0,0.5970799999999999,1.5046528723904171,Low,Base
0 days 00:14:00,77.79,94.0,252.0,0.59798,1.5092429173245578,Low,Base
0 days 00:15:00,77.79,94.0,253.0,0.59843,1.5115431879654677,Low,Base
0 days 00:16:00,77.79,90.0,253.0,0.58443,1.4906028113481589,Low,Base
0 days 00:17:00,77.79,90.0,254.0,0.5848800000000001,1.4928746721896726,Low,Base
0 days 00:18:00,77.9,90.0,255.0,0.58555,1.495572871186871,Low,Base
0 days 00:19:00,77.9,90.0,255.0,0.58555,1.495572871186871,Low,Base
0 days 00:20:00,77.9,90.0,256.0,0.5860000000000001,1.497852307006938,Low,Base
0 days 00:21:00,77.9,90.0,257.0,0.58645,1.5001352169657505,Low,Base
0 days 00:22:00,77.9,90.0,257.0,0.58645,1.5001352169657505,Low,Base
0 days 00:23:00,77.9,90.0,257.0,0.58645,1.5001352169657505,Low,Base
0 days 00:24:00,77.9,93.0,258.0,0.5974,1.518223777734952,Low,Base
0 days 00:25:00,77.9,93.0,258.0,0.5974,1.518223777734952,Low,Base
0 days 00:26:00,78.01,93.0,256.0,0.59672,1.514034515023302,Low,Base
0 days 00:27:00,78.01,93.0,255.0,0.5962700000000001,1.5117304530739244,Low,Base
0 days 00:28:00,78.01,93.0,255.0,0.5962700000000001,1.5117304530739244,Low,Base
0 days 00:29:00,78.01,93.0,255.0,0.5962700000000001,1.5117304530739244,Low,Base
0 days 00:30:00,78.01,93.0,254.0,0.59582,1.50942989745245,Low,Base
0 days 00:31:00,78.01,93.0,253.0,0.5953700000000001,1.5071328428229391,Low,Base
0 days 00:32:00,78.01,94.0,254.0,0.59932,1.514703412907041,Low,Base
0 days 00:33:00,78.01,94.0,255.0,0.59977,1.5170120060105108,Low,Base
0 days 00:34:00,78.01,94.0,256.0,0.60022,1.5193241176919885,Low,Base
0 days 00:35:00,78.01,94.0,257.0,0.60067,1.5216397533142172,Low,Base
0 days 00:36:00,78.01,94.0,257.0,0.60067,1.5216397533142172,Low,Base
0 days 00:37:00,78.01,94.0,258.0,0.60112,1.5239589182481132,Low,Base
0 days 00:38:00,78.01,94.0,258.0,0.60112,1.5239589182481132,Low,Base
0 days 00:39:00,78.13,99.0,259.0,0.61931,1.5536097354751555,Low,Base
0 days 00:40:00,78.01,99.0,259.0,0.61907,1.5531305210063886,Low,Base
0 days 00:41:00,78.13,99.0,260.0,0.61976,1.5559776265687113,Low,Base
0 days 00:42:00,78.13,99.0,260.0,0.61976,1.5559776265687113,Low,Base
0 days 00:43:00,78.13,99.0,259.0,0.61931,1.5536097354751555,Low,Base
0 days 00:44:00,78.13,99.0,259.0,0.61931,1.5536097354751555,Low,Base
0 days 00:45:00,78.13,99.0,260.0,0.61976,1.5559776265687113,Low,Base
0 days 00:46:00,78.13,99.0,260.0,0.61976,1.5559776265687113,Low,Base
0 days 00:47:00,78.13,96.0,261.0,0.60971,1.5421293174402684,Low,Base
0 days 00:48:00,78.13,96.0,261.0,0.60971,1.5421293174402684,Low,Base
0 days 00:49:00,78.13,96.0,262.0,0.61016,1.5444797109737909,Low,Base
0 days 00:50:00,78.13,96.0,262.0,0.61016,1.5444797109737909,Low,Base
0 days 00:51:00,78.13,96.0,263.0,0.61061,1.5468336867942851,Low,Base
0 days 00:52:00,78.13,96.0,263.0,0.61061,1.5468336867942851,Low,Base
0 days 00:53:00,78.13,96.0,263.0,0.61061,1.5468336867942851,Low,Base
0 days 00:54:00,78.13,103.0,264.0,0.63556,1.5874776813688523,Medium,Base
0 days 00:55:00,78.13,103.0,263.0,0.6351100000000001,1.5850618534040108,Medium,Base
0 days 00:56:00,78.13,103.0,263.0,0.6351100000000001,1.5850618534040108,Medium,Base
0 days 00:57:00,78.13,103.0,264.0,0.63556,1.5874776813688523,Medium,Base
0 days 00:58:00,78.13,103.0,265.0,0.63601,1.589897191350735,Medium,Base
0 days 00:59:00,78.13,103.0,265.0,0.63601,1.589897191350735,Medium,Base
0 days 01:00:00,78.13,103.0,267.0,0.6369100000000001,1.594747279821553,Medium,Base
0 days 01:01:00,78.13,103.0,268.0,0.6373599999999999,1.5971778695598486,Medium,Base
0 days 01:02:00,78.13,100.0,268.0,0.62686,1.58055391808189,Low,Base
0 days 01:03:00,78.13,100.0,269.0,0.62731,1.5829628754024143,Low,Base
0 days 01:04:00,78.13,100.0,269.0,0.62731,1.5829628754024143,Low,Base
0 days 01:05:00,78.24,100.0,269.0,0.6275299999999999,1.5834105872157636,Medium,Base
0 days 01:06:00,78.13,100.0,269.0,0.62731,1.5829628754024143,Low,Base
0 days 01:07:00,78.24,100.0,269.0,0.6275299999999999,1.5834105872157636,Medium,Base
0 days 01:08:00,78.13,112.0,270.0,0.6697600000000001,1.6531338427747515,Medium,Base
0 days 01:09:00,78.24,112.0,271.0,0.6704300000000001,1.6561216917616104,Medium,Base
0 days 01:10:00,78.13,112.0,272.0,0.67066,1.658176838910086,Medium,Base
0 days 01:11:00,78.13,112.0,272.0,0.67066,1.658176838910086,Medium,Base
0 days 01:12:00,78.24,112.0,273.0,0.67133,1.661173802531528,Medium,Base
0 days 01:13:00,78.13,112.0,273.0,0.6711100000000001,1.6607041030477525,Medium,Base
0 days 01:14:00,78.24,112.0,274.0,0.67178,1.6637056344079932,Medium,Base
0 days 01:15:00,78.13,108.0,274.0,0.6575599999999999,1.6401933554928618,Medium,Base
0 days 01:16:00,78.13,108.0,274.0,0.6575599999999999,1.6401933554928618,Medium,Base
0 days 01:17:00,78.24,108.0,274.0,0.65778,1.6406572538905069,Medium,Base
0 days 01:18:00,78.13,108.0,275.0,0.65801,1.642693210604154,Medium,Base
0 days 01:19:00,78.13,108.0,274.0,0.6575599999999999,1.6401933554928618,Medium,Base
0 days 01:20:00,78.13,108.0,274.0,0.6575599999999999,1.6401933554928618,Medium,Base
0 days 01:21:00,78.13,108.0,274.0,0.6575599999999999,1.6401933554928618,Medium,Base
0 days 01:22:00,78.13,103.0,274.0,0.6400600000000001,1.6118394007373509,Medium,Base
0 days 01:23:00,78.13,103.0,274.0,0.6400600000000001,1.6118394007373509,Medium,Base
0 days 01:24:00,78.13,103.0,274.0,0.6400600000000001,1.6118394007373509,Medium,Base
0 days 01:25:00,78.13,103.0,273.0,0.63961,1.609386499040001,Medium,Base
0 days 01:26:00,78.13,103.0,273.0,0.63961,1.609386499040001,Medium,Base
0 days 01:27:00,78.13,103.0,273.0,0.63961,1.609386499040001,Medium,Base
0 days 01:28:00,78.13,103.0,273.0,0.63961,1.609386499040001,Medium,Base
0 days 01:29:00,78.13,108.0,273.0,0.6571100000000001,1.6376973046680527,Medium,Base
0 days 01:30:00,78.13,108.0,274.0,0.6575599999999999,1.6401933554928618,Medium,Base
0 days 01:31:00,78.13,108.0,274.0,0.6575599999999999,1.6401933554928618,Medium,Base
0 days 01:32:00,78.13,108.0,275.0,0.65801,1.642693210604154,Medium,Base
0 days 01:33:00,78.13,108.0,275.0,0.65801,1.642693210604154,Medium,Base
0 days 01:34:00,78.13,108.0,275.0,0.65801,1.642693210604154,Medium,Base
0 days 01:35:00,78.13,108.0,275.0,0.65801,1.642693210604154,Medium,Base
0 days 01:36:00,78.13,104.0,275.0,0.64401,1.619935928661686,Medium,Base
0 days 01:37:00,78.13,104.0,276.0,0.64446,1.6224049089789574,Medium,Base
0 days 01:38:00,78.13,104.0,276.0,0.64446,1.6224049089789574,Medium,Base
0 days 01:39:00,78.13,104.0,276.0,0.64446,1.6224049089789574,Medium,Base
0 days 01:40:00,78.13,104.0,275.0,0.64401,1.619935928661686,Medium,Base
0 days 01:41:00,78.13,104.0,275.0,0.64401,1.619935928661686,Medium,Base
0 days 01:42:00,78.13,104.0,275.0,0.64401,1.619935928661686,Medium,Base
0 days 01:43:00,78.13,105.0,275.0,0.64751,1.625595520517964,Medium,Base
0 days 01:44:00,78.13,105.0,275.0,0.64751,1.625595520517964,Medium,Base
0 days 01:45:00,78.13,105.0,275.0,0.64751,1.625595520517964,Medium,Base
0 days 01:46:00,78.01,105.0,276.0,0.6477200000000001,1.6275709438730923,Medium,Base
0 days 01:47:00,78.01,105.0,276.0,0.6477200000000001,1.6275709438730923,Medium,Base
0 days 01:48:00,78.13,105.0,276.0,0.6479600000000001,1.6280731267448467,Medium,Base
0 days 01:49:00,78.13,105.0,276.0,0.6479600000000001,1.6280731267448467,Medium,Base
0 days 01:50:00,78.13,94.0,277.0,0.60991,1.5691848433840787,Low,Base
0 days 01:51:00,78.13,94.0,277.0,0.60991,1.5691848433840787,Low,Base
0 days 01:52:00,78.13,94.0,277.0,0.60991,1.5691848433840787,Low,Base
0 days 01:53:00,78.13,94.0,278.0,0.61036,1.571576472845422,Low,Base
0 days 01:54:00,78.01,94.0,278.0,0.61012,1.5710917164955072,Low,Base
0 days 01:55:00,78.01,94.0,279.0,0.6105700000000001,1.5734862522644992,Low,Base
0 days 01:56:00,78.01,94.0,279.0,0.6105700000000001,1.5734862522644992,Low,Base
0 days 01:57:00,78.01,103.0,278.0,0.6416200000000001,1.6211882362656602,Medium,Base
0 days 01:58:00,78.01,103.0,277.0,0.64117,1.6187211074843186,Medium,Base
0 days 01:59:00,78.01,103.0,278.0,0.6416200000000001,1.6211882362656602,Medium,Base
0 days 02:00:00,78.01,103.0,279.0,0.64207,1.6236591252527566,Medium,Base
0 days 02:01:00,78.01,103.0,280.0,0.6425200000000001,1.6261337801766207,Medium,Base
0 days 02:02:00,78.01,103.0,281.0,0.64297,1.6286122067770006,Medium,Base
0 days 02:03:00,78.01,103.0,281.0,0.64297,1.6286122067770006,Medium,Base
0 days 02:04:00,78.01,107.0,281.0,0.65697,1.651491375334728,Medium,Base
0 days 02:05:00,78.01,107.0,282.0,0.65742,1.654008450008918,Medium,Base
0 days 02:06:00,78.01,107.0,282.0,0.65742,1.654008450008918,Medium,Base
0 days 02:07:00,78.01,107.0,282.0,0.65742,1.654008450008918,Medium,Base
0 days 02:08:00,78.01,107.0,282.0,0.65742,1.654008450008918,Medium,Base
0 days 02:09:00,78.01,107.0,282.0,0.65742,1.654008450008918,Medium,Base
0 days 02:10:00,78.01,107.0,283.0,0.6578700000000001,1.6565293610125071,Medium,Base
0 days 02:11:00,78.01,99.0,283.0,0.62987,1.6109493617013728,Medium,Base
0 days 02:12:00,78.01,99.0,284.0,0.63032,1.6134046453924058,Medium,Base
0 days 02:13:00,78.01,99.0,285.0,0.63077,1.6158636712358285,Medium,Base
0 days 02:14:00,78.01,99.0,285.0,0.63077,1.6158636712358285,Medium,Base
0 days 02:15:00,78.01,99.0,285.0,0.63077,1.6158636712358285,Medium,Base
0 days 02:16:00,78.01,99.0,286.0,0.63122,1.6183264449351384,Medium,Base
0 days 02:17:00,78.01,99.0,286.0,0.63122,1.6183264449351384,Medium,Base
0 days 02:18:00,77.9,99.0,283.0,0.62965,1.6104938632565826,Medium,Base
0 days 02:19:00,77.9,95.0,279.0,0.61385,1.5785371021989223,Low,Base
0 days 02:20:00,77.9,95.0,279.0,0.61385,1.5785371021989223,Low,Base
0 days 02:21:00,78.01,95.0,278.0,0.61362,1.5765806606733734,Low,Base
0 days 02:22:00,77.9,95.0,278.0,0.6134000000000001,1.5761348800324073,Low,Base
0 days 02:23:00,77.9,95.0,277.0,0.61295,1.5737363135742881,Low,Base
0 days 02:24:00,77.9,95.0,278.0,0.6134000000000001,1.5761348800324073,Low,Base
0 days 02:25:00,77.9,95.0,278.0,0.6134000000000001,1.5761348800324073,Low,Base
0 days 02:26:00,77.9,104.0,277.0,0.6444500000000001,1.6239171601271811,Medium,Base
0 days 02:27:00,77.9,104.0,276.0,0.644,1.6214458784618928,Medium,Base
0 days 02:28:00,77.9,104.0,276.0,0.644,1.6214458784618928,Medium,Base
0 days 02:29:00,77.9,104.0,277.0,0.6444500000000001,1.6239171601271811,Medium,Base
0 days 02:30:00,77.9,104.0,277.0,0.6444500000000001,1.6239171601271811,Medium,Base
0 days 02:31:00,77.9,104.0,278.0,0.6449,1.6263922083277265,Medium,Base
0 days 02:32:00,77.9,104.0,278.0,0.6449,1.6263922083277265,Medium,Base
0 days 02:33:00,77.9,104.0,278.0,0.6449,1.6263922083277265,Medium,Base
0 days 02:34:00,77.9,95.0,278.0,0.6134000000000001,1.5761348800324073,Low,Base
0 days 02:35:00,77.9,95.0,278.0,0.6134000000000001,1.5761348800324073,Low,Base
0 days 02:36:00,77.9,95.0,279.0,0.61385,1.5785371021989223,Low,Base
0 days 02:37:00,77.9,95.0,279.0,0.61385,1.5785371021989223,Low,Base
0 days 02:38:00,77.9,95.0,279.0,0.61385,1.5785371021989223,Low,Base
0 days 02:39:00,77.9,95.0,280.0,0.6143000000000001,1.580942985645579,Low,Base
0 days 02:40:00,77.9,95.0,280.0,0.6143000000000001,1.580942985645579,Low,Base
0 days 02:41:00,77.9,99.0,279.0,0.62785,1.6007128026422512,Medium,Base
0 days 02:42:00,77.79,99.0,279.0,0.62763,1.600260198600502,Medium,Base
0 days 02:43:00,77.9,99.0,279.0,0.62785,1.6007128026422512,Medium,Base
0 days 02:44:00,77.9,99.0,280.0,0.6283000000000001,1.6031524845663339,Medium,Base
0 days 02:45:00,77.79,99.0,280.0,0.6280800000000001,1.6026991907007153,Medium,Base
0 days 02:46:00,77.9,99.0,280.0,0.6283000000000001,1.6031524845663339,Medium,Base
0 days 02:47:00,77.79,99.0,280.0,0.6280800000000001,1.6026991907007153,Medium,Base
0 days 02:48:00,77.79,99.0,281.0,0.62853,1.6051419001229428,Medium,Base
0 days 02:49:00,77.79,101.0,281.0,0.63553,1.6163773040595806,Medium,Base
0 days 02:50:00,77.79,101.0,281.0,0.63553,1.6163773040595806,Medium,Base
0 days 02:51:00,77.79,101.0,281.0,0.63553,1.6163773040595806,Medium,Base
0 days 02:52:00,77.9,101.0,282.0,0.6362,1.619298719836908,Medium,Base
0 days 02:53:00,77.79,101.0,282.0,0.63598,1.6188408605980815,Medium,Base
0 days 02:54:00,77.79,101.0,282.0,0.63598,1.6188408605980815,Medium,Base
0 days 02:55:00,77.79,109.0,282.0,0.66398,1.664644140989818,Medium,Base
0 days 02:56:00,77.79,109.0,282.0,0.66398,1.664644140989818,Medium,Base
0 days 02:57:00,77.79,109.0,282.0,0.66398,1.664644140989818,Medium,Base
0 days 02:58:00,77.79,109.0,282.0,0.66398,1.664644140989818,Medium,Base
0 days 02:59:00,77.79,109.0,283.0,0.6644300000000001,1.6671812620861814,Medium,Base
0 days 03:00:00,77.79,109.0,283.0,0.6644300000000001,1.6671812620861814,Medium,Base
0 days 03:01:00,77.79,109.0,284.0,0.66488,1.6697222500651414,Medium,Base
0 days 03:02:00,77.79,106.0,284.0,0.6543800000000001,1.6523432328650092,Medium,Base
0 days 03:03:00,77.79,106.0,284.0,0.6543800000000001,1.6523432328650092,Medium,Base
0 days 03:04:00,77.79,106.0,285.0,0.65483,1.6548616058741754,Medium,Base
0 days 03:05:00,77.79,106.0,286.0,0.65528,1.657383817191562,Medium,Base
0 days 03:06:00,77.79,106.0,287.0,0.65573,1.6599098726672195,Medium,Base
0 days 03:07:00,77.79,106.0,287.0,0.65573,1.6599098726672195,Medium,Base
0 days 03:08:00,77.79,106.0,286.0,0.65528,1.657383817191562,Medium,Base
0 days 03:09:00,77.79,111.0,287.0,0.67323,1.689109437714644,Medium,Base
0 days 03:10:00,77.68,111.0,287.0,0.67301,1.6886318393864466,Medium,Base
0 days 03:11:00,77.79,111.0,287.0,0.67323,1.689109437714644,Medium,Base
0 days 03:12:00,77.68,111.0,287.0,0.67301,1.6886318393864466,Medium,Base
0 days 03:13:00,77.79,111.0,287.0,0.67323,1.689109437714644,Medium,Base
0 days 03:14:00,77.68,111.0,287.0,0.67301,1.6886318393864466,Medium,Base
0 days 03:15:00,77.68,111.0,288.0,0.6734600000000001,1.6912055206665495,Medium,Base
0 days 03:16:00,77.68,104.0,288.0,0.64896,1.6504174048737899,Medium,Base
0 days 03:17:00,77.79,104.0,289.0,0.64963,1.6534003442120648,Medium,Base
0 days 03:18:00,77.68,104.0,289.0,0.64941,1.6529328426857546,Medium,Base
0 days 03:19:00,77.68,104.0,290.0,0.64986,1.65545211433234,Medium,Base
0 days 03:20:00,77.68,104.0,290.0,0.64986,1.65545211433234,Medium,Base
0 days 03:21:00,77.68,104.0,290.0,0.64986,1.65545211433234,Medium,Base
0 days 03:22:00,77.68,104.0,290.0,0.64986,1.65545211433234,Medium,Base
0 days 03:23:00,77.68,104.0,291.0,0.65031,1.6579752256567788,Medium,Base
0 days 03:24:00,77.68,96.0,291.0,0.62231,1.6123554428615474,Medium,Base
0 days 03:25:00,77.68,96.0,290.0,0.62186,1.6099017558498534,Medium,Base
0 days 03:26:00,77.68,96.0,291.0,0.62231,1.6123554428615474,Medium,Base
0 days 03:27:00,77.68,96.0,291.0,0.62231,1.6123554428615474,Medium,Base
0 days 03:28:00,77.68,96.0,292.0,0.62276,1.614812869592097,Medium,Base
0 days 03:29:00,77.68,96.0,292.0,0.62276,1.614812869592097,Medium,Base
0 days 03:30:00,77.68,96.0,292.0,0.62276,1.614812869592097,Medium,Base
0 days 03:31:00,77.68,96.0,293.0,0.62321,1.6172740417412899,Medium,Base
0 days 03:32:00,77.68,89.0,293.0,0.5987100000000001,1.5782689887911496,Low,Base
0 days 03:33:00,77.68,89.0,293.0,0.5987100000000001,1.5782689887911496,Low,Base
0 days 03:34:00,77.68,89.0,293.0,0.5987100000000001,1.5782689887911496,Low,Base
0 days 03:35:00,77.68,89.0,293.0,0.5987100000000001,1.5782689887911496,Low,Base
0 days 03:36:00,77.68,89.0,293.0,0.5987100000000001,1.5782689887911496,Low,Base
0 days 03:37:00,77.68,89.0,294.0,0.59916,1.5806744636002086,Low,Base
0 days 03:38:00,77.56,89.0,293.0,0.5984700000000001,1.5777821681194169,Low,Base
0 days 03:39:00,77.56,102.0,293.0,0.64397,1.6509638834398142,Medium,Base
0 days 03:40:00,77.56,102.0,293.0,0.64397,1.6509638834398142,Medium,Base
0 days 03:41:00,77.68,102.0,294.0,0.64466,1.6539903312445292,Medium,Base
0 days 03:42:00,77.56,102.0,295.0,0.64487,1.6560002599680383,Medium,Base
0 days 03:43:00,77.56,102.0,295.0,0.64487,1.6560002599680383,Medium,Base
0 days 03:44:00,77.56,102.0,295.0,0.64487,1.6560002599680383,Medium,Base
0 days 03:45:00,77.56,102.0,296.0,0.64532,1.6585242067334114,Medium,Base
0 days 03:46:00,77.56,102.0,296.0,0.64532,1.6585242067334114,Medium,Base
0 days 03:47:00,77.56,102.0,296.0,0.64532,1.6585242067334114,Medium,Base
0 days 03:48:00,77.56,102.0,296.0,0.64532,1.6585242067334114,Medium,Base
0 days 03:49:00,77.56,102.0,297.0,0.64577,1.6610520003020903,Medium,Base
0 days 03:50:00,77.56,102.0,297.0,0.64577,1.6610520003020903,Medium,Base
0 days 03:51:00,77.56,102.0,297.0,0.64577,1.6610520003020903,Medium,Base
0 days 03:52:00,77.56,102.0,298.0,0.64622,1.6635836465370735,Medium,Base
0 days 03:53:00,77.56,102.0,298.0,0.64622,1.6635836465370735,Medium,Base
0 days 03:54:00,77.56,103.0,298.0,0.6497200000000001,1.669395731010042,Medium,Base
0 days 03:55:00,77.56,103.0,298.0,0.6497200000000001,1.669395731010042,Medium,Base
0 days 03:56:00,77.56,103.0,298.0,0.6497200000000001,1.669395731010042,Medium,Base
0 days 03:57:00,77.56,103.0,298.0,0.6497200000000001,1.669395731010042,Medium,Base
0 days 03:58:00,77.56,103.0,298.0,0.6497200000000001,1.669395731010042,Medium,Base
0 days 03:59:00,77.56,103.0,298.0,0.6497200000000001,1.669395731010042,Medium,Base
0 days 04:00:00,77.56,108.0,298.0,0.66722,1.6987621623086244,Medium,Base
0 days 04:01:00,77.56,108.0,299.0,0.6676700000000001,1.7013512834388227,Medium,Base
0 days 04:02:00,77.56,108.0,299.0,0.6676700000000001,1.7013512834388227,Medium,Base
0 days 04:03:00,77.45,108.0,299.0,0.6674500000000001,1.7008702237096518,Medium,Base
0 days 04:04:00,77.45,108.0,300.0,0.6679,1.703462557783038,Medium,Base
0 days 04:05:00,77.45,108.0,300.0,0.6679,1.703462557783038,Medium,Base
0 days 04:06:00,77.45,108.0,300.0,0.6679,1.703462557783038,Medium,Base
0 days 04:07:00,77.45,106.0,300.0,0.6609,1.691621826117503,Medium,Base
0 days 04:08:00,77.45,106.0,301.0,0.66135,1.694200064502771,Medium,Base
0 days 04:09:00,77.45,106.0,301.0,0.66135,1.694200064502771,Medium,Base
0 days 04:10:00,77.56,106.0,302.0,0.66202,1.6972621359547502,Medium,Base
0 days 04:11:00,77.45,106.0,301.0,0.66135,1.694200064502771,Medium,Base
0 days 04:12:00,77.45,106.0,301.0,0.66135,1.694200064502771,Medium,Base
0 days 04:13:00,77.45,106.0,301.0,0.66135,1.694200064502771,Medium,Base
0 days 04:14:00,77.45,104.0,301.0,0.65435,1.68242371622916,Medium,Base
0 days 04:15:00,77.45,104.0,302.0,0.6548,1.6849879355709168,Medium,Base
0 days 04:16:00,77.45,104.0,302.0,0.6548,1.6849879355709168,Medium,Base
0 days 04:17:00,77.45,104.0,302.0,0.6548,1.6849879355709168,Medium,Base
0 days 04:18:00,77.45,104.0,303.0,0.65525,1.6875560630963065,Medium,Base
0 days 04:19:00,77.45,104.0,303.0,0.65525,1.6875560630963065,Medium,Base
0 days 04:20:00,77.45,104.0,303.0,0.65525,1.6875560630963065,Medium,Base
0 days 04:21:00,77.45,105.0,304.0,0.6592,1.6960329279641648,Medium,Base
0 days 04:22:00,77.45,105.0,304.0,0.6592,1.6960329279641648,Medium,Base
0 days 04:23:00,77.45,105.0,304.0,0.6592,1.6960329279641648,Medium,Base
0 days 04:24:00,77.45,105.0,304.0,0.6592,1.6960329279641648,Medium,Base
0 days 04:25:00,77.45,105.0,304.0,0.6592,1.6960329279641648,Medium,Base
0 days 04:26:00,77.45,105.0,305.0,0.6596500000000001,1.6986178894077,Medium,Base
0 days 04:27:00,77.45,105.0,305.0,0.6596500000000001,1.6986178894077,Medium,Base
0 days 04:28:00,77.45,104.0,305.0,0.65615,1.6927040665332638,Medium,Base
0 days 04:29:00,77.45,104.0,305.0,0.65615,1.6927040665332638,Medium,Base
0 days 04:30:00,77.45,104.0,305.0,0.65615,1.6927040665332638,Medium,Base
0 days 04:31:00,77.34,104.0,306.0,0.6563800000000001,1.6948046102027623,Medium,Base
0 days 04:32:00,77.45,104.0,306.0,0.6566000000000001,1.6952839543851794,Medium,Base
0 days 04:33:00,77.34,104.0,306.0,0.6563800000000001,1.6948046102027623,Medium,Base
0 days 04:34:00,77.45,104.0,306.0,0.6566000000000001,1.6952839543851794,Medium,Base
0 days 04:35:00,77.34,104.0,307.0,0.65683,1.697387699539924,Medium,Base
0 days 04:36:00,77.34,104.0,307.0,0.65683,1.697387699539924,Medium,Base
0 days 04:37:00,77.34,104.0,307.0,0.65683,1.697387699539924,Medium,Base
0 days 04:38:00,77.34,104.0,307.0,0.65683,1.697387699539924,Medium,Base
0 days 04:39:00,77.34,104.0,308.0,0.65728,1.6999747258208986,Medium,Base
0 days 04:40:00,77.34,104.0,308.0,0.65728,1.6999747258208986,Medium,Base
0 days 04:41:00,77.34,104.0,308.0,0.65728,1.6999747258208986,Medium,Base
0 days 04:42:00,77.45,104.0,308.0,0.6575,1.7004555322750305,Medium,Base
0 days 04:43:00,77.34,102.0,308.0,0.65028,1.688158238000448,Medium,Base
0 days 04:44:00,77.34,102.0,308.0,0.65028,1.688158238000448,Medium,Base
0 days 04:45:00,77.34,102.0,308.0,0.65028,1.688158238000448,Medium,Base
0 days 04:46:00,77.34,102.0,309.0,0.65073,1.690731197454163,Medium,Base
0 days 04:47:00,77.34,102.0,309.0,0.65073,1.690731197454163,Medium,Base
0 days 04:48:00,77.34,102.0,309.0,0.65073,1.690731197454163,Medium,Base
0 days 04:49:00,77.34,102.0,309.0,0.65073,1.690731197454163,Medium,Base
0 days 04:50:00,77.34,98.0,309.0,0.63673,1.6673084144895705,Medium,Base
0 days 04:51:00,77.34,98.0,309.0,0.63673,1.6673084144895705,Medium,Base
0 days 04:52:00,77.34,98.0,310.0,0.6371800000000001,1.6698495962643314,Medium,Base
0 days 04:53:00,77.34,98.0,310.0,0.6371800000000001,1.6698495962643314,Medium,Base
0 days 04:54:00,77.34,98.0,310.0,0.6371800000000001,1.6698495962643314,Medium,Base
0 days 04:55:00,77.34,98.0,310.0,0.6371800000000001,1.6698495962643314,Medium,Base
0 days 04:56:00,77.34,98.0,310.0,0.6371800000000001,1.6698495962643314,Medium,Base
0 days 04:57:00,77.34,101.0,311.0,0.64813,1.6899845651363699,Medium,Base
0 days 04:58:00,77.34,101.0,311.0,0.64813,1.6899845651363699,Medium,Base
0 days 04:59:00,77.34,101.0,311.0,0.64813,1.6899845651363699,Medium,Base
0 days 05:00:00,77.34,101.0,312.0,0.64858,1.6925603081358238,Medium,Base
0 days 05:01:00,77.34,101.0,312.0,0.64858,1.6925603081358238,Medium,Base
0 days 05:02:00,77.34,101.0,312.0,0.64858,1.6925603081358238,Medium,Base
0 days 05:03:00,77.34,101.0,312.0,0.64858,1.6925603081358238,Medium,Base
0 days 05:04:00,77.34,101.0,312.0,0.64858,1.6925603081358238,Medium,Base
0 days 05:05:00,77.34,99.0,312.0,0.64158,1.6807953577735135,Medium,Base
0 days 05:06:00,77.34,99.0,312.0,0.64158,1.6807953577735135,Medium,Base
0 days 05:07:00,77.34,99.0,312.0,0.64158,1.6807953577735135,Medium,Base
0 days 05:08:00,77.34,99.0,313.0,0.64203,1.6833570952979922,Medium,Base
0 days 05:09:00,77.22,99.0,313.0,0.64179,1.682837859959961,Medium,Base
0 days 05:10:00,77.22,99.0,314.0,0.64224,1.6854027105073728,Medium,Base
0 days 05:11:00,77.34,99.0,314.0,0.64248,1.6859227372235117,Medium,Base
0 days 05:12:00,77.34,102.0,314.0,0.65298,1.7036549369659941,Medium,Base
0 days 05:13:00,77.22,102.0,314.0,0.65274,1.7031294407123738,Medium,Base
0 days 05:14:00,77.22,102.0,314.0,0.65274,1.7031294407123738,Medium,Base
0 days 05:15:00,77.22,102.0,314.0,0.65274,1.7031294407123738,Medium,Base
0 days 05:16:00,77.22,102.0,314.0,0.65274,1.7031294407123738,Medium,Base
0 days 05:17:00,77.34,102.0,314.0,0.65298,1.7036549369659941,Medium,Base
0 days 05:18:00,77.22,102.0,314.0,0.65274,1.7031294407123738,Medium,Base
0 days 05:19:00,77.22,101.0,315.0,0.64969,1.6997866507148796,Medium,Base
0 days 05:20:00,77.22,101.0,315.0,0.64969,1.6997866507148796,Medium,Base
0 days 05:21:00,77.22,101.0,315.0,0.64969,1.6997866507148796,Medium,Base
0 days 05:22:00,77.22,101.0,315.0,0.64969,1.6997866507148796,Medium,Base
0 days 05:23:00,77.22,101.0,315.0,0.64969,1.6997866507148796,Medium,Base
0 days 05:24:00,77.22,101.0,315.0,0.64969,1.6997866507148796,Medium,Base
0 days 05:25:00,77.22,101.0,315.0,0.64969,1.6997866507148796,Medium,Base
0 days 05:26:00,77.22,101.0,315.0,0.64969,1.6997866507148796,Medium,Base
0 days 05:27:00,77.22,97.0,315.0,0.63569,1.6762384167521085,Medium,Base
0 days 05:28:00,77.22,97.0,316.0,0.6361399999999999,1.678793208941596,Medium,Base
0 days 05:29:00,77.22,97.0,316.0,0.6361399999999999,1.678793208941596,Medium,Base
0 days 05:30:00,77.22,97.0,316.0,0.6361399999999999,1.678793208941596,Medium,Base
0 days 05:31:00,77.22,97.0,316.0,0.6361399999999999,1.678793208941596,Medium,Base
0 days 05:32:00,77.22,97.0,317.0,0.63659,1.6813518949465849,Medium,Base
0 days 05:33:00,77.22,97.0,317.0,0.63659,1.6813518949465849,Medium,Base
0 days 05:34:00,77.22,102.0,317.0,0.6540900000000001,1.7109286477766743,Medium,Base
0 days 05:35:00,77.22,102.0,317.0,0.6540900000000001,1.7109286477766743,Medium,Base
0 days 05:36:00,77.22,102.0,317.0,0.6540900000000001,1.7109286477766743,Medium,Base
0 days 05:37:00,77.22,102.0,317.0,0.6540900000000001,1.7109286477766743,Medium,Base
0 days 05:38:00,77.22,102.0,317.0,0.6540900000000001,1.7109286477766743,Medium,Base
0 days 05:39:00,77.22,102.0,318.0,0.65454,1.713536312117514,Medium,Base
0 days 05:40:00,77.22,102.0,318.0,0.65454,1.713536312117514,Medium,Base
0 days 05:41:00,77.22,99.0,317.0,0.64359,1.6931207408647615,Medium,Base
0 days 05:42:00,77.22,99.0,317.0,0.64359,1.6931207408647615,Medium,Base
0 days 05:43:00,77.22,99.0,317.0,0.64359,1.6931207408647615,Medium,Base
0 days 05:44:00,77.22,99.0,317.0,0.64359,1.6931207408647615,Medium,Base
0 days 05:45:00,77.22,99.0,317.0,0.64359,1.6931207408647615,Medium,Base
0 days 05:46:00,77.22,99.0,317.0,0.64359,1.6931207408647615,Medium,Base
0 days 05:47:00,77.22,99.0,317.0,0.64359,1.6931207408647615,Medium,Base
0 days 05:48:00,77.22,103.0,317.0,0.65759,1.7169061421147558,Medium,Base
0 days 05:49:00,77.22,103.0,317.0,0.65759,1.7169061421147558,Medium,Base
0 days 05:50:00,77.22,103.0,317.0,0.65759,1.7169061421147558,Medium,Base
0 days 05:51:00,77.22,103.0,317.0,0.65759,1.7169061421147558,Medium,Base
0 days 05:52:00,77.11,103.0,317.0,0.65737,1.7164206842250314,Medium,Base
0 days 05:53:00,77.11,103.0,316.0,0.65692,1.7138086304386706,Medium,Base
0 days 05:54:00,77.11,103.0,316.0,0.65692,1.7138086304386706,Medium,Base
0 days 05:55:00,77.11,103.0,316.0,0.65692,1.7138086304386706,Medium,Base
0 days 05:56:00,77.11,100.0,316.0,0.64642,1.6959707477219692,Medium,Base
0 days 05:57:00,77.11,100.0,317.0,0.6468700000000001,1.6985556143952165,Medium,Base
0 days 05:58:00,77.11,100.0,317.0,0.6468700000000001,1.6985556143952165,Medium,Base
0 days 05:59:00,77.11,100.0,317.0,0.6468700000000001,1.6985556143952165,Medium,Base
0 days 06:00:00,77.22,100.0,318.0,0.64754,1.7016255580018853,Medium,Base
0 days 06:01:00,77.11,100.0,318.0,0.64732,1.701144420721154,Medium,Base
0 days 06:02:00,77.11,100.0,318.0,0.64732,1.701144420721154,Medium,Base
0 days 06:03:00,77.11,103.0,318.0,0.6578200000000001,1.719036719100565,High,Base
0 days 06:04:00,77.11,103.0,318.0,0.6578200000000001,1.719036719100565,High,Base
0 days 06:05:00,77.11,103.0,318.0,0.6578200000000001,1.719036719100565,High,Base
0 days 06:06:00,77.11,103.0,319.0,0.65827,1.721656741132938,High,Base
0 days 06:07:00,77.11,103.0,319.0,0.65827,1.721656741132938,High,Base
0 days 06:08:00,77.11,103.0,318.0,0.6578200000000001,1.719036719100565,High,Base
0 days 06:09:00,77.11,112.0,318.0,0.68932,1.7738506781329095,High,Base
0 days 06:10:00,77.11,112.0,319.0,0.68977,1.7765542433373107,High,Base
0 days 06:11:00,77.11,112.0,319.0,0.68977,1.7765542433373107,High,Base
0 days 06:12:00,77.11,112.0,319.0,0.68977,1.7765542433373107,High,Base
0 days 06:13:00,77.11,112.0,319.0,0.68977,1.7765542433373107,High,Base
0 days 06:14:00,77.11,112.0,319.0,0.68977,1.7765542433373107,High,Base
0 days 06:15:00,77.11,112.0,319.0,0.68977,1.7765542433373107,High,Base
0 days 06:16:00,77.11,103.0,319.0,0.65827,1.721656741132938,High,Base
0 days 06:17:00,77.11,103.0,319.0,0.65827,1.721656741132938,High,Base
0 days 06:18:00,77.11,103.0,319.0,0.65827,1.721656741132938,High,Base
0 days 06:19:00,77.11,103.0,319.0,0.65827,1.721656741132938,High,Base
0 days 06:20:00,77.11,103.0,319.0,0.65827,1.721656741132938,High,Base
0 days 06:21:00,77.11,103.0,318.0,0.6578200000000001,1.719036719100565,High,Base
0 days 06:22:00,77.11,103.0,318.0,0.6578200000000001,1.719036719100565,High,Base
0 days 06:23:00,77.11,103.0,318.0,0.6578200000000001,1.719036719100565,High,Base
0 days 06:24:00,77.11,104.0,318.0,0.66132,1.7250425407160546,High,Base
0 days 06:25:00,77.11,104.0,318.0,0.66132,1.7250425407160546,High,Base
0 days 06:26:00,77.11,104.0,318.0,0.66132,1.7250425407160546,High,Base
0 days 06:27:00,77.11,104.0,317.0,0.6608700000000001,1.7224173661644293,High,Base
0 days 06:28:00,77.0,104.0,317.0,0.6606500000000001,1.7219303499675087,High,Base
0 days 06:29:00,77.0,104.0,317.0,0.6606500000000001,1.7219303499675087,High,Base
0 days 06:30:00,77.0,104.0,317.0,0.6606500000000001,1.7219303499675087,High,Base
0 days 06:31:00,77.0,102.0,317.0,0.6536500000000001,1.7099612490750058,Medium,Base
0 days 06:32:00,77.0,102.0,317.0,0.6536500000000001,1.7099612490750058,Medium,Base
0 days 06:33:00,77.0,102.0,316.0,0.6532,1.7073590252750794,Medium,Base
0 days 06:34:00,77.0,102.0,315.0,0.65275,1.704760761546592,Medium,Base
0 days 06:35:00,77.0,102.0,315.0,0.65275,1.704760761546592,Medium,Base
0 days 06:36:00,77.0,102.0,316.0,0.6532,1.7073590252750794,Medium,Base
0 days 06:37:00,77.0,102.0,316.0,0.6532,1.7073590252750794,Medium,Base
0 days 06:38:00,77.0,98.0,317.0,0.63965,1.6862720598796703,Medium,Base
0 days 06:39:00,77.0,98.0,317.0,0.63965,1.6862720598796703,Medium,Base
0 days 06:40:00,77.0,98.0,317.0,0.63965,1.6862720598796703,Medium,Base
0 days 06:41:00,77.0,98.0,317.0,0.63965,1.6862720598796703,Medium,Base
0 days 06:42:00,77.0,98.0,317.0,0.63965,1.6862720598796703,Medium,Base
0 days 06:43:00,77.0,98.0,318.0,0.6401,1.6888421445674315,Medium,Base
0 days 06:44:00,77.0,98.0,317.0,0.63965,1.6862720598796703,Medium,Base
0 days 06:45:00,77.0,101.0,318.0,0.6506000000000001,1.7066050500552064,Medium,Base
0 days 06:46:00,77.0,101.0,318.0,0.6506000000000001,1.7066050500552064,Medium,Base
0 days 06:47:00,77.0,101.0,318.0,0.6506000000000001,1.7066050500552064,Medium,Base
0 days 06:48:00,77.0,101.0,318.0,0.6506000000000001,1.7066050500552064,Medium,Base
0 days 06:49:00,77.0,101.0,318.0,0.6506000000000001,1.7066050500552064,Medium,Base
0 days 06:50:00,77.0,101.0,318.0,0.6506000000000001,1.7066050500552064,Medium,Base
0 days 06:51:00,77.0,101.0,318.0,0.6506000000000001,1.7066050500552064,Medium,Base
0 days 06:52:00,77.0,106.0,318.0,0.6681,1.7366260325132947,High,Base
0 days 06:53:00,77.0,106.0,318.0,0.6681,1.7366260325132947,High,Base
0 days 06:54:00,77.0,106.0,318.0,0.6681,1.7366260325132947,High,Base
0 days 06:55:00,77.0,106.0,318.0,0.6681,1.7366260325132947,High,Base
0 days 06:56:00,77.0,106.0,318.0,0.6681,1.7366260325132947,High,Base
0 days 06:57:00,77.0,106.0,318.0,0.6681,1.7366260325132947,High,Base
0 days 06:58:00,77.0,106.0,318.0,0.6681,1.7366260325132947,High,Base
0 days 06:59:00,77.0,106.0,318.0,0.6681,1.7366260325132947,High,Base
0 days 07:00:00,77.0,100.0,318.0,0.6471,1.700663419482739,Medium,Base
0 days 07:01:00,77.0,100.0,318.0,0.6471,1.700663419482739,Medium,Base
0 days 07:02:00,77.0,100.0,318.0,0.6471,1.700663419482739,Medium,Base
0 days 07:03:00,77.0,100.0,318.0,0.6471,1.700663419482739,Medium,Base
0 days 07:04:00,77.0,100.0,318.0,0.6471,1.700663419482739,Medium,Base
0 days 07:05:00,77.0,100.0,317.0,0.64665,1.6980753451458284,Medium,Base
0 days 07:06:00,77.0,100.0,316.0,0.6462,1.695491209347665,Medium,Base
0 days 07:07:00,77.0,97.0,316.0,0.6356999999999999,1.6778439803616605,Medium,Base
0 days 07:08:00,77.0,97.0,316.0,0.6356999999999999,1.6778439803616605,Medium,Base
0 days 07:09:00,77.0,97.0,316.0,0.6356999999999999,1.6778439803616605,Medium,Base
0 days 07:10:00,77.0,97.0,316.0,0.6356999999999999,1.6778439803616605,Medium,Base
0 days 07:11:00,77.0,97.0,317.0,0.63615,1.6804012196262947,Medium,Base
0 days 07:12:00,77.0,97.0,317.0,0.63615,1.6804012196262947,Medium,Base
0 days 07:13:00,77.0,97.0,317.0,0.63615,1.6804012196262947,Medium,Base
0 days 07:14:00,77.0,102.0,317.0,0.6536500000000001,1.7099612490750058,Medium,Base
0 days 07:15:00,77.0,102.0,317.0,0.6536500000000001,1.7099612490750058,Medium,Base
0 days 07:16:00,77.0,102.0,317.0,0.6536500000000001,1.7099612490750058,Medium,Base
0 days 07:17:00,77.0,102.0,316.0,0.6532,1.7073590252750794,Medium,Base
0 days 07:18:00,77.0,102.0,316.0,0.6532,1.7073590252750794,Medium,Base
0 days 07:19:00,77.0,102.0,316.0,0.6532,1.7073590252750794,Medium,Base
0 days 07:20:00,77.0,102.0,316.0,0.6532,1.7073590252750794,Medium,Base
0 days 07:21:00,77.0,102.0,317.0,0.6536500000000001,1.7099612490750058,Medium,Base
0 days 07:22:00,77.0,97.0,317.0,0.63615,1.6804012196262947,Medium,Base
0 days 07:23:00,77.0,97.0,317.0,0.63615,1.6804012196262947,Medium,Base
0 days 07:24:00,77.0,97.0,317.0,0.63615,1.6804012196262947,Medium,Base
0 days 07:25:00,77.0,97.0,317.0,0.63615,1.6804012196262947,Medium,Base
0 days 07:26:00,77.0,97.0,318.0,0.6366,1.6829623564360718,Medium,Base
0 days 07:27:00,77.0,97.0,318.0,0.6366,1.6829623564360718,Medium,Base
0 days 07:28:00,77.0,97.0,318.0,0.6366,1.6829623564360718,Medium,Base
0 days 07:29:00,77.0,104.0,319.0,0.66155,1.72718321448187,High,Base
0 days 07:30:00,77.0,104.0,319.0,0.66155,1.72718321448187,High,Base
0 days 07:31:00,77.0,104.0,319.0,0.66155,1.72718321448187,High,Base
0 days 07:32:00,77.0,104.0,318.0,0.6611,1.724554782246935,High,Base
0 days 07:33:00,77.0,104.0,318.0,0.6611,1.724554782246935,High,Base
0 days 07:34:00,77.0,104.0,319.0,0.66155,1.72718321448187,High,Base
0 days 07:35:00,77.0,110.0,319.0,0.6825500000000001,1.7637066210911418,High,Base
0 days 07:36:00,77.0,110.0,319.0,0.6825500000000001,1.7637066210911418,High,Base
0 days 07:37:00,77.0,110.0,320.0,0.683,1.7663947255129708,High,Base
0 days 07:38:00,77.0,110.0,320.0,0.683,1.7663947255129708,High,Base
0 days 07:39:00,77.0,110.0,320.0,0.683,1.7663947255129708,High,Base
0 days 07:40:00,77.0,110.0,321.0,0.68345,1.769086926934435,High,Base
0 days 07:41:00,77.0,110.0,321.0,0.68345,1.769086926934435,High,Base
0 days 07:42:00,77.0,110.0,321.0,0.68345,1.769086926934435,High,Base
0 days 07:43:00,77.0,110.0,321.0,0.68345,1.769086926934435,High,Base
0 days 07:44:00,77.0,91.0,322.0,0.6174000000000001,1.6581817128091396,Medium,Base
0 days 07:45:00,77.0,91.0,322.0,0.6174000000000001,1.6581817128091396,Medium,Base
0 days 07:46:00,77.0,91.0,322.0,0.6174000000000001,1.6581817128091396,Medium,Base
0 days 07:47:00,77.0,91.0,322.0,0.6174000000000001,1.6581817128091396,Medium,Base
0 days 07:48:00,77.0,91.0,322.0,0.6174000000000001,1.6581817128091396,Medium,Base
0 days 07:49:00,77.0,91.0,322.0,0.6174000000000001,1.6581817128091396,Medium,Base
0 days 07:50:00,77.0,91.0,322.0,0.6174000000000001,1.6581817128091396,Medium,Base
0 days 07:51:00,77.0,100.0,322.0,0.6489,1.7110552224114586,Medium,Base
0 days 07:52:00,76.89,100.0,323.0,0.64913,1.7131785387587513,Medium,Base
0 days 07:53:00,77.0,100.0,323.0,0.64935,1.7136630796675099,Medium,Base
0 days 07:54:00,77.0,100.0,322.0,0.6489,1.7110552224114586,Medium,Base
0 days 07:55:00,77.0,100.0,323.0,0.64935,1.7136630796675099,Medium,Base
0 days 07:56:00,77.0,100.0,323.0,0.64935,1.7136630796675099,Medium,Base
0 days 07:57:00,77.0,100.0,323.0,0.64935,1.7136630796675099,Medium,Base
0 days 07:58:00,77.0,97.0,323.0,0.63885,1.6958267118910062,Medium,Base
0 days 07:59:00,76.89,97.0,324.0,0.63908,1.697931130575085,Medium,Base
0 days 08:00:00,77.0,97.0,324.0,0.6393,1.6984113590360452,Medium,Base
0 days 08:01:00,76.89,97.0,324.0,0.63908,1.697931130575085,Medium,Base
0 days 08:02:00,76.89,97.0,324.0,0.63908,1.697931130575085,Medium,Base
0 days 08:03:00,77.0,97.0,324.0,0.6393,1.6984113590360452,Medium,Base
0 days 08:04:00,76.89,97.0,325.0,0.63953,1.7005189851113662,Medium,Base
0 days 08:05:00,77.0,108.0,325.0,0.67825,1.767524803011749,High,Base
0 days 08:06:00,77.0,108.0,325.0,0.67825,1.767524803011749,High,Base
0 days 08:07:00,76.89,108.0,325.0,0.67803,1.7670250326167007,High,Base
0 days 08:08:00,76.89,108.0,325.0,0.67803,1.7670250326167007,High,Base
0 days 08:09:00,77.0,108.0,325.0,0.67825,1.767524803011749,High,Base
0 days 08:10:00,76.89,108.0,325.0,0.67803,1.7670250326167007,High,Base
0 days 08:11:00,76.89,108.0,325.0,0.67803,1.7670250326167007,High,Base
0 days 08:12:00,76.89,108.0,325.0,0.67803,1.7670250326167007,High,Base
0 days 08:13:00,76.89,98.0,325.0,0.64303,1.7064601110715352,Medium,Base
0 days 08:14:00,76.89,98.0,325.0,0.64303,1.7064601110715352,Medium,Base
0 days 08:15:00,76.89,98.0,325.0,0.64303,1.7064601110715352,Medium,Base
0 days 08:16:00,77.0,98.0,325.0,0.64325,1.7069427517971063,Medium,Base
0 days 08:17:00,76.89,98.0,325.0,0.64303,1.7064601110715352,Medium,Base
0 days 08:18:00,77.0,98.0,325.0,0.64325,1.7069427517971063,Medium,Base
0 days 08:19:00,76.89,98.0,325.0,0.64303,1.7064601110715352,Medium,Base
0 days 08:20:00,77.0,106.0,326.0,0.6717000000000001,1.7579139744462489,High,Base
0 days 08:21:00,76.89,106.0,326.0,0.6714800000000001,1.7574169215279687,High,Base
0 days 08:22:00,76.89,106.0,326.0,0.6714800000000001,1.7574169215279687,High,Base
0 days 08:23:00,77.0,106.0,325.0,0.67125,1.7552387760550558,High,Base
0 days 08:24:00,76.89,106.0,325.0,0.67103,1.7547424795532935,High,Base
0 days 08:25:00,76.89,106.0,325.0,0.67103,1.7547424795532935,High,Base
0 days 08:26:00,76.89,106.0,324.0,0.6705800000000001,1.7520721075518777,High,Base
0 days 08:27:00,76.89,93.0,324.0,0.6250800000000001,1.6744086023221194,Medium,Base
0 days 08:28:00,76.89,93.0,323.0,0.62463,1.6718604826392192,Medium,Base
0 days 08:29:00,76.89,93.0,322.0,0.6241800000000001,1.6693162406919622,Medium,Base
0 days 08:30:00,76.89,93.0,321.0,0.62373,1.6667758705791993,Medium,Base
0 days 08:31:00,76.89,93.0,320.0,0.6232800000000001,1.664239366408762,Medium,Base
0 days 08:32:00,77.0,93.0,320.0,0.6235,1.6647100657764857,Medium,Base
0 days 08:33:00,76.89,93.0,320.0,0.6232800000000001,1.664239366408762,Medium,Base
0 days 08:34:00,77.0,119.0,320.0,0.7145,1.8227187627155488,High,Base
0 days 08:35:00,76.89,119.0,320.0,0.71428,1.8222033861423024,High,Base
0 days 08:36:00,76.89,119.0,321.0,0.71473,1.8249806467825842,High,Base
0 days 08:37:00,76.89,119.0,321.0,0.71473,1.8249806467825842,High,Base
0 days 08:38:00,77.0,119.0,321.0,0.71495,1.825496808852709,High,Base
0 days 08:39:00,76.89,119.0,321.0,0.71473,1.8249806467825842,High,Base
0 days 08:40:00,76.89,119.0,321.0,0.71473,1.8249806467825842,High,Base
0 days 08:41:00,76.89,99.0,321.0,0.64473,1.7020218898418107,Medium,Base
0 days 08:42:00,76.89,99.0,322.0,0.64518,1.7046159791951199,Medium,Base
0 days 08:43:00,76.89,99.0,322.0,0.64518,1.7046159791951199,Medium,Base
0 days 08:44:00,77.0,99.0,322.0,0.6454,1.7050980983420492,Medium,Base
0 days 08:45:00,76.89,99.0,322.0,0.64518,1.7046159791951199,Medium,Base
0 days 08:46:00,76.89,99.0,322.0,0.64518,1.7046159791951199,Medium,Base
0 days 08:47:00,76.89,99.0,323.0,0.64563,1.7072140222576107,Medium,Base
0 days 08:48:00,76.89,99.0,323.0,0.64563,1.7072140222576107,Medium,Base
0 days 08:49:00,77.0,95.0,322.0,0.6314,1.6814762814908886,Medium,Base
0 days 08:50:00,76.89,95.0,322.0,0.63118,1.6810008414495194,Medium,Base
0 days 08:51:00,76.89,95.0,323.0,0.63163,1.6835628921562313,Medium,Base
0 days 08:52:00,77.0,95.0,323.0,0.63185,1.684039056826324,Medium,Base
0 days 08:53:00,77.0,95.0,323.0,0.63185,1.684039056826324,Medium,Base
0 days 08:54:00,76.89,95.0,323.0,0.63163,1.6835628921562313,Medium,Base
0 days 08:55:00,76.89,95.0,323.0,0.63163,1.6835628921562313,Medium,Base
0 days 08:56:00,76.89,99.0,322.0,0.64518,1.7046159791951199,Medium,Base
0 days 08:57:00,77.0,99.0,322.0,0.6454,1.7050980983420492,Medium,Base
0 days 08:58:00,77.0,99.0,321.0,0.64495,1.702503275298477,Medium,Base
0 days 08:59:00,77.0,99.0,321.0,0.64495,1.702503275298477,Medium,Base
0 days 09:00:00,77.0,99.0,320.0,0.6445000000000001,1.6999124010638524,Medium,Base
0 days 09:01:00,77.0,99.0,320.0,0.6445000000000001,1.6999124010638524,Medium,Base
0 days 09:02:00,77.0,99.0,320.0,0.6445000000000001,1.6999124010638524,Medium,Base
0 days 09:03:00,77.0,98.0,320.0,0.641,1.6939940712825414,Medium,Base
0 days 09:04:00,77.0,98.0,319.0,0.64055,1.6914161463783304,Medium,Base
0 days 09:05:00,77.0,98.0,319.0,0.64055,1.6914161463783304,Medium,Base
0 days 09:06:00,77.0,98.0,318.0,0.6401,1.6888421445674315,Medium,Base
0 days 09:07:00,77.11,98.0,319.0,0.6407700000000001,1.6918945321963368,Medium,Base
0 days 09:08:00,77.11,98.0,319.0,0.6407700000000001,1.6918945321963368,Medium,Base
0 days 09:09:00,77.11,98.0,318.0,0.64032,1.6893198023765654,Medium,Base
0 days 09:10:00,77.11,98.0,318.0,0.64032,1.6893198023765654,Medium,Base
0 days 09:11:00,77.11,99.0,318.0,0.6438200000000001,1.695221801601978,Medium,Base
0 days 09:12:00,77.11,99.0,317.0,0.64337,1.6926420083343414,Medium,Base
0 days 09:13:00,77.11,99.0,316.0,0.6429199999999999,1.6900661410032976,Medium,Base
0 days 09:14:00,77.11,99.0,316.0,0.6429199999999999,1.6900661410032976,Medium,Base
0 days 09:15:00,77.11,99.0,315.0,0.64247,1.687494193634345,Medium,Base
0 days 09:16:00,77.11,99.0,316.0,0.6429199999999999,1.6900661410032976,Medium,Base
0 days 09:17:00,77.11,99.0,316.0,0.6429199999999999,1.6900661410032976,Medium,Base
0 days 09:18:00,77.11,99.0,315.0,0.64247,1.687494193634345,Medium,Base
0 days 09:19:00,77.22,95.0,313.0,0.62779,1.6595244284589663,Medium,Base
0 days 09:20:00,77.22,95.0,313.0,0.62779,1.6595244284589663,Medium,Base
0 days 09:21:00,77.22,95.0,312.0,0.62734,1.6569989595533805,Medium,Base
0 days 09:22:00,77.22,95.0,312.0,0.62734,1.6569989595533805,Medium,Base
0 days 09:23:00,77.22,95.0,311.0,0.62689,1.6544773339134216,Medium,Base
0 days 09:24:00,77.22,95.0,312.0,0.62734,1.6569989595533805,Medium,Base
0 days 09:25:00,77.34,95.0,312.0,0.62758,1.6575102223644642,Medium,Base
0 days 09:26:00,77.34,99.0,312.0,0.64158,1.6807953577735135,Medium,Base
0 days 09:27:00,77.34,99.0,313.0,0.64203,1.6833570952979922,Medium,Base
0 days 09:28:00,77.34,99.0,313.0,0.64203,1.6833570952979922,Medium,Base
0 days 09:29:00,77.34,99.0,312.0,0.64158,1.6807953577735135,Medium,Base
0 days 09:30:00,77.34,99.0,312.0,0.64158,1.6807953577735135,Medium,Base
0 days 09:31:00,77.45,99.0,312.0,0.6418,1.6812707396976199,Medium,Base
0 days 09:32:00,77.34,99.0,312.0,0.64158,1.6807953577735135,Medium,Base
0 days 09:33:00,77.45,99.0,313.0,0.64225,1.6838332017622442,Medium,Base
0 days 09:34:00,77.45,96.0,313.0,0.63175,1.666307313145477,Medium,Base
0 days 09:35:00,77.45,96.0,313.0,0.63175,1.666307313145477,Medium,Base
0 days 09:36:00,77.56,96.0,313.0,0.63197,1.666778597393742,Medium,Base
0 days 09:37:00,77.56,96.0,313.0,0.63197,1.666778597393742,Medium,Base
0 days 09:38:00,77.56,96.0,314.0,0.63242,1.6693189716625034,Medium,Base
0 days 09:39:00,77.56,96.0,314.0,0.63242,1.6693189716625034,Medium,Base
0 days 09:40:00,77.56,96.0,314.0,0.63242,1.6693189716625034,Medium,Base
0 days 09:41:00,77.56,97.0,313.0,0.63547,1.6726018441093213,Medium,Base
0 days 09:42:00,77.68,97.0,313.0,0.63571,1.6731179211507177,Medium,Base
0 days 09:43:00,77.68,97.0,313.0,0.63571,1.6731179211507177,Medium,Base
0 days 09:44:00,77.68,97.0,311.0,0.63481,1.6680294848559087,Medium,Base
0 days 09:45:00,77.68,97.0,309.0,0.63391,1.6629565239699748,Medium,Base
0 days 09:46:00,77.79,97.0,308.0,0.63368,1.660895452871839,Medium,Base
0 days 09:47:00,77.79,97.0,308.0,0.63368,1.660895452871839,Medium,Base
0 days 09:48:00,77.79,97.0,307.0,0.63323,1.6583678975374763,Medium,Base
0 days 09:49:00,77.9,97.0,307.0,0.63345,1.6588369362686706,Medium,Base
0 days 09:50:00,77.9,97.0,307.0,0.63345,1.6588369362686706,Medium,Base
0 days 09:51:00,77.9,97.0,305.0,0.6325500000000001,1.6537919325860406,Medium,Base
0 days 09:52:00,77.9,97.0,301.0,0.63075,1.643747908510465,Medium,Base
0 days 09:53:00,78.01,97.0,298.0,0.62962,1.636717726934224,Medium,Base
0 days 09:54:00,78.01,97.0,296.0,0.62872,1.63173999417504,Medium,Base
0 days 09:55:00,78.01,97.0,295.0,0.62827,1.6292568076990708,Medium,Base
0 days 09:56:00,78.13,97.0,294.0,0.6280600000000001,1.6272793381690656,Medium,Base
0 days 09:57:00,78.13,97.0,294.0,0.6280600000000001,1.6272793381690656,Medium,Base
0 days 09:58:00,78.13,97.0,294.0,0.6280600000000001,1.6272793381690656,Medium,Base
0 days 09:59:00,78.13,97.0,294.0,0.6280600000000001,1.6272793381690656,Medium,Base
0 days 10:00:00,78.13,97.0,294.0,0.6280600000000001,1.6272793381690656,Medium,Base
0 days 10:01:00,78.24,97.0,294.0,0.62828,1.6277395840754216,Medium,Base
0 days 10:02:00,78.24,97.0,294.0,0.62828,1.6277395840754216,Medium,Base
0 days 10:03:00,78.24,97.0,295.0,0.62873,1.6302204581171782,Medium,Base
0 days 10:04:00,78.35,98.0,295.0,0.63245,1.6363786697931149,Medium,Base
0 days 10:05:00,78.24,98.0,295.0,0.6322300000000001,1.635915981171797,Medium,Base
0 days 10:06:00,78.35,98.0,295.0,0.63245,1.6363786697931149,Medium,Base
0 days 10:07:00,78.46,98.0,295.0,0.6326700000000001,1.636841489277364,Medium,Base
0 days 10:08:00,78.46,98.0,295.0,0.6326700000000001,1.636841489277364,Medium,Base
0 days 10:09:00,78.46,98.0,295.0,0.6326700000000001,1.636841489277364,Medium,Base
0 days 10:10:00,78.46,98.0,295.0,0.6326700000000001,1.636841489277364,Medium,Base
0 days 10:11:00,78.46,106.0,296.0,0.6611199999999999,1.6857194097017436,Medium,Base
0 days 10:12:00,78.57,106.0,295.0,0.66089,1.6836301262449467,Medium,Base
0 days 10:13:00,78.46,106.0,291.0,0.6588700000000001,1.6729317271327482,Medium,Base
0 days 10:14:00,78.57,106.0,285.0,0.65639,1.658183344985495,Medium,Base
0 days 10:15:00,78.57,106.0,281.0,0.65459,1.6481126504134698,Medium,Base
0 days 10:16:00,78.69,106.0,281.0,0.65483,1.6486211713764884,Medium,Base
0 days 10:17:00,78.69,106.0,282.0,0.65528,1.6511338715090969,Medium,Base
0 days 10:18:00,78.69,99.0,277.0,0.6285299999999999,1.599088957174932,Medium,Base
0 days 10:19:00,78.69,99.0,271.0,0.62583,1.5845434059305001,Medium,Base
0 days 10:20:00,78.8,99.0,265.0,0.62335,1.570574245503597,Low,Base
0 days 10:21:00,78.8,99.0,258.0,0.6202,1.553919704797429,Low,Base
0 days 10:22:00,78.8,99.0,255.0,0.61885,1.5468362173856303,Low,Base
0 days 10:23:00,78.8,99.0,257.0,0.6197499999999999,1.5515549454549666,Low,Base
0 days 10:24:00,78.91,99.0,259.0,0.6208699999999999,1.5567282356589387,Low,Base
0 days 10:25:00,78.91,99.0,261.0,0.6217699999999999,1.5614771399963014,Low,Base
0 days 10:26:00,78.91,95.0,262.0,0.60822,1.5421919082849929,Low,Base
0 days 10:27:00,78.91,95.0,262.0,0.60822,1.5421919082849929,Low,Base
0 days 10:28:00,78.91,95.0,262.0,0.60822,1.5421919082849929,Low,Base
0 days 10:29:00,79.02,95.0,258.0,0.6066400000000001,1.5332591994096683,Low,Base
0 days 10:30:00,79.02,95.0,255.0,0.60529,1.526269892172935,Low,Base
0 days 10:31:00,79.02,95.0,255.0,0.60529,1.526269892172935,Low,Base
0 days 10:32:00,79.02,95.0,256.0,0.60574,1.5285961140042712,Low,Base
0 days 10:33:00,79.02,100.0,256.0,0.62324,1.555485731565487,Low,Base
0 days 10:34:00,79.02,100.0,257.0,0.6236900000000001,1.5578564819063383,Low,Base
0 days 10:35:00,79.14,100.0,258.0,0.6243799999999999,1.5607122508162572,Low,Base
0 days 10:36:00,79.14,100.0,258.0,0.6243799999999999,1.5607122508162572,Low,Base
0 days 10:37:00,79.14,100.0,259.0,0.62483,1.563090967011146,Low,Base
0 days 10:38:00,79.14,100.0,260.0,0.62528,1.5654733086602035,Low,Base
0 days 10:39:00,79.14,100.0,262.0,0.62618,1.5702488904317868,Low,Base
0 days 10:40:00,79.25,100.0,263.0,0.62685,1.5730869344152782,Low,Base
0 days 10:41:00,79.25,94.0,264.0,0.6063,1.5428588688032792,Low,Base
0 days 10:42:00,79.25,94.0,264.0,0.6063,1.5428588688032792,Low,Base
0 days 10:43:00,79.25,94.0,265.0,0.60675,1.5452103742622325,Low,Base
0 days 10:44:00,79.36,94.0,266.0,0.60742,1.5480031640120775,Low,Base
0 days 10:45:00,79.36,94.0,267.0,0.6078699999999999,1.5503625100055807,Low,Base
0 days 10:46:00,79.36,94.0,268.0,0.60832,1.5527254519306983,Low,Base
0 days 10:47:00,79.36,94.0,269.0,0.6087699999999999,1.55509199526807,Low,Base
0 days 10:48:00,79.36,96.0,269.0,0.6157699999999999,1.5659770682476801,Low,Base
0 days 10:49:00,79.36,96.0,270.0,0.61622,1.5683638086677139,Low,Base
0 days 10:50:00,79.36,96.0,270.0,0.61622,1.5683638086677139,Low,Base
0 days 10:51:00,79.47,96.0,271.0,0.6168899999999999,1.57119844558307,Low,Base
0 days 10:52:00,79.47,96.0,272.0,0.61734,1.5735931440202342,Low,Base
0 days 10:53:00,79.47,96.0,273.0,0.61779,1.5759914922704572,Low,Base
0 days 10:54:00,79.47,96.0,273.0,0.61779,1.5759914922704572,Low,Base
0 days 10:55:00,79.59,96.0,274.0,0.61848,1.5788805051918626,Low,Base
0 days 10:56:00,79.59,97.0,275.0,0.62243,1.5868114752957243,Medium,Base
0 days 10:57:00,79.59,97.0,275.0,0.62243,1.5868114752957243,Medium,Base
0 days 10:58:00,79.59,97.0,276.0,0.62288,1.5892299698981387,Medium,Base
0 days 10:59:00,79.59,97.0,276.0,0.62288,1.5892299698981387,Medium,Base
0 days 11:00:00,79.7,97.0,276.0,0.6231,1.5896794542434183,Medium,Base
0 days 11:01:00,79.7,97.0,277.0,0.6235499999999999,1.5921023199962263,Medium,Base
0 days 11:02:00,79.7,97.0,277.0,0.6235499999999999,1.5921023199962263,Medium,Base
0 days 11:03:00,79.7,95.0,277.0,0.6165499999999999,1.5810356509526253,Low,Base
0 days 11:04:00,79.7,95.0,275.0,0.61565,1.5762272635174102,Low,Base
0 days 11:05:00,79.81,95.0,274.0,0.61542,1.5742736848097878,Low,Base
0 days 11:06:00,79.81,95.0,275.0,0.61587,1.5766730702873386,Low,Base
0 days 11:07:00,79.81,95.0,276.0,0.61632,1.5790761127215707,Low,Base
0 days 11:08:00,79.81,95.0,276.0,0.61632,1.5790761127215707,Low,Base
0 days 11:09:00,79.93,95.0,275.0,0.61611,1.5771595487497587,Low,Base
0 days 11:10:00,79.93,95.0,273.0,0.61521,1.5723629496642362,Low,Base
0 days 11:11:00,79.93,96.0,273.0,0.61871,1.5778563351664547,Low,Base
0 days 11:12:00,79.93,96.0,273.0,0.61871,1.5778563351664547,Low,Base
0 days 11:13:00,79.93,96.0,274.0,0.61916,1.580261181040962,Low,Base
0 days 11:14:00,80.04,96.0,274.0,0.61938,1.5807081287299587,Low,Base
0 days 11:15:00,80.04,96.0,275.0,0.61983,1.583117321086356,Medium,Base
0 days 11:16:00,80.04,96.0,275.0,0.61983,1.583117321086356,Medium,Base
0 days 11:17:00,80.04,96.0,274.0,0.61938,1.5807081287299587,Low,Base
0 days 11:18:00,80.04,96.0,273.0,0.61893,1.5783026026892115,Low,Base
0 days 11:19:00,80.04,98.0,275.0,0.62683,1.594198561056561,Medium,Base
0 days 11:20:00,80.15,98.0,276.0,0.6275000000000001,1.5970798913108069,Medium,Base
0 days 11:21:00,80.15,98.0,275.0,0.62705,1.594649450676084,Medium,Base
0 days 11:22:00,80.15,98.0,273.0,0.62615,1.589799659732038,Medium,Base
0 days 11:23:00,80.15,98.0,271.0,0.62525,1.584964618407221,Medium,Base
0 days 11:24:00,80.15,98.0,271.0,0.62525,1.584964618407221,Medium,Base
0 days 11:25:00,80.15,98.0,272.0,0.6257,1.587380298174045,Medium,Base
0 days 11:26:00,80.15,95.0,273.0,0.61565,1.573252503083578,Low,Base
0 days 11:27:00,80.26,95.0,273.0,0.61587,1.573697468497459,Low,Base
0 days 11:28:00,80.26,95.0,273.0,0.61587,1.573697468497459,Low,Base
0 days 11:29:00,80.26,95.0,274.0,0.61632,1.576095975750934,Low,Base
0 days 11:30:00,80.26,95.0,275.0,0.61677,1.5784981386225696,Low,Base
0 days 11:31:00,80.26,95.0,275.0,0.61677,1.5784981386225696,Low,Base
0 days 11:32:00,80.38,95.0,276.0,0.61746,1.5813917465774738,Low,Base
0 days 11:33:00,80.38,95.0,277.0,0.61791,1.5838019808510113,Medium,Base
0 days 11:34:00,80.38,99.0,278.0,0.63236,1.6084994626514733,Medium,Base
0 days 11:35:00,80.38,99.0,279.0,0.63281,1.610951012396968,Medium,Base
0 days 11:36:00,80.38,99.0,279.0,0.63281,1.610951012396968,Medium,Base
0 days 11:37:00,80.38,99.0,280.0,0.63326,1.6134062986038629,Medium,Base
0 days 11:38:00,80.38,99.0,280.0,0.63326,1.6134062986038629,Medium,Base
0 days 11:39:00,80.49,99.0,281.0,0.63393,1.6163223446310762,Medium,Base
0 days 11:40:00,80.49,99.0,279.0,0.63303,1.6114066401379492,Medium,Base
0 days 11:41:00,80.49,98.0,277.0,0.62863,1.6009127553853004,Medium,Base
0 days 11:42:00,80.49,98.0,276.0,0.62818,1.5984764818873347,Medium,Base
0 days 11:43:00,80.49,98.0,276.0,0.62818,1.5984764818873347,Medium,Base
0 days 11:44:00,80.49,98.0,276.0,0.62818,1.5984764818873347,Medium,Base
0 days 11:45:00,80.6,98.0,277.0,0.62885,1.601365543990684,Medium,Base
0 days 11:46:00,80.6,98.0,277.0,0.62885,1.601365543990684,Medium,Base
0 days 11:47:00,80.6,98.0,278.0,0.6293,1.6038062207723491,Medium,Base
0 days 11:48:00,80.6,98.0,278.0,0.6293,1.6038062207723491,Medium,Base
0 days 11:49:00,80.6,95.0,278.0,0.6188,1.5871132792394718,Medium,Base
0 days 11:50:00,80.6,95.0,276.0,0.6179,1.582286407975968,Low,Base
0 days 11:51:00,80.6,95.0,274.0,0.617,1.577474216626305,Low,Base
0 days 11:52:00,80.71,95.0,274.0,0.61722,1.57792037607389,Low,Base
0 days 00:00:00,85.21,93.0,295.0,0.6286700000000001,1.6367023547162303,High,After_Lunch
0 days 00:01:00,85.32,93.0,297.0,0.6297900000000001,1.6421595486643241,High,After_Lunch
0 days 00:02:00,85.44,93.0,298.0,0.63048,1.6451698568914745,High,After_Lunch
0 days 00:03:00,85.44,93.0,298.0,0.63048,1.6451698568914745,High,After_Lunch
0 days 00:04:00,85.55,93.0,297.0,0.63025,1.643130830618275,High,After_Lunch
0 days 00:05:00,85.66,93.0,295.0,0.6295700000000001,1.6385969095850126,High,After_Lunch
0 days 00:06:00,85.77,93.0,294.0,0.62934,1.6365660298337021,High,After_Lunch
0 days 00:07:00,85.77,98.0,294.0,0.64684,1.6653549520694304,High,After_Lunch
0 days 00:08:00,85.89,98.0,293.0,0.64663,1.6633336693233354,High,After_Lunch
0 days 00:09:00,86.0,98.0,294.0,0.6473,1.6663399533217043,High,After_Lunch
0 days 00:10:00,86.0,98.0,296.0,0.6482,1.6714232355867689,High,After_Lunch
0 days 00:11:00,86.11,98.0,298.0,0.64932,1.6769961980375554,High,After_Lunch
0 days 00:12:00,86.11,98.0,295.0,0.64797,1.6693516708320895,High,After_Lunch
0 days 00:13:00,86.22,98.0,294.0,0.64774,1.6672826735782327,High,After_Lunch
0 days 00:14:00,86.22,98.0,296.0,0.64864,1.6723688316749374,High,After_Lunch
0 days 00:15:00,86.34,96.0,297.0,0.64233,1.6637886083837976,High,After_Lunch
0 days 00:16:00,86.34,96.0,299.0,0.64323,1.6688641075992814,High,After_Lunch
0 days 00:17:00,86.45,96.0,300.0,0.6439,1.6718803872277512,High,After_Lunch
0 days 00:18:00,86.45,96.0,302.0,0.6448,1.6769805709596257,High,After_Lunch
0 days 00:19:00,86.56,96.0,303.0,0.64547,1.6800115201606376,High,After_Lunch
0 days 00:20:00,86.56,96.0,300.0,0.64412,1.6723532477170906,High,After_Lunch
0 days 00:21:00,86.68,96.0,292.0,0.64076,1.6526111785861837,High,After_Lunch
0 days 00:22:00,86.68,96.0,283.0,0.6367099999999999,1.6301139369263682,High,After_Lunch
0 days 00:23:00,86.68,92.0,278.0,0.62046,1.5953363704356205,Medium,After_Lunch
0 days 00:24:00,86.79,92.0,274.0,0.6188800000000001,1.5860958373484213,Medium,After_Lunch
0 days 00:25:00,86.79,92.0,274.0,0.6188800000000001,1.5860958373484213,Medium,After_Lunch
0 days 00:26:00,86.9,92.0,269.0,0.61685,1.5745090831727684,Medium,After_Lunch
0 days 00:27:00,86.9,92.0,266.0,0.6155,1.567331739815847,Medium,After_Lunch
0 days 00:28:00,86.9,92.0,271.0,0.61775,1.5793122291831132,Medium,After_Lunch
0 days 00:29:00,86.9,92.0,274.0,0.6191000000000001,1.5865444352621938,Medium,After_Lunch
0 days 00:30:00,86.9,92.0,276.0,0.6200000000000001,1.5913842959247364,Medium,After_Lunch
0 days 00:31:00,87.01,92.0,277.0,0.62067,1.594260539718948,Medium,After_Lunch
0 days 00:33:00,87.01,92.0,137.0,0.55767,1.3093745346321564,Low,After_Lunch
0 days 00:34:00,87.01,92.0,276.0,0.6202200000000001,1.591834389581344,Medium,After_Lunch
0 days 00:35:00,87.13,92.0,277.0,0.62091,1.5947524447502923,Medium,After_Lunch
0 days 00:36:00,87.24,92.0,276.0,0.62068,1.592775905902055,Medium,After_Lunch
0 days 00:37:00,87.24,92.0,275.0,0.6202300000000001,1.590352015084336,Medium,After_Lunch
0 days 00:38:00,87.24,92.0,273.0,0.61933,1.5855152938868773,Medium,After_Lunch
0 days 00:39:00,87.35,92.0,273.0,0.61955,1.5859637276046539,Medium,After_Lunch
0 days 00:40:00,87.35,92.0,274.0,0.62,1.5883809301359892,Medium,After_Lunch
0 days 00:41:00,87.35,92.0,274.0,0.62,1.5883809301359892,Medium,After_Lunch
0 days 00:43:00,87.46,92.0,137.0,0.55857,1.3108901931711072,Low,After_Lunch
0 days 00:44:00,87.46,92.0,273.0,0.61977,1.5864122881536253,Medium,After_Lunch
0 days 00:45:00,87.57,92.0,274.0,0.62044,1.5892795456165445,Medium,After_Lunch
0 days 00:46:00,87.57,92.0,276.0,0.62134,1.5941277499174484,Medium,After_Lunch
0 days 00:48:00,87.69,92.0,139.0,0.55993,1.3116655404808581,Low,After_Lunch
0 days 00:49:00,87.8,92.0,280.0,0.6236,1.6048172070918316,Medium,After_Lunch
0 days 00:50:00,87.8,92.0,282.0,0.6244999999999999,1.6097128100756153,Medium,After_Lunch
0 days 00:51:00,87.8,92.0,283.0,0.62495,1.6121662091108597,High,After_Lunch
0 days 00:53:00,87.91,92.0,143.0,0.56217,1.3124076061513934,Low,After_Lunch
0 days 00:54:00,87.91,92.0,286.0,0.62652,1.6200069241861315,High,After_Lunch
0 days 00:56:00,88.02,92.0,144.0,0.56284,1.3127787964037574,Low,After_Lunch
0 days 00:57:00,88.02,92.0,289.0,0.62809,1.6278857723103062,High,After_Lunch
0 days 00:58:00,88.14,92.0,289.0,0.62833,1.6283880523215737,High,After_Lunch
0 days 00:59:00,88.14,92.0,286.0,0.62698,1.6209651036103034,High,After_Lunch
0 days 01:00:00,88.14,92.0,284.0,0.62608,1.6160352791421293,High,After_Lunch
0 days 01:01:00,88.25,92.0,284.0,0.6263,1.6164923448740574,High,After_Lunch
0 days 01:02:00,88.25,92.0,286.0,0.6272,1.6214235636520329,High,After_Lunch
0 days 01:03:00,88.25,92.0,287.0,0.62765,1.623894811306824,High,After_Lunch
0 days 01:04:00,88.36,92.0,287.0,0.6278699999999999,1.624354099962266,High,After_Lunch
0 days 01:05:00,88.36,70.0,286.0,0.5504199999999999,1.5020931333368455,Medium,After_Lunch
0 days 01:06:00,88.36,70.0,285.0,0.54997,1.4998072438154366,Medium,After_Lunch
0 days 01:07:00,88.47,70.0,285.0,0.55019,1.5002314365942044,Medium,After_Lunch
0 days 01:09:00,88.47,70.0,142.0,0.48583999999999994,1.217226905779403,Low,After_Lunch
0 days 01:10:00,88.47,70.0,283.0,0.54929,1.4956687981835601,Medium,After_Lunch
0 days 01:11:00,88.59,70.0,282.0,0.54908,1.4938534677449142,Medium,After_Lunch
0 days 01:12:00,88.59,70.0,284.0,0.5499799999999999,1.4984105683677826,Medium,After_Lunch
0 days 01:13:00,88.59,70.0,285.0,0.55043,1.5006943291851302,Medium,After_Lunch
0 days 01:14:00,88.59,70.0,285.0,0.55043,1.5006943291851302,Medium,After_Lunch
0 days 01:15:00,88.7,70.0,287.0,0.55155,1.5056980367850914,Medium,After_Lunch
0 days 01:16:00,88.7,70.0,288.0,0.5519999999999999,1.507992904594862,Medium,After_Lunch
0 days 01:17:00,88.7,70.0,289.0,0.55245,1.5102912700636157,Medium,After_Lunch
0 days 01:18:00,88.7,70.0,290.0,0.5529,1.5125931385222124,Medium,After_Lunch
0 days 01:19:00,88.81,70.0,291.0,0.5535699999999999,1.5153269763758235,Medium,After_Lunch
0 days 01:20:00,88.81,70.0,292.0,0.55402,1.5176365198662214,Medium,After_Lunch
0 days 01:21:00,88.81,70.0,293.0,0.55447,1.5199495833831331,Medium,After_Lunch
0 days 01:22:00,88.81,70.0,294.0,0.55492,1.5222661722915094,Medium,After_Lunch
0 days 01:23:00,88.93,70.0,295.0,0.5556099999999999,1.5250566991840329,Medium,After_Lunch
0 days 01:24:00,88.93,70.0,296.0,0.55606,1.5273810719609975,Medium,After_Lunch
0 days 01:25:00,88.93,70.0,296.0,0.55606,1.5273810719609975,Medium,After_Lunch
0 days 01:26:00,88.93,70.0,296.0,0.55606,1.5273810719609975,Medium,After_Lunch
0 days 01:27:00,89.04,70.0,297.0,0.55673,1.5301416373007926,Medium,After_Lunch
0 days 01:28:00,89.04,70.0,298.0,0.55718,1.5324737601448448,Medium,After_Lunch
0 days 01:29:00,89.04,70.0,299.0,0.55763,1.534809437429105,Medium,After_Lunch
0 days 01:30:00,89.04,70.0,299.0,0.55763,1.534809437429105,Medium,After_Lunch
0 days 01:31:00,89.04,70.0,300.0,0.55808,1.537148674570975,Medium,After_Lunch
0 days 01:32:00,89.15,70.0,301.0,0.55875,1.5399268937273014,Medium,After_Lunch
0 days 01:33:00,89.15,70.0,302.0,0.5591999999999999,1.5422739304979414,Medium,After_Lunch
0 days 01:34:00,89.15,70.0,303.0,0.55965,1.544624544439436,Medium,After_Lunch
0 days 01:35:00,89.15,70.0,303.0,0.55965,1.544624544439436,Medium,After_Lunch
0 days 01:36:00,89.15,70.0,303.0,0.55965,1.544624544439436,Medium,After_Lunch
0 days 01:37:00,89.26,70.0,303.0,0.55987,1.5450614129639482,Medium,After_Lunch
0 days 01:38:00,89.26,70.0,304.0,0.5603199999999999,1.5474162753693612,Medium,After_Lunch
0 days 01:39:00,89.26,70.0,302.0,0.55942,1.542710134194714,Medium,After_Lunch
0 days 01:40:00,89.26,70.0,299.0,0.55807,1.5356777452096941,Medium,After_Lunch
0 days 01:41:00,89.26,70.0,297.0,0.5571699999999999,1.5310073043058747,Medium,After_Lunch
0 days 01:42:00,89.38,70.0,298.0,0.55786,1.5338138549164582,Medium,After_Lunch
0 days 01:43:00,89.38,70.0,298.0,0.55786,1.5338138549164582,Medium,After_Lunch
0 days 01:44:00,89.38,70.0,298.0,0.55786,1.5338138549164582,Medium,After_Lunch
0 days 01:45:00,89.38,70.0,298.0,0.55786,1.5338138549164582,Medium,After_Lunch
0 days 01:46:00,89.49,70.0,298.0,0.55808,1.534247665837103,Medium,After_Lunch
0 days 01:47:00,89.49,70.0,299.0,0.55853,1.536586046770416,Medium,After_Lunch
0 days 01:48:00,89.49,70.0,299.0,0.55853,1.536586046770416,Medium,After_Lunch
0 days 01:49:00,89.49,70.0,300.0,0.55898,1.53892799168203,Medium,After_Lunch
0 days 01:50:00,89.6,70.0,301.0,0.55965,1.5417094267490647,Medium,After_Lunch
0 days 01:52:00,89.6,70.0,150.0,0.4917,1.2249800645778763,Low,After_Lunch
0 days 01:53:00,89.6,70.0,300.0,0.5592,1.5393632490418052,Medium,After_Lunch
0 days 01:54:00,89.71,70.0,300.0,0.55942,1.5397986295060857,Medium,After_Lunch
0 days 01:55:00,89.71,70.0,300.0,0.55942,1.5397986295060857,Medium,After_Lunch
0 days 01:56:00,89.71,70.0,301.0,0.55987,1.542145470786378,Medium,After_Lunch
0 days 01:57:00,89.71,70.0,301.0,0.55987,1.542145470786378,Medium,After_Lunch
0 days 01:58:00,89.71,70.0,301.0,0.55987,1.542145470786378,Medium,After_Lunch
0 days 01:59:00,89.82,70.0,302.0,0.5605399999999999,1.5449327210762542,Medium,After_Lunch
0 days 02:00:00,89.82,70.0,303.0,0.56099,1.547287387339504,Medium,After_Lunch
0 days 02:01:00,89.82,70.0,304.0,0.5614399999999999,1.5496456424018876,Medium,After_Lunch
0 days 02:02:00,89.82,70.0,304.0,0.5614399999999999,1.5496456424018876,Medium,After_Lunch
0 days 02:03:00,89.82,70.0,303.0,0.56099,1.547287387339504,Medium,After_Lunch
0 days 02:04:00,89.82,70.0,303.0,0.56099,1.547287387339504,Medium,After_Lunch
0 days 02:05:00,89.94,70.0,303.0,0.56123,1.5477647989242518,Medium,After_Lunch
0 days 02:06:00,89.94,70.0,304.0,0.56168,1.5501237816202318,Medium,After_Lunch
0 days 02:07:00,89.94,70.0,305.0,0.56213,1.5524863596941167,Medium,After_Lunch
0 days 02:08:00,89.94,70.0,305.0,0.56213,1.5524863596941167,Medium,After_Lunch
0 days 02:09:00,89.94,70.0,305.0,0.56213,1.5524863596941167,Medium,After_Lunch
0 days 02:10:00,89.94,70.0,305.0,0.56213,1.5524863596941167,Medium,After_Lunch
0 days 02:12:00,90.05,70.0,151.0,0.49305,1.2282672132829078,Low,After_Lunch
0 days 02:13:00,90.05,70.0,302.0,0.5609999999999999,1.5458464966428673,Medium,After_Lunch
0 days 02:14:00,90.05,70.0,298.0,0.5592,1.5364580608163927,Medium,After_Lunch
0 days 02:15:00,90.16,70.0,293.0,0.5571699999999999,1.5252339207406949,Medium,After_Lunch
0 days 02:16:00,90.05,70.0,290.0,0.5556,1.5178519000732984,Medium,After_Lunch
0 days 02:17:00,90.16,70.0,290.0,0.55582,1.5182811964498193,Medium,After_Lunch
0 days 02:18:00,90.16,70.0,288.0,0.55492,1.5136636634904999,Medium,After_Lunch
0 days 02:19:00,90.16,70.0,284.0,0.55312,1.5044706846284919,Medium,After_Lunch
0 days 02:20:00,90.16,70.0,284.0,0.55312,1.5044706846284919,Medium,After_Lunch
0 days 02:21:00,90.16,70.0,284.0,0.55312,1.5044706846284919,Medium,After_Lunch
0 days 02:22:00,90.16,70.0,285.0,0.55357,1.506763681803589,Medium,After_Lunch
0 days 02:23:00,90.16,70.0,286.0,0.55402,1.5090601737865934,Medium,After_Lunch
0 days 02:24:00,90.16,70.0,287.0,0.55447,1.5113601659040197,Medium,After_Lunch
0 days 02:25:00,90.16,70.0,288.0,0.55492,1.5136636634904999,Medium,After_Lunch
0 days 02:26:00,90.16,70.0,290.0,0.55582,1.5182811964498193,Medium,After_Lunch
0 days 02:27:00,90.16,70.0,291.0,0.5562699999999999,1.5205952425326263,Medium,After_Lunch
0 days 02:28:00,90.16,70.0,291.0,0.5562699999999999,1.5205952425326263,Medium,After_Lunch
0 days 02:29:00,90.16,70.0,292.0,0.55672,1.5229128155044482,Medium,After_Lunch
0 days 02:30:00,90.16,70.0,293.0,0.5571699999999999,1.5252339207406949,Medium,After_Lunch
0 days 02:31:00,90.16,70.0,294.0,0.55762,1.5275585636249691,Medium,After_Lunch
0 days 02:32:00,90.16,70.0,296.0,0.55852,1.532218483913049,Medium,After_Lunch
0 days 02:33:00,90.16,70.0,297.0,0.55897,1.5345537721251366,Medium,After_Lunch
0 days 02:34:00,90.16,70.0,297.0,0.55897,1.5345537721251366,Medium,After_Lunch
0 days 02:35:00,90.27,70.0,298.0,0.55964,1.537327301294214,Medium,After_Lunch
0 days 02:36:00,90.27,70.0,298.0,0.55964,1.537327301294214,Medium,After_Lunch
0 days 02:37:00,90.27,70.0,298.0,0.55964,1.537327301294214,Medium,After_Lunch
0 days 02:38:00,90.27,70.0,298.0,0.55964,1.537327301294214,Medium,After_Lunch
0 days 02:39:00,90.27,70.0,299.0,0.56009,1.5396703759683061,Medium,After_Lunch
0 days 02:40:00,90.27,70.0,300.0,0.56054,1.542017021774534,Medium,After_Lunch
0 days 02:41:00,90.27,70.0,300.0,0.56054,1.542017021774534,Medium,After_Lunch
0 days 02:42:00,90.27,70.0,299.0,0.56009,1.5396703759683061,Medium,After_Lunch
0 days 02:43:00,90.39,70.0,296.0,0.55898,1.533124739437456,Medium,After_Lunch
0 days 02:45:00,90.39,70.0,148.0,0.49238000000000004,1.2237373817417438,Low,After_Lunch
0 days 02:46:00,90.39,70.0,296.0,0.55898,1.533124739437456,Medium,After_Lunch
0 days 02:47:00,90.39,70.0,290.0,0.55628,1.519179208539043,Medium,After_Lunch
0 days 02:48:00,90.39,70.0,279.0,0.55133,1.493941028391647,Medium,After_Lunch
0 days 02:49:00,90.39,70.0,271.0,0.54773,1.4758497393263348,Medium,After_Lunch
0 days 02:50:00,90.39,70.0,269.0,0.54683,1.4713612527203772,Medium,After_Lunch
0 days 02:51:00,90.39,70.0,270.0,0.54728,1.4736037870751548,Medium,After_Lunch
0 days 02:52:00,90.5,70.0,272.0,0.5484,1.478517167718582,Medium,After_Lunch
0 days 02:53:00,90.5,70.0,273.0,0.5488500000000001,1.4807706085622956,Medium,After_Lunch
0 days 02:54:00,90.5,70.0,269.0,0.54705,1.4717774000759365,Medium,After_Lunch
0 days 02:55:00,90.5,70.0,269.0,0.54705,1.4717774000759365,Medium,After_Lunch
0 days 02:56:00,90.5,70.0,273.0,0.5488500000000001,1.4807706085622956,Medium,After_Lunch
0 days 02:57:00,90.5,70.0,276.0,0.5502,1.4875515591552682,Medium,After_Lunch
0 days 02:58:00,90.5,70.0,277.0,0.55065,1.489818769515566,Medium,After_Lunch
0 days 02:59:00,90.5,70.0,279.0,0.55155,1.494363562019726,Medium,After_Lunch
0 days 03:00:00,90.5,70.0,281.0,0.55245,1.4989222187195375,Medium,After_Lunch
0 days 03:01:00,90.61,70.0,282.0,0.55312,1.5016313479604366,Medium,After_Lunch
0 days 03:02:00,90.5,70.0,284.0,0.5538,1.5057862916887563,Medium,After_Lunch
0 days 03:03:00,90.61,70.0,283.0,0.55357,1.5039200176394745,Medium,After_Lunch
0 days 03:04:00,90.61,70.0,277.0,0.55087,1.4902401372388563,Medium,After_Lunch
0 days 03:05:00,90.61,70.0,271.0,0.54817,1.4766846910671736,Medium,After_Lunch
0 days 03:06:00,90.61,70.0,272.0,0.54862,1.4789353389925348,Medium,After_Lunch
0 days 03:07:00,90.61,70.0,272.0,0.54862,1.4789353389925348,Medium,After_Lunch
0 days 03:08:00,90.72,70.0,261.0,0.54389,1.4547770722185582,Medium,After_Lunch
0 days 03:09:00,90.61,70.0,242.0,0.53512,1.4128848486060521,Low,After_Lunch
0 days 03:10:00,90.72,70.0,233.0,0.53129,1.3940452055715278,Low,After_Lunch
0 days 03:11:00,90.61,70.0,237.0,0.53287,1.4021668590957375,Low,After_Lunch
0 days 03:12:00,90.72,70.0,241.0,0.53489,1.4111337167607625,Low,After_Lunch
0 days 03:13:00,90.61,70.0,244.0,0.5360199999999999,1.417194949002541,Low,After_Lunch
0 days 03:14:00,90.61,70.0,248.0,0.53782,1.425854634659854,Low,After_Lunch
0 days 03:15:00,90.61,70.0,250.0,0.53872,1.4302043002622886,Medium,After_Lunch
0 days 03:16:00,90.61,70.0,252.0,0.53962,1.4345672348126186,Medium,After_Lunch
0 days 03:17:00,90.61,70.0,255.0,0.54097,1.4411366044943998,Medium,After_Lunch
0 days 03:18:00,90.61,70.0,257.0,0.54187,1.4455328887751424,Medium,After_Lunch
0 days 03:19:00,90.72,70.0,259.0,0.54299,1.4503526736979555,Medium,After_Lunch
0 days 03:20:00,90.61,70.0,258.0,0.54232,1.4477360575469485,Medium,After_Lunch
0 days 03:21:00,90.72,70.0,251.0,0.53939,1.4327892297815874,Medium,After_Lunch
0 days 03:22:00,90.72,70.0,246.0,0.53714,1.4219202478185904,Low,After_Lunch
0 days 03:23:00,90.72,70.0,249.0,0.53849,1.428431702659639,Medium,After_Lunch
0 days 03:24:00,90.72,70.0,252.0,0.53984,1.4349729756597664,Medium,After_Lunch
0 days 03:25:00,90.72,70.0,254.0,0.54074,1.4393504573755935,Medium,After_Lunch
0 days 03:26:00,90.61,70.0,257.0,0.54187,1.4455328887751424,Medium,After_Lunch
0 days 03:27:00,90.72,70.0,260.0,0.54344,1.452563188410979,Medium,After_Lunch
0 days 03:28:00,90.61,70.0,262.0,0.54412,1.4565823628360957,Medium,After_Lunch
0 days 03:29:00,90.61,70.0,265.0,0.54547,1.4632525472521523,Medium,After_Lunch
0 days 03:30:00,90.61,70.0,267.0,0.54637,1.4677162977059117,Medium,After_Lunch
0 days 03:31:00,90.61,70.0,269.0,0.54727,1.4721936651310894,Medium,After_Lunch
0 days 03:32:00,90.61,70.0,271.0,0.54817,1.4766846910671736,Medium,After_Lunch
0 days 03:33:00,90.61,70.0,273.0,0.5490700000000001,1.481189417180372,Medium,After_Lunch
0 days 03:34:00,90.61,70.0,271.0,0.54817,1.4766846910671736,Medium,After_Lunch
0 days 03:35:00,90.61,70.0,267.0,0.54637,1.4677162977059117,Medium,After_Lunch
0 days 03:37:00,90.61,70.0,135.0,0.48697,1.2239420330451634,Low,After_Lunch
0 days 03:38:00,90.61,70.0,267.0,0.54637,1.4677162977059117,Medium,After_Lunch
0 days 03:39:00,90.61,70.0,256.0,0.54142,1.4433330727917204,Medium,After_Lunch
0 days 03:40:00,90.61,70.0,240.0,0.53422,1.4085878564734902,Low,After_Lunch
0 days 03:42:00,90.72,70.0,110.0,0.47594000000000003,1.224288202444057,Low,After_Lunch
0 days 03:43:00,90.72,70.0,221.0,0.52589,1.3687996632654391,Low,After_Lunch
0 days 03:44:00,90.61,70.0,221.0,0.52567,1.3684126330255884,Low,After_Lunch
0 days 03:45:00,90.61,70.0,224.0,0.52702,1.3746790583595945,Low,After_Lunch
0 days 03:46:00,90.61,70.0,232.0,0.53062,1.3915301750784053,Low,After_Lunch
0 days 03:47:00,90.61,70.0,238.0,0.53332,1.4043039327388276,Low,After_Lunch
0 days 03:48:00,90.61,70.0,242.0,0.53512,1.4128848486060521,Low,After_Lunch
0 days 03:49:00,90.61,70.0,246.0,0.53692,1.4215181976505993,Low,After_Lunch
0 days 03:50:00,90.61,70.0,250.0,0.53872,1.4302043002622886,Medium,After_Lunch
0 days 03:51:00,90.61,70.0,252.0,0.53962,1.4345672348126186,Medium,After_Lunch
0 days 03:53:00,90.72,70.0,126.0,0.48314,1.224288202444057,Low,After_Lunch
0 days 03:54:00,90.72,70.0,248.0,0.53804,1.4262579113089626,Low,After_Lunch
0 days 03:55:00,90.72,70.0,243.0,0.53579,1.415438475211609,Low,After_Lunch
0 days 03:56:00,90.72,70.0,244.0,0.5362399999999999,1.4175957764194986,Low,After_Lunch
0 days 03:57:00,90.72,70.0,247.0,0.53759,1.4240874280400293,Low,After_Lunch
0 days 03:58:00,90.72,70.0,247.0,0.53759,1.4240874280400293,Low,After_Lunch
0 days 03:59:00,90.72,86.0,241.0,0.59089,1.4921162714628144,Medium,After_Lunch
0 days 04:00:00,90.72,86.0,236.0,0.58864,1.4807972410680257,Medium,After_Lunch
0 days 04:01:00,90.72,86.0,233.0,0.58729,1.4740470797925438,Medium,After_Lunch
0 days 04:02:00,90.72,86.0,235.0,0.58819,1.478543759694891,Medium,After_Lunch
0 days 04:03:00,90.84,86.0,240.0,0.59068,1.4903052528142506,Medium,After_Lunch
0 days 04:04:00,90.84,86.0,243.0,0.5920300000000001,1.4971298657754661,Medium,After_Lunch
0 days 04:05:00,90.72,86.0,246.0,0.59314,1.503521823121639,Medium,After_Lunch
0 days 04:08:00,90.84,86.0,128.0,0.54028,1.2949474415845135,Low,After_Lunch
0 days 04:09:00,90.84,86.0,258.0,0.5987800000000001,1.5317245859640258,Medium,After_Lunch
0 days 04:10:00,90.84,86.0,256.0,0.59788,1.5270661677626896,Medium,After_Lunch
0 days 04:11:00,90.84,86.0,250.0,0.59518,1.513175746534297,Medium,After_Lunch
0 days 04:12:00,90.84,86.0,250.0,0.59518,1.513175746534297,Medium,After_Lunch
0 days 04:13:00,90.84,86.0,254.0,0.5969800000000001,1.5224219171606312,Medium,After_Lunch
0 days 04:14:00,90.84,86.0,254.0,0.5969800000000001,1.5224219171606312,Medium,After_Lunch
0 days 04:15:00,90.95,86.0,253.0,0.59675,1.5205350248893066,Medium,After_Lunch
0 days 04:17:00,90.84,86.0,130.0,0.54118,1.2949474415845135,Low,After_Lunch
0 days 04:18:00,90.84,86.0,260.0,0.59968,1.5363972149838565,Medium,After_Lunch
0 days 04:19:00,90.95,86.0,262.0,0.6008,1.541519965347915,Medium,After_Lunch
0 days 04:20:00,90.95,86.0,264.0,0.6017,1.5462224758323306,Medium,After_Lunch
0 days 04:21:00,90.95,86.0,266.0,0.6026,1.5509393316417197,Medium,After_Lunch
0 days 04:22:00,90.95,86.0,268.0,0.6034999999999999,1.5556705765374623,Medium,After_Lunch
0 days 04:23:00,90.95,86.0,269.0,0.60395,1.5580416086046394,Medium,After_Lunch
0 days 04:24:00,90.95,78.0,262.0,0.5728,1.499104490794713,Medium,After_Lunch
0 days 04:25:00,90.95,78.0,257.0,0.5705499999999999,1.4877324485344714,Medium,After_Lunch
0 days 04:26:00,90.95,78.0,259.0,0.57145,1.492270876575953,Medium,After_Lunch
0 days 04:27:00,91.06,78.0,253.0,0.56897,1.479115180621355,Medium,After_Lunch
0 days 04:29:00,91.06,78.0,117.0,0.50777,1.260028947993926,Low,After_Lunch
0 days 04:30:00,91.06,78.0,230.0,0.55862,1.4282014625346775,Medium,After_Lunch
0 days 04:31:00,91.06,78.0,223.0,0.55547,1.4130566583571675,Low,After_Lunch
0 days 04:32:00,91.06,78.0,216.0,0.55232,1.3980724513360059,Low,After_Lunch
0 days 04:33:00,91.06,78.0,211.0,0.55007,1.3874668270469046,Low,After_Lunch
0 days 04:34:00,91.06,102.0,215.0,0.63587,1.5178190894229346,Medium,After_Lunch
0 days 04:35:00,91.06,102.0,216.0,0.63632,1.5201324311981617,Medium,After_Lunch
0 days 04:36:00,91.06,102.0,217.0,0.6367700000000001,1.5224492987889526,Medium,After_Lunch
0 days 04:37:00,91.06,102.0,220.0,0.63812,1.529421110233412,Medium,After_Lunch
0 days 04:38:00,91.06,102.0,223.0,0.63947,1.5364248479658968,Medium,After_Lunch
0 days 04:39:00,91.06,102.0,229.0,0.64217,1.5505286877696307,Medium,After_Lunch
0 days 04:40:00,91.06,102.0,234.0,0.64442,1.5623807366917355,Medium,After_Lunch
0 days 04:41:00,91.06,100.0,238.0,0.63922,1.5610011366913223,Medium,After_Lunch
0 days 04:42:00,91.18,100.0,241.0,0.64081,1.568633338603924,Medium,After_Lunch
0 days 04:43:00,91.18,100.0,245.0,0.64261,1.578218379556442,Medium,After_Lunch
0 days 04:44:00,91.18,100.0,248.0,0.6439600000000001,1.5854455765272708,Medium,After_Lunch
0 days 04:45:00,91.18,100.0,245.0,0.64261,1.578218379556442,Medium,After_Lunch
0 days 04:46:00,91.18,100.0,244.0,0.6421600000000001,1.5758166424229336,Medium,After_Lunch
0 days 04:47:00,91.18,100.0,248.0,0.6439600000000001,1.5854455765272708,Medium,After_Lunch
0 days 04:48:00,91.18,100.0,251.0,0.64531,1.592705869283025,Medium,After_Lunch
0 days 04:49:00,91.18,99.0,252.0,0.64226,1.589579811379544,Medium,After_Lunch
0 days 04:50:00,91.18,99.0,248.0,0.64046,1.5799257687028576,Medium,After_Lunch
0 days 04:51:00,91.18,99.0,244.0,0.63866,1.5703303582127002,Medium,After_Lunch
0 days 04:52:00,91.29,99.0,245.0,0.63933,1.5731685494398207,Medium,After_Lunch
0 days 04:53:00,91.29,99.0,248.0,0.6406799999999999,1.5803726215266696,Medium,After_Lunch
0 days 04:54:00,91.18,99.0,251.0,0.64181,1.5871607843873872,Medium,After_Lunch
0 days 04:55:00,91.18,99.0,251.0,0.64181,1.5871607843873872,Medium,After_Lunch
0 days 04:56:00,91.18,100.0,249.0,0.6444099999999999,1.5878619893330443,Medium,After_Lunch
0 days 04:57:00,91.18,100.0,251.0,0.64531,1.592705869283025,Medium,After_Lunch
0 days 04:58:00,91.29,100.0,254.0,0.64688,1.6004519396628578,Medium,After_Lunch
0 days 04:59:00,91.29,100.0,257.0,0.6482300000000001,1.6077809516425174,Medium,After_Lunch
0 days 05:00:00,91.29,100.0,259.0,0.64913,1.6126855957286783,High,After_Lunch
0 days 05:01:00,91.29,100.0,261.0,0.65003,1.6176052017619797,High,After_Lunch
0 days 05:02:00,91.29,100.0,263.0,0.65093,1.622539815384849,High,After_Lunch
0 days 05:03:00,91.29,102.0,264.0,0.65838,1.6363872570338354,High,After_Lunch
0 days 05:04:00,91.29,102.0,266.0,0.6592800000000001,1.6413791665813895,High,After_Lunch
0 days 05:05:00,91.29,102.0,267.0,0.6597299999999999,1.6438808290136913,High,After_Lunch
0 days 05:07:00,91.29,102.0,135.0,0.60033,1.3708472455418192,Low,After_Lunch
0 days 05:08:00,91.29,102.0,271.0,0.66153,1.6539256652921164,High,After_Lunch
0 days 05:09:00,91.29,102.0,272.0,0.66198,1.6564464501216805,High,After_Lunch
0 days 05:10:00,91.29,102.0,273.0,0.6624300000000001,1.6589710769353738,High,After_Lunch
0 days 05:11:00,91.29,102.0,274.0,0.66288,1.6614995515888495,High,After_Lunch
0 days 05:12:00,91.29,102.0,275.0,0.66333,1.664031879946686,High,After_Lunch
0 days 05:13:00,91.29,89.0,273.0,0.61693,1.585434429468498,Medium,After_Lunch
0 days 05:14:00,91.4,89.0,262.0,0.6122000000000001,1.5595365102762777,Medium,After_Lunch
0 days 05:15:00,91.29,89.0,250.0,0.60658,1.5308610178475304,Medium,After_Lunch
0 days 05:16:00,91.4,89.0,248.0,0.6059000000000001,1.5266368849674914,Medium,After_Lunch
0 days 05:17:00,91.29,89.0,249.0,0.6061300000000001,1.5285313492792059,Medium,After_Lunch
0 days 05:18:00,91.29,89.0,253.0,0.6079300000000001,1.5378713494051042,Medium,After_Lunch
0 days 05:20:00,91.29,89.0,130.0,0.5525800000000001,1.3100821652894448,Low,After_Lunch
0 days 05:21:00,91.29,89.0,261.0,0.61153,1.5567229129389697,Medium,After_Lunch
0 days 05:22:00,91.29,89.0,263.0,0.61243,1.5614718010390167,Medium,After_Lunch
0 days 05:23:00,91.18,89.0,265.0,0.61311,1.5657923205030562,Medium,After_Lunch
0 days 05:24:00,91.18,89.0,267.0,0.61401,1.5705688754417533,Medium,After_Lunch
0 days 05:25:00,91.18,89.0,268.0,0.61446,1.5729626143370863,Medium,After_Lunch
0 days 05:26:00,91.18,89.0,270.0,0.61536,1.5777610427400843,Medium,After_Lunch
0 days 05:27:00,91.18,89.0,272.0,0.61626,1.5825741090721268,Medium,After_Lunch
0 days 05:28:00,91.18,89.0,271.0,0.61581,1.5801657433772884,Medium,After_Lunch
0 days 05:29:00,91.18,68.0,271.0,0.5423100000000001,1.4685707173699805,Medium,After_Lunch
0 days 05:30:00,91.18,68.0,272.0,0.54276,1.4708089986078705,Medium,After_Lunch
0 days 05:31:00,91.18,68.0,273.0,0.54321,1.4730506912598935,Medium,After_Lunch
0 days 05:33:00,91.18,68.0,138.0,0.48246,1.217216810305947,Low,After_Lunch
0 days 05:34:00,91.18,68.0,276.0,0.54456,1.4797962897345118,Medium,After_Lunch
0 days 05:35:00,91.18,68.0,277.0,0.54501,1.4820516801164907,Medium,After_Lunch
0 days 05:36:00,91.18,68.0,278.0,0.5454600000000001,1.4843105079890286,Medium,After_Lunch
0 days 05:38:00,91.18,68.0,140.0,0.48336,1.217216810305947,Low,After_Lunch
0 days 05:39:00,91.18,68.0,281.0,0.54681,1.4911076689814906,Medium,After_Lunch
0 days 05:41:00,91.18,68.0,142.0,0.48426,1.217216810305947,Low,After_Lunch
0 days 05:42:00,91.18,68.0,284.0,0.54816,1.4979359564783523,Medium,After_Lunch
0 days 05:43:00,91.18,68.0,285.0,0.54861,1.5002189939291812,Medium,After_Lunch
0 days 05:44:00,91.29,68.0,285.0,0.5488299999999999,1.5006433031638637,Medium,After_Lunch
0 days 05:45:00,91.29,68.0,285.0,0.5488299999999999,1.5006433031638637,Medium,After_Lunch
0 days 05:46:00,91.29,68.0,283.0,0.54793,1.4960794121476648,Medium,After_Lunch
0 days 05:47:00,91.29,68.0,282.0,0.54748,1.4938026743239412,Medium,After_Lunch
0 days 05:48:00,91.29,91.0,282.0,0.62798,1.6185656633460683,High,After_Lunch
0 days 05:49:00,91.29,91.0,279.0,0.62663,1.6111874896437302,Medium,After_Lunch
0 days 05:50:00,91.29,91.0,277.0,0.6257300000000001,1.6062874017321698,Medium,After_Lunch
0 days 05:51:00,91.29,91.0,275.0,0.62483,1.6014022164074875,Medium,After_Lunch
0 days 05:52:00,91.29,91.0,273.0,0.6239300000000001,1.596531888346599,Medium,After_Lunch
0 days 05:53:00,91.29,91.0,273.0,0.6239300000000001,1.596531888346599,Medium,After_Lunch
0 days 05:54:00,91.29,91.0,271.0,0.62303,1.5916763723642613,Medium,After_Lunch
0 days 05:55:00,91.29,91.0,270.0,0.62258,1.589254154819748,Medium,After_Lunch
0 days 05:56:00,91.29,91.0,271.0,0.62303,1.5916763723642613,Medium,After_Lunch
0 days 05:57:00,91.29,91.0,267.0,0.62123,1.582009596580954,Medium,After_Lunch
0 days 05:59:00,91.18,91.0,133.0,0.56071,1.3188792387859867,Low,After_Lunch
0 days 06:00:00,91.29,91.0,268.0,0.62168,1.5844207725334003,Medium,After_Lunch
0 days 00:00:00,85.89,80.0,249.0,0.5638299999999999,1.4608760018962448,Low,Stress_Induced
0 days 00:01:00,85.89,80.0,249.0,0.5638299999999999,1.4608760018962448,Low,Stress_Induced
0 days 00:02:00,85.89,80.0,251.0,0.56473,1.4653325025383221,Low,Stress_Induced
0 days 00:03:00,85.89,80.0,253.0,0.56563,1.4698025980357787,Low,Stress_Induced
0 days 00:04:00,86.0,80.0,255.0,0.56675,1.4747033045202416,Low,Stress_Induced
0 days 00:05:00,86.0,80.0,253.0,0.56585,1.4702183045546475,Low,Stress_Induced
0 days 00:06:00,86.0,80.0,248.0,0.5636,1.4590653897352723,Low,Stress_Induced
0 days 00:07:00,86.11,80.0,246.0,0.56292,1.455039363848498,Low,Stress_Induced
0 days 00:08:00,86.11,94.0,245.0,0.61147,1.5255221369633336,Medium,Stress_Induced
0 days 00:09:00,86.22,94.0,244.0,0.61124,1.5236314022743984,Medium,Stress_Induced
0 days 00:10:00,86.22,94.0,242.0,0.61034,1.51899759778923,Medium,Stress_Induced
0 days 00:11:00,86.22,94.0,239.0,0.6089899999999999,1.5120733015535404,Medium,Stress_Induced
0 days 00:12:00,86.22,94.0,240.0,0.60944,1.5143778860458983,Medium,Stress_Induced
0 days 00:13:00,86.34,94.0,239.0,0.6092299999999999,1.5125398479217562,Medium,Stress_Induced
0 days 00:14:00,86.34,94.0,236.0,0.60788,1.5056449891079318,Medium,Stress_Induced
0 days 00:15:00,86.34,94.0,234.0,0.60698,1.5010658865158055,Medium,Stress_Induced
0 days 00:16:00,86.45,90.0,234.0,0.5932000000000001,1.4806893258874634,Medium,Stress_Induced
0 days 00:17:00,86.45,90.0,237.0,0.59455,1.4874699042595134,Medium,Stress_Induced
0 days 00:18:00,86.45,90.0,240.0,0.5959,1.494281533198523,Medium,Stress_Induced
0 days 00:19:00,86.45,90.0,239.0,0.59545,1.4920075313920005,Medium,Stress_Induced
0 days 00:20:00,86.45,90.0,235.0,0.59365,1.4829460773656717,Medium,Stress_Induced
0 days 00:21:00,86.56,90.0,229.0,0.5911700000000001,1.4698725878155368,Low,Stress_Induced
0 days 00:22:00,86.56,90.0,226.0,0.58982,1.4631722261812805,Low,Stress_Induced
0 days 00:23:00,86.56,90.0,225.0,0.5893700000000001,1.460945566604977,Low,Stress_Induced
0 days 00:24:00,86.68,93.0,225.0,0.60011,1.4767670134076616,Medium,Stress_Induced
0 days 00:25:00,86.68,93.0,226.0,0.60056,1.47901778680233,Medium,Stress_Induced
0 days 00:26:00,86.68,93.0,228.0,0.6014600000000001,1.4835296301812158,Medium,Stress_Induced
0 days 00:27:00,86.68,93.0,230.0,0.60236,1.4880552372422269,Medium,Stress_Induced
0 days 00:28:00,86.68,93.0,229.0,0.60191,1.485790710630263,Medium,Stress_Induced
0 days 00:29:00,86.79,93.0,224.0,0.5998800000000001,1.4749367059004344,Low,Stress_Induced
0 days 00:30:00,86.79,93.0,224.0,0.5998800000000001,1.4749367059004344,Low,Stress_Induced
0 days 00:31:00,86.79,93.0,226.0,0.6007800000000001,1.4794360996671447,Medium,Stress_Induced
0 days 00:32:00,86.79,94.0,229.0,0.60563,1.4914033341601929,Medium,Stress_Induced
0 days 00:33:00,86.9,94.0,230.0,0.6063000000000001,1.4940988738833947,Medium,Stress_Induced
0 days 00:34:00,86.9,94.0,230.0,0.6063000000000001,1.4940988738833947,Medium,Stress_Induced
0 days 00:35:00,86.9,94.0,229.0,0.60585,1.4918251500483273,Medium,Stress_Induced
0 days 00:36:00,86.9,94.0,231.0,0.60675,1.4963760631514436,Medium,Stress_Induced
0 days 00:37:00,87.01,94.0,233.0,0.60787,1.5013653725224305,Medium,Stress_Induced
0 days 00:38:00,87.01,94.0,233.0,0.60787,1.5013653725224305,Medium,Stress_Induced
0 days 00:39:00,87.01,94.0,233.0,0.60787,1.5013653725224305,Medium,Stress_Induced
0 days 00:40:00,87.01,90.0,231.0,0.59297,1.4760631655981062,Low,Stress_Induced
0 days 00:41:00,87.01,90.0,232.0,0.5934200000000001,1.4783128662427,Medium,Stress_Induced
0 days 00:42:00,87.13,90.0,236.0,0.59546,1.4878049261324748,Medium,Stress_Induced
0 days 00:43:00,87.01,90.0,235.0,0.59477,1.4850825620004247,Medium,Stress_Induced
0 days 00:44:00,87.13,90.0,233.0,0.59411,1.481022820575196,Medium,Stress_Induced
0 days 00:45:00,87.13,90.0,230.0,0.59276,1.4742716310035968,Low,Stress_Induced
0 days 00:46:00,87.13,90.0,229.0,0.59231,1.4720280803220653,Low,Stress_Induced
0 days 00:47:00,87.13,90.0,232.0,0.59366,1.4787689959145378,Medium,Stress_Induced
0 days 00:48:00,87.13,90.0,235.0,0.59501,1.485540780444656,Medium,Stress_Induced
0 days 00:49:00,87.13,90.0,231.0,0.59321,1.4765186011305365,Medium,Stress_Induced
0 days 00:50:00,87.24,90.0,225.0,0.59073,1.4635017755041115,Low,Stress_Induced
0 days 00:51:00,87.24,90.0,225.0,0.59073,1.4635017755041115,Low,Stress_Induced
0 days 00:52:00,87.24,90.0,227.0,0.59163,1.4679662862454403,Low,Stress_Induced
0 days 00:53:00,87.24,90.0,231.0,0.59343,1.476936207146842,Medium,Stress_Induced
0 days 00:54:00,87.24,90.0,233.0,0.59433,1.4814417005267821,Medium,Stress_Induced
0 days 00:55:00,87.24,90.0,233.0,0.59433,1.4814417005267821,Medium,Stress_Induced
0 days 00:56:00,87.24,95.0,232.0,0.6113799999999999,1.5052077017509942,Medium,Stress_Induced
0 days 00:57:00,87.24,95.0,231.0,0.61093,1.5029170724706826,Medium,Stress_Induced
0 days 00:58:00,87.35,95.0,229.0,0.61025,1.4987700458315683,Medium,Stress_Induced
0 days 00:59:00,87.35,95.0,225.0,0.6084499999999999,1.489667520823755,Medium,Stress_Induced
0 days 01:00:00,87.35,95.0,225.0,0.6084499999999999,1.489667520823755,Medium,Stress_Induced
0 days 01:01:00,87.35,95.0,228.0,0.6098,1.496489213393997,Medium,Stress_Induced
0 days 01:02:00,87.35,95.0,228.0,0.6098,1.496489213393997,Medium,Stress_Induced
0 days 01:03:00,87.35,99.0,227.0,0.62335,1.5152029292932534,Medium,Stress_Induced
0 days 01:04:00,87.35,99.0,229.0,0.62425,1.5198251578865825,Medium,Stress_Induced
0 days 01:05:00,87.35,99.0,231.0,0.62515,1.5244614868995687,Medium,Stress_Induced
0 days 01:06:00,87.35,99.0,232.0,0.6255999999999999,1.5267849525002748,Medium,Stress_Induced
0 days 01:07:00,87.46,99.0,230.0,0.6249199999999999,1.522572066782097,Medium,Stress_Induced
0 days 01:08:00,87.46,99.0,230.0,0.6249199999999999,1.522572066782097,Medium,Stress_Induced
0 days 01:09:00,87.35,99.0,233.0,0.62605,1.5291119593464921,Medium,Stress_Induced
0 days 01:10:00,87.46,99.0,235.0,0.62717,1.5342104187618268,Medium,Stress_Induced
0 days 01:11:00,87.35,98.0,232.0,0.6221,1.5214693745632089,Medium,Stress_Induced
0 days 01:12:00,87.46,98.0,232.0,0.62232,1.5218996940755776,Medium,Stress_Induced
0 days 01:13:00,87.35,98.0,235.0,0.62345,1.5284366986024476,Medium,Stress_Induced
0 days 01:14:00,87.46,98.0,237.0,0.62457,1.5335329065217573,Medium,Stress_Induced
0 days 01:15:00,87.46,98.0,238.0,0.6250199999999999,1.5358701980745275,Medium,Stress_Induced
0 days 01:16:00,87.35,98.0,240.0,0.6256999999999999,1.5401198791002133,Medium,Stress_Induced
0 days 01:17:00,87.46,98.0,241.0,0.62637,1.5429034683664564,High,Stress_Induced
0 days 01:18:00,87.46,98.0,242.0,0.6268199999999999,1.5452550418005944,High,Stress_Induced
0 days 01:19:00,87.46,89.0,242.0,0.59532,1.4975049422009283,Medium,Stress_Induced
0 days 01:20:00,87.46,89.0,242.0,0.59532,1.4975049422009283,Medium,Stress_Induced
0 days 01:21:00,87.35,89.0,242.0,0.5951,1.4970815203427033,Medium,Stress_Induced
0 days 01:22:00,87.46,89.0,242.0,0.59532,1.4975049422009283,Medium,Stress_Induced
0 days 01:23:00,87.35,89.0,242.0,0.5951,1.4970815203427033,Medium,Stress_Induced
0 days 01:24:00,87.46,89.0,242.0,0.59532,1.4975049422009283,Medium,Stress_Induced
0 days 01:25:00,87.35,89.0,238.0,0.5932999999999999,1.4879892503073133,Medium,Stress_Induced
0 days 01:26:00,87.46,89.0,232.0,0.59082,1.474871300699083,Low,Stress_Induced
0 days 01:27:00,87.35,93.0,226.0,0.6019,1.4815675274670366,Medium,Stress_Induced
0 days 01:28:00,87.46,93.0,222.0,0.60032,1.4729859681092814,Low,Stress_Induced
0 days 01:29:00,87.46,93.0,223.0,0.60077,1.4752309787288576,Low,Stress_Induced
0 days 01:30:00,87.35,93.0,225.0,0.60145,1.4793128738699104,Medium,Stress_Induced
0 days 01:31:00,87.46,93.0,225.0,0.60167,1.4797312701946521,Medium,Stress_Induced
0 days 01:32:00,87.46,93.0,227.0,0.60257,1.4842452901026832,Medium,Stress_Induced
0 days 01:33:00,87.46,93.0,228.0,0.60302,1.4865074613049072,Medium,Stress_Induced
0 days 01:34:00,87.46,100.0,227.0,0.62707,1.5209266584515562,Medium,Stress_Induced
0 days 01:35:00,87.35,100.0,225.0,0.62595,1.515872343380437,Medium,Stress_Induced
0 days 01:36:00,87.46,100.0,224.0,0.6257199999999999,1.5139935686618136,Medium,Stress_Induced
0 days 01:37:00,87.35,100.0,225.0,0.62595,1.515872343380437,Medium,Stress_Induced
0 days 01:38:00,87.35,100.0,226.0,0.6264,1.5181827180767957,Medium,Stress_Induced
0 days 01:39:00,87.35,100.0,228.0,0.6273,1.5228140367165146,Medium,Stress_Induced
0 days 01:40:00,87.35,100.0,230.0,0.6282,1.5274594835056896,Medium,Stress_Induced
0 days 01:41:00,87.35,109.0,230.0,0.6597,1.5761647267516012,High,Stress_Induced
0 days 01:42:00,87.35,109.0,228.0,0.6588,1.5713711532079715,High,Stress_Induced
0 days 01:43:00,87.35,109.0,226.0,0.6579,1.5665921583101703,High,Stress_Induced
0 days 01:44:00,87.46,109.0,228.0,0.65902,1.5718155865167873,High,Stress_Induced
0 days 01:45:00,87.35,109.0,230.0,0.6597,1.5761647267516012,High,Stress_Induced
0 days 01:46:00,87.35,109.0,230.0,0.6597,1.5761647267516012,High,Stress_Induced
0 days 01:47:00,87.35,109.0,228.0,0.6588,1.5713711532079715,High,Stress_Induced
0 days 01:48:00,87.35,106.0,226.0,0.6474,1.5502865529534695,High,Stress_Induced
0 days 01:49:00,87.35,106.0,227.0,0.64785,1.5526493791107574,High,Stress_Induced
0 days 01:50:00,87.35,106.0,229.0,0.6487499999999999,1.5573858406214858,High,Stress_Induced
0 days 01:51:00,87.35,106.0,231.0,0.64965,1.56213675102708,High,Stress_Induced
0 days 01:52:00,87.35,106.0,228.0,0.6483,1.555015806503855,High,Stress_Induced
0 days 01:53:00,87.35,106.0,222.0,0.6456,1.540871151200023,Medium,Stress_Induced
0 days 01:54:00,87.35,106.0,218.0,0.6438,1.5315129322880392,Medium,Stress_Induced
0 days 01:55:00,87.35,110.0,216.0,0.6569,1.5483048168111844,High,Stress_Induced
0 days 01:56:00,87.35,110.0,215.0,0.65645,1.545948602220926,High,Stress_Induced
0 days 01:57:00,87.35,110.0,212.0,0.6551,1.5389014507952044,Medium,Stress_Induced
0 days 01:58:00,87.35,110.0,209.0,0.6537499999999999,1.5318864235572764,Medium,Stress_Induced
0 days 01:59:00,87.35,110.0,205.0,0.65195,1.5225827718607796,Medium,Stress_Induced
0 days 02:00:00,87.35,110.0,204.0,0.6515,1.5202657011502956,Medium,Stress_Induced
0 days 02:01:00,87.35,110.0,207.0,0.65285,1.5272275131609352,Medium,Stress_Induced
0 days 02:02:00,87.35,110.0,204.0,0.6515,1.5202657011502956,Medium,Stress_Induced
0 days 02:03:00,87.24,110.0,201.0,0.64993,1.512907726302493,Medium,Stress_Induced
0 days 02:04:00,87.24,110.0,203.0,0.65083,1.5175229532245038,Medium,Stress_Induced
0 days 02:05:00,87.24,110.0,204.0,0.65128,1.519835843651975,Medium,Stress_Induced
0 days 02:06:00,87.24,110.0,209.0,0.6535299999999999,1.5314532802815695,Medium,Stress_Induced
0 days 02:07:00,87.24,110.0,213.0,0.65533,1.540811134693507,Medium,Stress_Induced
0 days 02:08:00,87.24,108.0,214.0,0.64878,1.5324330504696702,Medium,Stress_Induced
0 days 02:09:00,87.24,108.0,215.0,0.64923,1.5347686657074109,Medium,Stress_Induced
0 days 02:10:00,87.24,108.0,216.0,0.64968,1.5371078407081944,Medium,Stress_Induced
0 days 02:11:00,87.24,108.0,218.0,0.65058,1.5417968917092146,Medium,Stress_Induced
0 days 02:12:00,87.24,108.0,221.0,0.65193,1.5488573023404264,High,Stress_Induced
0 days 02:13:00,87.24,108.0,224.0,0.65328,1.5559500449853745,High,Stress_Induced
0 days 02:14:00,87.24,108.0,225.0,0.65373,1.5583215029966182,High,Stress_Induced
0 days 02:15:00,87.24,105.0,227.0,0.64413,1.5468062672983283,High,Stress_Induced
0 days 02:16:00,87.24,105.0,224.0,0.64278,1.5397552062370183,Medium,Stress_Induced
0 days 02:17:00,87.24,105.0,223.0,0.64233,1.5374120024679865,Medium,Stress_Induced
0 days 02:18:00,87.13,105.0,225.0,0.64301,1.5416659495943392,Medium,Stress_Induced
0 days 02:19:00,87.13,105.0,228.0,0.64436,1.548725760597218,High,Stress_Induced
0 days 02:20:00,87.13,105.0,231.0,0.64571,1.5558179008679316,High,Stress_Induced
0 days 02:21:00,87.13,105.0,232.0,0.64616,1.5581891574753919,High,Stress_Induced
0 days 02:22:00,87.13,105.0,233.0,0.64661,1.560564028167698,High,Stress_Induced
0 days 02:23:00,87.13,98.0,235.0,0.62301,1.527572485077394,Medium,Stress_Induced
0 days 02:24:00,87.13,98.0,237.0,0.62391,1.5322324478338023,Medium,Stress_Induced
0 days 02:25:00,87.13,98.0,238.0,0.6243599999999999,1.5345677573286116,Medium,Stress_Induced
0 days 02:26:00,87.13,98.0,240.0,0.6252599999999999,1.5392490596341935,Medium,Stress_Induced
0 days 02:27:00,87.13,98.0,241.0,0.62571,1.5415950633028417,Medium,Stress_Induced
0 days 02:28:00,87.13,98.0,243.0,0.62661,1.546297802878627,High,Stress_Induced
0 days 02:29:00,87.13,98.0,245.0,0.62751,1.5510148884782444,High,Stress_Induced
0 days 02:30:00,87.01,96.0,246.0,0.62072,1.5421055091192128,Medium,Stress_Induced
0 days 02:31:00,87.01,96.0,247.0,0.62117,1.5444558663659445,High,Stress_Induced
0 days 02:32:00,87.01,96.0,247.0,0.62117,1.5444558663659445,High,Stress_Induced
0 days 02:33:00,87.01,96.0,249.0,0.62207,1.549167333014165,High,Stress_Induced
0 days 02:34:00,87.01,96.0,250.0,0.62252,1.551528453343493,High,Stress_Induced
0 days 02:35:00,87.01,96.0,248.0,0.6216200000000001,1.5468098058443425,High,Stress_Induced
0 days 02:36:00,87.01,96.0,246.0,0.62072,1.5421055091192128,Medium,Stress_Induced
0 days 02:37:00,87.01,96.0,248.0,0.6216200000000001,1.5468098058443425,High,Stress_Induced
0 days 02:38:00,87.01,96.0,250.0,0.62252,1.551528453343493,High,Stress_Induced
0 days 02:39:00,87.01,88.0,252.0,0.5954200000000001,1.5134404023567047,Medium,Stress_Induced
0 days 02:40:00,87.01,88.0,254.0,0.5963200000000001,1.5180572542428976,Medium,Stress_Induced
0 days 02:41:00,86.9,88.0,256.0,0.5970000000000001,1.5222576476858776,Medium,Stress_Induced
0 days 02:42:00,86.9,88.0,256.0,0.5970000000000001,1.5222576476858776,Medium,Stress_Induced
0 days 02:43:00,86.9,88.0,257.0,0.59745,1.5245777543663048,Medium,Stress_Induced
0 days 02:44:00,86.9,88.0,256.0,0.5970000000000001,1.5222576476858776,Medium,Stress_Induced
0 days 02:45:00,87.01,88.0,257.0,0.59767,1.5250089530264919,Medium,Stress_Induced
0 days 02:46:00,86.9,88.0,258.0,0.5979000000000001,1.5269013971728385,Medium,Stress_Induced
0 days 02:47:00,86.9,89.0,257.0,0.6009500000000001,1.529904192091532,Medium,Stress_Induced
0 days 02:48:00,86.9,89.0,257.0,0.6009500000000001,1.529904192091532,Medium,Stress_Induced
0 days 02:49:00,86.9,89.0,256.0,0.6005,1.5275759796233126,Medium,Stress_Induced
0 days 02:50:00,87.01,89.0,256.0,0.60072,1.5280080262761389,Medium,Stress_Induced
0 days 02:51:00,86.9,89.0,257.0,0.6009500000000001,1.529904192091532,Medium,Stress_Induced
0 days 02:52:00,86.9,89.0,257.0,0.6009500000000001,1.529904192091532,Medium,Stress_Induced
0 days 02:53:00,86.9,89.0,258.0,0.6014,1.5322359530400687,Medium,Stress_Induced
0 days 02:54:00,86.9,89.0,258.0,0.6014,1.5322359530400687,Medium,Stress_Induced
0 days 02:55:00,86.9,95.0,256.0,0.6215,1.5598784465315936,High,Stress_Induced
0 days 02:56:00,86.9,95.0,255.0,0.62105,1.5575046191593342,High,Stress_Induced
0 days 02:57:00,86.9,95.0,256.0,0.6215,1.5598784465315936,High,Stress_Induced
0 days 02:58:00,86.9,95.0,256.0,0.6215,1.5598784465315936,High,Stress_Induced
0 days 02:59:00,86.9,95.0,256.0,0.6215,1.5598784465315936,High,Stress_Induced
0 days 03:00:00,86.9,95.0,252.0,0.6197,1.5504047900436,High,Stress_Induced
0 days 03:01:00,86.9,95.0,245.0,0.61655,1.5339641284443521,Medium,Stress_Induced
0 days 03:02:00,86.9,98.0,242.0,0.6257,1.5430319912187234,High,Stress_Induced
0 days 03:03:00,86.9,98.0,244.0,0.6266,1.5477391142399013,High,Stress_Induced
0 days 03:04:00,86.9,98.0,243.0,0.62615,1.5453837605373943,High,Stress_Induced
0 days 03:05:00,86.9,98.0,244.0,0.6266,1.5477391142399013,High,Stress_Induced
0 days 03:06:00,86.9,98.0,246.0,0.6275000000000001,1.552460596656907,High,Stress_Induced
0 days 03:07:00,86.9,98.0,243.0,0.62615,1.5453837605373943,High,Stress_Induced
0 days 03:08:00,86.9,98.0,240.0,0.6248,1.5383391839222904,Medium,Stress_Induced
0 days 03:09:00,86.9,98.0,238.0,0.6239,1.5336606488123363,Medium,Stress_Induced
0 days 03:10:00,86.9,98.0,237.0,0.6234500000000001,1.5313267197577982,Medium,Stress_Induced
0 days 03:11:00,86.9,98.0,240.0,0.6248,1.5383391839222904,Medium,Stress_Induced
0 days 03:12:00,86.9,98.0,239.0,0.62435,1.535998135059968,Medium,Stress_Induced
0 days 03:13:00,86.9,98.0,237.0,0.6234500000000001,1.5313267197577982,Medium,Stress_Induced
0 days 03:14:00,87.01,98.0,238.0,0.62412,1.534094416401464,Medium,Stress_Induced
0 days 03:15:00,86.9,98.0,236.0,0.623,1.5289963424830073,Medium,Stress_Induced
0 days 03:16:00,87.01,98.0,232.0,0.62142,1.5201400651770103,Medium,Stress_Induced
0 days 03:17:00,86.9,99.0,232.0,0.6247,1.525019675238721,Medium,Stress_Induced
0 days 03:18:00,87.01,99.0,236.0,0.62672,1.5347721767156473,Medium,Stress_Induced
0 days 03:19:00,87.01,99.0,236.0,0.62672,1.5347721767156473,Medium,Stress_Induced
0 days 03:20:00,87.01,99.0,235.0,0.62627,1.5324365561348445,Medium,Stress_Induced
0 days 03:21:00,87.01,99.0,230.0,0.62402,1.5208116604824633,Medium,Stress_Induced
0 days 03:22:00,86.9,99.0,223.0,0.62065,1.5042593556823871,Medium,Stress_Induced
0 days 03:23:00,87.01,99.0,221.0,0.61997,1.5001086252565916,Medium,Stress_Induced
0 days 03:24:00,87.01,102.0,223.0,0.63137,1.5205107829361566,Medium,Stress_Induced
0 days 03:25:00,87.01,102.0,224.0,0.63182,1.5228282271812321,Medium,Stress_Induced
0 days 03:26:00,87.01,102.0,224.0,0.63182,1.5228282271812321,Medium,Stress_Induced
0 days 03:27:00,86.9,102.0,224.0,0.6316,1.5223976451246795,Medium,Stress_Induced
0 days 03:28:00,87.01,102.0,222.0,0.63092,1.5181968653841993,Medium,Stress_Induced
0 days 03:29:00,87.01,102.0,223.0,0.63137,1.5205107829361566,Medium,Stress_Induced
0 days 03:30:00,86.9,102.0,222.0,0.6307,1.5177675928524188,Medium,Stress_Induced
0 days 03:31:00,87.01,108.0,220.0,0.65102,1.5455860849668432,High,Stress_Induced
0 days 03:32:00,87.01,108.0,223.0,0.65237,1.5526638475985057,High,Stress_Induced
0 days 03:33:00,87.01,108.0,226.0,0.6537200000000001,1.5597740217045968,High,Stress_Induced
0 days 03:34:00,87.01,108.0,227.0,0.65417,1.5621513079236644,High,Stress_Induced
0 days 03:35:00,87.01,108.0,228.0,0.6546200000000001,1.5645322174174427,High,Stress_Induced
0 days 03:36:00,87.01,108.0,229.0,0.65507,1.5669167557082453,High,Stress_Induced
0 days 03:37:00,87.01,108.0,231.0,0.65597,1.571696740812273,High,Stress_Induced
0 days 03:38:00,87.01,108.0,234.0,0.65732,1.5788940729884782,High,Stress_Induced
0 days 03:39:00,87.01,97.0,237.0,0.62017,1.5264269290266872,Medium,Stress_Induced
0 days 03:40:00,87.01,97.0,239.0,0.62107,1.531083397187203,Medium,Stress_Induced
0 days 03:41:00,87.01,97.0,241.0,0.62197,1.5357540702174823,Medium,Stress_Induced
0 days 03:42:00,87.01,97.0,243.0,0.62287,1.5404389914504366,Medium,Stress_Induced
0 days 03:43:00,87.01,97.0,244.0,0.62332,1.5427868087205867,High,Stress_Induced
0 days 03:44:00,87.01,97.0,246.0,0.62422,1.5474931837960397,High,Stress_Induced
0 days 03:45:00,87.01,97.0,247.0,0.6246700000000001,1.549851752517372,High,Stress_Induced
0 days 03:46:00,87.01,97.0,249.0,0.62557,1.5545796796797413,High,Stress_Induced
0 days 03:47:00,87.01,92.0,249.0,0.60807,1.5277057250000317,Medium,Stress_Induced
0 days 03:48:00,87.01,92.0,249.0,0.60807,1.5277057250000317,Medium,Stress_Induced
0 days 03:49:00,87.01,92.0,250.0,0.6085200000000001,1.5300341352160605,Medium,Stress_Induced
0 days 03:50:00,87.01,92.0,250.0,0.6085200000000001,1.5300341352160605,Medium,Stress_Induced
0 days 03:51:00,87.13,92.0,250.0,0.60876,1.5305062233537834,Medium,Stress_Induced
0 days 03:52:00,87.13,92.0,250.0,0.60876,1.5305062233537834,Medium,Stress_Induced
0 days 03:53:00,87.13,92.0,250.0,0.60876,1.5305062233537834,Medium,Stress_Induced
0 days 03:54:00,87.13,95.0,249.0,0.61881,1.5442501571888456,High,Stress_Induced
0 days 03:55:00,87.13,95.0,247.0,0.61791,1.539553645096799,Medium,Stress_Induced
0 days 03:56:00,87.13,95.0,247.0,0.61791,1.539553645096799,Medium,Stress_Induced
0 days 03:57:00,87.13,95.0,248.0,0.6183599999999999,1.5419001129909136,Medium,Stress_Induced
0 days 03:58:00,87.24,95.0,249.0,0.61903,1.5446869198248387,High,Stress_Induced
0 days 03:59:00,87.13,95.0,249.0,0.61881,1.5442501571888456,High,Stress_Induced
0 days 04:00:00,87.24,95.0,250.0,0.6194799999999999,1.5470412114569434,High,Stress_Induced
0 days 04:01:00,87.24,95.0,250.0,0.6194799999999999,1.5470412114569434,High,Stress_Induced
0 days 04:02:00,87.24,91.0,247.0,0.60413,1.5186546236269844,Medium,Stress_Induced
0 days 04:03:00,87.24,91.0,245.0,0.60323,1.5140359549674387,Medium,Stress_Induced
0 days 04:04:00,87.35,91.0,247.0,0.6043499999999999,1.519084147039037,Medium,Stress_Induced
0 days 04:05:00,87.35,91.0,247.0,0.6043499999999999,1.519084147039037,Medium,Stress_Induced
0 days 04:06:00,87.35,91.0,249.0,0.60525,1.5237182155485216,Medium,Stress_Induced
0 days 04:07:00,87.35,91.0,251.0,0.60615,1.5283664205961252,Medium,Stress_Induced
0 days 04:08:00,87.35,91.0,251.0,0.60615,1.5283664205961252,Medium,Stress_Induced
0 days 04:09:00,87.35,91.0,252.0,0.6066,1.5306958377929816,Medium,Stress_Induced
0 days 04:10:00,87.35,91.0,253.0,0.60705,1.5330288053063093,Medium,Stress_Induced
0 days 04:11:00,87.46,88.0,254.0,0.59722,1.5198144721963198,Medium,Stress_Induced
0 days 04:12:00,87.35,88.0,254.0,0.597,1.51938474228369,Medium,Stress_Induced
0 days 04:13:00,87.46,88.0,253.0,0.59677,1.517501614291989,Medium,Stress_Induced
0 days 04:14:00,87.46,88.0,254.0,0.59722,1.5198144721963198,Medium,Stress_Induced
0 days 04:15:00,87.46,88.0,251.0,0.59587,1.512886452267854,Medium,Stress_Induced
0 days 04:16:00,87.46,88.0,245.0,0.59317,1.4991250118428345,Medium,Stress_Induced
0 days 04:17:00,87.57,88.0,243.0,0.59249,1.494988448706151,Medium,Stress_Induced
0 days 04:18:00,87.46,88.0,244.0,0.59272,1.496843639216997,Medium,Stress_Induced
0 days 04:19:00,87.57,89.0,246.0,0.59734,1.5070814869482825,Medium,Stress_Induced
0 days 04:20:00,87.57,89.0,247.0,0.5977899999999999,1.5093784633051643,Medium,Stress_Induced
0 days 04:21:00,87.57,89.0,249.0,0.5986899999999999,1.5139829239726859,Medium,Stress_Induced
0 days 04:22:00,87.57,89.0,250.0,0.59914,1.5162904189629733,Medium,Stress_Induced
0 days 04:23:00,87.57,89.0,251.0,0.59959,1.5186014308576101,Medium,Stress_Induced
0 days 04:24:00,87.57,89.0,247.0,0.5977899999999999,1.5093784633051643,Medium,Stress_Induced
0 days 04:25:00,87.57,89.0,242.0,0.59554,1.497928483816206,Medium,Stress_Induced
0 days 04:26:00,87.69,89.0,242.0,0.59578,1.4983906658369144,Medium,Stress_Induced
0 days 04:27:00,87.69,90.0,245.0,0.60063,1.5105112247879222,Medium,Stress_Induced
0 days 04:28:00,87.69,90.0,244.0,0.60018,1.5082125245914555,Medium,Stress_Induced
0 days 04:29:00,87.8,90.0,243.0,0.59995,1.5063432434650548,Medium,Stress_Induced
0 days 04:30:00,87.8,90.0,245.0,0.60085,1.5109384449900147,Medium,Stress_Induced
0 days 04:31:00,87.8,90.0,246.0,0.6013000000000001,1.5132412998222862,Medium,Stress_Induced
0 days 04:32:00,87.8,90.0,246.0,0.6013000000000001,1.5132412998222862,Medium,Stress_Induced
0 days 04:33:00,87.8,90.0,247.0,0.60175,1.5155476644867394,Medium,Stress_Induced
0 days 04:34:00,87.8,90.0,248.0,0.6022,1.5178575443327873,Medium,Stress_Induced
0 days 04:35:00,87.8,92.0,248.0,0.6092,1.528481989827323,Medium,Stress_Induced
0 days 04:36:00,87.8,92.0,248.0,0.6092,1.528481989827323,Medium,Stress_Induced
0 days 04:37:00,87.8,92.0,249.0,0.60965,1.530811583165811,Medium,Stress_Induced
0 days 04:38:00,87.91,92.0,250.0,0.61032,1.5335783487594283,Medium,Stress_Induced
0 days 04:39:00,87.91,92.0,251.0,0.61077,1.535915709571722,Medium,Stress_Induced
0 days 04:40:00,87.91,92.0,252.0,0.61122,1.5382566328075276,Medium,Stress_Induced
0 days 04:41:00,87.91,92.0,247.0,0.60897,1.5265875866917957,Medium,Stress_Induced
0 days 04:42:00,87.91,92.0,236.0,0.60402,1.5012263308852751,Medium,Stress_Induced
0 days 04:43:00,87.91,91.0,228.0,0.59692,1.477883517006537,Medium,Stress_Induced
0 days 04:44:00,87.91,91.0,226.0,0.59602,1.4733888450934756,Low,Stress_Induced
0 days 04:45:00,87.91,91.0,223.0,0.59467,1.4666724547261463,Low,Stress_Induced
0 days 04:46:00,88.02,91.0,218.0,0.5926400000000001,1.4559581127620926,Low,Stress_Induced
0 days 04:47:00,88.02,91.0,215.0,0.59129,1.4493211797648364,Low,Stress_Induced
0 days 04:48:00,88.02,91.0,217.0,0.59219,1.453742431643719,Low,Stress_Induced
0 days 04:49:00,88.02,91.0,221.0,0.59399,1.4626254385254416,Low,Stress_Induced
0 days 04:50:00,88.02,91.0,221.0,0.59399,1.4626254385254416,Low,Stress_Induced
0 days 04:51:00,88.02,92.0,221.0,0.59749,1.467735432614839,Low,Stress_Induced
0 days 04:52:00,88.02,92.0,224.0,0.59884,1.4744566907182666,Low,Stress_Induced
0 days 04:53:00,88.02,92.0,226.0,0.59974,1.4789546201663322,Medium,Stress_Induced
0 days 04:54:00,88.02,92.0,227.0,0.60019,1.481208727741034,Medium,Stress_Induced
0 days 04:55:00,88.02,92.0,228.0,0.6006400000000001,1.48346627085114,Medium,Stress_Induced
0 days 04:56:00,88.02,92.0,228.0,0.6006400000000001,1.48346627085114,Medium,Stress_Induced
0 days 04:57:00,88.02,92.0,229.0,0.60109,1.4857272547328255,Medium,Stress_Induced
0 days 04:58:00,88.02,92.0,231.0,0.60199,1.490259565795554,Medium,Stress_Induced
0 days 04:59:00,88.14,94.0,227.0,0.6074299999999999,1.4920368671528739,Medium,Stress_Induced
0 days 05:00:00,88.14,94.0,217.0,0.60293,1.4694858714219072,Low,Stress_Induced
0 days 05:01:00,88.02,94.0,212.0,0.60044,1.4578886849172714,Low,Stress_Induced
0 days 05:02:00,88.14,94.0,211.0,0.6002299999999999,1.4561192091422188,Low,Stress_Induced
0 days 05:03:00,88.02,94.0,213.0,0.6008899999999999,1.460110685432321,Low,Stress_Induced
0 days 05:04:00,88.14,94.0,218.0,0.60338,1.4717255474664077,Low,Stress_Induced
0 days 05:05:00,88.14,94.0,221.0,0.60473,1.478465077658376,Medium,Stress_Induced
0 days 05:06:00,88.14,94.0,221.0,0.60473,1.478465077658376,Medium,Stress_Induced
0 days 05:07:00,88.14,93.0,222.0,0.60168,1.4755632440366324,Low,Stress_Induced
0 days 05:08:00,88.14,93.0,221.0,0.6012299999999999,1.4733177277747835,Low,Stress_Induced
0 days 05:09:00,88.14,93.0,221.0,0.6012299999999999,1.4733177277747835,Low,Stress_Induced
0 days 05:10:00,88.14,93.0,217.0,0.59943,1.4643697830925266,Low,Stress_Induced
0 days 05:11:00,88.14,93.0,212.0,0.59718,1.4532612345155551,Low,Stress_Induced
0 days 05:12:00,88.14,93.0,213.0,0.59763,1.4554761822307014,Low,Stress_Induced
0 days 05:13:00,88.14,93.0,215.0,0.59853,1.4599162103591805,Low,Stress_Induced
0 days 05:14:00,88.14,93.0,219.0,0.60033,1.4688369417494695,Low,Stress_Induced
0 days 05:15:00,88.14,90.0,222.0,0.59118,1.460205097496395,Low,Stress_Induced
0 days 05:16:00,88.14,90.0,225.0,0.59253,1.4668918716425563,Low,Stress_Induced
0 days 05:17:00,88.25,90.0,227.0,0.59365,1.4717828730035358,Low,Stress_Induced
0 days 05:18:00,88.25,90.0,229.0,0.59455,1.4762726457905657,Medium,Stress_Induced
0 days 05:19:00,88.25,90.0,231.0,0.59545,1.480776114931894,Medium,Stress_Induced
0 days 05:20:00,88.25,90.0,231.0,0.59545,1.480776114931894,Medium,Stress_Induced
0 days 05:21:00,88.25,90.0,232.0,0.5959,1.4830329986872122,Medium,Stress_Induced
0 days 05:22:00,88.25,90.0,234.0,0.5968,1.4875570907403999,Medium,Stress_Induced
0 days 05:23:00,88.25,88.0,233.0,0.58935,1.4749690802159827,Low,Stress_Induced
0 days 05:24:00,88.25,88.0,230.0,0.588,1.4682454864033512,Low,Stress_Induced
0 days 05:25:00,88.25,88.0,230.0,0.588,1.4682454864033512,Low,Stress_Induced
0 days 05:26:00,88.25,88.0,230.0,0.588,1.4682454864033512,Low,Stress_Induced
0 days 05:27:00,88.25,88.0,226.0,0.5862,1.4593283471165301,Low,Stress_Induced
0 days 05:28:00,88.25,88.0,220.0,0.5835,1.4460540791902876,Low,Stress_Induced
0 days 05:29:00,88.25,88.0,214.0,0.5808,1.432900555981521,Low,Stress_Induced
0 days 05:30:00,88.25,88.0,211.0,0.57945,1.4263687300323948,Low,Stress_Induced
0 days 05:31:00,88.36,89.0,215.0,0.58497,1.4405055505698208,Low,Stress_Induced
0 days 05:32:00,88.36,89.0,219.0,0.58677,1.4493076742750517,Low,Stress_Induced
0 days 05:33:00,88.36,89.0,221.0,0.5876699999999999,1.4537288849545282,Low,Stress_Induced
0 days 05:34:00,88.36,89.0,223.0,0.58857,1.458163582834976,Low,Stress_Induced
0 days 05:35:00,88.36,89.0,226.0,0.58992,1.464841008193436,Low,Stress_Induced
0 days 05:36:00,88.36,89.0,229.0,0.59127,1.4715490117462375,Low,Stress_Induced
0 days 05:37:00,88.36,89.0,229.0,0.59127,1.4715490117462375,Low,Stress_Induced
0 days 05:38:00,88.47,89.0,221.0,0.58789,1.4541400453205195,Low,Stress_Induced
0 days 05:39:00,88.47,93.0,209.0,0.59649,1.4478644056678358,Low,Stress_Induced
0 days 05:40:00,88.47,93.0,204.0,0.59424,1.4368810650738615,Low,Stress_Induced
0 days 05:41:00,88.47,93.0,208.0,0.59604,1.4456610415755011,Low,Stress_Induced
0 days 05:42:00,88.47,93.0,214.0,0.59874,1.4589317015546557,Low,Stress_Induced
0 days 05:43:00,88.47,93.0,217.0,0.60009,1.4656126443891229,Low,Stress_Induced
0 days 05:44:00,88.47,93.0,220.0,0.60144,1.4723241815256467,Low,Stress_Induced
0 days 05:45:00,88.47,93.0,223.0,0.60279,1.4790664530659074,Medium,Stress_Induced
0 days 05:46:00,88.47,93.0,225.0,0.6036900000000001,1.483578444904508,Medium,Stress_Induced
0 days 05:47:00,88.59,94.0,228.0,0.60878,1.496040644191818,Medium,Stress_Induced
0 days 05:48:00,88.59,94.0,230.0,0.60968,1.5006044169437562,Medium,Stress_Induced
0 days 05:49:00,88.59,94.0,233.0,0.61103,1.5074761932689034,Medium,Stress_Induced
0 days 05:50:00,88.47,94.0,235.0,0.61169,1.5116084479947172,Medium,Stress_Induced
0 days 05:51:00,88.59,94.0,231.0,0.61013,1.50289152145443,Medium,Stress_Induced
0 days 05:52:00,88.59,94.0,218.0,0.6042799999999999,1.4734291344340864,Low,Stress_Induced
0 days 05:53:00,88.59,94.0,204.0,0.59798,1.4423460106197274,Low,Stress_Induced
0 days 05:54:00,88.59,94.0,202.0,0.5970799999999999,1.4379594185586833,Low,Stress_Induced
0 days 05:55:00,88.59,95.0,207.0,0.60283,1.4540132214800559,Low,Stress_Induced
0 days 05:56:00,88.59,95.0,212.0,0.60508,1.4651275181520884,Low,Stress_Induced
0 days 05:57:00,88.59,95.0,215.0,0.60643,1.4718368337311165,Low,Stress_Induced
0 days 05:58:00,88.7,95.0,216.0,0.6071,1.4744970092587701,Low,Stress_Induced
0 days 05:59:00,88.59,95.0,214.0,0.60598,1.469596988330868,Low,Stress_Induced
