Timestamp,Object Temperature(F),Heart Rate Ear(BPM),GSR,Feature_Mean,Weighted_Stress,QuantityIndex_Stress,StressIndex_Level,Predicted_Stress,Condition
00:00,0.0,0.774193548387097,1.0,0.5913978494623656,0.7209677419354839,1.9801493685208904,High,0.7209677419354839,Base
00:30,0.00850734725444724,0.774193548387097,1.0,0.5942336318805147,0.7226692113863733,1.9801493685208904,High,0.7226692113863733,Base
01:00,0.00850734725444724,0.774193548387097,1.0,0.5942336318805147,0.7226692113863733,1.9801493685208904,High,0.7226692113863733,Base
01:30,0.00850734725444724,0.774193548387097,1.0,0.5942336318805147,0.7226692113863733,1.9801493685208904,High,0.7226692113863733,Base
02:00,0.01701469450889359,0.774193548387097,1.0,0.5970694142986636,0.7243706808372625,1.9801493685208904,High,0.7243706808372625,Base
02:30,0.01701469450889359,0.774193548387097,1.0,0.5970694142986636,0.7243706808372625,1.9801493685208904,High,0.7243706808372625,Base
03:00,0.02552204176334083,0.774193548387097,0.9583333333333357,0.5860163078279245,0.707322150288153,1.9801493685208904,High,0.707322150288153,Base
03:30,0.02552204176334083,1.0,0.9583333333333357,0.6612851250322255,0.7863544083526692,2.225540928492468,High,0.7863544083526691,Base
04:00,0.02552204176334083,1.0,0.9583333333333357,0.6612851250322255,0.7863544083526692,2.225540928492468,High,0.7863544083526691,Base
04:30,0.034802784222737415,1.0,0.9583333333333357,0.6643787058520244,0.7882105568445485,2.225540928492468,High,0.7882105568445484,Base
05:00,0.034802784222737415,1.0,0.9583333333333357,0.6643787058520244,0.7882105568445485,2.225540928492468,High,0.7882105568445484,Base
05:30,0.034802784222737415,1.0,0.9583333333333357,0.6643787058520244,0.7882105568445485,2.225540928492468,High,0.7882105568445484,Base
06:00,0.034802784222737415,1.0,0.9583333333333357,0.6643787058520244,0.7882105568445485,2.225540928492468,High,0.7882105568445484,Base
06:30,0.034802784222737415,1.0,0.9583333333333357,0.6643787058520244,0.7882105568445485,2.225540928492468,High,0.7882105568445484,Base
07:00,0.043310131477183766,1.0,0.9583333333333357,0.6672144882701732,0.7899120262954379,2.225540928492468,High,0.7899120262954378,Base
07:30,0.043310131477183766,0.967741935483871,0.9583333333333357,0.6564618000981302,0.7786217037147927,2.1928791278011666,High,0.7786217037147926,Base
08:00,0.043310131477183766,0.967741935483871,0.9583333333333357,0.6564618000981302,0.7786217037147927,2.1928791278011666,High,0.7786217037147926,Base
08:30,0.043310131477183766,0.967741935483871,0.9583333333333357,0.6564618000981302,0.7786217037147927,2.1928791278011666,High,0.7786217037147926,Base
09:00,0.051817478731631006,0.967741935483871,0.9583333333333357,0.6592975825162792,0.7803231731656821,2.1928791278011666,High,0.780323173165682,Base
09:30,0.043310131477183766,0.967741935483871,0.9583333333333357,0.6564618000981302,0.7786217037147927,2.1928791278011666,High,0.7786217037147926,Base
10:00,0.051817478731631006,0.967741935483871,0.9583333333333357,0.6592975825162792,0.7803231731656821,2.1928791278011666,High,0.780323173165682,Base
10:30,0.051817478731631006,0.967741935483871,0.9583333333333357,0.6592975825162792,0.7803231731656821,2.1928791278011666,High,0.780323173165682,Base
11:00,0.051817478731631006,0.806451612903226,0.9166666666666679,0.591645252767175,0.7051215602624558,2.0141141256696087,High,0.7051215602624558,Base
11:30,0.051817478731631006,0.806451612903226,0.9166666666666679,0.591645252767175,0.7051215602624558,2.0141141256696087,High,0.7051215602624558,Base
12:00,0.051817478731631006,0.806451612903226,0.9583333333333357,0.6055341416560642,0.7238715602624564,2.0141141256696087,High,0.7238715602624564,Base
12:30,0.060324825986078245,0.806451612903226,0.9583333333333357,0.6083699240742133,0.7255730297133458,2.0141141256696087,High,0.7255730297133458,Base
13:00,0.060324825986078245,0.806451612903226,0.9583333333333357,0.6083699240742133,0.7255730297133458,2.0141141256696087,High,0.7255730297133458,Base
13:30,0.060324825986078245,0.806451612903226,0.9166666666666679,0.594481035185324,0.7068230297133452,2.0141141256696087,High,0.7068230297133452,Base
14:00,0.060324825986078245,0.806451612903226,0.9166666666666679,0.594481035185324,0.7068230297133452,2.0141141256696087,High,0.7068230297133452,Base
14:30,0.060324825986078245,0.806451612903226,0.9166666666666679,0.594481035185324,0.7068230297133452,2.0141141256696087,High,0.7068230297133452,Base
15:00,0.0688321732405246,0.806451612903226,0.9166666666666679,0.5973168176034728,0.7085244991642344,2.0141141256696087,High,0.7085244991642344,Base
15:30,0.0688321732405246,0.580645161290323,0.9166666666666679,0.5220480003991718,0.6294922410997185,1.7880563830188485,Medium,0.6294922410997185,Base
16:00,0.0688321732405246,0.580645161290323,0.9166666666666679,0.5220480003991718,0.6294922410997185,1.7880563830188485,Medium,0.6294922410997185,Base
16:30,0.0688321732405246,0.580645161290323,0.9166666666666679,0.5220480003991718,0.6294922410997185,1.7880563830188485,Medium,0.6294922410997185,Base
17:00,0.0688321732405246,0.580645161290323,0.9166666666666679,0.5220480003991718,0.6294922410997185,1.7880563830188485,Medium,0.6294922410997185,Base
17:30,0.0688321732405246,0.580645161290323,0.9166666666666679,0.5220480003991718,0.6294922410997185,1.7880563830188485,Medium,0.6294922410997185,Base
18:00,0.0688321732405246,0.580645161290323,0.9166666666666679,0.5220480003991718,0.6294922410997185,1.7880563830188485,Medium,0.6294922410997185,Base
18:30,0.0688321732405246,0.580645161290323,0.9166666666666679,0.5220480003991718,0.6294922410997185,1.7880563830188485,Medium,0.6294922410997185,Base
19:00,0.07811291569992207,0.967741935483871,0.9166666666666679,0.6541738392834869,0.7668322605593397,2.1928791278011666,High,0.7668322605593396,Base
19:30,0.07811291569992207,0.967741935483871,0.9166666666666679,0.6541738392834869,0.7668322605593397,2.1928791278011666,High,0.7668322605593396,Base
20:00,0.07811291569992207,0.967741935483871,0.9166666666666679,0.6541738392834869,0.7668322605593397,2.1928791278011666,High,0.7668322605593396,Base
20:30,0.07811291569992207,0.967741935483871,0.9166666666666679,0.6541738392834869,0.7668322605593397,2.1928791278011666,High,0.7668322605593396,Base
21:00,0.07811291569992207,0.967741935483871,0.9166666666666679,0.6541738392834869,0.7668322605593397,2.1928791278011666,High,0.7668322605593396,Base
21:30,0.07811291569992207,0.967741935483871,0.9166666666666679,0.6541738392834869,0.7668322605593397,2.1928791278011666,High,0.7668322605593396,Base
22:00,0.07811291569992207,0.967741935483871,0.875,0.6402849503945977,0.7480822605593392,2.1928791278011666,High,0.7480822605593391,Base
22:30,0.08662026295436931,0.967741935483871,0.875,0.6431207328127467,0.7497837300102287,2.1928791278011666,High,0.7497837300102286,Base
23:00,0.07811291569992207,0.870967741935484,0.875,0.6080268858784686,0.7142112928174038,2.0838013869268157,High,0.7142112928174037,Base
23:30,0.08662026295436931,0.870967741935484,0.875,0.6108626682966177,0.7159127622682933,2.0838013869268157,High,0.7159127622682931,Base
24:00,0.08662026295436931,0.870967741935484,0.875,0.6108626682966177,0.7159127622682933,2.0838013869268157,High,0.7159127622682931,Base
24:30,0.08662026295436931,0.870967741935484,0.875,0.6108626682966177,0.7159127622682933,2.0838013869268157,High,0.7159127622682931,Base
25:00,0.08662026295436931,0.870967741935484,0.875,0.6108626682966177,0.7159127622682933,2.0838013869268157,High,0.7159127622682931,Base
25:30,0.08662026295436931,0.870967741935484,0.875,0.6108626682966177,0.7159127622682933,2.0838013869268157,High,0.7159127622682931,Base
26:00,0.08662026295436931,0.870967741935484,0.875,0.6108626682966177,0.7159127622682933,2.0838013869268157,High,0.7159127622682931,Base
26:30,0.08662026295436931,0.870967741935484,0.875,0.6108626682966177,0.7159127622682933,2.0838013869268157,High,0.7159127622682931,Base
27:00,0.08662026295436931,0.67741935483871,0.875,0.5463465392643597,0.6481708267844223,1.8816531874164593,Medium,0.6481708267844223,Base
27:30,0.08662026295436931,0.67741935483871,0.875,0.5463465392643597,0.6481708267844223,1.8816531874164593,Medium,0.6481708267844223,Base
28:00,0.08662026295436931,0.67741935483871,0.875,0.5463465392643597,0.6481708267844223,1.8816531874164593,Medium,0.6481708267844223,Base
28:30,0.08662026295436931,0.67741935483871,0.875,0.5463465392643597,0.6481708267844223,1.8816531874164593,Medium,0.6481708267844223,Base
29:00,0.09512761020881566,0.67741935483871,0.875,0.5491823216825086,0.6498722962353115,1.8816531874164593,Medium,0.6498722962353115,Base
29:30,0.09512761020881566,0.67741935483871,0.875,0.5491823216825086,0.6498722962353115,1.8816531874164593,Medium,0.6498722962353115,Base
30:00,0.09512761020881566,0.67741935483871,0.875,0.5491823216825086,0.6498722962353115,1.8816531874164593,Medium,0.6498722962353115,Base
30:30,0.09512761020881566,0.870967741935484,0.875,0.6136984507147666,0.7176142317191825,2.0838013869268157,High,0.7176142317191824,Base
31:00,0.09512761020881566,0.870967741935484,0.875,0.6136984507147666,0.7176142317191825,2.0838013869268157,High,0.7176142317191824,Base
31:30,0.09512761020881566,0.870967741935484,0.875,0.6136984507147666,0.7176142317191825,2.0838013869268157,High,0.7176142317191824,Base
32:00,0.09512761020881566,0.870967741935484,0.875,0.6136984507147666,0.7176142317191825,2.0838013869268157,High,0.7176142317191824,Base
32:30,0.09512761020881566,0.870967741935484,0.875,0.6136984507147666,0.7176142317191825,2.0838013869268157,High,0.7176142317191824,Base
33:00,0.09512761020881566,0.870967741935484,0.875,0.6136984507147666,0.7176142317191825,2.0838013869268157,High,0.7176142317191824,Base
33:30,0.09512761020881566,0.870967741935484,0.875,0.6136984507147666,0.7176142317191825,2.0838013869268157,High,0.7176142317191824,Base
34:00,0.09512761020881566,0.870967741935484,0.875,0.6136984507147666,0.7176142317191825,2.0838013869268157,High,0.7176142317191824,Base
34:30,0.09512761020881566,0.806451612903226,0.875,0.5921930743706806,0.6950335865578922,2.0141141256696087,High,0.695033586557892,Base
35:00,0.1036349574632629,0.806451612903226,0.875,0.5950288567888297,0.6967350560087816,2.0141141256696087,High,0.6967350560087815,Base
35:30,0.1036349574632629,0.806451612903226,0.875,0.5950288567888297,0.6967350560087816,2.0141141256696087,High,0.6967350560087815,Base
36:00,0.1036349574632629,0.806451612903226,0.875,0.5950288567888297,0.6967350560087816,2.0141141256696087,High,0.6967350560087815,Base
36:30,0.1036349574632629,0.806451612903226,0.8333333333333357,0.5811399678999415,0.6779850560087827,2.0141141256696087,High,0.6779850560087826,Base
37:00,0.1036349574632629,0.806451612903226,0.8333333333333357,0.5811399678999415,0.6779850560087827,2.0141141256696087,High,0.6779850560087826,Base
37:30,0.1036349574632629,0.806451612903226,0.8333333333333357,0.5811399678999415,0.6779850560087827,2.0141141256696087,High,0.6779850560087826,Base
38:00,0.1036349574632629,0.870967741935484,0.8333333333333357,0.6026453442440275,0.700565701170073,2.0838013869268157,High,0.7005657011700729,Base
38:30,0.1036349574632629,0.870967741935484,0.8333333333333357,0.6026453442440275,0.700565701170073,2.0838013869268157,High,0.7005657011700729,Base
39:00,0.1036349574632629,0.870967741935484,0.8333333333333357,0.6026453442440275,0.700565701170073,2.0838013869268157,High,0.7005657011700729,Base
39:30,0.1036349574632629,0.870967741935484,0.8333333333333357,0.6026453442440275,0.700565701170073,2.0838013869268157,High,0.7005657011700729,Base
40:00,0.1036349574632629,0.870967741935484,0.8333333333333357,0.6026453442440275,0.700565701170073,2.0838013869268157,High,0.7005657011700729,Base
40:30,0.1036349574632629,0.870967741935484,0.8333333333333357,0.6026453442440275,0.700565701170073,2.0838013869268157,High,0.7005657011700729,Base
41:00,0.11291569992266037,0.870967741935484,0.8333333333333357,0.6057389250638266,0.7024218496619525,2.0838013869268157,High,0.7024218496619524,Base
41:30,0.11291569992266037,1.0,0.8333333333333357,0.6487496777519987,0.7475831399845331,2.225540928492468,High,0.747583139984533,Base
42:00,0.11291569992266037,1.0,0.8333333333333357,0.6487496777519987,0.7475831399845331,2.225540928492468,High,0.747583139984533,Base
42:30,0.11291569992266037,1.0,0.8333333333333357,0.6487496777519987,0.7475831399845331,2.225540928492468,High,0.747583139984533,Base
43:00,0.11291569992266037,1.0,0.8333333333333357,0.6487496777519987,0.7475831399845331,2.225540928492468,High,0.747583139984533,Base
43:30,0.11291569992266037,1.0,0.8333333333333357,0.6487496777519987,0.7475831399845331,2.225540928492468,High,0.747583139984533,Base
44:00,0.11291569992266037,1.0,0.8333333333333357,0.6487496777519987,0.7475831399845331,2.225540928492468,High,0.747583139984533,Base
44:30,0.11291569992266037,1.0,0.8333333333333357,0.6487496777519987,0.7475831399845331,2.225540928492468,High,0.747583139984533,Base
45:00,0.11291569992266037,1.0,0.8333333333333357,0.6487496777519987,0.7475831399845331,2.225540928492468,High,0.747583139984533,Base
45:30,0.11291569992266037,0.870967741935484,0.8333333333333357,0.6057389250638266,0.7024218496619525,2.0838013869268157,High,0.7024218496619524,Base
46:00,0.11291569992266037,0.870967741935484,0.8333333333333357,0.6057389250638266,0.7024218496619525,2.0838013869268157,High,0.7024218496619524,Base
46:30,0.11291569992266037,0.870967741935484,0.8333333333333357,0.6057389250638266,0.7024218496619525,2.0838013869268157,High,0.7024218496619524,Base
47:00,0.11291569992266037,0.870967741935484,0.8333333333333357,0.6057389250638266,0.7024218496619525,2.0838013869268157,High,0.7024218496619524,Base
47:30,0.11291569992266037,0.870967741935484,0.8333333333333357,0.6057389250638266,0.7024218496619525,2.0838013869268157,High,0.7024218496619524,Base
48:00,0.11291569992266037,0.870967741935484,0.8333333333333357,0.6057389250638266,0.7024218496619525,2.0838013869268157,High,0.7024218496619524,Base
48:30,0.11291569992266037,0.870967741935484,0.7916666666666679,0.5918500361749374,0.683671849661952,2.0838013869268157,High,0.6836718496619519,Base
49:00,0.11291569992266037,0.870967741935484,0.7916666666666679,0.5918500361749374,0.683671849661952,2.0838013869268157,High,0.6836718496619519,Base
49:30,0.11291569992266037,0.838709677419355,0.7916666666666679,0.5810973480028944,0.6723815270813068,2.0486614675195174,High,0.6723815270813068,Base
50:00,0.11291569992266037,0.838709677419355,0.7916666666666679,0.5810973480028944,0.6723815270813068,2.0486614675195174,High,0.6723815270813068,Base
50:30,0.12142304717710672,0.838709677419355,0.7916666666666679,0.5839331304210432,0.674082996532196,2.0486614675195174,High,0.674082996532196,Base
51:00,0.12142304717710672,0.838709677419355,0.7916666666666679,0.5839331304210432,0.674082996532196,2.0486614675195174,High,0.674082996532196,Base
51:30,0.12142304717710672,0.838709677419355,0.7916666666666679,0.5839331304210432,0.674082996532196,2.0486614675195174,High,0.674082996532196,Base
52:00,0.12142304717710672,0.838709677419355,0.7916666666666679,0.5839331304210432,0.674082996532196,2.0486614675195174,High,0.674082996532196,Base
52:30,0.12142304717710672,0.838709677419355,0.7916666666666679,0.5839331304210432,0.674082996532196,2.0486614675195174,High,0.674082996532196,Base
53:00,0.12142304717710672,0.903225806451613,0.7916666666666679,0.6054385067651292,0.6966636416934865,2.1195440481514076,High,0.6966636416934864,Base
53:30,0.12142304717710672,0.903225806451613,0.7916666666666679,0.6054385067651292,0.6966636416934865,2.1195440481514076,High,0.6966636416934864,Base
54:00,0.12142304717710672,0.903225806451613,0.7916666666666679,0.6054385067651292,0.6966636416934865,2.1195440481514076,High,0.6966636416934864,Base
54:30,0.12142304717710672,0.903225806451613,0.7916666666666679,0.6054385067651292,0.6966636416934865,2.1195440481514076,High,0.6966636416934864,Base
55:00,0.12142304717710672,0.903225806451613,0.7916666666666679,0.6054385067651292,0.6966636416934865,2.1195440481514076,High,0.6966636416934864,Base
55:30,0.12993039443155396,0.903225806451613,0.7916666666666679,0.6082742891832783,0.6983651111443759,2.1195440481514076,High,0.6983651111443758,Base
56:00,0.12993039443155396,0.903225806451613,0.7916666666666679,0.6082742891832783,0.6983651111443759,2.1195440481514076,High,0.6983651111443758,Base
56:30,0.12993039443155396,0.903225806451613,0.7916666666666679,0.6082742891832783,0.6983651111443759,2.1195440481514076,High,0.6983651111443758,Base
57:00,0.12993039443155396,0.741935483870968,0.7916666666666679,0.5545108483230633,0.6419134982411502,1.9467573717304205,Medium,0.6419134982411501,Base
57:30,0.12993039443155396,0.741935483870968,0.7916666666666679,0.5545108483230633,0.6419134982411502,1.9467573717304205,Medium,0.6419134982411501,Base
58:00,0.12993039443155396,0.741935483870968,0.7916666666666679,0.5545108483230633,0.6419134982411502,1.9467573717304205,Medium,0.6419134982411501,Base
58:30,0.12993039443155396,0.741935483870968,0.7916666666666679,0.5545108483230633,0.6419134982411502,1.9467573717304205,Medium,0.6419134982411501,Base
59:00,0.12993039443155396,0.741935483870968,0.7916666666666679,0.5545108483230633,0.6419134982411502,1.9467573717304205,Medium,0.6419134982411501,Base
59:30,0.12993039443155396,0.741935483870968,0.7916666666666679,0.5545108483230633,0.6419134982411502,1.9467573717304205,Medium,0.6419134982411501,Base
60:00,0.12993039443155396,0.741935483870968,0.7916666666666679,0.5545108483230633,0.6419134982411502,1.9467573717304205,Medium,0.6419134982411501,Base
60:30,0.12993039443155396,0.741935483870968,0.7916666666666679,0.5545108483230633,0.6419134982411502,1.9467573717304205,Medium,0.6419134982411501,Base
61:00,0.12993039443155396,0.741935483870968,0.7916666666666679,0.5545108483230633,0.6419134982411502,1.9467573717304205,Medium,0.6419134982411501,Base
61:30,0.1384377416860012,0.741935483870968,0.7916666666666679,0.5573466307412124,0.6436149676920396,1.9467573717304205,Medium,0.6436149676920395,Base
62:00,0.1384377416860012,0.741935483870968,0.7916666666666679,0.5573466307412124,0.6436149676920396,1.9467573717304205,Medium,0.6436149676920395,Base
62:30,0.1384377416860012,0.741935483870968,0.7916666666666679,0.5573466307412124,0.6436149676920396,1.9467573717304205,Medium,0.6436149676920395,Base
63:00,0.1384377416860012,0.741935483870968,0.7916666666666679,0.5573466307412124,0.6436149676920396,1.9467573717304205,Medium,0.6436149676920395,Base
63:30,0.1384377416860012,0.741935483870968,0.7916666666666679,0.5573466307412124,0.6436149676920396,1.9467573717304205,Medium,0.6436149676920395,Base
64:00,0.1384377416860012,0.741935483870968,0.7916666666666679,0.5573466307412124,0.6436149676920396,1.9467573717304205,Medium,0.6436149676920395,Base
64:30,0.1384377416860012,0.741935483870968,0.7916666666666679,0.5573466307412124,0.6436149676920396,1.9467573717304205,Medium,0.6436149676920395,Base
65:00,0.1384377416860012,0.548387096774194,0.7916666666666679,0.4928305017089543,0.5758730322081687,1.757903721834736,Medium,0.5758730322081687,Base
65:30,0.1384377416860012,0.548387096774194,0.7916666666666679,0.4928305017089543,0.5758730322081687,1.757903721834736,Medium,0.5758730322081687,Base
66:00,0.1384377416860012,0.548387096774194,0.7916666666666679,0.4928305017089543,0.5758730322081687,1.757903721834736,Medium,0.5758730322081687,Base
66:30,0.1384377416860012,0.548387096774194,0.7916666666666679,0.4928305017089543,0.5758730322081687,1.757903721834736,Medium,0.5758730322081687,Base
67:00,0.1384377416860012,0.548387096774194,0.7916666666666679,0.4928305017089543,0.5758730322081687,1.757903721834736,Medium,0.5758730322081687,Base
67:30,0.1384377416860012,0.548387096774194,0.7916666666666679,0.4928305017089543,0.5758730322081687,1.757903721834736,Medium,0.5758730322081687,Base
68:00,0.1477184841453978,0.548387096774194,0.7916666666666679,0.4959240825287532,0.577729180700048,1.757903721834736,Medium,0.577729180700048,Base
68:30,0.1477184841453978,0.548387096774194,0.7916666666666679,0.4959240825287532,0.577729180700048,1.757903721834736,Medium,0.577729180700048,Base
69:00,0.1384377416860012,0.741935483870968,0.7916666666666679,0.5573466307412124,0.6436149676920396,1.9467573717304205,Medium,0.6436149676920395,Base
69:30,0.1477184841453978,0.741935483870968,0.7916666666666679,0.5604402115610112,0.645471116183919,1.9467573717304205,Medium,0.6454711161839188,Base
70:00,0.1477184841453978,0.741935483870968,0.7916666666666679,0.5604402115610112,0.645471116183919,1.9467573717304205,Medium,0.6454711161839188,Base
70:30,0.1477184841453978,0.741935483870968,0.7916666666666679,0.5604402115610112,0.645471116183919,1.9467573717304205,Medium,0.6454711161839188,Base
71:00,0.1477184841453978,0.741935483870968,0.7916666666666679,0.5604402115610112,0.645471116183919,1.9467573717304205,Medium,0.6454711161839188,Base
71:30,0.1477184841453978,0.741935483870968,0.7916666666666679,0.5604402115610112,0.645471116183919,1.9467573717304205,Medium,0.6454711161839188,Base
72:00,0.1477184841453978,0.741935483870968,0.7916666666666679,0.5604402115610112,0.645471116183919,1.9467573717304205,Medium,0.6454711161839188,Base
72:30,0.1477184841453978,0.741935483870968,0.75,0.5465513226721219,0.6267211161839183,1.9467573717304205,Medium,0.6267211161839183,Base
73:00,0.15622583139984503,0.870967741935484,0.75,0.592397857778443,0.6735838759573883,2.0838013869268157,High,0.6735838759573882,Base
73:30,0.15622583139984503,0.870967741935484,0.7916666666666679,0.6062867466673323,0.6923338759573889,2.0838013869268157,High,0.6923338759573888,Base
74:00,0.15622583139984503,0.870967741935484,0.7916666666666679,0.6062867466673323,0.6923338759573889,2.0838013869268157,High,0.6923338759573888,Base
74:30,0.15622583139984503,0.870967741935484,0.7916666666666679,0.6062867466673323,0.6923338759573889,2.0838013869268157,High,0.6923338759573888,Base
75:00,0.16473317865429227,0.870967741935484,0.7916666666666679,0.6091225290854814,0.6940353454082784,2.0838013869268157,High,0.6940353454082783,Base
75:30,0.16473317865429227,0.870967741935484,0.7916666666666679,0.6091225290854814,0.6940353454082784,2.0838013869268157,High,0.6940353454082783,Base
76:00,0.16473317865429227,0.870967741935484,0.7916666666666679,0.6091225290854814,0.6940353454082784,2.0838013869268157,High,0.6940353454082783,Base
76:30,0.16473317865429227,0.870967741935484,0.7916666666666679,0.6091225290854814,0.6940353454082784,2.0838013869268157,High,0.6940353454082783,Base
77:00,0.16473317865429227,0.612903225806452,0.7916666666666679,0.5231010237091374,0.6037127647631172,1.8187262414562526,Medium,0.6037127647631171,Base
77:30,0.16473317865429227,0.612903225806452,0.7916666666666679,0.5231010237091374,0.6037127647631172,1.8187262414562526,Medium,0.6037127647631171,Base
78:00,0.16473317865429227,0.612903225806452,0.75,0.5092121348202481,0.5849627647631166,1.8187262414562526,Medium,0.5849627647631166,Base
78:30,0.16473317865429227,0.612903225806452,0.75,0.5092121348202481,0.5849627647631166,1.8187262414562526,Medium,0.5849627647631166,Base
79:00,0.16473317865429227,0.612903225806452,0.75,0.5092121348202481,0.5849627647631166,1.8187262414562526,Medium,0.5849627647631166,Base
79:30,0.16473317865429227,0.612903225806452,0.75,0.5092121348202481,0.5849627647631166,1.8187262414562526,Medium,0.5849627647631166,Base
80:00,0.17401392111368885,0.612903225806452,0.75,0.5123057156400469,0.5868189132549959,1.8187262414562526,Medium,0.586818913254996,Base
80:30,0.17401392111368885,0.838709677419355,0.75,0.5875745328443479,0.665851171319512,2.0486614675195174,High,0.665851171319512,Base
81:00,0.17401392111368885,0.838709677419355,0.75,0.5875745328443479,0.665851171319512,2.0486614675195174,High,0.665851171319512,Base
81:30,0.17401392111368885,0.838709677419355,0.75,0.5875745328443479,0.665851171319512,2.0486614675195174,High,0.665851171319512,Base
82:00,0.17401392111368885,0.838709677419355,0.75,0.5875745328443479,0.665851171319512,2.0486614675195174,High,0.665851171319512,Base
82:30,0.17401392111368885,0.838709677419355,0.75,0.5875745328443479,0.665851171319512,2.0486614675195174,High,0.665851171319512,Base
83:00,0.1825212683681361,0.838709677419355,0.75,0.590410315262497,0.6675526407704014,2.0486614675195174,High,0.6675526407704014,Base
83:30,0.1825212683681361,0.838709677419355,0.75,0.590410315262497,0.6675526407704014,2.0486614675195174,High,0.6675526407704014,Base
84:00,0.1825212683681361,0.838709677419355,0.75,0.590410315262497,0.6675526407704014,2.0486614675195174,High,0.6675526407704014,Base
84:30,0.1825212683681361,0.838709677419355,0.75,0.590410315262497,0.6675526407704014,2.0486614675195174,High,0.6675526407704014,Base
85:00,0.1825212683681361,0.838709677419355,0.75,0.590410315262497,0.6675526407704014,2.0486614675195174,High,0.6675526407704014,Base
85:30,0.1825212683681361,0.838709677419355,0.75,0.590410315262497,0.6675526407704014,2.0486614675195174,High,0.6675526407704014,Base
86:00,0.19102861562258333,0.838709677419355,0.75,0.5932460976806461,0.6692541102212909,2.0486614675195174,High,0.6692541102212909,Base
86:30,0.19102861562258333,0.838709677419355,0.75,0.5932460976806461,0.6692541102212909,2.0486614675195174,High,0.6692541102212909,Base
87:00,0.19102861562258333,0.838709677419355,0.75,0.5932460976806461,0.6692541102212909,2.0486614675195174,High,0.6692541102212909,Base
87:30,0.19102861562258333,0.838709677419355,0.75,0.5932460976806461,0.6692541102212909,2.0486614675195174,High,0.6692541102212909,Base
88:00,0.19102861562258333,0.838709677419355,0.75,0.5932460976806461,0.6692541102212909,2.0486614675195174,High,0.6692541102212909,Base
88:30,0.19102861562258333,0.709677419354839,0.7083333333333357,0.536346456103586,0.6053428198987113,1.8784710823374193,Medium,0.6053428198987113,Base
89:00,0.19953596287703057,0.709677419354839,0.7083333333333357,0.5391822385217351,0.6070442893496008,1.8784710823374193,Medium,0.6070442893496008,Base
89:30,0.19953596287703057,0.709677419354839,0.7083333333333357,0.5391822385217351,0.6070442893496008,1.8784710823374193,Medium,0.6070442893496008,Base
90:00,0.19953596287703057,0.709677419354839,0.7083333333333357,0.5391822385217351,0.6070442893496008,1.8784710823374193,Medium,0.6070442893496008,Base
90:30,0.20881670533642627,0.709677419354839,0.7083333333333357,0.5422758193415337,0.60890043784148,1.8784710823374193,Medium,0.60890043784148,Base
91:00,0.20881670533642627,0.709677419354839,0.7083333333333357,0.5422758193415337,0.60890043784148,1.8784710823374193,Medium,0.60890043784148,Base
91:30,0.20881670533642627,0.709677419354839,0.7083333333333357,0.5422758193415337,0.60890043784148,1.8784710823374193,Medium,0.60890043784148,Base
92:00,0.20881670533642627,0.935483870967742,0.7083333333333357,0.6175446365458347,0.687932695905996,2.1159596406070333,High,0.687932695905996,Base
92:30,0.2173240525908735,0.935483870967742,0.7083333333333357,0.6203804189639838,0.6896341653568855,2.1159596406070333,High,0.6896341653568855,Base
93:00,0.2173240525908735,0.935483870967742,0.7083333333333357,0.6203804189639838,0.6896341653568855,2.1159596406070333,High,0.6896341653568855,Base
93:30,0.22583139984531986,0.935483870967742,0.7083333333333357,0.6232162013821325,0.6913356348077747,2.1159596406070333,High,0.6913356348077747,Base
94:00,0.22583139984531986,0.935483870967742,0.7083333333333357,0.6232162013821325,0.6913356348077747,2.1159596406070333,High,0.6913356348077747,Base
94:30,0.2343387470997671,0.935483870967742,0.7083333333333357,0.6260519838002816,0.6930371042586642,2.1159596406070333,High,0.6930371042586642,Base
95:00,0.2343387470997671,0.935483870967742,0.7083333333333357,0.6260519838002816,0.6930371042586642,2.1159596406070333,High,0.6930371042586642,Base
95:30,0.2343387470997671,0.935483870967742,0.7083333333333357,0.6260519838002816,0.6930371042586642,2.1159596406070333,High,0.6930371042586642,Base
96:00,0.2343387470997671,0.67741935483871,0.7083333333333357,0.5400304784239376,0.602714523613503,1.846793724381713,Medium,0.602714523613503,Base
96:30,0.24284609435421434,0.67741935483871,0.7083333333333357,0.5428662608420867,0.6044159930643924,1.846793724381713,Medium,0.6044159930643924,Base
97:00,0.24284609435421434,0.67741935483871,0.7083333333333357,0.5428662608420867,0.6044159930643924,1.846793724381713,Medium,0.6044159930643924,Base
97:30,0.2521268368136109,0.67741935483871,0.7083333333333357,0.5459598416618855,0.6062721415562717,1.846793724381713,Medium,0.6062721415562717,Base
98:00,0.2521268368136109,0.67741935483871,0.7083333333333357,0.5459598416618855,0.6062721415562717,1.846793724381713,Medium,0.6062721415562717,Base
98:30,0.2521268368136109,0.67741935483871,0.6666666666666679,0.5320709527729962,0.5875221415562712,1.776855298109576,Medium,0.5875221415562711,Base
99:00,0.26063418406805816,0.67741935483871,0.6666666666666679,0.5349067351911453,0.5892236110071607,1.776855298109576,Medium,0.5892236110071606,Base
99:30,0.26063418406805816,0.67741935483871,0.6666666666666679,0.5349067351911453,0.5892236110071607,1.776855298109576,Medium,0.5892236110071606,Base
100:00,0.26063418406805816,0.612903225806452,0.6666666666666679,0.5134013588470593,0.5666429658458704,1.7174330421534891,Medium,0.5666429658458704,Base
100:30,0.2691415313225054,0.612903225806452,0.6666666666666679,0.5162371412652084,0.5683444352967598,1.7174330421534891,Medium,0.5683444352967598,Base
101:00,0.2691415313225054,0.612903225806452,0.6666666666666679,0.5162371412652084,0.5683444352967598,1.7174330421534891,Medium,0.5683444352967598,Base
101:30,0.2691415313225054,0.612903225806452,0.6666666666666679,0.5162371412652084,0.5683444352967598,1.7174330421534891,Medium,0.5683444352967598,Base
102:00,0.27764887857695264,0.612903225806452,0.6666666666666679,0.5190729236833574,0.5700459047476493,1.7211362778788215,Medium,0.5700459047476493,Base
102:30,0.27764887857695264,0.612903225806452,0.6666666666666679,0.5190729236833574,0.5700459047476493,1.7211362778788215,Medium,0.5700459047476493,Base
103:00,0.2869296210363492,0.612903225806452,0.6666666666666679,0.5221665045031564,0.5719020532395286,1.7270233433572626,Medium,0.5719020532395286,Base
103:30,0.2869296210363492,0.612903225806452,0.6666666666666679,0.5221665045031564,0.5719020532395286,1.7270233433572626,Medium,0.5719020532395286,Base
104:00,0.2869296210363492,0.580645161290323,0.6666666666666679,0.5114138163311134,0.5606117306588834,1.6978999050675898,Medium,0.5606117306588834,Base
104:30,0.29543696829079646,0.580645161290323,0.6666666666666679,0.5142495987492625,0.5623132001097728,1.703222768300823,Medium,0.5623132001097729,Base
105:00,0.29543696829079646,0.580645161290323,0.6666666666666679,0.5142495987492625,0.5623132001097728,1.703222768300823,Medium,0.5623132001097729,Base
105:30,0.3039443155452437,0.580645161290323,0.625,0.5031964922785223,0.5452646695606618,1.6438587416535013,Medium,0.5452646695606619,Base
106:00,0.3039443155452437,0.580645161290323,0.625,0.5031964922785223,0.5452646695606618,1.6438587416535013,Medium,0.5452646695606619,Base
106:30,0.3039443155452437,0.580645161290323,0.625,0.5031964922785223,0.5452646695606618,1.6438587416535013,Medium,0.5452646695606619,Base
107:00,0.31245166279969006,0.580645161290323,0.625,0.506032274696671,0.546966139011551,1.6490121875253456,Medium,0.5469661390115511,Base
107:30,0.31245166279969006,0.580645161290323,0.625,0.506032274696671,0.546966139011551,1.6490121875253456,Medium,0.5469661390115511,Base
108:00,0.32173240525908753,0.806451612903226,0.625,0.5843946727207712,0.6278545455679465,1.863844517248994,Medium,0.6278545455679466,Base
108:30,0.33023975251353477,0.806451612903226,0.625,0.5872304551389202,0.629556015018836,1.869687611664464,Medium,0.6295560150188361,Base
109:00,0.33023975251353477,0.806451612903226,0.625,0.5872304551389202,0.629556015018836,1.869687611664464,Medium,0.6295560150188361,Base
109:30,0.3387470997679811,0.806451612903226,0.625,0.590066237557069,0.6312574844697252,1.8755490239986399,Medium,0.6312574844697253,Base
110:00,0.3387470997679811,0.806451612903226,0.625,0.590066237557069,0.6312574844697252,1.8755490239986399,Medium,0.6312574844697253,Base
110:30,0.3480278422273786,0.806451612903226,0.625,0.5931598183768682,0.6331136329616047,1.8819642509938637,Medium,0.6331136329616048,Base
111:00,0.3480278422273786,0.806451612903226,0.625,0.5931598183768682,0.6331136329616047,1.8819642509938637,Medium,0.6331136329616048,Base
111:30,0.35653518948182583,0.806451612903226,0.625,0.5959956007950172,0.6348151024124942,1.8878641502093452,Medium,0.6348151024124943,Base
112:00,0.3650425367362722,0.870967741935484,0.625,0.6203367595572521,0.6590972170246738,1.959306398976792,Medium,0.6590972170246738,Base
112:30,0.3650425367362722,0.870967741935484,0.625,0.6203367595572521,0.6590972170246738,1.959306398976792,Medium,0.6590972170246738,Base
113:00,0.3650425367362722,0.870967741935484,0.625,0.6203367595572521,0.6590972170246738,1.959306398976792,Medium,0.6590972170246738,Base
113:30,0.3735498839907194,0.870967741935484,0.5833333333333357,0.609283653086513,0.6420486864755643,1.891016848458893,Medium,0.6420486864755643,Base
114:00,0.3828306264501151,0.870967741935484,0.5833333333333357,0.6123772339063116,0.6439048349674436,1.8974849824182975,Medium,0.6439048349674434,Base
114:30,0.39133797370456236,0.870967741935484,0.5833333333333357,0.6152130163244607,0.645606304418333,1.9034335386425965,Medium,0.6456063044183329,Base
115:00,0.39133797370456236,0.870967741935484,0.5833333333333357,0.6152130163244607,0.645606304418333,1.9034335386425965,Medium,0.6456063044183329,Base
115:30,0.39133797370456236,0.903225806451613,0.5833333333333357,0.6259657044965037,0.6568966269989781,1.9360824180233538,Medium,0.656896626998978,Base
116:00,0.3998453209590096,0.903225806451613,0.5833333333333357,0.6288014869146528,0.6585980964498676,1.9421519760041555,Medium,0.6585980964498676,Base
116:30,0.40835266821345595,0.903225806451613,0.5833333333333357,0.6316372693328015,0.6602995659007568,1.9482405618598755,Medium,0.6602995659007568,Base
117:00,0.40835266821345595,0.903225806451613,0.5833333333333357,0.6316372693328015,0.6602995659007568,1.9482405618598755,Medium,0.6602995659007568,Base
117:30,0.4168600154679032,0.903225806451613,0.5833333333333357,0.6344730517509506,0.6620010353516462,1.954348235242309,Medium,0.6620010353516462,Base
118:00,0.4168600154679032,0.903225806451613,0.5833333333333357,0.6344730517509506,0.6620010353516462,1.954348235242309,Medium,0.6620010353516462,Base
118:30,0.42614075792730066,0.903225806451613,0.5833333333333357,0.6375666325707497,0.6638571838435258,1.961032991223821,Medium,0.6638571838435258,Base
119:00,0.42614075792730066,0.903225806451613,0.5833333333333357,0.6375666325707497,0.6638571838435258,1.961032991223821,Medium,0.6638571838435258,Base
119:30,0.434648105181747,0.806451612903226,0.5833333333333357,0.6081443504727696,0.6316876855524794,1.8693296687951118,Medium,0.6316876855524796,Base
120:00,0.434648105181747,0.806451612903226,0.5833333333333357,0.6081443504727696,0.6316876855524794,1.8693296687951118,Medium,0.6316876855524796,Base
120:30,0.44315545243619425,0.806451612903226,0.5833333333333357,0.6109801328909187,0.6333891550033689,1.8751899589895595,Medium,0.633389155003369,Base
121:00,0.44315545243619425,0.806451612903226,0.5833333333333357,0.6109801328909187,0.6333891550033689,1.8751899589895595,Medium,0.633389155003369,Base
121:30,0.4516627996906415,0.806451612903226,0.5833333333333357,0.6138159153090678,0.6350906244542583,1.8810686210109442,Medium,0.6350906244542585,Base
122:00,0.4516627996906415,0.806451612903226,0.5833333333333357,0.6138159153090678,0.6350906244542583,1.8810686210109442,Medium,0.6350906244542585,Base
122:30,0.4609435421500381,0.806451612903226,0.5416666666666679,0.6030206072399773,0.6181967729461372,1.8160226436367637,Medium,0.6181967729461373,Base
123:00,0.4609435421500381,0.870967741935484,0.5416666666666679,0.6245259835840633,0.6407774181074275,1.8788560465721833,Medium,0.6407774181074275,Base
123:30,0.4694508894044853,0.870967741935484,0.5416666666666679,0.6273617660022124,0.642478887558317,1.8847462016637693,Medium,0.642478887558317,Base
124:00,0.4694508894044853,0.870967741935484,0.5416666666666679,0.6273617660022124,0.642478887558317,1.8847462016637693,Medium,0.642478887558317,Base
124:30,0.47795823665893256,0.870967741935484,0.5416666666666679,0.6301975484203615,0.6441803570092064,1.8906548222078128,Medium,0.6441803570092064,Base
125:00,0.47795823665893256,0.870967741935484,0.5416666666666679,0.6301975484203615,0.6441803570092064,1.8906548222078128,Medium,0.6441803570092064,Base
125:30,0.47795823665893256,0.870967741935484,0.5416666666666679,0.6301975484203615,0.6441803570092064,1.8906548222078128,Medium,0.6441803570092064,Base
126:00,0.4864655839133798,0.870967741935484,0.5416666666666679,0.6330333308385105,0.6458818264600958,1.8965819660929315,Medium,0.6458818264600958,Base
126:30,0.4864655839133798,0.870967741935484,0.5416666666666679,0.6330333308385105,0.6458818264600958,1.8965819660929315,Medium,0.6458818264600958,Base
127:00,0.4864655839133798,0.870967741935484,0.5416666666666679,0.6330333308385105,0.6458818264600958,1.8965819660929315,Medium,0.6458818264600958,Base
127:30,0.4957463263727764,0.870967741935484,0.5416666666666679,0.6361269116583094,0.6477379749519752,1.9030691352747815,Medium,0.6477379749519752,Base
128:00,0.4957463263727764,0.870967741935484,0.5416666666666679,0.6361269116583094,0.6477379749519752,1.9030691352747815,Medium,0.6477379749519752,Base
128:30,0.5042536736272236,0.870967741935484,0.5416666666666679,0.6389626940764584,0.6494394444028646,1.9090351976440774,Medium,0.6494394444028646,Base
129:00,0.5042536736272236,0.870967741935484,0.5416666666666679,0.6389626940764584,0.6494394444028646,1.9090351976440774,Medium,0.6494394444028646,Base
129:30,0.5042536736272236,0.870967741935484,0.5416666666666679,0.6389626940764584,0.6494394444028646,1.9090351976440774,Medium,0.6494394444028646,Base
130:00,0.5042536736272236,0.870967741935484,0.5416666666666679,0.6389626940764584,0.6494394444028646,1.9090351976440774,Medium,0.6494394444028646,Base
130:30,0.5127610208816709,0.870967741935484,0.5416666666666679,0.6417984764946075,0.651140913853754,1.9150199634327787,Medium,0.651140913853754,Base
131:00,0.5127610208816709,0.645161290322581,0.5416666666666679,0.5665296592903065,0.5721086557892381,1.7000842333530184,Medium,0.5721086557892381,Base
131:30,0.5127610208816709,0.645161290322581,0.5416666666666679,0.5665296592903065,0.5721086557892381,1.7000842333530184,Medium,0.5721086557892381,Base
132:00,0.5127610208816709,0.645161290322581,0.5416666666666679,0.5665296592903065,0.5721086557892381,1.7000842333530184,Medium,0.5721086557892381,Base
132:30,0.5220417633410674,0.645161290322581,0.5416666666666679,0.5696232401101055,0.5739648042811174,1.7058992913058662,Medium,0.5739648042811174,Base
133:00,0.5220417633410674,0.645161290322581,0.5416666666666679,0.5696232401101055,0.5739648042811174,1.7058992913058662,Medium,0.5739648042811174,Base
133:30,0.5220417633410674,0.645161290322581,0.5416666666666679,0.5696232401101055,0.5739648042811174,1.7058992913058662,Medium,0.5739648042811174,Base
134:00,0.5220417633410674,0.645161290322581,0.5416666666666679,0.5696232401101055,0.5739648042811174,1.7058992913058662,Medium,0.5739648042811174,Base
134:30,0.5305491105955147,0.645161290322581,0.5416666666666679,0.5724590225282545,0.5756662737320069,1.7112472323654007,Medium,0.5756662737320069,Base
135:00,0.5305491105955147,0.580645161290323,0.5416666666666679,0.5509536461841685,0.5530856285707165,1.654019065753326,Medium,0.5530856285707165,Base
135:30,0.5305491105955147,0.580645161290323,0.5416666666666679,0.5509536461841685,0.5530856285707165,1.654019065753326,Medium,0.5530856285707165,Base
136:00,0.5390564578499619,0.580645161290323,0.5416666666666679,0.5537894286023176,0.554787098021606,1.6592043639242537,Medium,0.554787098021606,Base
136:30,0.5390564578499619,0.580645161290323,0.5416666666666679,0.5537894286023176,0.554787098021606,1.6592043639242537,Medium,0.554787098021606,Base
137:00,0.5390564578499619,0.580645161290323,0.5416666666666679,0.5537894286023176,0.554787098021606,1.6592043639242537,Medium,0.554787098021606,Base
137:30,0.5390564578499619,0.580645161290323,0.5416666666666679,0.5537894286023176,0.554787098021606,1.6592043639242537,Medium,0.554787098021606,Base
138:00,0.5475638051044083,0.580645161290323,0.5416666666666679,0.5566252110204664,0.5564885674724953,1.6644059178431816,Medium,0.5564885674724953,Base
138:30,0.5475638051044083,0.580645161290323,0.5416666666666679,0.5566252110204664,0.5564885674724953,1.6644059178431816,Medium,0.5564885674724953,Base
139:00,0.5475638051044083,0.709677419354839,0.5416666666666679,0.5996359637086384,0.6016498577950758,1.7815735080165385,Medium,0.6016498577950758,Base
139:30,0.5475638051044083,0.709677419354839,0.5416666666666679,0.5996359637086384,0.6016498577950758,1.7815735080165385,Medium,0.6016498577950758,Base
140:00,0.5568445475638049,0.709677419354839,0.5416666666666679,0.6027295445284372,0.6035060062869552,1.7876672961907527,Medium,0.6035060062869552,Base
140:30,0.5475638051044083,0.709677419354839,0.5416666666666679,0.5996359637086384,0.6016498577950758,1.7815735080165385,Medium,0.6016498577950758,Base
141:00,0.5568445475638049,0.709677419354839,0.5416666666666679,0.6027295445284372,0.6035060062869552,1.7876672961907527,Medium,0.6035060062869552,Base
141:30,0.5568445475638049,0.709677419354839,0.5416666666666679,0.6027295445284372,0.6035060062869552,1.7876672961907527,Medium,0.6035060062869552,Base
142:00,0.5568445475638049,0.709677419354839,0.5416666666666679,0.6027295445284372,0.6035060062869552,1.7876672961907527,Medium,0.6035060062869552,Base
142:30,0.5568445475638049,0.709677419354839,0.5416666666666679,0.6027295445284372,0.6035060062869552,1.7876672961907527,Medium,0.6035060062869552,Base
143:00,0.5568445475638049,0.645161290322581,0.5416666666666679,0.5812241681843512,0.5809253611256648,1.7278834613722451,Medium,0.580925361125665,Base
143:30,0.5568445475638049,0.645161290322581,0.5416666666666679,0.5812241681843512,0.5809253611256648,1.7278834613722451,Medium,0.580925361125665,Base
144:00,0.5653518948182512,0.645161290322581,0.5416666666666679,0.5840599506025,0.5826268305765541,1.7333003221190997,Medium,0.5826268305765542,Base
144:30,0.5653518948182512,0.645161290322581,0.5416666666666679,0.5840599506025,0.5826268305765541,1.7333003221190997,Medium,0.5826268305765542,Base
145:00,0.5653518948182512,0.645161290322581,0.5416666666666679,0.5840599506025,0.5826268305765541,1.7333003221190997,Medium,0.5826268305765542,Base
145:30,0.5653518948182512,0.645161290322581,0.5416666666666679,0.5840599506025,0.5826268305765541,1.7333003221190997,Medium,0.5826268305765542,Base
146:00,0.5653518948182512,0.645161290322581,0.5416666666666679,0.5840599506025,0.5826268305765541,1.7333003221190997,Medium,0.5826268305765542,Base
146:30,0.5653518948182512,0.645161290322581,0.5416666666666679,0.5840599506025,0.5826268305765541,1.7333003221190997,Medium,0.5826268305765542,Base
147:00,0.5653518948182512,0.645161290322581,0.5416666666666679,0.5840599506025,0.5826268305765541,1.7333003221190997,Medium,0.5826268305765542,Base
147:30,0.5653518948182512,0.4516129032258065,0.5416666666666679,0.5195438215702418,0.5148848950926831,1.5651539999574458,Medium,0.5148848950926832,Base
148:00,0.5653518948182512,0.4516129032258065,0.5416666666666679,0.5195438215702418,0.5148848950926831,1.5651539999574458,Medium,0.5148848950926832,Base
148:30,0.5653518948182512,0.4516129032258065,0.5416666666666679,0.5195438215702418,0.5148848950926831,1.5651539999574458,Medium,0.5148848950926832,Base
149:00,0.5653518948182512,0.4516129032258065,0.5416666666666679,0.5195438215702418,0.5148848950926831,1.5651539999574458,Medium,0.5148848950926832,Base
149:30,0.5653518948182512,0.4516129032258065,0.5416666666666679,0.5195438215702418,0.5148848950926831,1.5651539999574458,Medium,0.5148848950926832,Base
150:00,0.5653518948182512,0.4516129032258065,0.5416666666666679,0.5195438215702418,0.5148848950926831,1.5651539999574458,Medium,0.5148848950926832,Base
150:30,0.5738592420726984,0.4516129032258065,0.5416666666666679,0.5223796039883909,0.5165863645435725,1.5700607089194147,Medium,0.5165863645435727,Base
151:00,0.5738592420726984,0.4516129032258065,0.5416666666666679,0.5223796039883909,0.5165863645435725,1.5700607089194147,Medium,0.5165863645435727,Base
151:30,0.5738592420726984,0.4516129032258065,0.5416666666666679,0.5223796039883909,0.5165863645435725,1.5700607089194147,Medium,0.5165863645435727,Base
152:00,0.5738592420726984,0.3870967741935485,0.5416666666666679,0.5008742276443049,0.4940057193822822,1.5175541545526834,Medium,0.4940057193822823,Base
152:30,0.5653518948182512,0.3870967741935485,0.5416666666666679,0.49803844522615587,0.49230424993139277,1.5128115375773554,Medium,0.4923042499313929,Base
153:00,0.5738592420726984,0.3870967741935485,0.5416666666666679,0.5008742276443049,0.4940057193822822,1.5175541545526834,Medium,0.4940057193822823,Base
153:30,0.5738592420726984,0.3870967741935485,0.5416666666666679,0.5008742276443049,0.4940057193822822,1.5175541545526834,Medium,0.4940057193822823,Base
154:00,0.5738592420726984,0.3870967741935485,0.5416666666666679,0.5008742276443049,0.4940057193822822,1.5175541545526834,Medium,0.4940057193822823,Base
154:30,0.5738592420726984,0.3870967741935485,0.5833333333333357,0.5147631165331942,0.5127557193822827,1.5772862832550472,Medium,0.5127557193822828,Base
155:00,0.5738592420726984,0.3870967741935485,0.5833333333333357,0.5147631165331942,0.5127557193822827,1.5772862832550472,Medium,0.5127557193822828,Base
155:30,0.5738592420726984,0.3870967741935485,0.5833333333333357,0.5147631165331942,0.5127557193822827,1.5772862832550472,Medium,0.5127557193822828,Base
156:00,0.5738592420726984,0.4193548387096775,0.5833333333333357,0.5255158047052372,0.5240460419629278,1.6043408814668876,Medium,0.524046041962928,Base
156:30,0.5738592420726984,0.4193548387096775,0.5833333333333357,0.5255158047052372,0.5240460419629278,1.6043408814668876,Medium,0.524046041962928,Base
157:00,0.5738592420726984,0.4193548387096775,0.5833333333333357,0.5255158047052372,0.5240460419629278,1.6043408814668876,Medium,0.524046041962928,Base
157:30,0.5738592420726984,0.4193548387096775,0.5833333333333357,0.5255158047052372,0.5240460419629278,1.6043408814668876,Medium,0.524046041962928,Base
158:00,0.5738592420726984,0.4193548387096775,0.5833333333333357,0.5255158047052372,0.5240460419629278,1.6043408814668876,Medium,0.524046041962928,Base
158:30,0.5823665893271457,0.4193548387096775,0.5833333333333357,0.5283515871233863,0.5257475114138173,1.6093704400798807,Medium,0.5257475114138175,Base
159:00,0.5738592420726984,0.4193548387096775,0.5833333333333357,0.5255158047052372,0.5240460419629278,1.6043408814668876,Medium,0.524046041962928,Base
159:30,0.5738592420726984,0.4193548387096775,0.5416666666666679,0.5116269158163479,0.5052960419629273,1.543584190033245,Medium,0.5052960419629274,Base
160:00,0.5738592420726984,0.4193548387096775,0.5416666666666679,0.5116269158163479,0.5052960419629273,1.543584190033245,Medium,0.5052960419629274,Base
160:30,0.5823665893271457,0.4193548387096775,0.5833333333333357,0.5283515871233863,0.5257475114138173,1.6093704400798807,Medium,0.5257475114138175,Base
161:00,0.5738592420726984,0.4193548387096775,0.5833333333333357,0.5255158047052372,0.5240460419629278,1.6043408814668876,Medium,0.524046041962928,Base
161:30,0.5823665893271457,0.4193548387096775,0.5833333333333357,0.5283515871233863,0.5257475114138173,1.6093704400798807,Medium,0.5257475114138175,Base
162:00,0.5823665893271457,0.3870967741935485,0.5833333333333357,0.5175988989513433,0.5144571888331722,1.5822310265466648,Medium,0.5144571888331723,Base
162:30,0.5823665893271457,0.3870967741935485,0.5833333333333357,0.5175988989513433,0.5144571888331722,1.5822310265466648,Medium,0.5144571888331723,Base
163:00,0.5823665893271457,0.3870967741935485,0.5833333333333357,0.5175988989513433,0.5144571888331722,1.5822310265466648,Medium,0.5144571888331723,Base
163:30,0.5823665893271457,0.3870967741935485,0.5833333333333357,0.5175988989513433,0.5144571888331722,1.5822310265466648,Medium,0.5144571888331723,Base
164:00,0.5823665893271457,0.3870967741935485,0.5833333333333357,0.5175988989513433,0.5144571888331722,1.5822310265466648,Medium,0.5144571888331723,Base
164:30,0.5823665893271457,0.3870967741935485,0.5416666666666679,0.503710010062454,0.49570718883317166,1.5223116394842744,Medium,0.4957071888331718,Base
165:00,0.5823665893271457,0.3870967741935485,0.5416666666666679,0.503710010062454,0.49570718883317166,1.5223116394842744,Medium,0.4957071888331718,Base
165:30,0.5823665893271457,0.3870967741935485,0.5416666666666679,0.503710010062454,0.49570718883317166,1.5223116394842744,Medium,0.4957071888331718,Base
166:00,0.5823665893271457,0.548387096774194,0.5416666666666679,0.5574734509226692,0.5521588017363975,1.6574261496348988,Medium,0.5521588017363976,Base
166:30,0.5823665893271457,0.548387096774194,0.5416666666666679,0.5574734509226692,0.5521588017363975,1.6574261496348988,Medium,0.5521588017363976,Base
167:00,0.5908739365815929,0.548387096774194,0.5416666666666679,0.5603092333408183,0.553860271187287,1.6626221289075047,Medium,0.5538602711872871,Base
167:30,0.5908739365815929,0.548387096774194,0.5416666666666679,0.5603092333408183,0.553860271187287,1.6626221289075047,Medium,0.5538602711872871,Base
168:00,0.5908739365815929,0.548387096774194,0.5416666666666679,0.5603092333408183,0.553860271187287,1.6626221289075047,Medium,0.5538602711872871,Base
168:30,0.5908739365815929,0.548387096774194,0.5416666666666679,0.5603092333408183,0.553860271187287,1.6626221289075047,Medium,0.5538602711872871,Base
169:00,0.6001546790409895,0.548387096774194,0.5416666666666679,0.5634028141606171,0.5557164196791663,1.6683090494986192,Medium,0.5557164196791664,Base
169:30,0.6001546790409895,0.548387096774194,0.5416666666666679,0.5634028141606171,0.5557164196791663,1.6683090494986192,Medium,0.5557164196791664,Base
170:00,0.6001546790409895,0.548387096774194,0.5416666666666679,0.5634028141606171,0.5557164196791663,1.6683090494986192,Medium,0.5557164196791664,Base
170:30,0.6001546790409895,0.548387096774194,0.5416666666666679,0.5634028141606171,0.5557164196791663,1.6683090494986192,Medium,0.5557164196791664,Base
171:00,0.6001546790409895,0.3870967741935485,0.5416666666666679,0.509639373300402,0.49926480677594043,1.5323073579285218,Medium,0.49926480677594054,Base
171:30,0.6001546790409895,0.3870967741935485,0.5416666666666679,0.509639373300402,0.49926480677594043,1.5323073579285218,Medium,0.49926480677594054,Base
172:00,0.6001546790409895,0.3870967741935485,0.5416666666666679,0.509639373300402,0.49926480677594043,1.5323073579285218,Medium,0.49926480677594054,Base
172:30,0.6001546790409895,0.3870967741935485,0.5416666666666679,0.509639373300402,0.49926480677594043,1.5323073579285218,Medium,0.49926480677594054,Base
173:00,0.6001546790409895,0.3870967741935485,0.5416666666666679,0.509639373300402,0.49926480677594043,1.5323073579285218,Medium,0.49926480677594054,Base
173:30,0.6001546790409895,0.3870967741935485,0.5416666666666679,0.509639373300402,0.49926480677594043,1.5323073579285218,Medium,0.49926480677594054,Base
174:00,0.6086620262954368,0.3870967741935485,0.5416666666666679,0.5124751557185511,0.5009662762268299,1.5371110936924424,Medium,0.50096627622683,Base
174:30,0.6001546790409895,0.3870967741935485,0.5416666666666679,0.509639373300402,0.49926480677594043,1.5323073579285218,Medium,0.49926480677594054,Base
175:00,0.6086620262954368,0.806451612903226,0.5416666666666679,0.6522601019551102,0.6477404697752169,1.917453608296454,Medium,0.647740469775217,Base
175:30,0.6086620262954368,0.806451612903226,0.5416666666666679,0.6522601019551102,0.6477404697752169,1.917453608296454,Medium,0.647740469775217,Base
176:00,0.6086620262954368,0.806451612903226,0.5416666666666679,0.6522601019551102,0.6477404697752169,1.917453608296454,Medium,0.647740469775217,Base
176:30,0.6086620262954368,0.806451612903226,0.5416666666666679,0.6522601019551102,0.6477404697752169,1.917453608296454,Medium,0.647740469775217,Base
177:00,0.6086620262954368,0.806451612903226,0.5416666666666679,0.6522601019551102,0.6477404697752169,1.917453608296454,Medium,0.647740469775217,Base
177:30,0.6086620262954368,0.806451612903226,0.5416666666666679,0.6522601019551102,0.6477404697752169,1.917453608296454,Medium,0.647740469775217,Base
178:00,0.6086620262954368,0.806451612903226,0.5416666666666679,0.6522601019551102,0.6477404697752169,1.917453608296454,Medium,0.647740469775217,Base
178:30,0.6086620262954368,0.806451612903226,0.5416666666666679,0.6522601019551102,0.6477404697752169,1.917453608296454,Medium,0.647740469775217,Base
179:00,0.6086620262954368,0.806451612903226,0.5416666666666679,0.6522601019551102,0.6477404697752169,1.917453608296454,Medium,0.647740469775217,Base
179:30,0.6086620262954368,0.3225806451612905,0.5416666666666679,0.490969779374465,0.47838563106553955,1.493046407190886,Medium,0.4783856310655397,Base
180:00,0.6086620262954368,0.3225806451612905,0.5416666666666679,0.490969779374465,0.47838563106553955,1.493046407190886,Medium,0.4783856310655397,Base
180:30,0.6086620262954368,0.3225806451612905,0.5416666666666679,0.490969779374465,0.47838563106553955,1.493046407190886,Medium,0.4783856310655397,Base
181:00,0.6086620262954368,0.3225806451612905,0.5416666666666679,0.490969779374465,0.47838563106553955,1.493046407190886,Medium,0.4783856310655397,Base
181:30,0.6086620262954368,0.3225806451612905,0.5416666666666679,0.490969779374465,0.47838563106553955,1.493046407190886,Medium,0.4783856310655397,Base
182:00,0.6086620262954368,0.3225806451612905,0.5416666666666679,0.490969779374465,0.47838563106553955,1.493046407190886,Medium,0.4783856310655397,Base
182:30,0.6086620262954368,0.3225806451612905,0.5416666666666679,0.490969779374465,0.47838563106553955,1.493046407190886,Medium,0.4783856310655397,Base
183:00,0.6086620262954368,0.3225806451612905,0.5416666666666679,0.490969779374465,0.47838563106553955,1.493046407190886,Medium,0.4783856310655397,Base
183:30,0.617169373549884,0.3225806451612905,0.5416666666666679,0.4938055617926141,0.480087100516429,1.4977270610990627,Medium,0.48008710051642917,Base
184:00,0.617169373549884,0.3225806451612905,0.5416666666666679,0.4938055617926141,0.480087100516429,1.4977270610990627,Medium,0.48008710051642917,Base
184:30,0.617169373549884,0.0,0.5416666666666679,0.38627868007218397,0.3671838747099774,1.4977270610990627,Medium,0.3671838747099776,Base
185:00,0.617169373549884,0.0,0.5416666666666679,0.38627868007218397,0.3671838747099774,1.4977270610990627,Medium,0.3671838747099776,Base
185:30,0.617169373549884,0.0,0.5416666666666679,0.38627868007218397,0.3671838747099774,1.4977270610990627,Medium,0.3671838747099776,Base
186:00,0.617169373549884,0.0,0.5416666666666679,0.38627868007218397,0.3671838747099774,1.4977270610990627,Medium,0.3671838747099776,Base
186:30,0.617169373549884,0.0,0.5416666666666679,0.38627868007218397,0.3671838747099774,1.4977270610990627,Medium,0.3671838747099776,Base
187:00,0.617169373549884,0.0,0.5416666666666679,0.38627868007218397,0.3671838747099774,1.4977270610990627,Medium,0.3671838747099776,Base
187:30,0.617169373549884,0.0,0.5416666666666679,0.38627868007218397,0.3671838747099774,1.4977270610990627,Medium,0.3671838747099776,Base
188:00,0.6256767208043303,0.0,0.5416666666666679,0.3891144624903327,0.3688853441608666,1.5024223887112191,Medium,0.3688853441608668,Base
188:30,0.6256767208043303,0.645161290322581,0.5416666666666679,0.604168225931193,0.59469179577377,1.7722010381268953,Medium,0.59469179577377,Base
189:00,0.6256767208043303,0.645161290322581,0.5416666666666679,0.604168225931193,0.59469179577377,1.7722010381268953,Medium,0.59469179577377,Base
189:30,0.6256767208043303,0.645161290322581,0.5416666666666679,0.604168225931193,0.59469179577377,1.7722010381268953,Medium,0.59469179577377,Base
190:00,0.6256767208043303,0.645161290322581,0.5416666666666679,0.604168225931193,0.59469179577377,1.7722010381268953,Medium,0.59469179577377,Base
190:30,0.6256767208043303,0.645161290322581,0.5416666666666679,0.604168225931193,0.59469179577377,1.7722010381268953,Medium,0.59469179577377,Base
191:00,0.6256767208043303,0.645161290322581,0.5416666666666679,0.604168225931193,0.59469179577377,1.7722010381268953,Medium,0.59469179577377,Base
191:30,0.6256767208043303,0.645161290322581,0.5416666666666679,0.604168225931193,0.59469179577377,1.7722010381268953,Medium,0.59469179577377,Base
192:00,0.6256767208043303,0.645161290322581,0.5416666666666679,0.604168225931193,0.59469179577377,1.7722010381268953,Medium,0.59469179577377,Base
192:30,0.6349574632637278,0.709677419354839,0.5416666666666679,0.6287671830950782,0.6191285894269397,1.839789699843341,Medium,0.6191285894269398,Base
193:00,0.6349574632637278,0.709677419354839,0.5416666666666679,0.6287671830950782,0.6191285894269397,1.839789699843341,Medium,0.6191285894269398,Base
193:30,0.6349574632637278,0.709677419354839,0.5416666666666679,0.6287671830950782,0.6191285894269397,1.839789699843341,Medium,0.6191285894269398,Base
194:00,0.6349574632637278,0.709677419354839,0.5416666666666679,0.6287671830950782,0.6191285894269397,1.839789699843341,Medium,0.6191285894269398,Base
194:30,0.6349574632637278,0.709677419354839,0.5416666666666679,0.6287671830950782,0.6191285894269397,1.839789699843341,Medium,0.6191285894269398,Base
195:00,0.6349574632637278,0.709677419354839,0.5416666666666679,0.6287671830950782,0.6191285894269397,1.839789699843341,Medium,0.6191285894269398,Base
195:30,0.6434648105181751,0.709677419354839,0.5416666666666679,0.6316029655132273,0.6208300588778292,1.8455573831566794,Medium,0.6208300588778293,Base
196:00,0.6434648105181751,0.709677419354839,0.5416666666666679,0.6316029655132273,0.6208300588778292,1.8455573831566794,Medium,0.6208300588778293,Base
196:30,0.6434648105181751,0.4838709677419355,0.5416666666666679,0.5563341483089261,0.541797800813313,1.6384179114397321,Medium,0.5417978008133131,Base
197:00,0.6434648105181751,0.4838709677419355,0.5416666666666679,0.5563341483089261,0.541797800813313,1.6384179114397321,Medium,0.5417978008133131,Base
197:30,0.6434648105181751,0.4838709677419355,0.5,0.5424452594200369,0.5230478008133124,1.5763707164610188,Medium,0.5230478008133125,Base
198:00,0.6434648105181751,0.4838709677419355,0.5,0.5424452594200369,0.5230478008133124,1.5763707164610188,Medium,0.5230478008133125,Base
198:30,0.6434648105181751,0.4838709677419355,0.5416666666666679,0.5563341483089261,0.541797800813313,1.6384179114397321,Medium,0.5417978008133131,Base
199:00,0.6519721577726214,0.4838709677419355,0.5416666666666679,0.5591699307270749,0.5434992702642023,1.643554300478593,Medium,0.5434992702642024,Base
199:30,0.6519721577726214,0.4838709677419355,0.5416666666666679,0.5591699307270749,0.5434992702642023,1.643554300478593,Medium,0.5434992702642024,Base
200:00,0.6519721577726214,0.4838709677419355,0.5416666666666679,0.5591699307270749,0.5434992702642023,1.643554300478593,Medium,0.5434992702642024,Base
200:30,0.6519721577726214,0.741935483870968,0.5416666666666679,0.6451914361034191,0.6338218509093636,1.8830985404843328,Medium,0.6338218509093637,Base
201:00,0.6519721577726214,0.741935483870968,0.5416666666666679,0.6451914361034191,0.6338218509093636,1.8830985404843328,Medium,0.6338218509093637,Base
201:30,0.6519721577726214,0.741935483870968,0.5416666666666679,0.6451914361034191,0.6338218509093636,1.8830985404843328,Medium,0.6338218509093637,Base
202:00,0.6519721577726214,0.741935483870968,0.5416666666666679,0.6451914361034191,0.6338218509093636,1.8830985404843328,Medium,0.6338218509093637,Base
202:30,0.6519721577726214,0.741935483870968,0.5416666666666679,0.6451914361034191,0.6338218509093636,1.8830985404843328,Medium,0.6338218509093637,Base
203:00,0.6604795050270686,0.741935483870968,0.5416666666666679,0.6480272185215682,0.635523320360253,1.8890019956619808,Medium,0.6355233203602532,Base
203:30,0.6604795050270686,0.741935483870968,0.5416666666666679,0.6480272185215682,0.635523320360253,1.8890019956619808,Medium,0.6355233203602532,Base
204:00,0.6604795050270686,0.741935483870968,0.5,0.6341383296326789,0.6167733203602526,1.8174651342045618,Medium,0.6167733203602527,Base
204:30,0.6604795050270686,0.580645161290323,0.5,0.5803748887724639,0.5603217074570268,1.6693041368786892,Medium,0.5603217074570269,Base
205:00,0.6604795050270686,0.580645161290323,0.5416666666666679,0.5942637776613532,0.5790717074570273,1.7350092645990354,Medium,0.5790717074570274,Base
205:30,0.6604795050270686,0.580645161290323,0.5416666666666679,0.5942637776613532,0.5790717074570273,1.7350092645990354,Medium,0.5790717074570274,Base
206:00,0.6604795050270686,0.580645161290323,0.5416666666666679,0.5942637776613532,0.5790717074570273,1.7350092645990354,Medium,0.5790717074570274,Base
206:30,0.6697602474864661,0.580645161290323,0.5416666666666679,0.5973573584811523,0.5809278559489068,1.7409437819743738,Medium,0.580927855948907,Base
207:00,0.6697602474864661,0.580645161290323,0.5416666666666679,0.5973573584811523,0.5809278559489068,1.7409437819743738,Medium,0.580927855948907,Base
207:30,0.6697602474864661,0.580645161290323,0.5416666666666679,0.5973573584811523,0.5809278559489068,1.7409437819743738,Medium,0.580927855948907,Base
208:00,0.6697602474864661,0.580645161290323,0.5416666666666679,0.5973573584811523,0.5809278559489068,1.7409437819743738,Medium,0.580927855948907,Base
208:30,0.6697602474864661,0.580645161290323,0.5416666666666679,0.5973573584811523,0.5809278559489068,1.7409437819743738,Medium,0.580927855948907,Base
209:00,0.6782675947409125,0.548387096774194,0.5416666666666679,0.5894404527272581,0.571339002819151,1.7169513655943063,Medium,0.5713390028191511,Base
209:30,0.6782675947409125,0.548387096774194,0.5416666666666679,0.5894404527272581,0.571339002819151,1.7169513655943063,Medium,0.5713390028191511,Base
210:00,0.6782675947409125,0.548387096774194,0.5416666666666679,0.5894404527272581,0.571339002819151,1.7169513655943063,Medium,0.5713390028191511,Base
210:30,0.6782675947409125,0.548387096774194,0.5416666666666679,0.5894404527272581,0.571339002819151,1.7169513655943063,Medium,0.5713390028191511,Base
211:00,0.6782675947409125,0.548387096774194,0.5416666666666679,0.5894404527272581,0.571339002819151,1.7169513655943063,Medium,0.5713390028191511,Base
211:30,0.6867749419953597,0.548387096774194,0.5416666666666679,0.5922762351454072,0.5730404722700404,1.722333954561945,Medium,0.5730404722700405,Base
212:00,0.6867749419953597,0.548387096774194,0.5416666666666679,0.5922762351454072,0.5730404722700404,1.722333954561945,Medium,0.5730404722700405,Base
212:30,0.6867749419953597,0.548387096774194,0.5416666666666679,0.5922762351454072,0.5730404722700404,1.722333954561945,Medium,0.5730404722700405,Base
213:00,0.6867749419953597,0.548387096774194,0.5416666666666679,0.5922762351454072,0.5730404722700404,1.722333954561945,Medium,0.5730404722700405,Base
213:30,0.6867749419953597,0.2580645161290325,0.5416666666666679,0.49550204159702,0.47142756904423383,1.5365786503960255,Medium,0.47142756904423405,Base
214:00,0.6960556844547572,0.2580645161290325,0.5416666666666679,0.49859562241681915,0.4732837175361133,1.5418344452124622,Medium,0.47328371753611354,Base
214:30,0.6960556844547572,0.2580645161290325,0.5,0.48470673352792987,0.4545337175361128,1.4834448842957797,Medium,0.45453371753611294,Base
215:00,0.6960556844547572,0.2580645161290325,0.5,0.48470673352792987,0.4545337175361128,1.4834448842957797,Medium,0.45453371753611294,Base
215:30,0.6960556844547572,0.2580645161290325,0.5,0.48470673352792987,0.4545337175361128,1.4834448842957797,Medium,0.45453371753611294,Base
216:00,0.7045630317092035,0.2580645161290325,0.5,0.48754251594607867,0.4562351869870021,1.488095437729217,Medium,0.4562351869870022,Base
216:30,0.7045630317092035,0.2580645161290325,0.5,0.48754251594607867,0.4562351869870021,1.488095437729217,Medium,0.4562351869870022,Base
217:00,0.7045630317092035,0.2580645161290325,0.5,0.48754251594607867,0.4562351869870021,1.488095437729217,Medium,0.4562351869870022,Base
217:30,0.7045630317092035,0.548387096774194,0.5,0.5843167094944658,0.5578480902128087,1.6679896596045924,Medium,0.5578480902128088,Base
218:00,0.7130703789636508,0.548387096774194,0.5,0.5871524919126149,0.5595495596636981,1.6732187551514048,Medium,0.5595495596636982,Base
218:30,0.7130703789636508,0.548387096774194,0.5,0.5871524919126149,0.5595495596636981,1.6732187551514048,Medium,0.5595495596636982,Base
219:00,0.7130703789636508,0.548387096774194,0.5,0.5871524919126149,0.5595495596636981,1.6732187551514048,Medium,0.5595495596636982,Base
219:30,0.721577726218098,0.548387096774194,0.5,0.589988274330764,0.5612510291145876,1.6784642437496256,Medium,0.5612510291145877,Base
220:00,0.721577726218098,0.548387096774194,0.5,0.589988274330764,0.5612510291145876,1.6784642437496256,Medium,0.5612510291145877,Base
220:30,0.721577726218098,0.548387096774194,0.5,0.589988274330764,0.5612510291145876,1.6784642437496256,Medium,0.5612510291145877,Base
221:00,0.721577726218098,0.548387096774194,0.5,0.589988274330764,0.5612510291145876,1.6784642437496256,Medium,0.5612510291145877,Base
221:30,0.721577726218098,0.903225806451613,0.5,0.708267844223237,0.6854445775016842,2.0237620830345606,High,0.6854445775016841,Base
222:00,0.721577726218098,0.903225806451613,0.5,0.708267844223237,0.6854445775016842,2.0237620830345606,High,0.6854445775016841,Base
222:30,0.7308584686774937,0.903225806451613,0.5,0.7113614250430356,0.6873007259935633,2.0306842658092403,High,0.6873007259935633,Base
223:00,0.7308584686774937,0.903225806451613,0.5,0.7113614250430356,0.6873007259935633,2.0306842658092403,High,0.6873007259935633,Base
223:30,0.7308584686774937,0.903225806451613,0.5,0.7113614250430356,0.6873007259935633,2.0306842658092403,High,0.6873007259935633,Base
224:00,0.7308584686774937,0.903225806451613,0.5,0.7113614250430356,0.6873007259935633,2.0306842658092403,High,0.6873007259935633,Base
224:30,0.7308584686774937,0.903225806451613,0.5,0.7113614250430356,0.6873007259935633,2.0306842658092403,High,0.6873007259935633,Base
225:00,0.739365815931941,0.903225806451613,0.5,0.7141972074611846,0.6890021954444527,2.03705039763157,High,0.6890021954444527,Base
225:30,0.739365815931941,0.903225806451613,0.4583333333333357,0.7003083185722966,0.6702521954444538,1.9599069152997421,Medium,0.6702521954444538,Base
226:00,0.739365815931941,0.4193548387096775,0.4583333333333357,0.5390179959916513,0.5008973567347764,1.5186006785199353,Medium,0.5008973567347765,Base
226:30,0.739365815931941,0.4193548387096775,0.5,0.5529068848805395,0.5196473567347754,1.5783739992312342,Medium,0.5196473567347755,Base
227:00,0.739365815931941,0.4193548387096775,0.5,0.5529068848805395,0.5196473567347754,1.5783739992312342,Medium,0.5196473567347755,Base
227:30,0.7478731631863882,0.4193548387096775,0.5,0.5557426672986886,0.5213488261856648,1.583322152478504,Medium,0.5213488261856649,Base
228:00,0.7478731631863882,0.4193548387096775,0.4583333333333357,0.5418537784098004,0.5025988261856659,1.5233614442715153,Medium,0.502598826185666,Base
228:30,0.7478731631863882,0.4193548387096775,0.4583333333333357,0.5418537784098004,0.5025988261856659,1.5233614442715153,Medium,0.502598826185666,Base
229:00,0.7478731631863882,0.4193548387096775,0.4583333333333357,0.5418537784098004,0.5025988261856659,1.5233614442715153,Medium,0.502598826185666,Base
229:30,0.7478731631863882,0.4193548387096775,0.4583333333333357,0.5418537784098004,0.5025988261856659,1.5233614442715153,Medium,0.502598826185666,Base
230:00,0.7478731631863882,0.580645161290323,0.4583333333333357,0.5956172192700157,0.5590504390888917,1.6585691310463622,Medium,0.5590504390888918,Base
230:30,0.7478731631863882,0.580645161290323,0.4583333333333357,0.5956172192700157,0.5590504390888917,1.6585691310463622,Medium,0.5590504390888918,Base
231:00,0.7478731631863882,0.580645161290323,0.4583333333333357,0.5956172192700157,0.5590504390888917,1.6585691310463622,Medium,0.5590504390888918,Base
231:30,0.7563805104408345,0.580645161290323,0.4583333333333357,0.5984530016881644,0.560751908539781,1.663768693530035,Medium,0.5607519085397811,Base
232:00,0.7563805104408345,0.580645161290323,0.4583333333333357,0.5984530016881644,0.560751908539781,1.663768693530035,Medium,0.5607519085397811,Base
232:30,0.7563805104408345,0.580645161290323,0.4583333333333357,0.5984530016881644,0.560751908539781,1.663768693530035,Medium,0.5607519085397811,Base
233:00,0.7563805104408345,0.580645161290323,0.4583333333333357,0.5984530016881644,0.560751908539781,1.663768693530035,Medium,0.5607519085397811,Base
233:30,0.7563805104408345,0.580645161290323,0.4583333333333357,0.5984530016881644,0.560751908539781,1.663768693530035,Medium,0.5607519085397811,Base
234:00,0.7563805104408345,0.4838709677419355,0.4583333333333357,0.5661949371720353,0.5268809407978454,1.5810098546469726,Medium,0.5268809407978455,Base
234:30,0.7563805104408345,0.4838709677419355,0.4583333333333357,0.5661949371720353,0.5268809407978454,1.5810098546469726,Medium,0.5268809407978455,Base
235:00,0.7563805104408345,0.4838709677419355,0.4583333333333357,0.5661949371720353,0.5268809407978454,1.5810098546469726,Medium,0.5268809407978455,Base
235:30,0.7563805104408345,0.4838709677419355,0.4583333333333357,0.5661949371720353,0.5268809407978454,1.5810098546469726,Medium,0.5268809407978455,Base
236:00,0.7563805104408345,0.4838709677419355,0.4583333333333357,0.5661949371720353,0.5268809407978454,1.5810098546469726,Medium,0.5268809407978455,Base
236:30,0.7563805104408345,0.4838709677419355,0.4583333333333357,0.5661949371720353,0.5268809407978454,1.5810098546469726,Medium,0.5268809407978455,Base
237:00,0.7648878576952818,0.4838709677419355,0.4583333333333357,0.5690307195901844,0.5285824102487349,1.5859662712187403,Medium,0.528582410248735,Base
237:30,0.7648878576952818,0.4838709677419355,0.4583333333333357,0.5690307195901844,0.5285824102487349,1.5859662712187403,Medium,0.528582410248735,Base
238:00,0.7648878576952818,0.4838709677419355,0.4583333333333357,0.5690307195901844,0.5285824102487349,1.5859662712187403,Medium,0.528582410248735,Base
238:30,0.7648878576952818,0.3870967741935485,0.4583333333333357,0.5367726550740554,0.4947114425067993,1.5070774643646565,Medium,0.49471144250679955,Base
239:00,0.7648878576952818,0.3870967741935485,0.4583333333333357,0.5367726550740554,0.4947114425067993,1.5070774643646565,Medium,0.49471144250679955,Base
239:30,0.7648878576952818,0.3870967741935485,0.4583333333333357,0.5367726550740554,0.4947114425067993,1.5070774643646565,Medium,0.49471144250679955,Base
240:00,0.7741686001546793,0.3870967741935485,0.4583333333333357,0.5398662358938545,0.49656759099867886,1.5122323517653988,Medium,0.49656759099867903,Base
240:30,0.7741686001546793,0.3870967741935485,0.4583333333333357,0.5398662358938545,0.49656759099867886,1.5122323517653988,Medium,0.49656759099867903,Base
241:00,0.7741686001546793,0.3870967741935485,0.4583333333333357,0.5398662358938545,0.49656759099867886,1.5122323517653988,Medium,0.49656759099867903,Base
241:30,0.7741686001546793,0.3870967741935485,0.4583333333333357,0.5398662358938545,0.49656759099867886,1.5122323517653988,Medium,0.49656759099867903,Base
242:00,0.7741686001546793,0.3870967741935485,0.4583333333333357,0.5398662358938545,0.49656759099867886,1.5122323517653988,Medium,0.49656759099867903,Base
242:30,0.7741686001546793,0.3870967741935485,0.41666666666666785,0.5259773470049652,0.4778175909986784,1.4549638277044927,Low,0.4778175909986785,Base
243:00,0.7741686001546793,0.580645161290323,0.41666666666666785,0.5904934760372234,0.5455595264825495,1.611272290969708,Medium,0.5455595264825496,Base
243:30,0.7741686001546793,0.580645161290323,0.41666666666666785,0.5904934760372234,0.5455595264825495,1.611272290969708,Medium,0.5455595264825496,Base
244:00,0.7741686001546793,0.580645161290323,0.41666666666666785,0.5904934760372234,0.5455595264825495,1.611272290969708,Medium,0.5455595264825496,Base
244:30,0.7741686001546793,0.580645161290323,0.375,0.5766045871483341,0.526809526482549,1.5502531057523388,Medium,0.526809526482549,Base
245:00,0.7826759474091256,0.580645161290323,0.375,0.5794403695664828,0.5285109959334382,1.5551131008758354,Medium,0.5285109959334383,Base
245:30,0.7826759474091256,0.580645161290323,0.375,0.5794403695664828,0.5285109959334382,1.5551131008758354,Medium,0.5285109959334383,Base
246:00,0.7826759474091256,0.580645161290323,0.375,0.5794403695664828,0.5285109959334382,1.5551131008758354,Medium,0.5285109959334383,Base
246:30,0.7826759474091256,0.580645161290323,0.375,0.5794403695664828,0.5285109959334382,1.5551131008758354,Medium,0.5285109959334383,Base
247:00,0.7911832946635728,0.612903225806452,0.375,0.5930288401566749,0.5415027879649728,1.586746224893047,Medium,0.5415027879649729,Base
247:30,0.7911832946635728,0.612903225806452,0.3333333333333357,0.5791399512677868,0.5227527879649738,1.5266558464186357,Medium,0.5227527879649739,Base
248:00,0.7911832946635728,0.612903225806452,0.3333333333333357,0.5791399512677868,0.5227527879649738,1.5266558464186357,Medium,0.5227527879649739,Base
248:30,0.7911832946635728,0.612903225806452,0.3333333333333357,0.5791399512677868,0.5227527879649738,1.5266558464186357,Medium,0.5227527879649739,Base
249:00,0.7911832946635728,0.612903225806452,0.29166666666666785,0.5652510623788976,0.5040027879649732,1.468841101897873,Medium,0.5040027879649734,Base
249:30,0.7996906419180201,0.612903225806452,0.29166666666666785,0.5680868447970466,0.5057042574158627,1.4734458729290856,Medium,0.5057042574158629,Base
250:00,0.7996906419180201,0.612903225806452,0.29166666666666785,0.5680868447970466,0.5057042574158627,1.4734458729290856,Medium,0.5057042574158629,Base
250:30,0.7996906419180201,0.838709677419355,0.29166666666666785,0.6433556620013476,0.5847365154803787,1.6597285042351908,Medium,0.5847365154803789,Base
251:00,0.7996906419180201,0.838709677419355,0.29166666666666785,0.6433556620013476,0.5847365154803787,1.6597285042351908,Medium,0.5847365154803789,Base
251:30,0.7996906419180201,0.838709677419355,0.25,0.6294667731124584,0.5659865154803783,1.5968742730924685,Medium,0.5659865154803784,Base
252:00,0.7996906419180201,0.838709677419355,0.25,0.6294667731124584,0.5659865154803783,1.5968742730924685,Medium,0.5659865154803784,Base
252:30,0.8089713843774167,0.838709677419355,0.16666666666666785,0.6047825761544798,0.530342663972258,1.5917393782079714,Medium,0.5303426639722583,Base
253:00,0.8089713843774167,0.838709677419355,0.125,0.5908936872655906,0.5115926639722576,1.5917393782079714,Medium,0.5115926639722577,Base
253:30,0.8089713843774167,0.838709677419355,0.0833333333333357,0.5770047983767025,0.4928426639722586,1.5917393782079714,Medium,0.49284266397225873,Base
254:00,0.8089713843774167,0.838709677419355,0.04166666666666785,0.5631159094878132,0.47409266397225813,1.5917393782079714,Medium,0.4740926639722582,Base
254:30,0.8089713843774167,0.838709677419355,0.04166666666666785,0.5631159094878132,0.47409266397225813,1.5917393782079714,Medium,0.4740926639722582,Base
255:00,0.8089713843774167,0.4838709677419355,0.04166666666666785,0.44483633959534,0.3498991155851613,1.3201540112285597,Low,0.3498991155851614,Base
255:30,0.8089713843774167,0.4838709677419355,0.04166666666666785,0.44483633959534,0.3498991155851613,1.3201540112285597,Low,0.3498991155851614,Base
256:00,0.8089713843774167,0.4838709677419355,0.04166666666666785,0.44483633959534,0.3498991155851613,1.3201540112285597,Low,0.3498991155851614,Base
256:30,0.8174787316318639,0.4838709677419355,0.04166666666666785,0.4476721220134891,0.35160058503605074,1.323272288430521,Low,0.35160058503605085,Base
257:00,0.8174787316318639,0.4838709677419355,0.04166666666666785,0.4476721220134891,0.35160058503605074,1.323272288430521,Low,0.35160058503605085,Base
257:30,0.8174787316318639,0.4838709677419355,0.0833333333333357,0.4615610109023784,0.3703505850360512,1.323272288430521,Low,0.3703505850360514,Base
258:00,0.8174787316318639,0.4838709677419355,0.0833333333333357,0.4615610109023784,0.3703505850360512,1.323272288430521,Low,0.3703505850360514,Base
258:30,0.8174787316318639,0.4838709677419355,0.04166666666666785,0.4476721220134891,0.35160058503605074,1.323272288430521,Low,0.35160058503605085,Base
259:00,0.8174787316318639,0.5161290322580645,0.04166666666666785,0.4584248101855321,0.3628909076166959,1.3459698801539897,Low,0.36289090761669607,Base
259:30,0.8174787316318639,0.5161290322580645,0.04166666666666785,0.4584248101855321,0.3628909076166959,1.3459698801539897,Low,0.36289090761669607,Base
260:00,0.8174787316318639,0.5161290322580645,0.0833333333333357,0.4723136990744214,0.38164090761669645,1.3459698801539897,Low,0.38164090761669656,Base
260:30,0.8259860788863111,0.5161290322580645,0.0833333333333357,0.47514948149257047,0.3833423770675859,1.3459698801539897,Low,0.383342377067586,Base
261:00,0.8259860788863111,0.5161290322580645,0.0833333333333357,0.47514948149257047,0.3833423770675859,1.3459698801539897,Low,0.383342377067586,Base
261:30,0.8259860788863111,0.5161290322580645,0.125,0.48903837038145853,0.4020923770675848,1.3459698801539897,Low,0.40209237706758494,Base
262:00,0.8259860788863111,0.5161290322580645,0.125,0.48903837038145853,0.4020923770675848,1.3459698801539897,Low,0.40209237706758494,Base
262:30,0.8259860788863111,0.5161290322580645,0.125,0.48903837038145853,0.4020923770675848,1.3459698801539897,Low,0.40209237706758494,Base
263:00,0.8259860788863111,0.806451612903226,0.125,0.5858125639298457,0.5037052802933913,1.5685936582666693,Medium,0.5037052802933913,Base
263:30,0.8259860788863111,0.806451612903226,0.125,0.5858125639298457,0.5037052802933913,1.5685936582666693,Medium,0.5037052802933913,Base
264:00,0.8259860788863111,0.806451612903226,0.125,0.5858125639298457,0.5037052802933913,1.5685936582666693,Medium,0.5037052802933913,Base
264:30,0.8259860788863111,0.806451612903226,0.125,0.5858125639298457,0.5037052802933913,1.5685936582666693,Medium,0.5037052802933913,Base
265:00,0.8259860788863111,0.806451612903226,0.125,0.5858125639298457,0.5037052802933913,1.5685936582666693,Medium,0.5037052802933913,Base
265:30,0.8259860788863111,0.806451612903226,0.16666666666666785,0.599701452818735,0.5224552802933918,1.5685936582666693,Medium,0.5224552802933918,Base
266:00,0.8259860788863111,0.806451612903226,0.16666666666666785,0.599701452818735,0.5224552802933918,1.5685936582666693,Medium,0.5224552802933918,Base
266:30,0.8259860788863111,0.806451612903226,0.16666666666666785,0.599701452818735,0.5224552802933918,1.5685936582666693,Medium,0.5224552802933918,Base
267:00,0.8259860788863111,0.580645161290323,0.125,0.5105437467255447,0.42467302222887526,1.392539711270903,Low,0.4246730222288754,Base
267:30,0.8259860788863111,0.580645161290323,0.0833333333333357,0.4966548578366566,0.40592302222887633,1.392539711270903,Low,0.40592302222887644,Base
268:00,0.8259860788863111,0.580645161290323,0.04166666666666785,0.4827659689477673,0.38717302222887584,1.392539711270903,Low,0.38717302222887595,Base
268:30,0.8259860788863111,0.580645161290323,0.04166666666666785,0.4827659689477673,0.38717302222887584,1.392539711270903,Low,0.38717302222887595,Base
269:00,0.8259860788863111,0.580645161290323,0.04166666666666785,0.4827659689477673,0.38717302222887584,1.392539711270903,Low,0.38717302222887595,Base
269:30,0.8259860788863111,0.580645161290323,0.04166666666666785,0.4827659689477673,0.38717302222887584,1.392539711270903,Low,0.38717302222887595,Base
270:00,0.8344934261407575,0.580645161290323,0.04166666666666785,0.4856017513659161,0.38887449167976507,1.392539711270903,Low,0.3888744916797652,Base
270:30,0.8259860788863111,0.580645161290323,0.0,0.468877080058878,0.36842302222887524,1.392539711270903,Low,0.36842302222887535,Base
271:00,0.8344934261407575,0.774193548387097,0.0,0.5362289915092848,0.43786642716363544,1.5421418788024173,Medium,0.4378664271636355,Base
271:30,0.8344934261407575,0.774193548387097,0.0,0.5362289915092848,0.43786642716363544,1.5421418788024173,Medium,0.4378664271636355,Base
272:00,0.8344934261407575,0.774193548387097,0.0,0.5362289915092848,0.43786642716363544,1.5421418788024173,Medium,0.4378664271636355,Base
272:30,0.8344934261407575,0.774193548387097,0.04166666666666785,0.5501178803981741,0.45661642716363593,1.5421418788024173,Medium,0.45661642716363604,Base
273:00,0.8344934261407575,0.774193548387097,0.04166666666666785,0.5501178803981741,0.45661642716363593,1.5421418788024173,Medium,0.45661642716363604,Base
273:30,0.8344934261407575,0.774193548387097,0.04166666666666785,0.5501178803981741,0.45661642716363593,1.5421418788024173,Medium,0.45661642716363604,Base
274:00,0.8344934261407575,0.774193548387097,0.04166666666666785,0.5501178803981741,0.45661642716363593,1.5421418788024173,Medium,0.45661642716363604,Base
274:30,0.8344934261407575,0.774193548387097,0.04166666666666785,0.5501178803981741,0.45661642716363593,1.5421418788024173,Medium,0.45661642716363604,Base
275:00,0.843774168600155,0.580645161290323,0.04166666666666785,0.48869533218571526,0.3907306401716446,1.392539711270903,Low,0.3907306401716447,Base
275:30,0.843774168600155,0.580645161290323,0.04166666666666785,0.48869533218571526,0.3907306401716446,1.392539711270903,Low,0.3907306401716447,Base
276:00,0.843774168600155,0.580645161290323,0.0833333333333357,0.5025842210746045,0.4094806401716451,1.392539711270903,Low,0.4094806401716452,Base
276:30,0.8344934261407575,0.580645161290323,0.0833333333333357,0.4994906402548054,0.4076244916797656,1.392539711270903,Low,0.4076244916797657,Base
277:00,0.843774168600155,0.580645161290323,0.0833333333333357,0.5025842210746045,0.4094806401716451,1.392539711270903,Low,0.4094806401716452,Base
277:30,0.843774168600155,0.580645161290323,0.0833333333333357,0.5025842210746045,0.4094806401716451,1.392539711270903,Low,0.4094806401716452,Base
278:00,0.843774168600155,0.580645161290323,0.125,0.5164731099634926,0.42823064017164403,1.392539711270903,Low,0.42823064017164414,Base
278:30,0.843774168600155,0.580645161290323,0.125,0.5164731099634926,0.42823064017164403,1.392539711270903,Low,0.42823064017164414,Base
279:00,0.843774168600155,0.870967741935484,0.0833333333333357,0.5993584146229916,0.5110935433974515,1.6228661519038836,Medium,0.5110935433974515,Base
279:30,0.843774168600155,0.870967741935484,0.0833333333333357,0.5993584146229916,0.5110935433974515,1.6228661519038836,Medium,0.5110935433974515,Base
280:00,0.843774168600155,0.870967741935484,0.0833333333333357,0.5993584146229916,0.5110935433974515,1.6228661519038836,Medium,0.5110935433974515,Base
280:30,0.843774168600155,0.870967741935484,0.04166666666666785,0.5854695257341023,0.4923435433974509,1.6228661519038836,Medium,0.49234354339745096,Base
281:00,0.843774168600155,0.870967741935484,0.0,0.571580636845213,0.4735935433974504,1.6228661519038836,Medium,0.4735935433974504,Base
281:30,0.843774168600155,0.870967741935484,0.0,0.571580636845213,0.4735935433974504,1.6228661519038836,Medium,0.4735935433974504,Base
282:00,0.843774168600155,0.870967741935484,0.0,0.571580636845213,0.4735935433974504,1.6228661519038836,Medium,0.4735935433974504,Base
282:30,0.843774168600155,0.838709677419355,0.0,0.56082794867317,0.4623032208168052,1.5954991551524136,Medium,0.4623032208168053,Base
283:00,0.8522815158546022,0.838709677419355,0.0,0.5636637310913191,0.46400469026769464,1.5954991551524136,Medium,0.46400469026769475,Base
283:30,0.8522815158546022,0.838709677419355,0.0,0.5636637310913191,0.46400469026769464,1.5954991551524136,Medium,0.46400469026769475,Base
284:00,0.8522815158546022,0.838709677419355,0.0,0.5636637310913191,0.46400469026769464,1.5954991551524136,Medium,0.46400469026769475,Base
284:30,0.8522815158546022,0.838709677419355,0.0,0.5636637310913191,0.46400469026769464,1.5954991551524136,Medium,0.46400469026769475,Base
285:00,0.8522815158546022,0.838709677419355,0.0,0.5636637310913191,0.46400469026769464,1.5954991551524136,Medium,0.46400469026769475,Base
285:30,0.8522815158546022,0.838709677419355,0.0,0.5636637310913191,0.46400469026769464,1.5954991551524136,Medium,0.46400469026769475,Base
286:00,0.8522815158546022,0.838709677419355,0.0,0.5636637310913191,0.46400469026769464,1.5954991551524136,Medium,0.46400469026769475,Base
286:30,0.8522815158546022,0.67741935483871,0.04166666666666785,0.5237891791199933,0.4263030773644695,1.4654329758287434,Medium,0.42630307736446954,Base
287:00,0.8522815158546022,0.67741935483871,0.04166666666666785,0.5237891791199933,0.4263030773644695,1.4654329758287434,Medium,0.42630307736446954,Base
287:30,0.8522815158546022,0.67741935483871,0.04166666666666785,0.5237891791199933,0.4263030773644695,1.4654329758287434,Medium,0.42630307736446954,Base
288:00,0.8522815158546022,0.67741935483871,0.04166666666666785,0.5237891791199933,0.4263030773644695,1.4654329758287434,Medium,0.42630307736446954,Base
288:30,0.8522815158546022,0.67741935483871,0.0833333333333357,0.5376780680088826,0.44505307736447,1.4654329758287434,Medium,0.4450530773644701,Base
289:00,0.8522815158546022,0.67741935483871,0.0833333333333357,0.5376780680088826,0.44505307736447,1.4654329758287434,Medium,0.4450530773644701,Base
289:30,0.8607888631090486,0.67741935483871,0.0833333333333357,0.5405138504270314,0.4467545468153593,1.4654329758287434,Medium,0.44675454681535937,Base
290:00,0.8607888631090486,0.67741935483871,0.0833333333333357,0.5405138504270314,0.4467545468153593,1.4654329758287434,Medium,0.44675454681535937,Base
290:30,0.8522815158546022,0.67741935483871,0.0833333333333357,0.5376780680088826,0.44505307736447,1.4654329758287434,Medium,0.4450530773644701,Base
291:00,0.8607888631090486,0.3225806451612905,0.0833333333333357,0.42223428053455825,0.32256099842826247,1.2214027581601699,Low,0.32256099842826264,Base
291:30,0.8607888631090486,0.3225806451612905,0.04166666666666785,0.40834539164566896,0.3038109984282619,1.2214027581601699,Low,0.3038109984282621,Base
292:00,0.8607888631090486,0.3225806451612905,0.04166666666666785,0.40834539164566896,0.3038109984282619,1.2214027581601699,Low,0.3038109984282621,Base
292:30,0.8607888631090486,0.3225806451612905,0.04166666666666785,0.40834539164566896,0.3038109984282619,1.2214027581601699,Low,0.3038109984282621,Base
293:00,0.8607888631090486,0.3225806451612905,0.04166666666666785,0.40834539164566896,0.3038109984282619,1.2214027581601699,Low,0.3038109984282621,Base
293:30,0.8607888631090486,0.3225806451612905,0.0833333333333357,0.42223428053455825,0.32256099842826247,1.2214027581601699,Low,0.32256099842826264,Base
294:00,0.8607888631090486,0.3225806451612905,0.0833333333333357,0.42223428053455825,0.32256099842826247,1.2214027581601699,Low,0.32256099842826264,Base
294:30,0.8607888631090486,0.3225806451612905,0.0833333333333357,0.42223428053455825,0.32256099842826247,1.2214027581601699,Low,0.32256099842826264,Base
295:00,0.8607888631090486,0.612903225806452,0.0833333333333357,0.5190084740829454,0.424173901654069,1.4164254210386427,Low,0.4241739016540691,Base
295:30,0.8607888631090486,0.612903225806452,0.0833333333333357,0.5190084740829454,0.424173901654069,1.4164254210386427,Low,0.4241739016540691,Base
296:00,0.8607888631090486,0.612903225806452,0.0833333333333357,0.5190084740829454,0.424173901654069,1.4164254210386427,Low,0.4241739016540691,Base
296:30,0.8607888631090486,0.612903225806452,0.04166666666666785,0.5051195851940561,0.40542390165406844,1.4164254210386427,Low,0.40542390165406855,Base
297:00,0.8607888631090486,0.612903225806452,0.04166666666666785,0.5051195851940561,0.40542390165406844,1.4164254210386427,Low,0.40542390165406855,Base
297:30,0.870069605568446,0.612903225806452,0.0833333333333357,0.5221020549027445,0.4260300501459484,1.4164254210386427,Low,0.4260300501459486,Base
298:00,0.870069605568446,0.612903225806452,0.0833333333333357,0.5221020549027445,0.4260300501459484,1.4164254210386427,Low,0.4260300501459486,Base
298:30,0.870069605568446,0.612903225806452,0.0833333333333357,0.5221020549027445,0.4260300501459484,1.4164254210386427,Low,0.4260300501459486,Base
299:00,0.870069605568446,0.806451612903226,0.0833333333333357,0.5866181839350025,0.4937719856298194,1.5685936582666693,Medium,0.49377198562981944,Base
299:30,0.870069605568446,0.806451612903226,0.0833333333333357,0.5866181839350025,0.4937719856298194,1.5685936582666693,Medium,0.49377198562981944,Base
300:00,0.870069605568446,0.806451612903226,0.0833333333333357,0.5866181839350025,0.4937719856298194,1.5685936582666693,Medium,0.49377198562981944,Base
300:30,0.870069605568446,0.806451612903226,0.0833333333333357,0.5866181839350025,0.4937719856298194,1.5685936582666693,Medium,0.49377198562981944,Base
301:00,0.8785769528228933,0.806451612903226,0.125,0.6033428552420398,0.5142234550807078,1.5685936582666693,Medium,0.5142234550807078,Base
301:30,0.8785769528228933,0.806451612903226,0.0833333333333357,0.5894539663531516,0.49547345508070884,1.5685936582666693,Medium,0.4954734550807089,Base
302:00,0.8785769528228933,0.806451612903226,0.0833333333333357,0.5894539663531516,0.49547345508070884,1.5685936582666693,Medium,0.4954734550807089,Base
302:30,0.8785769528228933,0.806451612903226,0.0833333333333357,0.5894539663531516,0.49547345508070884,1.5685936582666693,Medium,0.4954734550807089,Base
303:00,0.8785769528228933,0.5161290322580645,0.0833333333333357,0.4926797728047645,0.3938605518549023,1.3459698801539897,Low,0.39386055185490243,Base
303:30,0.8785769528228933,0.5161290322580645,0.0833333333333357,0.4926797728047645,0.3938605518549023,1.3459698801539897,Low,0.39386055185490243,Base
304:00,0.8785769528228933,0.5161290322580645,0.0833333333333357,0.4926797728047645,0.3938605518549023,1.3459698801539897,Low,0.39386055185490243,Base
304:30,0.8785769528228933,0.5161290322580645,0.04166666666666785,0.4787908839158752,0.3751105518549018,1.3459698801539897,Low,0.37511055185490194,Base
305:00,0.8870843000773396,0.5161290322580645,0.04166666666666785,0.481626666334024,0.37681202130579106,1.3459698801539897,Low,0.37681202130579117,Base
305:30,0.8785769528228933,0.5161290322580645,0.04166666666666785,0.4787908839158752,0.3751105518549018,1.3459698801539897,Low,0.37511055185490194,Base
306:00,0.8870843000773396,0.5161290322580645,0.04166666666666785,0.481626666334024,0.37681202130579106,1.3459698801539897,Low,0.37681202130579117,Base
306:30,0.8870843000773396,0.5161290322580645,0.04166666666666785,0.481626666334024,0.37681202130579106,1.3459698801539897,Low,0.37681202130579117,Base
307:00,0.8870843000773396,0.645161290322581,0.04166666666666785,0.5246374190221962,0.4219733116283718,1.4407208333997739,Low,0.4219733116283719,Base
307:30,0.8870843000773396,0.645161290322581,0.04166666666666785,0.5246374190221962,0.4219733116283718,1.4407208333997739,Low,0.4219733116283719,Base
308:00,0.8870843000773396,0.645161290322581,0.04166666666666785,0.5246374190221962,0.4219733116283718,1.4407208333997739,Low,0.4219733116283719,Base
308:30,0.8870843000773396,0.645161290322581,0.04166666666666785,0.5246374190221962,0.4219733116283718,1.4407208333997739,Low,0.4219733116283719,Base
309:00,0.8870843000773396,0.645161290322581,0.04166666666666785,0.5246374190221962,0.4219733116283718,1.4407208333997739,Low,0.4219733116283719,Base
309:30,0.8870843000773396,0.645161290322581,0.0833333333333357,0.5385263079110855,0.4407233116283723,1.4407208333997739,Low,0.44072331162837247,Base
310:00,0.8870843000773396,0.645161290322581,0.0833333333333357,0.5385263079110855,0.4407233116283723,1.4407208333997739,Low,0.44072331162837247,Base
310:30,0.8955916473317869,0.645161290322581,0.0833333333333357,0.5413620903292345,0.44242478107926175,1.4407208333997739,Low,0.4424247810792619,Base
311:00,0.8955916473317869,0.645161290322581,0.0833333333333357,0.5413620903292345,0.44242478107926175,1.4407208333997739,Low,0.4424247810792619,Base
311:30,0.8870843000773396,0.580645161290323,0.04166666666666785,0.5031320426781102,0.3993926664670815,1.392539711270903,Low,0.3993926664670816,Base
312:00,0.8955916473317869,0.580645161290323,0.04166666666666785,0.5059678250962593,0.40109413591797094,1.392539711270903,Low,0.40109413591797105,Base
312:30,0.8870843000773396,0.580645161290323,0.04166666666666785,0.5031320426781102,0.3993926664670815,1.392539711270903,Low,0.3993926664670816,Base
313:00,0.8870843000773396,0.580645161290323,0.0833333333333357,0.5170209315669995,0.41814266646708204,1.392539711270903,Low,0.41814266646708215,Base
313:30,0.8870843000773396,0.580645161290323,0.0833333333333357,0.5170209315669995,0.41814266646708204,1.392539711270903,Low,0.41814266646708215,Base
314:00,0.8955916473317869,0.580645161290323,0.0833333333333357,0.5198567139851485,0.4198441359179715,1.392539711270903,Low,0.4198441359179716,Base
314:30,0.8955916473317869,0.580645161290323,0.0833333333333357,0.5198567139851485,0.4198441359179715,1.392539711270903,Low,0.4198441359179716,Base
315:00,0.8955916473317869,0.580645161290323,0.0833333333333357,0.5198567139851485,0.4198441359179715,1.392539711270903,Low,0.4198441359179716,Base
315:30,0.8870843000773396,0.548387096774194,0.0833333333333357,0.5062682433949565,0.4068523438864369,1.3690567951290293,Low,0.406852343886437,Base
316:00,0.8955916473317869,0.548387096774194,0.0833333333333357,0.5091040258131055,0.4085538133373263,1.3690567951290293,Low,0.40855381333732643,Base
316:30,0.8955916473317869,0.548387096774194,0.0833333333333357,0.5091040258131055,0.4085538133373263,1.3690567951290293,Low,0.40855381333732643,Base
317:00,0.8955916473317869,0.548387096774194,0.0833333333333357,0.5091040258131055,0.4085538133373263,1.3690567951290293,Low,0.40855381333732643,Base
317:30,0.8955916473317869,0.548387096774194,0.0833333333333357,0.5091040258131055,0.4085538133373263,1.3690567951290293,Low,0.40855381333732643,Base
318:00,0.8955916473317869,0.548387096774194,0.0833333333333357,0.5091040258131055,0.4085538133373263,1.3690567951290293,Low,0.40855381333732643,Base
318:30,0.9048723897911826,0.548387096774194,0.0833333333333357,0.512197606632904,0.4104099618292054,1.3690567951290293,Low,0.41040996182920564,Base
319:00,0.9048723897911826,0.548387096774194,0.04166666666666785,0.4983087177440148,0.39165996182920493,1.3690567951290293,Low,0.3916599618292051,Base
319:30,0.9048723897911826,0.645161290322581,0.0833333333333357,0.544455671149033,0.4442809295711409,1.4407208333997739,Low,0.44428092957114107,Base
320:00,0.9048723897911826,0.645161290322581,0.0833333333333357,0.544455671149033,0.4442809295711409,1.4407208333997739,Low,0.44428092957114107,Base
320:30,0.9048723897911826,0.645161290322581,0.0833333333333357,0.544455671149033,0.4442809295711409,1.4407208333997739,Low,0.44428092957114107,Base
321:00,0.9048723897911826,0.645161290322581,0.0833333333333357,0.544455671149033,0.4442809295711409,1.4407208333997739,Low,0.44428092957114107,Base
321:30,0.9048723897911826,0.645161290322581,0.0833333333333357,0.544455671149033,0.4442809295711409,1.4407208333997739,Low,0.44428092957114107,Base
322:00,0.9048723897911826,0.645161290322581,0.0833333333333357,0.544455671149033,0.4442809295711409,1.4407208333997739,Low,0.44428092957114107,Base
322:30,0.9133797370456298,0.645161290322581,0.0833333333333357,0.5472914535671821,0.44598239902203035,1.4407208333997739,Low,0.4459823990220305,Base
323:00,0.9133797370456298,0.645161290322581,0.0833333333333357,0.5472914535671821,0.44598239902203035,1.4407208333997739,Low,0.4459823990220305,Base
323:30,0.9133797370456298,0.645161290322581,0.0833333333333357,0.5472914535671821,0.44598239902203035,1.4407208333997739,Low,0.4459823990220305,Base
324:00,0.9133797370456298,0.548387096774194,0.0833333333333357,0.5150333890510531,0.41211143128009486,1.3690567951290293,Low,0.4121114312800951,Base
324:30,0.9133797370456298,0.548387096774194,0.0833333333333357,0.5150333890510531,0.41211143128009486,1.3690567951290293,Low,0.4121114312800951,Base
325:00,0.9133797370456298,0.548387096774194,0.0833333333333357,0.5150333890510531,0.41211143128009486,1.3690567951290293,Low,0.4121114312800951,Base
325:30,0.921887084300077,0.548387096774194,0.125,0.5317580603580904,0.43256290073098325,1.3690567951290293,Low,0.43256290073098347,Base
326:00,0.921887084300077,0.548387096774194,0.125,0.5317580603580904,0.43256290073098325,1.3690567951290293,Low,0.43256290073098347,Base
326:30,0.921887084300077,0.548387096774194,0.125,0.5317580603580904,0.43256290073098325,1.3690567951290293,Low,0.43256290073098347,Base
327:00,0.9303944315545243,0.548387096774194,0.125,0.5345938427762394,0.4342643701818727,1.3690567951290293,Low,0.4342643701818729,Base
327:30,0.9303944315545243,0.774193548387097,0.125,0.6098626599805405,0.5132966282463888,1.5421418788024173,Medium,0.5132966282463889,Base
328:00,0.9303944315545243,0.774193548387097,0.125,0.6098626599805405,0.5132966282463888,1.5421418788024173,Medium,0.5132966282463889,Base
328:30,0.9303944315545243,0.774193548387097,0.125,0.6098626599805405,0.5132966282463888,1.5421418788024173,Medium,0.5132966282463889,Base
329:00,0.9303944315545243,0.774193548387097,0.125,0.6098626599805405,0.5132966282463888,1.5421418788024173,Medium,0.5132966282463889,Base
329:30,0.9303944315545243,0.774193548387097,0.125,0.6098626599805405,0.5132966282463888,1.5421418788024173,Medium,0.5132966282463889,Base
330:00,0.9389017788089706,0.774193548387097,0.125,0.6126984423986892,0.5149980976972781,1.5421418788024173,Medium,0.5149980976972782,Base
330:30,0.9303944315545243,0.774193548387097,0.125,0.6098626599805405,0.5132966282463888,1.5421418788024173,Medium,0.5132966282463889,Base
331:00,0.9389017788089706,0.774193548387097,0.0833333333333357,0.5988095535098011,0.4962480976972791,1.5421418788024173,Medium,0.49624809769727923,Base
331:30,0.9389017788089706,0.774193548387097,0.0833333333333357,0.5988095535098011,0.4962480976972791,1.5421418788024173,Medium,0.49624809769727923,Base
332:00,0.9389017788089706,0.612903225806452,0.0833333333333357,0.5450461126495861,0.43979648479405337,1.4164254210386427,Low,0.43979648479405353,Base
332:30,0.9481825212683681,0.612903225806452,0.0833333333333357,0.5481396934693853,0.44165263328593285,1.4164254210386427,Low,0.441652633285933,Base
333:00,0.9481825212683681,0.612903225806452,0.0833333333333357,0.5481396934693853,0.44165263328593285,1.4164254210386427,Low,0.441652633285933,Base
333:30,0.9481825212683681,0.612903225806452,0.0833333333333357,0.5481396934693853,0.44165263328593285,1.4164254210386427,Low,0.441652633285933,Base
334:00,0.9481825212683681,0.612903225806452,0.0833333333333357,0.5481396934693853,0.44165263328593285,1.4164254210386427,Low,0.441652633285933,Base
334:30,0.9481825212683681,0.612903225806452,0.0833333333333357,0.5481396934693853,0.44165263328593285,1.4164254210386427,Low,0.441652633285933,Base
335:00,0.9481825212683681,0.612903225806452,0.0833333333333357,0.5481396934693853,0.44165263328593285,1.4164254210386427,Low,0.441652633285933,Base
335:30,0.9481825212683681,0.612903225806452,0.0833333333333357,0.5481396934693853,0.44165263328593285,1.4164254210386427,Low,0.441652633285933,Base
336:00,0.9481825212683681,0.645161290322581,0.0833333333333357,0.5588923816414283,0.452942955866578,1.4407208333997739,Low,0.4529429558665782,Base
336:30,0.9566898685228153,0.645161290322581,0.0833333333333357,0.5617281640595774,0.45464442531746746,1.4407208333997739,Low,0.4546444253174676,Base
337:00,0.9566898685228153,0.645161290322581,0.0833333333333357,0.5617281640595774,0.45464442531746746,1.4407208333997739,Low,0.4546444253174676,Base
337:30,0.9566898685228153,0.645161290322581,0.0833333333333357,0.5617281640595774,0.45464442531746746,1.4407208333997739,Low,0.4546444253174676,Base
338:00,0.9566898685228153,0.645161290322581,0.0833333333333357,0.5617281640595774,0.45464442531746746,1.4407208333997739,Low,0.4546444253174676,Base
338:30,0.9566898685228153,0.645161290322581,0.0833333333333357,0.5617281640595774,0.45464442531746746,1.4407208333997739,Low,0.4546444253174676,Base
339:00,0.9651972157772617,0.645161290322581,0.0833333333333357,0.5645639464777261,0.45634589476835674,1.4407208333997739,Low,0.4563458947683569,Base
339:30,0.9651972157772617,0.645161290322581,0.0833333333333357,0.5645639464777261,0.45634589476835674,1.4407208333997739,Low,0.4563458947683569,Base
340:00,0.9737045630317089,0.580645161290323,0.0833333333333357,0.5458943525517892,0.43546671905795586,1.392539711270903,Low,0.43546671905795603,Base
340:30,0.9651972157772617,0.580645161290323,0.0833333333333357,0.5430585701336401,0.4337652496070664,1.392539711270903,Low,0.4337652496070666,Base
341:00,0.9651972157772617,0.580645161290323,0.0833333333333357,0.5430585701336401,0.4337652496070664,1.392539711270903,Low,0.4337652496070666,Base
341:30,0.9737045630317089,0.580645161290323,0.0833333333333357,0.5458943525517892,0.43546671905795586,1.392539711270903,Low,0.43546671905795603,Base
342:00,0.9737045630317089,0.580645161290323,0.0833333333333357,0.5458943525517892,0.43546671905795586,1.392539711270903,Low,0.43546671905795603,Base
342:30,0.9737045630317089,0.580645161290323,0.0833333333333357,0.5458943525517892,0.43546671905795586,1.392539711270903,Low,0.43546671905795603,Base
343:00,0.9737045630317089,0.580645161290323,0.0833333333333357,0.5458943525517892,0.43546671905795586,1.392539711270903,Low,0.43546671905795603,Base
343:30,0.9829853054911064,0.580645161290323,0.0833333333333357,0.5489879333715884,0.4373228675498354,1.392539711270903,Low,0.4373228675498355,Base
344:00,0.9829853054911064,0.645161290322581,0.0833333333333357,0.5704933097156744,0.4599035127111257,1.4407208333997739,Low,0.45990351271112584,Base
344:30,0.9829853054911064,0.645161290322581,0.0833333333333357,0.5704933097156744,0.4599035127111257,1.4407208333997739,Low,0.45990351271112584,Base
345:00,0.9829853054911064,0.645161290322581,0.0833333333333357,0.5704933097156744,0.4599035127111257,1.4407208333997739,Low,0.45990351271112584,Base
345:30,0.9829853054911064,0.645161290322581,0.0833333333333357,0.5704933097156744,0.4599035127111257,1.4407208333997739,Low,0.45990351271112584,Base
346:00,0.9829853054911064,0.645161290322581,0.0833333333333357,0.5704933097156744,0.4599035127111257,1.4407208333997739,Low,0.45990351271112584,Base
346:30,0.9914926527455528,0.645161290322581,0.0833333333333357,0.5733290921338231,0.46160498216201495,1.4407208333997739,Low,0.4616049821620151,Base
347:00,0.9914926527455528,0.645161290322581,0.0833333333333357,0.5733290921338231,0.46160498216201495,1.4407208333997739,Low,0.4616049821620151,Base
347:30,0.9914926527455528,0.645161290322581,0.0833333333333357,0.5733290921338231,0.46160498216201495,1.4407208333997739,Low,0.4616049821620151,Base
348:00,0.9914926527455528,0.548387096774194,0.0833333333333357,0.5410710276176941,0.4277340144200795,1.3690567951290293,Low,0.42773401442007963,Base
348:30,0.9914926527455528,0.548387096774194,0.0833333333333357,0.5410710276176941,0.4277340144200795,1.3690567951290293,Low,0.42773401442007963,Base
349:00,0.9914926527455528,0.548387096774194,0.0833333333333357,0.5410710276176941,0.4277340144200795,1.3690567951290293,Low,0.42773401442007963,Base
349:30,1.0,0.548387096774194,0.0833333333333357,0.5439068100358432,0.42943548387096897,1.3690567951290293,Low,0.4294354838709691,Base
350:00,0.9914926527455528,0.548387096774194,0.0833333333333357,0.5410710276176941,0.4277340144200795,1.3690567951290293,Low,0.42773401442007963,Base
350:30,1.0,0.548387096774194,0.0833333333333357,0.5439068100358432,0.42943548387096897,1.3690567951290293,Low,0.4294354838709691,Base
351:00,1.0,0.548387096774194,0.0833333333333357,0.5439068100358432,0.42943548387096897,1.3690567951290293,Low,0.4294354838709691,Base
351:30,1.0,0.548387096774194,0.0833333333333357,0.5439068100358432,0.42943548387096897,1.3690567951290293,Low,0.4294354838709691,Base
352:00,0.0,0.04166666666666652,0.9264705882352939,0.3227124183006535,0.43149509803921554,1.568312185490169,Medium,0.43149509803921543,After_Lunch
352:30,0.014824797843665749,0.04166666666666652,0.9362745098039216,0.3309219914380846,0.43887182231383115,1.568312185490169,Medium,0.438871822313831,After_Lunch
353:00,0.014824797843665749,0.04166666666666652,0.9411764705882353,0.33255597836618916,0.4410777046667723,1.568312185490169,Medium,0.4410777046667722,After_Lunch
353:30,0.029649595687331498,0.04166666666666652,0.946078431372549,0.3391315645755157,0.44624854658844665,1.568312185490169,Medium,0.4462485465884465,After_Lunch
354:00,0.029649595687331498,0.04166666666666652,0.9509803921568627,0.34076555150362026,0.4484544289413878,1.568312185490169,Medium,0.44845442894138765,After_Lunch
354:30,0.04582210242587692,0.04166666666666652,0.9558823529411764,0.34779037401123997,0.45389481264203807,1.568312185490169,Medium,0.4538948126420379,After_Lunch
355:00,0.04582210242587692,0.04166666666666652,0.9607843137254901,0.34942436093934454,0.45610069499497924,1.568312185490169,Medium,0.4561006949949791,After_Lunch
355:30,0.04582210242587692,0.04166666666666652,0.9607843137254901,0.34942436093934454,0.45610069499497924,1.568312185490169,Medium,0.4561006949949791,After_Lunch
356:00,0.06064690026954267,0.04166666666666652,0.9509803921568627,0.3510979863643573,0.45465388985783,1.568312185490169,Medium,0.4546538898578299,After_Lunch
356:30,0.06064690026954267,0.16666666666666652,0.9411764705882353,0.38949667917481484,0.4939921251519477,1.568312185490169,Medium,0.49399212515194774,After_Lunch
357:00,0.07547169811320842,0.16666666666666652,0.946078431372549,0.3960722653841413,0.499162967073622,1.568312185490169,Medium,0.49916296707362207,After_Lunch
357:30,0.07547169811320842,0.16666666666666652,0.9509803921568627,0.3977062523122459,0.5013688494265632,1.568312185490169,Medium,0.5013688494265632,After_Lunch
358:00,0.09029649595687417,0.16666666666666652,0.9558823529411764,0.40428183852157235,0.5065396913482375,1.568312185490169,Medium,0.5065396913482375,After_Lunch
358:30,0.09029649595687417,0.16666666666666652,0.9607843137254901,0.4059158254496769,0.5087455737011787,1.568312185490169,Medium,0.5087455737011787,After_Lunch
359:00,0.10646900269541959,0.16666666666666652,0.9656862745098038,0.4129406479572966,0.5141859574018289,1.568312185490169,Medium,0.5141859574018289,After_Lunch
359:30,0.10646900269541959,0.16666666666666652,0.9607843137254901,0.41130666102919206,0.5119800750488878,1.568312185490169,Medium,0.5119800750488878,After_Lunch
360:00,0.10646900269541959,0.16666666666666652,0.9558823529411764,0.4096726741010875,0.5097741926959466,1.568312185490169,Medium,0.5097741926959466,After_Lunch
360:30,0.12129380053908534,0.125,0.9558823529411764,0.4007253844934206,0.4981558189313465,1.568312185490169,Medium,0.4981558189313464,After_Lunch
361:00,0.1361185983827493,0.125,0.9558823529411764,0.4056669837746419,0.5011207785000793,1.568312185490169,Medium,0.5011207785000792,After_Lunch
361:30,0.1361185983827493,0.125,0.9558823529411764,0.4056669837746419,0.5011207785000793,1.568312185490169,Medium,0.5011207785000792,After_Lunch
362:00,0.15229110512129473,0.125,0.9607843137254901,0.4126918062822616,0.5065611622007296,1.568312185490169,Medium,0.5065611622007294,After_Lunch
362:30,0.15229110512129473,0.125,0.9656862745098038,0.41432579321036617,0.5087670445536707,1.568312185490169,Medium,0.5087670445536706,After_Lunch
363:00,0.16711590296496048,0.125,0.9656862745098038,0.4192673924915881,0.5117320041224038,1.568312185490169,Medium,0.5117320041224038,After_Lunch
363:30,0.18194070080862623,0.125,0.9656862745098038,0.42420899177281,0.5146969636911369,1.568312185490169,Medium,0.5146969636911369,After_Lunch
364:00,0.18194070080862623,0.125,0.9754901960784312,0.42747696562901916,0.5191087283970193,1.568312185490169,Medium,0.5191087283970193,After_Lunch
364:30,0.19676549865229198,0.25,0.980392156862745,0.4757192185050123,0.5680295703186936,1.568312185490169,Medium,0.5680295703186937,After_Lunch
365:00,0.19676549865229198,0.25,0.980392156862745,0.4757192185050123,0.5680295703186936,1.568312185490169,Medium,0.5680295703186937,After_Lunch
365:30,0.19676549865229198,0.25,0.980392156862745,0.4757192185050123,0.5680295703186936,1.568312185490169,Medium,0.5680295703186937,After_Lunch
366:00,0.21293800539083563,0.25,0.9852941176470587,0.4827440410126314,0.5734699540193435,1.568312185490169,Medium,0.5734699540193436,After_Lunch
366:30,0.22776280323450138,0.25,0.9901960784313726,0.489319627221958,0.5786407959410179,1.568312185490169,Medium,0.5786407959410181,After_Lunch
367:00,0.22776280323450138,0.25,0.9901960784313726,0.489319627221958,0.5786407959410179,1.568312185490169,Medium,0.5786407959410181,After_Lunch
367:30,0.24258760107816713,0.25,0.9901960784313726,0.4942612265031799,0.581605755509751,1.568312185490169,Medium,0.5816057555097512,After_Lunch
368:00,0.2574123989218329,0.25,0.9950980392156863,0.5008368127125064,0.5867765974314254,1.568312185490169,Medium,0.5867765974314255,After_Lunch
368:30,0.2722371967654986,0.20833333333333304,1.0,0.49352351003294387,0.5773641060197663,1.5685676029307183,Medium,0.5773641060197664,After_Lunch
369:00,0.2722371967654986,0.20833333333333304,0.980392156862745,0.48698756232052554,0.5685405766080015,1.5685676029307183,Medium,0.5685405766080016,After_Lunch
369:30,0.28840970350404405,0.20833333333333304,0.9411764705882353,0.4793065024752041,0.5541280191321812,1.5779288241316738,Medium,0.5541280191321813,After_Lunch
370:00,0.3032345013477098,0.20833333333333304,0.9313725490196079,0.4809801279002169,0.5526812139950321,1.5865590137764116,Medium,0.552681213995032,After_Lunch
370:30,0.31805929919137554,0.20833333333333304,0.9313725490196079,0.48592172718143883,0.5556461735637652,1.5952364046460492,Medium,0.5556461735637652,After_Lunch
371:00,0.3328840970350395,0.20833333333333304,0.9019607843137254,0.48105940489403265,0.5453758390148509,1.6039612548989493,Medium,0.5453758390148509,After_Lunch
371:30,0.3328840970350395,0.20833333333333304,0.8480392156862744,0.46308554868488233,0.521111133132498,1.6039612548989493,Medium,0.5211111331324979,After_Lunch
372:00,0.34905660377358494,0.20833333333333304,0.7892156862745099,0.44886854112714264,0.4978750462449131,1.6135337056347778,Medium,0.4978750462449129,After_Lunch
372:30,0.3638814016172507,0.4166666666666665,0.7696078431372548,0.5167186371403907,0.5649331430685481,1.6964826670825366,Medium,0.5649331430685482,After_Lunch
373:00,0.37870619946091644,0.4166666666666665,0.7941176470588236,0.5298301710621355,0.5789275144019872,1.705761265028163,Medium,0.5789275144019873,After_Lunch
373:30,0.37870619946091644,0.4166666666666665,0.8137254901960784,0.5363661187745538,0.5877510438137519,1.705761265028163,Medium,0.5877510438137521,After_Lunch
374:00,0.3935309973045822,0.4166666666666665,0.7941176470588236,0.5347717703433574,0.5818924739707203,1.715090610547877,Medium,0.5818924739707205,After_Lunch
374:30,0.3935309973045822,0.4166666666666665,0.7745098039215685,0.528235822630939,0.5730689445589556,1.715090610547877,Medium,0.5730689445589557,After_Lunch
375:00,0.4097035040431276,0.4166666666666665,0.784313725490196,0.5368946320666633,0.580715210612547,1.725326281968747,Medium,0.5807152106125472,After_Lunch
375:30,0.4097035040431276,0.4166666666666665,0.7794117647058822,0.5352606451385588,0.5785093282596059,1.725326281968747,Medium,0.578509328259606,After_Lunch
376:00,0.4097035040431276,0.4166666666666665,0.7696078431372548,0.5319926712823496,0.5740975635537235,1.725326281968747,Medium,0.5740975635537237,After_Lunch
376:30,0.42452830188679336,0.7916666666666661,0.7794117647058822,0.6652022444197806,0.7127242878283389,2.1139939856935146,High,0.7127242878283394,After_Lunch
377:00,0.42452830188679336,0.7916666666666661,0.7892156862745099,0.6684702182759897,0.7171360525342213,2.1139939856935146,High,0.717136052534222,After_Lunch
377:30,0.4393530997304591,0.7916666666666661,0.7450980392156863,0.6587059352042705,0.7002480709264838,2.1255560845191126,High,0.7002480709264843,After_Lunch
378:00,0.4393530997304591,0.7916666666666661,0.7107843137254901,0.6472680267075385,0.6848068944558955,2.090921040748667,High,0.6848068944558962,After_Lunch
378:30,0.4393530997304591,0.7916666666666661,0.696078431372549,0.6423660659232248,0.678189247397072,2.062624182585861,High,0.6781892473970726,After_Lunch
379:00,0.45552560646900453,0.7916666666666661,0.6764705882352942,0.6412209537903216,0.6726002193330164,2.0375779720395593,High,0.672600219333017,After_Lunch
379:30,0.45552560646900453,0.7916666666666661,0.696078431372549,0.6477569015027399,0.6814237487447811,2.0749339365241353,High,0.6814237487447817,After_Lunch
380:00,0.4703504043126703,0.833333333333333,0.6764705882352942,0.6600514419604325,0.690148512235083,2.0942256183156154,High,0.6901485122350837,After_Lunch
380:30,0.4703504043126703,0.833333333333333,0.6568627450980391,0.6535154942480141,0.6813249828233182,2.0565223370480004,High,0.6813249828233188,After_Lunch
381:00,0.4703504043126703,0.833333333333333,0.6666666666666667,0.6567834681042234,0.6857367475292007,2.075288356562582,High,0.6857367475292013,After_Lunch
381:30,0.4703504043126703,0.833333333333333,0.661764705882353,0.6551494811761188,0.6835308651762595,2.0658840386349344,High,0.6835308651762602,After_Lunch
382:00,0.485175202156336,0.833333333333333,0.6519607843137254,0.6568231066011315,0.6820840600391102,2.058399856895425,High,0.6820840600391107,After_Lunch
382:30,0.485175202156336,0.833333333333333,0.661764705882353,0.6600910804573407,0.6864958247449926,2.0771830090097656,High,0.6864958247449933,After_Lunch
383:00,0.485175202156336,1.0,0.642156862745098,0.709110688300478,0.7360056286665613,2.2221897069472787,High,0.7360056286665622,After_Lunch
383:30,0.5000000000000018,1.0,0.6274509803921569,0.7091503267973862,0.7323529411764709,2.2041057380340137,High,0.7323529411764719,After_Lunch
384:00,0.5000000000000018,1.0,0.5980392156862744,0.6993464052287587,0.7191176470588239,2.1448521954371462,High,0.7191176470588246,After_Lunch
384:30,0.5000000000000018,1.0,0.5735294117647058,0.6911764705882358,0.708088235294118,2.0966928952254142,High,0.7080882352941188,After_Lunch
385:00,0.5161725067385436,1.0,0.5637254901960784,0.6932993323115406,0.706910971935944,2.090133248235236,High,0.7069109719359448,After_Lunch
385:30,0.5000000000000018,1.0,0.5490196078431373,0.683006535947713,0.6970588235294122,2.049614936749872,High,0.697058823529413,After_Lunch
386:00,0.5161725067385436,1.0,0.5686274509803921,0.6949333192396452,0.7091168542888852,2.0996479534219508,High,0.7091168542888859,After_Lunch
386:30,0.5161725067385436,1.0,0.588235294117647,0.7014692669520635,0.7179403837006498,2.1381418787855204,High,0.7179403837006506,After_Lunch
387:00,0.5309973045822094,0.75,0.5980392156862744,0.6263455067561613,0.6378171079752653,1.9057816148036983,High,0.6378171079752657,After_Lunch
387:30,0.5309973045822094,0.75,0.5980392156862744,0.6263455067561613,0.6378171079752653,1.9057816148036983,High,0.6378171079752657,After_Lunch
388:00,0.5309973045822094,0.75,0.5931372549019607,0.6247115198280567,0.6356112256223241,1.897145428825203,High,0.6356112256223245,After_Lunch
388:30,0.5309973045822094,0.75,0.5980392156862744,0.6263455067561613,0.6378171079752653,1.9057816148036983,High,0.6378171079752657,After_Lunch
389:00,0.5458221024258751,0.75,0.6127450980392157,0.636189066821697,0.6473997146028221,1.9424930871936463,High,0.6473997146028226,After_Lunch
389:30,0.5458221024258751,0.75,0.6029411764705883,0.6329210929654878,0.6429879498969397,1.924927883271048,High,0.6429879498969403,After_Lunch
390:00,0.5606469002695409,0.75,0.6029411764705883,0.6378626922467098,0.6459529094656729,1.9354559200436918,High,0.6459529094656734,After_Lunch
390:30,0.5606469002695409,0.45833333333333304,0.6225490196078431,0.5471764177369057,0.5526931055441041,1.690014586849756,Medium,0.5526931055441042,After_Lunch
391:00,0.5606469002695409,0.45833333333333304,0.6323529411764706,0.5504443915931149,0.5571048702499865,1.7054361780211287,Medium,0.5571048702499866,After_Lunch
391:30,0.5754716981132066,0.45833333333333304,0.6372549019607843,0.5570199778024413,0.5622757121716608,1.7225696935638766,Medium,0.562275712171661,After_Lunch
392:00,0.5754716981132066,0.45833333333333304,0.6470588235294117,0.5602879516586504,0.5666874768775432,1.7382883540920417,Medium,0.5666874768775433,After_Lunch
392:30,0.5916442048517521,0.45833333333333304,0.6470588235294117,0.5656787872381656,0.5699219782252523,1.748662469790528,Medium,0.5699219782252524,After_Lunch
393:00,0.5916442048517521,0.45833333333333304,0.6470588235294117,0.5656787872381656,0.5699219782252523,1.748662469790528,Medium,0.5699219782252524,After_Lunch
393:30,0.6064690026954178,0.45833333333333304,0.661764705882353,0.5755223473037013,0.579504584852809,1.7823473230184068,High,0.5795045848528091,After_Lunch
394:00,0.6064690026954178,0.45833333333333304,0.6715686274509804,0.5787903211599105,0.5839163495586913,1.7986114617748752,High,0.5839163495586914,After_Lunch
394:30,0.6212938005390836,0.6666666666666661,0.6764705882352942,0.6548103518136813,0.6620038581470322,2.0275927801978666,High,0.6620038581470326,After_Lunch
395:00,0.6212938005390836,0.6666666666666661,0.6813725490196079,0.6564443387417859,0.6642097404999734,2.036822788647607,High,0.6642097404999737,After_Lunch
395:30,0.6361185983827493,0.6666666666666661,0.6862745098039216,0.6630199249511123,0.6693805824216478,2.057285550817699,High,0.669380582421648,After_Lunch
396:00,0.6522911051212947,0.6666666666666661,0.6911764705882353,0.6700447474587321,0.674820966122298,2.078984511085186,High,0.6748209661222985,After_Lunch
396:30,0.6522911051212947,0.6666666666666661,0.696078431372549,0.6716787343868367,0.6770268484752392,2.088448464987371,High,0.6770268484752396,After_Lunch
397:00,0.6671159029649605,0.6666666666666661,0.6862745098039216,0.6733523598118495,0.67558004333809,2.080882537968596,High,0.6755800433380903,After_Lunch
397:30,0.6819407008086262,0.6666666666666661,0.6715686274509804,0.6733919983087576,0.6719273558479997,2.0639485133841355,High,0.6719273558479999,After_Lunch
398:00,0.6819407008086262,0.4166666666666665,0.6813725490196079,0.5933266388316335,0.5888391205538821,1.8255823111247358,High,0.5888391205538821,After_Lunch
398:30,0.696765498652292,0.4166666666666665,0.6862745098039216,0.59990222504096,0.5940099624755564,1.8439228642954295,High,0.5940099624755564,After_Lunch
399:00,0.696765498652292,0.4166666666666665,0.6568627450980391,0.5900983034723325,0.5807746683579093,1.7943522107194705,High,0.5807746683579093,After_Lunch
399:30,0.7129380053908356,0.4166666666666665,0.6323529411764706,0.5873192044113242,0.5729797579409122,1.7645310971961823,Medium,0.5729797579409122,After_Lunch
400:00,0.7277628032345014,0.4166666666666665,0.6127450980392157,0.5857248559801279,0.5671211880978806,1.7422404829713742,Medium,0.5671211880978806,After_Lunch
400:30,0.7425876010781671,0.4166666666666665,0.5980392156862744,0.585764494477036,0.5634685006077902,1.728062295287853,Medium,0.5634685006077902,After_Lunch
401:00,0.7587601078167125,0.4166666666666665,0.6176470588235294,0.5976912777689695,0.5755265313672641,1.7702459113809503,Medium,0.5755265313672641,After_Lunch
401:30,0.7587601078167125,0.4166666666666665,0.6176470588235294,0.5976912777689695,0.5755265313672641,1.7702459113809503,Medium,0.5755265313672641,After_Lunch
402:00,0.7587601078167125,0.625,0.5833333333333333,0.6556978137166819,0.6330020215633425,1.9139389657887804,High,0.6330020215633427,After_Lunch
402:30,0.788409703504044,0.625,0.5441176470588236,0.6525091168542893,0.6212848818772794,1.8658883491674618,High,0.6212848818772797,After_Lunch
403:00,0.788409703504044,0.625,0.534313725490196,0.64924114299808,0.616873117171397,1.8490158518772515,High,0.6168731171713973,After_Lunch
403:30,0.8032345013477098,0.625,0.5049019607843137,0.6443788207106745,0.6066027826224831,1.8091492658191055,High,0.6066027826224833,After_Lunch
404:00,0.8194070080862534,0.625,0.4852941176470588,0.6432337085777707,0.6010137545584272,1.7845374446418387,High,0.6010137545584273,After_Lunch
404:30,0.8194070080862534,0.625,0.44117647058823534,0.6285278262248296,0.5811608133819566,1.7130620020383844,Medium,0.5811608133819567,After_Lunch
405:00,0.8194070080862534,0.625,0.39705882352941174,0.6138219438718884,0.5613078722054861,1.6444493398773903,Medium,0.5613078722054861,After_Lunch
405:30,0.8342318059299192,0.9166666666666661,0.39215686274509803,0.7143517784472277,0.6641502827546111,1.909109585267514,High,0.6641502827546116,After_Lunch
406:00,0.8342318059299192,0.9166666666666661,0.3627450980392157,0.7045478568786003,0.650914988636964,1.857786500271766,High,0.6509149886369644,After_Lunch
406:30,0.8342318059299192,0.9166666666666661,0.3235294117647059,0.6914759614537637,0.6332679298134346,1.791495529727949,High,0.633267929813435,After_Lunch
407:00,0.8490566037735849,0.9166666666666661,0.3235294117647059,0.6964175607349855,0.6362328893821678,1.791495529727949,High,0.6362328893821682,After_Lunch
407:30,0.8490566037735849,0.9166666666666661,0.3333333333333333,0.6996855345911946,0.6406446540880502,1.8078431469969245,High,0.6406446540880505,After_Lunch
408:00,0.8490566037735849,0.9166666666666661,0.338235294117647,0.7013195215192992,0.6428505364409913,1.8160728111018432,High,0.6428505364409917,After_Lunch
408:30,0.8490566037735849,0.9166666666666661,0.3431372549019608,0.702953508447404,0.6450564187939325,1.8243399382861187,High,0.6450564187939329,After_Lunch
409:00,0.8638814016172507,0.5416666666666661,0.31862745098039214,0.574725173088103,0.5057419665979597,1.4634555345751081,Medium,0.5057419665979597,After_Lunch
409:30,0.8638814016172507,0.5416666666666661,0.28431372549019607,0.5632872645913709,0.4903007901273715,1.4176596117766675,Medium,0.4903007901273714,After_Lunch
410:00,0.8787061994609164,0.5416666666666661,0.28431372549019607,0.5682288638725929,0.4932657496961046,1.4176596117766675,Medium,0.49326574969610454,After_Lunch
410:30,0.8787061994609164,0.5416666666666661,0.2892156862745098,0.5698628508006974,0.49547163204904576,1.4241130822779176,Medium,0.4954716320490457,After_Lunch
411:00,0.8948787061994601,0.5416666666666661,0.2598039215686274,0.5654497648115845,0.48547083927910745,1.3858282832651543,Medium,0.4854708392791074,After_Lunch
411:30,0.8948787061994601,0.5416666666666661,0.2647058823529412,0.5670837517396891,0.48767672163204867,1.392136851183402,Medium,0.48767672163204856,After_Lunch
412:00,0.8948787061994601,0.5416666666666661,0.2598039215686274,0.5654497648115845,0.48547083927910745,1.3858282832651543,Medium,0.4854708392791074,After_Lunch
412:30,0.8948787061994601,0.5416666666666661,0.2549019607843137,0.5638157778834799,0.4832649569261663,1.3795483030745754,Medium,0.4832649569261662,After_Lunch
413:00,0.9097035040431258,0.833333333333333,0.2745098039215686,0.6725155470993425,0.5971367792399975,1.6383618129543578,Medium,0.5971367792399979,After_Lunch
413:30,0.9097035040431258,0.833333333333333,0.2892156862745098,0.6774175078836562,0.603754426298821,1.6608382738782308,Medium,0.6037544262988215,After_Lunch
414:00,0.9097035040431258,0.833333333333333,0.27941176470588236,0.674149534027447,0.5993426615929387,1.645819964080653,Medium,0.599342661592939,After_Lunch
414:30,0.9245283018867916,0.833333333333333,0.28431372549019607,0.6807251202367736,0.6045135035146131,1.6533120662046967,Medium,0.6045135035146134,After_Lunch
415:00,0.9245283018867916,0.833333333333333,0.29901960784313725,0.6856270810210873,0.6111311505734366,1.6759936276016927,Medium,0.6111311505734369,After_Lunch
415:30,0.9245283018867916,0.833333333333333,0.29411764705882354,0.6839930940929827,0.6089252682204954,1.6683987423565476,Medium,0.6089252682204958,After_Lunch
416:00,0.9393530997304573,0.833333333333333,0.30392156862745096,0.6922026672304137,0.6163019924951109,1.683623086285682,Medium,0.6163019924951113,After_Lunch
416:30,0.9393530997304573,0.833333333333333,0.31862745098039214,0.6971046280147274,0.6229196395539345,1.706720480408408,Medium,0.6229196395539348,After_Lunch
417:00,0.9393530997304573,0.375,0.3333333333333333,0.5492288110212635,0.46912061994609144,1.358737056479224,Medium,0.46912061994609117,After_Lunch
417:30,0.9555256064690028,0.375,0.3088235294117647,0.5464497119602558,0.4613257095290947,1.3282287417566556,Medium,0.4613257095290944,After_Lunch
418:00,0.9555256064690028,0.375,0.2647058823529412,0.5317438296073146,0.44147276835262406,1.2750296690889815,Medium,0.4414727683526238,After_Lunch
418:30,0.9555256064690028,0.375,0.22549019607843135,0.518671934182478,0.4238257095290946,1.249456239625518,Low,0.4238257095290943,After_Lunch
419:00,0.9555256064690028,0.375,0.196078431372549,0.5088680126138506,0.4105904154114476,1.249456239625518,Low,0.41059041541144725,After_Lunch
419:30,0.9555256064690028,0.375,0.1764705882352941,0.5023320649014323,0.4017668859996829,1.249456239625518,Low,0.4017668859996825,After_Lunch
420:00,0.9555256064690028,0.958333333333333,0.1568627450980392,0.6902405616334583,0.5971100232545847,1.699365461792352,Medium,0.5971100232545851,After_Lunch
420:30,0.9703504043126685,0.958333333333333,0.1568627450980392,0.6951821609146802,0.600074982823318,1.699365461792352,Medium,0.6000749828233183,After_Lunch
421:00,0.9703504043126685,0.958333333333333,0.1568627450980392,0.6951821609146802,0.600074982823318,1.699365461792352,Medium,0.6000749828233183,After_Lunch
421:30,0.9703504043126685,0.958333333333333,0.1519607843137255,0.6935481739865756,0.5978691004703768,1.699365461792352,Medium,0.5978691004703771,After_Lunch
422:00,0.9703504043126685,0.958333333333333,0.14705882352941174,0.6919141870584711,0.5956632181174355,1.699365461792352,Medium,0.5956632181174359,After_Lunch
422:30,0.9703504043126685,0.958333333333333,0.1372549019607843,0.6886462132022619,0.5912514534115532,1.699365461792352,Medium,0.5912514534115535,After_Lunch
423:00,0.9851752021563343,0.958333333333333,0.1568627450980392,0.7001237601959022,0.603039942392051,1.699365461792352,Medium,0.6030399423920514,After_Lunch
423:30,0.9851752021563343,0.875,0.1813725490196078,0.6805159170586474,0.5849026874900903,1.6263198684878797,Medium,0.5849026874900907,After_Lunch
424:00,0.9851752021563343,0.875,0.1715686274509804,0.6772479432024383,0.580490922784208,1.6263198684878797,Medium,0.5804909227842083,After_Lunch
424:30,0.9851752021563343,0.875,0.16666666666666669,0.6756139562743337,0.5782850404312668,1.6263198684878797,Medium,0.5782850404312672,After_Lunch
425:00,0.9851752021563343,0.875,0.19117647058823528,0.6837838909148566,0.5893144521959727,1.6263198684878797,Medium,0.589314452195973,After_Lunch
425:30,0.9851752021563343,0.875,0.19117647058823528,0.6837838909148566,0.5893144521959727,1.6263198684878797,Medium,0.589314452195973,After_Lunch
426:00,0.9851752021563343,0.875,0.1764705882352941,0.6788819301305429,0.5826968051371492,1.6263198684878797,Medium,0.5826968051371495,After_Lunch
426:30,1.0,0.875,0.1764705882352941,0.6838235294117648,0.5856617647058824,1.6263198684878797,Medium,0.5856617647058826,After_Lunch
427:00,1.0,0.875,0.19117647058823528,0.6887254901960785,0.5922794117647059,1.6263198684878797,Medium,0.5922794117647062,After_Lunch
427:30,0.9851752021563343,0.75,0.1519607843137255,0.6290453288233532,0.5279173933724433,1.522596188711863,Medium,0.5279173933724434,After_Lunch
428:00,1.0,0.75,0.1372549019607843,0.6290849673202614,0.5242647058823529,1.522596188711863,Medium,0.524264705882353,After_Lunch
428:30,1.0,0.75,0.1568627450980392,0.6356209150326797,0.5330882352941175,1.522596188711863,Medium,0.5330882352941176,After_Lunch
429:00,1.0,0.75,0.14215686274509803,0.630718954248366,0.526470588235294,1.522596188711863,Medium,0.5264705882352941,After_Lunch
429:30,1.0,0.75,0.14215686274509803,0.630718954248366,0.526470588235294,1.522596188711863,Medium,0.5264705882352941,After_Lunch
430:00,1.0,0.75,0.14705882352941174,0.6323529411764706,0.5286764705882352,1.522596188711863,Medium,0.5286764705882353,After_Lunch
430:30,1.0,0.75,0.1519607843137255,0.6339869281045751,0.5308823529411764,1.522596188711863,Medium,0.5308823529411765,After_Lunch
431:00,1.0,0.6666666666666661,0.16666666666666669,0.6111111111111109,0.5083333333333331,1.4571488529455572,Medium,0.5083333333333332,After_Lunch
431:30,1.0,0.6666666666666661,0.1715686274509804,0.6127450980392155,0.5105392156862743,1.4571488529455572,Medium,0.5105392156862744,After_Lunch
432:00,1.0,0.6666666666666661,0.1715686274509804,0.6127450980392155,0.5105392156862743,1.4571488529455572,Medium,0.5105392156862744,After_Lunch
432:30,1.0,0.6666666666666661,0.19117647058823528,0.6192810457516338,0.5193627450980389,1.4571488529455572,Medium,0.519362745098039,After_Lunch
433:00,1.0,0.6666666666666661,0.19117647058823528,0.6192810457516338,0.5193627450980389,1.4571488529455572,Medium,0.519362745098039,After_Lunch
433:30,1.0,0.6666666666666661,0.1813725490196078,0.6160130718954246,0.5149509803921566,1.4571488529455572,Medium,0.5149509803921567,After_Lunch
434:00,1.0,0.6666666666666661,0.1813725490196078,0.6160130718954246,0.5149509803921566,1.4571488529455572,Medium,0.5149509803921567,After_Lunch
434:30,1.0,0.6666666666666661,0.19117647058823528,0.6192810457516338,0.5193627450980389,1.4571488529455572,Medium,0.519362745098039,After_Lunch
435:00,1.0,0.5416666666666661,0.20588235294117646,0.5825163398692809,0.48223039215686253,1.3642145883291859,Medium,0.48223039215686236,After_Lunch
435:30,1.0,0.5416666666666661,0.19117647058823528,0.5776143790849672,0.475612745098039,1.3642145883291859,Medium,0.4756127450980388,After_Lunch
436:00,1.0,0.5416666666666661,0.1715686274509804,0.5710784313725489,0.4667892156862743,1.3642145883291859,Medium,0.46678921568627413,After_Lunch
436:30,1.0,0.5416666666666661,0.16176470588235292,0.5678104575163396,0.4623774509803919,1.3642145883291859,Medium,0.46237745098039174,After_Lunch
437:00,1.0,0.5416666666666661,0.1519607843137255,0.5645424836601305,0.45796568627450956,1.3642145883291859,Medium,0.4579656862745094,After_Lunch
437:30,0.9851752021563343,0.5416666666666661,0.14705882352941174,0.557966897450804,0.45279484435283524,1.3642145883291859,Medium,0.4527948443528351,After_Lunch
438:00,0.9851752021563343,0.5416666666666661,0.1323529411764706,0.5530649366664903,0.44617719729401173,1.3642145883291859,Medium,0.4461771972940115,After_Lunch
438:30,0.9851752021563343,0.75,0.1323529411764706,0.6225093811109349,0.5190938639606786,1.522596188711863,Medium,0.5190938639606787,After_Lunch
439:00,1.0,0.75,0.14705882352941174,0.6323529411764706,0.5286764705882352,1.522596188711863,Medium,0.5286764705882353,After_Lunch
439:30,0.9851752021563343,0.75,0.1372549019607843,0.6241433680390395,0.5212997463136197,1.522596188711863,Medium,0.5212997463136199,After_Lunch
440:00,0.9851752021563343,0.75,0.12254901960784312,0.6192414072547258,0.5146820992547962,1.522596188711863,Medium,0.5146820992547964,After_Lunch
440:30,0.9851752021563343,0.75,0.12254901960784312,0.6192414072547258,0.5146820992547962,1.522596188711863,Medium,0.5146820992547964,After_Lunch
441:00,0.9851752021563343,0.75,0.1372549019607843,0.6241433680390395,0.5212997463136197,1.522596188711863,Medium,0.5212997463136199,After_Lunch
441:30,0.9851752021563343,0.75,0.1372549019607843,0.6241433680390395,0.5212997463136197,1.522596188711863,Medium,0.5212997463136199,After_Lunch
442:00,0.9851752021563343,0.75,0.14215686274509803,0.625777354967144,0.5235056286665609,1.522596188711863,Medium,0.523505628666561,After_Lunch
442:30,0.9851752021563343,0.75,0.03431372549019607,0.5898296425488434,0.47497621690185504,1.522596188711863,Medium,0.4749762169018551,After_Lunch
443:00,0.9851752021563343,0.75,0.1715686274509804,0.6355812765357716,0.5367409227842079,1.522596188711863,Medium,0.5367409227842082,After_Lunch
443:30,0.9851752021563343,0.75,0.1764705882352941,0.6372152634638761,0.5389468051371491,1.522596188711863,Medium,0.5389468051371493,After_Lunch
444:00,0.9703504043126685,0.75,0.18627450980392157,0.6355416380388633,0.5403936102742984,1.522596188711863,Medium,0.5403936102742986,After_Lunch
444:30,0.9851752021563343,0.75,0.03431372549019607,0.5898296425488434,0.47497621690185504,1.522596188711863,Medium,0.4749762169018551,After_Lunch
445:00,0.9703504043126685,0.75,0.1813725490196078,0.6339076511107588,0.5381877279213572,1.522596188711863,Medium,0.5381877279213573,After_Lunch
445:30,0.9703504043126685,0.75,0.1813725490196078,0.6339076511107588,0.5381877279213572,1.522596188711863,Medium,0.5381877279213573,After_Lunch
446:00,0.9703504043126685,0.75,0.1715686274509804,0.6306396772545496,0.5337759632154748,1.522596188711863,Medium,0.5337759632154749,After_Lunch
446:30,0.9703504043126685,0.75,0.16666666666666669,0.629005690326445,0.5315700808625337,1.522596188711863,Medium,0.5315700808625338,After_Lunch
447:00,0.9703504043126685,0.958333333333333,0.1568627450980392,0.6951821609146802,0.600074982823318,1.699365461792352,Medium,0.6000749828233183,After_Lunch
447:30,0.9703504043126685,0.958333333333333,0.1519607843137255,0.6935481739865756,0.5978691004703768,1.699365461792352,Medium,0.5978691004703771,After_Lunch
448:00,0.9703504043126685,0.958333333333333,0.16176470588235292,0.6968161478427848,0.6022808651762591,1.699365461792352,Medium,0.6022808651762595,After_Lunch
448:30,0.9703504043126685,0.958333333333333,0.1813725490196078,0.7033520955552032,0.6111043945880238,1.699365461792352,Medium,0.6111043945880241,After_Lunch
449:00,0.9555256064690028,0.958333333333333,0.1813725490196078,0.6984104962739813,0.6081394350192906,1.699365461792352,Medium,0.608139435019291,After_Lunch
449:30,0.9555256064690028,0.958333333333333,0.18627450980392157,0.7000444832020859,0.6103453173722317,1.699365461792352,Medium,0.6103453173722323,After_Lunch
450:00,0.9555256064690028,0.958333333333333,0.20098039215686275,0.7049464439863996,0.6169629644310554,1.699365461792352,Medium,0.6169629644310558,After_Lunch
450:30,0.9555256064690028,0.958333333333333,0.20098039215686275,0.7049464439863996,0.6169629644310554,1.699365461792352,Medium,0.6169629644310558,After_Lunch
451:00,0.9555256064690028,0.375,0.20588235294117646,0.5121359864700598,0.4150021801173299,1.249456239625518,Low,0.4150021801173296,After_Lunch
451:30,0.9555256064690028,0.375,0.20098039215686275,0.5105019995419552,0.41279629776438875,1.249456239625518,Low,0.4127962977643884,After_Lunch
452:00,0.9555256064690028,0.375,0.1813725490196078,0.5039660518295369,0.4039727683526241,1.249456239625518,Low,0.4039727683526237,After_Lunch
452:30,0.9555256064690028,0.375,0.16176470588235292,0.4974301041171185,0.39514923894085935,1.249456239625518,Low,0.39514923894085896,After_Lunch
453:00,0.9555256064690028,0.375,0.1372549019607843,0.4892601694765957,0.38411982717615345,1.249456239625518,Low,0.3841198271761531,After_Lunch
453:30,0.9555256064690028,0.375,0.11274509803921567,0.4810902348360728,0.3730904154114476,1.249456239625518,Low,0.37309041541144716,After_Lunch
454:00,0.9555256064690028,0.375,0.11274509803921567,0.4810902348360728,0.3730904154114476,1.249456239625518,Low,0.37309041541144716,After_Lunch
454:30,0.9555256064690028,0.375,0.1372549019607843,0.4892601694765957,0.38411982717615345,1.249456239625518,Low,0.3841198271761531,After_Lunch
455:00,0.9555256064690028,0.583333333333333,0.1372549019607843,0.55870461392104,0.4570364938428201,1.394514708090055,Medium,0.4570364938428199,After_Lunch
455:30,0.9555256064690028,0.583333333333333,0.11764705882352941,0.5521686662086217,0.4482129644310553,1.394514708090055,Medium,0.44821296443105524,After_Lunch
456:00,0.9393530997304573,0.583333333333333,0.10784313725490197,0.5435098567728974,0.4405666983774639,1.394514708090055,Medium,0.44056669837746376,After_Lunch
456:30,0.9393530997304573,0.583333333333333,0.12745098039215685,0.5500458044853157,0.44939022778922866,1.394514708090055,Medium,0.4493902277892285,After_Lunch
457:00,0.9393530997304573,0.583333333333333,0.14705882352941174,0.556581752197734,0.45821375720099333,1.394514708090055,Medium,0.4582137572009932,After_Lunch
457:30,0.9393530997304573,0.583333333333333,0.14215686274509803,0.5549477652696294,0.45600787484805216,1.394514708090055,Medium,0.45600787484805205,After_Lunch
458:00,0.9393530997304573,0.583333333333333,0.1323529411764706,0.5516797914134203,0.4515961101421698,1.394514708090055,Medium,0.45159611014216966,After_Lunch
458:30,0.9393530997304573,0.583333333333333,0.12254901960784312,0.5484118175572111,0.4471843454362874,1.394514708090055,Medium,0.4471843454362873,After_Lunch
459:00,0.9393530997304573,0.5416666666666661,0.11274509803921567,0.531254954812113,0.42818924739707165,1.3642145883291859,Medium,0.4281892473970714,After_Lunch
459:30,0.9393530997304573,0.5416666666666661,0.12254901960784312,0.5345229286683222,0.432601012102954,1.3642145883291859,Medium,0.4326010121029538,After_Lunch
460:00,0.9393530997304573,0.5416666666666661,0.1323529411764706,0.5377909025245313,0.4370127768088363,1.3642145883291859,Medium,0.43701277680883616,After_Lunch
460:30,0.9393530997304573,0.5416666666666661,0.1323529411764706,0.5377909025245313,0.4370127768088363,1.3642145883291859,Medium,0.43701277680883616,After_Lunch
461:00,0.9393530997304573,0.5416666666666661,0.14215686274509803,0.5410588763807405,0.44142454151471866,1.3642145883291859,Medium,0.44142454151471855,After_Lunch
461:30,0.9245283018867916,0.5416666666666661,0.1519607843137255,0.5393852509557276,0.4428713466518679,1.3642145883291859,Medium,0.4428713466518677,After_Lunch
462:00,0.9393530997304573,0.5416666666666661,0.1519607843137255,0.5443268502369496,0.445836306220601,1.3642145883291859,Medium,0.4458363062206009,After_Lunch
462:30,0.9245283018867916,0.5416666666666661,0.16176470588235292,0.5426532248119368,0.44728311135775023,1.3642145883291859,Medium,0.44728311135775006,After_Lunch
463:00,0.9245283018867916,0.20833333333333304,0.1764705882352941,0.4364440744851396,0.33723409174990726,1.2214027581601699,Low,0.33723409174990665,After_Lunch
463:30,0.9245283018867916,0.20833333333333304,0.1813725490196078,0.4380780614132442,0.33943997410284843,1.2214027581601699,Low,0.3394399741028478,After_Lunch
464:00,0.9245283018867916,0.20833333333333304,0.18627450980392157,0.43971204834134875,0.3416458564557896,1.2214027581601699,Low,0.341645856455789,After_Lunch
464:30,0.9245283018867916,0.20833333333333304,0.1813725490196078,0.4380780614132442,0.33943997410284843,1.2214027581601699,Low,0.3394399741028478,After_Lunch
465:00,0.9245283018867916,0.20833333333333304,0.1813725490196078,0.4380780614132442,0.33943997410284843,1.2214027581601699,Low,0.3394399741028478,After_Lunch
465:30,0.9245283018867916,0.20833333333333304,0.19117647058823528,0.4413460352694533,0.34385173880873077,1.2214027581601699,Low,0.34385173880873016,After_Lunch
466:00,0.9245283018867916,0.20833333333333304,0.18627450980392157,0.43971204834134875,0.3416458564557896,1.2214027581601699,Low,0.341645856455789,After_Lunch
466:30,0.9245283018867916,0.20833333333333304,0.18627450980392157,0.43971204834134875,0.3416458564557896,1.2214027581601699,Low,0.341645856455789,After_Lunch
467:00,0.9245283018867916,0.2916666666666665,0.1764705882352941,0.4642218522629174,0.36640075841657394,1.2214027581601699,Low,0.3664007584165735,After_Lunch
467:30,0.9245283018867916,0.2916666666666665,0.1519607843137255,0.4560519176223945,0.3553713466518681,1.2214027581601699,Low,0.3553713466518676,After_Lunch
468:00,0.9097035040431258,0.2916666666666665,0.1519607843137255,0.4511103183411726,0.35240638708313493,1.2214027581601699,Low,0.35240638708313443,After_Lunch
468:30,0.9097035040431258,0.2916666666666665,0.1764705882352941,0.4592802529816955,0.36343579884784083,1.2214027581601699,Low,0.36343579884784033,After_Lunch
469:00,0.9097035040431258,0.2916666666666665,0.19117647058823528,0.4641822137660092,0.37005344590666434,1.2214027581601699,Low,0.3700534459066639,After_Lunch
469:30,0.9097035040431258,0.2916666666666665,0.19117647058823528,0.4641822137660092,0.37005344590666434,1.2214027581601699,Low,0.3700534459066639,After_Lunch
470:00,0.9097035040431258,0.2916666666666665,0.1764705882352941,0.4592802529816955,0.36343579884784083,1.2214027581601699,Low,0.36343579884784033,After_Lunch
470:30,0.9097035040431258,0.2916666666666665,0.1568627450980392,0.45274430526927717,0.3546122694360761,1.2214027581601699,Low,0.3546122694360756,After_Lunch
471:00,0.9097035040431258,0.5,0.14215686274509803,0.5172867889294079,0.4209112890439193,1.334572831834188,Medium,0.42091128904391906,After_Lunch
471:30,0.9097035040431258,0.5,0.1372549019607843,0.5156528020013034,0.4187054066909781,1.334572831834188,Medium,0.4187054066909779,After_Lunch
472:00,0.9097035040431258,0.5,0.1372549019607843,0.5156528020013034,0.4187054066909781,1.334572831834188,Medium,0.4187054066909779,After_Lunch
472:30,0.9097035040431258,0.5,0.1372549019607843,0.5156528020013034,0.4187054066909781,1.334572831834188,Medium,0.4187054066909779,After_Lunch
473:00,0.9097035040431258,0.5,0.14215686274509803,0.5172867889294079,0.4209112890439193,1.334572831834188,Medium,0.42091128904391906,After_Lunch
473:30,0.9097035040431258,0.5,0.14705882352941174,0.5189207758575125,0.42311717139686045,1.334572831834188,Medium,0.4231171713968602,After_Lunch
474:00,0.9097035040431258,0.5,0.14705882352941174,0.5189207758575125,0.42311717139686045,1.334572831834188,Medium,0.4231171713968602,After_Lunch
474:30,0.9097035040431258,0.6666666666666661,0.1519607843137255,0.5761103183411724,0.4836563870831348,1.4571488529455572,Medium,0.48365638708313474,After_Lunch
475:00,0.8948787061994601,0.6666666666666661,0.16176470588235292,0.5744366929161596,0.485103192220284,1.4571488529455572,Medium,0.485103192220284,After_Lunch
475:30,0.9097035040431258,0.6666666666666661,0.16176470588235292,0.5793782921973816,0.48806815178901714,1.4571488529455572,Medium,0.4880681517890171,After_Lunch
476:00,0.9097035040431258,0.6666666666666661,0.14705882352941174,0.5744763314130679,0.4814505047301936,1.4571488529455572,Medium,0.4814505047301936,After_Lunch
476:30,0.9097035040431258,0.6666666666666661,0.14705882352941174,0.5744763314130679,0.4814505047301936,1.4571488529455572,Medium,0.4814505047301936,After_Lunch
477:00,0.9097035040431258,0.6666666666666661,0.1372549019607843,0.5712083575568587,0.47703874002431124,1.4571488529455572,Medium,0.47703874002431124,After_Lunch
477:30,0.8948787061994601,0.6666666666666661,0.11764705882352941,0.5597308105632185,0.46525025104381335,1.4571488529455572,Medium,0.46525025104381335,After_Lunch
478:00,0.9097035040431258,0.6666666666666661,0.11274509803921567,0.5630384229163359,0.46600932825960534,1.4571488529455572,Medium,0.4660093282596053,After_Lunch
478:30,0.9097035040431258,0.5416666666666661,0.12254901960784312,0.5246397301058784,0.42667109296548766,1.3642145883291859,Medium,0.42667109296548755,After_Lunch
479:00,0.8948787061994601,0.5416666666666661,0.14215686274509803,0.5262340785370747,0.43252966280851923,1.3642145883291859,Medium,0.4325296628085191,After_Lunch
479:30,0.8948787061994601,0.5416666666666661,0.1372549019607843,0.5246000916089701,0.43032378045557806,1.3642145883291859,Medium,0.43032378045557784,After_Lunch
480:00,0.9097035040431258,0.5416666666666661,0.11764705882352941,0.5230057431777738,0.4244652106125465,1.3642145883291859,Medium,0.4244652106125464,After_Lunch
480:30,0.8948787061994601,0.5416666666666661,0.11274509803921567,0.5164301569684473,0.41929436869087217,1.3642145883291859,Medium,0.419294368690872,After_Lunch
481:00,0.8948787061994601,0.5416666666666661,0.11764705882352941,0.5180641438965519,0.4215002510438134,1.3642145883291859,Medium,0.42150025104381317,After_Lunch
481:30,0.8948787061994601,0.5416666666666661,0.12745098039215685,0.521332117752761,0.4259120157496957,1.3642145883291859,Medium,0.4259120157496955,After_Lunch
482:00,0.8948787061994601,0.625,0.12254901960784312,0.5474759086024344,0.4528728000634214,1.425487813805903,Medium,0.45287280006342134,After_Lunch
482:30,0.8948787061994601,0.625,0.12254901960784312,0.5474759086024344,0.4528728000634214,1.425487813805903,Medium,0.45287280006342134,After_Lunch
483:00,0.8948787061994601,0.625,0.0,0.50662623539982,0.397725741239892,1.425487813805903,Medium,0.3977257412398919,After_Lunch
483:30,0.8948787061994601,0.625,0.11764705882352941,0.5458419216743299,0.45066691771048023,1.425487813805903,Medium,0.4506669177104802,After_Lunch
484:00,0.8948787061994601,0.625,0.11764705882352941,0.5458419216743299,0.45066691771048023,1.425487813805903,Medium,0.4506669177104802,After_Lunch
484:30,0.8948787061994601,0.625,0.0980392156862745,0.5393059739619116,0.44184338829871556,1.425487813805903,Medium,0.4418433882987155,After_Lunch
485:00,0.8948787061994601,0.625,0.09313725490196079,0.537671987033807,0.4396375059457744,1.425487813805903,Medium,0.43963750594577433,After_Lunch
485:30,0.8948787061994601,0.9166666666666661,0.08823529411764705,0.6332602223279243,0.5395149569261662,1.6624415220797937,Medium,0.5395149569261666,After_Lunch
486:00,0.8787061994609164,0.9166666666666661,0.07352941176470587,0.6229674259640962,0.529662808519634,1.6624415220797937,Medium,0.5296628085196343,After_Lunch
486:30,0.8787061994609164,0.9166666666666661,0.0784313725490196,0.6246014128922007,0.5318686908725752,1.6624415220797937,Medium,0.5318686908725755,After_Lunch
487:00,0.8787061994609164,0.9166666666666661,0.0784313725490196,0.6246014128922007,0.5318686908725752,1.6624415220797937,Medium,0.5318686908725755,After_Lunch
487:30,0.8787061994609164,0.9166666666666661,0.06862745098039214,0.6213334390359916,0.5274569261666928,1.6624415220797937,Medium,0.5274569261666932,After_Lunch
488:00,0.8787061994609164,0.9166666666666661,0.06862745098039214,0.6213334390359916,0.5274569261666928,1.6624415220797937,Medium,0.5274569261666932,After_Lunch
488:30,0.8787061994609164,0.9166666666666661,0.06862745098039214,0.6213334390359916,0.5274569261666928,1.6624415220797937,Medium,0.5274569261666932,After_Lunch
489:00,0.8787061994609164,0.9166666666666661,0.08333333333333331,0.6262353998203053,0.5340745732255163,1.6624415220797937,Medium,0.5340745732255167,After_Lunch
489:30,0.8787061994609164,0.6666666666666661,0.08333333333333331,0.5429020664869719,0.4465745732255164,1.4571488529455572,Medium,0.44657457322551636,After_Lunch
490:00,0.8787061994609164,0.6666666666666661,0.08333333333333331,0.5429020664869719,0.4465745732255164,1.4571488529455572,Medium,0.44657457322551636,After_Lunch
490:30,0.8787061994609164,0.6666666666666661,0.09313725490196079,0.5461700403431812,0.45098633793139875,1.4571488529455572,Medium,0.45098633793139875,After_Lunch
491:00,0.8638814016172507,0.6666666666666661,0.08333333333333331,0.53796046720575,0.44360961365678325,1.4571488529455572,Medium,0.4436096136567832,After_Lunch
491:30,0.8787061994609164,0.6666666666666661,0.08823529411764705,0.5445360534150766,0.4487804555784576,1.4571488529455572,Medium,0.4487804555784575,After_Lunch
492:00,0.8638814016172507,0.6666666666666661,0.0980392156862745,0.5428624279900638,0.4502272607156068,1.4571488529455572,Medium,0.4502272607156068,After_Lunch
492:30,0.8638814016172507,0.6666666666666661,0.10784313725490197,0.5461304018462729,0.45463902542148915,1.4571488529455572,Medium,0.45463902542148915,After_Lunch
493:00,0.8638814016172507,0.6666666666666661,0.10784313725490197,0.5461304018462729,0.45463902542148915,1.4571488529455572,Medium,0.45463902542148915,After_Lunch
493:30,0.8638814016172507,0.45833333333333304,0.10294117647058823,0.475051970473724,0.3795164764018814,1.3055751336388337,Medium,0.37951647640188113,After_Lunch
494:00,0.8638814016172507,0.45833333333333304,0.0980392156862745,0.4734179835456194,0.37731059404894024,1.3055751336388337,Medium,0.37731059404893996,After_Lunch
494:30,0.8638814016172507,0.45833333333333304,0.0980392156862745,0.4734179835456194,0.37731059404894024,1.3055751336388337,Medium,0.37731059404893996,After_Lunch
495:00,0.8638814016172507,0.45833333333333304,0.0980392156862745,0.4734179835456194,0.37731059404894024,1.3055751336388337,Medium,0.37731059404893996,After_Lunch
495:30,0.8638814016172507,0.45833333333333304,0.0784313725490196,0.4668820358332011,0.3684870646371755,1.3055751336388337,Medium,0.3684870646371752,After_Lunch
496:00,0.8638814016172507,0.45833333333333304,0.0784313725490196,0.4668820358332011,0.3684870646371755,1.3055751336388337,Medium,0.3684870646371752,After_Lunch
496:30,0.8490566037735849,0.45833333333333304,0.09313725490196079,0.46684239733629296,0.3721397521272659,1.3055751336388337,Medium,0.3721397521272656,After_Lunch
497:00,0.8490566037735849,0.708333333333333,0.08823529411764705,0.5485417437415218,0.4574338697743247,1.4895131049711408,Medium,0.45743386977432476,After_Lunch
497:30,0.8490566037735849,0.708333333333333,0.09313725490196079,0.5501757306696263,0.4596397521272659,1.4895131049711408,Medium,0.45963975212726593,After_Lunch
498:00,0.8490566037735849,0.708333333333333,0.09313725490196079,0.5501757306696263,0.4596397521272659,1.4895131049711408,Medium,0.45963975212726593,After_Lunch
498:30,0.8490566037735849,0.708333333333333,0.08333333333333331,0.5469077568134171,0.45522798742138354,1.4895131049711408,Medium,0.4552279874213836,After_Lunch
499:00,0.8490566037735849,0.708333333333333,0.08823529411764705,0.5485417437415218,0.4574338697743247,1.4895131049711408,Medium,0.45743386977432476,After_Lunch
499:30,0.8490566037735849,0.708333333333333,0.0980392156862745,0.5518097175977309,0.46184563448020705,1.4895131049711408,Medium,0.4618456344802071,After_Lunch
500:00,0.8490566037735849,0.708333333333333,0.10784313725490197,0.55507769145394,0.46625739918608944,1.4895131049711408,Medium,0.46625739918608944,After_Lunch
500:30,0.8490566037735849,0.708333333333333,0.11764705882352941,0.5583456653101492,0.4706691638919718,1.4895131049711408,Medium,0.4706691638919718,After_Lunch
501:00,0.8490566037735849,0.708333333333333,0.16666666666666669,0.5746855345911949,0.4927279874213835,1.4895131049711408,Medium,0.4927279874213836,After_Lunch
501:30,0.8342318059299192,0.708333333333333,0.1813725490196078,0.5746458960942867,0.49638067491147386,1.4895131049711408,Medium,0.49638067491147403,After_Lunch
502:00,0.8490566037735849,0.708333333333333,0.1519607843137255,0.5697835738068812,0.48611034036256,1.4895131049711408,Medium,0.48611034036256007,After_Lunch
502:30,0.8342318059299192,0.708333333333333,0.14705882352941174,0.5632079875975546,0.4809394984408857,1.4895131049711408,Medium,0.48093949844088574,After_Lunch
503:00,0.8342318059299192,0.708333333333333,0.14215686274509803,0.5615740006694501,0.4787336160879445,1.4895131049711408,Medium,0.47873361608794457,After_Lunch
503:30,0.8342318059299192,0.708333333333333,0.14215686274509803,0.5615740006694501,0.4787336160879445,1.4895131049711408,Medium,0.47873361608794457,After_Lunch
504:00,0.8342318059299192,0.708333333333333,0.1372549019607843,0.5599400137413455,0.4765277337350033,1.4895131049711408,Medium,0.4765277337350034,After_Lunch
504:30,0.8342318059299192,0.375,0.1323529411764706,0.44719491570212994,0.3576551847153956,1.249456239625518,Low,0.3576551847153952,After_Lunch
505:00,0.8342318059299192,0.375,0.1372549019607843,0.4488289026302345,0.35986106706833676,1.249456239625518,Low,0.3598610670683364,After_Lunch
505:30,0.8342318059299192,0.375,0.1568627450980392,0.4553648503426528,0.36868459648010143,1.249456239625518,Low,0.3686845964801011,After_Lunch
506:00,0.8194070080862534,0.375,0.16176470588235292,0.4520572379895354,0.3679255192643095,1.249456239625518,Low,0.3679255192643091,After_Lunch
506:30,0.8342318059299192,0.375,0.1519607843137255,0.4537308634145482,0.36647871412716027,1.249456239625518,Low,0.36647871412715993,After_Lunch
507:00,0.8342318059299192,0.375,0.1519607843137255,0.4537308634145482,0.36647871412716027,1.249456239625518,Low,0.36647871412715993,After_Lunch
507:30,0.8194070080862534,0.375,0.16666666666666669,0.4536912249176401,0.37013140161725067,1.249456239625518,Low,0.37013140161725033,After_Lunch
508:00,0.8194070080862534,0.375,0.1715686274509804,0.45532521184574465,0.37233728397019183,1.249456239625518,Low,0.3723372839701915,After_Lunch
508:30,0.8342318059299192,0.125,0.1764705882352941,0.3785674647217378,0.2900081258918662,1.2214027581601699,Low,0.29000812589186553,After_Lunch
509:00,0.8342318059299192,0.125,0.16666666666666669,0.37529949086552866,0.28559636118598386,1.2214027581601699,Low,0.2855963611859832,After_Lunch
509:30,0.8194070080862534,0.125,0.1519607843137255,0.36545593079999295,0.2760137545584272,1.2214027581601699,Low,0.27601375455842647,After_Lunch
510:00,0.8342318059299192,0.125,0.1372549019607843,0.36549556929690113,0.27236106706833674,1.2214027581601699,Low,0.27236106706833607,After_Lunch
510:30,0.8342318059299192,0.125,0.1372549019607843,0.36549556929690113,0.27236106706833674,1.2214027581601699,Low,0.27236106706833607,After_Lunch
511:00,0.8342318059299192,0.125,0.1519607843137255,0.37039753008121484,0.2789787141271603,1.2214027581601699,Low,0.27897871412715963,After_Lunch
511:30,0.8342318059299192,0.125,0.14215686274509803,0.3671295562250057,0.27456694942127796,1.2214027581601699,Low,0.27456694942127724,After_Lunch
512:00,0.8342318059299192,0.125,0.12745098039215685,0.362227595440692,0.2679493023624544,1.2214027581601699,Low,0.26794930236245373,After_Lunch
512:30,0.8342318059299192,0.125,0.11764705882352941,0.35895962158448286,0.26353753765657206,1.2214027581601699,Low,0.2635375376565714,After_Lunch
513:00,0.8490566037735849,0.125,0.0980392156862745,0.35736527315328653,0.2576789678135405,1.2214027581601699,Low,0.25767896781353977,After_Lunch
513:30,0.8490566037735849,0.125,0.08333333333333331,0.3524633123689727,0.251061320754717,1.2214027581601699,Low,0.2510613207547162,After_Lunch
514:00,0.8490566037735849,0.125,0.07352941176470587,0.3491953385127636,0.24664955604883465,1.2214027581601699,Low,0.24664955604883387,After_Lunch
514:30,0.8490566037735849,0.125,0.06862745098039214,0.347561351584659,0.24444367369589345,1.2214027581601699,Low,0.2444436736958927,After_Lunch
515:00,0.8490566037735849,0.125,0.08333333333333331,0.3524633123689727,0.251061320754717,1.2214027581601699,Low,0.2510613207547162,After_Lunch
515:30,0.8490566037735849,0.125,0.09313725490196079,0.35573128622518196,0.2554730854605993,1.2214027581601699,Low,0.2554730854605986,After_Lunch
516:00,0.8638814016172507,0.125,0.0980392156862745,0.36230687243450843,0.2606439273822737,1.2214027581601699,Low,0.26064392738227293,After_Lunch
516:30,0.8638814016172507,0.125,0.09313725490196079,0.36067288550640386,0.25843804502933254,1.2214027581601699,Low,0.25843804502933176,After_Lunch
517:00,0.8638814016172507,0.33333333333333304,0.09313725490196079,0.4301173299508482,0.33135471169599906,1.2223079611046912,Low,0.3313547116959986,After_Lunch
517:30,0.8638814016172507,0.33333333333333304,0.10784313725490197,0.43501929073516193,0.33797235875482257,1.2223079611046912,Low,0.3379723587548221,After_Lunch
518:00,0.8638814016172507,0.33333333333333304,0.11274509803921567,0.4366532776632665,0.34017824110776373,1.2223079611046912,Low,0.3401782411077633,After_Lunch
518:30,0.8638814016172507,0.33333333333333304,0.11764705882352941,0.4382872645913711,0.34238412346070496,1.2223079611046912,Low,0.34238412346070446,After_Lunch
519:00,0.8638814016172507,0.33333333333333304,0.11764705882352941,0.4382872645913711,0.34238412346070496,1.2223079611046912,Low,0.34238412346070446,After_Lunch
519:30,0.8638814016172507,0.33333333333333304,0.1323529411764706,0.4431892253756848,0.3490017705195285,1.2223079611046912,Low,0.3490017705195281,After_Lunch
520:00,0.8638814016172507,0.33333333333333304,0.1372549019607843,0.44482321230378935,0.3512076528724697,1.2223079611046912,Low,0.35120765287246924,After_Lunch
520:30,0.8638814016172507,0.33333333333333304,0.1323529411764706,0.4431892253756848,0.3490017705195285,1.2223079611046912,Low,0.3490017705195281,After_Lunch
521:00,0.8638814016172507,0.33333333333333304,0.12745098039215685,0.4415552384475802,0.3467958881665873,1.2223079611046912,Low,0.34679588816658685,After_Lunch
521:30,0.8787061994609164,0.0,0.12745098039215685,0.3353857266176911,0.23309418106865387,1.2214027581601699,Low,0.23309418106865298,After_Lunch
522:00,0.8787061994609164,0.0,0.12745098039215685,0.3353857266176911,0.23309418106865387,1.2214027581601699,Low,0.23309418106865298,After_Lunch
522:30,0.8787061994609164,0.0,0.12745098039215685,0.3353857266176911,0.23309418106865387,1.2214027581601699,Low,0.23309418106865298,After_Lunch
523:00,0.8787061994609164,0.0,0.11274509803921567,0.3304837658333774,0.22647653400983034,1.2214027581601699,Low,0.22647653400982945,After_Lunch
523:30,0.8787061994609164,0.0,0.10784313725490197,0.32884977890527284,0.22427065165688917,1.2214027581601699,Low,0.22427065165688828,After_Lunch
524:00,0.8948787061994601,0.0,0.12254901960784312,0.3391425752691011,0.23412280006342143,1.2214027581601699,Low,0.2341228000634205,After_Lunch
524:30,0.8948787061994601,0.0,0.1372549019607843,0.3440445360534148,0.24074044712224496,1.2214027581601699,Low,0.24074044712224407,After_Lunch
525:00,0.8948787061994601,0.0,0.14215686274509803,0.34567852298151935,0.24294632947518613,1.2214027581601699,Low,0.24294632947518524,After_Lunch
525:30,0.9097035040431258,0.0,0.14705882352941174,0.3522541091908458,0.24811717139686046,1.2214027581601699,Low,0.24811717139685957,After_Lunch
526:00,0.9097035040431258,0.0,0.1519607843137255,0.3538880961189504,0.2503230537498017,1.2214027581601699,Low,0.2503230537498008,After_Lunch
526:30,0.9245283018867916,0.0,0.1568627450980392,0.3604636823282769,0.25549389567147596,1.2214027581601699,Low,0.25549389567147507,After_Lunch
527:00,0.9245283018867916,0.0,0.14705882352941174,0.3571957084720678,0.2510821309655936,1.2214027581601699,Low,0.25108213096559273,After_Lunch
527:30,0.9393530997304573,0.0,0.14705882352941174,0.3621373077532897,0.2540470905343267,1.2214027581601699,Low,0.2540470905343259,After_Lunch
528:00,0.9393530997304573,0.0,0.1568627450980392,0.3654052816094988,0.2584588552402091,1.2214027581601699,Low,0.25845885524020823,After_Lunch
528:30,0.9393530997304573,0.0,0.1519607843137255,0.36377129468139424,0.25625297288726795,1.2214027581601699,Low,0.25625297288726706,After_Lunch
529:00,0.9555256064690028,0.0,0.14215686274509803,0.36589415640470024,0.25507570952909464,1.2214027581601699,Low,0.2550757095290938,After_Lunch
529:30,0.9555256064690028,0.0,0.14705882352941174,0.3675281433328048,0.2572815918820358,1.2214027581601699,Low,0.257281591882035,After_Lunch
530:00,0.9703504043126685,0.08333333333333304,0.1568627450980392,0.40351549424801353,0.2938249828233179,1.2214027581601699,Low,0.29382498282331715,After_Lunch
530:30,0.9703504043126685,0.08333333333333304,0.16666666666666669,0.4067834681042228,0.29823674752920026,1.2214027581601699,Low,0.2982367475291995,After_Lunch
531:00,0.9851752021563343,0.08333333333333304,0.1715686274509804,0.41335905431354925,0.3034075894508746,1.2214027581601699,Low,0.3034075894508738,After_Lunch
531:30,0.9851752021563343,0.08333333333333304,0.1715686274509804,0.41335905431354925,0.3034075894508746,1.2214027581601699,Low,0.3034075894508738,After_Lunch
532:00,1.0,0.08333333333333304,0.16176470588235292,0.41503267973856195,0.3019607843137254,1.2214027581601699,Low,0.3019607843137246,After_Lunch
532:30,0.43333333333333,0.23809523809523814,0.9469026548672566,0.5394437420986082,0.5961061946902648,1.664349124526924,High,0.5961061946902646,Stress_Induced
533:00,0.43333333333333,0.23809523809523814,0.9557522123893805,0.5423935946059829,0.6000884955752206,1.664349124526924,High,0.6000884955752204,Stress_Induced
533:30,0.43333333333333,0.23809523809523814,0.9823008849557522,0.5512431521281068,0.6120353982300878,1.664349124526924,High,0.6120353982300877,Stress_Induced
534:00,0.49444444444444,0.23809523809523814,0.9911504424778761,0.5745633750058514,0.6282399213372656,1.702194721898053,High,0.6282399213372654,Stress_Induced
534:30,0.49444444444444,0.23809523809523814,0.9999999999999998,0.577513227513226,0.6322222222222212,1.702194721898053,High,0.6322222222222209,Stress_Induced
535:00,0.49444444444444,0.23809523809523814,0.9999999999999998,0.577513227513226,0.6322222222222212,1.702194721898053,High,0.6322222222222209,Stress_Induced
535:30,0.56111111111111,0.23809523809523814,0.9469026548672566,0.5820363346912015,0.6216617502458208,1.7444629776966363,High,0.6216617502458206,Stress_Induced
536:00,0.56111111111111,0.23809523809523814,0.9115044247787609,0.5702369246617031,0.6057325467059977,1.7444629776966363,High,0.6057325467059975,Stress_Induced
536:30,0.56111111111111,0.0,0.9115044247787609,0.49087184529662364,0.5223992133726645,1.7444629776966363,High,0.5223992133726643,Stress_Induced
537:00,0.56111111111111,0.0,0.8761061946902655,0.4790724352671252,0.5064700098328415,1.7444629776966363,High,0.5064700098328412,Stress_Induced
537:30,0.56111111111111,0.0,0.8495575221238938,0.47022287774500127,0.4945231071779742,1.7444629776966363,High,0.494523107177974,Stress_Induced
538:00,0.56111111111111,0.0,0.7610619469026549,0.440724352671255,0.45470009832841674,1.7444629776966363,High,0.45470009832841657,Stress_Induced
538:30,0.62222222222222,0.0,0.7256637168141593,0.44929531301212644,0.45099311701081574,1.7794220991168213,High,0.4509931170108155,Stress_Induced
539:00,0.62222222222222,0.0,0.7787610619469025,0.4669944280563742,0.4748869223205502,1.7841302821761056,High,0.47488692232055,Stress_Induced
539:30,0.62222222222222,0.0,0.7876106194690264,0.4699442805637488,0.47886922320550596,1.7841302821761056,High,0.4788692232055057,Stress_Induced
540:00,0.68333333333333,0.0,0.7345132743362832,0.4726155358898711,0.4671976401179935,1.8246995806014394,High,0.4671976401179933,Stress_Induced
540:30,0.62222222222222,0.0,0.7256637168141593,0.44929531301212644,0.45099311701081574,1.7794220991168213,High,0.4509931170108155,Stress_Induced
541:00,0.68333333333333,0.0,0.7168141592920354,0.4667158308751218,0.45923303834808193,1.8050232378962936,High,0.45923303834808177,Stress_Induced
541:30,0.68333333333333,0.0,0.6991150442477876,0.4608161258603725,0.4512684365781704,1.7756641115578315,High,0.4512684365781703,Stress_Induced
542:00,0.68333333333333,0.0,0.6902654867256637,0.4578662733529979,0.44728613569321474,1.761164111726675,High,0.4472861356932145,Stress_Induced
542:30,0.68333333333333,0.0,0.6725663716814159,0.4519665683382486,0.4393215339233032,1.7325183643626625,High,0.43932153392330303,Stress_Induced
543:00,0.68333333333333,0.0,0.663716814159292,0.449016715830874,0.43533923303834743,1.7183706909219378,High,0.43533923303834726,Stress_Induced
543:30,0.74444444444444,0.0,0.663716814159292,0.469387086201244,0.4475614552605694,1.7574446834783166,High,0.4475614552605693,Stress_Induced
544:00,0.74444444444444,0.1904761904761907,0.6814159292035398,0.5387788547080569,0.5221927236971478,1.786502566756608,High,0.5221927236971475,Stress_Induced
544:30,0.74444444444444,0.1904761904761907,0.6725663716814159,0.5358290022006822,0.518210422812192,1.7719140605477364,High,0.5182104228121918,Stress_Induced
545:00,0.74444444444444,0.1904761904761907,0.663716814159292,0.5328791496933075,0.5142281219272362,1.7574446834783166,High,0.514228121927236,Stress_Induced
545:30,0.74444444444444,0.1904761904761907,0.654867256637168,0.529929297185933,0.5102458210422804,1.7430934627447139,High,0.5102458210422802,Stress_Induced
546:00,0.74444444444444,0.1904761904761907,0.6106194690265487,0.5151800346490598,0.49033431661750165,1.6730762084400548,High,0.49033431661750154,Stress_Induced
546:30,0.74444444444444,0.1904761904761907,0.6106194690265487,0.5151800346490598,0.49033431661750165,1.6730762084400548,High,0.49033431661750154,Stress_Induced
547:00,0.74444444444444,0.1904761904761907,0.6106194690265487,0.5151800346490598,0.49033431661750165,1.6730762084400548,High,0.49033431661750154,Stress_Induced
547:30,0.74444444444444,0.26190476190476186,0.6017699115044248,0.5360397059512089,0.5113520157325457,1.6594139371906742,High,0.5113520157325457,Stress_Induced
548:00,0.81111111111111,0.26190476190476186,0.5929203539823009,0.5553120756660576,0.5207030481809242,1.6867326850097435,High,0.520703048180924,Stress_Induced
548:30,0.81111111111111,0.26190476190476186,0.6017699115044248,0.5582619281734322,0.5246853490658798,1.700619876717204,High,0.5246853490658798,Stress_Induced
549:00,0.81111111111111,0.26190476190476186,0.5929203539823009,0.5553120756660576,0.5207030481809242,1.6867326850097435,High,0.520703048180924,Stress_Induced
549:30,0.81111111111111,0.26190476190476186,0.584070796460177,0.552362223158683,0.5167207472959684,1.6729588955364683,High,0.5167207472959683,Stress_Induced
550:00,0.81111111111111,0.26190476190476186,0.6194690265486724,0.5641616331881815,0.5326499508357913,1.7287382091705394,High,0.5326499508357911,Stress_Induced
550:30,0.81111111111111,0.38095238095238093,0.6371681415929202,0.6097438778854704,0.5822812192723694,1.8033344561461275,High,0.5822812192723694,Stress_Induced
551:00,0.81111111111111,0.38095238095238093,0.6283185840707963,0.6067940253780958,0.5782989183874137,1.7886085014233633,High,0.5782989183874137,Stress_Induced
551:30,0.81111111111111,0.38095238095238093,0.6371681415929202,0.6097438778854704,0.5822812192723694,1.8033344561461275,High,0.5822812192723694,Stress_Induced
552:00,0.81111111111111,0.38095238095238093,0.663716814159292,0.6185934354075943,0.5942281219272367,1.8482437709064596,High,0.5942281219272365,Stress_Induced
552:30,0.87222222222222,0.38095238095238093,0.6814159292035398,0.6448635107927135,0.6144149459193702,1.8817587640760802,High,0.61441494591937,Stress_Induced
553:00,0.87222222222222,0.38095238095238093,0.663716814159292,0.6389638057779643,0.6064503441494586,1.8511515164057364,High,0.6064503441494586,Stress_Induced
553:30,0.87222222222222,0.38095238095238093,0.6460176991150441,0.6330641007632151,0.5984857423795472,1.8210421027977801,High,0.5984857423795471,Stress_Induced
554:00,0.87222222222222,0.26190476190476186,0.663716814159292,0.5992812660954246,0.5647836774827921,1.803918438320045,High,0.5647836774827919,Stress_Induced
554:30,0.87222222222222,0.26190476190476186,0.663716814159292,0.5992812660954246,0.5647836774827921,1.803918438320045,High,0.5647836774827919,Stress_Induced
555:00,0.87222222222222,0.26190476190476186,0.6371681415929202,0.5904317085733007,0.5528367748279248,1.7600861569815565,High,0.5528367748279246,Stress_Induced
555:30,0.87222222222222,0.26190476190476186,0.6194690265486724,0.5845320035585514,0.5448721730580133,1.7314579428043109,High,0.544872173058013,Stress_Induced
556:00,0.87222222222222,0.26190476190476186,0.6460176991150441,0.5933815610806753,0.5568190757128806,1.7745772818058252,High,0.5568190757128804,Stress_Induced
556:30,0.93333333333333,0.26190476190476186,0.654867256637168,0.61670178395842,0.5730235988200583,1.789187714822957,High,0.573023598820058,Stress_Induced
557:00,0.93333333333333,0.26190476190476186,0.6371681415929202,0.6108020789436707,0.5650589970501467,1.7600861569815565,High,0.5650589970501467,Stress_Induced
557:30,0.93333333333333,0.16666666666666652,0.6106194690265487,0.5702064896755151,0.5197787610619462,1.7173189287222554,High,0.5197787610619462,Stress_Induced
558:00,0.93333333333333,0.16666666666666652,0.6283185840707963,0.5761061946902643,0.5277433628318576,1.7457133660843727,High,0.5277433628318575,Stress_Induced
558:30,0.93333333333333,0.16666666666666652,0.6283185840707963,0.5761061946902643,0.5277433628318576,1.7457133660843727,High,0.5277433628318575,Stress_Induced
559:00,0.93333333333333,0.16666666666666652,0.5752212389380531,0.5584070796460165,0.5038495575221232,1.6619080685776835,High,0.5038495575221231,Stress_Induced
559:30,0.93333333333333,0.16666666666666652,0.5398230088495575,0.546607669616518,0.48792035398230016,1.6082850903289023,High,0.48792035398230005,Stress_Induced
560:00,0.93333333333333,0.16666666666666652,0.5132743362831858,0.5377581120943941,0.47597345132743285,1.5692063808627226,Medium,0.4759734513274328,Stress_Induced
560:30,0.93333333333333,0.16666666666666652,0.5044247787610618,0.5348082595870195,0.4719911504424771,1.5563923063373342,Medium,0.471991150442477,Stress_Induced
561:00,0.93333333333333,0.40476190476190466,0.47787610619469034,0.605323781429975,0.5433775811209433,1.5780212134415785,High,0.5433775811209431,Stress_Induced
561:30,0.93333333333333,0.40476190476190466,0.4424778761061947,0.5935243714004764,0.5274483775811202,1.5271049210157812,Medium,0.5274483775811203,Stress_Induced
562:00,0.93333333333333,0.40476190476190466,0.4247787610619469,0.5876246663857272,0.5194837758112087,1.502266201288027,Medium,0.5194837758112087,Stress_Induced
562:30,1.0,0.40476190476190466,0.4070796460176991,0.6039471835932012,0.5248525073746313,1.4778314891626474,Medium,0.5248525073746311,Stress_Induced
563:00,1.0,0.40476190476190466,0.36283185840707954,0.5891979210563281,0.5049410029498524,1.4184693806999131,Medium,0.5049410029498524,Stress_Induced
563:30,0.93333333333333,0.40476190476190466,0.3362831858407078,0.5581261413119808,0.47966076696165116,1.3840028839647431,Medium,0.4796607669616511,Stress_Induced
564:00,1.0,0.5476190476190474,0.3008849557522124,0.6161680011237533,0.5270648967551621,1.444119096651685,Medium,0.5270648967551621,Stress_Induced
564:30,0.93333333333333,0.5476190476190474,0.3097345132743363,0.5968956314089046,0.5177138643067839,1.4560088044410915,Medium,0.517713864306784,Stress_Induced
565:00,0.93333333333333,0.5476190476190474,0.31858407079646023,0.5998454839162792,0.5216961651917397,1.467996402461051,Medium,0.5216961651917398,Stress_Induced
565:30,0.93333333333333,0.5476190476190474,0.3097345132743363,0.5968956314089046,0.5177138643067839,1.4560088044410915,Medium,0.517713864306784,Stress_Induced
566:00,0.93333333333333,0.5476190476190474,0.2920353982300885,0.5909959263941553,0.5097492625368725,1.4323264797252502,Medium,0.5097492625368725,Stress_Induced
566:30,0.93333333333333,0.5476190476190474,0.3097345132743363,0.5968956314089046,0.5177138643067839,1.4560088044410915,Medium,0.517713864306784,Stress_Induced
567:00,0.93333333333333,0.6666666666666665,0.32743362831858414,0.6424778761061936,0.5673451327433621,1.5759567515061526,High,0.5673451327433621,Stress_Induced
567:30,0.93333333333333,0.6666666666666665,0.32743362831858414,0.6424778761061936,0.5673451327433621,1.5759567515061526,High,0.5673451327433621,Stress_Induced
568:00,0.93333333333333,0.6666666666666665,0.32743362831858414,0.6424778761061936,0.5673451327433621,1.5759567515061526,High,0.5673451327433621,Stress_Induced
568:30,0.93333333333333,0.6666666666666665,0.32743362831858414,0.6424778761061936,0.5673451327433621,1.5759567515061526,High,0.5673451327433621,Stress_Induced
569:00,0.93333333333333,0.6666666666666665,0.3362831858407078,0.6454277286135681,0.5713274336283177,1.588931903837837,High,0.5713274336283178,Stress_Induced
569:30,0.87222222222222,0.6666666666666665,0.34513274336283173,0.6280072107505728,0.5630875122910515,1.60201388307189,High,0.5630875122910515,Stress_Induced
570:00,0.87222222222222,0.7619047619047619,0.31858407079646023,0.6509036849744807,0.5844739429695178,1.643576624450865,High,0.5844739429695176,Stress_Induced
570:30,0.87222222222222,0.7619047619047619,0.2831858407079646,0.6391042749449821,0.5685447394296947,1.5905451269513902,High,0.5685447394296947,Stress_Induced
571:00,0.87222222222222,0.7619047619047619,0.24778761061946897,0.6273048649154837,0.5526155358898717,1.5392247390437648,Medium,0.5526155358898717,Stress_Induced
571:30,0.87222222222222,0.7619047619047619,0.22123893805309724,0.6184553073933597,0.5406686332350044,1.5321827541441524,Medium,0.5406686332350044,Stress_Induced
572:00,0.87222222222222,0.7619047619047619,0.20353982300884943,0.6125556023786104,0.5327040314650928,1.5321827541441524,Medium,0.5327040314650928,Stress_Induced
572:30,0.87222222222222,1.0,0.21238938053097334,0.6948705342510645,0.6200196656833821,1.7332530178673953,High,0.6200196656833821,Stress_Induced
573:00,0.87222222222222,1.0,0.2831858407079646,0.7184693543100615,0.651878072763028,1.7992743580270103,High,0.651878072763028,Stress_Induced
573:30,0.87222222222222,1.0,0.32743362831858414,0.7332186168469347,0.6717895771878069,1.8745729305931051,High,0.6717895771878069,Stress_Induced
574:00,0.87222222222222,1.0,0.3008849557522124,0.7243690593248108,0.6598426745329395,1.8290238601152886,High,0.6598426745329395,Stress_Induced
574:30,0.87222222222222,1.0,0.3097345132743363,0.7273189118321856,0.6638249754178953,1.8440825621898227,High,0.6638249754178953,Stress_Induced
575:00,0.81111111111111,1.0,0.3362831858407078,0.7157980989839393,0.6635496558505405,1.887037868617827,High,0.6635496558505405,Stress_Induced
575:30,0.81111111111111,0.8571428571428572,0.36283185840707954,0.6770286088870155,0.6254965585054079,1.7977067188887685,High,0.6254965585054078,Stress_Induced
576:00,0.87222222222222,0.8571428571428572,0.3362831858407078,0.6885494217352616,0.6257718780727626,1.7567848888281399,High,0.6257718780727626,Stress_Induced
576:30,0.81111111111111,0.8571428571428572,0.32743362831858414,0.6652291988575171,0.6095673549655849,1.739702073440985,High,0.6095673549655849,Stress_Induced
577:00,0.81111111111111,0.8571428571428572,0.35398230088495564,0.674078756379641,0.6215142576204521,1.7830267200361212,High,0.621514257620452,Stress_Induced
577:30,0.81111111111111,0.8571428571428572,0.36283185840707954,0.6770286088870155,0.6254965585054079,1.7977067188887685,High,0.6254965585054078,Stress_Induced
578:00,0.81111111111111,0.8571428571428572,0.37168141592920345,0.6799784613943901,0.6294788593903636,1.8125075809701565,High,0.6294788593903635,Stress_Induced
578:30,0.74444444444444,0.7142857142857144,0.3982300884955752,0.6189867490752432,0.5780924287118969,1.6811261676844282,High,0.5780924287118969,Stress_Induced
579:00,0.81111111111111,0.7142857142857144,0.38053097345132736,0.6353092662827172,0.5834611602753194,1.6948483520080455,High,0.5834611602753195,Stress_Induced
579:30,0.74444444444444,0.7142857142857144,0.34513274336283173,0.6012876340309954,0.5541986234021623,1.6004214647439428,High,0.5541986234021623,Stress_Induced
580:00,0.74444444444444,0.7142857142857144,0.34513274336283173,0.6012876340309954,0.5541986234021623,1.6004214647439428,High,0.5541986234021623,Stress_Induced
580:30,0.74444444444444,0.7142857142857144,0.3362831858407078,0.5983377815236207,0.5502163225172065,1.5873524891322166,High,0.5502163225172065,Stress_Induced
581:00,0.74444444444444,0.7142857142857144,0.32743362831858414,0.5953879290162462,0.546234021632251,1.5743902342358163,High,0.546234021632251,Stress_Induced
581:30,0.74444444444444,0.5714285714285712,0.3097345132743363,0.5418691763824491,0.48826941986233924,1.4364166499299797,Medium,0.48826941986233924,Stress_Induced
582:00,0.68333333333333,0.5714285714285712,0.32743362831858414,0.5273985110268284,0.4840117994100288,1.4277021158471617,Medium,0.4840117994100288,Stress_Induced
582:30,0.68333333333333,0.5714285714285712,0.34513274336283173,0.5332982160415777,0.49197640117994024,1.4513079805599827,Medium,0.4919764011799402,Stress_Induced
583:00,0.68333333333333,0.5714285714285712,0.34513274336283173,0.5332982160415777,0.49197640117994024,1.4513079805599827,Medium,0.4919764011799402,Stress_Induced
583:30,0.68333333333333,0.5714285714285712,0.31858407079646023,0.5244486585194538,0.48002949852507304,1.4160435593082428,Medium,0.48002949852507304,Stress_Induced
584:00,0.68333333333333,0.5714285714285712,0.31858407079646023,0.5244486585194538,0.48002949852507304,1.4160435593082428,Medium,0.48002949852507304,Stress_Induced
584:30,0.68333333333333,0.4285714285714284,0.3362831858407078,0.4827293159151554,0.4379941002949844,1.3350225972057894,Medium,0.4379941002949844,Stress_Induced
585:00,0.62222222222222,0.4285714285714284,0.3362831858407078,0.4623589455447854,0.42577187807276246,1.3053404891336464,Medium,0.42577187807276246,Stress_Induced
585:30,0.62222222222222,0.4285714285714284,0.3362831858407078,0.4623589455447854,0.42577187807276246,1.3053404891336464,Medium,0.42577187807276246,Stress_Induced
586:00,0.68333333333333,0.4285714285714284,0.31858407079646023,0.4768296109004062,0.4300294985250731,1.3133081415283396,Medium,0.430029498525073,Stress_Induced
586:30,0.62222222222222,0.4285714285714284,0.3362831858407078,0.4623589455447854,0.42577187807276246,1.3053404891336464,Medium,0.42577187807276246,Stress_Induced
587:00,0.62222222222222,0.4285714285714284,0.38053097345132736,0.4771082080816586,0.44568338249754125,1.3599682200886252,Medium,0.4456833824975412,Stress_Induced
587:30,0.62222222222222,0.4285714285714284,0.35398230088495564,0.4682586505595347,0.43373647984267394,1.3269232063185776,Medium,0.433736479842674,Stress_Induced
588:00,0.62222222222222,0.4761904761904763,0.3362831858407078,0.4782319614178014,0.44243854473942923,1.3385269960668584,Medium,0.4424385447394293,Stress_Induced
588:30,0.62222222222222,0.4761904761904763,0.36283185840707954,0.4870815189399253,0.45438544739429654,1.3718609846548842,Medium,0.4543854473942965,Stress_Induced
589:00,0.56111111111111,0.4761904761904763,0.36283185840707954,0.46671114856955526,0.4421632251720745,1.341359833519533,Medium,0.44216322517207446,Stress_Induced
589:30,0.62222222222222,0.4761904761904763,0.34513274336283173,0.481181813925176,0.446420845624385,1.3495473439650107,Medium,0.44642084562438494,Stress_Induced
590:00,0.56111111111111,0.4761904761904763,0.34513274336283173,0.460811443554806,0.434198623402163,1.3195423012070204,Medium,0.434198623402163,Stress_Induced
590:30,0.56111111111111,0.4761904761904763,0.35398230088495564,0.46376129606218064,0.43818092428711874,1.3304063444936778,Medium,0.43818092428711874,Stress_Induced
591:00,0.56111111111111,0.4285714285714284,0.35398230088495564,0.44788828018916466,0.4215142576204519,1.2974211753448566,Medium,0.42151425762045197,Stress_Induced
591:30,0.56111111111111,0.4285714285714284,0.36283185840707954,0.45083813269653933,0.4254965585054077,1.308103091185735,Medium,0.42549655850540774,Stress_Induced
592:00,0.56111111111111,0.4285714285714284,0.35398230088495564,0.44788828018916466,0.4215142576204519,1.2974211753448566,Medium,0.42151425762045197,Stress_Induced
592:30,0.49444444444444,0.4285714285714284,0.35398230088495564,0.42566605796694135,0.40818092428711794,1.265984721364971,Medium,0.408180924287118,Stress_Induced
593:00,0.49444444444444,0.4285714285714284,0.35398230088495564,0.42566605796694135,0.40818092428711794,1.265984721364971,Medium,0.408180924287118,Stress_Induced
593:30,0.49444444444444,0.4285714285714284,0.34513274336283173,0.42271620545956673,0.4041986234021622,1.255646742393298,Medium,0.4041986234021622,Stress_Induced
594:00,0.49444444444444,0.4285714285714284,0.31858407079646023,0.4138666479374429,0.3922517207472951,1.225136570699729,Medium,0.39225172074729503,Stress_Induced
594:30,0.49444444444444,0.3571428571428572,0.3097345132743363,0.38710727162054454,0.3632694198623394,1.1702227194641108,Medium,0.36326941986233946,Stress_Induced
595:00,0.49444444444444,0.3571428571428572,0.32743362831858414,0.39300697663529377,0.37123402163225094,1.1895713769276801,Medium,0.3712340216322509,Stress_Induced
595:30,0.43333333333333,0.3571428571428572,0.32743362831858414,0.3726366062649238,0.3590117994100289,1.1631231458315194,Medium,0.3590117994100289,Stress_Induced
596:00,0.49444444444444,0.3571428571428572,0.32743362831858414,0.39300697663529377,0.37123402163225094,1.1895713769276801,Medium,0.3712340216322509,Stress_Induced
596:30,0.43333333333333,0.3571428571428572,0.32743362831858414,0.3726366062649238,0.3590117994100289,1.1631231458315194,Medium,0.3590117994100289,Stress_Induced
597:00,0.43333333333333,0.3571428571428572,0.3097345132743363,0.3667369012501745,0.3510471976401174,1.144204675050248,Medium,0.35104719764011744,Stress_Induced
597:30,0.43333333333333,0.5714285714285712,0.31858407079646023,0.44111532518612045,0.430029498525073,1.2916048665116924,Medium,0.43002949852507305,Stress_Induced
598:00,0.43333333333333,0.5714285714285712,0.32743362831858414,0.44406517769349513,0.43401179941002876,1.3022388955732882,Medium,0.4340117994100288,Stress_Induced
598:30,0.43333333333333,0.5714285714285712,0.34513274336283173,0.4499648827082443,0.4419764011799402,1.3237703304934052,Medium,0.4419764011799402,Stress_Induced
599:00,0.37222222222222,0.5714285714285712,0.3362831858407078,0.42664465983049965,0.4257718780727624,1.2837688847780506,Medium,0.42577187807276246,Stress_Induced
599:30,0.43333333333333,0.5714285714285712,0.32743362831858414,0.44406517769349513,0.43401179941002876,1.3022388955732882,Medium,0.4340117994100288,Stress_Induced
600:00,0.43333333333333,0.5714285714285712,0.32743362831858414,0.44406517769349513,0.43401179941002876,1.3022388955732882,Medium,0.4340117994100288,Stress_Induced
600:30,0.37222222222222,0.6666666666666665,0.32743362831858414,0.4554408390691569,0.45512291052114007,1.338851797932935,Medium,0.4551229105211401,Stress_Induced
601:00,0.37222222222222,0.6666666666666665,0.32743362831858414,0.4554408390691569,0.45512291052114007,1.338851797932935,Medium,0.4551229105211401,Stress_Induced
601:30,0.37222222222222,0.6666666666666665,0.34513274336283173,0.46134054408390607,0.4630875122910515,1.3609885966822797,Medium,0.46308751229105155,Stress_Induced
602:00,0.37222222222222,0.6666666666666665,0.3362831858407078,0.45839069157653145,0.4591052114060957,1.3498748199867616,Medium,0.4591052114060958,Stress_Induced
602:30,0.37222222222222,0.6666666666666665,0.3008849557522124,0.446591281547033,0.44317600786627287,1.3063198788445143,Medium,0.44317600786627287,Stress_Induced
603:00,0.37222222222222,0.6666666666666665,0.2831858407079646,0.4406915765322837,0.43521140609636133,1.2850722796135263,Medium,0.4352114060963614,Stress_Induced
603:30,0.37222222222222,0.7142857142857144,0.3097345132743363,0.4654141499274236,0.46382497541789536,1.3505599018332535,Medium,0.4638249754178954,Stress_Induced
604:00,0.37222222222222,0.7142857142857144,0.32743362831858414,0.47131385494217287,0.4717895771878069,1.3728902843236652,Medium,0.47178957718780695,Stress_Induced
604:30,0.37222222222222,0.7142857142857144,0.3097345132743363,0.4654141499274236,0.46382497541789536,1.3505599018332535,Medium,0.4638249754178954,Stress_Induced
605:00,0.37222222222222,0.7142857142857144,0.2831858407079646,0.4565645924052997,0.45187807276302816,1.3177434948804163,Medium,0.45187807276302816,Stress_Induced
605:30,0.31111111111111,0.7142857142857144,0.2743362831858407,0.433244369527555,0.43567354965585037,1.2779241669630323,Medium,0.4356735496558504,Stress_Induced
606:00,0.31111111111111,0.7142857142857144,0.2831858407079646,0.4361942220349297,0.43965585054080614,1.288445560217536,Medium,0.4396558505408062,Stress_Induced
606:30,0.31111111111111,0.7142857142857144,0.3097345132743363,0.4450437795570536,0.4516027531956734,1.32053234645852,Medium,0.45160275319567345,Stress_Induced
607:00,0.31111111111111,0.7142857142857144,0.2920353982300885,0.4391440745423043,0.4436381514257619,1.2990535781082098,Medium,0.4436381514257619,Stress_Induced
607:30,0.31111111111111,0.7142857142857144,0.2743362831858407,0.433244369527555,0.43567354965585037,1.2779241669630323,Medium,0.4356735496558504,Stress_Induced
608:00,0.31111111111111,0.7142857142857144,0.2654867256637168,0.4302945170201804,0.43169124877089465,1.2674886909714955,Medium,0.43169124877089465,Stress_Induced
608:30,0.31111111111111,0.7142857142857144,0.2831858407079646,0.4361942220349297,0.43965585054080614,1.288445560217536,Medium,0.4396558505408062,Stress_Induced
609:00,0.31111111111111,0.7857142857142856,0.32743362831858414,0.47475300838132656,0.4845673549655848,1.393882007600141,Medium,0.4845673549655848,Stress_Induced
609:30,0.31111111111111,0.7857142857142856,0.3008849557522124,0.46590345085920265,0.47262045231071753,1.360012944003959,Medium,0.4726204523107176,Stress_Induced
610:00,0.31111111111111,0.7857142857142856,0.2654867256637168,0.4541040408297041,0.45669124877089445,1.3161308870519164,Medium,0.4566912487708945,Stress_Induced
610:30,0.24444444444444002,0.7857142857142856,0.2743362831858407,0.43483167111485543,0.4473402163225162,1.3079097329956195,Medium,0.44734021632251625,Stress_Induced
611:00,0.24444444444444002,0.7857142857142856,0.2743362831858407,0.43483167111485543,0.4473402163225162,1.3079097329956195,Medium,0.44734021632251625,Stress_Induced
611:30,0.24444444444444002,0.7857142857142856,0.2831858407079646,0.43778152362223005,0.45132251720747196,1.3186780031308833,Medium,0.451322517207472,Stress_Induced
612:00,0.24444444444444002,0.7380952380952381,0.2831858407079646,0.42190850774921423,0.43465585054080547,1.2859836183167044,Medium,0.43465585054080547,Stress_Induced
612:30,0.24444444444444002,0.7380952380952381,0.2654867256637168,0.416008802734465,0.4266912487708939,1.2650667931331374,Medium,0.4266912487708939,Stress_Induced
613:00,0.24444444444444002,0.7380952380952381,0.23893805309734506,0.4071592452123411,0.4147443461160266,1.2387966167758837,Medium,0.4147443461160267,Stress_Induced
613:30,0.24444444444444002,0.7380952380952381,0.24778761061946897,0.4101090977197157,0.4187266470009824,1.2444901850172907,Medium,0.41872664700098244,Stress_Induced
614:00,0.24444444444444002,0.7380952380952381,0.23893805309734506,0.4071592452123411,0.4147443461160266,1.2387966167758837,Medium,0.4147443461160267,Stress_Induced
614:30,0.24444444444444002,0.7380952380952381,0.21238938053097334,0.3983096876902172,0.4027974434611594,1.2387966167758837,Medium,0.4027974434611594,Stress_Induced
615:00,0.24444444444444002,0.7857142857142856,0.23893805309734506,0.4230322610853569,0.4314110127826932,1.2702913362408086,Medium,0.4314110127826932,Stress_Induced
615:30,0.24444444444444002,0.7857142857142856,0.2654867256637168,0.4318818186074808,0.4433579154375604,1.2972293961097394,Medium,0.4433579154375605,Stress_Induced
616:00,0.18333333333333002,0.7857142857142856,0.2743362831858407,0.41446130074448545,0.4351179941002942,1.3079097329956195,Medium,0.4351179941002943,Stress_Induced
616:30,0.18333333333333002,0.7857142857142856,0.2920353982300885,0.4203610057592347,0.44308259587020576,1.329534930486734,Medium,0.4430825958702058,Stress_Induced
617:00,0.18333333333333002,0.7857142857142856,0.2831858407079646,0.41741115325186007,0.43910029498525,1.3186780031308833,Medium,0.43910029498525005,Stress_Induced
617:30,0.18333333333333002,0.7857142857142856,0.23893805309734506,0.40266189071498687,0.4191887905604712,1.2702913362408086,Medium,0.41918879056047126,Stress_Induced
618:00,0.18333333333333002,0.6428571428571428,0.22123893805309724,0.34914313808119,0.36122418879055973,1.1781303922691104,Medium,0.3612241887905598,Stress_Induced
618:30,0.18333333333333002,0.6428571428571428,0.24778761061946897,0.3579926956033139,0.373171091445427,1.1835451356537974,Medium,0.37317109144542704,Stress_Induced
619:00,0.18333333333333002,0.6428571428571428,0.24778761061946897,0.3579926956033139,0.373171091445427,1.1835451356537974,Medium,0.37317109144542704,Stress_Induced
619:30,0.18333333333333002,0.6428571428571428,0.23008849557522115,0.35209299058856464,0.3652064896755155,1.1781303922691104,Medium,0.36520648967551556,Stress_Induced
620:00,0.18333333333333002,0.6428571428571428,0.22123893805309724,0.34914313808119,0.36122418879055973,1.1781303922691104,Medium,0.3612241887905598,Stress_Induced
620:30,0.18333333333333002,0.6428571428571428,0.19469026548672574,0.34029358055906617,0.34927728613569253,1.1781303922691104,Medium,0.34927728613569264,Stress_Induced
621:00,0.18333333333333002,0.6190476190476191,0.17699115044247793,0.326457367607809,0.33297935103244775,1.1634338540186677,Medium,0.33297935103244786,Stress_Induced
621:30,0.18333333333333002,0.6190476190476191,0.17699115044247793,0.326457367607809,0.33297935103244775,1.1634338540186677,Medium,0.33297935103244786,Stress_Induced
622:00,0.18333333333333002,0.6190476190476191,0.18584070796460184,0.32940722011518364,0.3369616519174035,1.1634338540186677,Medium,0.33696165191740357,Stress_Induced
622:30,0.18333333333333002,0.6190476190476191,0.21238938053097334,0.3382567776373075,0.3489085545722707,1.1634338540186677,Medium,0.34890855457227077,Stress_Induced
623:00,0.18333333333333002,0.6190476190476191,0.20353982300884943,0.3353069251299328,0.34492625368731494,1.1634338540186677,Medium,0.344926253687315,Stress_Induced
623:30,0.18333333333333002,0.6190476190476191,0.20353982300884943,0.3353069251299328,0.34492625368731494,1.1634338540186677,Medium,0.344926253687315,Stress_Induced
624:00,0.18333333333333002,0.6666666666666665,0.22123893805309724,0.3570796460176979,0.36955752212389303,1.1930125777188338,Medium,0.3695575221238931,Stress_Induced
624:30,0.18333333333333002,0.6666666666666665,0.19469026548672574,0.3482300884955741,0.35761061946902584,1.1930125777188338,Medium,0.35761061946902595,Stress_Induced
625:00,0.12222222222222001,0.6666666666666665,0.17699115044247793,0.3219600131104548,0.33742379547689233,1.1930125777188338,Medium,0.3374237954768924,Stress_Induced
625:30,0.18333333333333002,0.6666666666666665,0.17699115044247793,0.34233038348082484,0.34964601769911435,1.1930125777188338,Medium,0.3496460176991144,Stress_Induced
626:00,0.18333333333333002,0.6666666666666665,0.17699115044247793,0.34233038348082484,0.34964601769911435,1.1930125777188338,Medium,0.3496460176991144,Stress_Induced
626:30,0.12222222222222001,0.6666666666666665,0.20353982300884943,0.33080957063257865,0.34937069813175947,1.1930125777188338,Medium,0.3493706981317596,Stress_Induced
627:00,0.12222222222222001,0.5952380952380953,0.23893805309734506,0.31879945685255345,0.34029990167158264,1.148920647119291,Medium,0.3402999016715827,Stress_Induced
627:30,0.12222222222222001,0.5952380952380953,0.24778761061946897,0.3217493093599281,0.3442822025565384,1.15420114112432,Medium,0.34428220255653846,Stress_Induced
628:00,0.12222222222222001,0.5952380952380953,0.23008849557522115,0.31584960434517884,0.33631760078662687,1.148920647119291,Medium,0.336317600786627,Stress_Induced
628:30,0.12222222222222001,0.5952380952380953,0.21238938053097334,0.30994989933042955,0.3283529990167154,1.148920647119291,Medium,0.32835299901671544,Stress_Induced
629:00,0.12222222222222001,0.5952380952380953,0.20353982300884943,0.30700004682305493,0.3243706981317596,1.148920647119291,Medium,0.32437069813175967,Stress_Induced
629:30,0.12222222222222001,0.5952380952380953,0.16814159292035402,0.29520063679355646,0.30844149459193665,1.148920647119291,Medium,0.30844149459193676,Stress_Induced
630:00,0.12222222222222001,0.7142857142857144,0.16814159292035402,0.33488317647609617,0.3501081612586034,1.2233433002479053,Medium,0.35010816125860345,Stress_Induced
630:30,0.12222222222222001,0.7142857142857144,0.17699115044247793,0.3378330289834708,0.3540904621435591,1.2233433002479053,Medium,0.3540904621435592,Stress_Induced
631:00,0.12222222222222001,0.7142857142857144,0.17699115044247793,0.3378330289834708,0.3540904621435591,1.2233433002479053,Medium,0.3540904621435592,Stress_Induced
631:30,0.12222222222222001,0.7142857142857144,0.15929203539823011,0.3319333239687215,0.3461258603736476,1.2233433002479053,Medium,0.3461258603736477,Stress_Induced
632:00,0.12222222222222001,0.7142857142857144,0.1504424778761062,0.3289834714613469,0.34214355948869185,1.2233433002479053,Medium,0.34214355948869196,Stress_Induced
632:30,0.12222222222222001,0.7857142857142856,0.15929203539823011,0.3557428477782452,0.3711258603736475,1.2702913362408086,Medium,0.37112586037364753,Stress_Induced
633:00,0.12222222222222001,0.7857142857142856,0.16814159292035402,0.3586927002856199,0.3751081612586032,1.2702913362408086,Medium,0.3751081612586033,Stress_Induced
633:30,0.12222222222222001,0.7857142857142856,0.16814159292035402,0.3586927002856199,0.3751081612586032,1.2702913362408086,Medium,0.3751081612586033,Stress_Induced
634:00,0.12222222222222001,0.7857142857142856,0.17699115044247793,0.3616425527929945,0.37909046214355896,1.2702913362408086,Medium,0.37909046214355907,Stress_Induced
634:30,0.12222222222222001,0.7857142857142856,0.16814159292035402,0.3586927002856199,0.3751081612586032,1.2702913362408086,Medium,0.3751081612586033,Stress_Induced
635:00,0.12222222222222001,0.7857142857142856,0.19469026548672574,0.3675422578077438,0.3870550639134705,1.2702913362408086,Medium,0.38705506391347055,Stress_Induced
635:30,0.12222222222222001,0.8095238095238093,0.19469026548672574,0.3754787657442517,0.3953883972468038,1.2863377020464657,Medium,0.39538839724680386,Stress_Induced
636:00,0.12222222222222001,0.8095238095238093,0.18584070796460184,0.37252891323687704,0.39140609636184803,1.2863377020464657,Medium,0.3914060963618481,Stress_Induced
636:30,0.12222222222222001,0.8095238095238093,0.20353982300884943,0.37842861825162627,0.39937069813175946,1.2863377020464657,Medium,0.3993706981317595,Stress_Induced
637:00,0.12222222222222001,0.8095238095238093,0.23893805309734506,0.3902280282811248,0.4152999016715825,1.2863377020464657,Medium,0.41529990167158254,Stress_Induced
637:30,0.12222222222222001,0.8095238095238093,0.23008849557522115,0.3872781757737502,0.4113176007866267,1.2863377020464657,Medium,0.4113176007866268,Stress_Induced
638:00,0.061111111111110006,0.8095238095238093,0.22123893805309724,0.3639579528960055,0.39511307767944903,1.2863377020464657,Medium,0.3951130776794491,Stress_Induced
638:30,0.12222222222222001,0.7142857142857144,0.22123893805309724,0.35258229152034387,0.3740019665683378,1.2233433002479053,Medium,0.3740019665683379,Stress_Induced
639:00,0.061111111111110006,0.7142857142857144,0.23008849557522115,0.3351617736573485,0.3657620452310716,1.2233433002479053,Medium,0.36576204523107164,Stress_Induced
639:30,0.061111111111110006,0.7142857142857144,0.22123893805309724,0.3322119211499739,0.3617797443461158,1.2233433002479053,Medium,0.36177974434611593,Stress_Induced
640:00,0.12222222222222001,0.7142857142857144,0.22123893805309724,0.35258229152034387,0.3740019665683378,1.2233433002479053,Medium,0.3740019665683379,Stress_Induced
640:30,0.061111111111110006,0.7142857142857144,0.23008849557522115,0.3351617736573485,0.3657620452310716,1.2233433002479053,Medium,0.36576204523107164,Stress_Induced
641:00,0.061111111111110006,0.7142857142857144,0.22123893805309724,0.3322119211499739,0.3617797443461158,1.2233433002479053,Medium,0.36177974434611593,Stress_Induced
641:30,0.061111111111110006,0.5714285714285712,0.20353982300884943,0.27869316851617687,0.3038151425762042,1.1345884846117174,Medium,0.30381514257620423,Stress_Induced
642:00,0.061111111111110006,0.5714285714285712,0.21238938053097334,0.2816430210235515,0.30779744346115995,1.1345884846117174,Medium,0.30779744346116,Stress_Induced
642:30,0.061111111111110006,0.5714285714285712,0.21238938053097334,0.2816430210235515,0.30779744346115995,1.1345884846117174,Medium,0.30779744346116,Stress_Induced
643:00,0.061111111111110006,0.5714285714285712,0.22123893805309724,0.28459287353092616,0.31177974434611566,1.1345884846117174,Medium,0.3117797443461158,Stress_Induced
643:30,0.061111111111110006,0.5714285714285712,0.21238938053097334,0.2816430210235515,0.30779744346115995,1.1345884846117174,Medium,0.30779744346116,Stress_Induced
644:00,0.061111111111110006,0.5714285714285712,0.19469026548672574,0.2757433160088023,0.2998328416912485,1.1345884846117174,Medium,0.2998328416912486,Stress_Induced
644:30,0.061111111111110006,0.5476190476190474,0.21238938053097334,0.2737065130870436,0.29946411012782664,1.120435108065262,Medium,0.2994641101278267,Stress_Induced
645:00,0.061111111111110006,0.5476190476190474,0.21238938053097334,0.2737065130870436,0.29946411012782664,1.120435108065262,Medium,0.2994641101278267,Stress_Induced
645:30,0.061111111111110006,0.5476190476190474,0.21238938053097334,0.2737065130870436,0.29946411012782664,1.120435108065262,Medium,0.2994641101278267,Stress_Induced
646:00,0.061111111111110006,0.5476190476190474,0.21238938053097334,0.2737065130870436,0.29946411012782664,1.120435108065262,Medium,0.2994641101278267,Stress_Induced
646:30,0.061111111111110006,0.5476190476190474,0.21238938053097334,0.2737065130870436,0.29946411012782664,1.120435108065262,Medium,0.2994641101278267,Stress_Induced
647:00,0.061111111111110006,0.5476190476190474,0.22123893805309724,0.27665636559441825,0.30344641101278236,1.120435108065262,Medium,0.30344641101278247,Stress_Induced
647:30,0.061111111111110006,0.5476190476190474,0.20353982300884943,0.27075666057966896,0.2954818092428709,1.120435108065262,Medium,0.29548180924287093,Stress_Induced
648:00,0.061111111111110006,0.5,0.20353982300884943,0.25488364470665315,0.27881514257620427,1.0926558196450198,Medium,0.2788151425762043,Stress_Induced
648:30,0.061111111111110006,0.5,0.22123893805309724,0.26078334972140244,0.28677974434611575,1.0926558196450198,Medium,0.28677974434611586,Stress_Induced
649:00,0.061111111111110006,0.5,0.19469026548672574,0.2519337921992786,0.2748328416912486,1.0926558196450198,Medium,0.27483284169124866,Stress_Induced
649:30,0.0,0.5,0.19469026548672574,0.23156342182890857,0.2626106194690266,1.0926558196450198,Medium,0.26261061946902664,Stress_Induced
650:00,0.061111111111110006,0.5,0.21238938053097334,0.25783349721402776,0.28279744346116004,1.0926558196450198,Medium,0.2827974434611601,Stress_Induced
650:30,0.061111111111110006,0.5,0.21238938053097334,0.25783349721402776,0.28279744346116004,1.0926558196450198,Medium,0.2827974434611601,Stress_Induced
651:00,0.061111111111110006,0.5476190476190474,0.18584070796460184,0.2648569555649198,0.28751720747295945,1.120435108065262,Medium,0.28751720747295956,Stress_Induced
651:30,0.061111111111110006,0.5476190476190474,0.17699115044247793,0.2619071030575451,0.2835349065880037,1.120435108065262,Medium,0.2835349065880038,Stress_Induced
652:00,0.061111111111110006,0.5476190476190474,0.18584070796460184,0.2648569555649198,0.28751720747295945,1.120435108065262,Medium,0.28751720747295956,Stress_Induced
652:30,0.061111111111110006,0.5476190476190474,0.16814159292035402,0.2589572505501705,0.27955260570304796,1.120435108065262,Medium,0.279552605703048,Stress_Induced
653:00,0.061111111111110006,0.5476190476190474,0.16814159292035402,0.2589572505501705,0.27955260570304796,1.120435108065262,Medium,0.279552605703048,Stress_Induced
653:30,0.061111111111110006,0.5476190476190474,0.16814159292035402,0.2589572505501705,0.27955260570304796,1.120435108065262,Medium,0.279552605703048,Stress_Induced
654:00,0.061111111111110006,0.6190476190476191,0.17699115044247793,0.285716626867069,0.30853490658800375,1.1634338540186677,Medium,0.30853490658800387,Stress_Induced
654:30,0.061111111111110006,0.6190476190476191,0.18584070796460184,0.2886664793744436,0.3125172074729595,1.1634338540186677,Medium,0.3125172074729596,Stress_Induced
655:00,0.061111111111110006,0.6190476190476191,0.16814159292035402,0.2827667743596944,0.304552605703048,1.1634338540186677,Medium,0.3045526057030481,Stress_Induced
655:30,0.061111111111110006,0.6190476190476191,0.1504424778761062,0.2768670693449451,0.2965880039331365,1.1634338540186677,Medium,0.2965880039331366,Stress_Induced
656:00,0.061111111111110006,0.6190476190476191,0.1504424778761062,0.2768670693449451,0.2965880039331365,1.1634338540186677,Medium,0.2965880039331366,Stress_Induced
656:30,0.061111111111110006,0.6190476190476191,0.15929203539823011,0.2798169218523197,0.30057030481809227,1.1634338540186677,Medium,0.3005703048180923,Stress_Induced
657:00,0.061111111111110006,0.5714285714285712,0.18584070796460184,0.2727934635014277,0.29585054080629275,1.1345884846117174,Medium,0.29585054080629286,Stress_Induced
657:30,0.061111111111110006,0.5714285714285712,0.18584070796460184,0.2727934635014277,0.29585054080629275,1.1345884846117174,Medium,0.29585054080629286,Stress_Induced
658:00,0.061111111111110006,0.5714285714285712,0.18584070796460184,0.2727934635014277,0.29585054080629275,1.1345884846117174,Medium,0.29585054080629286,Stress_Induced
658:30,0.061111111111110006,0.5714285714285712,0.20353982300884943,0.27869316851617687,0.3038151425762042,1.1345884846117174,Medium,0.30381514257620423,Stress_Induced
659:00,0.061111111111110006,0.5714285714285712,0.19469026548672574,0.2757433160088023,0.2998328416912485,1.1345884846117174,Medium,0.2998328416912486,Stress_Induced
659:30,0.12222222222222001,0.5714285714285712,0.17699115044247793,0.29021398136442306,0.30409046214355895,1.1345884846117174,Medium,0.30409046214355906,Stress_Induced
660:00,0.12222222222222001,0.4285714285714284,0.19469026548672574,0.2484946387601247,0.2620550639134705,1.0522729222064235,Low,0.26205506391347055,Stress_Induced
660:30,0.12222222222222001,0.4285714285714284,0.18584070796460184,0.24554478625275009,0.25807276302851473,1.0522729222064235,Low,0.25807276302851484,Stress_Induced
661:00,0.12222222222222001,0.4285714285714284,0.17699115044247793,0.24259493374537544,0.25409046214355896,1.0522729222064235,Low,0.25409046214355907,Stress_Induced
661:30,0.12222222222222001,0.4285714285714284,0.17699115044247793,0.24259493374537544,0.25409046214355896,1.0522729222064235,Low,0.25409046214355907,Stress_Induced
662:00,0.12222222222222001,0.4285714285714284,0.16814159292035402,0.2396450812380008,0.25010816125860325,1.0522729222064235,Low,0.2501081612586033,Stress_Induced
662:30,0.12222222222222001,0.4285714285714284,0.22123893805309724,0.2573441962822485,0.2740019665683377,1.0522729222064235,Low,0.27400196656833775,Stress_Induced
663:00,0.12222222222222001,0.4285714285714284,0.23893805309734506,0.2632439012969978,0.2819665683382492,1.0522729222064235,Low,0.28196656833824923,Stress_Induced
663:30,0.18333333333333002,0.40476190476190466,0.20353982300884943,0.26387835370136137,0.2699262536873149,1.0391463876966682,Low,0.26992625368731493,Stress_Induced
664:00,0.18333333333333002,0.40476190476190466,0.17699115044247793,0.2550287961792375,0.2579793510324477,1.0391463876966682,Low,0.2579793510324478,Stress_Induced
664:30,0.18333333333333002,0.40476190476190466,0.15929203539823011,0.24912909116448825,0.2500147492625362,1.0391463876966682,Low,0.25001474926253625,Stress_Induced
665:00,0.18333333333333002,0.40476190476190466,0.1504424778761062,0.24617923865711364,0.24603244837758043,1.0391463876966682,Low,0.24603244837758054,Stress_Induced
665:30,0.18333333333333002,0.40476190476190466,0.17699115044247793,0.2550287961792375,0.2579793510324477,1.0391463876966682,Low,0.2579793510324478,Stress_Induced
666:00,0.18333333333333002,0.40476190476190466,0.17699115044247793,0.2550287961792375,0.2579793510324477,1.0391463876966682,Low,0.2579793510324478,Stress_Induced
666:30,0.18333333333333002,0.45238095238095255,0.16814159292035402,0.2679519595448789,0.2706637168141587,1.0655652715717912,Low,0.2706637168141588,Stress_Induced
667:00,0.18333333333333002,0.45238095238095255,0.17699115044247793,0.2709018120522535,0.27464601769911445,1.0655652715717912,Low,0.27464601769911456,Stress_Induced
667:30,0.18333333333333002,0.45238095238095255,0.17699115044247793,0.2709018120522535,0.27464601769911445,1.0655652715717912,Low,0.27464601769911456,Stress_Induced
668:00,0.24444444444444002,0.45238095238095255,0.19469026548672574,0.2971718874373728,0.294832841691248,1.0655652715717912,Low,0.294832841691248,Stress_Induced
668:30,0.24444444444444002,0.45238095238095255,0.18584070796460184,0.29422203492999816,0.29085054080629225,1.0655652715717912,Low,0.2908505408062923,Stress_Induced
669:00,0.24444444444444002,0.45238095238095255,0.16814159292035402,0.28832232991524887,0.2828859390363807,1.0655652715717912,Low,0.28288593903638076,Stress_Induced
669:30,0.24444444444444002,0.45238095238095255,0.16814159292035402,0.28832232991524887,0.2828859390363807,1.0655652715717912,Low,0.28288593903638076,Stress_Induced
670:00,0.24444444444444002,0.26190476190476186,0.17699115044247793,0.22778011893055994,0.22020157325466974,1.0,Low,0.2202015732546698,Stress_Induced
670:30,0.24444444444444002,0.26190476190476186,0.19469026548672574,0.2336798239453092,0.22816617502458122,1.0,Low,0.22816617502458134,Stress_Induced
671:00,0.24444444444444002,0.26190476190476186,0.18584070796460184,0.23072997143793458,0.22418387413962548,1.0,Low,0.22418387413962557,Stress_Induced
671:30,0.31111111111111,0.26190476190476186,0.15929203539823011,0.24410263613803398,0.2255703048180922,1.014570661903639,Low,0.22557030481809232,Stress_Induced
672:00,0.31111111111111,0.26190476190476186,0.1327433628318584,0.23525307861591008,0.21362340216322495,1.014570661903639,Low,0.213623402163225,Stress_Induced
672:30,0.31111111111111,0.26190476190476186,0.1504424778761062,0.24115278363065937,0.22158800393313643,1.014570661903639,Low,0.22158800393313655,Stress_Induced
673:00,0.31111111111111,0.26190476190476186,0.16814159292035402,0.24705248864540863,0.22955260570304797,1.014570661903639,Low,0.22955260570304803,Stress_Induced
673:30,0.31111111111111,0.38095238095238093,0.1504424778761062,0.28083532331319905,0.2632546705998031,1.0411357738727667,Low,0.26325467059980323,Stress_Induced
674:00,0.31111111111111,0.38095238095238093,0.11504424778761058,0.2690359132837005,0.24732546705998007,1.0411357738727667,Low,0.2473254670599802,Stress_Induced
674:30,0.31111111111111,0.38095238095238093,0.10619469026548667,0.26608606077632585,0.24334316617502433,1.0411357738727667,Low,0.24334316617502444,Stress_Induced
675:00,0.31111111111111,0.38095238095238093,0.11504424778761058,0.2690359132837005,0.24732546705998007,1.0411357738727667,Low,0.2473254670599802,Stress_Induced
675:30,0.31111111111111,0.38095238095238093,0.1327433628318584,0.27493561829844976,0.2552900688298916,1.0411357738727667,Low,0.2552900688298917,Stress_Induced
676:00,0.31111111111111,0.38095238095238093,0.10619469026548667,0.26608606077632585,0.24334316617502433,1.0411357738727667,Low,0.24334316617502444,Stress_Induced
676:30,0.31111111111111,0.40476190476190466,0.10619469026548667,0.27402256871283376,0.25167649950835763,1.0542874383801843,Low,0.25167649950835774,Stress_Induced
677:00,0.31111111111111,0.40476190476190466,0.09734513274336276,0.27107271620545914,0.24769419862340186,1.0542874383801843,Low,0.24769419862340197,Stress_Induced
677:30,0.31111111111111,0.40476190476190466,0.07964601769911495,0.26517301119070985,0.23972959685349035,1.0542874383801843,Low,0.2397295968534905,Stress_Induced
678:00,0.31111111111111,0.40476190476190466,0.08849557522123885,0.2681228636980845,0.2437118977384461,1.0542874383801843,Low,0.2437118977384462,Stress_Induced
678:30,0.31111111111111,0.40476190476190466,0.09734513274336276,0.27107271620545914,0.24769419862340186,1.0542874383801843,Low,0.24769419862340197,Stress_Induced
679:00,0.37222222222222,0.40476190476190466,0.09734513274336276,0.2914430865758291,0.25991642084562383,1.0782608567684187,Medium,0.25991642084562394,Stress_Induced
679:30,0.37222222222222,0.40476190476190466,0.10619469026548667,0.2943929390832038,0.2638987217305796,1.0782608567684187,Medium,0.2638987217305797,Stress_Induced
680:00,0.37222222222222,0.3333333333333335,0.09734513274336276,0.2676335627663054,0.23491642084562395,1.0384099752666134,Low,0.23491642084562409,Stress_Induced
680:30,0.37222222222222,0.3333333333333335,0.08849557522123885,0.2646837102589308,0.2309341199606682,1.0384099752666134,Low,0.23093411996066832,Stress_Induced
681:00,0.37222222222222,0.3333333333333335,0.09734513274336276,0.2676335627663054,0.23491642084562395,1.0384099752666134,Low,0.23491642084562409,Stress_Induced
681:30,0.37222222222222,0.3333333333333335,0.08849557522123885,0.2646837102589308,0.2309341199606682,1.0384099752666134,Low,0.23093411996066832,Stress_Induced
682:00,0.37222222222222,0.3333333333333335,0.09734513274336276,0.2676335627663054,0.23491642084562395,1.0384099752666134,Low,0.23491642084562409,Stress_Induced
682:30,0.37222222222222,0.3333333333333335,0.07079646017699104,0.2587840052441815,0.2229695181907567,1.0384099752666134,Low,0.22296951819075678,Stress_Induced
683:00,0.37222222222222,0.3333333333333335,0.07964601769911495,0.26173385775155616,0.22695181907571244,1.0384099752666134,Low,0.22695181907571255,Stress_Induced
683:30,0.37222222222222,0.40476190476190466,0.12389380530973448,0.30029264409795303,0.27186332350049114,1.0782608567684187,Medium,0.27186332350049125,Stress_Induced
684:00,0.37222222222222,0.40476190476190466,0.12389380530973448,0.30029264409795303,0.27186332350049114,1.0782608567684187,Medium,0.27186332350049125,Stress_Induced
684:30,0.37222222222222,0.40476190476190466,0.08849557522123885,0.2884932340684545,0.25593411996066806,1.0782608567684187,Medium,0.2559341199606682,Stress_Induced
685:00,0.37222222222222,0.40476190476190466,0.08849557522123885,0.2884932340684545,0.25593411996066806,1.0782608567684187,Medium,0.2559341199606682,Stress_Induced
685:30,0.37222222222222,0.40476190476190466,0.11504424778761058,0.2973427915905784,0.26788102261553537,1.0782608567684187,Medium,0.2678810226155355,Stress_Induced
686:00,0.37222222222222,0.40476190476190466,0.08849557522123885,0.2884932340684545,0.25593411996066806,1.0782608567684187,Medium,0.2559341199606682,Stress_Induced
686:30,0.37222222222222,0.3571428571428572,0.08849557522123885,0.2726202181954387,0.23926745329400154,1.0515272073880901,Low,0.23926745329400162,Stress_Induced
687:00,0.43333333333333,0.3571428571428572,0.08849557522123885,0.2929905885658087,0.25148967551622353,1.0754378609457738,Low,0.25148967551622364,Stress_Induced
687:30,0.37222222222222,0.3571428571428572,0.09734513274336276,0.2755700707028133,0.24324975417895728,1.0515272073880901,Low,0.2432497541789574,Stress_Induced
688:00,0.43333333333333,0.3571428571428572,0.1327433628318584,0.30773985110268187,0.2714011799410023,1.0754378609457738,Low,0.2714011799410024,Stress_Induced
688:30,0.43333333333333,0.3571428571428572,0.12389380530973448,0.30478999859530725,0.26741887905604655,1.0754378609457738,Low,0.26741887905604667,Stress_Induced
689:00,0.43333333333333,0.3571428571428572,0.10619469026548667,0.29889029358055796,0.259454277286135,1.0754378609457738,Low,0.2594542772861351,Stress_Induced
689:30,0.43333333333333,0.3571428571428572,0.08849557522123885,0.2929905885658087,0.25148967551622353,1.0754378609457738,Low,0.25148967551622364,Stress_Induced
690:00,0.43333333333333,0.2142857142857144,0.07964601769911495,0.24242168843938647,0.19750737463126777,1.0612358559254191,Low,0.19750737463126788,Stress_Induced
690:30,0.43333333333333,0.2142857142857144,0.07964601769911495,0.24242168843938647,0.19750737463126777,1.0612358559254191,Low,0.19750737463126788,Stress_Induced
691:00,0.43333333333333,0.2142857142857144,0.10619469026548667,0.25127124596151035,0.20945427728613505,1.0612358559254191,Low,0.20945427728613514,Stress_Induced
691:30,0.43333333333333,0.2142857142857144,0.08849557522123885,0.24537154094676109,0.20148967551622354,1.0612358559254191,Low,0.20148967551622365,Stress_Induced
692:00,0.43333333333333,0.2142857142857144,0.07964601769911495,0.24242168843938647,0.19750737463126777,1.0612358559254191,Low,0.19750737463126788,Stress_Induced
692:30,0.43333333333333,0.2142857142857144,0.05309734513274322,0.23357213091726256,0.1855604719764005,1.0612358559254191,Low,0.18556047197640063,Stress_Induced
693:00,0.49444444444444,0.2142857142857144,0.026548672566371723,0.24509294376550872,0.18583579154375535,1.085367274224194,Medium,0.18583579154375546,Stress_Induced
693:30,0.43333333333333,0.4285714285714284,0.03539823008849563,0.2991009973310847,0.25259587020648894,1.116709755264876,Medium,0.2525958702064891,Stress_Induced
694:00,0.49444444444444,0.4285714285714284,0.03539823008849563,0.3194713677014547,0.26481809242871096,1.1421025933151132,Medium,0.26481809242871107,Stress_Induced
694:30,0.49444444444444,0.4285714285714284,0.026548672566371723,0.31652151519408006,0.2608357915437552,1.1421025933151132,Medium,0.2608357915437553,Stress_Induced
695:00,0.43333333333333,0.4285714285714284,0.017699115044247815,0.2932012923163354,0.24463126843657743,1.116709755264876,Medium,0.24463126843657756,Stress_Induced
695:30,0.43333333333333,0.4285714285714284,0.05309734513274322,0.3050007023458339,0.26056047197640037,1.116709755264876,Medium,0.2605604719764005,Stress_Induced
696:00,0.43333333333333,0.4285714285714284,0.06194690265486713,0.3079505548532085,0.26454277286135613,1.116709755264876,Medium,0.26454277286135625,Stress_Induced
696:30,0.49444444444444,0.6904761904761902,0.03539823008849563,0.40677295500304195,0.35648475909537763,1.3112134873416514,Medium,0.35648475909537775,Stress_Induced
697:00,0.49444444444444,0.6904761904761902,0.026548672566371723,0.40382310249566733,0.35250245821042187,1.3112134873416514,Medium,0.352502458210422,Stress_Induced
697:30,0.49444444444444,0.6904761904761902,0.03539823008849563,0.40677295500304195,0.35648475909537763,1.3112134873416514,Medium,0.35648475909537775,Stress_Induced
698:00,0.43333333333333,0.6904761904761902,0.026548672566371723,0.38345273212529735,0.34028023598819984,1.2820607370298698,Medium,0.3402802359882,Stress_Induced
698:30,0.43333333333333,0.6904761904761902,0.03539823008849563,0.38640258463267196,0.3442625368731556,1.2820607370298698,Medium,0.3442625368731557,Stress_Induced
699:00,0.43333333333333,0.7857142857142856,0.05309734513274322,0.42404832139345294,0.38556047197640037,1.3480787134901588,Medium,0.38556047197640053,Stress_Induced
699:30,0.43333333333333,0.7857142857142856,0.03539823008849563,0.41814861637870376,0.37759587020648894,1.3480787134901588,Medium,0.3775958702064891,Stress_Induced
700:00,0.49444444444444,0.7857142857142856,0.0,0.4267195767195752,0.37388888888888794,1.3787326450862956,Medium,0.3738888888888881,Stress_Induced
700:30,0.43333333333333,0.7857142857142856,0.008849557522123908,0.40929905885657986,0.3656489675516217,1.3480787134901588,Medium,0.36564896755162185,Stress_Induced
701:00,0.43333333333333,0.7857142857142856,0.008849557522123908,0.40929905885657986,0.3656489675516217,1.3480787134901588,Medium,0.36564896755162185,Stress_Induced
701:30,0.43333333333333,0.7857142857142856,0.017699115044247815,0.4122489113639545,0.36963126843657745,1.3480787134901588,Medium,0.36963126843657756,Stress_Induced
702:00,0.43333333333333,0.8333333333333335,0.03539823008849563,0.4340216322517197,0.3942625368731557,1.3823517816621647,Medium,0.3942625368731559,Stress_Induced
702:30,0.43333333333333,0.8333333333333335,0.05309734513274322,0.4399213372664689,0.40222713864306714,1.3823517816621647,Medium,0.4022271386430673,Stress_Induced
703:00,0.43333333333333,0.8333333333333335,0.06194690265486713,0.44287118977384354,0.4062094395280229,1.3823517816621647,Medium,0.406209439528023,Stress_Induced
703:30,0.43333333333333,0.8333333333333335,0.06194690265486713,0.44287118977384354,0.4062094395280229,1.3823517816621647,Medium,0.406209439528023,Stress_Induced
704:00,0.43333333333333,0.8333333333333335,0.05309734513274322,0.4399213372664689,0.40222713864306714,1.3823517816621647,Medium,0.4022271386430673,Stress_Induced
704:30,0.43333333333333,0.8333333333333335,0.05309734513274322,0.4399213372664689,0.40222713864306714,1.3823517816621647,Medium,0.4022271386430673,Stress_Induced
705:00,0.43333333333333,0.6190476190476191,0.07079646017699104,0.3743924708526467,0.3351917404129786,1.23467772188211,Medium,0.3351917404129788,Stress_Induced
705:30,0.43333333333333,0.6190476190476191,0.04424778761061954,0.36554291333052286,0.32324483775811147,1.23467772188211,Medium,0.3232448377581116,Stress_Induced
706:00,0.43333333333333,0.6190476190476191,0.03539823008849563,0.36259306082314824,0.3192625368731557,1.23467772188211,Medium,0.31926253687315587,Stress_Induced
706:30,0.43333333333333,0.6190476190476191,0.04424778761061954,0.36554291333052286,0.32324483775811147,1.23467772188211,Medium,0.3232448377581116,Stress_Induced
707:00,0.43333333333333,0.6190476190476191,0.04424778761061954,0.36554291333052286,0.32324483775811147,1.23467772188211,Medium,0.3232448377581116,Stress_Induced
707:30,0.43333333333333,0.6190476190476191,0.03539823008849563,0.36259306082314824,0.3192625368731557,1.23467772188211,Medium,0.31926253687315587,Stress_Induced
708:00,0.37222222222222,0.6666666666666665,0.03539823008849563,0.35809570632579407,0.3237069813176003,1.2379187181104934,Medium,0.32370698131760045,Stress_Induced
708:30,0.43333333333333,0.6666666666666665,0.07079646017699104,0.3902654867256625,0.3518584070796452,1.2660677240452372,Medium,0.3518584070796454,Stress_Induced
709:00,0.43333333333333,0.6666666666666665,0.07079646017699104,0.3902654867256625,0.3518584070796452,1.2660677240452372,Medium,0.3518584070796454,Stress_Induced
709:30,0.43333333333333,0.6666666666666665,0.06194690265486713,0.3873156342182879,0.34787610619468945,1.2660677240452372,Medium,0.3478761061946896,Stress_Induced
710:00,0.43333333333333,0.6666666666666665,0.07964601769911495,0.39321533923303714,0.355840707964601,1.2660677240452372,Medium,0.3558407079646011,Stress_Induced
710:30,0.37222222222222,0.6666666666666665,0.08849557522123885,0.3757948213700418,0.34760078662733473,1.2379187181104934,Medium,0.34760078662733485,Stress_Induced
711:00,0.43333333333333,0.5,0.08849557522123885,0.3406096361848563,0.30148967551622347,1.159565533992873,Medium,0.3014896755162236,Stress_Induced
711:30,0.37222222222222,0.5,0.09734513274336276,0.3231891183218609,0.29324975417895727,1.1337844351794546,Medium,0.2932497541789573,Stress_Induced
712:00,0.37222222222222,0.5,0.09734513274336276,0.3231891183218609,0.29324975417895727,1.1337844351794546,Medium,0.2932497541789573,Stress_Induced
712:30,0.37222222222222,0.5,0.07964601769911495,0.31728941330711163,0.28528515240904573,1.1337844351794546,Medium,0.28528515240904584,Stress_Induced
713:00,0.37222222222222,0.5,0.08849557522123885,0.3202392658144863,0.2892674532940015,1.1337844351794546,Medium,0.2892674532940016,Stress_Induced
713:30,0.37222222222222,0.5,0.10619469026548667,0.32613897082923554,0.29723205506391304,1.1337844351794546,Medium,0.2972320550639131,Stress_Induced
714:00,0.37222222222222,0.5,0.11504424778761058,0.3290888233366102,0.30121435594886875,1.1337844351794546,Medium,0.30121435594886886,Stress_Induced
714:30,0.37222222222222,0.5476190476190474,0.10619469026548667,0.34201198670225136,0.31389872173057964,1.1626093627229366,Medium,0.3138987217305797,Stress_Induced
715:00,0.37222222222222,0.5476190476190474,0.07964601769911495,0.33316242918012745,0.30195181907571234,1.1626093627229366,Medium,0.30195181907571245,Stress_Induced
