Timestamp,Object Temperature(F),Heart Rate Ear(BPM),GSR,Feature_Mean,Weighted_Stress,QuantityIndex_Stress,StressIndex_Level,Predicted_Stress,Condition
00:00,0.17277486910995066,0.2916666666666665,0.5789473684210522,0.34779630139922313,0.39716462294479693,1.470183601348729,Medium,0.397164622944797,Base
00:30,0.17277486910995066,0.2916666666666665,0.5526315789473681,0.33902437157466175,0.38532251768163905,1.4378440249745168,Medium,0.38532251768163917,Base
01:00,0.17277486910995066,0.2916666666666665,0.5526315789473681,0.33902437157466175,0.38532251768163905,1.4378440249745168,Medium,0.38532251768163917,Base
01:30,0.23560209424083922,0.2916666666666665,0.5,0.34242292030250193,0.37420375218150115,1.3752833417231567,Medium,0.37420375218150126,Base
02:00,0.23560209424083922,0.2916666666666665,0.4210526315789469,0.31610713082881753,0.33867743639202724,1.2865088879280515,Low,0.3386774363920273,Base
02:30,0.23560209424083922,0.2916666666666665,0.4210526315789469,0.31610713082881753,0.33867743639202724,1.2865088879280515,Low,0.3386774363920273,Base
03:00,0.23560209424083922,0.2916666666666665,0.44736842105263186,0.3248790606533792,0.3505195416551855,1.3154446777039914,Medium,0.35051954165518556,Base
03:30,0.23560209424083922,0.2916666666666665,0.47368421052631593,0.33365099047794056,0.3623616469183433,1.3450312829836657,Medium,0.3623616469183434,Base
04:00,0.23560209424083922,0.2916666666666665,0.39473684210526283,0.3073352010042562,0.3268353311288694,1.2582095976903669,Low,0.32683533112886953,Base
04:30,0.23560209424083922,0.625,0.28947368421052655,0.3833585928171219,0.39613357674290484,1.4472534039583493,Medium,0.39613357674290484,Base
05:00,0.23560209424083922,0.625,0.2631578947368425,0.37458666299256055,0.38429147147974696,1.4190675485932571,Medium,0.384291471479747,Base
05:30,0.23560209424083922,0.625,0.28947368421052655,0.3833585928171219,0.39613357674290484,1.4472534039583493,Medium,0.39613357674290484,Base
06:00,0.23560209424083922,0.625,0.3157894736842106,0.3921305226416833,0.40797568200606266,1.4798046133921956,Medium,0.4079756820060627,Base
06:30,0.29319371727748944,0.625,0.44736842105263186,0.4551873794433738,0.47870453292918225,1.669113323699397,Medium,0.47870453292918225,Base
07:00,0.29319371727748944,0.625,0.5263157894736841,0.48150316891705786,0.5142308487186558,1.7842890718220414,Medium,0.5142308487186558,Base
07:30,0.29319371727748944,0.625,0.44736842105263186,0.4551873794433738,0.47870453292918225,1.669113323699397,Medium,0.47870453292918225,Base
08:00,0.29319371727748944,0.625,0.36842105263157876,0.4288715899696894,0.4431782171397084,1.561372162923108,Medium,0.4431782171397084,Base
08:30,0.29319371727748944,0.625,0.3157894736842106,0.4113277303205667,0.4194940066133927,1.4934367626811695,Medium,0.41949400661339276,Base
09:00,0.29319371727748944,0.25,0.28947368421052655,0.2775558004960053,0.27640190135023485,1.1135983426578124,Low,0.2764019013502349,Base
09:30,0.29319371727748944,0.25,0.3421052631578947,0.29509966014512806,0.3000861118765505,1.1642551571997273,Low,0.3000861118765506,Base
10:00,0.29319371727748944,0.25,0.36842105263157876,0.3038715899696894,0.31192821713970836,1.1904412510467275,Low,0.3119282171397084,Base
10:30,0.29319371727748944,0.25,0.39473684210526283,0.31264351979425076,0.3237703224028662,1.2172163150234485,Low,0.3237703224028663,Base
11:00,0.29319371727748944,0.25,0.39473684210526283,0.31264351979425076,0.3237703224028662,1.2172163150234485,Low,0.3237703224028663,Base
11:30,0.29319371727748944,0.25,0.39473684210526283,0.31264351979425076,0.3237703224028662,1.2172163150234485,Low,0.3237703224028663,Base
12:00,0.29319371727748944,0.25,0.39473684210526283,0.31264351979425076,0.3237703224028662,1.2172163150234485,Low,0.3237703224028663,Base
12:30,0.29319371727748944,0.25,0.3157894736842106,0.2863277303205667,0.28824400661339267,1.1386450779274582,Low,0.2882440066133928,Base
13:00,0.35078534031413966,0.25,0.18421052631578938,0.26166528887664303,0.24055180490493316,1.115578455587968,Low,0.24055180490493328,Base
13:30,0.35078534031413966,0.625,0.1578947368421053,0.37789335905208166,0.3599596996417753,1.463182785862177,Medium,0.3599596996417754,Base
14:00,0.35078534031413966,0.625,0.18421052631578938,0.38666528887664303,0.3718018049049332,1.463182785862177,Medium,0.3718018049049332,Base
14:30,0.35078534031413966,0.625,0.18421052631578938,0.38666528887664303,0.3718018049049332,1.463182785862177,Medium,0.3718018049049332,Base
15:00,0.35078534031413966,0.625,0.21052631578947345,0.39543721870120435,0.383643910168091,1.463182785862177,Medium,0.383643910168091,Base
15:30,0.35078534031413966,0.625,0.21052631578947345,0.39543721870120435,0.383643910168091,1.463182785862177,Medium,0.383643910168091,Base
16:00,0.35078534031413966,0.625,0.21052631578947345,0.39543721870120435,0.383643910168091,1.463182785862177,Medium,0.383643910168091,Base
16:30,0.35078534031413966,0.625,0.23684210526315752,0.4042091485257657,0.39548601543124884,1.463182785862177,Medium,0.39548601543124884,Base
17:00,0.35078534031413966,0.625,0.21052631578947345,0.39543721870120435,0.383643910168091,1.463182785862177,Medium,0.383643910168091,Base
17:30,0.35078534031413966,0.625,0.21052631578947345,0.39543721870120435,0.383643910168091,1.463182785862177,Medium,0.383643910168091,Base
18:00,0.35078534031413966,0.625,0.1578947368421053,0.37789335905208166,0.3599596996417753,1.463182785862177,Medium,0.3599596996417754,Base
18:30,0.35078534031413966,0.20833333333333348,0.10526315789473717,0.2214606105140701,0.19044215578212637,1.0693809141039958,Low,0.19044215578212648,Base
19:00,0.35078534031413966,0.20833333333333348,0.13157894736842124,0.23023254033863147,0.20228426104528424,1.0693809141039958,Low,0.2022842610452843,Base
19:30,0.35078534031413966,0.20833333333333348,0.1578947368421053,0.23900447016319282,0.21412636630844206,1.0693809141039958,Low,0.21412636630844212,Base
20:00,0.35078534031413966,0.20833333333333348,0.18421052631578938,0.24777639998775416,0.22596847157159988,1.0693809141039958,Low,0.2259684715716,Base
20:30,0.35078534031413966,0.20833333333333348,0.21052631578947345,0.2565483298123155,0.2378105768347577,1.0693809141039958,Low,0.23781057683475781,Base
21:00,0.35078534031413966,0.20833333333333348,0.23684210526315752,0.2653202596368769,0.24965268209791552,1.0693809141039958,Low,0.24965268209791563,Base
21:30,0.35078534031413966,0.20833333333333348,0.23684210526315752,0.2653202596368769,0.24965268209791552,1.0693809141039958,Low,0.24965268209791563,Base
22:00,0.35078534031413966,0.20833333333333348,0.2631578947368425,0.27409218946143854,0.2614947873610738,1.0693809141039958,Low,0.26149478736107384,Base
22:30,0.35078534031413966,0.20833333333333348,0.2631578947368425,0.27409218946143854,0.2614947873610738,1.0693809141039958,Low,0.26149478736107384,Base
23:00,0.35078534031413966,0.20833333333333348,0.2631578947368425,0.27409218946143854,0.2614947873610738,1.0693809141039958,Low,0.26149478736107384,Base
23:30,0.35078534031413966,0.2916666666666665,0.28947368421052655,0.3106418970637776,0.30250355929089817,1.186886852901415,Low,0.3025035592908982,Base
24:00,0.35078534031413966,0.2916666666666665,0.28947368421052655,0.3106418970637776,0.30250355929089817,1.186886852901415,Low,0.3025035592908982,Base
24:30,0.35078534031413966,0.2916666666666665,0.3157894736842106,0.3194138268883389,0.314345664554056,1.2135819723721337,Low,0.3143456645540561,Base
25:00,0.35078534031413966,0.2916666666666665,0.3157894736842106,0.3194138268883389,0.314345664554056,1.2135819723721337,Low,0.3143456645540561,Base
25:30,0.35078534031413966,0.2916666666666665,0.3421052631578947,0.3281857567129003,0.32618776981721387,1.2408775108312455,Low,0.3261877698172139,Base
26:00,0.35078534031413966,0.2916666666666665,0.3421052631578947,0.3281857567129003,0.32618776981721387,1.2408775108312455,Low,0.3261877698172139,Base
26:30,0.41361256544503533,0.2916666666666665,0.36842105263157876,0.35790009491442687,0.3505953201065508,1.298818319692204,Medium,0.35059532010655087,Base
27:00,0.41361256544503533,0.2916666666666665,0.3421052631578947,0.3491281650898655,0.338753214843393,1.2702482593219355,Low,0.33875321484339305,Base
27:30,0.35078534031413966,0.2916666666666665,0.3157894736842106,0.3194138268883389,0.314345664554056,1.2135819723721337,Low,0.3143456645540561,Base
28:00,0.41361256544503533,0.2916666666666665,0.3421052631578947,0.3491281650898655,0.338753214843393,1.2702482593219355,Low,0.33875321484339305,Base
28:30,0.41361256544503533,0.16666666666666652,0.3421052631578947,0.30746149842319886,0.295003214843393,1.1254243688286187,Low,0.2950032148433931,Base
29:00,0.35078534031413966,0.16666666666666652,0.36842105263157876,0.295291019870795,0.2942798750803717,1.1241296868423178,Low,0.2942798750803718,Base
29:30,0.35078534031413966,0.16666666666666652,0.36842105263157876,0.295291019870795,0.2942798750803717,1.1241296868423178,Low,0.2942798750803718,Base
30:00,0.35078534031413966,0.16666666666666652,0.39473684210526283,0.30406294969535635,0.3061219803435295,1.1494132900918432,Low,0.3061219803435296,Base
30:30,0.35078534031413966,0.16666666666666652,0.39473684210526283,0.30406294969535635,0.3061219803435295,1.1494132900918432,Low,0.3061219803435296,Base
31:00,0.35078534031413966,0.16666666666666652,0.3421052631578947,0.2865190900462336,0.28243776981721386,1.0994022461139585,Low,0.2824377698172139,Base
31:30,0.35078534031413966,0.16666666666666652,0.28947368421052655,0.2689752303971109,0.25875355929089816,1.0515671857803537,Low,0.25875355929089827,Base
32:00,0.35078534031413966,0.16666666666666652,0.2631578947368425,0.26020330057254953,0.24691145402774034,1.031087482278523,Low,0.24691145402774045,Base
32:30,0.35078534031413966,0.16666666666666652,0.23684210526315752,0.2514313707479879,0.23506934876458213,1.031087482278523,Low,0.2350693487645822,Base
33:00,0.35078534031413966,0.16666666666666652,0.23684210526315752,0.2514313707479879,0.23506934876458213,1.031087482278523,Low,0.2350693487645822,Base
33:30,0.35078534031413966,0.4583333333333335,0.18421052631578938,0.3311097333210875,0.3134684715715999,1.37828353174228,Medium,0.31346847157159996,Base
34:00,0.41361256544503533,0.4583333333333335,0.1578947368421053,0.3432802118734914,0.31419181133462115,1.4109065897043382,Medium,0.31419181133462126,Base
34:30,0.41361256544503533,0.4583333333333335,0.13157894736842124,0.33450828204893,0.30234970607146333,1.4109065897043382,Medium,0.3023497060714634,Base
35:00,0.35078534031413966,0.4583333333333335,0.10526315789473717,0.30479394384740344,0.2779421557821264,1.37828353174228,Medium,0.27794215578212644,Base
35:30,0.35078534031413966,0.4583333333333335,0.07894736842105221,0.2960220140228418,0.2661000505189681,1.37828353174228,Medium,0.2661000505189682,Base
36:00,0.35078534031413966,0.4583333333333335,0.10526315789473717,0.30479394384740344,0.2779421557821264,1.37828353174228,Medium,0.27794215578212644,Base
36:30,0.35078534031413966,0.4583333333333335,0.13157894736842124,0.3135658736719648,0.2897842610452842,1.37828353174228,Medium,0.28978426104528426,Base
37:00,0.35078534031413966,0.4583333333333335,0.13157894736842124,0.3135658736719648,0.2897842610452842,1.37828353174228,Medium,0.28978426104528426,Base
37:30,0.35078534031413966,0.4583333333333335,0.13157894736842124,0.3135658736719648,0.2897842610452842,1.37828353174228,Medium,0.28978426104528426,Base
38:00,0.35078534031413966,0.4583333333333335,0.1578947368421053,0.32233780349652613,0.30162636630844203,1.37828353174228,Medium,0.3016263663084421,Base
38:30,0.35078534031413966,0.25,0.1578947368421053,0.25289335905208166,0.22870969964177534,1.115578455587968,Low,0.2287096996417754,Base
39:00,0.35078534031413966,0.25,0.1578947368421053,0.25289335905208166,0.22870969964177534,1.115578455587968,Low,0.2287096996417754,Base
39:30,0.35078534031413966,0.25,0.18421052631578938,0.26166528887664303,0.24055180490493316,1.115578455587968,Low,0.24055180490493328,Base
40:00,0.35078534031413966,0.25,0.18421052631578938,0.26166528887664303,0.24055180490493316,1.115578455587968,Low,0.24055180490493328,Base
40:30,0.35078534031413966,0.25,0.21052631578947345,0.27043721870120435,0.252393910168091,1.115578455587968,Low,0.2523939101680911,Base
41:00,0.35078534031413966,0.25,0.21052631578947345,0.27043721870120435,0.252393910168091,1.115578455587968,Low,0.2523939101680911,Base
41:30,0.35078534031413966,0.25,0.23684210526315752,0.2792091485257657,0.2642360154312488,1.115578455587968,Low,0.2642360154312489,Base
42:00,0.35078534031413966,0.25,0.23684210526315752,0.2792091485257657,0.2642360154312488,1.115578455587968,Low,0.2642360154312489,Base
42:30,0.35078534031413966,0.25,0.23684210526315752,0.2792091485257657,0.2642360154312488,1.115578455587968,Low,0.2642360154312489,Base
43:00,0.35078534031413966,0.4166666666666665,0.18421052631578938,0.3172208444321985,0.29888513823826646,1.3212070345085811,Medium,0.2988851382382665,Base
43:30,0.35078534031413966,0.4166666666666665,0.13157894736842124,0.2996769847830758,0.27520092771195076,1.3212070345085811,Medium,0.27520092771195087,Base
44:00,0.35078534031413966,0.4166666666666665,0.13157894736842124,0.2996769847830758,0.27520092771195076,1.3212070345085811,Medium,0.27520092771195087,Base
44:30,0.35078534031413966,0.4166666666666665,0.13157894736842124,0.2996769847830758,0.27520092771195076,1.3212070345085811,Medium,0.27520092771195087,Base
45:00,0.29319371727748944,0.4166666666666665,0.10526315789473717,0.27170784727963104,0.2518404978414629,1.2931765592555993,Medium,0.25184049784146295,Base
45:30,0.35078534031413966,0.4166666666666665,0.07894736842105221,0.2821331251339528,0.2515167171856347,1.3212070345085811,Medium,0.2515167171856348,Base
46:00,0.29319371727748944,0.4166666666666665,0.07894736842105221,0.2629359174550694,0.23999839257830463,1.2931765592555993,Medium,0.23999839257830474,Base
46:30,0.29319371727748944,0.4166666666666665,0.07894736842105221,0.2629359174550694,0.23999839257830463,1.2931765592555993,Medium,0.23999839257830474,Base
47:00,0.29319371727748944,0.4166666666666665,0.07894736842105221,0.2629359174550694,0.23999839257830463,1.2931765592555993,Medium,0.23999839257830474,Base
47:30,0.29319371727748944,0.4166666666666665,0.05263157894736814,0.254163987630508,0.2281562873151468,1.2931765592555993,Medium,0.22815628731514692,Base
48:00,0.29319371727748944,0.16666666666666652,0.02631578947368407,0.16205872447261335,0.128814182051989,1.0092121278482329,Low,0.12881418205198908,Base
48:30,0.29319371727748944,0.16666666666666652,0.0,0.15328679464805198,0.11697207678883118,1.0092121278482329,Low,0.11697207678883126,Base
49:00,0.29319371727748944,0.16666666666666652,0.02631578947368407,0.16205872447261335,0.128814182051989,1.0092121278482329,Low,0.12881418205198908,Base
49:30,0.29319371727748944,0.16666666666666652,0.02631578947368407,0.16205872447261335,0.128814182051989,1.0092121278482329,Low,0.12881418205198908,Base
50:00,0.29319371727748944,0.16666666666666652,0.0,0.15328679464805198,0.11697207678883118,1.0092121278482329,Low,0.11697207678883126,Base
50:30,0.29319371727748944,0.16666666666666652,0.0,0.15328679464805198,0.11697207678883118,1.0092121278482329,Low,0.11697207678883126,Base
51:00,0.23560209424083922,0.16666666666666652,0.02631578947368407,0.14286151679372994,0.11729585744465895,1.0,Low,0.11729585744465905,Base
51:30,0.23560209424083922,0.16666666666666652,0.02631578947368407,0.14286151679372994,0.11729585744465895,1.0,Low,0.11729585744465905,Base
52:00,0.23560209424083922,0.16666666666666652,0.05263157894736814,0.15163344661829128,0.1291379627078168,1.0,Low,0.12913796270781688,Base
52:30,0.23560209424083922,0.16666666666666652,0.07894736842105221,0.16040537644285266,0.14098006797097462,1.0,Low,0.14098006797097473,Base
53:00,0.23560209424083922,0.2916666666666665,0.07894736842105221,0.20207204310951932,0.1847300679709746,1.1286838054200432,Low,0.1847300679709747,Base
53:30,0.23560209424083922,0.2916666666666665,0.10526315789473717,0.21084397293408097,0.19657217323413284,1.1286838054200432,Low,0.19657217323413295,Base
54:00,0.23560209424083922,0.2916666666666665,0.13157894736842124,0.21961590275864232,0.2084142784972907,1.1286838054200432,Low,0.20841427849729077,Base
54:30,0.23560209424083922,0.2916666666666665,0.13157894736842124,0.21961590275864232,0.2084142784972907,1.1286838054200432,Low,0.20841427849729077,Base
55:00,0.23560209424083922,0.2916666666666665,0.1578947368421053,0.2283878325832037,0.2202563837604485,1.1286838054200432,Low,0.2202563837604486,Base
55:30,0.17277486910995066,0.2916666666666665,0.18421052631578938,0.2162173540308022,0.21953304399742862,1.1286838054200432,Low,0.21953304399742873,Base
56:00,0.17277486910995066,0.2916666666666665,0.18421052631578938,0.2162173540308022,0.21953304399742862,1.1286838054200432,Low,0.21953304399742873,Base
56:30,0.17277486910995066,0.2916666666666665,0.18421052631578938,0.2162173540308022,0.21953304399742862,1.1286838054200432,Low,0.21953304399742873,Base
57:00,0.17277486910995066,0.2916666666666665,0.18421052631578938,0.2162173540308022,0.21953304399742862,1.1286838054200432,Low,0.21953304399742873,Base
57:30,0.17277486910995066,0.2916666666666665,0.21052631578947345,0.22498928385536354,0.23137514926058644,1.1286838054200432,Low,0.23137514926058655,Base
58:00,0.17277486910995066,0.2916666666666665,0.23684210526315752,0.2337612136799249,0.2432172545237443,1.1286838054200432,Low,0.24321725452374438,Base
58:30,0.17277486910995066,0.08333333333333348,0.23684210526315752,0.16431676923548055,0.17030058785707775,1.0,Low,0.17030058785707783,Base
59:00,0.17277486910995066,0.08333333333333348,0.23684210526315752,0.16431676923548055,0.17030058785707775,1.0,Low,0.17030058785707783,Base
59:30,0.17277486910995066,0.08333333333333348,0.2631578947368425,0.1730886990600422,0.18214269312023595,1.0,Low,0.18214269312023607,Base
60:00,0.17277486910995066,0.08333333333333348,0.2631578947368425,0.1730886990600422,0.18214269312023595,1.0,Low,0.18214269312023607,Base
60:30,0.17277486910995066,0.08333333333333348,0.21052631578947345,0.1555448394109192,0.1584584825939199,1.0,Low,0.15845848259392,Base
61:00,0.11518324607330044,0.08333333333333348,0.18421052631578938,0.12757570190747444,0.13509805272343203,1.0,Low,0.13509805272343214,Base
61:30,0.11518324607330044,0.08333333333333348,0.21052631578947345,0.1363476317320358,0.14694015798658985,1.0,Low,0.14694015798658996,Base
62:00,0.11518324607330044,0.08333333333333348,0.21052631578947345,0.1363476317320358,0.14694015798658985,1.0,Low,0.14694015798658996,Base
62:30,0.11518324607330044,0.08333333333333348,0.23684210526315752,0.14511956155659714,0.1587822632497477,1.0,Low,0.15878226324974778,Base
63:00,0.11518324607330044,0.08333333333333348,0.23684210526315752,0.14511956155659714,0.1587822632497477,1.0,Low,0.15878226324974778,Base
63:30,0.11518324607330044,0.125,0.2631578947368425,0.16778038027004763,0.1852077018462392,1.0,Low,0.1852077018462393,Base
64:00,0.11518324607330044,0.125,0.2631578947368425,0.16778038027004763,0.1852077018462392,1.0,Low,0.1852077018462393,Base
64:30,0.11518324607330044,0.125,0.2631578947368425,0.16778038027004763,0.1852077018462392,1.0,Low,0.1852077018462393,Base
65:00,0.05759162303665022,0.125,0.2631578947368425,0.14858317259116424,0.17368937723890915,1.0,Low,0.17368937723890926,Base
65:30,0.05759162303665022,0.125,0.28947368421052655,0.1573551024157256,0.18553148250206697,1.0198622365743149,Low,0.18553148250206708,Base
66:00,0.05759162303665022,0.125,0.28947368421052655,0.1573551024157256,0.18553148250206697,1.0198622365743149,Low,0.18553148250206708,Base
66:30,0.05759162303665022,0.125,0.28947368421052655,0.1573551024157256,0.18553148250206697,1.0198622365743149,Low,0.18553148250206708,Base
67:00,0.05759162303665022,0.125,0.3157894736842106,0.16612703224028694,0.19737358776522484,1.0428006861682857,Low,0.19737358776522493,Base
67:30,0.05759162303665022,0.125,0.3157894736842106,0.16612703224028694,0.19737358776522484,1.0428006861682857,Low,0.19737358776522493,Base
68:00,0.05759162303665022,0.125,0.3157894736842106,0.16612703224028694,0.19737358776522484,1.0428006861682857,Low,0.19737358776522493,Base
68:30,0.05759162303665022,0.375,0.3421052631578947,0.25823229539818165,0.29671569302838263,1.3096908056926095,Medium,0.29671569302838274,Base
69:00,0.05759162303665022,0.375,0.3421052631578947,0.25823229539818165,0.29671569302838263,1.3096908056926095,Medium,0.29671569302838274,Base
69:30,0.05759162303665022,0.375,0.36842105263157876,0.267004225222743,0.3085577982915405,1.3391479965294601,Medium,0.30855779829154056,Base
70:00,0.05759162303665022,0.375,0.36842105263157876,0.267004225222743,0.3085577982915405,1.3391479965294601,Medium,0.30855779829154056,Base
70:30,0.0,0.375,0.36842105263157876,0.2478070175438596,0.29703947368421046,1.3391479965294601,Medium,0.2970394736842105,Base
71:00,0.0,0.375,0.39473684210526283,0.25657894736842096,0.30888157894736823,1.369267730073511,Medium,0.30888157894736834,Base
71:30,0.05759162303665022,0.375,0.39473684210526283,0.27577615504730435,0.3203999035546983,1.369267730073511,Medium,0.3203999035546984,Base
72:00,0.05759162303665022,0.375,0.39473684210526283,0.27577615504730435,0.3203999035546983,1.369267730073511,Medium,0.3203999035546984,Base
72:30,0.0,0.375,0.4210526315789469,0.2653508771929823,0.3207236842105261,1.4000649080457472,Medium,0.32072368421052616,Base
73:00,0.0,0.375,0.4210526315789469,0.2653508771929823,0.3207236842105261,1.4000649080457472,Medium,0.32072368421052616,Base
73:30,0.05759162303665022,0.25,0.4210526315789469,0.24288141820519904,0.28849200881785614,1.2332328969640358,Low,0.2884920088178562,Base
74:00,0.0,0.25,0.44736842105263186,0.23245614035087728,0.28881578947368436,1.2609704183960062,Low,0.2888157894736844,Base
74:30,0.0,0.25,0.44736842105263186,0.23245614035087728,0.28881578947368436,1.2609704183960062,Low,0.2888157894736844,Base
75:00,0.0,0.25,0.47368421052631593,0.24122807017543865,0.3006578947368422,1.289331804223,Low,0.30065789473684223,Base
75:30,0.0,0.25,0.47368421052631593,0.24122807017543865,0.3006578947368422,1.289331804223,Low,0.30065789473684223,Base
76:00,0.0,0.25,0.47368421052631593,0.24122807017543865,0.3006578947368422,1.289331804223,Low,0.30065789473684223,Base
76:30,0.0,0.25,0.5,0.25,0.3125,1.3183310862244741,Medium,0.3125000000000001,Base
77:00,0.05759162303665022,0.25,0.5,0.2691972076788834,0.32401832460733004,1.3183310862244741,Medium,0.32401832460733015,Base
77:30,0.0,0.25,0.4210526315789469,0.22368421052631562,0.2769736842105261,1.2332328969640358,Low,0.27697368421052615,Base
78:00,0.0,0.25,0.39473684210526283,0.21491228070175428,0.2651315789473683,1.2061055168041892,Low,0.2651315789473684,Base
78:30,0.05759162303665022,0.25,0.39473684210526283,0.2341094883806377,0.2766499035546983,1.2061055168041892,Low,0.27664990355469843,Base
79:00,0.05759162303665022,0.25,0.39473684210526283,0.2341094883806377,0.2766499035546983,1.2061055168041892,Low,0.27664990355469843,Base
79:30,0.05759162303665022,0.25,0.4210526315789469,0.24288141820519904,0.28849200881785614,1.2332328969640358,Low,0.2884920088178562,Base
80:00,0.05759162303665022,0.25,0.4210526315789469,0.24288141820519904,0.28849200881785614,1.2332328969640358,Low,0.2884920088178562,Base
80:30,0.05759162303665022,0.25,0.39473684210526283,0.2341094883806377,0.2766499035546983,1.2061055168041892,Low,0.27664990355469843,Base
81:00,0.05759162303665022,0.25,0.36842105263157876,0.22533755855607632,0.2648077982915405,1.179574856660609,Low,0.26480779829154055,Base
81:30,0.05759162303665022,0.25,0.36842105263157876,0.22533755855607632,0.2648077982915405,1.179574856660609,Low,0.26480779829154055,Base
82:00,0.05759162303665022,0.25,0.39473684210526283,0.2341094883806377,0.2766499035546983,1.2061055168041892,Low,0.27664990355469843,Base
82:30,0.05759162303665022,0.25,0.39473684210526283,0.2341094883806377,0.2766499035546983,1.2061055168041892,Low,0.27664990355469843,Base
83:00,0.0,0.4583333333333335,0.4210526315789469,0.2931286549707601,0.3498903508771928,1.5236441544512442,Medium,0.3498903508771929,Base
83:30,0.05759162303665022,0.4583333333333335,0.4210526315789469,0.3123258626496435,0.3614086754845228,1.5236441544512442,Medium,0.36140867548452293,Base
84:00,0.0,0.4583333333333335,0.4210526315789469,0.2931286549707601,0.3498903508771928,1.5236441544512442,Medium,0.3498903508771929,Base
84:30,0.05759162303665022,0.4583333333333335,0.44736842105263186,0.32109779247420517,0.3732507807476811,1.5579135227861531,Medium,0.37325078074768114,Base
85:00,0.05759162303665022,0.4583333333333335,0.44736842105263186,0.32109779247420517,0.3732507807476811,1.5579135227861531,Medium,0.37325078074768114,Base
85:30,0.0,0.4583333333333335,0.44736842105263186,0.3019005847953218,0.36173245614035104,1.5579135227861531,Medium,0.3617324561403511,Base
86:00,0.0,0.4583333333333335,0.47368421052631593,0.31067251461988316,0.37357456140350886,1.5929536679475549,Medium,0.373574561403509,Base
86:30,0.0,0.4583333333333335,0.47368421052631593,0.31067251461988316,0.37357456140350886,1.5929536679475549,Medium,0.373574561403509,Base
87:00,0.0,0.4583333333333335,0.47368421052631593,0.31067251461988316,0.37357456140350886,1.5929536679475549,Medium,0.373574561403509,Base
87:30,0.0,0.4583333333333335,0.5,0.3194444444444445,0.38541666666666674,1.6287819260272758,Medium,0.38541666666666674,Base
88:00,0.0,0.16666666666666652,0.5,0.22222222222222218,0.28333333333333327,1.2184841628088574,Low,0.2833333333333334,Base
88:30,0.0,0.16666666666666652,0.5,0.22222222222222218,0.28333333333333327,1.2184841628088574,Low,0.2833333333333334,Base
89:00,0.05759162303665022,0.16666666666666652,0.47368421052631593,0.23264750007654422,0.2830095526775055,1.191681210029507,Low,0.2830095526775056,Base
89:30,0.05759162303665022,0.16666666666666652,0.44736842105263186,0.22387557025198287,0.2711674474143477,1.1654678408488768,Low,0.27116744741434773,Base
90:00,0.05759162303665022,0.16666666666666652,0.44736842105263186,0.22387557025198287,0.2711674474143477,1.1654678408488768,Low,0.27116744741434773,Base
90:30,0.0,0.16666666666666652,0.47368421052631593,0.2134502923976608,0.27149122807017545,1.191681210029507,Low,0.27149122807017556,Base
91:00,0.05759162303665022,0.16666666666666652,0.47368421052631593,0.23264750007654422,0.2830095526775055,1.191681210029507,Low,0.2830095526775056,Base
91:30,0.05759162303665022,0.16666666666666652,0.5,0.24141942990110557,0.2948516579406633,1.2184841628088574,Low,0.2948516579406634,Base
92:00,0.05759162303665022,0.16666666666666652,0.5,0.24141942990110557,0.2948516579406633,1.2184841628088574,Low,0.2948516579406634,Base
92:30,0.05759162303665022,0.6666666666666665,0.5,0.4080860965677722,0.4698516579406633,1.7291113339168727,Medium,0.46985165794066336,Base
93:00,0.05759162303665022,0.6666666666666665,0.5,0.4080860965677722,0.4698516579406633,1.7291113339168727,Medium,0.46985165794066336,Base
93:30,0.05759162303665022,0.6666666666666665,0.5,0.4080860965677722,0.4698516579406633,1.7291113339168727,Medium,0.46985165794066336,Base
94:00,0.0,0.6666666666666665,0.5,0.38888888888888884,0.45833333333333326,1.7291113339168727,Medium,0.4583333333333333,Base
94:30,0.05759162303665022,0.6666666666666665,0.5263157894736841,0.4168580263923336,0.4816937632038211,1.7680020112583958,Medium,0.4816937632038212,Base
95:00,0.0,0.6666666666666665,0.5263157894736841,0.3976608187134502,0.4701754385964911,1.7680020112583958,Medium,0.47017543859649114,Base
95:30,0.0,0.6666666666666665,0.5526315789473681,0.40643274853801153,0.4820175438596489,1.8077674065862135,Medium,0.482017543859649,Base
96:00,0.05759162303665022,0.6666666666666665,0.5526315789473681,0.425629956216895,0.49353586846697894,1.8077674065862135,Medium,0.49353586846697906,Base
96:30,0.05759162303665022,0.6666666666666665,0.5526315789473681,0.425629956216895,0.49353586846697894,1.8077674065862135,Medium,0.49353586846697906,Base
97:00,0.05759162303665022,0.6666666666666665,0.5263157894736841,0.4168580263923336,0.4816937632038211,1.7680020112583958,Medium,0.4816937632038212,Base
97:30,0.05759162303665022,0.20833333333333348,0.5263157894736841,0.2640802486145559,0.3212770965371546,1.2921609146892301,Low,0.32127709653715464,Base
98:00,0.05759162303665022,0.20833333333333348,0.5526315789473681,0.2728521784391173,0.3331192018003124,1.3212238282337676,Medium,0.3331192018003125,Base
98:30,0.05759162303665022,0.20833333333333348,0.5526315789473681,0.2728521784391173,0.3331192018003124,1.3212238282337676,Medium,0.3331192018003125,Base
99:00,0.05759162303665022,0.20833333333333348,0.5526315789473681,0.2728521784391173,0.3331192018003124,1.3212238282337676,Medium,0.3331192018003125,Base
99:30,0.0,0.20833333333333348,0.5789473684210522,0.26242690058479523,0.33344298245614024,1.3509404165134682,Medium,0.3334429824561403,Base
100:00,0.05759162303665022,0.20833333333333348,0.5789473684210522,0.2816241082636786,0.3449613070634703,1.3509404165134682,Medium,0.34496130706347033,Base
100:30,0.05759162303665022,0.20833333333333348,0.5789473684210522,0.2816241082636786,0.3449613070634703,1.3509404165134682,Medium,0.34496130706347033,Base
101:00,0.0,0.20833333333333348,0.6052631578947372,0.2711988304093569,0.34528508771929844,1.3813253817934286,Medium,0.34528508771929856,Base
101:30,0.05759162303665022,0.20833333333333348,0.5789473684210522,0.2816241082636786,0.3449613070634703,1.3509404165134682,Medium,0.34496130706347033,Base
102:00,0.05759162303665022,0.20833333333333348,0.5526315789473681,0.2728521784391173,0.3331192018003124,1.3212238282337676,Medium,0.3331192018003125,Base
102:30,0.05759162303665022,0.2916666666666665,0.5263157894736841,0.2918580263923336,0.35044376320382115,1.4062158211112643,Medium,0.3504437632038212,Base
103:00,0.05759162303665022,0.2916666666666665,0.5,0.2830860965677722,0.3386016579406633,1.3752833417231567,Medium,0.33860165794066344,Base
103:30,0.05759162303665022,0.2916666666666665,0.5,0.2830860965677722,0.3386016579406633,1.3752833417231567,Medium,0.33860165794066344,Base
104:00,0.05759162303665022,0.2916666666666665,0.5,0.2830860965677722,0.3386016579406633,1.3752833417231567,Medium,0.33860165794066344,Base
104:30,0.05759162303665022,0.2916666666666665,0.5,0.2830860965677722,0.3386016579406633,1.3752833417231567,Medium,0.33860165794066344,Base
105:00,0.05759162303665022,0.2916666666666665,0.5263157894736841,0.2918580263923336,0.35044376320382115,1.4062158211112643,Medium,0.3504437632038212,Base
105:30,0.05759162303665022,0.2916666666666665,0.5263157894736841,0.2918580263923336,0.35044376320382115,1.4062158211112643,Medium,0.3504437632038212,Base
106:00,0.05759162303665022,0.2916666666666665,0.5263157894736841,0.2918580263923336,0.35044376320382115,1.4062158211112643,Medium,0.3504437632038212,Base
106:30,0.05759162303665022,0.2916666666666665,0.5263157894736841,0.2918580263923336,0.35044376320382115,1.4062158211112643,Medium,0.3504437632038212,Base
107:00,0.05759162303665022,0.2916666666666665,0.5526315789473681,0.300629956216895,0.36228586846697897,1.4378440249745168,Medium,0.3622858684669791,Base
107:30,0.05759162303665022,0.375,0.5263157894736841,0.31963580417011145,0.3796104298704879,1.5303379889177435,Medium,0.37961042987048793,Base
108:00,0.05759162303665022,0.375,0.5263157894736841,0.31963580417011145,0.3796104298704879,1.5303379889177435,Medium,0.37961042987048793,Base
108:30,0.05759162303665022,0.375,0.47368421052631593,0.3020919445209887,0.35592621934417223,1.463752887523381,Medium,0.3559262193441723,Base
109:00,0.05759162303665022,0.375,0.4210526315789469,0.2845480848718657,0.33224200881785615,1.4000649080457472,Medium,0.3322420088178562,Base
109:30,0.05759162303665022,0.375,0.4210526315789469,0.2845480848718657,0.33224200881785615,1.4000649080457472,Medium,0.3322420088178562,Base
110:00,0.05759162303665022,0.375,0.44736842105263186,0.2933200146964274,0.34408411408101436,1.4315547673323996,Medium,0.34408411408101447,Base
110:30,0.05759162303665022,0.375,0.44736842105263186,0.2933200146964274,0.34408411408101436,1.4315547673323996,Medium,0.34408411408101447,Base
111:00,0.05759162303665022,0.375,0.4210526315789469,0.2845480848718657,0.33224200881785615,1.4000649080457472,Medium,0.3322420088178562,Base
111:30,0.05759162303665022,0.375,0.44736842105263186,0.2933200146964274,0.34408411408101436,1.4315547673323996,Medium,0.34408411408101447,Base
112:00,0.05759162303665022,0.375,0.44736842105263186,0.2933200146964274,0.34408411408101436,1.4315547673323996,Medium,0.34408411408101447,Base
112:30,0.05759162303665022,0.375,0.44736842105263186,0.2933200146964274,0.34408411408101436,1.4315547673323996,Medium,0.34408411408101447,Base
113:00,0.05759162303665022,0.375,0.47368421052631593,0.3020919445209887,0.35592621934417223,1.463752887523381,Medium,0.3559262193441723,Base
113:30,0.05759162303665022,0.375,0.47368421052631593,0.3020919445209887,0.35592621934417223,1.463752887523381,Medium,0.3559262193441723,Base
114:00,0.05759162303665022,0.375,0.47368421052631593,0.3020919445209887,0.35592621934417223,1.463752887523381,Medium,0.3559262193441723,Base
114:30,0.05759162303665022,0.375,0.47368421052631593,0.3020919445209887,0.35592621934417223,1.463752887523381,Medium,0.3559262193441723,Base
115:00,0.05759162303665022,0.375,0.47368421052631593,0.3020919445209887,0.35592621934417223,1.463752887523381,Medium,0.3559262193441723,Base
115:30,0.05759162303665022,0.375,0.47368421052631593,0.3020919445209887,0.35592621934417223,1.463752887523381,Medium,0.3559262193441723,Base
116:00,0.05759162303665022,0.375,0.47368421052631593,0.3020919445209887,0.35592621934417223,1.463752887523381,Medium,0.3559262193441723,Base
116:30,0.05759162303665022,0.375,0.5,0.3108638743455501,0.36776832460733,1.4966751986202855,Medium,0.3677683246073301,Base
117:00,0.05759162303665022,0.3333333333333335,0.5,0.29697498545666123,0.3531849912739968,1.4346959498906646,Medium,0.35318499127399683,Base
117:30,0.05759162303665022,0.3333333333333335,0.5,0.29697498545666123,0.3531849912739968,1.4346959498906646,Medium,0.35318499127399683,Base
118:00,0.05759162303665022,0.3333333333333335,0.5263157894736841,0.3057469152812226,0.3650270965371546,1.4669647206609049,Medium,0.36502709653715465,Base
118:30,0.05759162303665022,0.3333333333333335,0.5263157894736841,0.3057469152812226,0.3650270965371546,1.4669647206609049,Medium,0.36502709653715465,Base
119:00,0.05759162303665022,0.3333333333333335,0.5263157894736841,0.3057469152812226,0.3650270965371546,1.4669647206609049,Medium,0.36502709653715465,Base
119:30,0.05759162303665022,0.3333333333333335,0.5263157894736841,0.3057469152812226,0.3650270965371546,1.4669647206609049,Medium,0.36502709653715465,Base
120:00,0.05759162303665022,0.3333333333333335,0.5526315789473681,0.31451884510578393,0.3768692018003124,1.4999592713896803,Medium,0.37686920180031247,Base
120:30,0.05759162303665022,0.3333333333333335,0.5526315789473681,0.31451884510578393,0.3768692018003124,1.4999592713896803,Medium,0.37686920180031247,Base
121:00,0.05759162303665022,0.3333333333333335,0.5526315789473681,0.31451884510578393,0.3768692018003124,1.4999592713896803,Medium,0.37686920180031247,Base
121:30,0.05759162303665022,0.4583333333333335,0.5526315789473681,0.3561855117724506,0.4206192018003124,1.7028740836709946,Medium,0.4206192018003125,Base
122:00,0.11518324607330044,0.4583333333333335,0.5789473684210522,0.3841546492758954,0.4439796316708003,1.7411746402877117,Medium,0.44397963167080035,Base
122:30,0.11518324607330044,0.4583333333333335,0.5789473684210522,0.3841546492758954,0.4439796316708003,1.7411746402877117,Medium,0.44397963167080035,Base
123:00,0.05759162303665022,0.4583333333333335,0.6052631578947372,0.37372937142157364,0.4443034123266285,1.7803366420642441,Medium,0.44430341232662857,Base
123:30,0.11518324607330044,0.4583333333333335,0.6052631578947372,0.39292657910045703,0.45582173693395855,1.7803366420642441,Medium,0.4558217369339586,Base
124:00,0.11518324607330044,0.4583333333333335,0.6052631578947372,0.39292657910045703,0.45582173693395855,1.7803366420642441,Medium,0.4558217369339586,Base
124:30,0.11518324607330044,0.4583333333333335,0.6052631578947372,0.39292657910045703,0.45582173693395855,1.7803366420642441,Medium,0.4558217369339586,Base
125:00,0.11518324607330044,0.4583333333333335,0.6052631578947372,0.39292657910045703,0.45582173693395855,1.7803366420642441,Medium,0.4558217369339586,Base
125:30,0.11518324607330044,0.4583333333333335,0.6052631578947372,0.39292657910045703,0.45582173693395855,1.7803366420642441,Medium,0.4558217369339586,Base
126:00,0.11518324607330044,0.4583333333333335,0.6315789473684212,0.4016985089250184,0.4676638421971164,1.8203794643786224,Medium,0.46766384219711643,Base
126:30,0.17277486910995066,0.4583333333333335,0.6315789473684212,0.4208957166039018,0.4791821668044464,1.8203794643786224,Medium,0.4791821668044465,Base
127:00,0.17277486910995066,0.4583333333333335,0.6315789473684212,0.4208957166039018,0.4791821668044464,1.8203794643786224,Medium,0.4791821668044465,Base
127:30,0.17277486910995066,0.4583333333333335,0.6315789473684212,0.4208957166039018,0.4791821668044464,1.8203794643786224,Medium,0.4791821668044465,Base
128:00,0.17277486910995066,0.4583333333333335,0.6315789473684212,0.4208957166039018,0.4791821668044464,1.8203794643786224,Medium,0.4791821668044465,Base
128:30,0.17277486910995066,0.4583333333333335,0.6315789473684212,0.4208957166039018,0.4791821668044464,1.8203794643786224,Medium,0.4791821668044465,Base
129:00,0.17277486910995066,0.4583333333333335,0.6578947368421053,0.42966764642846317,0.49102427206760424,1.8613229183943414,Medium,0.4910242720676043,Base
129:30,0.17277486910995066,0.4583333333333335,0.6578947368421053,0.42966764642846317,0.49102427206760424,1.8613229183943414,Medium,0.4910242720676043,Base
130:00,0.17277486910995066,0.4583333333333335,0.6578947368421053,0.42966764642846317,0.49102427206760424,1.8613229183943414,Medium,0.4910242720676043,Base
130:30,0.23560209424083922,0.4583333333333335,0.6842105263157894,0.45938198462998736,0.5154318223569397,1.9031872608619136,Medium,0.5154318223569399,Base
131:00,0.23560209424083922,0.4583333333333335,0.6842105263157894,0.45938198462998736,0.5154318223569397,1.9031872608619136,Medium,0.5154318223569399,Base
131:30,0.23560209424083922,0.125,0.6842105263157894,0.3482708735188762,0.3987651556902731,1.4237655140710208,Medium,0.39876515569027315,Base
132:00,0.23560209424083922,0.125,0.6842105263157894,0.3482708735188762,0.3987651556902731,1.4237655140710208,Medium,0.39876515569027315,Base
132:30,0.23560209424083922,0.125,0.7105263157894735,0.3570428033434376,0.4106072609534309,1.4557884406065227,Medium,0.41060726095343103,Base
133:00,0.29319371727748944,0.125,0.7105263157894735,0.37624001102232096,0.42212558556076096,1.4691993498413698,Medium,0.4221255855607611,Base
133:30,0.29319371727748944,0.125,0.7105263157894735,0.37624001102232096,0.42212558556076096,1.4691993498413698,Medium,0.4221255855607611,Base
134:00,0.29319371727748944,0.125,0.7105263157894735,0.37624001102232096,0.42212558556076096,1.4691993498413698,Medium,0.4221255855607611,Base
134:30,0.29319371727748944,0.125,0.7105263157894735,0.37624001102232096,0.42212558556076096,1.4691993498413698,Medium,0.4221255855607611,Base
135:00,0.35078534031413966,0.125,0.7105263157894735,0.39543721870120435,0.433643910168091,1.5010452379551567,Medium,0.4336439101680911,Base
135:30,0.35078534031413966,1.0,0.7105263157894735,0.687103885367871,0.7398939101680909,2.1300845861526065,High,0.739893910168091,Base
136:00,0.35078534031413966,1.0,0.7105263157894735,0.687103885367871,0.7398939101680909,2.1300845861526065,High,0.739893910168091,Base
136:30,0.35078534031413966,1.0,0.7105263157894735,0.687103885367871,0.7398939101680909,2.1300845861526065,High,0.739893910168091,Base
137:00,0.35078534031413966,1.0,0.7105263157894735,0.687103885367871,0.7398939101680909,2.1300845861526065,High,0.739893910168091,Base
137:30,0.41361256544503533,1.0,0.7105263157894735,0.7080462937448363,0.75245935519427,2.180502276938117,High,0.7524593551942701,Base
138:00,0.41361256544503533,1.0,0.7105263157894735,0.7080462937448363,0.75245935519427,2.180502276938117,High,0.7524593551942701,Base
138:30,0.41361256544503533,1.0,0.7368421052631575,0.7168182235693976,0.7643014604574279,2.2295455102056714,High,0.764301460457428,Base
139:00,0.41361256544503533,1.0,0.7368421052631575,0.7168182235693976,0.7643014604574279,2.2295455102056714,High,0.764301460457428,Base
139:30,0.41361256544503533,1.0,0.7368421052631575,0.7168182235693976,0.7643014604574279,2.2295455102056714,High,0.764301460457428,Base
140:00,0.41361256544503533,0.375,0.7368421052631575,0.5084848902360642,0.545551460457428,1.9298384111340634,Medium,0.545551460457428,Base
140:30,0.41361256544503533,0.375,0.7368421052631575,0.5084848902360642,0.545551460457428,1.9298384111340634,Medium,0.545551460457428,Base
141:00,0.41361256544503533,0.375,0.7631578947368425,0.5172568200606259,0.5573935657205862,1.9732437844588,Medium,0.5573935657205863,Base
141:30,0.41361256544503533,0.375,0.7894736842105265,0.5260287498851873,0.5692356709837441,2.017625419020015,Medium,0.5692356709837442,Base
142:00,0.41361256544503533,0.375,0.7631578947368425,0.5172568200606259,0.5573935657205862,1.9732437844588,Medium,0.5573935657205863,Base
142:30,0.47120418848168555,0.375,0.6842105263157894,0.5101382382658249,0.5333855745384424,1.8858815224156604,Medium,0.5333855745384425,Base
143:00,0.41361256544503533,0.375,0.6315789473684212,0.47339717093781886,0.49818303940479663,1.7655570581099873,Medium,0.49818303940479675,Base
143:30,0.41361256544503533,0.375,0.6315789473684212,0.47339717093781886,0.49818303940479663,1.7655570581099873,Medium,0.49818303940479675,Base
144:00,0.47120418848168555,0.9166666666666665,0.6315789473684212,0.6731499341722578,0.6992846973454598,2.083963971431292,High,0.6992846973454601,Base
144:30,0.47120418848168555,0.9166666666666665,0.6315789473684212,0.6731499341722578,0.6992846973454598,2.083963971431292,High,0.6992846973454601,Base
145:00,0.47120418848168555,0.9166666666666665,0.6315789473684212,0.6731499341722578,0.6992846973454598,2.083963971431292,High,0.6992846973454601,Base
145:30,0.47120418848168555,0.9166666666666665,0.5526315789473681,0.6468341446985734,0.663758381555986,1.9494442272593802,Medium,0.6637583815559861,Base
146:00,0.47120418848168555,0.9166666666666665,0.4210526315789469,0.6029744955757663,0.6045478552401964,1.7442624382944976,Medium,0.6045478552401965,Base
146:30,0.47120418848168555,0.9166666666666665,0.36842105263157876,0.5854306359266436,0.5808636447138809,1.668369470758383,Medium,0.5808636447138809,Base
147:00,0.47120418848168555,0.9166666666666665,0.36842105263157876,0.5854306359266436,0.5808636447138809,1.668369470758383,Medium,0.5808636447138809,Base
147:30,0.47120418848168555,0.9166666666666665,0.36842105263157876,0.5854306359266436,0.5808636447138809,1.668369470758383,Medium,0.5808636447138809,Base
148:00,0.47120418848168555,0.9166666666666665,0.36842105263157876,0.5854306359266436,0.5808636447138809,1.668369470758383,Medium,0.5808636447138809,Base
148:30,0.47120418848168555,0.9166666666666665,0.39473684210526283,0.594202565751205,0.5927057499770387,1.7058939594948794,Medium,0.5927057499770387,Base
149:00,0.47120418848168555,0.375,0.39473684210526283,0.4136470101956495,0.40312241664370535,1.4765788243771283,Medium,0.40312241664370546,Base
149:30,0.47120418848168555,0.375,0.39473684210526283,0.4136470101956495,0.40312241664370535,1.4765788243771283,Medium,0.40312241664370546,Base
150:00,0.47120418848168555,0.375,0.39473684210526283,0.4136470101956495,0.40312241664370535,1.4765788243771283,Medium,0.40312241664370546,Base
150:30,0.47120418848168555,0.375,0.4210526315789469,0.4224189400202108,0.4149645219068632,1.509789612775637,Medium,0.4149645219068633,Base
151:00,0.47120418848168555,0.375,0.4210526315789469,0.4224189400202108,0.4149645219068632,1.509789612775637,Medium,0.4149645219068633,Base
151:30,0.47120418848168555,0.375,0.4210526315789469,0.4224189400202108,0.4149645219068632,1.509789612775637,Medium,0.4149645219068633,Base
152:00,0.47120418848168555,0.375,0.4210526315789469,0.4224189400202108,0.4149645219068632,1.509789612775637,Medium,0.4149645219068633,Base
152:30,0.47120418848168555,0.375,0.39473684210526283,0.4136470101956495,0.40312241664370535,1.4765788243771283,Medium,0.40312241664370546,Base
153:00,0.47120418848168555,0.375,0.3157894736842106,0.3873312207219654,0.3675961008542319,1.3812657535045783,Medium,0.36759610085423194,Base
153:30,0.5287958115183287,0.375,0.28947368421052655,0.3977564985762851,0.36727232019840267,1.3801633816824128,Medium,0.3672723201984027,Base
154:00,0.5287958115183287,0.20833333333333348,0.3157894736842106,0.35097287284529094,0.32078109212822725,1.1915699407188374,Low,0.32078109212822736,Base
154:30,0.5287958115183287,0.20833333333333348,0.3157894736842106,0.35097287284529094,0.32078109212822725,1.1915699407188374,Low,0.32078109212822736,Base
155:00,0.5287958115183287,0.20833333333333348,0.3157894736842106,0.35097287284529094,0.32078109212822725,1.1915699407188374,Low,0.32078109212822736,Base
155:30,0.5287958115183287,0.20833333333333348,0.3157894736842106,0.35097287284529094,0.32078109212822725,1.1915699407188374,Low,0.32078109212822736,Base
156:00,0.5287958115183287,0.20833333333333348,0.3157894736842106,0.35097287284529094,0.32078109212822725,1.1915699407188374,Low,0.32078109212822736,Base
156:30,0.5287958115183287,0.20833333333333348,0.3421052631578947,0.35974480266985226,0.3326231973913851,1.2183703908606915,Low,0.33262319739138513,Base
157:00,0.5287958115183287,0.20833333333333348,0.3421052631578947,0.35974480266985226,0.3326231973913851,1.2183703908606915,Low,0.33262319739138513,Base
157:30,0.5863874345549789,0.20833333333333348,0.3421052631578947,0.3789420103487357,0.3441415219987151,1.2447793918942747,Low,0.34414152199871517,Base
158:00,0.5863874345549789,0.20833333333333348,0.36842105263157876,0.387713940173297,0.35598362726187294,1.2727766137862138,Low,0.35598362726187305,Base
158:30,0.5863874345549789,0.20833333333333348,0.39473684210526283,0.3964858699978584,0.36782573252503076,1.3014035411816107,Medium,0.3678257325250309,Base
159:00,0.5863874345549789,0.375,0.39473684210526283,0.4520414255534139,0.426159065858364,1.5412842590593918,Medium,0.42615906585836416,Base
159:30,0.5863874345549789,0.375,0.4210526315789469,0.46081335537797524,0.43800117112152187,1.575950383579474,Medium,0.4380011711215219,Base
160:00,0.5863874345549789,0.375,0.4210526315789469,0.46081335537797524,0.43800117112152187,1.575950383579474,Medium,0.4380011711215219,Base
160:30,0.5863874345549789,0.375,0.44736842105263186,0.4695852852025369,0.4498432763846801,1.6113962086526368,Medium,0.44984327638468025,Base
161:00,0.6492146596858674,0.375,0.5,0.5080715532286225,0.48609293193717346,1.724573175711965,Medium,0.4860929319371736,Base
161:30,0.6492146596858674,0.375,0.47368421052631593,0.49929962340406114,0.4742508266740157,1.6866378009208907,Medium,0.47425082667401575,Base
162:00,0.6492146596858674,0.375,0.5,0.5080715532286225,0.48609293193717346,1.724573175711965,Medium,0.4860929319371736,Base
162:30,0.5863874345549789,0.375,0.5,0.48712914485165965,0.4735274869109957,1.6846975020978483,Medium,0.4735274869109959,Base
163:00,0.6492146596858674,0.5833333333333335,0.47368421052631593,0.5687440678485056,0.5471674933406825,1.9485754427369546,Medium,0.5471674933406825,Base
163:30,0.5863874345549789,0.5833333333333335,0.44736842105263186,0.5390297296469814,0.5227599430513469,1.861648706666948,Medium,0.5227599430513469,Base
164:00,0.6492146596858674,0.5833333333333335,0.4210526315789469,0.5512002081993826,0.5234832828143663,1.8637928036279539,Medium,0.5234832828143664,Base
164:30,0.6492146596858674,0.5833333333333335,0.4210526315789469,0.5512002081993826,0.5234832828143663,1.8637928036279539,Medium,0.5234832828143664,Base
165:00,0.6492146596858674,0.5833333333333335,0.44736842105263186,0.5599721380239443,0.5353253880775246,1.9057126980474501,Medium,0.5353253880775246,Base
165:30,0.6492146596858674,0.5833333333333335,0.44736842105263186,0.5599721380239443,0.5353253880775246,1.9057126980474501,Medium,0.5353253880775246,Base
166:00,0.6492146596858674,0.5833333333333335,0.44736842105263186,0.5599721380239443,0.5353253880775246,1.9057126980474501,Medium,0.5353253880775246,Base
166:30,0.6492146596858674,0.5833333333333335,0.5526315789473681,0.5950598573221897,0.5826938091301559,2.083035237170338,High,0.582693809130156,Base
167:00,0.6492146596858674,0.5833333333333335,0.6315789473684212,0.6213756467958741,0.6182201249196297,2.2267733155862373,High,0.6182201249196299,Base
167:30,0.6492146596858674,0.5833333333333335,0.5789473684210522,0.603831787146751,0.5945359143933138,2.1298862696693877,High,0.5945359143933138,Base
168:00,0.6492146596858674,0.3333333333333335,0.5789473684210522,0.5204984538134177,0.5070359143933136,1.7672310306938925,Medium,0.5070359143933139,Base
168:30,0.6492146596858674,0.3333333333333335,0.5526315789473681,0.5117265239888563,0.49519380913015587,1.7283573125844176,Medium,0.495193809130156,Base
169:00,0.6492146596858674,0.3333333333333335,0.5526315789473681,0.5117265239888563,0.49519380913015587,1.7283573125844176,Medium,0.495193809130156,Base
169:30,0.6492146596858674,0.3333333333333335,0.5526315789473681,0.5117265239888563,0.49519380913015587,1.7283573125844176,Medium,0.495193809130156,Base
170:00,0.6492146596858674,0.3333333333333335,0.5263157894736841,0.502954594164295,0.48335170386699805,1.6903386982691881,Medium,0.4833517038669981,Base
170:30,0.6492146596858674,0.3333333333333335,0.5,0.4941826643397336,0.47150959860384023,1.6531563780604643,Medium,0.47150959860384034,Base
171:00,0.6492146596858674,0.3333333333333335,0.5,0.4941826643397336,0.47150959860384023,1.6531563780604643,Medium,0.47150959860384034,Base
171:30,0.6492146596858674,0.3333333333333335,0.5263157894736841,0.502954594164295,0.48335170386699805,1.6903386982691881,Medium,0.4833517038669981,Base
172:00,0.6492146596858674,0.3333333333333335,0.5263157894736841,0.502954594164295,0.48335170386699805,1.6903386982691881,Medium,0.4833517038669981,Base
172:30,0.6492146596858674,0.3333333333333335,0.5526315789473681,0.5117265239888563,0.49519380913015587,1.7283573125844176,Medium,0.495193809130156,Base
173:00,0.6492146596858674,0.4166666666666665,0.5526315789473681,0.539504301766634,0.5243604757968224,1.8809138783416046,Medium,0.5243604757968225,Base
173:30,0.6492146596858674,0.4166666666666665,0.5526315789473681,0.539504301766634,0.5243604757968224,1.8809138783416046,Medium,0.5243604757968225,Base
174:00,0.6492146596858674,0.4166666666666665,0.5526315789473681,0.539504301766634,0.5243604757968224,1.8809138783416046,Medium,0.5243604757968225,Base
174:30,0.6492146596858674,0.4166666666666665,0.5263157894736841,0.5307323719420727,0.5125183705336647,1.8395394826769125,Medium,0.5125183705336647,Base
175:00,0.6492146596858674,0.4166666666666665,0.5263157894736841,0.5307323719420727,0.5125183705336647,1.8395394826769125,Medium,0.5125183705336647,Base
175:30,0.6492146596858674,0.4166666666666665,0.5263157894736841,0.5307323719420727,0.5125183705336647,1.8395394826769125,Medium,0.5125183705336647,Base
176:00,0.6492146596858674,0.4166666666666665,0.5526315789473681,0.539504301766634,0.5243604757968224,1.8809138783416046,Medium,0.5243604757968225,Base
176:30,0.6492146596858674,0.4166666666666665,0.5526315789473681,0.539504301766634,0.5243604757968224,1.8809138783416046,Medium,0.5243604757968225,Base
177:00,0.6492146596858674,0.4166666666666665,0.5526315789473681,0.539504301766634,0.5243604757968224,1.8809138783416046,Medium,0.5243604757968225,Base
177:30,0.6492146596858674,0.5416666666666665,0.5789473684210522,0.5899428982578621,0.5799525810599803,2.1298862696693877,High,0.5799525810599804,Base
178:00,0.6492146596858674,0.5416666666666665,0.5789473684210522,0.5899428982578621,0.5799525810599803,2.1298862696693877,High,0.5799525810599804,Base
178:30,0.6492146596858674,0.5416666666666665,0.5789473684210522,0.5899428982578621,0.5799525810599803,2.1298862696693877,High,0.5799525810599804,Base
179:00,0.6492146596858674,0.5416666666666665,0.6052631578947372,0.5987148280824237,0.5917946863231385,2.1777910621851007,High,0.5917946863231386,Base
179:30,0.6492146596858674,0.5416666666666665,0.6052631578947372,0.5987148280824237,0.5917946863231385,2.1777910621851007,High,0.5917946863231386,Base
180:00,0.6492146596858674,0.5416666666666665,0.6052631578947372,0.5987148280824237,0.5917946863231385,2.1777910621851007,High,0.5917946863231386,Base
180:30,0.6492146596858674,0.5416666666666665,0.6052631578947372,0.5987148280824237,0.5917946863231385,2.1777910621851007,High,0.5917946863231386,Base
181:00,0.6492146596858674,0.5416666666666665,0.6052631578947372,0.5987148280824237,0.5917946863231385,2.1777910621851007,High,0.5917946863231386,Base
181:30,0.7068062827225177,0.5416666666666665,0.6315789473684212,0.6266839655858685,0.6151551161936264,2.2750401310259405,High,0.6151551161936265,Base
182:00,0.7068062827225177,0.3333333333333335,0.6315789473684212,0.5572395211414242,0.5422384495269599,1.8876695778911368,Medium,0.54223844952696,Base
182:30,0.7068062827225177,0.3333333333333335,0.6315789473684212,0.5572395211414242,0.5422384495269599,1.8876695778911368,Medium,0.54223844952696,Base
183:00,0.7068062827225177,0.3333333333333335,0.6315789473684212,0.5572395211414242,0.5422384495269599,1.8876695778911368,Medium,0.54223844952696,Base
183:30,0.7068062827225177,0.3333333333333335,0.6315789473684212,0.5572395211414242,0.5422384495269599,1.8876695778911368,Medium,0.54223844952696,Base
184:00,0.7068062827225177,0.3333333333333335,0.6578947368421053,0.5660114509659855,0.5540805547901176,1.9301265018850795,Medium,0.5540805547901178,Base
184:30,0.7643979057591608,0.3333333333333335,0.6842105263157894,0.5939805884694279,0.5774409846606041,2.0163161315114437,Medium,0.5774409846606042,Base
185:00,0.7643979057591608,0.3333333333333335,0.6842105263157894,0.5939805884694279,0.5774409846606041,2.0163161315114437,Medium,0.5774409846606042,Base
185:30,0.7643979057591608,0.3333333333333335,0.6315789473684212,0.5764367288203052,0.5537567741342885,1.9285860908066943,Medium,0.5537567741342886,Base
186:00,0.821989528795811,0.3333333333333335,0.5263157894736841,0.5605462172009429,0.5179066776889868,1.7917547559388922,Medium,0.5179066776889868,Base
186:30,0.821989528795811,0.7916666666666665,0.44736842105263186,0.6870082055050365,0.6427970285661798,2.0200506523787123,Medium,0.6427970285661798,Base
187:00,0.821989528795811,0.7916666666666665,0.36842105263157876,0.6606924160313521,0.607270712776706,1.8896565089590183,Medium,0.607270712776706,Base
187:30,0.821989528795811,0.7916666666666665,0.3157894736842106,0.6431485563822293,0.5835865022503902,1.8074374363353716,Medium,0.5835865022503903,Base
188:00,0.821989528795811,0.7916666666666665,0.3421052631578947,0.6519204862067908,0.5954286075135481,1.848089801959671,Medium,0.5954286075135481,Base
188:30,0.821989528795811,0.7916666666666665,0.3421052631578947,0.6519204862067908,0.5954286075135481,1.848089801959671,Medium,0.5954286075135481,Base
189:00,0.821989528795811,0.7916666666666665,0.36842105263157876,0.6606924160313521,0.607270712776706,1.8896565089590183,Medium,0.607270712776706,Base
189:30,0.821989528795811,0.7916666666666665,0.3421052631578947,0.6519204862067908,0.5954286075135481,1.848089801959671,Medium,0.5954286075135481,Base
190:00,0.821989528795811,0.7916666666666665,0.3421052631578947,0.6519204862067908,0.5954286075135481,1.848089801959671,Medium,0.5954286075135481,Base
190:30,0.821989528795811,0.7916666666666665,0.3421052631578947,0.6519204862067908,0.5954286075135481,1.848089801959671,Medium,0.5954286075135481,Base
191:00,0.8795811518324612,0.4166666666666665,0.3421052631578947,0.5461176938856741,0.47569693212087816,1.6687657005983134,Medium,0.47569693212087827,Base
191:30,0.8795811518324612,0.4166666666666665,0.36842105263157876,0.5548896237102355,0.48753903738403603,1.7062991012229893,Medium,0.4875390373840361,Base
192:00,0.8795811518324612,0.4166666666666665,0.36842105263157876,0.5548896237102355,0.48753903738403603,1.7062991012229893,Medium,0.4875390373840361,Base
192:30,0.8795811518324612,0.4166666666666665,0.39473684210526283,0.5636615535347969,0.4993811426471938,1.7446766923544257,Medium,0.4993811426471939,Base
193:00,0.8795811518324612,0.4166666666666665,0.39473684210526283,0.5636615535347969,0.4993811426471938,1.7446766923544257,Medium,0.4993811426471939,Base
193:30,0.8795811518324612,0.4166666666666665,0.36842105263157876,0.5548896237102355,0.48753903738403603,1.7062991012229893,Medium,0.4875390373840361,Base
194:00,0.8795811518324612,0.4166666666666665,0.36842105263157876,0.5548896237102355,0.48753903738403603,1.7062991012229893,Medium,0.4875390373840361,Base
194:30,0.8795811518324612,0.4166666666666665,0.39473684210526283,0.5636615535347969,0.4993811426471938,1.7446766923544257,Medium,0.4993811426471939,Base
195:00,0.8795811518324612,0.4166666666666665,0.39473684210526283,0.5636615535347969,0.4993811426471938,1.7446766923544257,Medium,0.4993811426471939,Base
195:30,0.9424083769633569,0.4166666666666665,0.39473684210526283,0.5846039619117621,0.5119465876733729,1.7446766923544257,Medium,0.511946587673373,Base
196:00,0.9424083769633569,0.4166666666666665,0.39473684210526283,0.5846039619117621,0.5119465876733729,1.7446766923544257,Medium,0.511946587673373,Base
196:30,1.0,0.16666666666666652,0.36842105263157876,0.5116959064327484,0.42412280701754373,1.3316184355228635,Medium,0.4241228070175439,Base
197:00,0.9424083769633569,0.16666666666666652,0.39473684210526283,0.5012706285784287,0.42444658767337295,1.3615688163353192,Medium,0.42444658767337307,Base
197:30,0.9424083769633569,0.16666666666666652,0.39473684210526283,0.5012706285784287,0.42444658767337295,1.3615688163353192,Medium,0.42444658767337307,Base
198:00,0.9424083769633569,0.16666666666666652,0.39473684210526283,0.5012706285784287,0.42444658767337295,1.3615688163353192,Medium,0.42444658767337307,Base
198:30,1.0,0.16666666666666652,0.3421052631578947,0.5029239766081871,0.4122807017543859,1.302326872171596,Medium,0.412280701754386,Base
199:00,0.9424083769633569,0.16666666666666652,0.3157894736842106,0.4749548391047447,0.38892027188389944,1.2736796342972618,Low,0.38892027188389955,Base
199:30,0.9424083769633569,0.16666666666666652,0.3157894736842106,0.4749548391047447,0.38892027188389944,1.2736796342972618,Low,0.38892027188389955,Base
200:00,0.9424083769633569,0.16666666666666652,0.3421052631578947,0.48372676892930605,0.4007623771470573,1.302326872171596,Medium,0.4007623771470574,Base
200:30,0.9424083769633569,0.16666666666666652,0.36842105263157876,0.49249869875386737,0.4126044824102151,1.3316184355228635,Medium,0.41260448241021525,Base
201:00,0.9424083769633569,0.5,0.36842105263157876,0.6036098098649786,0.5292711490768818,1.8569086592940098,Medium,0.5292711490768819,Base
201:30,0.9424083769633569,0.5,0.36842105263157876,0.6036098098649786,0.5292711490768818,1.8569086592940098,Medium,0.5292711490768819,Base
202:00,0.9424083769633569,0.5,0.39473684210526283,0.6123817396895399,0.5411132543400397,1.8986737175090267,Medium,0.5411132543400398,Base
202:30,0.9424083769633569,0.5,0.39473684210526283,0.6123817396895399,0.5411132543400397,1.8986737175090267,Medium,0.5411132543400398,Base
203:00,0.8795811518324612,0.5,0.39473684210526283,0.5914393313125746,0.5285478093138606,1.8986737175090267,Medium,0.5285478093138606,Base
203:30,0.8795811518324612,0.5,0.4210526315789469,0.6002112611371361,0.5403899145770183,1.9413781434624477,Medium,0.5403899145770185,Base
204:00,0.8795811518324612,0.5,0.4210526315789469,0.6002112611371361,0.5403899145770183,1.9413781434624477,Medium,0.5403899145770185,Base
204:30,0.8795811518324612,0.5,0.4210526315789469,0.6002112611371361,0.5403899145770183,1.9413781434624477,Medium,0.5403899145770185,Base
205:00,0.8795811518324612,0.5,0.44736842105263186,0.6089831909616977,0.5522320198401766,1.9850430651446482,Medium,0.5522320198401767,Base
205:30,0.8795811518324612,0.5,0.47368421052631593,0.617755120786259,0.5640741251033344,2.029690085750714,Medium,0.5640741251033345,Base
206:00,0.8795811518324612,0.5,0.6052631578947372,0.6616147699090661,0.623284651419124,2.268447415895264,High,0.623284651419124,Base
206:30,0.8795811518324612,0.5,0.7368421052631575,0.7054744190318729,0.6824951777349132,2.5352903454611004,High,0.6824951777349132,Base
207:00,0.8795811518324612,0.5,0.7105263157894735,0.6967024892073116,0.6706530724717553,2.4795216539299028,High,0.6706530724717553,Base
207:30,0.8795811518324612,0.5,0.6578947368421053,0.6791586295581888,0.6469688619454397,2.371637512039654,High,0.6469688619454398,Base
208:00,0.821989528795811,0.5,0.6578947368421053,0.6599614218793054,0.6354505373381096,2.371637512039654,High,0.6354505373381097,Base
208:30,0.821989528795811,0.5,0.6842105263157894,0.6687333517038668,0.6472926426012674,2.424979704322237,High,0.6472926426012675,Base
209:00,0.821989528795811,0.5,0.6842105263157894,0.6687333517038668,0.6472926426012674,2.424979704322237,High,0.6472926426012675,Base
209:30,0.821989528795811,0.5,0.7105263157894735,0.6775052815284281,0.6591347478644253,2.4795216539299028,High,0.6591347478644253,Base
210:00,0.821989528795811,0.5,0.7105263157894735,0.6775052815284281,0.6591347478644253,2.4795216539299028,High,0.6591347478644253,Base
210:30,0.821989528795811,0.20833333333333348,0.7105263157894735,0.5802830593062059,0.557051414531092,1.8441408041343479,Medium,0.5570514145310921,Base
211:00,0.821989528795811,0.20833333333333348,0.7368421052631575,0.5890549891307674,0.5688935197942498,1.8856186914046036,Medium,0.56889351979425,Base
211:30,0.7643979057591608,0.20833333333333348,0.7368421052631575,0.5698577814518839,0.5573751951869198,1.8568428512034687,Medium,0.5573751951869199,Base
212:00,0.821989528795811,0.20833333333333348,0.7631578947368425,0.597826918955329,0.5807356250574081,1.9280294874465487,Medium,0.5807356250574082,Base
212:30,0.821989528795811,0.20833333333333348,0.7631578947368425,0.597826918955329,0.5807356250574081,1.9280294874465487,Medium,0.5807356250574082,Base
213:00,0.7643979057591608,0.20833333333333348,0.7894736842105265,0.5874016411010069,0.5810594057132359,1.9413093418076128,Medium,0.5810594057132359,Base
213:30,0.821989528795811,0.20833333333333348,0.7894736842105265,0.6065988487798903,0.5925777303205659,1.9713941749773234,Medium,0.592577730320566,Base
214:00,0.7643979057591608,0.20833333333333348,0.8157894736842106,0.5961735709255683,0.5929015109763937,1.956363731591453,Medium,0.5929015109763938,Base
214:30,0.821989528795811,0.20833333333333348,0.8157894736842106,0.6153707786044517,0.6044198355837237,1.9866818654491916,Medium,0.6044198355837238,Base
215:00,0.821989528795811,0.20833333333333348,0.8157894736842106,0.6153707786044517,0.6044198355837237,1.9866818654491916,Medium,0.6044198355837238,Base
215:30,0.821989528795811,0.08333333333333348,0.8421052631578947,0.5824760417623464,0.5725119408468816,1.9155408290138962,Medium,0.5725119408468817,Base
216:00,0.821989528795811,0.08333333333333348,0.8421052631578947,0.5824760417623464,0.5725119408468816,1.9155408290138962,Medium,0.5725119408468817,Base
216:30,0.821989528795811,0.08333333333333348,0.8157894736842106,0.573704111937785,0.5606698355837237,1.9155408290138962,Medium,0.5606698355837239,Base
217:00,0.821989528795811,0.08333333333333348,0.7368421052631575,0.5473883224641006,0.5251435197942499,1.8180966233970222,Medium,0.52514351979425,Base
217:30,0.821989528795811,0.08333333333333348,0.7105263157894735,0.5386163926395393,0.513301414531092,1.7781040166544995,Medium,0.5133014145310921,Base
218:00,0.821989528795811,0.08333333333333348,0.7105263157894735,0.5386163926395393,0.513301414531092,1.7781040166544995,Medium,0.5133014145310921,Base
218:30,0.821989528795811,0.08333333333333348,0.7105263157894735,0.5386163926395393,0.513301414531092,1.7781040166544995,Medium,0.5133014145310921,Base
219:00,0.821989528795811,0.08333333333333348,0.7368421052631575,0.5473883224641006,0.5251435197942499,1.8180966233970222,Medium,0.52514351979425,Base
219:30,0.821989528795811,0.08333333333333348,0.7368421052631575,0.5473883224641006,0.5251435197942499,1.8180966233970222,Medium,0.52514351979425,Base
220:00,0.821989528795811,0.08333333333333348,0.7631578947368425,0.5561602522886623,0.5369856250574081,1.8589887324066134,Medium,0.5369856250574082,Base
220:30,0.8795811518324612,0.08333333333333348,0.7631578947368425,0.5753574599675457,0.5485039496647381,1.8589887324066134,Medium,0.5485039496647383,Base
221:00,0.8795811518324612,0.125,0.7894736842105265,0.5980182786809959,0.5749293882612292,1.9008005750308716,Medium,0.5749293882612293,Base
221:30,0.8795811518324612,0.125,0.7894736842105265,0.5980182786809959,0.5749293882612292,1.9008005750308716,Medium,0.5749293882612293,Base
222:00,0.8795811518324612,0.125,0.7894736842105265,0.5980182786809959,0.5749293882612292,1.9008005750308716,Medium,0.5749293882612293,Base
222:30,0.8795811518324612,0.125,0.7894736842105265,0.5980182786809959,0.5749293882612292,1.9008005750308716,Medium,0.5749293882612293,Base
223:00,0.8795811518324612,0.125,0.7894736842105265,0.5980182786809959,0.5749293882612292,1.9008005750308716,Medium,0.5749293882612293,Base
223:30,0.8795811518324612,0.125,0.7894736842105265,0.5980182786809959,0.5749293882612292,1.9008005750308716,Medium,0.5749293882612293,Base
224:00,0.8795811518324612,0.125,0.8157894736842106,0.6067902085055573,0.5867714935243871,1.9155408290138962,Medium,0.5867714935243872,Base
224:30,0.8795811518324612,0.125,0.8157894736842106,0.6067902085055573,0.5867714935243871,1.9155408290138962,Medium,0.5867714935243872,Base
225:00,0.8795811518324612,0.125,0.8157894736842106,0.6067902085055573,0.5867714935243871,1.9155408290138962,Medium,0.5867714935243872,Base
225:30,0.9424083769633569,0.125,0.8421052631578947,0.6365045467070839,0.611179043813724,1.9155408290138962,Medium,0.6111790438137242,Base
226:00,0.9424083769633569,0.16666666666666652,0.8421052631578947,0.6503934355959727,0.6257623771470573,1.9155408290138962,Medium,0.6257623771470574,Base
226:30,0.9424083769633569,0.16666666666666652,0.8421052631578947,0.6503934355959727,0.6257623771470573,1.9155408290138962,Medium,0.6257623771470574,Base
227:00,0.8795811518324612,0.16666666666666652,0.8421052631578947,0.6294510272190075,0.6131969321208782,1.9155408290138962,Medium,0.6131969321208782,Base
227:30,0.9424083769633569,0.16666666666666652,0.8684210526315788,0.659165365420534,0.6376044824102152,1.9155408290138962,Medium,0.6376044824102153,Base
228:00,0.9424083769633569,0.16666666666666652,0.8684210526315788,0.659165365420534,0.6376044824102152,1.9155408290138962,Medium,0.6376044824102153,Base
228:30,0.9424083769633569,0.16666666666666652,0.8684210526315788,0.659165365420534,0.6376044824102152,1.9155408290138962,Medium,0.6376044824102153,Base
229:00,0.9424083769633569,0.16666666666666652,0.8947368421052628,0.6679372952450954,0.6494465876733729,1.9155408290138962,Medium,0.649446587673373,Base
229:30,0.9424083769633569,0.16666666666666652,0.8947368421052628,0.6679372952450954,0.6494465876733729,1.9155408290138962,Medium,0.649446587673373,Base
230:00,0.9424083769633569,0.16666666666666652,0.9210526315789469,0.6767092250696568,0.6612886929365308,1.9155408290138962,Medium,0.6612886929365308,Base
230:30,0.9424083769633569,0.16666666666666652,0.9210526315789469,0.6767092250696568,0.6612886929365308,1.9155408290138962,Medium,0.6612886929365308,Base
231:00,1.0,0.25,0.9210526315789469,0.7236842105263156,0.7019736842105262,2.0725070533537693,High,0.7019736842105262,Base
231:30,1.0,0.25,0.9473684210526319,0.7324561403508772,0.7138157894736843,2.0725070533537693,High,0.7138157894736845,Base
232:00,1.0,0.25,0.9210526315789469,0.7236842105263156,0.7019736842105262,2.0725070533537693,High,0.7019736842105262,Base
232:30,1.0,0.25,0.9210526315789469,0.7236842105263156,0.7019736842105262,2.0725070533537693,High,0.7019736842105262,Base
233:00,1.0,0.25,0.9210526315789469,0.7236842105263156,0.7019736842105262,2.0725070533537693,High,0.7019736842105262,Base
233:30,1.0,0.25,0.9210526315789469,0.7236842105263156,0.7019736842105262,2.0725070533537693,High,0.7019736842105262,Base
234:00,1.0,0.25,0.9210526315789469,0.7236842105263156,0.7019736842105262,2.0725070533537693,High,0.7019736842105262,Base
234:30,1.0,0.25,0.9210526315789469,0.7236842105263156,0.7019736842105262,2.0725070533537693,High,0.7019736842105262,Base
235:00,1.0,1.0,0.8684210526315788,0.956140350877193,0.9407894736842104,2.718281828459045,High,0.9407894736842105,Base
235:30,1.0,1.0,0.8157894736842106,0.9385964912280702,0.9171052631578946,2.718281828459045,High,0.9171052631578949,Base
236:00,1.0,1.0,0.8157894736842106,0.9385964912280702,0.9171052631578946,2.718281828459045,High,0.9171052631578949,Base
236:30,1.0,1.0,0.8157894736842106,0.9385964912280702,0.9171052631578946,2.718281828459045,High,0.9171052631578949,Base
237:00,0.9424083769633569,1.0,0.8421052631578947,0.9281712133737505,0.9174290438137239,2.718281828459045,High,0.9174290438137241,Base
237:30,0.9424083769633569,1.0,0.8421052631578947,0.9281712133737505,0.9174290438137239,2.718281828459045,High,0.9174290438137241,Base
238:00,0.9424083769633569,1.0,0.8421052631578947,0.9281712133737505,0.9174290438137239,2.718281828459045,High,0.9174290438137241,Base
238:30,0.9424083769633569,1.0,0.8421052631578947,0.9281712133737505,0.9174290438137239,2.718281828459045,High,0.9174290438137241,Base
239:00,0.9424083769633569,1.0,0.8421052631578947,0.9281712133737505,0.9174290438137239,2.718281828459045,High,0.9174290438137241,Base
239:30,0.9424083769633569,0.4166666666666665,0.8684210526315788,0.7424986987538674,0.7251044824102151,2.4545211358680024,High,0.7251044824102152,Base
240:00,0.9424083769633569,0.4166666666666665,0.8684210526315788,0.7424986987538674,0.7251044824102151,2.4545211358680024,High,0.7251044824102152,Base
240:30,0.9424083769633569,0.4166666666666665,0.8684210526315788,0.7424986987538674,0.7251044824102151,2.4545211358680024,High,0.7251044824102152,Base
241:00,0.9424083769633569,0.4166666666666665,0.8947368421052628,0.7512706285784287,0.7369465876733728,2.4545211358680024,High,0.7369465876733731,Base
241:30,0.9424083769633569,0.4166666666666665,0.8947368421052628,0.7512706285784287,0.7369465876733728,2.4545211358680024,High,0.7369465876733731,Base
242:00,0.9424083769633569,0.4166666666666665,0.8947368421052628,0.7512706285784287,0.7369465876733728,2.4545211358680024,High,0.7369465876733731,Base
242:30,0.8795811518324612,0.4166666666666665,0.8947368421052628,0.7303282202014635,0.7243811426471938,2.4545211358680024,High,0.7243811426471939,Base
243:00,0.8795811518324612,0.4166666666666665,0.9210526315789469,0.7391001500260249,0.7362232479103517,2.4545211358680024,High,0.7362232479103518,Base
243:30,0.8795811518324612,0.4166666666666665,0.9210526315789469,0.7391001500260249,0.7362232479103517,2.4545211358680024,High,0.7362232479103518,Base
244:00,0.8795811518324612,0.4166666666666665,0.9473684210526319,0.7478720798505866,0.74806535317351,2.4545211358680024,High,0.74806535317351,Base
244:30,0.9424083769633569,0.16666666666666652,0.9473684210526319,0.6854811548942185,0.673130798199689,1.9155408290138962,Medium,0.6731307981996891,Base
245:00,0.8795811518324612,0.16666666666666652,0.8684210526315788,0.6382229570435688,0.625039037384036,1.9155408290138962,Medium,0.6250390373840361,Base
245:30,0.8795811518324612,0.16666666666666652,0.8157894736842106,0.6206790973944462,0.6013548268577203,1.9155408290138962,Medium,0.6013548268577203,Base
246:00,0.8795811518324612,0.16666666666666652,0.8157894736842106,0.6206790973944462,0.6013548268577203,1.9155408290138962,Medium,0.6013548268577203,Base
246:30,0.8795811518324612,0.16666666666666652,0.8157894736842106,0.6206790973944462,0.6013548268577203,1.9155408290138962,Medium,0.6013548268577203,Base
247:00,0.8795811518324612,0.16666666666666652,0.7894736842105265,0.6119071675698847,0.5895127215945625,1.9008005750308716,Medium,0.5895127215945626,Base
247:30,0.8795811518324612,0.16666666666666652,0.7105263157894735,0.5855913780962004,0.5539864058050886,1.7781040166544995,Medium,0.5539864058050886,Base
248:00,0.8795811518324612,0.16666666666666652,0.6578947368421053,0.5680475184470777,0.530302195278773,1.7007385999321505,Medium,0.5303021952787731,Base
248:30,0.8795811518324612,0.16666666666666652,0.6315789473684212,0.5592755886225164,0.5184600900156151,1.663327513456543,Medium,0.5184600900156152,Base
249:00,0.8795811518324612,0.16666666666666652,0.6052631578947372,0.5505036587979549,0.5066179847524573,1.6267393573191675,Medium,0.5066179847524573,Base
249:30,0.8795811518324612,0.3333333333333335,0.6052631578947372,0.6060592143535106,0.5649513180857907,1.915393271992543,Medium,0.5649513180857908,Base
250:00,0.8795811518324612,0.3333333333333335,0.6052631578947372,0.6060592143535106,0.5649513180857907,1.915393271992543,Medium,0.5649513180857908,Base
250:30,0.8795811518324612,0.3333333333333335,0.6315789473684212,0.6148311441780719,0.5767934233489486,1.9584737493811482,Medium,0.5767934233489487,Base
251:00,0.8795811518324612,0.3333333333333335,0.6315789473684212,0.6148311441780719,0.5767934233489486,1.9584737493811482,Medium,0.5767934233489487,Base
251:30,0.8795811518324612,0.3333333333333335,0.6578947368421053,0.6236030740026334,0.5886355286121063,2.0025231805398054,Medium,0.5886355286121064,Base
252:00,0.8795811518324612,0.3333333333333335,0.6578947368421053,0.6236030740026334,0.5886355286121063,2.0025231805398054,Medium,0.5886355286121064,Base
252:30,0.821989528795811,0.3333333333333335,0.6842105263157894,0.6131777961483112,0.5889593092679342,2.0475633588994473,Medium,0.5889593092679343,Base
253:00,0.821989528795811,0.3333333333333335,0.6842105263157894,0.6131777961483112,0.5889593092679342,2.0475633588994473,Medium,0.5889593092679343,Base
253:30,0.821989528795811,0.3333333333333335,0.7105263157894735,0.6219497259728727,0.6008014145310919,2.0936165680626186,High,0.600801414531092,Base
254:00,0.821989528795811,0.3333333333333335,0.7105263157894735,0.6219497259728727,0.6008014145310919,2.0936165680626186,High,0.600801414531092,Base
254:30,0.821989528795811,0.16666666666666652,0.7105263157894735,0.566394170417317,0.5424680811977586,1.7781040166544995,Medium,0.5424680811977586,Base
255:00,0.821989528795811,0.16666666666666652,0.7368421052631575,0.5751661002418783,0.5543101864609165,1.8180966233970222,Medium,0.5543101864609165,Base
255:30,0.821989528795811,0.16666666666666652,0.7631578947368425,0.58393803006644,0.5661522917240747,1.8589887324066134,Medium,0.5661522917240748,Base
256:00,0.8795811518324612,0.16666666666666652,0.7631578947368425,0.6031352377453234,0.5776706163314047,1.8589887324066134,Medium,0.5776706163314048,Base
256:30,0.8795811518324612,0.16666666666666652,0.7368421052631575,0.5943633079207618,0.5658285110682465,1.8180966233970222,Medium,0.5658285110682465,Base
257:00,0.8795811518324612,0.16666666666666652,0.7368421052631575,0.5943633079207618,0.5658285110682465,1.8180966233970222,Medium,0.5658285110682465,Base
257:30,0.8795811518324612,0.16666666666666652,0.7368421052631575,0.5943633079207618,0.5658285110682465,1.8180966233970222,Medium,0.5658285110682465,Base
258:00,0.8795811518324612,0.16666666666666652,0.7631578947368425,0.6031352377453234,0.5776706163314047,1.8589887324066134,Medium,0.5776706163314048,Base
258:30,0.8795811518324612,0.16666666666666652,0.7631578947368425,0.6031352377453234,0.5776706163314047,1.8589887324066134,Medium,0.5776706163314048,Base
259:00,0.8795811518324612,0.16666666666666652,0.7631578947368425,0.6031352377453234,0.5776706163314047,1.8589887324066134,Medium,0.5776706163314048,Base
259:30,0.8795811518324612,0.2916666666666665,0.7368421052631575,0.6360299745874284,0.6095785110682465,2.052056215517082,Medium,0.6095785110682466,Base
260:00,0.8795811518324612,0.2916666666666665,0.6842105263157894,0.6184861149383057,0.5858943005419308,1.962771121526985,Medium,0.5858943005419309,Base
260:30,0.8795811518324612,0.2916666666666665,0.6842105263157894,0.6184861149383057,0.5858943005419308,1.962771121526985,Medium,0.5858943005419309,Base
261:00,0.8795811518324612,0.2916666666666665,0.6842105263157894,0.6184861149383057,0.5858943005419308,1.962771121526985,Medium,0.5858943005419309,Base
261:30,0.8795811518324612,0.2916666666666665,0.6578947368421053,0.6097141851137443,0.5740521952787729,1.9195961149961758,Medium,0.574052195278773,Base
262:00,0.8795811518324612,0.2916666666666665,0.6578947368421053,0.6097141851137443,0.5740521952787729,1.9195961149961758,Medium,0.574052195278773,Base
262:30,0.8795811518324612,0.2916666666666665,0.6315789473684212,0.600942255289183,0.5622100900156152,1.877370827547989,Medium,0.5622100900156152,Base
263:00,0.8795811518324612,0.2916666666666665,0.6315789473684212,0.600942255289183,0.5622100900156152,1.877370827547989,Medium,0.5622100900156152,Base
263:30,0.8795811518324612,0.2916666666666665,0.6052631578947372,0.5921703254646217,0.5503679847524573,1.8360743682455534,Medium,0.5503679847524574,Base
264:00,0.8795811518324612,0.4166666666666665,0.5526315789473681,0.6162931324821653,0.5704337742261412,1.9937639660506308,Medium,0.5704337742261413,Base
264:30,0.8795811518324612,0.4166666666666665,0.5526315789473681,0.6162931324821653,0.5704337742261412,1.9937639660506308,Medium,0.5704337742261413,Base
265:00,0.821989528795811,0.4166666666666665,0.5789473684210522,0.6058678546278432,0.570757554881969,2.0386071346644097,Medium,0.5707575548819691,Base
265:30,0.821989528795811,0.4166666666666665,0.5789473684210522,0.6058678546278432,0.570757554881969,2.0386071346644097,Medium,0.5707575548819691,Base
266:00,0.821989528795811,0.4166666666666665,0.5789473684210522,0.6058678546278432,0.570757554881969,2.0386071346644097,Medium,0.5707575548819691,Base
266:30,0.821989528795811,0.4166666666666665,0.5789473684210522,0.6058678546278432,0.570757554881969,2.0386071346644097,Medium,0.5707575548819691,Base
267:00,0.821989528795811,0.4166666666666665,0.5789473684210522,0.6058678546278432,0.570757554881969,2.0386071346644097,Medium,0.5707575548819691,Base
267:30,0.821989528795811,0.4166666666666665,0.6052631578947372,0.6146397844524049,0.5825996601451272,2.0844589029948892,High,0.5825996601451273,Base
268:00,0.821989528795811,0.4166666666666665,0.6052631578947372,0.6146397844524049,0.5825996601451272,2.0844589029948892,High,0.5825996601451273,Base
268:30,0.821989528795811,0.4166666666666665,0.6315789473684212,0.6234117142769663,0.5944417654082851,2.1313419561782867,High,0.5944417654082852,Base
269:00,0.821989528795811,0.4166666666666665,0.6315789473684212,0.6234117142769663,0.5944417654082851,2.1313419561782867,High,0.5944417654082852,Base
269:30,0.821989528795811,0.0,0.6315789473684212,0.4845228253880774,0.4486084320749518,1.663327513456543,Medium,0.44860843207495193,Base
270:00,0.821989528795811,0.0,0.6578947368421053,0.49329475521263877,0.4604505373381096,1.7007385999321505,Medium,0.46045053733810976,Base
270:30,0.821989528795811,0.0,0.6578947368421053,0.49329475521263877,0.4604505373381096,1.7007385999321505,Medium,0.46045053733810976,Base
271:00,0.8795811518324612,0.0,0.6842105263157894,0.5212638927160835,0.4838109672085975,1.7389911258596766,Medium,0.4838109672085976,Base
271:30,0.821989528795811,0.0,0.6842105263157894,0.5020666850372001,0.47229264260126746,1.7389911258596766,Medium,0.4722926426012676,Base
272:00,0.821989528795811,0.0,0.6578947368421053,0.49329475521263877,0.4604505373381096,1.7007385999321505,Medium,0.46045053733810976,Base
272:30,0.821989528795811,0.0,0.6578947368421053,0.49329475521263877,0.4604505373381096,1.7007385999321505,Medium,0.46045053733810976,Base
273:00,0.821989528795811,0.0,0.6842105263157894,0.5020666850372001,0.47229264260126746,1.7389911258596766,Medium,0.4722926426012676,Base
273:30,0.821989528795811,0.0,0.6842105263157894,0.5020666850372001,0.47229264260126746,1.7389911258596766,Medium,0.4722926426012676,Base
274:00,0.821989528795811,0.0,0.7105263157894735,0.5108386148617615,0.48413474786442523,1.7781040166544995,Medium,0.4841347478644254,Base
274:30,0.821989528795811,0.4166666666666665,0.7105263157894735,0.6497275037506504,0.6299680811977585,2.2784133987355473,High,0.6299680811977586,Base
275:00,0.821989528795811,0.4166666666666665,0.7105263157894735,0.6497275037506504,0.6299680811977585,2.2784133987355473,High,0.6299680811977586,Base
275:30,0.821989528795811,0.4166666666666665,0.6315789473684212,0.6234117142769663,0.5944417654082851,2.1313419561782867,High,0.5944417654082852,Base
276:00,0.821989528795811,0.4166666666666665,0.47368421052631593,0.5707801353295978,0.5233891338293377,1.8650666265913018,Medium,0.5233891338293378,Base
276:30,0.821989528795811,0.4166666666666665,0.3157894736842106,0.5181485563822293,0.45233650225039024,1.6320579208518544,Medium,0.45233650225039035,Base
277:00,0.821989528795811,0.4166666666666665,0.21052631578947345,0.4830608370839837,0.4049680811977585,1.5650717749800898,Medium,0.4049680811977586,Base
277:30,0.821989528795811,0.4166666666666665,0.21052631578947345,0.4830608370839837,0.4049680811977585,1.5650717749800898,Medium,0.4049680811977586,Base
278:00,0.821989528795811,0.4166666666666665,0.21052631578947345,0.4830608370839837,0.4049680811977585,1.5650717749800898,Medium,0.4049680811977586,Base
278:30,0.821989528795811,0.4166666666666665,0.18421052631578938,0.4742889072594223,0.39312597593460075,1.5650717749800898,Medium,0.3931259759346008,Base
279:00,0.821989528795811,0.625,0.18421052631578938,0.5437333517038668,0.4660426426012675,1.7332530178673953,Medium,0.4660426426012675,Base
279:30,0.821989528795811,0.625,0.21052631578947345,0.5525052815284281,0.47788474786442525,1.7332530178673953,Medium,0.4778847478644253,Base
280:00,0.821989528795811,0.625,0.23684210526315752,0.5612772113529895,0.48972685312758313,1.7332530178673953,Medium,0.48972685312758313,Base
280:30,0.821989528795811,0.625,0.2631578947368425,0.5700491411775511,0.5015689583907413,1.7332530178673953,Medium,0.5015689583907413,Base
281:00,0.821989528795811,0.625,0.28947368421052655,0.5788210710021126,0.5134110636538992,1.7676792993514225,Medium,0.5134110636538992,Base
281:30,0.821989528795811,0.625,0.3157894736842106,0.5875930008266739,0.525253168917057,1.8074374363353716,Medium,0.5252531689170571,Base
282:00,0.821989528795811,0.625,0.3421052631578947,0.5963649306512352,0.5370952741802149,1.848089801959671,Medium,0.5370952741802149,Base
282:30,0.821989528795811,0.625,0.3421052631578947,0.5963649306512352,0.5370952741802149,1.848089801959671,Medium,0.5370952741802149,Base
283:00,0.821989528795811,0.625,0.36842105263157876,0.6051368604757966,0.5489373794433727,1.8896565089590183,Medium,0.5489373794433727,Base
283:30,0.821989528795811,0.4166666666666665,0.39473684210526283,0.5444643458559134,0.48786281803986375,1.7446766923544257,Medium,0.48786281803986387,Base
284:00,0.821989528795811,0.4166666666666665,0.3421052631578947,0.5269204862067908,0.4641786075135481,1.6687657005983134,Medium,0.4641786075135482,Base
284:30,0.821989528795811,0.4166666666666665,0.28947368421052655,0.509376626557668,0.4404943969872325,1.5961576008305272,Medium,0.44049439698723253,Base
285:00,0.821989528795811,0.4166666666666665,0.3157894736842106,0.5181485563822293,0.45233650225039024,1.6320579208518544,Medium,0.45233650225039035,Base
285:30,0.821989528795811,0.4166666666666665,0.3421052631578947,0.5269204862067908,0.4641786075135481,1.6687657005983134,Medium,0.4641786075135482,Base
286:00,0.821989528795811,0.4166666666666665,0.36842105263157876,0.5356924160313521,0.476020712776706,1.7062991012229893,Medium,0.47602071277670605,Base
286:30,0.821989528795811,0.4166666666666665,0.39473684210526283,0.5444643458559134,0.48786281803986375,1.7446766923544257,Medium,0.48786281803986387,Base
287:00,0.821989528795811,0.4166666666666665,0.39473684210526283,0.5444643458559134,0.48786281803986375,1.7446766923544257,Medium,0.48786281803986387,Base
287:30,0.821989528795811,0.4166666666666665,0.39473684210526283,0.5444643458559134,0.48786281803986375,1.7446766923544257,Medium,0.48786281803986387,Base
288:00,0.821989528795811,0.4166666666666665,0.39473684210526283,0.5444643458559134,0.48786281803986375,1.7446766923544257,Medium,0.48786281803986387,Base
288:30,0.821989528795811,0.375,0.4210526315789469,0.539347386791586,0.48512158996968835,1.7100431402903402,Medium,0.4851215899696884,Base
289:00,0.821989528795811,0.375,0.44736842105263186,0.5481193166161477,0.49696369523284656,1.7485049412771332,Medium,0.49696369523284667,Base
289:30,0.821989528795811,0.375,0.47368421052631593,0.556891246440709,0.5088058004960044,1.7878318140859706,Medium,0.5088058004960044,Base
290:00,0.821989528795811,0.375,0.5,0.5656631762652703,0.5206479057591622,1.8280432156647366,Medium,0.5206479057591623,Base
290:30,0.821989528795811,0.375,0.5,0.5656631762652703,0.5206479057591622,1.8280432156647366,Medium,0.5206479057591623,Base
291:00,0.821989528795811,0.375,0.5263157894736841,0.5744351060898317,0.5324900110223201,1.8691590405814196,Medium,0.5324900110223202,Base
291:30,0.821989528795811,0.375,0.5526315789473681,0.583207035914393,0.5443321162854778,1.9111996308669363,Medium,0.544332116285478,Base
292:00,0.821989528795811,0.375,0.5526315789473681,0.583207035914393,0.5443321162854778,1.9111996308669363,Medium,0.544332116285478,Base
292:30,0.821989528795811,0.375,0.5526315789473681,0.583207035914393,0.5443321162854778,1.9111996308669363,Medium,0.544332116285478,Base
293:00,0.821989528795811,0.3333333333333335,0.5789473684210522,0.5780900768500655,0.5415908882153024,1.8732604343323818,Medium,0.5415908882153025,Base
293:30,0.821989528795811,0.3333333333333335,0.5789473684210522,0.5780900768500655,0.5415908882153024,1.8732604343323818,Medium,0.5415908882153025,Base
294:00,0.821989528795811,0.3333333333333335,0.5526315789473681,0.5693181470255042,0.5297487829521446,1.8320543912032745,Medium,0.5297487829521447,Base
294:30,0.8795811518324612,0.3333333333333335,0.5,0.5709714950552649,0.517582897033159,1.7523415903176824,Medium,0.5175828970331591,Base
295:00,0.821989528795811,0.3333333333333335,0.5,0.5517742873763815,0.5060645724258289,1.7523415903176824,Medium,0.506064572425829,Base
295:30,0.8795811518324612,0.3333333333333335,0.5,0.5709714950552649,0.517582897033159,1.7523415903176824,Medium,0.5175828970331591,Base
296:00,0.821989528795811,0.3333333333333335,0.5,0.5517742873763815,0.5060645724258289,1.7523415903176824,Medium,0.506064572425829,Base
296:30,0.8795811518324612,0.3333333333333335,0.5789473684210522,0.597287284528949,0.5531092128226325,1.8732604343323818,Medium,0.5531092128226326,Base
297:00,0.821989528795811,0.3333333333333335,0.6578947368421053,0.6044058663237499,0.5771172040047763,2.0025231805398054,Medium,0.5771172040047764,Base
297:30,0.821989528795811,0.3333333333333335,0.6315789473684212,0.5956339364991886,0.5652750987416185,1.9584737493811482,Medium,0.5652750987416186,Base
298:00,0.821989528795811,0.4166666666666665,0.6052631578947372,0.6146397844524049,0.5825996601451272,2.0844589029948892,High,0.5825996601451273,Base
298:30,0.821989528795811,0.4166666666666665,0.5789473684210522,0.6058678546278432,0.570757554881969,2.0386071346644097,Medium,0.5707575548819691,Base
299:00,0.821989528795811,0.4166666666666665,0.6315789473684212,0.6234117142769663,0.5944417654082851,2.1313419561782867,High,0.5944417654082852,Base
299:30,0.821989528795811,0.4166666666666665,0.6578947368421053,0.6321836441015276,0.6062838706714428,2.179279489578415,High,0.606283870671443,Base
300:00,0.821989528795811,0.4166666666666665,0.6315789473684212,0.6234117142769663,0.5944417654082851,2.1313419561782867,High,0.5944417654082852,Base
300:30,0.7643979057591608,0.4166666666666665,0.6315789473684212,0.6042145065980828,0.582923440800955,2.0988162096821728,High,0.5829234408009552,Base
301:00,0.7643979057591608,0.4166666666666665,0.6578947368421053,0.6129864364226442,0.5947655460641128,2.146022183299272,High,0.5947655460641129,Base
301:30,0.7643979057591608,0.4166666666666665,0.6578947368421053,0.6129864364226442,0.5947655460641128,2.146022183299272,High,0.5947655460641129,Base
302:00,0.7643979057591608,0.4166666666666665,0.6842105263157894,0.6217583662472056,0.6066076513272707,2.194289900167095,High,0.6066076513272708,Base
302:30,0.7643979057591608,0.4166666666666665,0.6842105263157894,0.6217583662472056,0.6066076513272707,2.194289900167095,High,0.6066076513272708,Base
303:00,0.7643979057591608,0.25,0.6842105263157894,0.56620281069165,0.5482743179939374,1.8527774027869708,Medium,0.5482743179939374,Base
303:30,0.7643979057591608,0.25,0.6842105263157894,0.56620281069165,0.5482743179939374,1.8527774027869708,Medium,0.5482743179939374,Base
304:00,0.7068062827225177,0.25,0.7105263157894735,0.5557775328373303,0.5485980986497665,1.8542572635256953,Medium,0.5485980986497667,Base
304:30,0.7643979057591608,0.25,0.7105263157894735,0.5749747405162114,0.5601164232570952,1.89444954196278,Medium,0.5601164232570953,Base
305:00,0.7643979057591608,0.25,0.7368421052631575,0.5837466703407728,0.5719585285202531,1.9370589589685523,Medium,0.5719585285202532,Base
305:30,0.7643979057591608,0.25,0.7368421052631575,0.5837466703407728,0.5719585285202531,1.9370589589685523,Medium,0.5719585285202532,Base
306:00,0.7068062827225177,0.25,0.7368421052631575,0.5645494626618918,0.5604402039129244,1.8959626873057815,Medium,0.5604402039129246,Base
306:30,0.7068062827225177,0.25,0.7368421052631575,0.5645494626618918,0.5604402039129244,1.8959626873057815,Medium,0.5604402039129246,Base
307:00,0.7068062827225177,0.25,0.7631578947368425,0.5733213924864534,0.5722823091760827,1.938606137543627,Medium,0.5722823091760828,Base
307:30,0.7068062827225177,0.25,0.7631578947368425,0.5733213924864534,0.5722823091760827,1.938606137543627,Medium,0.5722823091760828,Base
308:00,0.7068062827225177,0.125,0.7894736842105265,0.5404266556443481,0.5403744144392405,1.8320814462065382,Medium,0.5403744144392406,Base
308:30,0.7068062827225177,0.125,0.7894736842105265,0.5404266556443481,0.5403744144392405,1.8320814462065382,Medium,0.5403744144392406,Base
309:00,0.7068062827225177,0.125,0.7894736842105265,0.5404266556443481,0.5403744144392405,1.8320814462065382,Medium,0.5403744144392406,Base
309:30,0.7068062827225177,0.125,0.8157894736842106,0.5491985854689094,0.5522165197023983,1.8462887997760904,Medium,0.5522165197023985,Base
310:00,0.7068062827225177,0.125,0.8157894736842106,0.5491985854689094,0.5522165197023983,1.8462887997760904,Medium,0.5522165197023985,Base
310:30,0.7068062827225177,0.125,0.8157894736842106,0.5491985854689094,0.5522165197023983,1.8462887997760904,Medium,0.5522165197023985,Base
311:00,0.7068062827225177,0.125,0.8421052631578947,0.5579705152934707,0.5640586249655561,1.8462887997760904,Medium,0.5640586249655564,Base
311:30,0.7068062827225177,0.125,0.8421052631578947,0.5579705152934707,0.5640586249655561,1.8462887997760904,Medium,0.5640586249655564,Base
312:00,0.7068062827225177,0.125,0.8421052631578947,0.5579705152934707,0.5640586249655561,1.8462887997760904,Medium,0.5640586249655564,Base
312:30,0.7068062827225177,0.4166666666666665,0.8684210526315788,0.6639646673402543,0.6779840635620473,2.3657834974468743,High,0.6779840635620474,Base
313:00,0.7068062827225177,0.4166666666666665,0.8684210526315788,0.6639646673402543,0.6779840635620473,2.3657834974468743,High,0.6779840635620474,Base
313:30,0.7068062827225177,0.4166666666666665,0.8947368421052628,0.6727365971648157,0.689826168825205,2.3657834974468743,High,0.6898261688252052,Base
314:00,0.7068062827225177,0.4166666666666665,0.8947368421052628,0.6727365971648157,0.689826168825205,2.3657834974468743,High,0.6898261688252052,Base
314:30,0.7068062827225177,0.4166666666666665,0.8947368421052628,0.6727365971648157,0.689826168825205,2.3657834974468743,High,0.6898261688252052,Base
315:00,0.7068062827225177,0.4166666666666665,0.8947368421052628,0.6727365971648157,0.689826168825205,2.3657834974468743,High,0.6898261688252052,Base
315:30,0.7068062827225177,0.4166666666666665,0.8947368421052628,0.6727365971648157,0.689826168825205,2.3657834974468743,High,0.6898261688252052,Base
316:00,0.7068062827225177,0.4166666666666665,0.9210526315789469,0.681508526989377,0.7016682740883629,2.3657834974468743,High,0.7016682740883631,Base
316:30,0.7068062827225177,0.4166666666666665,0.9210526315789469,0.681508526989377,0.7016682740883629,2.3657834974468743,High,0.7016682740883631,Base
317:00,0.7068062827225177,0.4166666666666665,0.9473684210526319,0.6902804568139387,0.7135103793515212,2.3657834974468743,High,0.7135103793515213,Base
317:30,0.7068062827225177,0.4166666666666665,0.9473684210526319,0.6902804568139387,0.7135103793515212,2.3657834974468743,High,0.7135103793515213,Base
318:00,0.7068062827225177,0.125,0.9473684210526319,0.5930582345917165,0.6114270460181879,1.8462887997760904,Medium,0.6114270460181881,Base
318:30,0.7068062827225177,0.125,0.9473684210526319,0.5930582345917165,0.6114270460181879,1.8462887997760904,Medium,0.6114270460181881,Base
319:00,0.7068062827225177,0.125,0.9736842105263159,0.6018301644162779,0.6232691512813457,1.8462887997760904,Medium,0.6232691512813459,Base
319:30,0.7068062827225177,0.125,0.9736842105263159,0.6018301644162779,0.6232691512813457,1.8462887997760904,Medium,0.6232691512813459,Base
320:00,0.7068062827225177,0.125,0.9736842105263159,0.6018301644162779,0.6232691512813457,1.8462887997760904,Medium,0.6232691512813459,Base
320:30,0.7068062827225177,0.125,0.9736842105263159,0.6018301644162779,0.6232691512813457,1.8462887997760904,Medium,0.6232691512813459,Base
321:00,0.7068062827225177,0.125,0.9736842105263159,0.6018301644162779,0.6232691512813457,1.8462887997760904,Medium,0.6232691512813459,Base
321:30,0.7068062827225177,0.125,0.9736842105263159,0.6018301644162779,0.6232691512813457,1.8462887997760904,Medium,0.6232691512813459,Base
322:00,0.7068062827225177,0.125,0.9736842105263159,0.6018301644162779,0.6232691512813457,1.8462887997760904,Medium,0.6232691512813459,Base
322:30,0.7068062827225177,0.5416666666666665,0.9736842105263159,0.7407190533051667,0.769102484614679,2.620008521093444,High,0.7691024846146791,Base
323:00,0.7068062827225177,0.5416666666666665,0.9736842105263159,0.7407190533051667,0.769102484614679,2.620008521093444,High,0.7691024846146791,Base
323:30,0.7068062827225177,0.5416666666666665,0.9736842105263159,0.7407190533051667,0.769102484614679,2.620008521093444,High,0.7691024846146791,Base
324:00,0.7068062827225177,0.5416666666666665,0.9210526315789469,0.7231751936560437,0.7454182740883628,2.620008521093444,High,0.745418274088363,Base
324:30,0.6492146596858674,0.5416666666666665,0.8157894736842106,0.6688902666789148,0.6865315284284015,2.5644229223985144,High,0.6865315284284017,Base
325:00,0.6492146596858674,0.5416666666666665,0.8947368421052628,0.6952060561525989,0.7220578442178751,2.5644229223985144,High,0.7220578442178751,Base
325:30,0.6492146596858674,0.5416666666666665,1.0,0.7302937754508446,0.7694262652705068,2.5644229223985144,High,0.7694262652705068,Base
326:00,0.7068062827225177,0.5416666666666665,0.9473684210526319,0.7319471234806053,0.7572603793515211,2.620008521093444,High,0.7572603793515214,Base
326:30,0.6492146596858674,0.5416666666666665,0.8421052631578947,0.6776621965034763,0.6983736336915594,2.5644229223985144,High,0.6983736336915596,Base
327:00,0.6492146596858674,0.5416666666666665,0.7631578947368425,0.6513464070297922,0.662847317902086,2.4887140204253484,High,0.662847317902086,Base
327:30,0.6492146596858674,0.04166666666666652,0.7631578947368425,0.4846797403631255,0.4878473179020859,1.7537671289097179,Medium,0.487847317902086,Base
328:00,0.6492146596858674,0.04166666666666652,0.7631578947368425,0.4846797403631255,0.4878473179020859,1.7537671289097179,Medium,0.487847317902086,Base
328:30,0.7068062827225177,0.04166666666666652,0.7631578947368425,0.5038769480420089,0.49936564250941595,1.7917812158142121,Medium,0.49936564250941606,Base
329:00,0.7068062827225177,0.04166666666666652,0.7894736842105265,0.5126488778665702,0.5112077477725738,1.8320814462065382,Medium,0.5112077477725739,Base
329:30,0.6492146596858674,0.04166666666666652,0.7894736842105265,0.4934516701876868,0.49968942316524373,1.7932123573370253,Medium,0.4996894231652439,Base
330:00,0.7068062827225177,0.04166666666666652,0.8157894736842106,0.5214208076911316,0.5230498530357316,1.8462887997760904,Medium,0.5230498530357317,Base
330:30,0.6492146596858674,0.04166666666666652,0.8157894736842106,0.5022236000122482,0.5115315284284015,1.8071182904158896,Medium,0.5115315284284017,Base
331:00,0.6492146596858674,0.04166666666666652,0.8421052631578947,0.5109955298368095,0.5233736336915594,1.8071182904158896,Medium,0.5233736336915595,Base
331:30,0.6492146596858674,0.04166666666666652,0.8421052631578947,0.5109955298368095,0.5233736336915594,1.8071182904158896,Medium,0.5233736336915595,Base
332:00,0.6492146596858674,0.04166666666666652,0.8421052631578947,0.5109955298368095,0.5233736336915594,1.8071182904158896,Medium,0.5233736336915595,Base
332:30,0.6492146596858674,0.04166666666666652,0.8421052631578947,0.5109955298368095,0.5233736336915594,1.8071182904158896,Medium,0.5233736336915595,Base
333:00,0.6492146596858674,0.16666666666666652,0.7631578947368425,0.5263464070297922,0.5315973179020859,1.7537671289097179,Medium,0.531597317902086,Base
333:30,0.6492146596858674,0.16666666666666652,0.7368421052631575,0.5175744772052305,0.5197552126389278,1.7151895757687836,Medium,0.5197552126389278,Base
334:00,0.6492146596858674,0.16666666666666652,0.7631578947368425,0.5263464070297922,0.5315973179020859,1.7537671289097179,Medium,0.531597317902086,Base
334:30,0.6492146596858674,0.16666666666666652,0.7631578947368425,0.5263464070297922,0.5315973179020859,1.7537671289097179,Medium,0.531597317902086,Base
335:00,0.6492146596858674,0.16666666666666652,0.7368421052631575,0.5175744772052305,0.5197552126389278,1.7151895757687836,Medium,0.5197552126389278,Base
335:30,0.6492146596858674,0.16666666666666652,0.7105263157894735,0.5088025473806691,0.5079131073757699,1.6774606116918198,Medium,0.5079131073757699,Base
336:00,0.6492146596858674,0.16666666666666652,0.6578947368421053,0.4912586877315464,0.4842288968494542,1.6044741957997728,Medium,0.48422889684945425,Base
336:30,0.6492146596858674,0.16666666666666652,0.5526315789473681,0.4561709684333007,0.43686047579682247,1.4678901220983325,Medium,0.4368604757968225,Base
337:00,0.6492146596858674,0.16666666666666652,0.5,0.438627108784178,0.41317626527050677,1.4040221312861707,Medium,0.4131762652705069,Base
337:30,0.6492146596858674,0.16666666666666652,0.5263157894736841,0.44739903860873936,0.4250183705336646,1.4356009953055962,Medium,0.42501837053366476,Base
338:00,0.6492146596858674,0.20833333333333348,0.5263157894736841,0.4612879274976283,0.43960170386699804,1.4889176049892214,Medium,0.43960170386699815,Base
338:30,0.6492146596858674,0.20833333333333348,0.5263157894736841,0.4612879274976283,0.43960170386699804,1.4889176049892214,Medium,0.43960170386699815,Base
339:00,0.7068062827225177,0.20833333333333348,0.5263157894736841,0.48048513517651176,0.4511200284743281,1.5211908995998225,Medium,0.4511200284743282,Base
339:30,0.6492146596858674,0.20833333333333348,0.5263157894736841,0.4612879274976283,0.43960170386699804,1.4889176049892214,Medium,0.43960170386699815,Base
340:00,0.6492146596858674,0.20833333333333348,0.5263157894736841,0.4612879274976283,0.43960170386699804,1.4889176049892214,Medium,0.43960170386699815,Base
340:30,0.7068062827225177,0.20833333333333348,0.5263157894736841,0.48048513517651176,0.4511200284743281,1.5211908995998225,Medium,0.4511200284743282,Base
341:00,0.7068062827225177,0.20833333333333348,0.5526315789473681,0.4892570650010731,0.4629621337374859,1.555405090028605,Medium,0.46296213373748607,Base
341:30,0.7068062827225177,0.20833333333333348,0.5526315789473681,0.4892570650010731,0.4629621337374859,1.555405090028605,Medium,0.46296213373748607,Base
342:00,0.7068062827225177,0.20833333333333348,0.5526315789473681,0.4892570650010731,0.4629621337374859,1.555405090028605,Medium,0.46296213373748607,Base
342:30,0.7068062827225177,0.20833333333333348,0.5526315789473681,0.4892570650010731,0.4629621337374859,1.555405090028605,Medium,0.46296213373748607,Base
343:00,0.7068062827225177,0.16666666666666652,0.5789473684210522,0.48414010593674545,0.46022090566731033,1.5334386267338045,Medium,0.46022090566731044,Base
343:30,0.7643979057591608,0.16666666666666652,0.5789473684210522,0.5033373136156265,0.47173923027463893,1.5666769445574478,Medium,0.47173923027463904,Base
344:00,0.7643979057591608,0.16666666666666652,0.5789473684210522,0.5033373136156265,0.47173923027463893,1.5666769445574478,Medium,0.47173923027463904,Base
344:30,0.7643979057591608,0.16666666666666652,0.5789473684210522,0.5033373136156265,0.47173923027463893,1.5666769445574478,Medium,0.47173923027463904,Base
345:00,0.7643979057591608,0.16666666666666652,0.6052631578947372,0.5121092434401882,0.48358133553779725,1.6019141940936992,Medium,0.48358133553779725,Base
345:30,0.7643979057591608,0.16666666666666652,0.6052631578947372,0.5121092434401882,0.48358133553779725,1.6019141940936992,Medium,0.48358133553779725,Base
346:00,0.7643979057591608,0.16666666666666652,0.6052631578947372,0.5121092434401882,0.48358133553779725,1.6019141940936992,Medium,0.48358133553779725,Base
346:30,0.821989528795811,0.16666666666666652,0.6315789473684212,0.5400783809436329,0.5069417654082851,1.663327513456543,Medium,0.5069417654082852,Base
347:00,0.821989528795811,0.16666666666666652,0.6315789473684212,0.5400783809436329,0.5069417654082851,1.663327513456543,Medium,0.5069417654082852,Base
347:30,0.821989528795811,0.16666666666666652,0.6315789473684212,0.5400783809436329,0.5069417654082851,1.663327513456543,Medium,0.5069417654082852,Base
348:00,0.8795811518324612,0.16666666666666652,0.6315789473684212,0.5592755886225164,0.5184600900156151,1.663327513456543,Medium,0.5184600900156152,Base
348:30,0.821989528795811,0.16666666666666652,0.6578947368421053,0.5488503107681942,0.5187838706714429,1.7007385999321505,Medium,0.518783870671443,Base
349:00,0.8795811518324612,0.16666666666666652,0.6578947368421053,0.5680475184470777,0.530302195278773,1.7007385999321505,Medium,0.5303021952787731,Base
349:30,0.8795811518324612,0.16666666666666652,0.6578947368421053,0.5680475184470777,0.530302195278773,1.7007385999321505,Medium,0.5303021952787731,Base
350:00,0.8795811518324612,0.16666666666666652,0.6578947368421053,0.5680475184470777,0.530302195278773,1.7007385999321505,Medium,0.5303021952787731,Base
350:30,0.9424083769633569,0.16666666666666652,0.6842105263157894,0.5977618566486043,0.5547097455681099,1.7389911258596766,Medium,0.5547097455681099,Base
351:00,0.9424083769633569,0.16666666666666652,0.6842105263157894,0.5977618566486043,0.5547097455681099,1.7389911258596766,Medium,0.5547097455681099,Base
351:30,0.9424083769633569,0.16666666666666652,0.6842105263157894,0.5977618566486043,0.5547097455681099,1.7389911258596766,Medium,0.5547097455681099,Base
352:00,0.0,0.0,0.957446808510638,0.31914893617021267,0.4308510638297871,1.568312185490169,Medium,0.43085106382978744,After_Lunch
352:30,0.0,0.0,0.9787234042553195,0.32624113475177313,0.44042553191489375,1.568312185490169,Medium,0.4404255319148941,After_Lunch
353:00,0.0,0.0,0.9787234042553195,0.32624113475177313,0.44042553191489375,1.568312185490169,Medium,0.4404255319148941,After_Lunch
353:30,0.0,0.0,0.957446808510638,0.31914893617021267,0.4308510638297871,1.568312185490169,Medium,0.43085106382978744,After_Lunch
354:00,0.053333333333334565,0.0,0.957446808510638,0.33692671394799084,0.44151773049645404,1.568312185490169,Medium,0.4415177304964544,After_Lunch
354:30,0.053333333333334565,0.0,0.957446808510638,0.33692671394799084,0.44151773049645404,1.568312185490169,Medium,0.4415177304964544,After_Lunch
355:00,0.053333333333334565,0.0,0.9787234042553195,0.34401891252955136,0.4510921985815607,1.568312185490169,Medium,0.451092198581561,After_Lunch
355:30,0.053333333333334565,0.0,1.0,0.35111111111111154,0.46066666666666695,1.568312185490169,Medium,0.4606666666666673,After_Lunch
356:00,0.10222222222222399,0.0,0.9787234042553195,0.36031520882584783,0.4608699763593386,1.568312185490169,Medium,0.4608699763593389,After_Lunch
356:30,0.10222222222222399,0.0,0.9361702127659575,0.34613081166272713,0.44172104018912567,1.568312185490169,Medium,0.441721040189126,After_Lunch
357:00,0.10222222222222399,0.2777777777777777,0.9361702127659575,0.4387234042553197,0.5389432624113478,1.7453488627713123,Medium,0.5389432624113482,After_Lunch
357:30,0.10222222222222399,0.2777777777777777,0.957446808510638,0.4458156028368799,0.5485177304964541,1.7453488627713123,Medium,0.5485177304964544,After_Lunch
358:00,0.10222222222222399,0.2777777777777777,0.9361702127659575,0.4387234042553197,0.5389432624113478,1.7453488627713123,Medium,0.5389432624113482,After_Lunch
358:30,0.15111111111111342,0.2777777777777777,0.9148936170212769,0.447927501970056,0.5391465721040195,1.7453488627713123,Medium,0.5391465721040196,After_Lunch
359:00,0.15111111111111342,0.2777777777777777,0.8936170212765955,0.4408353033884955,0.5295721040189129,1.7453488627713123,Medium,0.529572104018913,After_Lunch
359:30,0.15111111111111342,0.2777777777777777,0.9148936170212769,0.447927501970056,0.5391465721040195,1.7453488627713123,Medium,0.5391465721040196,After_Lunch
360:00,0.15111111111111342,0.2777777777777777,0.9148936170212769,0.447927501970056,0.5391465721040195,1.7453488627713123,Medium,0.5391465721040196,After_Lunch
360:30,0.15111111111111342,0.2777777777777777,0.8936170212765955,0.4408353033884955,0.5295721040189129,1.7453488627713123,Medium,0.529572104018913,After_Lunch
361:00,0.15111111111111342,0.2777777777777777,0.8723404255319149,0.43374310480693534,0.5199976359338067,1.7453488627713123,Medium,0.5199976359338068,After_Lunch
361:30,0.15111111111111342,0.2777777777777777,0.8723404255319149,0.43374310480693534,0.5199976359338067,1.7453488627713123,Medium,0.5199976359338068,After_Lunch
362:00,0.15111111111111342,0.2777777777777777,0.8723404255319149,0.43374310480693534,0.5199976359338067,1.7453488627713123,Medium,0.5199976359338068,After_Lunch
362:30,0.15111111111111342,0.2777777777777777,0.8723404255319149,0.43374310480693534,0.5199976359338067,1.7453488627713123,Medium,0.5199976359338068,After_Lunch
363:00,0.20000000000000284,0.2777777777777777,0.829787234042553,0.4358550039401112,0.5106264775413716,1.7453488627713123,Medium,0.5106264775413718,After_Lunch
363:30,0.20000000000000284,0.2777777777777777,0.7659574468085104,0.4145784081954303,0.4819030732860524,1.697834012830077,Medium,0.4819030732860527,After_Lunch
364:00,0.20000000000000284,0.2777777777777777,0.7234042553191493,0.4003940110323099,0.46275413711584,1.6378537973139573,Medium,0.4627541371158402,After_Lunch
364:30,0.20000000000000284,0.2777777777777777,0.7021276595744679,0.39330181245074947,0.45317966903073337,1.608663037672542,Medium,0.45317966903073353,After_Lunch
365:00,0.20000000000000284,0.2777777777777777,0.7021276595744679,0.39330181245074947,0.45317966903073337,1.608663037672542,Medium,0.45317966903073353,After_Lunch
365:30,0.2533333333333374,0.2777777777777777,0.7021276595744679,0.41107959022852764,0.46384633569740025,1.608663037672542,Medium,0.4638463356974004,After_Lunch
366:00,0.20000000000000284,0.3888888888888893,0.7021276595744679,0.43033884948778667,0.4920685579196224,1.8007175159436946,Medium,0.4920685579196225,After_Lunch
366:30,0.2533333333333374,0.3888888888888893,0.7234042553191493,0.45520882584712535,0.5123096926713959,1.833393291391392,Medium,0.5123096926713961,After_Lunch
367:00,0.2533333333333374,0.3888888888888893,0.7021276595744679,0.44811662726556484,0.5027352245862893,1.8007175159436946,Medium,0.5027352245862895,After_Lunch
367:30,0.2533333333333374,0.3888888888888893,0.7021276595744679,0.44811662726556484,0.5027352245862893,1.8007175159436946,Medium,0.5027352245862895,After_Lunch
368:00,0.2533333333333374,0.3888888888888893,0.7234042553191493,0.45520882584712535,0.5123096926713959,1.833393291391392,Medium,0.5123096926713961,After_Lunch
368:30,0.2533333333333374,0.3888888888888893,0.7234042553191493,0.45520882584712535,0.5123096926713959,1.833393291391392,Medium,0.5123096926713961,After_Lunch
369:00,0.30222222222222683,0.3888888888888893,0.7234042553191493,0.47150512214342183,0.5220874704491738,1.856513384056253,High,0.522087470449174,After_Lunch
369:30,0.30222222222222683,0.3888888888888893,0.7446808510638299,0.478597320724982,0.5316619385342801,1.8902016299448778,High,0.5316619385342802,After_Lunch
370:00,0.30222222222222683,0.3888888888888893,0.7659574468085104,0.4856895193065422,0.5412364066193863,1.9245011819090736,High,0.5412364066193864,After_Lunch
370:30,0.30222222222222683,0.22222222222222232,0.7659574468085104,0.4301339637509865,0.4829030732860528,1.6249777667054937,Medium,0.4829030732860531,After_Lunch
371:00,0.30222222222222683,0.22222222222222232,0.7872340425531918,0.437226162332547,0.49247754137115946,1.6544645730158898,Medium,0.49247754137115973,After_Lunch
371:30,0.30222222222222683,0.22222222222222232,0.7446808510638299,0.4230417651694263,0.4733286052009466,1.5960164909870302,Medium,0.47332860520094683,After_Lunch
372:00,0.30222222222222683,0.22222222222222232,0.6595744680851068,0.3946729708431853,0.43503073286052124,1.4852418541209074,Medium,0.43503073286052146,After_Lunch
372:30,0.35111111111110915,0.22222222222222232,0.6595744680851068,0.4109692671394794,0.44480851063829774,1.5125262717195718,Medium,0.4448085106382979,After_Lunch
373:00,0.35111111111110915,0.22222222222222232,0.6808510638297873,0.4180614657210396,0.45438297872340394,1.539972535986929,Medium,0.4543829787234042,After_Lunch
373:30,0.35111111111110915,0.22222222222222232,0.6808510638297873,0.4180614657210396,0.45438297872340394,1.539972535986929,Medium,0.4543829787234042,After_Lunch
374:00,0.4044444444444508,0.22222222222222232,0.7021276595744679,0.4429314420803803,0.4746241134751786,1.5993645900530018,Medium,0.47462411347517874,After_Lunch
374:30,0.35111111111110915,0.22222222222222232,0.7234042553191493,0.4322458628841603,0.4735319148936169,1.5963682196241895,Medium,0.47353191489361707,After_Lunch
375:00,0.4044444444444508,0.2777777777777777,0.7234042553191493,0.4685421591804593,0.5036430260047295,1.7228512339872806,Medium,0.5036430260047298,After_Lunch
375:30,0.4044444444444508,0.2777777777777777,0.7234042553191493,0.4685421591804593,0.5036430260047295,1.7228512339872806,Medium,0.5036430260047298,After_Lunch
376:00,0.4044444444444508,0.2777777777777777,0.7234042553191493,0.4685421591804593,0.5036430260047295,1.7228512339872806,Medium,0.5036430260047298,After_Lunch
376:30,0.4044444444444508,0.2777777777777777,0.7021276595744679,0.4614499605988988,0.49406855791962295,1.692145601804655,Medium,0.4940685579196231,After_Lunch
377:00,0.4044444444444508,0.2777777777777777,0.6595744680851068,0.44726556343577845,0.47491962174941044,1.632366343576863,Medium,0.47491962174941066,After_Lunch
377:30,0.45333333333333314,0.2777777777777777,0.6382978723404253,0.4564696611505121,0.47512293144208023,1.632726082960893,Medium,0.47512293144208045,After_Lunch
378:00,0.4044444444444508,0.2777777777777777,0.6595744680851068,0.44726556343577845,0.47491962174941044,1.632366343576863,Medium,0.47491962174941066,After_Lunch
378:30,0.45333333333333314,0.2777777777777777,0.6595744680851068,0.46356185973207253,0.4846973995271869,1.6623534900261645,Medium,0.4846973995271871,After_Lunch
379:00,0.45333333333333314,0.2777777777777777,0.6595744680851068,0.46356185973207253,0.4846973995271869,1.6623534900261645,Medium,0.4846973995271871,After_Lunch
379:30,0.45333333333333314,0.5555555555555554,0.5957446808510642,0.5348778565799842,0.55319621749409,2.0083831600198994,High,0.5531962174940899,After_Lunch
380:00,0.45333333333333314,0.5555555555555554,0.5106382978723403,0.5065090622537429,0.5148983451536642,1.8689874103546469,High,0.5148983451536642,After_Lunch
380:30,0.45333333333333314,0.5555555555555554,0.4680851063829792,0.49232466509062256,0.4957494089834516,1.8029607747572565,Medium,0.49574940898345177,After_Lunch
381:00,0.5022222222222226,0.5555555555555554,0.44680851063829774,0.5015287628053585,0.49595271867612284,1.8033581095841482,Medium,0.49595271867612295,After_Lunch
381:30,0.5022222222222226,0.5555555555555554,0.4680851063829792,0.508620961386919,0.5055271867612295,1.8360818011786484,Medium,0.5055271867612297,After_Lunch
382:00,0.5022222222222226,0.5555555555555554,0.40425531914893664,0.4873443656422382,0.4768037825059103,1.739649992507791,Medium,0.4768037825059105,After_Lunch
382:30,0.5022222222222226,0.5555555555555554,0.36170212765957466,0.4731599684791175,0.4576548463356975,1.6781925233531316,Medium,0.45765484633569753,After_Lunch
383:00,0.5022222222222226,0.5555555555555554,0.3829787234042552,0.4802521670606777,0.4672293144208037,1.7086449633197367,Medium,0.46722931442080384,After_Lunch
383:30,0.5022222222222226,0.7777777777777777,0.40425531914893664,0.5614184397163123,0.5545815602836882,1.739649992507791,Medium,0.5545815602836881,After_Lunch
384:00,0.5022222222222226,0.7777777777777777,0.40425531914893664,0.5614184397163123,0.5545815602836882,1.739649992507791,Medium,0.5545815602836881,After_Lunch
384:30,0.5022222222222226,0.7777777777777777,0.40425531914893664,0.5614184397163123,0.5545815602836882,1.739649992507791,Medium,0.5545815602836881,After_Lunch
385:00,0.5022222222222226,0.7777777777777777,0.40425531914893664,0.5614184397163123,0.5545815602836882,1.739649992507791,Medium,0.5545815602836881,After_Lunch
385:30,0.551111111111112,0.7777777777777777,0.4255319148936172,0.584806934594169,0.5739338061465723,1.8037555319753227,Medium,0.5739338061465724,After_Lunch
386:00,0.5022222222222226,0.7777777777777777,0.4255319148936172,0.5685106382978725,0.5641560283687944,1.7712176381876192,Medium,0.5641560283687945,After_Lunch
386:30,0.551111111111112,0.7777777777777777,0.44680851063829774,0.5918991331757292,0.5835082742316786,1.8364864351866892,Medium,0.5835082742316786,After_Lunch
387:00,0.5022222222222226,0.7777777777777777,0.44680851063829774,0.5756028368794327,0.5737304964539007,1.8033581095841482,Medium,0.5737304964539007,After_Lunch
387:30,0.551111111111112,0.7777777777777777,0.4680851063829792,0.5989913317572896,0.5930827423167853,1.8698112725571159,High,0.5930827423167853,After_Lunch
388:00,0.551111111111112,0.2777777777777777,0.4680851063829792,0.43232466509062295,0.4180827423167852,1.466372932698725,Medium,0.41808274231678544,After_Lunch
388:30,0.551111111111112,0.2777777777777777,0.4893617021276597,0.43941686367218313,0.4276572104018915,1.4929816996192444,Medium,0.42765721040189164,After_Lunch
389:00,0.551111111111112,0.2777777777777777,0.4680851063829792,0.43232466509062295,0.4180827423167852,1.466372932698725,Medium,0.41808274231678544,After_Lunch
389:30,0.551111111111112,0.2777777777777777,0.40425531914893664,0.4110480693459421,0.38935933806146605,1.3893583933708178,Low,0.3893593380614663,After_Lunch
390:00,0.551111111111112,0.2777777777777777,0.36170212765957466,0.3968636721828214,0.37021040189125315,1.340275847471878,Low,0.37021040189125337,After_Lunch
390:30,0.551111111111112,0.2777777777777777,0.36170212765957466,0.3968636721828214,0.37021040189125315,1.340275847471878,Low,0.37021040189125337,After_Lunch
391:00,0.551111111111112,0.2777777777777777,0.3829787234042552,0.4039558707643816,0.3797848699763594,1.3645964598067952,Low,0.37978486997635963,After_Lunch
391:30,0.6044444444444395,0.2777777777777777,0.3404255319148941,0.4075492513790371,0.37130260047281244,1.3427915345586277,Low,0.3713026004728126,After_Lunch
392:00,0.551111111111112,0.2777777777777777,0.2340425531914896,0.3543104806934598,0.3127635933806149,1.236344838045938,Low,0.3127635933806151,After_Lunch
392:30,0.6044444444444395,0.5555555555555554,0.1914893617021276,0.45049645390070747,0.4015035460992897,1.6081161374747543,Medium,0.40150354609928973,After_Lunch
393:00,0.6044444444444395,0.5555555555555554,0.17021276595744705,0.4434042553191473,0.3919290780141834,1.6081161374747543,Medium,0.39192907801418353,After_Lunch
393:30,0.6044444444444395,0.5555555555555554,0.17021276595744705,0.4434042553191473,0.3919290780141834,1.6081161374747543,Medium,0.39192907801418353,After_Lunch
394:00,0.6044444444444395,0.5555555555555554,0.17021276595744705,0.4434042553191473,0.3919290780141834,1.6081161374747543,Medium,0.39192907801418353,After_Lunch
394:30,0.6044444444444395,0.5555555555555554,0.21276595744680815,0.45758865248226765,0.41107801418439593,1.6081161374747543,Medium,0.411078014184396,After_Lunch
395:00,0.6044444444444395,0.5555555555555554,0.25531914893617014,0.4717730496453883,0.43022695035460884,1.6081161374747543,Medium,0.4302269503546089,After_Lunch
395:30,0.6044444444444395,0.5555555555555554,0.2978723404255321,0.485957446808509,0.4493758865248217,1.6517405666320941,Medium,0.4493758865248218,After_Lunch
396:00,0.6044444444444395,0.5555555555555554,0.2978723404255321,0.485957446808509,0.4493758865248217,1.6517405666320941,Medium,0.4493758865248218,After_Lunch
396:30,0.6044444444444395,0.5555555555555554,0.31914893617021267,0.4930496453900692,0.45895035460992795,1.681713010047149,Medium,0.45895035460992806,After_Lunch
397:00,0.6044444444444395,0.5555555555555554,0.31914893617021267,0.4930496453900692,0.45895035460992795,1.681713010047149,Medium,0.45895035460992806,After_Lunch
397:30,0.6044444444444395,0.5555555555555554,0.31914893617021267,0.4930496453900692,0.45895035460992795,1.681713010047149,Medium,0.45895035460992806,After_Lunch
398:00,0.6044444444444395,0.5555555555555554,0.3404255319148941,0.5001418439716296,0.4685248226950346,1.7122293326781164,Medium,0.4685248226950347,After_Lunch
398:30,0.6044444444444395,0.5555555555555554,0.36170212765957466,0.5072340425531898,0.47809929078014085,1.743299403743776,Medium,0.4780992907801409,After_Lunch
399:00,0.6044444444444395,0.5555555555555554,0.3829787234042552,0.51432624113475,0.48767375886524705,1.774933271549511,Medium,0.4876737588652472,After_Lunch
399:30,0.6044444444444395,0.5555555555555554,0.44680851063829774,0.5356028368794309,0.5163971631205663,1.8733208934175545,High,0.5163971631205664,After_Lunch
400:00,0.6044444444444395,0.5555555555555554,0.4893617021276597,0.5497872340425515,0.5355460992907791,1.9419242028840704,High,0.5355460992907792,After_Lunch
400:30,0.6044444444444395,0.5555555555555554,0.5106382978723403,0.5568794326241117,0.5451205673758854,1.9771623113758579,High,0.5451205673758854,After_Lunch
401:00,0.6044444444444395,0.44444444444444464,0.44680851063829774,0.49856579984239396,0.47750827423167747,1.73992127150573,Medium,0.47750827423167763,After_Lunch
401:30,0.6044444444444395,0.44444444444444464,0.31914893617021267,0.45601260835303226,0.4200614657210392,1.5619578306260642,Medium,0.42006146572103936,After_Lunch
402:00,0.6044444444444395,0.44444444444444464,0.25531914893617014,0.43473601260835143,0.3913380614657201,1.4936018086786467,Medium,0.3913380614657202,After_Lunch
402:30,0.6533333333333289,0.44444444444444464,0.25531914893617014,0.4510323089046479,0.40111583924349803,1.5210398015961268,Medium,0.4011158392434981,After_Lunch
403:00,0.6044444444444395,0.44444444444444464,0.25531914893617014,0.43473601260835143,0.3913380614657201,1.4936018086786467,Medium,0.3913380614657202,After_Lunch
403:30,0.6044444444444395,0.44444444444444464,0.2978723404255321,0.4489204097714721,0.41048699763593294,1.5341197319638977,Medium,0.4104869976359331,After_Lunch
404:00,0.6533333333333289,0.44444444444444464,0.3404255319148941,0.4794011032308892,0.4394137115839237,1.619515471409587,Medium,0.4394137115839239,After_Lunch
404:30,0.6044444444444395,0.44444444444444464,0.36170212765957466,0.4701970055161529,0.4392104018912521,1.619158642726441,Medium,0.43921040189125227,After_Lunch
405:00,0.6533333333333289,0.44444444444444464,0.3829787234042552,0.49358550039400956,0.45856264775413624,1.6788241149320695,Medium,0.45856264775413635,After_Lunch
405:30,0.6044444444444395,0.44444444444444464,0.44680851063829774,0.49856579984239396,0.47750827423167747,1.73992127150573,Medium,0.47750827423167763,After_Lunch
406:00,0.6533333333333289,0.0,0.4255319148936172,0.359621749408982,0.32215602836879353,1.3203978457542345,Low,0.3221560283687938,After_Lunch
406:30,0.6044444444444395,0.0,0.36170212765957466,0.3220488573680047,0.2836548463356965,1.2284823266319738,Low,0.28365484633569676,After_Lunch
407:00,0.6533333333333289,0.0,0.31914893617021267,0.32416075650118054,0.2742836879432615,1.2068535242677543,Low,0.2742836879432618,After_Lunch
407:30,0.6533333333333289,0.0,0.2978723404255321,0.31706855791962035,0.26470921985815526,1.1853442960282934,Low,0.2647092198581555,After_Lunch
408:00,0.6044444444444395,0.0,0.2978723404255321,0.3007722616233239,0.2549314420803774,1.1639619046108758,Low,0.2549314420803776,After_Lunch
408:30,0.6044444444444395,0.0,0.2765957446808516,0.2936800630417637,0.24535697399527112,1.1432171151522683,Low,0.2453569739952714,After_Lunch
409:00,0.6044444444444395,0.0,0.2765957446808516,0.2936800630417637,0.24535697399527112,1.1432171151522683,Low,0.2453569739952714,After_Lunch
409:30,0.6044444444444395,0.0,0.2978723404255321,0.3007722616233239,0.2549314420803774,1.1639619046108758,Low,0.2549314420803776,After_Lunch
410:00,0.6044444444444395,1.0,0.3404255319148941,0.6482899921197779,0.6240803782505903,1.7122293326781164,Medium,0.6240803782505902,After_Lunch
410:30,0.6044444444444395,1.0,0.3404255319148941,0.6482899921197779,0.6240803782505903,1.7122293326781164,Medium,0.6240803782505902,After_Lunch
411:00,0.6044444444444395,1.0,0.2978723404255321,0.6341055949566572,0.6049314420803774,1.6517405666320941,Medium,0.6049314420803773,After_Lunch
411:30,0.6044444444444395,1.0,0.2978723404255321,0.6341055949566572,0.6049314420803774,1.6517405666320941,Medium,0.6049314420803773,After_Lunch
412:00,0.6044444444444395,1.0,0.31914893617021267,0.6411977935382174,0.6145059101654836,1.681713010047149,Medium,0.6145059101654835,After_Lunch
412:30,0.6044444444444395,1.0,0.3404255319148941,0.6482899921197779,0.6240803782505903,1.7122293326781164,Medium,0.6240803782505902,After_Lunch
413:00,0.6044444444444395,1.0,0.36170212765957466,0.6553821907013381,0.6336548463356966,1.743299403743776,Medium,0.6336548463356964,After_Lunch
413:30,0.6044444444444395,1.0,0.3404255319148941,0.6482899921197779,0.6240803782505903,1.7122293326781164,Medium,0.6240803782505902,After_Lunch
414:00,0.6044444444444395,1.0,0.2978723404255321,0.6341055949566572,0.6049314420803774,1.6517405666320941,Medium,0.6049314420803773,After_Lunch
414:30,0.6044444444444395,0.5555555555555554,0.2978723404255321,0.485957446808509,0.4493758865248217,1.6517405666320941,Medium,0.4493758865248218,After_Lunch
415:00,0.6044444444444395,0.5555555555555554,0.2978723404255321,0.485957446808509,0.4493758865248217,1.6517405666320941,Medium,0.4493758865248218,After_Lunch
415:30,0.6044444444444395,0.5555555555555554,0.2978723404255321,0.485957446808509,0.4493758865248217,1.6517405666320941,Medium,0.4493758865248218,After_Lunch
416:00,0.6044444444444395,0.5555555555555554,0.2978723404255321,0.485957446808509,0.4493758865248217,1.6517405666320941,Medium,0.4493758865248218,After_Lunch
416:30,0.551111111111112,0.5555555555555554,0.2978723404255321,0.46817966903073316,0.4387092198581562,1.6192629654247315,Medium,0.4387092198581563,After_Lunch
417:00,0.551111111111112,0.5555555555555554,0.2765957446808516,0.461087470449173,0.42913475177305,1.5904035421370886,Medium,0.42913475177305005,After_Lunch
417:30,0.6044444444444395,0.5555555555555554,0.2765957446808516,0.4788652482269488,0.4398014184397155,1.622302309108985,Medium,0.43980141843971554,After_Lunch
418:00,0.551111111111112,0.5555555555555554,0.2978723404255321,0.46817966903073316,0.4387092198581562,1.6192629654247315,Medium,0.4387092198581563,After_Lunch
418:30,0.551111111111112,0.666666666666667,0.31914893617021267,0.5123089046493305,0.4871725768321515,1.6486460710926187,Medium,0.4871725768321516,After_Lunch
419:00,0.551111111111112,0.666666666666667,0.3404255319148941,0.5194011032308911,0.49674704491725813,1.678562361868254,Medium,0.49674704491725824,After_Lunch
419:30,0.551111111111112,0.666666666666667,0.3404255319148941,0.5194011032308911,0.49674704491725813,1.678562361868254,Medium,0.49674704491725824,After_Lunch
420:00,0.551111111111112,0.666666666666667,0.3404255319148941,0.5194011032308911,0.49674704491725813,1.678562361868254,Medium,0.49674704491725824,After_Lunch
420:30,0.551111111111112,0.666666666666667,0.3404255319148941,0.5194011032308911,0.49674704491725813,1.678562361868254,Medium,0.49674704491725824,After_Lunch
421:00,0.551111111111112,0.666666666666667,0.2978723404255321,0.5052167060677704,0.4775981087470453,1.6192629654247315,Medium,0.47759810874704534,After_Lunch
421:30,0.551111111111112,0.666666666666667,0.2765957446808516,0.4981245074862102,0.468023640661939,1.5904035421370886,Medium,0.4680236406619391,After_Lunch
422:00,0.551111111111112,0.666666666666667,0.2978723404255321,0.5052167060677704,0.4775981087470453,1.6192629654247315,Medium,0.47759810874704534,After_Lunch
422:30,0.551111111111112,0.9444444444444446,0.2978723404255321,0.5978092986603629,0.5748203309692675,1.6192629654247315,Medium,0.5748203309692674,After_Lunch
423:00,0.551111111111112,0.9444444444444446,0.2765957446808516,0.5907171000788027,0.5652458628841612,1.5904035421370886,Medium,0.5652458628841612,After_Lunch
423:30,0.551111111111112,0.9444444444444446,0.2765957446808516,0.5907171000788027,0.5652458628841612,1.5904035421370886,Medium,0.5652458628841612,After_Lunch
424:00,0.551111111111112,0.9444444444444446,0.2978723404255321,0.5978092986603629,0.5748203309692675,1.6192629654247315,Medium,0.5748203309692674,After_Lunch
424:30,0.551111111111112,0.9444444444444446,0.2978723404255321,0.5978092986603629,0.5748203309692675,1.6192629654247315,Medium,0.5748203309692674,After_Lunch
425:00,0.551111111111112,0.9444444444444446,0.2978723404255321,0.5978092986603629,0.5748203309692675,1.6192629654247315,Medium,0.5748203309692674,After_Lunch
425:30,0.551111111111112,0.9444444444444446,0.2978723404255321,0.5978092986603629,0.5748203309692675,1.6192629654247315,Medium,0.5748203309692674,After_Lunch
426:00,0.6044444444444395,0.9444444444444446,0.2978723404255321,0.6155870764381387,0.585486997635933,1.6517405666320941,Medium,0.5854869976359329,After_Lunch
426:30,0.551111111111112,0.9444444444444446,0.31914893617021267,0.6049014972419231,0.5843947990543737,1.6486460710926187,Medium,0.5843947990543736,After_Lunch
427:00,0.6044444444444395,0.5555555555555554,0.3404255319148941,0.5001418439716296,0.4685248226950346,1.7122293326781164,Medium,0.4685248226950347,After_Lunch
427:30,0.6044444444444395,0.5555555555555554,0.36170212765957466,0.5072340425531898,0.47809929078014085,1.743299403743776,Medium,0.4780992907801409,After_Lunch
428:00,0.6044444444444395,0.5555555555555554,0.36170212765957466,0.5072340425531898,0.47809929078014085,1.743299403743776,Medium,0.4780992907801409,After_Lunch
428:30,0.551111111111112,0.5555555555555554,0.3829787234042552,0.49654846335697417,0.47700709219858156,1.7400333749630852,Medium,0.47700709219858173,After_Lunch
429:00,0.6044444444444395,0.5555555555555554,0.36170212765957466,0.5072340425531898,0.47809929078014085,1.743299403743776,Medium,0.4780992907801409,After_Lunch
429:30,0.6044444444444395,0.5555555555555554,0.3404255319148941,0.5001418439716296,0.4685248226950346,1.7122293326781164,Medium,0.4685248226950347,After_Lunch
430:00,0.6044444444444395,0.5555555555555554,0.3404255319148941,0.5001418439716296,0.4685248226950346,1.7122293326781164,Medium,0.4685248226950347,After_Lunch
430:30,0.6044444444444395,0.5555555555555554,0.3404255319148941,0.5001418439716296,0.4685248226950346,1.7122293326781164,Medium,0.4685248226950347,After_Lunch
431:00,0.6044444444444395,0.5555555555555554,0.3404255319148941,0.5001418439716296,0.4685248226950346,1.7122293326781164,Medium,0.4685248226950347,After_Lunch
431:30,0.6044444444444395,0.3333333333333339,0.36170212765957466,0.43315996847911603,0.40032151300236335,1.44646822037328,Low,0.4003215130023635,After_Lunch
432:00,0.6044444444444395,0.3333333333333339,0.36170212765957466,0.43315996847911603,0.40032151300236335,1.44646822037328,Low,0.4003215130023635,After_Lunch
432:30,0.6533333333333289,0.3333333333333339,0.3404255319148941,0.4423640661938523,0.400524822695035,1.4467869917009732,Low,0.4005248226950352,After_Lunch
433:00,0.6044444444444395,0.3333333333333339,0.31914893617021267,0.41897557131599533,0.38117257683215044,1.3953681275847085,Low,0.38117257683215067,After_Lunch
433:30,0.6533333333333289,0.3333333333333339,0.2765957446808516,0.42108747044917144,0.37180141843971587,1.370801114447774,Low,0.37180141843971604,After_Lunch
434:00,0.6533333333333289,0.3333333333333339,0.21276595744680815,0.39981087470449034,0.3430780141843963,1.3588141871181625,Low,0.3430780141843965,After_Lunch
434:30,0.6533333333333289,0.3333333333333339,0.2340425531914896,0.4069030732860508,0.35265248226950296,1.3588141871181625,Low,0.35265248226950313,After_Lunch
435:00,0.6533333333333289,0.3333333333333339,0.2765957446808516,0.42108747044917144,0.37180141843971587,1.370801114447774,Low,0.37180141843971604,After_Lunch
435:30,0.6533333333333289,0.3333333333333339,0.2978723404255321,0.4281796690307316,0.3813758865248221,1.3956756375212465,Low,0.38137588652482224,After_Lunch
436:00,0.6533333333333289,0.2777777777777777,0.31914893617021267,0.4167533490937731,0.3715059101654837,1.3430874577142533,Low,0.37150591016548384,After_Lunch
436:30,0.6533333333333289,0.2777777777777777,0.31914893617021267,0.4167533490937731,0.3715059101654837,1.3430874577142533,Low,0.37150591016548384,After_Lunch
437:00,0.7022222222222183,0.2777777777777777,0.3404255319148941,0.44014184397163003,0.39085815602836826,1.3925797960579758,Low,0.3908581560283684,After_Lunch
437:30,0.7022222222222183,0.2777777777777777,0.3404255319148941,0.44014184397163003,0.39085815602836826,1.3925797960579758,Low,0.3908581560283684,After_Lunch
438:00,0.7022222222222183,0.2777777777777777,0.36170212765957466,0.4472340425531902,0.40043262411347447,1.4178495145485752,Low,0.40043262411347463,After_Lunch
438:30,0.7022222222222183,0.2777777777777777,0.3829787234042552,0.4543262411347504,0.41000709219858067,1.4435777767250746,Low,0.4100070921985809,After_Lunch
439:00,0.7022222222222183,0.2777777777777777,0.3829787234042552,0.4543262411347504,0.41000709219858067,1.4435777767250746,Low,0.4100070921985809,After_Lunch
439:30,0.7022222222222183,0.2777777777777777,0.40425531914893664,0.46141843971631086,0.4195815602836873,1.469772903309843,Medium,0.41958156028368754,After_Lunch
440:00,0.7022222222222183,0.2777777777777777,0.4680851063829792,0.48269503546099174,0.4483049645390065,1.551244958040387,Medium,0.4483049645390067,After_Lunch
440:30,0.7511111111111077,0.22222222222222232,0.5106382978723403,0.4946572104018901,0.4577872340425525,1.5478040378640343,Medium,0.4577872340425527,After_Lunch
441:00,0.7511111111111077,0.22222222222222232,0.5106382978723403,0.4946572104018901,0.4577872340425525,1.5478040378640343,Medium,0.4577872340425527,After_Lunch
441:30,0.7511111111111077,0.22222222222222232,0.4680851063829792,0.4804728132387697,0.43863829787234,1.4931240049124876,Medium,0.4386382978723402,After_Lunch
442:00,0.7511111111111077,0.22222222222222232,0.44680851063829774,0.47338061465720926,0.42906382978723334,1.4665127017462911,Medium,0.42906382978723356,After_Lunch
442:30,0.7511111111111077,0.22222222222222232,0.44680851063829774,0.47338061465720926,0.42906382978723334,1.4665127017462911,Medium,0.42906382978723356,After_Lunch
443:00,0.7511111111111077,0.22222222222222232,0.4255319148936172,0.4662884160756491,0.41948936170212714,1.440375680323523,Low,0.4194893617021273,After_Lunch
443:30,0.7511111111111077,0.22222222222222232,0.36170212765957466,0.44501182033096826,0.390765957446808,1.3647265279110596,Low,0.39076595744680814,After_Lunch
444:00,0.7999999999999972,0.22222222222222232,0.31914893617021267,0.44712371946414403,0.38139479905437296,1.340698994332843,Low,0.3813947990543732,After_Lunch
444:30,0.7511111111111077,0.22222222222222232,0.2978723404255321,0.4237352245862874,0.3620425531914888,1.293050501634299,Low,0.36204255319148904,After_Lunch
445:00,0.7999999999999972,0.6111111111111116,0.2765957446808516,0.5625689519306535,0.4983569739952717,1.7448366586553463,Medium,0.4983569739952718,After_Lunch
445:30,0.7999999999999972,0.6111111111111116,0.2765957446808516,0.5625689519306535,0.4983569739952717,1.7448366586553463,Medium,0.4983569739952718,After_Lunch
446:00,0.7999999999999972,0.6111111111111116,0.25531914893617014,0.555476753349093,0.48878250591016503,1.7295789892466298,Medium,0.48878250591016514,After_Lunch
446:30,0.7999999999999972,0.6111111111111116,0.25531914893617014,0.555476753349093,0.48878250591016503,1.7295789892466298,Medium,0.48878250591016514,After_Lunch
447:00,0.7999999999999972,0.6111111111111116,0.2340425531914896,0.5483845547675328,0.47920803782505883,1.7295789892466298,Medium,0.4792080378250589,After_Lunch
447:30,0.7999999999999972,0.6111111111111116,0.21276595744680815,0.5412923561859723,0.4696335697399522,1.7295789892466298,Medium,0.46963356973995224,After_Lunch
448:00,0.7999999999999972,0.6111111111111116,0.2340425531914896,0.5483845547675328,0.47920803782505883,1.7295789892466298,Medium,0.4792080378250589,After_Lunch
448:30,0.7999999999999972,0.6111111111111116,0.21276595744680815,0.5412923561859723,0.4696335697399522,1.7295789892466298,Medium,0.46963356973995224,After_Lunch
449:00,0.7999999999999972,0.6111111111111116,0.21276595744680815,0.5412923561859723,0.4696335697399522,1.7295789892466298,Medium,0.46963356973995224,After_Lunch
449:30,0.8533333333333317,0.5,0.2340425531914896,0.5291252955082738,0.4509858156028367,1.703215649175552,Medium,0.45098581560283674,After_Lunch
450:00,0.8533333333333317,0.5,0.2340425531914896,0.5291252955082738,0.4509858156028367,1.703215649175552,Medium,0.45098581560283674,After_Lunch
450:30,0.8533333333333317,0.5,0.21276595744680815,0.5220330969267133,0.44141134751773003,1.703215649175552,Medium,0.4414113475177301,After_Lunch
451:00,0.8533333333333317,0.5,0.1914893617021276,0.5149408983451531,0.4318368794326238,1.703215649175552,Medium,0.4318368794326239,After_Lunch
451:30,0.8533333333333317,0.5,0.21276595744680815,0.5220330969267133,0.44141134751773003,1.703215649175552,Medium,0.4414113475177301,After_Lunch
452:00,0.8533333333333317,0.5,0.2340425531914896,0.5291252955082738,0.4509858156028367,1.703215649175552,Medium,0.45098581560283674,After_Lunch
452:30,0.8533333333333317,0.5,0.2340425531914896,0.5291252955082738,0.4509858156028367,1.703215649175552,Medium,0.45098581560283674,After_Lunch
453:00,0.9022222222222211,0.5,0.2340425531914896,0.5454215918045703,0.46076359338061457,1.703215649175552,Medium,0.4607635933806146,After_Lunch
453:30,0.8533333333333317,0.5555555555555554,0.2340425531914896,0.5476438140267922,0.47043026004728106,1.7332530178673953,Medium,0.4704302600472811,After_Lunch
454:00,0.9022222222222211,0.5555555555555554,0.21276595744680815,0.5568479117415283,0.4706335697399523,1.7332530178673953,Medium,0.47063356973995235,After_Lunch
454:30,0.9022222222222211,0.5555555555555554,0.21276595744680815,0.5568479117415283,0.4706335697399523,1.7332530178673953,Medium,0.47063356973995235,After_Lunch
455:00,0.9022222222222211,0.5555555555555554,0.2340425531914896,0.5639401103230887,0.48020803782505894,1.7332530178673953,Medium,0.480208037825059,After_Lunch
455:30,0.9022222222222211,0.5555555555555554,0.2765957446808516,0.5781245074862094,0.49935697399527185,1.7485430981196997,Medium,0.49935697399527185,After_Lunch
456:00,0.9022222222222211,0.5555555555555554,0.2978723404255321,0.5852167060677695,0.5089314420803781,1.7802721178737144,Medium,0.5089314420803781,After_Lunch
456:30,0.9022222222222211,0.5555555555555554,0.2978723404255321,0.5852167060677695,0.5089314420803781,1.7802721178737144,Medium,0.5089314420803781,After_Lunch
457:00,0.9022222222222211,0.5555555555555554,0.25531914893617014,0.5710323089046488,0.4897825059101652,1.7332530178673953,Medium,0.4897825059101652,After_Lunch
457:30,0.9022222222222211,0.5555555555555554,0.21276595744680815,0.5568479117415283,0.4706335697399523,1.7332530178673953,Medium,0.47063356973995235,After_Lunch
458:00,0.9022222222222211,0.3888888888888893,0.17021276595744705,0.4871079590228525,0.39315130023640665,1.5215601757382073,Medium,0.3931513002364068,After_Lunch
458:30,0.9022222222222211,0.3888888888888893,0.12765957446808507,0.47292356185973183,0.37400236406619375,1.5215601757382073,Medium,0.37400236406619386,After_Lunch
459:00,0.9511111111111106,0.3888888888888893,0.12765957446808507,0.4892198581560283,0.38378014184397163,1.5215601757382073,Medium,0.38378014184397174,After_Lunch
459:30,0.9022222222222211,0.3888888888888893,0.14893617021276562,0.480015760441292,0.3835768321513,1.5215601757382073,Medium,0.3835768321513002,After_Lunch
460:00,0.9511111111111106,0.3888888888888893,0.14893617021276562,0.4963120567375885,0.3933546099290779,1.5215601757382073,Medium,0.39335460992907806,After_Lunch
460:30,0.9511111111111106,0.3888888888888893,0.17021276595744705,0.503404255319149,0.40292907801418454,1.5215601757382073,Medium,0.4029290780141847,After_Lunch
461:00,0.9511111111111106,0.3888888888888893,0.1914893617021276,0.5104964539007092,0.4125035460992908,1.5215601757382073,Medium,0.4125035460992909,After_Lunch
461:30,0.9511111111111106,0.3888888888888893,0.1914893617021276,0.5104964539007092,0.4125035460992908,1.5215601757382073,Medium,0.4125035460992909,After_Lunch
462:00,0.9511111111111106,0.3888888888888893,0.1914893617021276,0.5104964539007092,0.4125035460992908,1.5215601757382073,Medium,0.4125035460992909,After_Lunch
462:30,0.9511111111111106,0.7222222222222223,0.1914893617021276,0.6216075650118201,0.5291702127659574,1.7332530178673953,Medium,0.5291702127659574,After_Lunch
463:00,0.9511111111111106,0.7222222222222223,0.1914893617021276,0.6216075650118201,0.5291702127659574,1.7332530178673953,Medium,0.5291702127659574,After_Lunch
463:30,0.9511111111111106,0.7222222222222223,0.17021276595744705,0.61451536643026,0.5195957446808511,1.7332530178673953,Medium,0.519595744680851,After_Lunch
464:00,0.9511111111111106,0.7222222222222223,0.17021276595744705,0.61451536643026,0.5195957446808511,1.7332530178673953,Medium,0.519595744680851,After_Lunch
464:30,0.9511111111111106,0.7222222222222223,0.21276595744680815,0.6286997635933803,0.5387446808510636,1.7332530178673953,Medium,0.5387446808510636,After_Lunch
465:00,0.9511111111111106,0.7222222222222223,0.2340425531914896,0.6357919621749408,0.5483191489361703,1.7332530178673953,Medium,0.5483191489361703,After_Lunch
465:30,0.9511111111111106,0.7222222222222223,0.2340425531914896,0.6357919621749408,0.5483191489361703,1.7332530178673953,Medium,0.5483191489361703,After_Lunch
466:00,0.9511111111111106,0.7222222222222223,0.2340425531914896,0.6357919621749408,0.5483191489361703,1.7332530178673953,Medium,0.5483191489361703,After_Lunch
466:30,0.9511111111111106,0.7222222222222223,0.2340425531914896,0.6357919621749408,0.5483191489361703,1.7332530178673953,Medium,0.5483191489361703,After_Lunch
467:00,0.9511111111111106,0.44444444444444464,0.2340425531914896,0.5431993695823483,0.4510969267139481,1.6098276623538363,Medium,0.45109692671394813,After_Lunch
467:30,0.9511111111111106,0.44444444444444464,0.21276595744680815,0.5361071710007878,0.44152245862884143,1.6098276623538363,Medium,0.4415224586288415,After_Lunch
468:00,0.9511111111111106,0.44444444444444464,0.1914893617021276,0.5290149724192276,0.43194799054373517,1.6098276623538363,Medium,0.4319479905437353,After_Lunch
468:30,0.9511111111111106,0.44444444444444464,0.1914893617021276,0.5290149724192276,0.43194799054373517,1.6098276623538363,Medium,0.4319479905437353,After_Lunch
469:00,0.9511111111111106,0.44444444444444464,0.14893617021276562,0.514830575256107,0.41279905437352227,1.6098276623538363,Medium,0.41279905437352243,After_Lunch
469:30,1.0,0.44444444444444464,0.06382978723404253,0.5027580772261624,0.3842789598108748,1.6098276623538363,Medium,0.38427895981087484,After_Lunch
470:00,0.9511111111111106,0.44444444444444464,0.02127659574468055,0.4722773837667453,0.355352245862884,1.6098276623538363,Medium,0.3553522458628841,After_Lunch
470:30,0.9511111111111106,0.44444444444444464,0.0,0.4651851851851851,0.34577777777777774,1.6098276623538363,Medium,0.34577777777777785,After_Lunch
471:00,0.9511111111111106,0.44444444444444464,0.0,0.4651851851851851,0.34577777777777774,1.6098276623538363,Medium,0.34577777777777785,After_Lunch
471:30,0.9511111111111106,0.3333333333333339,0.06382978723404253,0.449424743892829,0.33561229314420815,1.4381324302797456,Low,0.33561229314420826,After_Lunch
472:00,0.9511111111111106,0.3333333333333339,0.12765957446808507,0.4707013396375099,0.36433569739952726,1.4381324302797456,Low,0.3643356973995274,After_Lunch
472:30,0.9511111111111106,0.3333333333333339,0.14893617021276562,0.47779353821907006,0.3739101654846335,1.4381324302797456,Low,0.3739101654846337,After_Lunch
473:00,0.9511111111111106,0.3333333333333339,0.21276595744680815,0.4990701339637509,0.4026335697399527,1.4381324302797456,Low,0.40263356973995285,After_Lunch
473:30,0.9511111111111106,0.3333333333333339,0.2765957446808516,0.520346729708432,0.4313569739952722,1.450819072129344,Low,0.43135697399527234,After_Lunch
474:00,0.9511111111111106,0.3333333333333339,0.3404255319148941,0.5416233254531129,0.46008037825059134,1.5312404832075157,Medium,0.4600803782505915,After_Lunch
474:30,0.9511111111111106,0.3333333333333339,0.3404255319148941,0.5416233254531129,0.46008037825059134,1.5312404832075157,Medium,0.4600803782505915,After_Lunch
475:00,0.9511111111111106,0.3333333333333339,0.31914893617021267,0.5345311268715524,0.4505059101654847,1.5039498465390786,Medium,0.45050591016548486,After_Lunch
475:30,0.9511111111111106,0.3333333333333339,0.2978723404255321,0.5274389282899922,0.44093144208037843,1.477145599081179,Medium,0.44093144208037854,After_Lunch
476:00,0.9511111111111106,0.16666666666666696,0.31914893617021267,0.4789755713159967,0.39217257683215123,1.2773013472341177,Low,0.3921725768321515,After_Lunch
476:30,0.9511111111111106,0.16666666666666696,0.3404255319148941,0.48606776989755723,0.4017470449172579,1.3004792258473494,Low,0.40174704491725816,After_Lunch
477:00,0.9511111111111106,0.16666666666666696,0.4255319148936172,0.5144365642237982,0.4400449172576833,1.3974736066584421,Low,0.4400449172576835,After_Lunch
477:30,0.9022222222222211,0.16666666666666696,0.5106382978723403,0.5265090622537428,0.4685650118203308,1.501702174469175,Medium,0.468565011820331,After_Lunch
478:00,0.9022222222222211,0.16666666666666696,0.5106382978723403,0.5265090622537428,0.4685650118203308,1.501702174469175,Medium,0.468565011820331,After_Lunch
478:30,0.9022222222222211,0.16666666666666696,0.5319148936170217,0.5336012608353032,0.4781394799054374,1.5289520249358977,Medium,0.47813947990543765,After_Lunch
479:00,0.9022222222222211,0.16666666666666696,0.5319148936170217,0.5336012608353032,0.4781394799054374,1.5289520249358977,Medium,0.47813947990543765,After_Lunch
479:30,0.9022222222222211,0.16666666666666696,0.5106382978723403,0.5265090622537428,0.4685650118203308,1.501702174469175,Medium,0.468565011820331,After_Lunch
480:00,0.9022222222222211,0.16666666666666696,0.5106382978723403,0.5265090622537428,0.4685650118203308,1.501702174469175,Medium,0.468565011820331,After_Lunch
480:30,0.9022222222222211,0.6111111111111116,0.5106382978723403,0.674657210401891,0.6241205673758865,2.131016823441136,High,0.6241205673758865,After_Lunch
481:00,0.9022222222222211,0.6111111111111116,0.4893617021276597,0.6675650118203308,0.6145460992907801,2.0930366325432086,High,0.6145460992907803,After_Lunch
481:30,0.9022222222222211,0.6111111111111116,0.4893617021276597,0.6675650118203308,0.6145460992907801,2.0930366325432086,High,0.6145460992907803,After_Lunch
482:00,0.9022222222222211,0.6111111111111116,0.4893617021276597,0.6675650118203308,0.6145460992907801,2.0930366325432086,High,0.6145460992907803,After_Lunch
482:30,0.9022222222222211,0.6111111111111116,0.4893617021276597,0.6675650118203308,0.6145460992907801,2.0930366325432086,High,0.6145460992907803,After_Lunch
483:00,0.8533333333333317,0.6111111111111116,0.4893617021276597,0.6512687155240343,0.6047683215130022,2.0930366325432086,High,0.6047683215130024,After_Lunch
483:30,0.8533333333333317,0.6111111111111116,0.5319148936170217,0.665453112687155,0.6239172576832153,2.169686201942481,High,0.6239172576832153,After_Lunch
484:00,0.8533333333333317,0.6111111111111116,0.5319148936170217,0.665453112687155,0.6239172576832153,2.169686201942481,High,0.6239172576832153,After_Lunch
484:30,0.8533333333333317,0.833333333333333,0.5531914893617023,0.746619385342789,0.711269503546099,2.2090572740284222,High,0.711269503546099,After_Lunch
485:00,0.8533333333333317,0.833333333333333,0.5531914893617023,0.746619385342789,0.711269503546099,2.2090572740284222,High,0.711269503546099,After_Lunch
485:30,0.8533333333333317,0.833333333333333,0.5531914893617023,0.746619385342789,0.711269503546099,2.2090572740284222,High,0.711269503546099,After_Lunch
486:00,0.7999999999999972,0.833333333333333,0.5531914893617023,0.7288416075650108,0.700602836879432,2.204374668796512,High,0.7006028368794319,After_Lunch
486:30,0.8533333333333317,0.833333333333333,0.5319148936170217,0.7395271867612289,0.7016950354609925,2.169686201942481,High,0.7016950354609925,After_Lunch
487:00,0.7999999999999972,0.833333333333333,0.4680851063829792,0.7004728132387698,0.6623049645390067,2.0513757462717215,High,0.6623049645390067,After_Lunch
487:30,0.7999999999999972,0.833333333333333,0.44680851063829774,0.6933806146572093,0.6527304964539,2.014814963836897,High,0.6527304964538998,After_Lunch
488:00,0.7999999999999972,0.833333333333333,0.4680851063829792,0.7004728132387698,0.6623049645390067,2.0513757462717215,High,0.6623049645390067,After_Lunch
488:30,0.7999999999999972,0.833333333333333,0.4893617021276597,0.7075650118203299,0.6718794326241129,2.0885999597591414,High,0.6718794326241129,After_Lunch
489:00,0.7999999999999972,0.3333333333333339,0.4893617021276597,0.5408983451536636,0.49687943262411316,1.7329745311543392,Medium,0.4968794326241134,After_Lunch
489:30,0.7999999999999972,0.3333333333333339,0.5106382978723403,0.5479905437352238,0.5064539007092195,1.7644210440777723,Medium,0.5064539007092195,After_Lunch
490:00,0.7999999999999972,0.3333333333333339,0.5319148936170217,0.5550827423167842,0.5160283687943261,1.79643818464591,Medium,0.5160283687943261,After_Lunch
490:30,0.7999999999999972,0.3333333333333339,0.5531914893617023,0.5621749408983444,0.5256028368794323,1.8290363074538585,Medium,0.5256028368794325,After_Lunch
491:00,0.7511111111111077,0.3333333333333339,0.5319148936170217,0.5387864460204878,0.5062505910165482,1.764032288274703,Medium,0.5062505910165482,After_Lunch
491:30,0.7511111111111077,0.3333333333333339,0.4893617021276597,0.5246020488573672,0.4871016548463353,1.701713453789967,Medium,0.4871016548463355,After_Lunch
492:00,0.7511111111111077,0.3333333333333339,0.4893617021276597,0.5246020488573672,0.4871016548463353,1.701713453789967,Medium,0.4871016548463355,After_Lunch
492:30,0.7511111111111077,0.3333333333333339,0.4893617021276597,0.5246020488573672,0.4871016548463353,1.701713453789967,Medium,0.4871016548463355,After_Lunch
493:00,0.7511111111111077,0.3333333333333339,0.5106382978723403,0.5316942474389273,0.4966761229314416,1.7325927039777587,Medium,0.4966761229314417,After_Lunch
493:30,0.7511111111111077,0.3888888888888893,0.5106382978723403,0.5502127659574457,0.516120567375886,1.8331024345472358,Medium,0.516120567375886,After_Lunch
494:00,0.7511111111111077,0.3888888888888893,0.4893617021276597,0.5431205673758855,0.5065460992907797,1.8004318429152388,Medium,0.5065460992907798,After_Lunch
494:30,0.7511111111111077,0.3888888888888893,0.4680851063829792,0.5360283687943254,0.49697163120567345,1.7683435251035529,Medium,0.49697163120567356,After_Lunch
495:00,0.7511111111111077,0.3888888888888893,0.40425531914893664,0.5147517730496446,0.4682482269503543,1.6754693599287394,Medium,0.4682482269503544,After_Lunch
495:30,0.7511111111111077,0.3888888888888893,0.31914893617021267,0.48638297872340325,0.4299503546099285,1.5591801417567879,Medium,0.42995035460992864,After_Lunch
496:00,0.7511111111111077,0.3888888888888893,0.25531914893617014,0.46510638297872237,0.4012269503546094,1.4909456799165568,Medium,0.4012269503546095,After_Lunch
496:30,0.7511111111111077,0.3888888888888893,0.25531914893617014,0.46510638297872237,0.4012269503546094,1.4909456799165568,Medium,0.4012269503546095,After_Lunch
497:00,0.7511111111111077,0.3888888888888893,0.2765957446808516,0.4721985815602829,0.41080141843971607,1.504098219599309,Medium,0.4108014184397161,After_Lunch
497:30,0.7511111111111077,0.3888888888888893,0.2978723404255321,0.47929078014184306,0.4203758865248223,1.5313915486416212,Medium,0.4203758865248224,After_Lunch
498:00,0.16296296296296475,0.13333333333333286,1.0,0.4320987654320992,0.5292592592592594,1.568312185490169,Medium,0.5292592592592595,Stress_Induced
498:30,0.16296296296296475,0.13333333333333286,0.8809523809523805,0.39241622574955937,0.4756878306878307,1.568312185490169,Medium,0.47568783068783077,Stress_Induced
499:00,0.16296296296296475,0.13333333333333286,0.7619047619047619,0.3527336860670198,0.42211640211640233,1.5204000343220547,Medium,0.4221164021164023,Stress_Induced
499:30,0.24444444444444713,0.13333333333333286,0.6904761904761898,0.3560846560846566,0.40626984126984134,1.4313255413226222,Low,0.4062698412698414,Stress_Induced
500:00,0.24444444444444713,0.13333333333333286,0.6428571428571423,0.3402116402116408,0.38484126984127,1.3748609852166467,Low,0.38484126984127004,Stress_Induced
500:30,0.24444444444444713,0.13333333333333286,0.6190476190476186,0.3322751322751329,0.3741269841269843,1.347469586289512,Low,0.37412698412698436,Stress_Induced
501:00,0.24444444444444713,0.13333333333333286,0.6190476190476186,0.3322751322751329,0.3741269841269843,1.347469586289512,Low,0.37412698412698436,Stress_Induced
501:30,0.3333333333333428,0.13333333333333286,0.6428571428571423,0.3698412698412727,0.4026190476190491,1.4084199399112314,Low,0.4026190476190492,Stress_Induced
502:00,0.3333333333333428,0.13333333333333286,0.6666666666666661,0.3777777777777806,0.4133333333333348,1.4370503393084246,Low,0.4133333333333349,Stress_Induced
502:30,0.3333333333333428,0.13333333333333286,0.6666666666666661,0.3777777777777806,0.4133333333333348,1.4370503393084246,Low,0.4133333333333349,Stress_Induced
503:00,0.3333333333333428,0.33333333333333304,0.6666666666666661,0.4444444444444473,0.48333333333333484,1.692045218578867,Medium,0.48333333333333495,Stress_Induced
503:30,0.3333333333333428,0.33333333333333304,0.6904761904761898,0.4523809523809552,0.4940476190476205,1.7264411604661123,Medium,0.4940476190476206,Stress_Induced
504:00,0.3333333333333428,0.33333333333333304,0.6904761904761898,0.4523809523809552,0.4940476190476205,1.7264411604661123,Medium,0.4940476190476206,Stress_Induced
504:30,0.3333333333333428,0.33333333333333304,0.7142857142857135,0.4603174603174631,0.5047619047619062,1.7615363040090346,Medium,0.5047619047619063,Stress_Induced
505:00,0.3333333333333428,0.33333333333333304,0.7380952380952381,0.4682539682539713,0.5154761904761923,1.797344862598183,Medium,0.5154761904761922,Stress_Induced
505:30,0.4148148148148252,0.33333333333333304,0.7380952380952381,0.4954144620811321,0.5317724867724888,1.8527109179349763,High,0.5317724867724887,Stress_Induced
506:00,0.3333333333333428,0.33333333333333304,0.7619047619047619,0.4761904761904792,0.526190476190478,1.8338813385542978,Medium,0.5261904761904779,Stress_Induced
506:30,0.4148148148148252,0.33333333333333304,0.8809523809523805,0.5430335097001796,0.5960582010582028,1.949943929592565,High,0.596058201058203,Stress_Induced
507:00,0.4148148148148252,0.6666666666666661,0.833333333333333,0.6382716049382747,0.691296296296298,2.350093864430201,High,0.6912962962962981,Stress_Induced
507:30,0.3333333333333428,0.6666666666666661,0.6428571428571423,0.5476190476190504,0.5892857142857157,1.9986430315196937,High,0.5892857142857157,Stress_Induced
508:00,0.4148148148148252,0.6666666666666661,0.6190476190476186,0.5668430335097033,0.5948677248677265,2.019164319797434,High,0.5948677248677265,Stress_Induced
508:30,0.4148148148148252,0.6666666666666661,0.5714285714285712,0.5509700176366875,0.5734391534391552,1.939510031705129,High,0.5734391534391552,Stress_Induced
509:00,0.3333333333333428,0.6666666666666661,0.5476190476190474,0.5158730158730188,0.546428571428573,1.8440639064438267,Medium,0.546428571428573,Stress_Induced
509:30,0.3333333333333428,0.6666666666666661,0.5238095238095237,0.5079365079365109,0.5357142857142874,1.8073245628653387,Medium,0.5357142857142874,Stress_Induced
510:00,0.4148148148148252,0.6666666666666661,0.5,0.5271604938271638,0.5412962962962982,1.8258814676157575,Medium,0.5412962962962982,Stress_Induced
510:30,0.3333333333333428,0.6666666666666661,0.5238095238095237,0.5079365079365109,0.5357142857142874,1.8073245628653387,Medium,0.5357142857142874,Stress_Induced
511:00,0.3333333333333428,0.7999999999999998,0.5238095238095237,0.5523809523809554,0.5823809523809541,1.8073245628653387,Medium,0.5823809523809542,Stress_Induced
511:30,0.3333333333333428,0.7999999999999998,0.5238095238095237,0.5523809523809554,0.5823809523809541,1.8073245628653387,Medium,0.5823809523809542,Stress_Induced
512:00,0.3333333333333428,0.7999999999999998,0.4761904761904763,0.5365079365079396,0.5609523809523828,1.7360271701790333,Medium,0.5609523809523829,Stress_Induced
512:30,0.3333333333333428,0.7999999999999998,0.45238095238095166,0.5285714285714315,0.5502380952380967,1.701440245916849,Medium,0.5502380952380967,Stress_Induced
513:00,0.3333333333333428,0.7999999999999998,0.4761904761904763,0.5365079365079396,0.5609523809523828,1.7360271701790333,Medium,0.5609523809523829,Stress_Induced
513:30,0.3333333333333428,0.7999999999999998,0.5,0.5444444444444475,0.5716666666666684,1.77131717839188,Medium,0.5716666666666685,Stress_Induced
514:00,0.3333333333333428,0.7999999999999998,0.5,0.5444444444444475,0.5716666666666684,1.77131717839188,Medium,0.5716666666666685,Stress_Induced
514:30,0.3333333333333428,0.7999999999999998,0.5,0.5444444444444475,0.5716666666666684,1.77131717839188,Medium,0.5716666666666685,Stress_Induced
515:00,0.3333333333333428,0.7999999999999998,0.5476190476190474,0.5603174603174633,0.5930952380952398,1.8440639064438267,Medium,0.5930952380952399,Stress_Induced
515:30,0.24444444444444713,0.5999999999999996,0.5714285714285712,0.47195767195767263,0.5160317460317463,1.8367176826905371,Medium,0.5160317460317463,Stress_Induced
516:00,0.24444444444444713,0.5999999999999996,0.5714285714285712,0.47195767195767263,0.5160317460317463,1.8367176826905371,Medium,0.5160317460317463,Stress_Induced
516:30,0.24444444444444713,0.5999999999999996,0.5714285714285712,0.47195767195767263,0.5160317460317463,1.8367176826905371,Medium,0.5160317460317463,Stress_Induced
517:00,0.24444444444444713,0.5999999999999996,0.5714285714285712,0.47195767195767263,0.5160317460317463,1.8367176826905371,Medium,0.5160317460317463,Stress_Induced
517:30,0.24444444444444713,0.5999999999999996,0.5714285714285712,0.47195767195767263,0.5160317460317463,1.8367176826905371,Medium,0.5160317460317463,Stress_Induced
518:00,0.24444444444444713,0.5999999999999996,0.5714285714285712,0.47195767195767263,0.5160317460317463,1.8367176826905371,Medium,0.5160317460317463,Stress_Induced
518:30,0.24444444444444713,0.5999999999999996,0.5476190476190474,0.4640211640211647,0.5053174603174606,1.8001246981604166,Medium,0.5053174603174606,Stress_Induced
519:00,0.16296296296296475,0.5999999999999996,0.5,0.4209876543209881,0.4675925925925928,1.7291113339168727,Medium,0.46759259259259284,Stress_Induced
519:30,0.16296296296296475,1.0,0.42857142857142794,0.5305114638447975,0.5754497354497355,1.62780923451453,Medium,0.5754497354497354,Stress_Induced
520:00,0.16296296296296475,1.0,0.3095238095238093,0.49082892416225804,0.5218783068783072,1.471988527616241,Low,0.521878306878307,Stress_Induced
520:30,0.16296296296296475,1.0,0.3095238095238093,0.49082892416225804,0.5218783068783072,1.471988527616241,Low,0.521878306878307,Stress_Induced
521:00,0.16296296296296475,1.0,0.2857142857142856,0.48289241622575013,0.5111640211640215,1.442662053587488,Low,0.5111640211640214,Stress_Induced
521:30,0.16296296296296475,1.0,0.2857142857142856,0.48289241622575013,0.5111640211640215,1.442662053587488,Low,0.5111640211640214,Stress_Induced
522:00,0.16296296296296475,1.0,0.3095238095238093,0.49082892416225804,0.5218783068783072,1.471988527616241,Low,0.521878306878307,Stress_Induced
522:30,0.16296296296296475,1.0,0.33333333333333304,0.49876543209876595,0.5325925925925928,1.501911151018176,Medium,0.5325925925925927,Stress_Induced
523:00,0.16296296296296475,1.0,0.33333333333333304,0.49876543209876595,0.5325925925925928,1.501911151018176,Medium,0.5325925925925927,Stress_Induced
523:30,0.16296296296296475,1.0,0.33333333333333304,0.49876543209876595,0.5325925925925928,1.501911151018176,Medium,0.5325925925925927,Stress_Induced
524:00,0.16296296296296475,1.0,0.35714285714285676,0.5067019400352738,0.5433068783068785,1.5324420423341982,Medium,0.5433068783068784,Stress_Induced
524:30,0.16296296296296475,1.0,0.3809523809523805,0.5146384479717817,0.5540211640211642,1.5635935664512481,Medium,0.5540211640211641,Stress_Induced
525:00,0.16296296296296475,1.0,0.3809523809523805,0.5146384479717817,0.5540211640211642,1.5635935664512481,Medium,0.5540211640211641,Stress_Induced
525:30,0.08148148148148238,1.0,0.4047619047619042,0.4954144620811289,0.5484391534391534,1.595378339610028,Medium,0.5484391534391533,Stress_Induced
526:00,0.08148148148148238,1.0,0.4047619047619042,0.4954144620811289,0.5484391534391534,1.595378339610028,Medium,0.5484391534391533,Stress_Induced
526:30,0.08148148148148238,1.0,0.4047619047619042,0.4954144620811289,0.5484391534391534,1.595378339610028,Medium,0.5484391534391533,Stress_Induced
527:00,0.08148148148148238,1.0,0.42857142857142794,0.5033509700176367,0.5591534391534391,1.62780923451453,Medium,0.559153439153439,Stress_Induced
527:30,0.08148148148148238,1.0,0.42857142857142794,0.5033509700176367,0.5591534391534391,1.62780923451453,Medium,0.559153439153439,Stress_Induced
528:00,0.08148148148148238,0.4666666666666668,0.4761904761904763,0.3414462081128751,0.39391534391534416,1.6098917057991975,Medium,0.39391534391534416,Stress_Induced
528:30,0.08148148148148238,0.4666666666666668,0.5,0.34938271604938304,0.40462962962962984,1.6426176288120204,Medium,0.40462962962962984,Stress_Induced
529:00,0.08148148148148238,0.4666666666666668,0.5,0.34938271604938304,0.40462962962962984,1.6426176288120204,Medium,0.40462962962962984,Stress_Induced
529:30,0.08148148148148238,0.4666666666666668,0.5238095238095237,0.35731922398589094,0.4153439153439155,1.676008805290765,Medium,0.4153439153439155,Stress_Induced
530:00,0.08148148148148238,0.4666666666666668,0.5476190476190474,0.36525573192239885,0.4260582010582012,1.710078758526241,Medium,0.4260582010582012,Stress_Induced
530:30,0.08148148148148238,0.4666666666666668,0.5714285714285712,0.37319223985890676,0.4367724867724869,1.7448412867110863,Medium,0.43677248677248687,Stress_Induced
531:00,0.08148148148148238,0.4666666666666668,0.5714285714285712,0.37319223985890676,0.4367724867724869,1.7448412867110863,Medium,0.43677248677248687,Stress_Induced
531:30,0.0,0.4666666666666668,0.5952380952380949,0.3539682539682539,0.4311904761904761,1.780310468527981,Medium,0.43119047619047607,Stress_Induced
532:00,0.0,0.4666666666666668,0.6190476190476186,0.3619047619047618,0.4419047619047618,1.8165006688514531,Medium,0.44190476190476174,Stress_Induced
532:30,0.0,0.39999999999999947,0.6428571428571423,0.34761904761904727,0.4292857142857139,1.7321562894504388,Medium,0.4292857142857139,Stress_Induced
533:00,0.0,0.39999999999999947,0.6428571428571423,0.34761904761904727,0.4292857142857139,1.7321562894504388,Medium,0.4292857142857139,Stress_Induced
533:30,0.0,0.39999999999999947,0.6666666666666661,0.3555555555555552,0.43999999999999956,1.7673676102930362,Medium,0.43999999999999956,Stress_Induced
534:00,0.0,0.39999999999999947,0.6666666666666661,0.3555555555555552,0.43999999999999956,1.7673676102930362,Medium,0.43999999999999956,Stress_Induced
534:30,0.0,0.39999999999999947,0.6666666666666661,0.3555555555555552,0.43999999999999956,1.7673676102930362,Medium,0.43999999999999956,Stress_Induced
535:00,0.0,0.39999999999999947,0.6666666666666661,0.3555555555555552,0.43999999999999956,1.7673676102930362,Medium,0.43999999999999956,Stress_Induced
535:30,0.0,0.39999999999999947,0.6666666666666661,0.3555555555555552,0.43999999999999956,1.7673676102930362,Medium,0.43999999999999956,Stress_Induced
536:00,0.0,0.39999999999999947,0.6666666666666661,0.3555555555555552,0.43999999999999956,1.7673676102930362,Medium,0.43999999999999956,Stress_Induced
536:30,0.0,0.39999999999999947,0.6190476190476186,0.33968253968253936,0.4185714285714282,1.6976464848675372,Medium,0.4185714285714282,Stress_Induced
537:00,0.0,0.5999999999999996,0.5952380952380949,0.39841269841269816,0.4778571428571426,1.8740545304197957,High,0.4778571428571426,Stress_Induced
537:30,0.0,0.5999999999999996,0.5952380952380949,0.39841269841269816,0.4778571428571426,1.8740545304197957,High,0.4778571428571426,Stress_Induced
538:00,0.0,0.5999999999999996,0.6190476190476186,0.40634920634920607,0.48857142857142827,1.9121503626198284,High,0.48857142857142827,Stress_Induced
538:30,0.0,0.5999999999999996,0.6190476190476186,0.40634920634920607,0.48857142857142827,1.9121503626198284,High,0.48857142857142827,Stress_Induced
539:00,0.0,0.5999999999999996,0.5952380952380949,0.39841269841269816,0.4778571428571426,1.8740545304197957,High,0.4778571428571426,Stress_Induced
539:30,0.0,0.5999999999999996,0.5952380952380949,0.39841269841269816,0.4778571428571426,1.8740545304197957,High,0.4778571428571426,Stress_Induced
540:00,0.0,0.5999999999999996,0.6190476190476186,0.40634920634920607,0.48857142857142827,1.9121503626198284,High,0.48857142857142827,Stress_Induced
540:30,0.0,0.5999999999999996,0.6190476190476186,0.40634920634920607,0.48857142857142827,1.9121503626198284,High,0.48857142857142827,Stress_Induced
541:00,0.0,0.5999999999999996,0.6428571428571423,0.414285714285714,0.49928571428571394,1.9510206079478971,High,0.49928571428571394,Stress_Induced
541:30,0.0,0.39999999999999947,0.6428571428571423,0.34761904761904727,0.4292857142857139,1.7321562894504388,Medium,0.4292857142857139,Stress_Induced
542:00,0.0,0.39999999999999947,0.6666666666666661,0.3555555555555552,0.43999999999999956,1.7673676102930362,Medium,0.43999999999999956,Stress_Induced
542:30,0.0,0.39999999999999947,0.6904761904761898,0.3634920634920631,0.45071428571428523,1.803294707837212,Medium,0.45071428571428523,Stress_Induced
543:00,0.0,0.39999999999999947,0.6904761904761898,0.3634920634920631,0.45071428571428523,1.803294707837212,Medium,0.45071428571428523,Stress_Induced
543:30,0.0,0.39999999999999947,0.6904761904761898,0.3634920634920631,0.45071428571428523,1.803294707837212,Medium,0.45071428571428523,Stress_Induced
544:00,0.0,0.39999999999999947,0.6904761904761898,0.3634920634920631,0.45071428571428523,1.803294707837212,Medium,0.45071428571428523,Stress_Induced
544:30,0.0,0.39999999999999947,0.6904761904761898,0.3634920634920631,0.45071428571428523,1.803294707837212,Medium,0.45071428571428523,Stress_Induced
545:00,0.0,0.39999999999999947,0.6666666666666661,0.3555555555555552,0.43999999999999956,1.7673676102930362,Medium,0.43999999999999956,Stress_Induced
545:30,0.0,0.39999999999999947,0.6904761904761898,0.3634920634920631,0.45071428571428523,1.803294707837212,Medium,0.45071428571428523,Stress_Induced
546:00,0.08148148148148238,0.4666666666666668,0.7142857142857135,0.4208112874779542,0.501058201058201,1.9687692985391727,High,0.501058201058201,Stress_Induced
546:30,0.08148148148148238,0.4666666666666668,0.7142857142857135,0.4208112874779542,0.501058201058201,1.9687692985391727,High,0.501058201058201,Stress_Induced
547:00,0.08148148148148238,0.4666666666666668,0.6904761904761898,0.4128747795414463,0.4903439153439153,1.929545445486652,High,0.49034391534391525,Stress_Induced
547:30,0.08148148148148238,0.4666666666666668,0.6904761904761898,0.4128747795414463,0.4903439153439153,1.929545445486652,High,0.49034391534391525,Stress_Induced
548:00,0.08148148148148238,0.4666666666666668,0.6904761904761898,0.4128747795414463,0.4903439153439153,1.929545445486652,High,0.49034391534391525,Stress_Induced
548:30,0.08148148148148238,0.4666666666666668,0.6904761904761898,0.4128747795414463,0.4903439153439153,1.929545445486652,High,0.49034391534391525,Stress_Induced
549:00,0.08148148148148238,0.4666666666666668,0.7142857142857135,0.4208112874779542,0.501058201058201,1.9687692985391727,High,0.501058201058201,Stress_Induced
549:30,0.08148148148148238,0.4666666666666668,0.7380952380952381,0.42874779541446245,0.511772486772487,2.008790495158743,High,0.5117724867724871,Stress_Induced
550:00,0.08148148148148238,0.4666666666666668,0.7142857142857135,0.4208112874779542,0.501058201058201,1.9687692985391727,High,0.501058201058201,Stress_Induced
550:30,0.08148148148148238,0.4666666666666668,0.7380952380952381,0.42874779541446245,0.511772486772487,2.008790495158743,High,0.5117724867724871,Stress_Induced
551:00,0.16296296296296475,0.13333333333333286,0.7619047619047619,0.3527336860670198,0.42211640211640233,1.5204000343220547,Medium,0.4221164021164023,Stress_Induced
551:30,0.08148148148148238,0.13333333333333286,0.7619047619047619,0.32557319223985903,0.40582010582010586,1.5204000343220547,Medium,0.4058201058201058,Stress_Induced
552:00,0.16296296296296475,0.13333333333333286,0.7619047619047619,0.3527336860670198,0.42211640211640233,1.5204000343220547,Medium,0.4221164021164023,Stress_Induced
552:30,0.16296296296296475,0.13333333333333286,0.7857142857142856,0.36067019400352773,0.432830687830688,1.5513067681679915,Medium,0.43283068783068795,Stress_Induced
553:00,0.16296296296296475,0.13333333333333286,0.8095238095238093,0.36860670194003564,0.4435449735449737,1.568312185490169,Medium,0.44354497354497363,Stress_Induced
553:30,0.16296296296296475,0.13333333333333286,0.8095238095238093,0.36860670194003564,0.4435449735449737,1.568312185490169,Medium,0.44354497354497363,Stress_Induced
554:00,0.16296296296296475,0.13333333333333286,0.8095238095238093,0.36860670194003564,0.4435449735449737,1.568312185490169,Medium,0.44354497354497363,Stress_Induced
554:30,0.16296296296296475,0.13333333333333286,0.833333333333333,0.37654320987654355,0.45425925925925936,1.568312185490169,Medium,0.4542592592592593,Stress_Induced
555:00,0.16296296296296475,0.13333333333333286,0.8571428571428568,0.38447971781305146,0.46497354497354504,1.568312185490169,Medium,0.464973544973545,Stress_Induced
555:30,0.16296296296296475,0.2666666666666666,0.833333333333333,0.4209876543209881,0.5009259259259262,1.7257750928445308,Medium,0.5009259259259262,Stress_Induced
556:00,0.24444444444444713,0.2666666666666666,0.833333333333333,0.4481481481481489,0.5172222222222227,1.7257750928445308,Medium,0.5172222222222227,Stress_Induced
556:30,0.24444444444444713,0.2666666666666666,0.833333333333333,0.4481481481481489,0.5172222222222227,1.7257750928445308,Medium,0.5172222222222227,Stress_Induced
557:00,0.24444444444444713,0.2666666666666666,0.8571428571428568,0.4560846560846568,0.5279365079365084,1.7257750928445308,Medium,0.5279365079365084,Stress_Induced
557:30,0.24444444444444713,0.2666666666666666,0.8571428571428568,0.4560846560846568,0.5279365079365084,1.7257750928445308,Medium,0.5279365079365084,Stress_Induced
558:00,0.24444444444444713,0.2666666666666666,0.8809523809523805,0.4640211640211647,0.538650793650794,1.7257750928445308,Medium,0.538650793650794,Stress_Induced
558:30,0.24444444444444713,0.2666666666666666,0.8809523809523805,0.4640211640211647,0.538650793650794,1.7257750928445308,Medium,0.538650793650794,Stress_Induced
559:00,0.24444444444444713,0.2666666666666666,0.9047619047619042,0.47195767195767263,0.5493650793650796,1.7257750928445308,Medium,0.5493650793650797,Stress_Induced
559:30,0.24444444444444713,0.2666666666666666,0.9047619047619042,0.47195767195767263,0.5493650793650796,1.7257750928445308,Medium,0.5493650793650797,Stress_Induced
560:00,0.3333333333333428,0.20000000000000018,0.9047619047619042,0.4793650793650824,0.5438095238095255,1.6522253079572544,Medium,0.5438095238095255,Stress_Induced
560:30,0.3333333333333428,0.20000000000000018,0.8809523809523805,0.47142857142857447,0.5330952380952398,1.6522253079572544,Medium,0.5330952380952398,Stress_Induced
561:00,0.3333333333333428,0.20000000000000018,0.8571428571428568,0.46349206349206656,0.5223809523809542,1.6522253079572544,Medium,0.5223809523809542,Stress_Induced
561:30,0.3333333333333428,0.20000000000000018,0.833333333333333,0.45555555555555866,0.5116666666666685,1.6522253079572544,Medium,0.5116666666666685,Stress_Induced
562:00,0.3333333333333428,0.20000000000000018,0.8095238095238093,0.44761904761905075,0.5009523809523828,1.6522253079572544,Medium,0.5009523809523828,Stress_Induced
562:30,0.3333333333333428,0.20000000000000018,0.8095238095238093,0.44761904761905075,0.5009523809523828,1.6522253079572544,Medium,0.5009523809523828,Stress_Induced
563:00,0.3333333333333428,0.20000000000000018,0.8095238095238093,0.44761904761905075,0.5009523809523828,1.6522253079572544,Medium,0.5009523809523828,Stress_Induced
563:30,0.3333333333333428,0.20000000000000018,0.833333333333333,0.45555555555555866,0.5116666666666685,1.6522253079572544,Medium,0.5116666666666685,Stress_Induced
564:00,0.3333333333333428,0.20000000000000018,0.833333333333333,0.45555555555555866,0.5116666666666685,1.6522253079572544,Medium,0.5116666666666685,Stress_Induced
564:30,0.3333333333333428,0.20000000000000018,0.833333333333333,0.45555555555555866,0.5116666666666685,1.6522253079572544,Medium,0.5116666666666685,Stress_Induced
565:00,0.3333333333333428,0.0,0.8571428571428568,0.39682539682539986,0.4523809523809541,1.6065930867200022,Medium,0.45238095238095416,Stress_Induced
565:30,0.3333333333333428,0.0,0.8571428571428568,0.39682539682539986,0.4523809523809541,1.6065930867200022,Medium,0.45238095238095416,Stress_Induced
566:00,0.3333333333333428,0.0,0.8095238095238093,0.38095238095238404,0.43095238095238275,1.6065930867200022,Medium,0.4309523809523828,Stress_Induced
566:30,0.3333333333333428,0.0,0.7619047619047619,0.3650793650793682,0.4095238095238114,1.5575114487982018,Medium,0.40952380952381146,Stress_Induced
567:00,0.4148148148148252,0.0,0.6428571428571423,0.3525573192239892,0.37224867724867916,1.4518054125343567,Low,0.37224867724867916,Stress_Induced
567:30,0.4148148148148252,0.0,0.5476190476190474,0.32081128747795756,0.3293915343915364,1.339519823306685,Low,0.3293915343915364,Stress_Induced
568:00,0.4148148148148252,0.0,0.5476190476190474,0.32081128747795756,0.3293915343915364,1.339519823306685,Low,0.3293915343915364,Stress_Induced
568:30,0.4148148148148252,0.0,0.5476190476190474,0.32081128747795756,0.3293915343915364,1.339519823306685,Low,0.3293915343915364,Stress_Induced
569:00,0.4148148148148252,0.0,0.5,0.30493827160494175,0.30796296296296505,1.2866769234669493,Low,0.30796296296296505,Stress_Induced
569:30,0.4148148148148252,0.39999999999999947,0.42857142857142794,0.4144620811287509,0.4158201058201074,1.5260836848236563,Medium,0.4158201058201074,Stress_Induced
570:00,0.4148148148148252,0.39999999999999947,0.35714285714285676,0.39065255731922716,0.3836772486772504,1.4366762082176823,Low,0.3836772486772504,Stress_Induced
570:30,0.4148148148148252,0.39999999999999947,0.33333333333333304,0.38271604938271925,0.3729629629629647,1.4080532626460522,Low,0.3729629629629647,Stress_Induced
571:00,0.4148148148148252,0.39999999999999947,0.3095238095238093,0.37477954144621134,0.36224867724867904,1.380000572925052,Low,0.36224867724867904,Stress_Induced
571:30,0.4148148148148252,0.39999999999999947,0.3095238095238093,0.37477954144621134,0.36224867724867904,1.380000572925052,Low,0.36224867724867904,Stress_Induced
572:00,0.4148148148148252,0.39999999999999947,0.33333333333333304,0.38271604938271925,0.3729629629629647,1.4080532626460522,Low,0.3729629629629647,Stress_Induced
572:30,0.4148148148148252,0.39999999999999947,0.35714285714285676,0.39065255731922716,0.3836772486772504,1.4366762082176823,Low,0.3836772486772504,Stress_Induced
573:00,0.4148148148148252,0.39999999999999947,0.35714285714285676,0.39065255731922716,0.3836772486772504,1.4366762082176823,Low,0.3836772486772504,Stress_Induced
573:30,0.4148148148148252,0.39999999999999947,0.35714285714285676,0.39065255731922716,0.3836772486772504,1.4366762082176823,Low,0.3836772486772504,Stress_Induced
574:00,0.4148148148148252,0.39999999999999947,0.3809523809523805,0.39858906525573506,0.39439153439153607,1.4658810018166069,Low,0.39439153439153607,Stress_Induced
574:30,0.4148148148148252,0.39999999999999947,0.4047619047619042,0.406525573192243,0.40510582010582175,1.4956794712655785,Medium,0.40510582010582175,Stress_Induced
575:00,0.4148148148148252,0.39999999999999947,0.42857142857142794,0.4144620811287509,0.4158201058201074,1.5260836848236563,Medium,0.4158201058201074,Stress_Induced
575:30,0.4148148148148252,0.39999999999999947,0.42857142857142794,0.4144620811287509,0.4158201058201074,1.5260836848236563,Medium,0.4158201058201074,Stress_Induced
576:00,0.4148148148148252,0.39999999999999947,0.45238095238095166,0.4223985890652588,0.4265343915343931,1.557105956073803,Medium,0.4265343915343931,Stress_Induced
576:30,0.4148148148148252,0.39999999999999947,0.4761904761904763,0.430335097001767,0.4372486772486791,1.5887588489098368,Medium,0.4372486772486792,Stress_Induced
577:00,0.4148148148148252,0.39999999999999947,0.5,0.4382716049382749,0.4479629629629648,1.6210551826247517,Medium,0.4479629629629649,Stress_Induced
577:30,0.4148148148148252,0.39999999999999947,0.5,0.4382716049382749,0.4479629629629648,1.6210551826247517,Medium,0.4479629629629649,Stress_Induced
578:00,0.4148148148148252,0.39999999999999947,0.5238095238095237,0.4462081128747828,0.45867724867725046,1.654008037102488,Medium,0.45867724867725057,Stress_Induced
578:30,0.4148148148148252,0.39999999999999947,0.5476190476190474,0.4541446208112907,0.46939153439153614,1.6876307581152254,Medium,0.46939153439153625,Stress_Induced
579:00,0.4148148148148252,0.39999999999999947,0.5476190476190474,0.4541446208112907,0.46939153439153614,1.6876307581152254,Medium,0.46939153439153625,Stress_Induced
579:30,0.4148148148148252,0.39999999999999947,0.5476190476190474,0.4541446208112907,0.46939153439153614,1.6876307581152254,Medium,0.46939153439153625,Stress_Induced
580:00,0.4148148148148252,0.39999999999999947,0.5714285714285712,0.4620811287477986,0.4801058201058219,1.7219369627283696,Medium,0.4801058201058219,Stress_Induced
580:30,0.4148148148148252,0.39999999999999947,0.5952380952380949,0.4700176366843065,0.4908201058201076,1.756940544815407,Medium,0.4908201058201076,Stress_Induced
581:00,0.4148148148148252,0.39999999999999947,0.6190476190476186,0.4779541446208144,0.5015343915343933,1.7926556806848677,Medium,0.5015343915343933,Stress_Induced
581:30,0.4148148148148252,0.39999999999999947,0.6190476190476186,0.4779541446208144,0.5015343915343933,1.7926556806848677,Medium,0.5015343915343933,Stress_Induced
582:00,0.4148148148148252,0.39999999999999947,0.6190476190476186,0.4779541446208144,0.5015343915343933,1.7926556806848677,Medium,0.5015343915343933,Stress_Induced
582:30,0.4148148148148252,0.39999999999999947,0.6190476190476186,0.4779541446208144,0.5015343915343933,1.7926556806848677,Medium,0.5015343915343933,Stress_Induced
583:00,0.4148148148148252,0.39999999999999947,0.6190476190476186,0.4779541446208144,0.5015343915343933,1.7926556806848677,Medium,0.5015343915343933,Stress_Induced
583:30,0.4148148148148252,0.06666666666666643,0.6190476190476186,0.36684303350970343,0.3848677248677267,1.422881047346239,Low,0.38486772486772675,Stress_Induced
584:00,0.4148148148148252,0.06666666666666643,0.6190476190476186,0.36684303350970343,0.3848677248677267,1.422881047346239,Low,0.38486772486772675,Stress_Induced
584:30,0.4148148148148252,0.06666666666666643,0.6190476190476186,0.36684303350970343,0.3848677248677267,1.422881047346239,Low,0.38486772486772675,Stress_Induced
585:00,0.4148148148148252,0.06666666666666643,0.5952380952380949,0.3589065255731955,0.374153439153441,1.394532943201311,Low,0.37415343915344107,Stress_Induced
585:30,0.4148148148148252,0.06666666666666643,0.5952380952380949,0.3589065255731955,0.374153439153441,1.394532943201311,Low,0.37415343915344107,Stress_Induced
586:00,0.4148148148148252,0.06666666666666643,0.6190476190476186,0.36684303350970343,0.3848677248677267,1.422881047346239,Low,0.38486772486772675,Stress_Induced
586:30,0.49629629629630045,0.06666666666666643,0.5952380952380949,0.38606701940035393,0.3904497354497361,1.4374906358005188,Low,0.3904497354497361,Stress_Induced
587:00,0.49629629629630045,0.06666666666666643,0.5714285714285712,0.378130511463846,0.3797354497354504,1.4088514643623768,Low,0.3797354497354504,Stress_Induced
587:30,0.49629629629630045,0.06666666666666643,0.5238095238095237,0.3622574955908302,0.358306878306879,1.3532734911774877,Low,0.358306878306879,Stress_Induced
588:00,0.49629629629630045,0.33333333333333304,0.45238095238095166,0.42733686067019505,0.4194973544973549,1.5000512890863487,Medium,0.4194973544973549,Stress_Induced
588:30,0.49629629629630045,0.33333333333333304,0.45238095238095166,0.42733686067019505,0.4194973544973549,1.5000512890863487,Medium,0.4194973544973549,Stress_Induced
589:00,0.49629629629630045,0.33333333333333304,0.42857142857142794,0.41940035273368714,0.40878306878306925,1.4701657197725522,Low,0.40878306878306925,Stress_Induced
589:30,0.49629629629630045,0.33333333333333304,0.4047619047619042,0.41146384479717923,0.39806878306878357,1.4408755616021665,Low,0.39806878306878357,Stress_Induced
590:00,0.49629629629630045,0.33333333333333304,0.42857142857142794,0.41940035273368714,0.40878306878306925,1.4701657197725522,Low,0.40878306878306925,Stress_Induced
590:30,0.49629629629630045,0.33333333333333304,0.42857142857142794,0.41940035273368714,0.40878306878306925,1.4701657197725522,Low,0.40878306878306925,Stress_Induced
591:00,0.585185185185189,0.33333333333333304,0.42857142857142794,0.44902998236331665,0.426560846560847,1.519638817812589,Medium,0.426560846560847,Stress_Induced
591:30,0.585185185185189,0.33333333333333304,0.4047619047619042,0.44109347442680874,0.4158465608465613,1.4893630055439728,Medium,0.4158465608465613,Stress_Induced
592:00,0.585185185185189,0.33333333333333304,0.42857142857142794,0.44902998236331665,0.426560846560847,1.519638817812589,Medium,0.426560846560847,Stress_Induced
592:30,0.585185185185189,0.33333333333333304,0.45238095238095166,0.45696649029982456,0.43727513227513265,1.550530077628319,Medium,0.43727513227513265,Stress_Induced
593:00,0.585185185185189,0.33333333333333304,0.4761904761904763,0.4649029982363328,0.4479894179894187,1.5820492958258827,Medium,0.4479894179894187,Stress_Induced
593:30,0.585185185185189,0.33333333333333304,0.4761904761904763,0.4649029982363328,0.4479894179894187,1.5820492958258827,Medium,0.4479894179894187,Stress_Induced
594:00,0.585185185185189,0.33333333333333304,0.5,0.4728395061728407,0.4587037037037044,1.6142092375605888,Medium,0.4587037037037044,Stress_Induced
594:30,0.585185185185189,0.33333333333333304,0.5,0.4728395061728407,0.4587037037037044,1.6142092375605888,Medium,0.4587037037037044,Stress_Induced
595:00,0.6666666666666785,0.33333333333333304,0.4761904761904763,0.4920634920634959,0.46428571428571663,1.6307833093593895,Medium,0.4642857142857166,Stress_Induced
595:30,0.6666666666666785,0.33333333333333304,0.4761904761904763,0.4920634920634959,0.46428571428571663,1.6307833093593895,Medium,0.4642857142857166,Stress_Induced
596:00,0.6666666666666785,0.33333333333333304,0.5,0.5000000000000039,0.4750000000000023,1.6639339174657888,Medium,0.47500000000000225,Stress_Induced
596:30,0.6666666666666785,0.33333333333333304,0.5,0.5000000000000039,0.4750000000000023,1.6639339174657888,Medium,0.47500000000000225,Stress_Induced
597:00,0.6666666666666785,0.33333333333333304,0.4761904761904763,0.4920634920634959,0.46428571428571663,1.6307833093593895,Medium,0.4642857142857166,Stress_Induced
597:30,0.6666666666666785,0.39999999999999947,0.4761904761904763,0.5142857142857181,0.48761904761904984,1.7449563254827205,Medium,0.4876190476190499,Stress_Induced
598:00,0.6666666666666785,0.39999999999999947,0.4761904761904763,0.5142857142857181,0.48761904761904984,1.7449563254827205,Medium,0.4876190476190499,Stress_Induced
598:30,0.6666666666666785,0.39999999999999947,0.5,0.522222222222226,0.4983333333333355,1.7804278458109386,Medium,0.49833333333333557,Stress_Induced
599:00,0.7481481481481538,0.39999999999999947,0.5,0.5493827160493844,0.5146296296296305,1.8352727832993572,Medium,0.5146296296296307,Stress_Induced
599:30,0.6666666666666785,0.39999999999999947,0.5,0.522222222222226,0.4983333333333355,1.7804278458109386,Medium,0.49833333333333557,Stress_Induced
600:00,0.7481481481481538,0.39999999999999947,0.5,0.5493827160493844,0.5146296296296305,1.8352727832993572,Medium,0.5146296296296307,Stress_Induced
600:30,0.7481481481481538,0.39999999999999947,0.5,0.5493827160493844,0.5146296296296305,1.8352727832993572,Medium,0.5146296296296307,Stress_Induced
601:00,0.6666666666666785,0.39999999999999947,0.5238095238095237,0.5301587301587339,0.5090476190476212,1.8166204321830575,Medium,0.5090476190476212,Stress_Induced
601:30,0.7481481481481538,0.39999999999999947,0.5476190476190474,0.5652557319224002,0.5360582010582019,1.910646122245365,High,0.536058201058202,Stress_Induced
602:00,0.7481481481481538,0.39999999999999947,0.5476190476190474,0.5652557319224002,0.5360582010582019,1.910646122245365,High,0.536058201058202,Stress_Induced
602:30,0.7481481481481538,0.39999999999999947,0.5476190476190474,0.5652557319224002,0.5360582010582019,1.910646122245365,High,0.536058201058202,Stress_Induced
603:00,0.7481481481481538,0.39999999999999947,0.5714285714285712,0.5731922398589081,0.5467724867724876,1.9494857893335995,High,0.5467724867724877,Stress_Induced
603:30,0.7481481481481538,0.39999999999999947,0.5714285714285712,0.5731922398589081,0.5467724867724876,1.9494857893335995,High,0.5467724867724877,Stress_Induced
604:00,0.7481481481481538,0.39999999999999947,0.5714285714285712,0.5731922398589081,0.5467724867724876,1.9494857893335995,High,0.5467724867724877,Stress_Induced
604:30,0.7481481481481538,0.39999999999999947,0.5714285714285712,0.5731922398589081,0.5467724867724876,1.9494857893335995,High,0.5467724867724877,Stress_Induced
605:00,0.7481481481481538,0.39999999999999947,0.5952380952380949,0.581128747795416,0.5574867724867733,1.9891149902460001,High,0.5574867724867734,Stress_Induced
605:30,0.7481481481481538,0.39999999999999947,0.5952380952380949,0.581128747795416,0.5574867724867733,1.9891149902460001,High,0.5574867724867734,Stress_Induced
606:00,0.7481481481481538,0.39999999999999947,0.5952380952380949,0.581128747795416,0.5574867724867733,1.9891149902460001,High,0.5574867724867734,Stress_Induced
606:30,0.7481481481481538,0.39999999999999947,0.6190476190476186,0.5890652557319239,0.5682010582010589,2.0295497746479283,High,0.568201058201059,Stress_Induced
607:00,0.7481481481481538,0.39999999999999947,0.6190476190476186,0.5890652557319239,0.5682010582010589,2.0295497746479283,High,0.568201058201059,Stress_Induced
607:30,0.7481481481481538,0.39999999999999947,0.5952380952380949,0.581128747795416,0.5574867724867733,1.9891149902460001,High,0.5574867724867734,Stress_Induced
608:00,0.7481481481481538,0.39999999999999947,0.5952380952380949,0.581128747795416,0.5574867724867733,1.9891149902460001,High,0.5574867724867734,Stress_Induced
608:30,0.7481481481481538,0.39999999999999947,0.5952380952380949,0.581128747795416,0.5574867724867733,1.9891149902460001,High,0.5574867724867734,Stress_Induced
609:00,0.7481481481481538,0.39999999999999947,0.5714285714285712,0.5731922398589081,0.5467724867724876,1.9494857893335995,High,0.5467724867724877,Stress_Induced
609:30,0.7481481481481538,0.39999999999999947,0.45238095238095166,0.5335097001763683,0.49320105820105886,1.762872857460948,Medium,0.4932010582010588,Stress_Induced
610:00,0.7481481481481538,0.39999999999999947,0.33333333333333304,0.49382716049382874,0.4396296296296305,1.5941232957819385,Medium,0.4396296296296304,Stress_Induced
610:30,0.7481481481481538,0.39999999999999947,0.3095238095238093,0.48589065255732083,0.4289153439153448,1.5623635269010712,Medium,0.42891534391534475,Stress_Induced
611:00,0.7481481481481538,0.33333333333333304,0.3095238095238093,0.4636684303350987,0.4055820105820115,1.4601376123939942,Low,0.40558201058201154,Stress_Induced
611:30,0.7481481481481538,0.33333333333333304,0.2857142857142856,0.4557319223985908,0.3948677248677258,1.4310472445243325,Low,0.39486772486772587,Stress_Induced
612:00,0.7481481481481538,0.33333333333333304,0.2857142857142856,0.4557319223985908,0.3948677248677258,1.4310472445243325,Low,0.39486772486772587,Stress_Induced
612:30,0.7481481481481538,0.33333333333333304,0.2857142857142856,0.4557319223985908,0.3948677248677258,1.4310472445243325,Low,0.39486772486772587,Stress_Induced
613:00,0.8296296296296433,0.33333333333333304,0.2857142857142856,0.48289241622575396,0.41116402116402373,1.4620439226130288,Low,0.4111640211640238,Stress_Induced
613:30,0.7481481481481538,0.33333333333333304,0.3095238095238093,0.4636684303350987,0.4055820105820115,1.4601376123939942,Low,0.40558201058201154,Stress_Induced
614:00,0.7481481481481538,0.33333333333333304,0.3095238095238093,0.4636684303350987,0.4055820105820115,1.4601376123939942,Low,0.40558201058201154,Stress_Induced
614:30,0.8296296296296433,0.33333333333333304,0.33333333333333304,0.4987654320987698,0.4325925925925951,1.5220890195249726,Medium,0.43259259259259514,Stress_Induced
615:00,0.8296296296296433,0.33333333333333304,0.33333333333333304,0.4987654320987698,0.4325925925925951,1.5220890195249726,Medium,0.43259259259259514,Stress_Induced
615:30,0.8296296296296433,0.5999999999999996,0.2857142857142856,0.5717813051146429,0.5044973544973571,1.7620714113447726,Medium,0.504497354497357,Stress_Induced
616:00,0.8296296296296433,0.5999999999999996,0.1904761904761898,0.5400352733686109,0.46164021164021396,1.7332530178673953,Medium,0.4616402116402139,Stress_Induced
616:30,0.8296296296296433,0.5999999999999996,0.16666666666666607,0.532098765432103,0.4509259259259283,1.7332530178673953,Medium,0.45092592592592823,Stress_Induced
617:00,0.8296296296296433,0.5999999999999996,0.16666666666666607,0.532098765432103,0.4509259259259283,1.7332530178673953,Medium,0.45092592592592823,Stress_Induced
617:30,0.8296296296296433,0.5999999999999996,0.11904761904761862,0.5162257495590872,0.42949735449735693,1.7332530178673953,Medium,0.4294973544973569,Stress_Induced
618:00,0.8296296296296433,0.5999999999999996,0.11904761904761862,0.5162257495590872,0.42949735449735693,1.7332530178673953,Medium,0.4294973544973569,Stress_Induced
618:30,0.8296296296296433,0.5999999999999996,0.11904761904761862,0.5162257495590872,0.42949735449735693,1.7332530178673953,Medium,0.4294973544973569,Stress_Induced
619:00,0.8296296296296433,0.5999999999999996,0.14285714285714235,0.5241622574955951,0.4402116402116426,1.7332530178673953,Medium,0.44021164021164255,Stress_Induced
619:30,0.8296296296296433,0.5999999999999996,0.14285714285714235,0.5241622574955951,0.4402116402116426,1.7332530178673953,Medium,0.44021164021164255,Stress_Induced
620:00,0.8296296296296433,0.5999999999999996,0.14285714285714235,0.5241622574955951,0.4402116402116426,1.7332530178673953,Medium,0.44021164021164255,Stress_Induced
620:30,0.8296296296296433,0.5999999999999996,0.11904761904761862,0.5162257495590872,0.42949735449735693,1.7332530178673953,Medium,0.4294973544973569,Stress_Induced
621:00,0.8296296296296433,0.5999999999999996,0.11904761904761862,0.5162257495590872,0.42949735449735693,1.7332530178673953,Medium,0.4294973544973569,Stress_Induced
621:30,0.8296296296296433,0.5999999999999996,0.0952380952380949,0.5082892416225793,0.41878306878307126,1.7332530178673953,Medium,0.4187830687830712,Stress_Induced
622:00,0.8296296296296433,0.5999999999999996,0.11904761904761862,0.5162257495590872,0.42949735449735693,1.7332530178673953,Medium,0.4294973544973569,Stress_Induced
622:30,0.8296296296296433,0.5999999999999996,0.14285714285714235,0.5241622574955951,0.4402116402116426,1.7332530178673953,Medium,0.44021164021164255,Stress_Induced
623:00,0.8296296296296433,0.5999999999999996,0.11904761904761862,0.5162257495590872,0.42949735449735693,1.7332530178673953,Medium,0.4294973544973569,Stress_Induced
623:30,0.9185185185185176,0.5999999999999996,0.11904761904761862,0.545855379188712,0.44727513227513177,1.7332530178673953,Medium,0.44727513227513177,Stress_Induced
624:00,0.9185185185185176,0.5999999999999996,0.11904761904761862,0.545855379188712,0.44727513227513177,1.7332530178673953,Medium,0.44727513227513177,Stress_Induced
624:30,0.9185185185185176,0.5999999999999996,0.11904761904761862,0.545855379188712,0.44727513227513177,1.7332530178673953,Medium,0.44727513227513177,Stress_Induced
625:00,0.9185185185185176,0.5999999999999996,0.14285714285714235,0.5537918871252199,0.45798941798941745,1.7332530178673953,Medium,0.45798941798941745,Stress_Induced
625:30,0.9185185185185176,0.5999999999999996,0.16666666666666607,0.5617283950617278,0.4687037037037031,1.7332530178673953,Medium,0.4687037037037031,Stress_Induced
626:00,0.9185185185185176,0.5999999999999996,0.16666666666666607,0.5617283950617278,0.4687037037037031,1.7332530178673953,Medium,0.4687037037037031,Stress_Induced
626:30,0.9185185185185176,0.5999999999999996,0.0952380952380949,0.5379188712522041,0.4365608465608461,1.7332530178673953,Medium,0.4365608465608461,Stress_Induced
627:00,0.9185185185185176,0.5999999999999996,0.04761904761904745,0.5220458553791882,0.41513227513227474,1.7332530178673953,Medium,0.41513227513227474,Stress_Induced
627:30,0.9185185185185176,0.5999999999999996,0.07142857142857117,0.5299823633156961,0.4258465608465604,1.7332530178673953,Medium,0.4258465608465604,Stress_Induced
628:00,0.9185185185185176,0.5999999999999996,0.0952380952380949,0.5379188712522041,0.4365608465608461,1.7332530178673953,Medium,0.4365608465608461,Stress_Induced
628:30,0.9185185185185176,0.6666666666666661,0.0952380952380949,0.5601410934744262,0.45989417989417936,1.7332530178673953,Medium,0.4598941798941793,Stress_Induced
629:00,0.9185185185185176,0.6666666666666661,0.11904761904761862,0.5680776014109341,0.47060846560846503,1.7332530178673953,Medium,0.470608465608465,Stress_Induced
629:30,0.9185185185185176,0.6666666666666661,0.11904761904761862,0.5680776014109341,0.47060846560846503,1.7332530178673953,Medium,0.470608465608465,Stress_Induced
630:00,0.9185185185185176,0.6666666666666661,0.14285714285714235,0.576014109347442,0.4813227513227507,1.7332530178673953,Medium,0.48132275132275065,Stress_Induced
630:30,0.9185185185185176,0.6666666666666661,0.16666666666666607,0.5839506172839499,0.4920370370370364,1.7332530178673953,Medium,0.49203703703703633,Stress_Induced
631:00,1.000000000000007,0.6666666666666661,0.16666666666666607,0.611111111111113,0.5083333333333343,1.7332530178673953,Medium,0.5083333333333342,Stress_Induced
631:30,1.000000000000007,0.6666666666666661,0.1904761904761898,0.619047619047621,0.51904761904762,1.7332530178673953,Medium,0.5190476190476201,Stress_Induced
632:00,1.000000000000007,0.6666666666666661,0.1904761904761898,0.619047619047621,0.51904761904762,1.7332530178673953,Medium,0.5190476190476201,Stress_Induced
632:30,1.000000000000007,0.6666666666666661,0.2142857142857144,0.6269841269841292,0.529761904761906,1.7332530178673953,Medium,0.529761904761906,Stress_Induced
633:00,1.000000000000007,0.33333333333333304,0.23809523809523814,0.5238095238095261,0.4238095238095252,1.4381324302797442,Low,0.42380952380952513,Stress_Induced
633:30,1.000000000000007,0.33333333333333304,0.23809523809523814,0.5238095238095261,0.4238095238095252,1.4381324302797442,Low,0.42380952380952513,Stress_Induced
634:00,1.000000000000007,0.33333333333333304,0.26190476190476186,0.531746031746034,0.43452380952381087,1.4381324302797442,Low,0.4345238095238108,Stress_Induced
634:30,1.000000000000007,0.33333333333333304,0.26190476190476186,0.531746031746034,0.43452380952381087,1.4381324302797442,Low,0.4345238095238108,Stress_Induced
635:00,1.000000000000007,0.33333333333333304,0.2142857142857144,0.5158730158730181,0.4130952380952395,1.4381324302797442,Low,0.41309523809523946,Stress_Induced
635:30,1.000000000000007,0.33333333333333304,0.0952380952380949,0.47619047619047833,0.3595238095238107,1.4381324302797442,Low,0.3595238095238107,Stress_Induced
636:00,1.000000000000007,0.33333333333333304,0.04761904761904745,0.4603174603174625,0.33809523809523934,1.4381324302797442,Low,0.3380952380952393,Stress_Induced
636:30,1.000000000000007,0.33333333333333304,0.07142857142857117,0.4682539682539704,0.348809523809525,1.4381324302797442,Low,0.34880952380952496,Stress_Induced
637:00,1.000000000000007,0.33333333333333304,0.0952380952380949,0.47619047619047833,0.3595238095238107,1.4381324302797442,Low,0.3595238095238107,Stress_Induced
637:30,1.000000000000007,0.5333333333333332,0.0952380952380949,0.542857142857145,0.42952380952381075,1.7332530178673953,Medium,0.42952380952381075,Stress_Induced
638:00,1.000000000000007,0.5333333333333332,0.11904761904761862,0.550793650793653,0.4402380952380964,1.7332530178673953,Medium,0.4402380952380964,Stress_Induced
638:30,1.000000000000007,0.5333333333333332,0.07142857142857117,0.5349206349206371,0.4188095238095251,1.7332530178673953,Medium,0.418809523809525,Stress_Induced
639:00,1.000000000000007,0.5333333333333332,0.0,0.5111111111111134,0.38666666666666805,1.7332530178673953,Medium,0.386666666666668,Stress_Induced
639:30,1.000000000000007,0.5333333333333332,0.0,0.5111111111111134,0.38666666666666805,1.7332530178673953,Medium,0.386666666666668,Stress_Induced
640:00,0.9185185185185176,0.5333333333333332,0.023809523809523725,0.4918871252204582,0.3810846560846558,1.7332530178673953,Medium,0.3810846560846558,Stress_Induced
640:30,1.000000000000007,0.5333333333333332,0.04761904761904745,0.5269841269841292,0.4080952380952394,1.7332530178673953,Medium,0.40809523809523934,Stress_Induced
641:00,0.9185185185185176,0.5333333333333332,0.07142857142857117,0.507760141093474,0.40251322751322716,1.7332530178673953,Medium,0.40251322751322716,Stress_Induced
641:30,0.9185185185185176,0.5333333333333332,0.04761904761904745,0.4998236331569661,0.3917989417989415,1.7332530178673953,Medium,0.3917989417989415,Stress_Induced
642:00,0.9185185185185176,0.4666666666666668,0.04761904761904745,0.47760141093474395,0.3684656084656083,1.6465521372133305,Medium,0.3684656084656082,Stress_Induced
642:30,0.9185185185185176,0.4666666666666668,0.04761904761904745,0.47760141093474395,0.3684656084656083,1.6465521372133305,Medium,0.3684656084656082,Stress_Induced
643:00,0.9185185185185176,0.4666666666666668,0.07142857142857117,0.48553791887125186,0.37917989417989395,1.6465521372133305,Medium,0.3791798941798939,Stress_Induced
643:30,0.9185185185185176,0.4666666666666668,0.0952380952380949,0.49347442680775977,0.3898941798941796,1.6465521372133305,Medium,0.38989417989417957,Stress_Induced
644:00,0.9185185185185176,0.4666666666666668,0.11904761904761862,0.5014109347442677,0.4006084656084653,1.6465521372133305,Medium,0.40060846560846525,Stress_Induced
644:30,0.9185185185185176,0.4666666666666668,0.11904761904761862,0.5014109347442677,0.4006084656084653,1.6465521372133305,Medium,0.40060846560846525,Stress_Induced
645:00,0.9185185185185176,0.4666666666666668,0.14285714285714235,0.5093474426807756,0.411322751322751,1.6465521372133305,Medium,0.4113227513227509,Stress_Induced
645:30,0.9185185185185176,0.4666666666666668,0.16666666666666607,0.5172839506172835,0.42203703703703666,1.6465521372133305,Medium,0.4220370370370366,Stress_Induced
646:00,0.9185185185185176,0.4666666666666668,0.1904761904761898,0.5252204585537914,0.43275132275132233,1.6465521372133305,Medium,0.4327513227513223,Stress_Induced
646:30,0.9185185185185176,0.33333333333333304,0.1904761904761898,0.48077601410934684,0.3860846560846555,1.4381324302797442,Low,0.38608465608465553,Stress_Induced
647:00,0.9185185185185176,0.33333333333333304,0.2142857142857144,0.488712522045855,0.3967989417989416,1.4381324302797442,Low,0.39679894179894154,Stress_Induced
647:30,0.9185185185185176,0.33333333333333304,0.23809523809523814,0.49664902998236293,0.40751322751322727,1.4381324302797442,Low,0.4075132275132272,Stress_Induced
648:00,0.9185185185185176,0.33333333333333304,0.2142857142857144,0.488712522045855,0.3967989417989416,1.4381324302797442,Low,0.39679894179894154,Stress_Induced
648:30,0.9185185185185176,0.33333333333333304,0.23809523809523814,0.49664902998236293,0.40751322751322727,1.4381324302797442,Low,0.4075132275132272,Stress_Induced
649:00,0.9185185185185176,0.33333333333333304,0.26190476190476186,0.5045855379188708,0.41822751322751295,1.4381324302797442,Low,0.4182275132275129,Stress_Induced
649:30,0.9185185185185176,0.33333333333333304,0.2857142857142856,0.5125220458553787,0.4289417989417986,1.4620439226130288,Low,0.4289417989417986,Stress_Induced
650:00,0.9185185185185176,0.33333333333333304,0.2857142857142856,0.5125220458553787,0.4289417989417986,1.4620439226130288,Low,0.4289417989417986,Stress_Induced
650:30,0.9185185185185176,0.33333333333333304,0.3095238095238093,0.5204585537918867,0.4396560846560843,1.491764391810084,Medium,0.43965608465608436,Stress_Induced
651:00,0.9185185185185176,0.33333333333333304,0.33333333333333304,0.5283950617283946,0.45037037037037,1.5220890195249726,Medium,0.45037037037037003,Stress_Induced
651:30,0.9185185185185176,0.20000000000000018,0.33333333333333304,0.4839506172839503,0.40370370370370345,1.3294237888247067,Low,0.4037037037037035,Stress_Induced
652:00,0.9185185185185176,0.20000000000000018,0.35714285714285676,0.4918871252204582,0.41441798941798913,1.3564483522830884,Low,0.4144179894179892,Stress_Induced
652:30,0.9185185185185176,0.20000000000000018,0.3095238095238093,0.47601410934744237,0.3929894179894178,1.3029376365995184,Low,0.39298941798941783,Stress_Induced
653:00,0.9185185185185176,0.20000000000000018,0.26190476190476186,0.46014109347442655,0.3715608465608464,1.256094380663005,Low,0.3715608465608465,Stress_Induced
653:30,0.9185185185185176,0.20000000000000018,0.26190476190476186,0.46014109347442655,0.3715608465608464,1.256094380663005,Low,0.3715608465608465,Stress_Induced
654:00,0.9185185185185176,0.20000000000000018,0.26190476190476186,0.46014109347442655,0.3715608465608464,1.256094380663005,Low,0.3715608465608465,Stress_Induced
