Timestamp,Object Temperature(F),Heart Rate Ear(BPM),GSR,Feature_Mean,Weighted_Stress,QuantityIndex_Stress,StressIndex_Level,Predicted_Stress,Condition
00:00,0.0,0.5142857142857142,0.9495798319327731,0.4879551820728291,0.6073109243697479,1.7362997530619397,Medium,0.6073109243697479,Base
00:30,0.0,0.5142857142857142,0.9579831932773109,0.4907563025210084,0.6110924369747899,1.745882869647752,Medium,0.6110924369747899,Base
01:00,0.0162962962962947,0.5142857142857142,0.9579831932773109,0.49618840128643993,0.6143516962340488,1.745882869647752,Medium,0.6143516962340488,Base
01:30,0.0162962962962947,0.5142857142857142,0.9663865546218486,0.4989895217346192,0.6181332088390908,1.7555188780935873,Medium,0.6181332088390908,Base
02:00,0.0162962962962947,0.5142857142857142,0.9831932773109244,0.5045917626309778,0.625696234049175,1.7749507398755169,Medium,0.625696234049175,Base
02:30,0.0162962962962947,0.5142857142857142,0.9915966386554622,0.5073928830791571,0.629477746654217,1.7847471819036311,Medium,0.629477746654217,Base
03:00,0.032592592592591174,0.5142857142857142,0.9831932773109244,0.51002386139641,0.6289554933084343,1.7749507398755169,Medium,0.6289554933084343,Base
03:30,0.032592592592591174,0.5142857142857142,0.9747899159663866,0.5072227409482307,0.6251739807033923,1.7652080703241901,Medium,0.6251739807033923,Base
04:00,0.032592592592591174,0.5142857142857142,0.9663865546218486,0.5044216205000513,0.6213924680983501,1.7555188780935873,Medium,0.6213924680983501,Base
04:30,0.032592592592591174,0.5142857142857142,0.9411764705882353,0.49601825915551356,0.6100479302832241,1.726769238013776,Medium,0.6100479302832241,Base
05:00,0.032592592592591174,0.5142857142857142,0.9075630252100841,0.4848137773627965,0.5949218798630561,1.6891674423418344,Medium,0.5949218798630561,Base
05:30,0.050370370370369955,0.4571428571428571,0.8991596638655461,0.4688909637929244,0.5746959228135697,1.6194523024049503,Medium,0.5746959228135697,Base
06:00,0.050370370370369955,0.4571428571428571,0.8991596638655461,0.4688909637929244,0.5746959228135697,1.6194523024049503,Medium,0.5746959228135697,Base
06:30,0.050370370370369955,0.4571428571428571,0.9159663865546219,0.47449320468928297,0.5822589480236539,1.637378041453074,Medium,0.5822589480236539,Base
07:00,0.050370370370369955,0.4571428571428571,0.9327731092436975,0.4800954455856415,0.5898219732337379,1.6555022007448472,Medium,0.5898219732337379,Base
07:30,0.050370370370369955,0.4571428571428571,0.9411764705882353,0.48289656603382075,0.5936034858387799,1.6646393733844382,Medium,0.5936034858387799,Base
08:00,0.050370370370369955,0.4571428571428571,0.9579831932773109,0.4884988069301793,0.6011665110488639,1.683065288721499,Medium,0.6011665110488639,Base
08:30,0.050370370370369955,0.4571428571428571,0.9663865546218486,0.49129992737835854,0.6049480236539059,1.692354589635646,Medium,0.6049480236539059,Base
09:00,0.06666666666666643,0.4571428571428571,0.9831932773109244,0.5023342670401493,0.6157703081232493,1.7110872850695604,Medium,0.6157703081232493,Base
09:30,0.06666666666666643,0.4571428571428571,0.9915966386554622,0.5051353874883285,0.6195518207282913,1.7205312470999676,Medium,0.6195518207282913,Base
10:00,0.050370370370369955,0.4571428571428571,1.0,0.5025044091710756,0.620074074074074,1.7300273329580778,Medium,0.620074074074074,Base
10:30,0.06666666666666643,0.5714285714285716,1.0,0.546031746031746,0.6633333333333334,1.8615780335153749,Medium,0.6633333333333334,Base
11:00,0.06666666666666643,0.5714285714285716,0.9747899159663866,0.5376283846872082,0.6519887955182074,1.831091492406703,Medium,0.6519887955182074,Base
11:30,0.06666666666666643,0.5714285714285716,0.9579831932773109,0.5320261437908497,0.6444257703081232,1.8110450111206873,Medium,0.6444257703081232,Base
12:00,0.06666666666666643,0.5714285714285716,0.9411764705882353,0.5264239028944911,0.6368627450980392,1.7912179953357767,Medium,0.6368627450980392,Base
12:30,0.06666666666666643,0.5714285714285716,0.9075630252100841,0.5152194211017741,0.6217366946778712,1.7522127758879287,Medium,0.6217366946778712,Base
13:00,0.06666666666666643,0.5714285714285716,0.8823529411764706,0.5068160597572362,0.6103921568627452,1.7235172789162696,Medium,0.6103921568627452,Base
13:30,0.06666666666666643,0.5714285714285716,0.865546218487395,0.5012138188608777,0.6028291316526612,1.7046485020030482,Medium,0.6028291316526612,Base
14:00,0.06666666666666643,0.5714285714285716,0.8403361344537814,0.49281045751633984,0.591484593837535,1.6767319517985877,Medium,0.591484593837535,Base
14:30,0.06666666666666643,0.5714285714285716,0.8067226890756303,0.4816059757236228,0.576358543417367,1.6402197584723575,Medium,0.576358543417367,Base
15:00,0.06666666666666643,0.6285714285714286,0.7983193277310925,0.4978524743230625,0.5925770308123249,1.6920990413664934,Medium,0.5925770308123249,Base
15:30,0.06666666666666643,0.6285714285714286,0.7983193277310925,0.4978524743230625,0.5925770308123249,1.6920990413664934,Medium,0.5925770308123249,Base
16:00,0.06666666666666643,0.6285714285714286,0.8067226890756303,0.5006535947712417,0.5963585434173669,1.7014382020497567,Medium,0.5963585434173669,Base
16:30,0.06666666666666643,0.6285714285714286,0.8235294117647058,0.5062558356676002,0.6039215686274509,1.7202714441101494,Medium,0.6039215686274509,Base
17:00,0.06666666666666643,0.6285714285714286,0.8319327731092436,0.5090569561157795,0.607703081232493,1.7297660960439984,Medium,0.607703081232493,Base
17:30,0.06666666666666643,0.6285714285714286,0.8403361344537814,0.5118580765639588,0.611484593837535,1.7393131515770894,Medium,0.611484593837535,Base
18:00,0.06666666666666643,0.6285714285714286,0.8487394957983194,0.5146591970121381,0.615266106442577,1.7489128999393213,Medium,0.615266106442577,Base
18:30,0.06666666666666643,0.6285714285714286,0.8571428571428572,0.5174603174603174,0.619047619047619,1.7585656319569314,Medium,0.619047619047619,Base
19:00,0.06666666666666643,0.6285714285714286,0.8571428571428572,0.5174603174603174,0.619047619047619,1.7585656319569314,Medium,0.619047619047619,Base
19:30,0.06666666666666643,0.6285714285714286,0.865546218487395,0.5202614379084967,0.622829131652661,1.7682716400613074,Medium,0.622829131652661,Base
20:00,0.06666666666666643,0.6285714285714286,0.865546218487395,0.5202614379084967,0.622829131652661,1.7682716400613074,Medium,0.622829131652661,Base
20:30,0.06666666666666643,0.37142857142857144,0.8403361344537814,0.4261437908496731,0.521484593837535,1.4749053418997289,Medium,0.521484593837535,Base
21:00,0.050370370370369955,0.37142857142857144,0.8319327731092436,0.41791057163606166,0.5144438219732337,1.4668096156112216,Medium,0.5144438219732337,Base
21:30,0.06666666666666643,0.37142857142857144,0.8319327731092436,0.4233426704014938,0.517703081232493,1.4668096156112216,Medium,0.517703081232493,Base
22:00,0.050370370370369955,0.37142857142857144,0.8319327731092436,0.41791057163606166,0.5144438219732337,1.4668096156112216,Medium,0.5144438219732337,Base
22:30,0.050370370370369955,0.37142857142857144,0.8403361344537814,0.4207116920842409,0.5182253345782757,1.4749053418997289,Medium,0.5182253345782757,Base
23:00,0.050370370370369955,0.37142857142857144,0.8571428571428572,0.42631393298059955,0.5257883597883598,1.491231088721859,Medium,0.5257883597883598,Base
23:30,0.050370370370369955,0.37142857142857144,0.8403361344537814,0.4207116920842409,0.5182253345782757,1.4749053418997289,Medium,0.5182253345782757,Base
24:00,0.050370370370369955,0.37142857142857144,0.8319327731092436,0.41791057163606166,0.5144438219732337,1.4668096156112216,Medium,0.5144438219732337,Base
24:30,0.050370370370369955,0.37142857142857144,0.13445378151260512,0.18541757443718218,0.2005782757547463,1.0652226170801309,Low,0.2005782757547463,Base
25:00,0.050370370370369955,0.37142857142857144,0.8487394957983194,0.4235128125324203,0.5220068471833178,1.4830457507315205,Medium,0.5220068471833178,Base
25:30,0.050370370370369955,0.37142857142857144,0.8487394957983194,0.4235128125324203,0.5220068471833178,1.4830457507315205,Medium,0.5220068471833178,Base
26:00,0.050370370370369955,0.37142857142857144,0.8487394957983194,0.4235128125324203,0.5220068471833178,1.4830457507315205,Medium,0.5220068471833178,Base
26:30,0.050370370370369955,0.37142857142857144,0.8487394957983194,0.4235128125324203,0.5220068471833178,1.4830457507315205,Medium,0.5220068471833178,Base
27:00,0.050370370370369955,0.37142857142857144,0.8235294117647058,0.4151094511878824,0.5106623093681917,1.4587583266044002,Low,0.5106623093681917,Base
27:30,0.050370370370369955,0.37142857142857144,0.7563025210084033,0.39270048760244824,0.48041020852785554,1.3959187661614678,Low,0.48041020852785554,Base
28:00,0.050370370370369955,0.37142857142857144,0.025210084033613467,0.1490030086108516,0.15141861188920006,1.0652226170801309,Low,0.15141861188920006,Base
28:30,0.032592592592591174,0.37142857142857144,0.6218487394957983,0.34195663450565367,0.4163504512916275,1.2782439364959537,Low,0.4163504512916275,Base
29:00,0.050370370370369955,0.37142857142857144,0.6302521008403361,0.35068368087975915,0.42368751945222527,1.285298916862648,Low,0.42368751945222527,Base
29:30,0.050370370370369955,0.37142857142857144,0.6386554621848739,0.3534848013279384,0.4274690320572673,1.2923928356092191,Low,0.4274690320572673,Base
30:00,0.050370370370369955,0.37142857142857144,0.6470588235294117,0.3562859217761177,0.4312505446623093,1.2995259076473107,Low,0.4312505446623093,Base
30:30,0.032592592592591174,0.37142857142857144,0.6638655462184875,0.35596223674655003,0.43525801431683764,1.3139103771819602,Low,0.43525801431683764,Base
31:00,0.032592592592591174,0.37142857142857144,0.6638655462184875,0.35596223674655003,0.43525801431683764,1.3139103771819602,Low,0.43525801431683764,Base
31:30,0.032592592592591174,0.37142857142857144,0.6722689075630253,0.3587633571947293,0.43903952692187964,1.3211622104588114,Low,0.43903952692187964,Base
32:00,0.032592592592591174,0.5428571428571427,0.6722689075630253,0.4159062143375864,0.4990395269218796,1.4746826288172608,Medium,0.4990395269218796,Base
32:30,0.032592592592591174,0.5428571428571427,0.680672268907563,0.41870733478576566,0.5028210395269216,1.4828218084342053,Medium,0.5028210395269216,Base
33:00,0.050370370370369955,0.5428571428571427,0.6890756302521008,0.42743438115987115,0.5101581076875193,1.4910059104253222,Medium,0.5101581076875193,Base
33:30,0.050370370370369955,0.5428571428571427,0.6974789915966386,0.4302355016080504,0.5139396202925613,1.4992351827295676,Medium,0.5139396202925613,Base
34:00,0.032592592592591174,0.5428571428571427,0.6974789915966386,0.4243095756821242,0.5103840647370056,1.4992351827295676,Medium,0.5103840647370056,Base
34:30,0.050370370370369955,0.5428571428571427,0.680672268907563,0.4246332607116919,0.5063765950824773,1.4828218084342053,Medium,0.5063765950824773,Base
35:00,0.050370370370369955,0.5428571428571427,0.6890756302521008,0.42743438115987115,0.5101581076875193,1.4910059104253222,Medium,0.5101581076875193,Base
35:30,0.050370370370369955,0.5428571428571427,0.6890756302521008,0.42743438115987115,0.5101581076875193,1.4910059104253222,Medium,0.5101581076875193,Base
36:00,0.050370370370369955,0.5428571428571427,0.680672268907563,0.4246332607116919,0.5063765950824773,1.4828218084342053,Medium,0.5063765950824773,Base
36:30,0.050370370370369955,0.5428571428571427,0.6638655462184875,0.41903101981533336,0.49881356987239334,1.4665881249964638,Medium,0.49881356987239334,Base
37:00,0.050370370370369955,0.5428571428571427,0.03361344537815125,0.20894698620188798,0.215200124494242,1.189002589383632,Low,0.215200124494242,Base
37:30,0.06666666666666643,0.5428571428571427,0.6554621848739497,0.42166199813258626,0.49829131652661063,1.458538051747252,Low,0.49829131652661063,Base
38:00,0.06666666666666643,0.5428571428571427,0.6638655462184875,0.4244631185807655,0.5020728291316526,1.4665881249964638,Medium,0.5020728291316526,Base
38:30,0.06666666666666643,0.5428571428571427,0.6386554621848739,0.4160597572362277,0.4907282913165265,1.4425702227881083,Low,0.4907282913165265,Base
39:00,0.06666666666666643,0.5428571428571427,0.01680672268907568,0.20877684407096161,0.2108963585434173,1.189002589383632,Low,0.2108963585434173,Base
39:30,0.06666666666666643,0.5428571428571427,0.6218487394957983,0.41045751633986916,0.4831652661064425,1.4267772069312785,Low,0.4831652661064425,Base
40:00,0.0829629629629629,0.5428571428571427,0.6302521008403361,0.4186907355534806,0.4902060379707438,1.4346519833297025,Low,0.4902060379707438,Base
40:30,0.0829629629629629,0.5428571428571427,0.6302521008403361,0.4186907355534806,0.4902060379707438,1.4346519833297025,Low,0.4902060379707438,Base
41:00,0.0829629629629629,0.5428571428571427,0.6218487394957983,0.4158896151053013,0.4864245253657018,1.4267772069312785,Low,0.4864245253657018,Base
41:30,0.0829629629629629,0.5428571428571427,0.6134453781512605,0.41308849465712205,0.4826430127606598,1.4189456550249582,Low,0.4826430127606598,Base
42:00,0.0829629629629629,0.9428571428571426,0.6218487394957983,0.5492229484386346,0.6264245253657018,1.7028501464225458,Medium,0.6264245253657018,Base
42:30,0.0829629629629629,0.9428571428571426,0.6302521008403361,0.5520240688868139,0.6302060379707438,1.712248645415912,Medium,0.6302060379707438,Base
43:00,0.0829629629629629,0.9428571428571426,0.6470588235294117,0.5576263097831724,0.6377690631808278,1.7312015484175307,Medium,0.6377690631808278,Base
43:30,0.0829629629629629,0.9428571428571426,0.6554621848739497,0.5604274302313518,0.6415505757858698,1.7407565266076543,Medium,0.6415505757858698,Base
44:00,0.0829629629629629,0.9428571428571426,0.6638655462184875,0.563228550679531,0.6453320883909118,1.7503642413542446,Medium,0.6453320883909118,Base
44:30,0.0829629629629629,0.9428571428571426,0.6554621848739497,0.5604274302313518,0.6415505757858698,1.7407565266076543,Medium,0.6415505757858698,Base
45:00,0.0829629629629629,0.9428571428571426,0.6722689075630253,0.5660296711277103,0.6491136009959538,1.760024983724883,Medium,0.6491136009959538,Base
45:30,0.0829629629629629,0.9428571428571426,0.6638655462184875,0.563228550679531,0.6453320883909118,1.7503642413542446,Medium,0.6453320883909118,Base
46:00,0.0829629629629629,0.9428571428571426,0.03361344537815125,0.3531445170660856,0.3617186430127606,1.4190675485932571,Low,0.3617186430127606,Base
46:30,0.09925925925925938,0.9428571428571426,0.6638655462184875,0.5686606494449632,0.6485913476501711,1.7503642413542446,Medium,0.6485913476501711,Base
47:00,0.09925925925925938,0.9428571428571426,0.03361344537815125,0.35857661583151773,0.36497790227201987,1.4190675485932571,Low,0.36497790227201987,Base
47:30,0.09925925925925938,0.9428571428571426,0.6638655462184875,0.5686606494449632,0.6485913476501711,1.7503642413542446,Medium,0.6485913476501711,Base
48:00,0.09925925925925938,0.9428571428571426,0.680672268907563,0.5742628903413217,0.6561543728602551,1.7697390463936322,Medium,0.6561543728602551,Base
48:30,0.09925925925925938,0.9428571428571426,0.680672268907563,0.5742628903413217,0.6561543728602551,1.7697390463936322,Medium,0.6561543728602551,Base
49:00,0.09925925925925938,0.9428571428571426,0.6554621848739497,0.5658595289967839,0.6448098350451291,1.7407565266076543,Medium,0.6448098350451291,Base
49:30,0.09925925925925938,0.9428571428571426,0.6302521008403361,0.557456167652246,0.6334652972300031,1.712248645415912,Medium,0.6334652972300031,Base
50:00,0.11703703703703461,0.9428571428571426,0.03361344537815125,0.3645025417574428,0.3685334578275749,1.4190675485932571,Low,0.3685334578275749,Base
50:30,0.11703703703703461,0.9428571428571426,0.6638655462184875,0.5745865753708882,0.6521469032057261,1.7503642413542446,Medium,0.6521469032057261,Base
51:00,0.11703703703703461,0.9428571428571426,0.6722689075630253,0.5773876958190675,0.6559284158107681,1.760024983724883,Medium,0.6559284158107681,Base
51:30,0.13333333333333108,0.9428571428571426,0.025210084033613467,0.3671335200746957,0.3680112044817922,1.4190675485932571,Low,0.3680112044817922,Base
52:00,0.13333333333333108,0.9428571428571426,0.6218487394957983,0.566013071895424,0.6364985994397754,1.7028501464225458,Medium,0.6364985994397754,Base
52:30,0.13333333333333108,0.9428571428571426,0.025210084033613467,0.3671335200746957,0.3680112044817922,1.4190675485932571,Low,0.3680112044817922,Base
53:00,0.13333333333333108,0.9428571428571426,0.6386554621848739,0.5716153127917826,0.6440616246498594,1.7216990173139572,Medium,0.6440616246498594,Base
53:30,0.14962962962962756,0.9428571428571426,0.050420168067226934,0.3809689801846657,0.38261500155617756,1.4190675485932571,Low,0.38261500155617756,Base
54:00,0.14962962962962756,0.9428571428571426,0.6470588235294117,0.579848532005394,0.6511023965141607,1.7312015484175307,Medium,0.6511023965141607,Base
54:30,0.14962962962962756,0.9428571428571426,0.6218487394957983,0.5714451706608562,0.6397578586990347,1.7028501464225458,Medium,0.6397578586990347,Base
55:00,0.14962962962962756,0.9428571428571426,0.025210084033613467,0.37256561884012784,0.3712704637410515,1.4190675485932571,Low,0.3712704637410515,Base
55:30,0.14962962962962756,0.9428571428571426,0.6386554621848739,0.5770474115572147,0.6473208839091187,1.7216990173139572,Medium,0.6473208839091187,Base
56:00,0.14962962962962756,0.9428571428571426,0.6470588235294117,0.579848532005394,0.6511023965141607,1.7312015484175307,Medium,0.6511023965141607,Base
56:30,0.16592592592592403,0.9428571428571426,0.6554621848739497,0.5880817512190054,0.658143168378462,1.7407565266076543,Medium,0.658143168378462,Base
57:00,0.16592592592592403,0.9428571428571426,0.6638655462184875,0.5908828716671847,0.661924680983504,1.7503642413542446,Medium,0.661924680983504,Base
57:30,0.16592592592592403,0.9428571428571426,0.050420168067226934,0.38640107895009784,0.38587426081543685,1.4190675485932571,Low,0.38587426081543685,Base
58:00,0.16592592592592403,0.9428571428571426,0.6890756302521008,0.5992862330117225,0.67326921879863,1.7795067236499045,Medium,0.67326921879863,Base
58:30,0.1822222222222205,0.9428571428571426,0.6890756302521008,0.6047183317771546,0.6765284780578893,1.7795067236499045,Medium,0.6765284780578893,Base
59:00,0.1822222222222205,0.9428571428571426,0.6890756302521008,0.6047183317771546,0.6765284780578893,1.7795067236499045,Medium,0.6765284780578893,Base
59:30,0.1822222222222205,0.9428571428571426,0.6974789915966386,0.6075194522253339,0.6803099906629313,1.7893283114073757,Medium,0.6803099906629313,Base
60:00,0.1999999999999993,0.9428571428571426,0.6890756302521008,0.610644257703081,0.680084033613445,1.7795067236499045,Medium,0.680084033613445,Base
60:30,0.1999999999999993,0.9428571428571426,0.6974789915966386,0.6134453781512602,0.683865546218487,1.7893283114073757,Medium,0.683865546218487,Base
61:00,0.1999999999999993,0.9428571428571426,0.7058823529411764,0.6162464985994395,0.6876470588235291,1.7992041072129514,Medium,0.6876470588235291,Base
61:30,0.1999999999999993,0.9428571428571426,0.7142857142857142,0.6190476190476187,0.6914285714285711,1.80913441025578,Medium,0.6914285714285711,Base
62:00,0.216296296296294,0.9428571428571426,0.7226890756302522,0.6272808382612296,0.6984693432928722,1.819119521376318,Medium,0.6984693432928722,Base
62:30,0.216296296296294,0.9428571428571426,0.0756302521008404,0.4115945637514257,0.4072928727046369,1.4190675485932571,Low,0.40729287270463693,Base
63:00,0.216296296296294,0.9428571428571426,0.7394957983193278,0.6328830791575881,0.7060323685029563,1.8392553795236148,Medium,0.7060323685029563,Base
63:30,0.216296296296294,0.9428571428571426,0.7478991596638656,0.6356841996057674,0.7098138811079983,1.8494067365701006,Medium,0.7098138811079983,Base
64:00,0.216296296296294,0.9428571428571426,0.7478991596638656,0.6356841996057674,0.7098138811079983,1.8494067365701006,Medium,0.7098138811079983,Base
64:30,0.23259259259259046,0.9428571428571426,0.7478991596638656,0.6411162983711995,0.7130731403672576,1.8494067365701006,Medium,0.7130731403672576,Base
65:00,0.23259259259259046,0.9428571428571426,0.7563025210084033,0.6439174188193788,0.7168546529722996,1.859614121752229,Medium,0.7168546529722996,Base
65:30,0.24888888888888694,0.9428571428571426,0.7563025210084033,0.649349517584811,0.7201139122315589,1.859614121752229,Medium,0.7201139122315589,Base
66:00,0.24888888888888694,0.9428571428571426,0.7647058823529411,0.6521506380329902,0.7238954248366009,1.869877844304713,Medium,0.7238954248366009,Base
66:30,0.24888888888888694,0.9428571428571426,0.7731092436974789,0.6549517584811695,0.7276769374416429,1.8801982151690173,Medium,0.7276769374416429,Base
67:00,0.24888888888888694,0.9428571428571426,0.7899159663865547,0.6605539993775281,0.7352399626517269,1.9010101541892754,Medium,0.7352399626517269,Base
67:30,0.2666666666666657,0.9428571428571426,0.7983193277310925,0.6692810457516337,0.7425770308123246,1.9115023528469564,Medium,0.7425770308123246,Base
68:00,0.2666666666666657,0.9428571428571426,0.7899159663865547,0.6664799253034543,0.7387955182072826,1.9010101541892754,Medium,0.7387955182072826,Base
68:30,0.2829629629629622,0.9428571428571426,0.7899159663865547,0.6719120240688866,0.7420547774665419,1.9010101541892754,Medium,0.7420547774665419,Base
69:00,0.2829629629629622,0.0,0.7983193277310925,0.36042743023135154,0.41583629007158407,1.3470129415205478,Low,0.4158362900715841,Base
69:30,0.29925925925925867,0.0,0.7983193277310925,0.3658595289967837,0.41909554933084336,1.3470129415205478,Low,0.4190955493308434,Base
70:00,0.29925925925925867,0.0,0.8067226890756303,0.36866064944496296,0.42287706193588537,1.354447476967797,Low,0.4228770619358854,Base
70:30,0.31555555555555337,0.0,0.8067226890756303,0.37409274821039457,0.42613632119514433,1.354447476967797,Low,0.42613632119514433,Base
71:00,0.31555555555555337,0.0,0.8151260504201681,0.3768938686585738,0.42991783380018633,1.361923045663958,Low,0.42991783380018633,Base
71:30,0.33333333333333215,0.0,0.8151260504201681,0.38281979458450005,0.4334733893557421,1.361923045663958,Low,0.4334733893557421,Base
72:00,0.33333333333333215,0.0,0.8235294117647058,0.3856209150326793,0.4372549019607841,1.369439874082833,Low,0.4372549019607841,Base
72:30,0.3496296296296286,0.0,0.8235294117647058,0.39105301379811147,0.4405141612200434,1.3757487020974486,Low,0.4405141612200434,Base
73:00,0.3496296296296286,0.0,0.8235294117647058,0.39105301379811147,0.4405141612200434,1.3757487020974486,Low,0.4405141612200434,Base
73:30,0.3659259259259251,0.0,0.8319327731092436,0.3992862330117229,0.4475549330843447,1.390102442856322,Low,0.4475549330843447,Base
74:00,0.3837037037037039,0.0,0.8319327731092436,0.40521215893764917,0.45111048863990044,1.3975153357121008,Low,0.45111048863990044,Base
74:30,0.3837037037037039,0.4285714285714286,0.8403361344537814,0.5508704222429713,0.6048920012449425,1.5527498717141643,Medium,0.6048920012449425,Base
75:00,0.40000000000000036,0.4285714285714286,0.8403361344537814,0.5563025210084035,0.6081512605042018,1.5603383996138585,Medium,0.6081512605042018,Base
75:30,0.40000000000000036,0.4285714285714286,0.8487394957983194,0.5591036414565828,0.6119327731092438,1.5689503370229667,Medium,0.6119327731092438,Base
76:00,0.41629629629629505,0.4285714285714286,0.1428571428571429,0.32924162257495554,0.29754497354497333,1.132432490980195,Low,0.29754497354497333,Base
76:30,0.43259259259259153,0.4285714285714286,0.865546218487395,0.575570079883805,0.626014316837846,1.6018601091112161,Medium,0.626014316837846,Base
77:00,0.43259259259259153,0.4285714285714286,0.8739495798319328,0.5783712003319843,0.629795829442888,1.6107012162718335,Medium,0.629795829442888,Base
77:30,0.43259259259259153,0.4285714285714286,0.8739495798319328,0.5783712003319843,0.629795829442888,1.6107012162718335,Medium,0.629795829442888,Base
78:00,0.45037037037036853,0.4285714285714286,0.8823529411764706,0.5870982467060892,0.6371328976034855,1.6282277894899992,Medium,0.6371328976034855,Base
78:30,0.45037037037036853,0.4285714285714286,0.8907563025210083,0.5898993671542685,0.6409144102085275,1.6372144271413756,Medium,0.6409144102085275,Base
79:00,0.45037037037036853,0.4285714285714286,0.8991596638655461,0.5927004876024478,0.6446959228135695,1.646250664521241,Medium,0.6446959228135695,Base
79:30,0.466666666666665,0.4285714285714286,0.9075630252100841,0.6009337068160593,0.6517366946778709,1.6634266612905897,Medium,0.6517366946778709,Base
80:00,0.466666666666665,0.4285714285714286,0.9075630252100841,0.6009337068160593,0.6517366946778709,1.6634266612905897,Medium,0.6517366946778709,Base
80:30,0.466666666666665,0.3142857142857143,0.9075630252100841,0.5628384687208211,0.6117366946778708,1.5458785710795997,Medium,0.6117366946778708,Base
81:00,0.4829629629629615,0.3142857142857143,0.8739495798319328,0.5570660856935362,0.5998699035169621,1.5196062475921668,Medium,0.5998699035169621,Base
81:30,0.4829629629629615,0.3142857142857143,0.8487394957983194,0.5486627243489984,0.588525365701836,1.4947200824665883,Medium,0.588525365701836,Base
82:00,0.4829629629629615,0.3142857142857143,0.865546218487395,0.554264965245357,0.59608839091192,1.5112651589152715,Medium,0.59608839091192,Base
82:30,0.49925925925925796,0.3142857142857143,0.8739495798319328,0.5624981844589684,0.6031291627762214,1.5270327974933895,Medium,0.6031291627762214,Base
83:00,0.49925925925925796,0.3142857142857143,0.8739495798319328,0.5624981844589684,0.6031291627762214,1.5270327974933895,Medium,0.6031291627762214,Base
83:30,0.5155555555555527,0.3142857142857143,0.12605042016806722,0.31863056333644474,0.26983380018674075,1.084127319568052,Low,0.2698338001867408,Base
84:00,0.5155555555555527,0.3142857142857143,0.8403361344537814,0.5567258014316828,0.5912623716153123,1.5010807593564939,Medium,0.5912623716153123,Base
84:30,0.5333333333333314,0.3142857142857143,0.8571428571428572,0.5682539682539677,0.602380952380952,1.5257895447618661,Medium,0.602380952380952,Base
85:00,0.5333333333333314,0.3142857142857143,0.8571428571428572,0.5682539682539677,0.602380952380952,1.5257895447618661,Medium,0.602380952380952,Base
85:30,0.5333333333333314,0.3142857142857143,0.8571428571428572,0.5682539682539677,0.602380952380952,1.5257895447618661,Medium,0.602380952380952,Base
86:00,0.5496296296296279,0.3142857142857143,0.8571428571428572,0.5736860670193998,0.6056402116402113,1.533246313389195,Medium,0.6056402116402113,Base
86:30,0.5496296296296279,0.3142857142857143,0.8571428571428572,0.5736860670193998,0.6056402116402113,1.533246313389195,Medium,0.6056402116402113,Base
87:00,0.5496296296296279,0.3142857142857143,0.8403361344537814,0.5680838261230412,0.5980771864301273,1.5164605909631619,Medium,0.5980771864301273,Base
87:30,0.5659259259259244,0.3142857142857143,0.8403361344537814,0.5735159248884734,0.6013364456893866,1.5238717675556974,Medium,0.6013364456893866,Base
88:00,0.5822222222222209,0.3142857142857143,0.13445378151260512,0.3436539060068468,0.2869486461251165,1.1059664378538347,Low,0.2869486461251165,Base
88:30,0.5822222222222209,0.3142857142857143,0.8487394957983194,0.5817491441020849,0.6083772175536879,1.5397709359633533,Medium,0.6083772175536879,Base
89:00,0.5999999999999996,0.3142857142857143,0.8571428571428572,0.5904761904761904,0.6157142857142857,1.5565256933173157,Medium,0.6157142857142857,Base
89:30,0.5999999999999996,0.3142857142857143,0.865546218487395,0.5932773109243696,0.6194957983193277,1.5651165873501962,Medium,0.6194957983193277,Base
90:00,0.6162962962962943,0.3142857142857143,0.8739495798319328,0.6015105301379805,0.6265365701836286,1.5814460795881218,Medium,0.6265365701836287,Base
90:30,0.6162962962962943,0.3142857142857143,0.8739495798319328,0.6015105301379805,0.6265365701836286,1.5814460795881218,Medium,0.6265365701836287,Base
91:00,0.6162962962962943,0.3142857142857143,0.8823529411764706,0.6043116505861598,0.6303180827886706,1.5901745160969345,Medium,0.6303180827886707,Base
91:30,0.6325925925925908,0.3142857142857143,0.8823529411764706,0.6097437493515919,0.6335773420479299,1.5979459440008137,Medium,0.63357734204793,Base
92:00,0.6325925925925908,0.3142857142857143,0.8739495798319328,0.6069426289034127,0.6297958294428879,1.589174850277742,Medium,0.629795829442888,Base
92:30,0.6325925925925908,0.657142857142857,0.8571428571428572,0.7156261022927684,0.7422328042328038,1.9582842269101175,High,0.7422328042328039,Base
93:00,0.6488888888888873,0.657142857142857,0.8487394957983194,0.7182570806100212,0.7417105508870211,1.9570531483171147,High,0.7417105508870212,Base
93:30,0.6488888888888873,0.657142857142857,0.8487394957983194,0.7182570806100212,0.7417105508870211,1.9570531483171147,High,0.7417105508870212,Base
94:00,0.6666666666666661,0.657142857142857,0.8319327731092436,0.718580765639589,0.7377030812324928,1.9459496334454398,High,0.737703081232493,Base
94:30,0.6666666666666661,0.657142857142857,0.7731092436974789,0.698972922502334,0.7112324929971987,1.8724006937610558,Medium,0.7112324929971987,Base
95:00,0.6666666666666661,0.657142857142857,0.7142857142857142,0.6793650793650791,0.6847619047619046,1.801631603275091,Medium,0.6847619047619047,Base
95:30,0.6666666666666661,0.657142857142857,0.05882352941176472,0.4608776844070959,0.3898039215686273,1.4131824193019795,Low,0.3898039215686273,Base
96:00,0.6666666666666661,0.657142857142857,0.7058823529411764,0.6765639589168998,0.6809803921568626,1.7917424829915796,Medium,0.6809803921568627,Base
96:30,0.6829629629629625,0.657142857142857,0.7226890756302522,0.6875982985786906,0.691802676626206,1.8204287520108873,Medium,0.691802676626206,Base
97:00,0.6829629629629625,0.657142857142857,0.7142857142857142,0.6847971781305112,0.6880211640211639,1.8104364545492573,Medium,0.688021164021164,Base
97:30,0.6829629629629625,0.657142857142857,0.7142857142857142,0.6847971781305112,0.6880211640211639,1.8104364545492573,Medium,0.688021164021164,Base
98:00,0.6829629629629625,0.657142857142857,0.7142857142857142,0.6847971781305112,0.6880211640211639,1.8104364545492573,Medium,0.688021164021164,Base
98:30,0.6829629629629625,0.657142857142857,0.73109243697479,0.6903994190268699,0.695584189231248,1.8304761997144996,Medium,0.695584189231248,Base
99:00,0.6829629629629625,0.657142857142857,0.7394957983193278,0.6932005394750491,0.69936570183629,1.8405791020494702,Medium,0.69936570183629,Base
99:30,0.6829629629629625,0.657142857142857,0.7478991596638656,0.6960016599232284,0.703147214441332,1.8507377650851842,Medium,0.703147214441332,Base
100:00,0.6829629629629625,0.2857142857142858,0.7647058823529411,0.5777943770100632,0.5807102396514161,1.4746324085615876,Medium,0.5807102396514161,Base
100:30,0.699259259259259,0.2857142857142858,0.7647058823529411,0.5832264757754954,0.5839694989106754,1.4818391643810611,Medium,0.5839694989106754,Base
101:00,0.6829629629629625,0.2857142857142858,0.7731092436974789,0.5805954974582425,0.5844917522564581,1.4827713109991083,Medium,0.5844917522564581,Base
101:30,0.699259259259259,0.2857142857142858,0.7815126050420169,0.5888287166718539,0.5915325241207595,1.4982416617763459,Medium,0.5915325241207595,Base
102:00,0.699259259259259,0.2857142857142858,0.7983193277310925,0.5944309575682124,0.5990955493308435,1.5148257186331895,Medium,0.5990955493308435,Base
102:30,0.699259259259259,0.2857142857142858,0.8067226890756303,0.5972320780163917,0.6028770619358855,1.523186459019893,Medium,0.6028770619358855,Base
103:00,0.699259259259259,0.2857142857142858,0.8151260504201681,0.6000331984645709,0.6066585745409275,1.531593344635684,Medium,0.6066585745409275,Base
103:30,0.699259259259259,0.2857142857142858,0.8235294117647058,0.6028343189127502,0.6104400871459695,1.540046630168792,Medium,0.6104400871459695,Base
104:00,0.699259259259259,0.2857142857142858,0.12605042016806722,0.3703413217138707,0.2965745409274821,1.1245814141349002,Low,0.29657454092748214,Base
104:30,0.699259259259259,0.2857142857142858,0.8487394957983194,0.6112376802572881,0.6217846249610955,1.5656874542863262,Medium,0.6217846249610957,Base
105:00,0.699259259259259,0.2857142857142858,0.8571428571428572,0.6140388007054673,0.6255661375661375,1.574328914601522,Medium,0.6255661375661377,Base
105:30,0.699259259259259,0.2857142857142858,0.865546218487395,0.6168399211536466,0.6293476501711796,1.5830180695164127,Medium,0.6293476501711797,Base
106:00,0.6829629629629625,0.2857142857142858,0.8739495798319328,0.6142089428363937,0.6298699035169623,1.5840138624305673,Medium,0.6298699035169624,Base
106:30,0.699259259259259,0.2857142857142858,0.1512605042016807,0.3787446830584085,0.30791907874260815,1.1245814141349002,Low,0.30791907874260815,Base
107:00,0.699259259259259,0.2857142857142858,0.8907563025210083,0.6252432824981844,0.6406921879863056,1.609374341528059,Medium,0.6406921879863057,Base
107:30,0.699259259259259,0.2857142857142858,0.8907563025210083,0.6252432824981844,0.6406921879863056,1.609374341528059,Medium,0.6406921879863057,Base
108:00,0.699259259259259,0.2857142857142858,0.8739495798319328,0.6196410416018259,0.6331291627762216,1.5917551822706306,Medium,0.6331291627762217,Base
108:30,0.699259259259259,0.2857142857142858,0.8487394957983194,0.6112376802572881,0.6217846249610955,1.5656874542863262,Medium,0.6217846249610957,Base
109:00,0.699259259259259,0.2857142857142858,0.8235294117647058,0.6028343189127502,0.6104400871459695,1.540046630168792,Medium,0.6104400871459695,Base
109:30,0.699259259259259,0.2857142857142858,0.7983193277310925,0.5944309575682124,0.5990955493308435,1.5148257186331895,Medium,0.5990955493308435,Base
110:00,0.699259259259259,0.2857142857142858,0.11764705882352944,0.3675402012656914,0.2927930283224401,1.1245814141349002,Low,0.29279302832244014,Base
110:30,0.717037037037036,0.2857142857142858,0.8151260504201681,0.6059591243904966,0.610214130096483,1.5397607551893107,Medium,0.610214130096483,Base
111:00,0.717037037037036,0.2857142857142858,0.8319327731092436,0.6115613652868551,0.617777155306567,1.5568043874426822,Medium,0.617777155306567,Base
111:30,0.717037037037036,0.2857142857142858,0.11764705882352944,0.3734661271916171,0.29634858387799545,1.1305783833319705,Low,0.29634858387799556,Base
112:00,0.717037037037036,0.2857142857142858,0.8235294117647058,0.6087602448386759,0.613995642701525,1.5482591189109065,Medium,0.613995642701525,Base
112:30,0.717037037037036,0.2857142857142858,0.8403361344537814,0.6143624857350344,0.621558667911609,1.5653968196652044,Medium,0.621558667911609,Base
113:00,0.717037037037036,0.2857142857142858,0.8487394957983194,0.6171636061832138,0.625340180516651,1.5740366758878739,Medium,0.625340180516651,Base
113:30,0.7333333333333325,0.2857142857142858,0.8571428571428572,0.6253968253968252,0.6323809523809523,1.590459235005108,Medium,0.6323809523809523,Base
114:00,0.7333333333333325,0.2857142857142858,0.865546218487395,0.6281979458450044,0.6361624649859943,1.5992374176012625,Medium,0.6361624649859943,Base
114:30,0.7333333333333325,0.2857142857142858,0.865546218487395,0.6281979458450044,0.6361624649859943,1.5992374176012625,Medium,0.6361624649859943,Base
115:00,0.749629629629629,0.2857142857142858,0.8739495798319328,0.6364311650586159,0.6432032368502956,1.6159229062149476,Medium,0.6432032368502956,Base
115:30,0.749629629629629,0.2857142857142858,0.15966386554621848,0.3983359269633778,0.32177466542172417,1.14165600793704,Low,0.32177466542172417,Base
116:00,0.7659259259259255,0.2857142857142858,0.1428571428571429,0.3981657848324514,0.31747089947089946,1.1472354567754544,Low,0.31747089947089946,Base
116:30,0.7659259259259255,0.2857142857142858,0.8739495798319328,0.641863263824048,0.6464624961095549,1.623820170469125,Medium,0.6464624961095549,Base
117:00,0.7659259259259255,0.2857142857142858,0.8739495798319328,0.641863263824048,0.6464624961095549,1.623820170469125,Medium,0.6464624961095549,Base
117:30,0.7659259259259255,0.2857142857142858,0.865546218487395,0.6390621433758688,0.6426809835045129,1.6149070536280516,Medium,0.6426809835045129,Base
118:00,0.7659259259259255,0.2857142857142858,0.865546218487395,0.6390621433758688,0.6426809835045129,1.6149070536280516,Medium,0.6426809835045129,Base
118:30,0.7659259259259255,0.2857142857142858,0.8739495798319328,0.641863263824048,0.6464624961095549,1.623820170469125,Medium,0.6464624961095549,Base
119:00,0.7837037037037025,0.2857142857142858,0.8823529411764706,0.6505903101981529,0.6537995642701523,1.6414894953714403,Medium,0.6537995642701523,Base
119:30,0.7837037037037025,0.2857142857142858,0.8907563025210083,0.6533914306463322,0.6575810768751943,1.6505493280303978,Medium,0.6575810768751943,Base
120:00,0.7837037037037025,0.2857142857142858,0.9075630252100841,0.6589936715426908,0.6651441020852784,1.6688192804682627,Medium,0.6651441020852784,Base
120:30,0.7837037037037025,0.48571428571428577,0.9159663865546219,0.7284614586575368,0.7389256146903204,1.9076522130465217,Medium,0.7389256146903204,Base
121:00,0.7837037037037025,0.48571428571428577,0.9243697478991597,0.731262579105716,0.7427071272953624,1.9181810710565332,Medium,0.7427071272953624,Base
121:30,0.7999999999999972,0.48571428571428577,0.9243697478991597,0.7366946778711476,0.7459663865546213,1.9275555175398595,Medium,0.7459663865546213,Base
122:00,0.7999999999999972,0.48571428571428577,0.9075630252100841,0.7310924369747891,0.7384033613445373,1.906452964352126,Medium,0.7384033613445373,Base
122:30,0.7999999999999972,0.48571428571428577,0.9075630252100841,0.7310924369747891,0.7384033613445373,1.906452964352126,Medium,0.7384033613445373,Base
123:00,0.8162962962962936,0.48571428571428577,0.9159663865546219,0.7393256561884005,0.7454441332088386,1.9263437566004313,Medium,0.7454441332088386,Base
123:30,0.8162962962962936,0.48571428571428577,0.17647058823529416,0.49282705674862454,0.4126710239651411,1.3240257074137949,Low,0.41267102396514116,Base
124:00,0.8162962962962936,0.48571428571428577,0.9327731092436975,0.744927897084759,0.7530071584189226,1.9476664812317908,High,0.7530071584189226,Base
124:30,0.8162962962962936,0.48571428571428577,0.9327731092436975,0.744927897084759,0.7530071584189226,1.9476664812317908,High,0.7530071584189226,Base
125:00,0.8162962962962936,0.48571428571428577,0.9243697478991597,0.7421267766365798,0.7492256458138806,1.93697577838774,Medium,0.7492256458138806,Base
125:30,0.8162962962962936,0.48571428571428577,0.9243697478991597,0.7421267766365798,0.7492256458138806,1.93697577838774,Medium,0.7492256458138806,Base
126:00,0.8325925925925901,0.48571428571428577,0.8907563025210083,0.7363543936092948,0.7373588546529718,1.9040567282183691,Medium,0.7373588546529718,Base
126:30,0.8325925925925901,0.48571428571428577,0.8571428571428572,0.7251499118165777,0.7222328042328038,1.8625943541697054,Medium,0.7222328042328038,Base
127:00,0.8325925925925901,0.48571428571428577,0.865546218487395,0.727951032264757,0.7260143168378458,1.8728745254457806,Medium,0.7260143168378458,Base
127:30,0.8325925925925901,0.48571428571428577,0.8739495798319328,0.7307521527129363,0.7297958294428878,1.8832114358187122,Medium,0.7297958294428878,Base
128:00,0.8488888888888866,0.48571428571428577,0.8823529411764706,0.7389853719265477,0.7368366013071891,1.902859739831412,Medium,0.7368366013071891,Base
128:30,0.8488888888888866,0.37142857142857144,0.8907563025210083,0.7036912542794888,0.7006181139122312,1.7781520582659784,Medium,0.7006181139122312,Base
129:00,0.8488888888888866,0.37142857142857144,0.865546218487395,0.695287892934951,0.6892735760971052,1.7490317609452013,Medium,0.6892735760971052,Base
129:30,0.8488888888888866,0.37142857142857144,0.8487394957983194,0.6896856520385924,0.6817105508870211,1.7298836557796036,Medium,0.6817105508870211,Base
130:00,0.8666666666666654,0.37142857142857144,0.8571428571428572,0.698412698412698,0.6890476190476189,1.7487070925819346,Medium,0.6890476190476189,Base
130:30,0.8666666666666654,0.37142857142857144,0.8739495798319328,0.7040149393090566,0.6966106442577029,1.768063554619548,Medium,0.6966106442577029,Base
131:00,0.8666666666666654,0.37142857142857144,0.8823529411764706,0.7068160597572358,0.7003921568627449,1.7778219843752194,Medium,0.7003921568627449,Base
131:30,0.8666666666666654,0.37142857142857144,0.8907563025210083,0.7096171802054151,0.7041736694677869,1.787634273592587,Medium,0.7041736694677869,Base
132:00,0.8829629629629618,0.37142857142857144,0.8991596638655461,0.7178503994190265,0.7112144413320882,1.8062853825456286,Medium,0.7112144413320882,Base
132:30,0.8829629629629618,0.37142857142857144,0.9075630252100841,0.7206515198672058,0.7149959539371302,1.8162547690974942,Medium,0.7149959539371302,Base
133:00,0.8829629629629618,0.37142857142857144,0.9159663865546219,0.723452640315385,0.7187774665421722,1.8262791794397202,Medium,0.7187774665421722,Base
133:30,0.8829629629629618,0.37142857142857144,0.10924369747899165,0.45454507729017496,0.3557522564581386,1.2552487447827403,Low,0.3557522564581387,Base
134:00,0.8992592592592583,0.37142857142857144,0.8151260504201681,0.695271293702666,0.6766585745409274,1.7179070385699493,Medium,0.6766585745409274,Base
134:30,0.8992592592592583,0.37142857142857144,0.8235294117647058,0.6980724141508453,0.6804400871459694,1.727388640698367,Medium,0.6804400871459694,Base
135:00,0.8992592592592583,0.37142857142857144,0.8067226890756303,0.6924701732544868,0.6728770619358854,1.7084774807683285,Medium,0.6728770619358854,Base
135:30,0.8992592592592583,0.37142857142857144,0.8067226890756303,0.6924701732544868,0.6728770619358854,1.7084774807683285,Medium,0.6728770619358854,Base
136:00,0.8992592592592583,0.37142857142857144,0.8319327731092436,0.7008735345990246,0.6842215997510114,1.736922574400556,Medium,0.6842215997510114,Base
136:30,0.915555555555553,0.37142857142857144,0.8319327731092436,0.7063056333644561,0.6874808590102703,1.7454111826790386,Medium,0.6874808590102703,Base
137:00,0.915555555555553,0.37142857142857144,0.7815126050420169,0.6894989106753805,0.6647917833800183,1.6887110782383892,Medium,0.6647917833800183,Base
137:30,0.915555555555553,0.7428571428571429,0.7478991596638656,0.8021039526921871,0.7796657329598502,2.0962142286868644,High,0.7796657329598502,Base
138:00,0.915555555555553,0.7428571428571429,0.7563025210084033,0.8049050731403664,0.7834472455648922,2.107783812398962,High,0.7834472455648922,Base
138:30,0.915555555555553,0.7428571428571429,0.7647058823529411,0.8077061935885457,0.7872287581699342,2.1194172518303076,High,0.7872287581699342,Base
139:00,0.915555555555553,0.7428571428571429,0.7647058823529411,0.8077061935885457,0.7872287581699342,2.1194172518303076,High,0.7872287581699342,Base
139:30,0.915555555555553,0.7428571428571429,0.7731092436974789,0.8105073140367249,0.7910102707749762,2.131114899418205,High,0.7910102707749762,Base
140:00,0.915555555555553,0.7428571428571429,0.10084033613445387,0.5864176781823832,0.4884892623716149,1.6084453073561198,Medium,0.48848926237161494,Base
140:30,0.915555555555553,0.7428571428571429,0.7899159663865547,0.8161095549330835,0.7985732959850602,2.1547042385495945,High,0.7985732959850603,Base
141:00,0.915555555555553,0.7428571428571429,0.7983193277310925,0.8189106753812627,0.8023548085901022,2.1665966447366887,High,0.8023548085901023,Base
141:30,0.915555555555553,0.7428571428571429,0.7983193277310925,0.8189106753812627,0.8023548085901022,2.1665966447366887,High,0.8023548085901023,Base
142:00,0.915555555555553,0.7428571428571429,0.7899159663865547,0.8161095549330835,0.7985732959850602,2.1547042385495945,High,0.7985732959850603,Base
142:30,0.915555555555553,0.7428571428571429,0.7815126050420169,0.8133084344849042,0.7947917833800182,2.1428771095451555,High,0.7947917833800183,Base
143:00,0.915555555555553,0.7428571428571429,0.7731092436974789,0.8105073140367249,0.7910102707749762,2.131114899418205,High,0.7910102707749762,Base
143:30,0.915555555555553,0.7428571428571429,0.7647058823529411,0.8077061935885457,0.7872287581699342,2.1194172518303076,High,0.7872287581699342,Base
144:00,0.915555555555553,0.7428571428571429,0.0672268907563025,0.5752131963896662,0.47336321195144676,1.6084453073561198,Medium,0.4733632119514468,Base
144:30,0.915555555555553,0.7428571428571429,0.73109243697479,0.7965017117958286,0.7721027077497662,2.0732652283331903,High,0.7721027077497662,Base
145:00,0.915555555555553,0.7428571428571429,0.7394957983193278,0.7993028322440079,0.7758842203548082,2.0847081501912332,High,0.7758842203548082,Base
145:30,0.915555555555553,0.7428571428571429,0.09243697478991597,0.583616557734204,0.4847077497665728,1.6084453073561198,Medium,0.4847077497665729,Base
146:00,0.915555555555553,0.7428571428571429,0.7647058823529411,0.8077061935885457,0.7872287581699342,2.1194172518303076,High,0.7872287581699342,Base
146:30,0.915555555555553,0.7428571428571429,0.7478991596638656,0.8021039526921871,0.7796657329598502,2.0962142286868644,High,0.7796657329598502,Base
147:00,0.915555555555553,0.7428571428571429,0.6974789915966386,0.7852972300031116,0.756976657329598,2.0281182024461653,High,0.7569766573295981,Base
147:30,0.915555555555553,0.7428571428571429,0.6722689075630253,0.7768938686585738,0.745632119514472,1.9949042797209593,High,0.7456321195144721,Base
148:00,0.915555555555553,0.7428571428571429,0.680672268907563,0.7796949891067531,0.749413632119514,2.00591470591977,High,0.7494136321195141,Base
148:30,0.915555555555553,0.7428571428571429,0.7058823529411764,0.7880983504512908,0.76075816993464,2.0393119454329827,High,0.7607581699346401,Base
149:00,0.915555555555553,0.7428571428571429,0.0672268907563025,0.5752131963896662,0.47336321195144676,1.6084453073561198,Medium,0.4733632119514468,Base
149:30,0.915555555555553,0.7428571428571429,0.08403361344537819,0.5808154372860247,0.4809262371615308,1.6084453073561198,Medium,0.4809262371615309,Base
150:00,0.915555555555553,0.7428571428571429,0.09243697478991597,0.583616557734204,0.4847077497665728,1.6084453073561198,Medium,0.4847077497665729,Base
150:30,0.8992592592592583,0.7428571428571429,0.08403361344537819,0.5753833385205932,0.47766697790227186,1.6006228169956804,Medium,0.47766697790227197,Base
151:00,0.8992592592592583,0.7428571428571429,0.7563025210084033,0.7994729743749348,0.7801879863056332,2.0975328461528773,High,0.7801879863056332,Base
151:30,0.8992592592592583,0.7428571428571429,0.7647058823529411,0.8022740948231141,0.7839694989106752,2.1091097076779715,High,0.7839694989106752,Base
152:00,0.915555555555553,0.7428571428571429,0.7731092436974789,0.8105073140367249,0.7910102707749762,2.131114899418205,High,0.7910102707749762,Base
152:30,0.915555555555553,0.7428571428571429,0.7731092436974789,0.8105073140367249,0.7910102707749762,2.131114899418205,High,0.7910102707749762,Base
153:00,0.915555555555553,0.7428571428571429,0.7815126050420169,0.8133084344849042,0.7947917833800182,2.1428771095451555,High,0.7947917833800183,Base
153:30,0.915555555555553,0.7428571428571429,0.7983193277310925,0.8189106753812627,0.8023548085901022,2.1665966447366887,High,0.8023548085901023,Base
154:00,0.915555555555553,0.7142857142857144,0.7983193277310925,0.8093868658574532,0.7923548085901022,2.1272620675158107,High,0.7923548085901023,Base
154:30,0.915555555555553,0.7142857142857144,0.7731092436974789,0.8009835045129154,0.7810102707749762,2.092424493531457,High,0.7810102707749763,Base
155:00,0.915555555555553,0.7142857142857144,0.7478991596638656,0.7925801431683777,0.7696657329598502,2.0581574447210573,High,0.7696657329598503,Base
155:30,0.915555555555553,0.7142857142857144,0.7478991596638656,0.7925801431683777,0.7696657329598502,2.0581574447210573,High,0.7696657329598503,Base
156:00,0.915555555555553,0.7142857142857144,0.7647058823529411,0.7981823840647362,0.7772287581699342,2.080939216817237,High,0.7772287581699343,Base
156:30,0.915555555555553,0.7142857142857144,0.7647058823529411,0.7981823840647362,0.7772287581699342,2.080939216817237,High,0.7772287581699343,Base
157:00,0.915555555555553,0.7142857142857144,0.7563025210084033,0.7953812636165569,0.7734472455648922,2.0695169825600375,High,0.7734472455648923,Base
157:30,0.915555555555553,0.7142857142857144,0.7731092436974789,0.8009835045129154,0.7810102707749762,2.092424493531457,High,0.7810102707749763,Base
158:00,0.8992592592592583,0.7142857142857144,0.7815126050420169,0.7983525261956631,0.7815325241207594,2.093740727075589,High,0.7815325241207594,Base
158:30,0.8992592592592583,0.7142857142857144,0.7731092436974789,0.7955514057474838,0.7777510115157173,2.0822482255814436,High,0.7777510115157173,Base
159:00,0.8992592592592583,0.6285714285714286,0.7815126050420169,0.7697810976242346,0.7515325241207593,1.9817628833239318,High,0.7515325241207593,Base
159:30,0.8992592592592583,0.6285714285714286,0.7563025210084033,0.7613777362796967,0.7401879863056332,1.9493081086530013,High,0.7401879863056332,Base
160:00,0.8992592592592583,0.6285714285714286,0.7226890756302522,0.7501732544869797,0.7250619358854652,1.9068603492247989,Medium,0.7250619358854652,Base
160:30,0.8992592592592583,0.6285714285714286,0.6890756302521008,0.7389687726942625,0.7099358854652971,1.865336924062932,Medium,0.7099358854652971,Base
161:00,0.8992592592592583,0.6285714285714286,0.6722689075630253,0.733366531797904,0.7023728602552131,1.8449155295583937,Medium,0.7023728602552131,Base
161:30,0.8992592592592583,0.6285714285714286,0.680672268907563,0.7361676522460833,0.7061543728602551,1.8550981265319604,Medium,0.7061543728602551,Base
162:00,0.8829629629629618,0.6285714285714286,0.6638655462184875,0.7251333125842926,0.6953320883909118,1.8258655384089009,Medium,0.6953320883909118,Base
162:30,0.8829629629629618,0.6285714285714286,0.04201680672268915,0.5178503994190266,0.4155001556178025,1.4802784885768503,Medium,0.4155001556178025,Base
163:00,0.8829629629629618,0.6285714285714286,0.680672268907563,0.7307355534806511,0.7028951136009958,1.8460760683083455,Medium,0.7028951136009958,Base
163:30,0.8829629629629618,0.6285714285714286,0.6890756302521008,0.7335366739288304,0.7066766262060378,1.8562650706149335,Medium,0.7066766262060378,Base
164:00,0.8829629629629618,0.6285714285714286,0.6974789915966386,0.7363377943770096,0.7104581388110798,1.8665103088317239,Medium,0.7104581388110798,Base
164:30,0.8829629629629618,0.6285714285714286,0.7142857142857142,0.7419400352733682,0.7180211640211638,1.887170736234904,Medium,0.7180211640211638,Base
165:00,0.8829629629629618,0.6285714285714286,0.7142857142857142,0.7419400352733682,0.7180211640211638,1.887170736234904,Medium,0.7180211640211638,Base
165:30,0.8829629629629618,0.6285714285714286,0.7226890756302522,0.7447411557215475,0.7218026766262059,1.8975865513329477,Medium,0.7218026766262059,Base
166:00,0.8829629629629618,0.6285714285714286,0.73109243697479,0.7475422761697268,0.7255841892312479,1.9080598541834632,Medium,0.7255841892312479,Base
166:30,0.8829629629629618,0.6285714285714286,0.7226890756302522,0.7447411557215475,0.7218026766262059,1.8975865513329477,Medium,0.7218026766262059,Base
167:00,0.8829629629629618,0.5142857142857142,0.7142857142857142,0.7038447971781302,0.6780211640211637,1.7538114958735835,Medium,0.6780211640211637,Base
167:30,0.8829629629629618,0.5142857142857142,0.7226890756302522,0.7066459176263095,0.6818026766262059,1.7634912645914305,Medium,0.6818026766262059,Base
168:00,0.8829629629629618,0.5142857142857142,0.08403361344537819,0.4937607635646848,0.3944077186430125,1.3756727891722151,Low,0.3944077186430126,Base
168:30,0.8829629629629618,0.5142857142857142,0.7394957983193278,0.712248158522668,0.6893657018362899,1.7830113728254098,Medium,0.6893657018362899,Base
169:00,0.8829629629629618,0.5142857142857142,0.7394957983193278,0.712248158522668,0.6893657018362899,1.7830113728254098,Medium,0.6893657018362899,Base
169:30,0.8829629629629618,0.5142857142857142,0.7058823529411764,0.7010436767299509,0.6742396514161217,1.7441848592150286,Medium,0.6742396514161217,Base
170:00,0.8829629629629618,0.5142857142857142,0.6722689075630253,0.6898391949372339,0.6591136009959537,1.7062038243167368,Medium,0.6591136009959537,Base
170:30,0.8829629629629618,0.5142857142857142,0.6638655462184875,0.6870380744890546,0.6553320883909117,1.6968385052269832,Medium,0.6553320883909117,Base
171:00,0.8829629629629618,0.5142857142857142,0.6722689075630253,0.6898391949372339,0.6591136009959537,1.7062038243167368,Medium,0.6591136009959537,Base
171:30,0.8666666666666654,0.5142857142857142,0.05882352941176472,0.4799253034547148,0.3798039215686272,1.368982361413681,Low,0.3798039215686272,Base
172:00,0.8829629629629618,0.5142857142857142,0.7058823529411764,0.7010436767299509,0.6742396514161217,1.7441848592150286,Medium,0.6742396514161217,Base
172:30,0.8666666666666654,0.5142857142857142,0.050420168067226934,0.47712418300653553,0.3760224089635852,1.368982361413681,Low,0.3760224089635852,Base
173:00,0.8666666666666654,0.5142857142857142,0.6974789915966386,0.6928104575163395,0.6671988795518204,1.72617497984723,Medium,0.6671988795518204,Base
173:30,0.8666666666666654,0.5142857142857142,0.6890756302521008,0.6900093370681603,0.6634173669467784,1.716700039479251,Medium,0.6634173669467784,Base
174:00,0.8666666666666654,0.5142857142857142,0.6554621848739497,0.6788048552754432,0.6482913165266104,1.679317508742971,Medium,0.6482913165266104,Base
174:30,0.8666666666666654,0.5142857142857142,0.6386554621848739,0.6732026143790845,0.6407282913165263,1.660932623469954,Medium,0.6407282913165263,Base
175:00,0.8666666666666654,0.5142857142857142,0.6134453781512605,0.6647992530345467,0.6293837535014003,1.6337319959418504,Medium,0.6293837535014003,Base
175:30,0.8666666666666654,0.5142857142857142,0.6050420168067228,0.6619981325863674,0.6256022408963583,1.6247644732865414,Medium,0.6256022408963583,Base
176:00,0.8666666666666654,0.5142857142857142,0.6218487394957983,0.6676003734827259,0.6331652661064423,1.6427490128247202,Medium,0.6331652661064423,Base
176:30,0.8666666666666654,0.5142857142857142,0.596638655462185,0.6591970121381882,0.6218207282913163,1.6158461731859557,Medium,0.6218207282913163,Base
177:00,0.8666666666666654,0.5142857142857142,0.596638655462185,0.6591970121381882,0.6218207282913163,1.6158461731859557,Medium,0.6218207282913163,Base
177:30,0.8666666666666654,0.3142857142857143,0.6134453781512605,0.59813258636788,0.5593837535014003,1.4370812493090652,Low,0.5593837535014003,Base
178:00,0.8488888888888866,0.3142857142857143,0.6218487394957983,0.5950077808901331,0.5596097105508866,1.4373480606115834,Low,0.5596097105508866,Base
178:30,0.8488888888888866,0.3142857142857143,0.6386554621848739,0.6006100217864916,0.5671727357609706,1.4532580853882235,Low,0.5671727357609706,Base
179:00,0.8488888888888866,0.3142857142857143,0.6638655462184875,0.6090133831310295,0.5785172735760967,1.4774539339001218,Medium,0.5785172735760967,Base
179:30,0.8488888888888866,0.3142857142857143,0.7058823529411764,0.6230189853719258,0.5974248366013067,1.5186788688246788,Medium,0.5974248366013067,Base
180:00,0.8488888888888866,0.3142857142857143,0.7058823529411764,0.6230189853719258,0.5974248366013067,1.5186788688246788,Medium,0.5974248366013067,Base
180:30,0.8488888888888866,0.3142857142857143,0.680672268907563,0.614615624027388,0.5860802987861807,1.4938078911209594,Medium,0.5860802987861807,Base
181:00,0.8325925925925901,0.3142857142857143,0.680672268907563,0.6091835252619558,0.5828210395269214,1.4865429267636379,Medium,0.5828210395269214,Base
181:30,0.8325925925925901,0.3142857142857143,0.680672268907563,0.6091835252619558,0.5828210395269214,1.4865429267636379,Medium,0.5828210395269214,Base
182:00,0.8325925925925901,0.3142857142857143,0.6890756302521008,0.6119846457101351,0.5866025521319634,1.4947475666317644,Medium,0.5866025521319634,Base
182:30,0.8325925925925901,0.3142857142857143,0.7142857142857142,0.6203880070546729,0.5979470899470894,1.5196341893516985,Medium,0.5979470899470894,Base
183:00,0.8325925925925901,0.3142857142857143,0.7226890756302522,0.6231891275028522,0.6017286025521316,1.5280214690127492,Medium,0.6017286025521316,Base
183:30,0.8325925925925901,0.3142857142857143,0.025210084033613467,0.39069613030397266,0.28786305633364406,1.191986372940046,Low,0.2878630563336441,Base
184:00,0.8325925925925901,0.3142857142857143,0.6470588235294117,0.5979790434692387,0.5676949891067533,1.4541722531616272,Low,0.5676949891067533,Base
184:30,0.8162962962962936,0.3142857142857143,0.6722689075630253,0.6009503060483444,0.5757802676626201,1.4711933732775948,Medium,0.5757802676626201,Base
185:00,0.8162962962962936,0.3142857142857143,0.6890756302521008,0.606552546944703,0.5833432928727041,1.4874780322697363,Medium,0.5833432928727041,Base
185:30,0.8162962962962936,0.3142857142857143,0.680672268907563,0.6037514264965237,0.5795617802676621,1.4793132947321308,Medium,0.5795617802676621,Base
186:00,0.8162962962962936,0.3142857142857143,0.6722689075630253,0.6009503060483444,0.5757802676626201,1.4711933732775948,Medium,0.5757802676626201,Base
186:30,0.8162962962962936,0.3142857142857143,0.6638655462184875,0.5981491856001652,0.5719987550575781,1.4631180219115332,Medium,0.5719987550575781,Base
187:00,0.8162962962962936,0.9714285714285715,0.6638655462184875,0.8171968046477843,0.8019987550575782,2.0218837880651916,High,0.8019987550575782,Base
187:30,0.7999999999999972,0.9714285714285715,0.6722689075630253,0.8145658263305314,0.8025210084033609,2.0231556481836392,High,0.8025210084033609,Base
188:00,0.8162962962962936,0.9714285714285715,0.6554621848739497,0.8143956841996051,0.7982172424525362,2.0107857078899154,High,0.7982172424525362,Base
188:30,0.7999999999999972,0.9714285714285715,0.6050420168067228,0.7921568627450971,0.7722689075630247,1.9360033013412186,Medium,0.7722689075630247,Base
189:00,0.7999999999999972,0.9714285714285715,0.588235294117647,0.7865546218487385,0.7647058823529407,1.9148082632391128,Medium,0.7647058823529407,Base
189:30,0.7999999999999972,0.9714285714285715,0.008403361344537896,0.5932773109243689,0.5037815126050416,1.6312237341167974,Medium,0.5037815126050416,Base
190:00,0.7999999999999972,0.9714285714285715,0.588235294117647,0.7865546218487385,0.7647058823529407,1.9148082632391128,Medium,0.7647058823529407,Base
190:30,0.7999999999999972,0.9714285714285715,0.596638655462185,0.7893557422969179,0.7684873949579827,1.9253766174612095,Medium,0.7684873949579827,Base
191:00,0.7837037037037025,0.9714285714285715,0.6050420168067228,0.7867247639796656,0.7690096483037657,1.9265877700245748,Medium,0.7690096483037657,Base
191:30,0.7837037037037025,0.9714285714285715,0.596638655462185,0.7839236435314864,0.7652281356987237,1.9160127678099816,Medium,0.7652281356987237,Base
192:00,0.7837037037037025,0.9714285714285715,0.6050420168067228,0.7867247639796656,0.7690096483037657,1.9265877700245748,Medium,0.7690096483037657,Base
192:30,0.7837037037037025,0.9714285714285715,0.01680672268907568,0.5906463326071165,0.5043037659508246,1.6232904634749605,Medium,0.5043037659508246,Base
193:00,0.7837037037037025,0.9714285714285715,0.6218487394957983,0.7923270048760241,0.7765726735138497,1.9479131956437674,High,0.7765726735138497,Base
193:30,0.7837037037037025,0.9714285714285715,0.6302521008403361,0.7951281253242034,0.7803541861188917,1.9586642651062707,High,0.7803541861188917,Base
194:00,0.7659259259259255,0.9714285714285715,0.6386554621848739,0.792003319846457,0.7805801431683783,1.9590279145269427,High,0.7805801431683783,Base
194:30,0.7659259259259255,0.9714285714285715,0.6470588235294117,0.7948044402946363,0.7843616557734203,1.9698403291844149,High,0.7843616557734203,Base
195:00,0.7659259259259255,0.9714285714285715,0.6554621848739497,0.7976055607428156,0.7881431683784625,1.9807124205365672,High,0.7881431683784625,Base
195:30,0.7659259259259255,0.9714285714285715,0.6638655462184875,0.8004066811909949,0.7919246809835045,1.9916445179555147,High,0.7919246809835045,Base
196:00,0.7659259259259255,0.9714285714285715,0.6722689075630253,0.8032078016391742,0.7957061935885466,2.002636952631269,High,0.7957061935885466,Base
196:30,0.7659259259259255,0.5714285714285716,0.6722689075630253,0.6698744683058407,0.6557061935885465,1.7089880560902138,Medium,0.6557061935885466,Base
197:00,0.7659259259259255,0.5714285714285716,0.6722689075630253,0.6698744683058407,0.6557061935885465,1.7089880560902138,Medium,0.6557061935885466,Base
197:30,0.7659259259259255,0.5714285714285716,0.680672268907563,0.67267558875402,0.6594877061935885,1.7184204318976692,Medium,0.6594877061935887,Base
198:00,0.7659259259259255,0.5714285714285716,0.6890756302521008,0.6754767092021993,0.6632692187986305,1.7279048675852724,Medium,0.6632692187986307,Base
198:30,0.7659259259259255,0.5714285714285716,0.6554621848739497,0.6642722274094822,0.6481431683784625,1.6902783426616357,Medium,0.6481431683784626,Base
199:00,0.749629629629629,0.5714285714285716,0.6050420168067228,0.6420334059549745,0.6221948334889511,1.6274158100181024,Medium,0.6221948334889511,Base
199:30,0.7659259259259255,0.5714285714285716,0.01680672268907568,0.45138707334785755,0.3607482103952692,1.3779176510315856,Low,0.3607482103952693,Base
200:00,0.749629629629629,0.5714285714285716,0.6218487394957983,0.647635646851333,0.6297578586990351,1.6454296972377833,Medium,0.6297578586990351,Base
200:30,0.749629629629629,0.5714285714285716,0.6386554621848739,0.6532378877476915,0.6373208839091191,1.6636429804143953,Medium,0.6373208839091191,Base
201:00,0.749629629629629,0.5714285714285716,0.6470588235294117,0.6560390081958708,0.6411023965141611,1.6728250842592896,Medium,0.6411023965141611,Base
201:30,0.749629629629629,0.5714285714285716,0.6638655462184875,0.6616412490922293,0.6486654217242452,1.6913416073387633,Medium,0.6486654217242454,Base
202:00,0.749629629629629,0.5714285714285716,0.6722689075630253,0.6644423695404086,0.6524469343292872,1.700676587534999,Medium,0.6524469343292874,Base
202:30,0.749629629629629,0.5714285714285716,0.6554621848739497,0.6588401286440501,0.6448839091192032,1.6820578666644348,Medium,0.6448839091192033,Base
203:00,0.749629629629629,0.5714285714285716,0.6554621848739497,0.6588401286440501,0.6448839091192032,1.6820578666644348,Medium,0.6448839091192033,Base
203:30,0.7659259259259255,0.6000000000000001,0.6722689075630253,0.6793982778296502,0.6657061935885464,1.7405884515884231,Medium,0.6657061935885464,Base
204:00,0.7659259259259255,0.6000000000000001,0.6890756302521008,0.6850005187260088,0.6732692187986304,1.7598550482810313,Medium,0.6732692187986304,Base
204:30,0.7659259259259255,0.6000000000000001,0.7058823529411764,0.6906027596223673,0.6808322440087144,1.7793349071883675,Medium,0.6808322440087144,Base
205:00,0.7659259259259255,0.6000000000000001,0.7058823529411764,0.6906027596223673,0.6808322440087144,1.7793349071883675,Medium,0.6808322440087144,Base
205:30,0.7659259259259255,0.6000000000000001,0.7142857142857142,0.6934038800705465,0.6846137566137565,1.789155546643462,Medium,0.6846137566137565,Base
206:00,0.7659259259259255,0.6000000000000001,0.7142857142857142,0.6934038800705465,0.6846137566137565,1.789155546643462,Medium,0.6846137566137565,Base
206:30,0.7837037037037025,0.6000000000000001,0.73109243697479,0.7049320468928308,0.6957323373793961,1.8186062342119276,Medium,0.6957323373793961,Base
207:00,0.7837037037037025,0.6000000000000001,0.7394957983193278,0.7077331673410101,0.6995138499844381,1.8286436229378107,Medium,0.6995138499844381,Base
207:30,0.7837037037037025,0.6000000000000001,0.7394957983193278,0.7077331673410101,0.6995138499844381,1.8286436229378107,Medium,0.6995138499844381,Base
208:00,0.7837037037037025,0.6000000000000001,0.7478991596638656,0.7105342877891894,0.7032953625894801,1.8387364107767834,Medium,0.7032953625894801,Base
208:30,0.7999999999999972,0.6000000000000001,0.7647058823529411,0.7215686274509795,0.7141176470588231,1.8681750649560769,Medium,0.7141176470588231,Base
209:00,0.7999999999999972,0.6000000000000001,0.7647058823529411,0.7215686274509795,0.7141176470588231,1.8681750649560769,Medium,0.7141176470588231,Base
209:30,0.7999999999999972,0.2857142857142858,0.7731092436974789,0.6196078431372539,0.607899159663865,1.5356074084030467,Medium,0.607899159663865,Base
210:00,0.7999999999999972,0.2857142857142858,0.7815126050420169,0.6224089635854333,0.6116806722689071,1.544082848659726,Medium,0.6116806722689072,Base
210:30,0.8162962962962936,0.2857142857142858,0.7899159663865547,0.6306421827990447,0.6187214441332084,1.560192887423415,Medium,0.6187214441332085,Base
211:00,0.8162962962962936,0.2857142857142858,0.10924369747899165,0.4037514264965237,0.312418923124805,1.1646540084015464,Low,0.312418923124805,Base
211:30,0.8325925925925901,0.2857142857142858,0.09243697478991597,0.40358128436559726,0.3081151571739803,1.1703458520121912,Low,0.3081151571739803,Base
212:00,0.8325925925925901,0.2857142857142858,0.7731092436974789,0.6304720406681182,0.6144176781823836,1.5506535853526884,Medium,0.6144176781823836,Base
212:30,0.8488888888888866,0.2857142857142858,0.7899159663865547,0.641506380329909,0.625239962651727,1.5754799576285254,Medium,0.6252399626517271,Base
213:00,0.8488888888888866,0.2857142857142858,0.7899159663865547,0.641506380329909,0.625239962651727,1.5754799576285254,Medium,0.6252399626517271,Base
213:30,0.8488888888888866,0.2857142857142858,0.7983193277310925,0.6443075007780883,0.629021475256769,1.584175465466927,Medium,0.6290214752567691,Base
214:00,0.8666666666666654,0.2857142857142858,0.7983193277310925,0.6502334267040145,0.6325770308123247,1.5926232766700568,Medium,0.6325770308123249,Base
214:30,0.8666666666666654,0.2857142857142858,0.11764705882352944,0.42334267040149354,0.32627450980392136,1.1823370270461222,Low,0.32627450980392136,Base
215:00,0.8829629629629618,0.2857142857142858,0.12605042016806722,0.43157588961510496,0.33331528166822266,1.188115290293812,Low,0.3333152816682227,Base
215:30,0.8829629629629618,0.2857142857142858,0.8067226890756303,0.6584666459176259,0.639617802676626,1.6092397572853154,Medium,0.6396178026766262,Base
216:00,0.8829629629629618,0.2857142857142858,0.7731092436974789,0.6472621641249089,0.6244917522564579,1.5741972610394301,Medium,0.624491752256458,Base
216:30,0.8829629629629618,0.2857142857142858,0.10924369747899165,0.42597364871874643,0.32575225645813866,1.188115290293812,Low,0.3257522564581387,Base
217:00,0.8829629629629618,0.2857142857142858,0.7983193277310925,0.6556655254694467,0.635836290071584,1.6004066720442072,Medium,0.6358362900715842,Base
217:30,0.8829629629629618,0.2857142857142858,0.8067226890756303,0.6584666459176259,0.639617802676626,1.6092397572853154,Medium,0.6396178026766262,Base
218:00,0.8829629629629618,0.2857142857142858,0.8151260504201681,0.6612677663658052,0.643399315281668,1.6181215947568657,Medium,0.6433993152816682,Base
218:30,0.8829629629629618,0.2857142857142858,0.8235294117647058,0.6640688868139845,0.64718082788671,1.6270524535358466,Medium,0.6471808278867102,Base
219:00,0.8829629629629618,0.2857142857142858,0.8319327731092436,0.6668700072621637,0.6509623404917521,1.6360326041843558,Medium,0.6509623404917522,Base
219:30,0.8829629629629618,0.2857142857142858,0.8487394957983194,0.6724722481585225,0.6585253657018362,1.6541418708131286,Medium,0.6585253657018362,Base
220:00,0.8829629629629618,0.2857142857142858,0.8571428571428572,0.6752733686067017,0.6623068783068782,1.6632715354171357,Medium,0.6623068783068782,Base
220:30,0.8829629629629618,0.2857142857142858,0.8319327731092436,0.6668700072621637,0.6509623404917521,1.6360326041843558,Medium,0.6509623404917522,Base
221:00,0.8829629629629618,0.3142857142857143,0.8067226890756303,0.6679904554414354,0.649617802676626,1.6389957363282577,Medium,0.649617802676626,Base
221:30,0.8829629629629618,0.3142857142857143,0.8235294117647058,0.673592696337794,0.6571808278867101,1.6571378019060934,Medium,0.6571808278867101,Base
222:00,0.8829629629629618,0.3142857142857143,0.8403361344537814,0.6791949372341525,0.6647438530967941,1.6754806822488093,Medium,0.6647438530967941,Base
222:30,0.8829629629629618,0.3142857142857143,0.8487394957983194,0.681996057682332,0.6685253657018361,1.6847281216307202,Medium,0.6685253657018362,Base
223:00,0.8829629629629618,0.3142857142857143,0.8571428571428572,0.6847971781305112,0.6723068783068781,1.694026600177706,Medium,0.6723068783068782,Base
223:30,0.8829629629629618,0.3142857142857143,0.865546218487395,0.6875982985786905,0.6760883909119201,1.703376399588978,Medium,0.6760883909119202,Base
224:00,0.8992592592592583,0.3142857142857143,0.8739495798319328,0.6958315177923019,0.6831291627762215,1.7211484121790734,Medium,0.6831291627762215,Base
224:30,0.8992592592592583,0.3142857142857143,0.8823529411764706,0.6986326382404812,0.6869106753812635,1.730647904341248,Medium,0.6869106753812635,Base
225:00,0.8992592592592583,0.3142857142857143,0.15966386554621848,0.4577362796970637,0.36170059134765,1.2159982495193122,Low,0.36170059134765004,Base
225:30,0.8992592592592583,0.3142857142857143,0.8991596638655461,0.7042348791368397,0.6944737005913475,1.7498044689843268,Medium,0.6944737005913475,Base
226:00,0.8992592592592583,0.3142857142857143,0.9075630252100841,0.707035999585019,0.6982552131963895,1.7594621218170712,Medium,0.6982552131963895,Base
226:30,0.8992592592592583,0.3142857142857143,0.9159663865546219,0.7098371200331982,0.7020367258014315,1.7691730778959158,Medium,0.7020367258014315,Base
227:00,0.915555555555553,0.3142857142857143,0.9159663865546219,0.7152692187986297,0.7052959850606904,1.7778192993547388,Medium,0.7052959850606905,Base
227:30,0.915555555555553,0.3142857142857143,0.9159663865546219,0.7152692187986297,0.7052959850606904,1.7778192993547388,Medium,0.7052959850606905,Base
228:00,0.915555555555553,0.3142857142857143,0.9243697478991597,0.718070339246809,0.7090774976657324,1.7876315737527386,Medium,0.7090774976657325,Base
228:30,0.915555555555553,0.3142857142857143,0.9243697478991597,0.718070339246809,0.7090774976657324,1.7876315737527386,Medium,0.7090774976657325,Base
229:00,0.915555555555553,0.3142857142857143,0.9075630252100841,0.7124680983504504,0.7015144724556484,1.7680608843370917,Medium,0.7015144724556485,Base
229:30,0.915555555555553,0.3142857142857143,0.865546218487395,0.6984624961095541,0.6826069094304383,1.7200664094051659,Medium,0.6826069094304383,Base
230:00,0.915555555555553,0.3142857142857143,0.8319327731092436,0.687258014316837,0.6674808590102703,1.6826105732431669,Medium,0.6674808590102703,Base
230:30,0.915555555555553,0.3142857142857143,0.8319327731092436,0.687258014316837,0.6674808590102703,1.6826105732431669,Medium,0.6674808590102703,Base
231:00,0.915555555555553,0.3142857142857143,0.8319327731092436,0.687258014316837,0.6674808590102703,1.6826105732431669,Medium,0.6674808590102703,Base
231:30,0.915555555555553,0.3142857142857143,0.8151260504201681,0.6816557734204785,0.6599178338001863,1.6641896360545847,Medium,0.6599178338001863,Base
232:00,0.915555555555553,0.3142857142857143,0.7731092436974789,0.667650171179582,0.6410102707749761,1.6190147733124909,Medium,0.6410102707749762,Base
232:30,0.915555555555553,0.3142857142857143,0.03361344537815125,0.4211515717398062,0.30823716153127867,1.221941020348376,Low,0.3082371615312787,Base
233:00,0.915555555555553,0.3142857142857143,0.6470588235294117,0.625633364456893,0.5842875816993458,1.4907156383070412,Medium,0.5842875816993459,Base
233:30,0.915555555555553,0.3142857142857143,0.6470588235294117,0.625633364456893,0.5842875816993458,1.4907156383070412,Medium,0.5842875816993459,Base
234:00,0.915555555555553,0.3142857142857143,0.6470588235294117,0.625633364456893,0.5842875816993458,1.4907156383070412,Medium,0.5842875816993459,Base
234:30,0.915555555555553,0.3142857142857143,0.6386554621848739,0.6228322440087137,0.5805060690943038,1.4825331296138482,Medium,0.5805060690943039,Base
235:00,0.915555555555553,0.3142857142857143,0.6134453781512605,0.614428882664176,0.5691615312791778,1.4582541005389345,Low,0.5691615312791779,Base
235:30,0.915555555555553,0.3142857142857143,0.6134453781512605,0.614428882664176,0.5691615312791778,1.4582541005389345,Low,0.5691615312791779,Base
236:00,0.915555555555553,0.3142857142857143,0.6134453781512605,0.614428882664176,0.5691615312791778,1.4582541005389345,Low,0.5691615312791779,Base
236:30,0.915555555555553,0.3142857142857143,0.008403361344537896,0.41274821039526843,0.29689262371615266,1.221941020348376,Low,0.2968926237161527,Base
237:00,0.915555555555553,0.3142857142857143,0.6050420168067228,0.6116277622159967,0.5653800186741358,1.4502497725853514,Low,0.5653800186741359,Base
237:30,0.915555555555553,0.3142857142857143,0.6050420168067228,0.6116277622159967,0.5653800186741358,1.4502497725853514,Low,0.5653800186741359,Base
238:00,0.915555555555553,0.3142857142857143,0.6134453781512605,0.614428882664176,0.5691615312791778,1.4582541005389345,Low,0.5691615312791779,Base
238:30,0.915555555555553,0.3142857142857143,0.6386554621848739,0.6228322440087137,0.5805060690943038,1.4825331296138482,Medium,0.5805060690943039,Base
239:00,0.915555555555553,0.3142857142857143,0.6470588235294117,0.625633364456893,0.5842875816993458,1.4907156383070412,Medium,0.5842875816993459,Base
239:30,0.915555555555553,0.3142857142857143,0.6302521008403361,0.6200311235605345,0.5767245564892618,1.4743955345492463,Medium,0.5767245564892619,Base
240:00,0.915555555555553,0.3142857142857143,0.6218487394957983,0.6172300031123552,0.5729430438842198,1.4663026065832159,Medium,0.5729430438842199,Base
240:30,0.915555555555553,0.3142857142857143,0.6134453781512605,0.614428882664176,0.5691615312791778,1.4582541005389345,Low,0.5691615312791779,Base
241:00,0.915555555555553,0.3142857142857143,0.0,0.4099470899470891,0.2931111111111106,1.221941020348376,Low,0.29311111111111066,Base
241:30,0.915555555555553,0.3142857142857143,0.6218487394957983,0.6172300031123552,0.5729430438842198,1.4663026065832159,Medium,0.5729430438842199,Base
242:00,0.915555555555553,0.3142857142857143,0.04201680672268915,0.4239526921879855,0.31201867413632073,1.221941020348376,Low,0.3120186741363208,Base
242:30,0.9333333333333318,0.3142857142857143,0.6638655462184875,0.6371615312791779,0.5954061624649858,1.5152538069417198,Medium,0.5954061624649858,Base
243:00,0.9333333333333318,0.3142857142857143,0.6638655462184875,0.6371615312791779,0.5954061624649858,1.5152538069417198,Medium,0.5954061624649858,Base
243:30,0.9333333333333318,0.3142857142857143,0.050420168067226934,0.432679738562091,0.3193557422969185,1.2284571716625996,Low,0.31935574229691854,Base
244:00,0.9333333333333318,0.3142857142857143,0.6890756302521008,0.6455648926237156,0.6067507002801118,1.540481845882955,Medium,0.6067507002801118,Base
244:30,0.9333333333333318,0.3142857142857143,0.6974789915966386,0.6483660130718949,0.6105322128851538,1.548984189502707,Medium,0.6105322128851538,Base
245:00,0.9333333333333318,0.3142857142857143,0.6974789915966386,0.6483660130718949,0.6105322128851538,1.548984189502707,Medium,0.6105322128851538,Base
245:30,0.9333333333333318,0.3142857142857143,0.6890756302521008,0.6455648926237156,0.6067507002801118,1.540481845882955,Medium,0.6067507002801118,Base
246:00,0.9333333333333318,0.3142857142857143,0.6974789915966386,0.6483660130718949,0.6105322128851538,1.548984189502707,Medium,0.6105322128851538,Base
246:30,0.9333333333333318,0.9142857142857141,0.7142857142857142,0.8539682539682533,0.8280952380952378,2.1642359945610705,High,0.8280952380952378,Base
247:00,0.9333333333333318,0.9142857142857141,0.7226890756302522,0.8567693744164327,0.8318767507002798,2.176181009135032,High,0.8318767507002799,Base
247:30,0.9333333333333318,0.9142857142857141,0.73109243697479,0.859570494864612,0.8356582633053218,2.1881919515345767,High,0.8356582633053219,Base
248:00,0.9333333333333318,0.9142857142857141,0.7142857142857142,0.8539682539682533,0.8280952380952378,2.1642359945610705,High,0.8280952380952378,Base
248:30,0.9333333333333318,0.9142857142857141,0.6890756302521008,0.8455648926237155,0.8167507002801118,2.128792908948131,High,0.8167507002801118,Base
249:00,0.9333333333333318,0.9142857142857141,0.6638655462184875,0.8371615312791777,0.8054061624649858,2.0939302648031837,High,0.8054061624649858,Base
249:30,0.9496296296296283,0.9142857142857141,0.6470588235294117,0.8369913891482513,0.8011023965141608,2.0811275956768167,High,0.8011023965141609,Base
250:00,0.9496296296296283,0.9142857142857141,0.6638655462184875,0.8425936300446099,0.808665421724245,2.1041636246790607,High,0.808665421724245,Base
250:30,0.9496296296296283,0.9142857142857141,0.6722689075630253,0.8453947504927891,0.812446934329287,2.1157770832972314,High,0.812446934329287,Base
251:00,0.9333333333333318,0.9142857142857141,0.6638655462184875,0.8371615312791777,0.8054061624649858,2.0939302648031837,High,0.8054061624649858,Base
251:30,0.9333333333333318,0.9142857142857141,0.6722689075630253,0.839962651727357,0.8091876750700278,2.1054872426895095,High,0.8091876750700278,Base
252:00,0.9333333333333318,0.9142857142857141,0.680672268907563,0.8427637721755362,0.8129691876750698,2.1171080067200587,High,0.8129691876750698,Base
252:30,0.9333333333333318,0.9142857142857141,0.6974789915966386,0.8483660130718947,0.8205322128851538,2.1405423033701045,High,0.8205322128851538,Base
253:00,0.9496296296296283,0.9142857142857141,0.050420168067226934,0.6381118373275231,0.5326150015561777,1.7059022608929717,Medium,0.5326150015561778,Base
253:30,0.9496296296296283,0.9142857142857141,0.6890756302521008,0.8509969913891476,0.8200099595393711,2.13919664793823,High,0.8200099595393711,Base
254:00,0.9496296296296283,0.9142857142857141,0.7394957983193278,0.8678037140782234,0.8426990351696231,2.2110222402021913,High,0.8426990351696232,Base
254:30,0.9333333333333318,0.9142857142857141,0.7815126050420169,0.8763772175536877,0.858347338935574,2.2616626084083546,High,0.858347338935574,Base
255:00,0.9496296296296283,0.9142857142857141,0.7563025210084033,0.873405954974582,0.8502620603797071,2.2354960747502077,High,0.8502620603797072,Base
255:30,0.9496296296296283,0.9142857142857141,0.7226890756302522,0.8622014731818649,0.8351360099595391,2.1868163410731856,High,0.8351360099595392,Base
256:00,0.9496296296296283,0.9142857142857141,0.7058823529411764,0.8565992322855062,0.8275729847494551,2.162875444051345,High,0.8275729847494551,Base
256:30,0.9496296296296283,0.9142857142857141,0.6974789915966386,0.8537981118373269,0.8237914721444131,2.151003463461309,High,0.8237914721444131,Base
257:00,0.9496296296296283,0.9142857142857141,0.7142857142857142,0.8594003527336854,0.8313544973544971,2.174812949372291,High,0.8313544973544971,Base
257:30,0.9496296296296283,0.3999999999999999,0.7058823529411764,0.6851706608569348,0.647572984749455,1.6535825875127668,Medium,0.6475729847494551,Base
258:00,0.9496296296296283,0.3999999999999999,0.680672268907563,0.676767299512397,0.636228446934329,1.6265023294611636,Medium,0.6362284469343291,Base
258:30,0.9496296296296283,0.3999999999999999,0.05882352941176472,0.46948438634713097,0.35639651416121976,1.3042130014326956,Low,0.3563965141612198,Base
259:00,0.9496296296296283,0.3999999999999999,0.7058823529411764,0.6851706608569348,0.647572984749455,1.6535825875127668,Medium,0.6475729847494551,Base
259:30,0.9496296296296283,0.3999999999999999,0.7142857142857142,0.687971781305114,0.651354497354497,1.6627091652781891,Medium,0.6513544973544971,Base
260:00,0.9496296296296283,0.3999999999999999,0.7142857142857142,0.687971781305114,0.651354497354497,1.6627091652781891,Medium,0.6513544973544971,Base
260:30,0.9496296296296283,0.3999999999999999,0.025210084033613467,0.45827990455441386,0.3412704637410517,1.3042130014326956,Low,0.34127046374105174,Base
261:00,0.9496296296296283,0.3999999999999999,0.6386554621848739,0.6627616972715007,0.6173208839091189,1.5823504985091927,Medium,0.6173208839091189,Base
261:30,0.9496296296296283,0.3999999999999999,0.03361344537815125,0.4610810250025931,0.3450519763460937,1.3042130014326956,Low,0.34505197634609375,Base
262:00,0.9496296296296283,0.3999999999999999,0.6638655462184875,0.6711650586160385,0.628665421724245,1.608695655876356,Medium,0.6286654217242451,Base
262:30,0.9496296296296283,0.3999999999999999,0.6722689075630253,0.6739661790642177,0.632446934329287,1.6175744903023626,Medium,0.6324469343292871,Base
263:00,0.9496296296296283,0.3999999999999999,0.050420168067226934,0.4666832658989517,0.35261500155617775,1.3042130014326956,Low,0.3526150015561778,Base
263:30,0.9496296296296283,0.3999999999999999,0.6722689075630253,0.6739661790642177,0.632446934329287,1.6175744903023626,Medium,0.6324469343292871,Base
264:00,0.9496296296296283,0.3999999999999999,0.6386554621848739,0.6627616972715007,0.6173208839091189,1.5823504985091927,Medium,0.6173208839091189,Base
264:30,0.9659259259259247,0.3999999999999999,0.5798319327731092,0.6485859528996779,0.594109554933084,1.529985027201028,Medium,0.5941095549330841,Base
265:00,0.9659259259259247,0.3999999999999999,0.5546218487394958,0.6401825915551401,0.5827650171179581,1.5049288917140105,Medium,0.5827650171179581,Base
265:30,0.9659259259259247,0.3999999999999999,0.588235294117647,0.6513870733478572,0.597891067538126,1.538429435987217,Medium,0.5978910675381262,Base
266:00,0.9659259259259247,0.3999999999999999,0.5798319327731092,0.6485859528996779,0.594109554933084,1.529985027201028,Medium,0.5941095549330841,Base
266:30,0.9659259259259247,1.0,0.5378151260504203,0.8345803506587816,0.7852019919078741,1.946887240378099,High,0.7852019919078741,Base
267:00,0.9659259259259247,1.0,0.5294117647058825,0.8317792302106023,0.7814204793028321,1.9362008147717022,Medium,0.7814204793028321,Base
267:30,0.9659259259259247,1.0,0.546218487394958,0.8373814711069608,0.7889835045129161,1.9576326473109007,High,0.7889835045129161,Base
268:00,0.9659259259259247,1.0,0.546218487394958,0.8373814711069608,0.7889835045129161,1.9576326473109007,High,0.7889835045129161,Base
268:30,0.9659259259259247,1.0,0.5546218487394958,0.8401825915551401,0.7927650171179581,1.9684373611042931,High,0.7927650171179581,Base
269:00,0.9659259259259247,1.0,0.5630252100840336,0.8429837120033193,0.7965465297230001,1.9793017090891758,High,0.7965465297230001,Base
269:30,0.9659259259259247,1.0,0.5798319327731092,0.8485859528996779,0.8041095549330841,2.0012106260001263,High,0.8041095549330841,Base
270:00,0.9659259259259247,1.0,0.596638655462185,0.8541881937960366,0.8116725801431681,2.0233620530034027,High,0.8116725801431682,Base
270:30,0.9659259259259247,1.0,0.588235294117647,0.8513870733478571,0.8078910675381261,2.0122558586610797,High,0.8078910675381261,Base
271:00,0.9659259259259247,0.8285714285714287,0.5714285714285714,0.7886419753086417,0.7403280423280421,1.9902260204030773,High,0.7403280423280422,Base
271:30,0.9659259259259247,0.8285714285714287,0.5630252100840336,0.7858408548604624,0.736546529723,1.9793017090891758,High,0.7365465297230002,Base
272:00,0.9659259259259247,0.8285714285714287,0.5714285714285714,0.7886419753086417,0.7403280423280421,1.9902260204030773,High,0.7403280423280422,Base
272:30,0.9822222222222212,0.8285714285714287,0.588235294117647,0.7996763149704323,0.7511503267973854,2.0220900631282266,High,0.7511503267973855,Base
273:00,0.9659259259259247,0.8285714285714287,0.6050420168067228,0.7998464571013587,0.7554540927482103,2.034529545491405,High,0.7554540927482103,Base
273:30,0.9822222222222212,0.8285714285714287,0.6218487394957983,0.8108807967631494,0.7662763772175536,2.0671028993208296,High,0.7662763772175536,Base
274:00,0.9822222222222212,0.8285714285714287,0.6302521008403361,0.8136819172113287,0.7700578898225956,2.0785118095876935,High,0.7700578898225956,Base
274:30,0.9659259259259247,0.8285714285714287,0.6386554621848739,0.8110509388940758,0.7705801431683783,2.0798192913984392,High,0.7705801431683783,Base
275:00,0.9822222222222212,0.8285714285714287,0.6218487394957983,0.8108807967631494,0.7662763772175536,2.0671028993208296,High,0.7662763772175536,Base
275:30,0.9822222222222212,0.7142857142857144,0.6050420168067228,0.7671833177715528,0.7187133520074696,1.9120685086230353,Medium,0.7187133520074697,Base
276:00,0.9822222222222212,0.7142857142857144,0.6050420168067228,0.7671833177715528,0.7187133520074696,1.9120685086230353,Medium,0.7187133520074697,Base
276:30,0.9659259259259247,0.7142857142857144,0.5798319327731092,0.7533478576615827,0.704109554933084,1.8716082611861264,Medium,0.7041095549330841,Base
277:00,0.9659259259259247,0.7142857142857144,0.5714285714285714,0.7505467372134035,0.700328042328042,1.8613350404095608,Medium,0.7003280423280421,Base
277:30,0.9659259259259247,0.7142857142857144,0.588235294117647,0.756148978109762,0.707891067538126,1.8819381826978274,Medium,0.7078910675381261,Base
278:00,0.9659259259259247,0.7142857142857144,0.596638655462185,0.7589500985579414,0.7116725801431683,1.892325117891639,Medium,0.7116725801431684,Base
278:30,0.9659259259259247,0.7142857142857144,0.6134453781512605,0.7645523394542999,0.7192356053532523,1.913271289759227,Medium,0.7192356053532524,Base
279:00,0.9659259259259247,0.7142857142857144,0.6302521008403361,0.7701545803506584,0.7267986305633363,1.9344493150814666,Medium,0.7267986305633364,Base
279:30,0.9496296296296283,0.7142857142857144,0.6470588235294117,0.7703247224815848,0.731102396514161,1.9463496495800159,High,0.7311023965141611,Base
280:00,0.9496296296296283,0.7142857142857144,0.6554621848739497,0.7731258429297642,0.734883909119203,1.9570920894011283,High,0.7348839091192031,Base
280:30,0.9496296296296283,0.5142857142857142,0.6554621848739497,0.7064591762630975,0.6648839091192029,1.7215187998004828,Medium,0.664883909119203,Base
281:00,0.9496296296296283,0.5142857142857142,0.6638655462184875,0.7092602967112768,0.6686654217242449,1.73102033623396,Medium,0.668665421724245,Base
281:30,0.9333333333333318,0.5142857142857142,0.6386554621848739,0.6954248366013066,0.6540616246498596,1.6943911512405916,Medium,0.6540616246498596,Base
282:00,0.9333333333333318,0.5142857142857142,0.588235294117647,0.6786181139122309,0.6313725490196074,1.6393484448616897,Medium,0.6313725490196075,Base
282:30,0.9333333333333318,0.5142857142857142,0.588235294117647,0.6786181139122309,0.6313725490196074,1.6393484448616897,Medium,0.6313725490196075,Base
283:00,0.9333333333333318,0.5142857142857142,0.6134453781512605,0.6870214752567688,0.6427170868347336,1.6666425827914253,Medium,0.6427170868347336,Base
283:30,0.9333333333333318,0.5142857142857142,0.6050420168067228,0.6842203548085896,0.6389355742296916,1.6574944145749677,Medium,0.6389355742296916,Base
284:00,0.9333333333333318,0.5142857142857142,0.596638655462185,0.6814192343604103,0.6351540616246496,1.6483964604731505,Medium,0.6351540616246496,Base
284:30,0.9333333333333318,0.5142857142857142,0.6134453781512605,0.6870214752567688,0.6427170868347336,1.6666425827914253,Medium,0.6427170868347336,Base
285:00,0.9333333333333318,0.9428571428571426,0.6218487394957983,0.8326797385620909,0.7964985994397755,2.0370899803460243,High,0.7964985994397756,Base
285:30,0.9333333333333318,0.9428571428571426,0.6386554621848739,0.8382819794584494,0.8040616246498595,2.0596385563991766,High,0.8040616246498596,Base
286:00,0.9333333333333318,0.9428571428571426,0.6302521008403361,0.8354808590102701,0.8002801120448175,2.0483332410462687,High,0.8002801120448176,Base
286:30,0.9333333333333318,0.9428571428571426,0.6302521008403361,0.8354808590102701,0.8002801120448175,2.0483332410462687,High,0.8002801120448176,Base
287:00,0.9333333333333318,0.9428571428571426,0.6302521008403361,0.8354808590102701,0.8002801120448175,2.0483332410462687,High,0.8002801120448176,Base
287:30,0.9333333333333318,0.9428571428571426,0.6470588235294117,0.8410830999066287,0.8078431372549015,2.0710062689014674,High,0.8078431372549016,Base
288:00,0.9333333333333318,0.9428571428571426,0.6554621848739497,0.8438842203548079,0.8116246498599435,2.0824367229401965,High,0.8116246498599436,Base
288:30,0.9333333333333318,0.9428571428571426,0.6638655462184875,0.8466853408029872,0.8154061624649855,2.0939302648031837,High,0.8154061624649857,Base
289:00,0.9333333333333318,0.9428571428571426,0.680672268907563,0.8522875816993457,0.8229691876750695,2.1171080067200587,High,0.8229691876750697,Base
289:30,0.9333333333333318,0.9428571428571426,0.6890756302521008,0.855088702147525,0.8267507002801116,2.128792908948131,High,0.8267507002801117,Base
290:00,0.9333333333333318,0.5428571428571427,0.6974789915966386,0.7245564892623712,0.6905322128851537,1.7935089445990529,Medium,0.6905322128851538,Base
290:30,0.9333333333333318,0.5428571428571427,0.7058823529411764,0.7273576097105504,0.6943137254901957,1.8034078144707324,Medium,0.6943137254901958,Base
291:00,0.9333333333333318,0.5428571428571427,0.7142857142857142,0.7301587301587297,0.6980952380952377,1.8133613189317914,Medium,0.6980952380952378,Base
291:30,0.9496296296296283,0.5428571428571427,0.7226890756302522,0.7383919493723411,0.7051360099595392,1.8322808485191597,Medium,0.7051360099595392,Base
292:00,0.9496296296296283,0.5428571428571427,0.73109243697479,0.7411930698205204,0.7089175225645812,1.842393711207958,Medium,0.7089175225645812,Base
292:30,0.9496296296296283,0.5428571428571427,0.7226890756302522,0.7383919493723411,0.7051360099595392,1.8322808485191597,Medium,0.7051360099595392,Base
293:00,0.9496296296296283,0.5428571428571427,0.73109243697479,0.7411930698205204,0.7089175225645812,1.842393711207958,Medium,0.7089175225645812,Base
293:30,0.9496296296296283,0.5428571428571427,0.7142857142857142,0.7355908289241618,0.701354497354497,1.8222234951339051,Medium,0.7013544973544971,Base
294:00,0.9496296296296283,0.5428571428571427,0.6890756302521008,0.727187467579624,0.6900099595393709,1.792381452257689,Medium,0.690009959539371,Base
294:30,0.9496296296296283,0.5428571428571427,0.6722689075630253,0.7215852266832655,0.6824469343292869,1.7727587619720937,Medium,0.682446934329287,Base
295:00,0.9496296296296283,0.4285714285714286,0.6302521008403361,0.6694843863471309,0.6235393713040769,1.6027631846932657,Medium,0.623539371304077,Base
295:30,0.9496296296296283,0.4285714285714286,0.6134453781512605,0.6638821454507725,0.6159763460939929,1.5852164032674845,Medium,0.615976346093993,Base
296:00,0.9496296296296283,0.4285714285714286,0.6386554621848739,0.6722855067953102,0.6273208839091189,1.6116092761767649,Medium,0.627320883909119,Base
296:30,0.9496296296296283,0.4285714285714286,0.03361344537815125,0.4706048345264027,0.35505197634609376,1.3283288204475272,Low,0.35505197634609376,Base
297:00,0.9496296296296283,0.4285714285714286,0.6470588235294117,0.6750866272434894,0.6311023965141609,1.6205041916757406,Medium,0.631102396514161,Base
297:30,0.9659259259259247,0.4285714285714286,0.6470588235294117,0.6805187260089216,0.6343616557734202,1.6284238453779347,Medium,0.6343616557734203,Base
298:00,0.9496296296296283,0.4285714285714286,0.6470588235294117,0.6750866272434894,0.6311023965141609,1.6205041916757406,Medium,0.631102396514161,Base
298:30,0.9659259259259247,0.4285714285714286,0.6554621848739497,0.683319846457101,0.6381431683784624,1.6374115651157588,Medium,0.6381431683784624,Base
299:00,0.9659259259259247,0.4285714285714286,0.6638655462184875,0.6861209669052802,0.6419246809835044,1.6464488905544046,Medium,0.6419246809835044,Base
299:30,0.9659259259259247,0.4285714285714286,0.680672268907563,0.6917232078016388,0.6494877061935884,1.6646734551953775,Medium,0.6494877061935884,Base
300:00,0.9659259259259247,0.4285714285714286,0.680672268907563,0.6917232078016388,0.6494877061935884,1.6646734551953775,Medium,0.6494877061935884,Base
300:30,0.9659259259259247,0.4285714285714286,0.6890756302521008,0.694524328249818,0.6532692187986304,1.6738612465144234,Medium,0.6532692187986304,Base
301:00,0.9659259259259247,0.34285714285714275,0.6974789915966386,0.6687540201265687,0.6270507314036723,1.593083883767184,Medium,0.6270507314036724,Base
301:30,0.9659259259259247,0.34285714285714275,0.7058823529411764,0.671555140574748,0.6308322440087143,1.601876552522793,Medium,0.6308322440087144,Base
302:00,0.9659259259259247,0.34285714285714275,0.7142857142857142,0.6743562610229272,0.6346137566137563,1.6107177504391281,Medium,0.6346137566137564,Base
302:30,0.9659259259259247,0.34285714285714275,0.7226890756302522,0.6771573814711065,0.6383952692187984,1.619607745361995,Medium,0.6383952692187984,Base
303:00,0.9659259259259247,0.34285714285714275,0.73109243697479,0.6799585019192858,0.6421767818238404,1.6285468066155127,Medium,0.6421767818238404,Base
303:30,0.9659259259259247,0.34285714285714275,0.7394957983193278,0.682759622367465,0.6459582944288824,1.6375352050102752,Medium,0.6459582944288824,Base
304:00,0.9659259259259247,0.34285714285714275,0.7478991596638656,0.6855607428156443,0.6497398070339244,1.6465732128515544,Medium,0.6497398070339244,Base
304:30,0.9822222222222212,0.34285714285714275,0.7478991596638656,0.6909928415810764,0.6529990662931837,1.6546202698774353,Medium,0.6529990662931837,Base
305:00,0.9822222222222212,0.34285714285714275,0.7563025210084033,0.6937939620292557,0.6567805788982257,1.663752574897649,Medium,0.6567805788982257,Base
305:30,0.9822222222222212,0.34285714285714275,0.7647058823529411,0.696595082477435,0.6605620915032677,1.6729352836246831,Medium,0.6605620915032677,Base
306:00,0.9822222222222212,0.34285714285714275,0.7731092436974789,0.6993962029256142,0.6643436041083097,1.6821686742504793,Medium,0.6643436041083097,Base
306:30,0.9822222222222212,0.4571428571428571,0.7815126050420169,0.7402925614690318,0.7081251167133518,1.8200705496808827,Medium,0.7081251167133519,Base
307:00,0.9822222222222212,0.4571428571428571,0.7815126050420169,0.7402925614690318,0.7081251167133518,1.8200705496808827,Medium,0.7081251167133519,Base
307:30,0.9822222222222212,0.4571428571428571,0.7899159663865547,0.743093681917211,0.7119066293183938,1.830116020367172,Medium,0.7119066293183939,Base
308:00,0.9822222222222212,0.4571428571428571,0.7983193277310925,0.7458948023653903,0.7156881419234358,1.840216934773116,Medium,0.7156881419234359,Base
308:30,1.0,0.4571428571428571,0.8067226890756303,0.7546218487394958,0.7230252100840335,1.8602409445142052,Medium,0.7230252100840336,Base
309:00,1.0,0.4571428571428571,0.8067226890756303,0.7546218487394958,0.7230252100840335,1.8602409445142052,Medium,0.7230252100840336,Base
309:30,1.0,0.4571428571428571,0.8151260504201681,0.757422969187675,0.7268067226890755,1.8705081266741654,Medium,0.7268067226890756,Base
310:00,1.0,0.4571428571428571,0.8235294117647058,0.7602240896358543,0.7305882352941175,1.8808319762404724,Medium,0.7305882352941176,Base
310:30,1.0,0.4571428571428571,0.8235294117647058,0.7602240896358543,0.7305882352941175,1.8808319762404724,Medium,0.7305882352941176,Base
311:00,0.0,0.2727272727272725,0.0,0.09090909090909083,0.09545454545454536,1.0,Low,0.09545454545454553,After_Lunch
311:30,0.0,0.2727272727272725,0.024691358024691246,0.09913954358398791,0.10656565656565642,1.0,Low,0.10656565656565659,After_Lunch
312:00,0.0,0.2727272727272725,0.04938271604938249,0.10736999625888499,0.11767676767676749,1.0,Low,0.11767676767676764,After_Lunch
312:30,0.013398294762485108,0.2727272727272725,0.04938271604938249,0.1118360945130467,0.12035642662926452,1.0,Low,0.12035642662926467,After_Lunch
313:00,0.013398294762485108,0.2727272727272725,0.07407407407407396,0.12006654718794385,0.13146753774037567,1.0,Low,0.13146753774037584,After_Lunch
313:30,0.013398294762485108,0.2727272727272725,0.08641975308641969,0.12418177352539243,0.13702309329593124,1.0,Low,0.1370230932959314,After_Lunch
314:00,0.013398294762485108,0.2727272727272725,0.08641975308641969,0.12418177352539243,0.13702309329593124,1.0,Low,0.1370230932959314,After_Lunch
314:30,0.026796589524970216,0.2727272727272725,0.09876543209876543,0.1327630981170027,0.14525830780398385,1.0,Low,0.14525830780398402,After_Lunch
315:00,0.026796589524970216,0.2727272727272725,0.11111111111111094,0.13687832445445122,0.15081386335953934,1.0,Low,0.1508138633595395,After_Lunch
315:30,0.026796589524970216,0.2727272727272725,0.12345679012345667,0.1409935507918998,0.15636941891509493,1.0,Low,0.1563694189150951,After_Lunch
316:00,0.026796589524970216,0.2727272727272725,0.1358024691358024,0.14510877712934836,0.1619249744706505,1.0,Low,0.16192497447065066,After_Lunch
316:30,0.04141291108404488,0.2727272727272725,0.1358024691358024,0.14998088431570658,0.1648482387824654,1.0,Low,0.16484823878246557,After_Lunch
317:00,0.04141291108404488,0.2727272727272725,0.14814814814814792,0.1540961106531551,0.17040379433802091,1.0,Low,0.17040379433802105,After_Lunch
317:30,0.04141291108404488,0.2727272727272725,0.14814814814814792,0.1540961106531551,0.17040379433802091,1.0,Low,0.17040379433802105,After_Lunch
318:00,0.04141291108404488,0.2727272727272725,0.16049382716049365,0.15821133699060366,0.17595934989357648,1.0,Low,0.17595934989357662,After_Lunch
318:30,0.05481120584652821,0.2727272727272725,0.18518518518518512,0.17090788791966194,0.1897501199571843,1.0,Low,0.18975011995718447,After_Lunch
319:00,0.05481120584652821,0.2727272727272725,0.20987654320987637,0.17913834059455902,0.20086123106829537,1.0,Low,0.20086123106829554,After_Lunch
319:30,0.05481120584652821,0.2727272727272725,0.23456790123456783,0.18736879326945619,0.21197234217940653,1.0,Low,0.21197234217940666,After_Lunch
320:00,0.05481120584652821,0.0,0.24691358024691334,0.10057492869781386,0.12207335228041666,1.0,Low,0.12207335228041696,After_Lunch
320:30,0.05481120584652821,0.0,0.2592592592592591,0.10469015503526242,0.12762890783597222,1.0,Low,0.12762890783597255,After_Lunch
321:00,0.05481120584652821,0.0,0.2716049382716048,0.10880538137271101,0.1331844633915278,1.0,Low,0.13318446339152812,After_Lunch
321:30,0.05481120584652821,0.0,0.28395061728395055,0.11292060771015959,0.13874001894708338,1.0,Low,0.1387400189470837,After_Lunch
322:00,0.06820950060901332,0.0,0.3086419753086418,0.12561715863921838,0.15253078901069148,1.0,Low,0.15253078901069178,After_Lunch
322:30,0.06820950060901332,0.0,0.3086419753086418,0.12561715863921838,0.15253078901069148,1.0,Low,0.15253078901069178,After_Lunch
323:00,0.06820950060901332,0.0,0.2962962962962963,0.12150193230176987,0.146975233455136,1.0,Low,0.1469752334551363,After_Lunch
323:30,0.06820950060901332,0.0,0.3086419753086418,0.12561715863921838,0.15253078901069148,1.0,Low,0.15253078901069178,After_Lunch
324:00,0.08160779537149843,0.545454545454545,0.2962962962962963,0.30778621237411324,0.3405639833167237,1.1909846673396047,Low,0.34056398331672366,After_Lunch
324:30,0.08160779537149843,0.545454545454545,0.2592592592592591,0.2954405333617675,0.32389731665005694,1.1909846673396047,Low,0.32389731665005694,After_Lunch
325:00,0.08160779537149843,0.545454545454545,0.20987654320987637,0.27897962801197324,0.30167509442783474,1.1909846673396047,Low,0.30167509442783474,After_Lunch
325:30,0.08160779537149843,0.545454545454545,0.17283950617283939,0.2666339489996276,0.2850084277611681,1.1909846673396047,Low,0.2850084277611681,After_Lunch
326:00,0.08160779537149843,0.545454545454545,0.16049382716049365,0.262518722662179,0.27945287220561255,1.1909846673396047,Low,0.27945287220561255,After_Lunch
326:30,0.08160779537149843,0.545454545454545,0.18518518518518512,0.27074917533707615,0.2905639833167237,1.1909846673396047,Low,0.2905639833167237,After_Lunch
327:00,0.09622411693057309,0.545454545454545,0.18518518518518512,0.2756212825234344,0.2934872476285386,1.1909846673396047,Low,0.2934872476285386,After_Lunch
327:30,0.09622411693057309,0.545454545454545,0.18518518518518512,0.2756212825234344,0.2934872476285386,1.1909846673396047,Low,0.2934872476285386,After_Lunch
328:00,0.09622411693057309,0.545454545454545,0.19753086419753085,0.27973650886088297,0.2990428031840942,1.1909846673396047,Low,0.2990428031840942,After_Lunch
328:30,0.09622411693057309,0.2727272727272725,0.2222222222222221,0.19705787062668922,0.21469936884065993,1.0,Low,0.2146993688406601,After_Lunch
329:00,0.09622411693057309,0.2727272727272725,0.24691358024691334,0.2052883233015863,0.225810479951771,1.0,Low,0.22581047995177111,After_Lunch
329:30,0.09622411693057309,0.2727272727272725,0.2592592592592591,0.20940354963903487,0.23136603550732654,1.0,Low,0.2313660355073267,After_Lunch
330:00,0.09622411693057309,0.2727272727272725,0.28395061728395055,0.21763400231393204,0.24247714661843772,1.0,Low,0.2424771466184379,After_Lunch
330:30,0.09622411693057309,0.2727272727272725,0.3086419753086418,0.22586445498882912,0.2535882577295488,1.0,Low,0.2535882577295489,After_Lunch
331:00,0.09622411693057309,0.2727272727272725,0.3209876543209875,0.2299796813262777,0.2591438132851044,1.0,Low,0.2591438132851045,After_Lunch
331:30,0.1096224116930582,0.2727272727272725,0.3086419753086418,0.23033055324299082,0.25626791668204585,1.0,Low,0.25626791668204596,After_Lunch
332:00,0.09622411693057309,0.2727272727272725,0.28395061728395055,0.21763400231393204,0.24247714661843772,1.0,Low,0.2424771466184379,After_Lunch
332:30,0.1096224116930582,0.45454545454545414,0.3086419753086418,0.2909366138490514,0.31990428031840945,1.1235391746451457,Low,0.31990428031840945,After_Lunch
333:00,0.1096224116930582,0.45454545454545414,0.34567901234567877,0.303282292861397,0.33657094698507606,1.125130752095521,Low,0.33657094698507606,After_Lunch
333:30,0.1096224116930582,0.45454545454545414,0.3580246913580245,0.3073975191988456,0.34212650254063165,1.1342657478936682,Low,0.3421265025406317,After_Lunch
334:00,0.1096224116930582,0.45454545454545414,0.37037037037037024,0.3115127455362942,0.34768205809618724,1.1434749112035265,Low,0.34768205809618724,After_Lunch
334:30,0.1096224116930582,0.45454545454545414,0.3950617283950617,0.31974319821119135,0.3587931692072984,1.1621181539271501,Low,0.3587931692072984,After_Lunch
335:00,0.1096224116930582,0.45454545454545414,0.41975308641975295,0.32797365088608843,0.36990428031840944,1.1810653565329245,Low,0.3699042803184095,After_Lunch
335:30,0.1096224116930582,0.45454545454545414,0.4320987654320987,0.332088877223537,0.37545983587396503,1.1906544883286483,Low,0.37545983587396503,After_Lunch
336:00,0.1096224116930582,0.45454545454545414,0.45679012345678993,0.3403193298984341,0.3865709469850761,1.2100669480235613,Low,0.3865709469850761,After_Lunch
336:30,0.1230207064555433,0.2727272727272725,0.46913580246913567,0.2882945938839838,0.3311697978567651,1.085757909289098,Low,0.3311697978567652,After_Lunch
337:00,0.1230207064555433,0.2727272727272725,0.4814814814814814,0.2924098202214324,0.3367253534123207,1.0945732349040886,Low,0.3367253534123208,After_Lunch
337:30,0.1230207064555433,0.2727272727272725,0.5061728395061726,0.3006402728963295,0.3478364645234317,1.1124191835096604,Low,0.34783646452343187,After_Lunch
338:00,0.1230207064555433,0.2727272727272725,0.5185185185185184,0.30475549923377804,0.3533920200789873,1.1214509734133786,Low,0.35339202007898746,After_Lunch
338:30,0.13763702801461797,0.2727272727272725,0.5308641975308641,0.31374283275758486,0.3618708399463578,1.1305560928947185,Low,0.36187083994635794,After_Lunch
339:00,0.13763702801461797,0.2727272727272725,0.5432098765432096,0.31785805909503334,0.3674263955019133,1.1397351373203803,Low,0.3674263955019134,After_Lunch
339:30,0.13763702801461797,0.2727272727272725,0.5679012345679011,0.32608851176993053,0.37853750661302443,1.1583174066797859,Low,0.3785375066130246,After_Lunch
340:00,0.13763702801461797,0.2727272727272725,0.5802469135802468,0.3302037381073791,0.38409306216858,1.167721846673301,Low,0.3840930621685802,After_Lunch
340:30,0.1510353227771013,0.2727272727272725,0.5925925925925926,0.3387850626989888,0.3923282766766323,1.1772026418101316,Low,0.3923282766766324,After_Lunch
341:00,0.1510353227771013,0.545454545454545,0.5925925925925926,0.4296941536080796,0.4877828221311777,1.4020302967475433,Medium,0.4877828221311776,After_Lunch
341:30,0.1510353227771013,0.545454545454545,0.5925925925925926,0.4296941536080796,0.4877828221311777,1.4020302967475433,Medium,0.4877828221311776,After_Lunch
342:00,0.1644336175395864,0.545454545454545,0.5802469135802468,0.43004502552479273,0.48490692552811904,1.3907388151053905,Medium,0.48490692552811904,After_Lunch
342:30,0.1644336175395864,0.545454545454545,0.5925925925925926,0.43416025186224133,0.4904624810836747,1.4020302967475433,Medium,0.4904624810836746,After_Lunch
343:00,0.1644336175395864,0.545454545454545,0.617283950617284,0.44239070453713847,0.5015735921947859,1.4248890327565629,Medium,0.5015735921947858,After_Lunch
343:30,0.17783191230207152,0.545454545454545,0.6296296296296293,0.4509720291287486,0.5098088067028382,1.436457781813341,Medium,0.5098088067028382,After_Lunch
344:00,0.17783191230207152,0.545454545454545,0.6296296296296293,0.4509720291287486,0.5098088067028382,1.436457781813341,Medium,0.5098088067028382,After_Lunch
344:30,0.17783191230207152,0.545454545454545,0.641975308641975,0.45508725546619716,0.5153643622583939,1.4481204581526392,Medium,0.5153643622583938,After_Lunch
345:00,0.1924482338611444,0.2727272727272725,0.6543209876543208,0.37316549808091254,0.42838863667121857,1.2257738192684295,Medium,0.42838863667121874,After_Lunch
345:30,0.1924482338611444,0.2727272727272725,0.6543209876543208,0.37316549808091254,0.42838863667121857,1.2257738192684295,Medium,0.42838863667121874,After_Lunch
346:00,0.1924482338611444,0.2727272727272725,0.6666666666666665,0.37728072441836114,0.43394419222677416,1.2357259414263577,Medium,0.4339441922267743,After_Lunch
346:30,0.1924482338611444,0.2727272727272725,0.691358024691358,0.3855111770932583,0.44505530333788534,1.2558732471872178,Medium,0.44505530333788546,After_Lunch
347:00,0.2058465286236295,0.2727272727272725,0.7037037037037037,0.3940925016848686,0.453290517845938,1.2660697481847187,Medium,0.4532905178459381,After_Lunch
347:30,0.2058465286236295,0.2727272727272725,0.7283950617283947,0.40232295435976556,0.46440162895704895,1.2867117801079213,Medium,0.46440162895704906,After_Lunch
348:00,0.2058465286236295,0.2727272727272725,0.7407407407407405,0.40643818069721416,0.4699571845126045,1.2971586607774088,Medium,0.4699571845126046,After_Lunch
348:30,0.21924482338611462,0.2727272727272725,0.7530864197530862,0.4150195052888244,0.4781923990206571,1.3076903602209293,Medium,0.4781923990206572,After_Lunch
349:00,0.21924482338611462,0.2727272727272725,0.765432098765432,0.419134731626273,0.48374795457621267,1.3183075670865736,Medium,0.4837479545762128,After_Lunch
349:30,0.21924482338611462,0.45454545454545414,0.7777777777777777,0.48385601856978216,0.5529398737681318,1.493195894635247,Medium,0.5529398737681318,After_Lunch
350:00,0.23264311814859795,0.45454545454545414,0.7901234567901234,0.4924373431613918,0.5611750882761841,1.5053192306989884,Medium,0.561175088276184,After_Lunch
350:30,0.23264311814859795,0.45454545454545414,0.8024691358024691,0.4965525694988404,0.5667306438317397,1.5175409967663496,Medium,0.5667306438317397,After_Lunch
351:00,0.23264311814859795,0.45454545454545414,0.8024691358024691,0.4965525694988404,0.5667306438317397,1.5175409967663496,Medium,0.5667306438317397,After_Lunch
351:30,0.24604141291108306,0.45454545454545414,0.8024691358024691,0.5010186677530021,0.5694103027842368,1.5175409967663496,Medium,0.5694103027842368,After_Lunch
352:00,0.24604141291108306,0.45454545454545414,0.8148148148148149,0.5051338940904507,0.5749658583397923,1.5298619919957113,Medium,0.5749658583397923,After_Lunch
352:30,0.2606577344701577,0.45454545454545414,0.8271604938271602,0.5141212276142574,0.5834446782071625,1.5422830220338621,Medium,0.5834446782071626,After_Lunch
353:00,0.2606577344701577,0.45454545454545414,0.8395061728395059,0.5182364539517059,0.5890002337627182,1.5548048990686811,Medium,0.5890002337627182,After_Lunch
353:30,0.27405602923264283,0.7272727272727266,0.8518518518518516,0.6177268694524071,0.692689993725316,1.8669882100657411,Medium,0.6926899937253159,After_Lunch
354:00,0.27405602923264283,0.7272727272727266,0.8518518518518516,0.6177268694524071,0.692689993725316,1.8669882100657411,Medium,0.6926899937253159,After_Lunch
354:30,0.28745432399512794,0.7272727272727266,0.8641975308641974,0.6263081940440173,0.7009252082333687,1.8821463856132294,Medium,0.7009252082333685,After_Lunch
355:00,0.28745432399512794,0.7272727272727266,0.8765432098765431,0.6304234203814659,0.7064807637889243,1.8974276311858467,Medium,0.7064807637889241,After_Lunch
355:30,0.28745432399512794,0.7272727272727266,0.8765432098765431,0.6304234203814659,0.7064807637889243,1.8974276311858467,Medium,0.7064807637889241,After_Lunch
356:00,0.30085261875761304,0.7272727272727266,0.8641975308641974,0.630774292298179,0.7036048671858658,1.8821463856132294,Medium,0.7036048671858656,After_Lunch
356:30,0.30085261875761304,0.7272727272727266,0.8641975308641974,0.630774292298179,0.7036048671858658,1.8821463856132294,Medium,0.7036048671858656,After_Lunch
357:00,0.3154689403166877,0.7272727272727266,0.8765432098765431,0.6397616258219858,0.7120836870532363,1.8974276311858467,Medium,0.7120836870532361,After_Lunch
357:30,0.3154689403166877,0.3636363636363633,0.9012345679012346,0.5267799572847619,0.5959220708916202,1.5272743667505815,Medium,0.5959220708916203,After_Lunch
358:00,0.3154689403166877,0.3636363636363633,0.8641975308641974,0.5144342782724162,0.5792554042249536,1.490670286826766,Medium,0.5792554042249536,After_Lunch
358:30,0.32886723507917104,0.3636363636363633,0.8148148148148149,0.5024394711767831,0.5597128409552281,1.4432258675902112,Medium,0.5597128409552281,After_Lunch
359:00,0.32886723507917104,0.3636363636363633,0.8024691358024691,0.4983242448393345,0.5541572853996725,1.4316026106412143,Medium,0.5541572853996726,After_Lunch
359:30,0.34226552984165615,0.3636363636363633,0.8024691358024691,0.5027903430934962,0.5568369443521695,1.4350328555665057,Medium,0.5568369443521696,After_Lunch
360:00,0.34226552984165615,0.3636363636363633,0.8024691358024691,0.5027903430934962,0.5568369443521695,1.4350328555665057,Medium,0.5568369443521696,After_Lunch
360:30,0.35566382460414125,0.3636363636363633,0.8148148148148149,0.5113716676851064,0.5650721588602221,1.4524943077898977,Medium,0.5650721588602221,After_Lunch
361:00,0.35566382460414125,0.3636363636363633,0.7777777777777777,0.49902598867276077,0.5484054921935554,1.4176824764066824,Medium,0.5484054921935554,After_Lunch
361:30,0.35566382460414125,0.3636363636363633,0.7283950617283947,0.48256508332296644,0.526183269971333,1.3725610821256322,Medium,0.5261832699713331,After_Lunch
362:00,0.3702801461632159,0.45454545454545414,0.716049382716049,0.5136249944749064,0.5553691605457742,1.449562124301978,Medium,0.5553691605457742,After_Lunch
362:30,0.3702801461632159,0.45454545454545414,0.7407407407407405,0.5218554471498035,0.5664802716568853,1.4731958203818418,Medium,0.5664802716568854,After_Lunch
363:00,0.383678440925701,0.45454545454545414,0.7530864197530862,0.5304367717414138,0.574715486164938,1.4911216388280983,Medium,0.574715486164938,After_Lunch
363:30,0.383678440925701,0.45454545454545414,0.765432098765432,0.5345519980788623,0.5802710417204935,1.503228133899762,Medium,0.5802710417204936,After_Lunch
364:00,0.383678440925701,0.45454545454545414,0.7901234567901234,0.5427824507537595,0.5913821528316048,1.5277368019034843,Medium,0.5913821528316047,After_Lunch
364:30,0.39707673568818613,0.45454545454545414,0.8024691358024691,0.5513637753453698,0.5996173673396573,1.5463262739653096,Medium,0.5996173673396573,After_Lunch
365:00,0.39707673568818613,0.45454545454545414,0.8024691358024691,0.5513637753453698,0.5996173673396573,1.5463262739653096,Medium,0.5996173673396573,After_Lunch
365:30,0.4116930572472608,0.45454545454545414,0.7901234567901234,0.5521206561942794,0.5969850760959168,1.5405944765450026,Medium,0.5969850760959167,After_Lunch
366:00,0.4116930572472608,0.6363636363636358,0.7777777777777777,0.6086114904628914,0.6550658841767247,1.7171665321406742,Medium,0.6550658841767246,After_Lunch
366:30,0.4116930572472608,0.6363636363636358,0.7901234567901234,0.61272671680034,0.6606214397322803,1.7311082975991412,Medium,0.6606214397322802,After_Lunch
367:00,0.42509135200974413,0.6363636363636358,0.8148148148148149,0.6254232677293983,0.6744122097958881,1.7663983699762766,Medium,0.674412209795888,After_Lunch
367:30,0.42509135200974413,0.6363636363636358,0.8395061728395059,0.6336537204042952,0.6855233209069991,1.795197771900556,Medium,0.685523320906999,After_Lunch
368:00,0.43848964677222924,0.6363636363636358,0.8395061728395059,0.638119818658457,0.6882029798594961,1.802407859625059,Medium,0.688202979859496,After_Lunch
368:30,0.43848964677222924,0.6363636363636358,0.8518518518518516,0.6422350449959056,0.6937585354150516,1.8170417039080966,Medium,0.6937585354150515,After_Lunch
369:00,0.45188794153471434,0.6363636363636358,0.8395061728395059,0.6425859169126187,0.6908826388119931,1.8096469053651123,Medium,0.690882638811993,After_Lunch
369:30,0.45188794153471434,0.6363636363636358,0.7530864197530862,0.6137793325504788,0.6519937499231042,1.7100589664083752,Medium,0.6519937499231041,After_Lunch
370:00,0.46650426309378723,0.7272727272727266,0.6049382716049383,0.599571753990484,0.620068529386434,1.6522896756142076,Medium,0.6200685293864339,After_Lunch
370:30,0.46650426309378723,0.7272727272727266,0.5555555555555554,0.5831108486406897,0.5978463071642116,1.599701303280747,Medium,0.5978463071642115,After_Lunch
371:00,0.46650426309378723,0.7272727272727266,0.5679012345679011,0.5872260749781383,0.6034018627197671,1.6126893623632526,Medium,0.603401862719767,After_Lunch
371:30,0.47990255785627234,0.7272727272727266,0.5802469135802468,0.5958073995697486,0.6116370772278199,1.632312535549041,Medium,0.6116370772278198,After_Lunch
372:00,0.47990255785627234,0.7272727272727266,0.5802469135802468,0.5958073995697486,0.6116370772278199,1.632312535549041,Medium,0.6116370772278198,After_Lunch
372:30,0.49330085261875745,0.7272727272727266,0.5555555555555554,0.5920430451490132,0.6032056250692057,1.6125769306886715,Medium,0.6032056250692056,After_Lunch
373:00,0.49330085261875745,0.7272727272727266,0.5061728395061726,0.5755821397992189,0.5809834028469835,1.561252518693008,Medium,0.5809834028469834,After_Lunch
373:30,0.49330085261875745,0.7272727272727266,0.45679012345678993,0.5591212344494246,0.5587611806247613,1.5115616382309847,Medium,0.5587611806247611,After_Lunch
374:00,0.5066991473812408,0.3636363636363633,0.45679012345678993,0.4423752114914647,0.43416811230453073,1.2019733267441481,Low,0.43416811230453084,After_Lunch
374:30,0.5066991473812408,0.3636363636363633,0.49382716049382713,0.4547208905038104,0.4508347789711975,1.2314883228551223,Medium,0.45083477897119756,After_Lunch
375:00,0.5066991473812408,0.3636363636363633,0.5185185185185184,0.4629513431787075,0.4619458900823086,1.2515665383798786,Medium,0.46194589008230863,After_Lunch
375:30,0.5200974421437259,0.3636363636363633,0.5432098765432096,0.47564789410776626,0.47573666014591665,1.27708075593951,Medium,0.47573666014591676,After_Lunch
376:00,0.5200974421437259,0.3636363636363633,0.5555555555555554,0.47976312044521485,0.4812922157014723,1.28744944181684,Medium,0.48129221570147235,After_Lunch
376:30,0.5200974421437259,0.3636363636363633,0.5679012345679011,0.48387834678266345,0.48684777125702783,1.2979023116005695,Medium,0.48684777125702794,After_Lunch
377:00,0.5347137637028005,0.3636363636363633,0.5925925925925926,0.4969809066439188,0.5008821466799539,1.3248437923123944,Medium,0.500882146679954,After_Lunch
377:30,0.5347137637028005,0.3636363636363633,0.6049382716049383,0.5010961329813673,0.5064377022355095,1.3356002687960697,Medium,0.5064377022355095,After_Lunch
378:00,0.5481120584652857,0.3636363636363633,0.617283950617284,0.5096774575729777,0.5146729167435622,1.351851827213473,Medium,0.5146729167435622,After_Lunch
378:30,0.5481120584652857,0.45454545454545414,0.641975308641975,0.5482109405509049,0.5576022096728549,1.4563665265201986,Medium,0.5576022096728549,After_Lunch
379:00,0.5481120584652857,0.45454545454545414,0.617283950617284,0.5399804878760079,0.5464910985617439,1.4330028138402757,Medium,0.5464910985617439,After_Lunch
379:30,0.5481120584652857,0.45454545454545414,0.6049382716049383,0.5358652615385594,0.5409355430061884,1.4214618899364435,Medium,0.5409355430061883,After_Lunch
380:00,0.5615103532277708,0.45454545454545414,0.617283950617284,0.5444465861301696,0.5491707575142409,1.4387582109107107,Medium,0.5491707575142409,After_Lunch
380:30,0.5615103532277708,0.45454545454545414,0.641975308641975,0.5526770388050667,0.5602818686253519,1.4622157597242502,Medium,0.5602818686253519,After_Lunch
381:00,0.5615103532277708,0.45454545454545414,0.6790123456790123,0.5650227178174124,0.5769485352920186,1.4981211259261515,Medium,0.5769485352920186,After_Lunch
381:30,0.5749086479902559,0.45454545454545414,0.7037037037037037,0.5777192687464713,0.5907393053556268,1.5286615623835207,Medium,0.5907393053556268,After_Lunch
382:00,0.5749086479902559,0.45454545454545414,0.716049382716049,0.5818344950839197,0.5962948609111822,1.5410728460704648,Medium,0.5962948609111822,After_Lunch
382:30,0.5749086479902559,0.2727272727272725,0.7283950617283947,0.5253436608153077,0.5382140528303742,1.3827598829507808,Medium,0.5382140528303743,After_Lunch
383:00,0.5895249695493305,0.2727272727272725,0.6666666666666665,0.5096396363144232,0.5133595393644114,1.3337876197001008,Medium,0.5133595393644115,After_Lunch
383:30,0.5895249695493305,0.2727272727272725,0.5802469135802468,0.48083305195228326,0.4744706504755225,1.2603870244468816,Medium,0.4744706504755227,After_Lunch
384:00,0.6029232643118139,0.2727272727272725,0.5555555555555554,0.47706869753154724,0.4660391983169081,1.2451482146332602,Medium,0.4660391983169082,After_Lunch
384:30,0.6029232643118139,0.2727272727272725,0.5432098765432096,0.47295347119409864,0.46048364276135245,1.2351202086480069,Medium,0.46048364276135256,After_Lunch
385:00,0.6029232643118139,0.2727272727272725,0.5555555555555554,0.47706869753154724,0.4660391983169081,1.2451482146332602,Medium,0.4660391983169082,After_Lunch
385:30,0.616321559074299,0.2727272727272725,0.5679012345679011,0.4856500221231575,0.47427441282496063,1.2602991541929522,Medium,0.4742744128249608,After_Lunch
386:00,0.616321559074299,0.2727272727272725,0.5555555555555554,0.48153479578570896,0.4687188572694051,1.2501491276234815,Medium,0.4687188572694052,After_Lunch
386:30,0.616321559074299,0.7272727272727266,0.5185185185185184,0.6207042682885147,0.6111430996936473,1.632933227435037,Medium,0.6111430996936472,After_Lunch
387:00,0.6297198538367841,0.7272727272727266,0.5432098765432096,0.6334008192175734,0.6249338697572555,1.6662219199236203,Medium,0.6249338697572553,After_Lunch
387:30,0.6297198538367841,0.7272727272727266,0.5802469135802468,0.6457464982299191,0.6416005364239222,1.7071367492233507,Medium,0.6416005364239221,After_Lunch
388:00,0.6297198538367841,0.7272727272727266,0.6296296296296293,0.6622074035797133,0.6638227586461444,1.7632569404166532,Medium,0.6638227586461442,After_Lunch
388:30,0.6297198538367841,0.7272727272727266,0.6543209876543208,0.6704378562546105,0.6749338697572556,1.7920051243970978,Medium,0.6749338697572554,After_Lunch
389:00,0.6443361753958587,0.7272727272727266,0.6790123456790123,0.6835404161158659,0.6889682451801815,1.8292030483571053,Medium,0.6889682451801814,After_Lunch
389:30,0.6443361753958587,0.7272727272727266,0.7037037037037037,0.691770868790763,0.7000793562912928,1.859026419283032,Medium,0.7000793562912926,After_Lunch
390:00,0.6443361753958587,0.7272727272727266,0.7283950617283947,0.7000013214656601,0.7111904674024037,1.889336031172849,Medium,0.7111904674024035,After_Lunch
390:30,0.6577344701583439,0.7272727272727266,0.7407407407407405,0.7085826460572703,0.7194256819104562,1.9123254357110706,Medium,0.7194256819104561,After_Lunch
391:00,0.6577344701583439,0.2727272727272725,0.765432098765432,0.5652979472170161,0.5714458839306585,1.4522566533829924,Medium,0.5714458839306586,After_Lunch
391:30,0.6577344701583439,0.2727272727272725,0.7901234567901234,0.5735283998919133,0.5825569950417697,1.4759342811304343,Medium,0.5825569950417698,After_Lunch
392:00,0.6577344701583439,0.2727272727272725,0.8148148148148149,0.5817588525668104,0.5936681061528808,1.499997949495725,Medium,0.5936681061528809,After_Lunch
392:30,0.6577344701583439,0.2727272727272725,0.8395061728395059,0.5899893052417075,0.6047792172639918,1.5244539524944725,Medium,0.6047792172639919,After_Lunch
393:00,0.671132764920829,0.2727272727272725,0.8518518518518516,0.5985706298333177,0.6130144317720444,1.543003478907744,Medium,0.6130144317720445,After_Lunch
393:30,0.671132764920829,0.2727272727272725,0.8765432098765431,0.6068010825082149,0.6241255428831556,1.5681606451024928,Medium,0.6241255428831557,After_Lunch
394:00,0.671132764920829,0.2727272727272725,0.9012345679012346,0.615031535183112,0.6352366539942667,1.5937279743458683,Medium,0.6352366539942668,After_Lunch
394:30,0.671132764920829,0.2727272727272725,0.9012345679012346,0.615031535183112,0.6352366539942667,1.5937279743458683,Medium,0.6352366539942668,After_Lunch
395:00,0.6857490864799036,0.3636363636363633,0.9135802469135799,0.654321899009949,0.6755336556798188,1.710390639986557,Medium,0.6755336556798188,After_Lunch
395:30,0.6857490864799036,0.3636363636363633,0.9382716049382713,0.662552351684846,0.68664476679093,1.7382768905208357,Medium,0.6866447667909301,After_Lunch
396:00,0.6857490864799036,0.3636363636363633,0.9506172839506171,0.6666675780222947,0.6922003223464855,1.7523900520901465,Medium,0.6922003223464857,After_Lunch
396:30,0.6991473812423887,0.3636363636363633,0.9753086419753085,0.6793641289513536,0.7059910924100937,1.7881139706092843,Medium,0.7059910924100937,After_Lunch
397:00,0.6991473812423887,0.3636363636363633,1.0,0.6875945816262506,0.7171022035212049,1.8172674242136877,Medium,0.717102203521205,After_Lunch
397:30,0.6991473812423887,0.3636363636363633,0.9259259259259256,0.6629032236015592,0.6837688701878715,1.7312026404418859,Medium,0.6837688701878715,After_Lunch
398:00,0.6991473812423887,0.3636363636363633,0.765432098765432,0.609405281214728,0.6115466479656493,1.5584548023222828,Medium,0.6115466479656494,After_Lunch
398:30,0.7125456760048721,0.3636363636363633,0.617283950617284,0.5644886634195064,0.5475596402514794,1.4200155883105592,Medium,0.5475596402514794,After_Lunch
399:00,0.7125456760048721,0.7272727272727266,0.5185185185185184,0.652778973932039,0.630387923079762,1.6806231209868618,Medium,0.6303879230797619,After_Lunch
399:30,0.7125456760048721,0.7272727272727266,0.5185185185185184,0.652778973932039,0.630387923079762,1.6806231209868618,Medium,0.6303879230797619,After_Lunch
400:00,0.7259439707673572,0.7272727272727266,0.5555555555555554,0.6695907511985464,0.6497342486989256,1.7288072448947767,Medium,0.6497342486989255,After_Lunch
400:30,0.7259439707673572,0.7272727272727266,0.5925925925925926,0.6819364302108921,0.6664009153655924,1.771258885022191,Medium,0.6664009153655922,After_Lunch
401:00,0.7259439707673572,0.7272727272727266,0.617283950617284,0.6901668828857893,0.6775120264767035,1.800137532901826,Medium,0.6775120264767034,After_Lunch
401:30,0.7259439707673572,0.7272727272727266,0.6296296296296293,0.6942821092232377,0.6830675820322589,1.8147529442826973,Medium,0.6830675820322587,After_Lunch
402:00,0.7405602923264301,0.7272727272727266,0.617283950617284,0.6950389900721469,0.680435290788518,1.8080261645469682,Medium,0.6804352907885179,After_Lunch
402:30,0.7405602923264301,0.7272727272727266,0.617283950617284,0.6950389900721469,0.680435290788518,1.8080261645469682,Medium,0.6804352907885179,After_Lunch
403:00,0.7405602923264301,0.7272727272727266,0.641975308641975,0.703269442747044,0.6915464018996291,1.837504267044935,Medium,0.691546401899629,After_Lunch
403:30,0.7405602923264301,0.45454545454545414,0.6790123456790123,0.6247060308502989,0.6127585231117505,1.5805563058650802,Medium,0.6127585231117505,After_Lunch
404:00,0.7539585870889152,0.45454545454545414,0.7037037037037037,0.6374025817793577,0.6265492931753587,1.6127772515491117,Medium,0.6265492931753587,After_Lunch
404:30,0.7539585870889152,0.45454545454545414,0.7283950617283947,0.6456330344542547,0.6376604042864696,1.6390720110275874,Medium,0.6376604042864696,After_Lunch
405:00,0.7539585870889152,0.45454545454545414,0.7530864197530862,0.6538634871291519,0.6487715153975808,1.6657954809032167,Medium,0.6487715153975808,After_Lunch
405:30,0.7673568818514003,0.45454545454545414,0.7530864197530862,0.6583295853833135,0.6514511743500778,1.672485847689756,Medium,0.6514511743500778,After_Lunch
406:00,0.7673568818514003,0.45454545454545414,0.7530864197530862,0.6583295853833135,0.6514511743500778,1.672485847689756,Medium,0.6514511743500778,After_Lunch
406:30,0.7673568818514003,0.45454545454545414,0.765432098765432,0.6624448117207621,0.6570067299056334,1.6860648483193732,Medium,0.6570067299056335,After_Lunch
407:00,0.7807551766138836,1.0,0.8024691358024691,0.8610747708054509,0.8672621464338878,2.1906114990042767,High,0.8672621464338875,After_Lunch
407:30,0.7807551766138836,1.0,0.8148148148148149,0.8651899971428995,0.8728177019894434,2.2083971890687484,High,0.8728177019894431,After_Lunch
408:00,0.7807551766138836,1.0,0.8271604938271602,0.8693052234803479,0.8783732575449988,2.2263272820870132,High,0.8783732575449985,After_Lunch
408:30,0.7941534713763687,1.0,0.8395061728395059,0.8778865480719582,0.8866084720530514,2.253417189693658,High,0.886608472053051,After_Lunch
409:00,0.7941534713763687,1.0,0.8518518518518516,0.8820017744094067,0.8921640276086069,2.27171280246665,High,0.8921640276086066,After_Lunch
409:30,0.7941534713763687,1.0,0.8765432098765431,0.8902322270843039,0.9032751387197182,2.3087508631707303,High,0.9032751387197179,After_Lunch
410:00,0.8087697929354434,1.0,0.8888888888888888,0.8992195606081107,0.9117539585870886,2.337695373899355,High,0.9117539585870883,After_Lunch
410:30,0.8087697929354434,1.0,0.8518518518518516,0.886873881595765,0.8950872919204218,2.2816679893202494,High,0.8950872919204215,After_Lunch
411:00,0.8087697929354434,1.0,0.8148148148148149,0.8745282025834195,0.8784206252537554,2.226983409221926,High,0.8784206252537551,After_Lunch
411:30,0.8087697929354434,0.45454545454545414,0.8395061728395059,0.7009404734401344,0.6986226454557753,1.7919495472940363,Medium,0.6986226454557752,After_Lunch
412:00,0.8221680876979285,0.45454545454545414,0.8641975308641974,0.7136370243691933,0.7124134155193835,1.8284799187952807,Medium,0.7124134155193835,After_Lunch
412:30,0.8221680876979285,0.45454545454545414,0.8765432098765431,0.717752250706642,0.7179689710749391,1.8433254434990387,Medium,0.7179689710749392,After_Lunch
413:00,0.8221680876979285,0.45454545454545414,0.9012345679012346,0.725982703381539,0.7290800821860502,1.8733790662983474,Medium,0.7290800821860502,After_Lunch
413:30,0.8221680876979285,0.45454545454545414,0.9135802469135799,0.7300979297189875,0.7346356377416057,1.8885891295439738,Medium,0.7346356377416056,After_Lunch
414:00,0.8355663824604136,0.45454545454545414,0.9259259259259256,0.7386792543105978,0.7428708522496582,1.9115694457975212,Medium,0.7428708522496582,After_Lunch
414:30,0.8355663824604136,0.45454545454545414,0.9506172839506171,0.746909706985495,0.7539819633607694,1.9427357204677336,Medium,0.7539819633607694,After_Lunch
415:00,0.8355663824604136,0.45454545454545414,0.8888888888888888,0.7263335752982522,0.7262041855829916,1.8657549920901855,Medium,0.7262041855829917,After_Lunch
415:30,0.8489646772228987,0.45454545454545414,0.7407407407407405,0.6814169575030311,0.662217177868822,1.700017972153177,Medium,0.662217177868822,After_Lunch
416:00,0.8489646772228987,0.45454545454545414,0.6296296296296293,0.644379920465994,0.6122171778688219,1.5806914672851335,Medium,0.6122171778688219,After_Lunch
416:30,0.8489646772228987,0.45454545454545414,0.617283950617284,0.6402646941285456,0.6066616223132666,1.5679611085145977,Medium,0.6066616223132665,After_Lunch
417:00,0.8489646772228987,0.45454545454545414,0.6666666666666665,0.6567255994783397,0.6288838445354886,1.619506057818474,Medium,0.6288838445354886,After_Lunch
417:30,0.8635809987819734,0.45454545454545414,0.6790123456790123,0.6657129330021466,0.6373626644028592,1.639809595637718,Medium,0.6373626644028592,After_Lunch
418:00,0.8635809987819734,0.45454545454545414,0.641975308641975,0.6533672539898009,0.6206959977361924,1.6005083916069924,Medium,0.6206959977361924,After_Lunch
418:30,0.8635809987819734,0.45454545454545414,0.6296296296296293,0.6492520276523522,0.6151404421806368,1.5876184339763577,Medium,0.6151404421806369,After_Lunch
419:00,0.8635809987819734,0.45454545454545414,0.6666666666666665,0.661597706664698,0.6318071088473036,1.6266031192950008,Medium,0.6318071088473035,After_Lunch
419:30,0.8635809987819734,0.45454545454545414,0.6666666666666665,0.661597706664698,0.6318071088473036,1.6266031192950008,Medium,0.6318071088473035,After_Lunch
420:00,0.8635809987819734,0.3636363636363633,0.6543209876543208,0.6271794500242192,0.5944333714735661,1.5221302864202364,Medium,0.5944333714735662,After_Lunch
420:30,0.8769792935444567,0.3636363636363633,0.6543209876543208,0.6316455482783803,0.5971130304260628,1.528243647892155,Medium,0.5971130304260629,After_Lunch
421:00,0.8769792935444567,0.3636363636363633,0.6543209876543208,0.6316455482783803,0.5971130304260628,1.528243647892155,Medium,0.5971130304260629,After_Lunch
421:30,0.8769792935444567,0.3636363636363633,0.6790123456790123,0.6398760009532775,0.6082241415371741,1.5531601694435566,Medium,0.6082241415371741,After_Lunch
422:00,0.8769792935444567,0.3636363636363633,0.6790123456790123,0.6398760009532775,0.6082241415371741,1.5531601694435566,Medium,0.6082241415371741,After_Lunch
422:30,0.8769792935444567,0.3636363636363633,0.6049382716049383,0.6151846429285861,0.5748908082038408,1.4796033597164617,Medium,0.5748908082038408,After_Lunch
423:00,0.8769792935444567,0.3636363636363633,0.5802469135802468,0.6069541902536889,0.5637796970927296,1.4558668708950226,Medium,0.5637796970927297,After_Lunch
423:30,0.8903775883069418,0.3636363636363633,0.6296296296296293,0.6278811938576448,0.5886815782674487,1.5097662962157345,Medium,0.5886815782674488,After_Lunch
424:00,0.8903775883069418,0.8181818181818175,0.6790123456790123,0.7958572507225905,0.76999470958058,2.087116879994231,High,0.7699947095805798,After_Lunch
424:30,0.8903775883069418,0.8181818181818175,0.7037037037037037,0.8040877033974877,0.7811058206916912,2.121145284295074,High,0.781105820691691,After_Lunch
425:00,0.8903775883069418,0.8181818181818175,0.7283950617283947,0.8123181560723847,0.7922169318028022,2.155728488526079,High,0.792216931802802,After_Lunch
425:30,0.8903775883069418,0.8181818181818175,0.716049382716049,0.8082029297349361,0.7866613762472465,2.138366974505929,High,0.7866613762472464,After_Lunch
426:00,0.9037758830694269,0.8181818181818175,0.7037037037037037,0.8085538016516494,0.7837854796441882,2.129664481352673,High,0.783785479644188,After_Lunch
426:30,0.9037758830694269,0.8181818181818175,0.7283950617283947,0.8167842543265463,0.7948965907552992,2.164386582779409,High,0.794896590755299,After_Lunch
427:00,0.9037758830694269,0.8181818181818175,0.7530864197530862,0.8250147070014435,0.8060077018664104,2.199674794191097,High,0.80600770186641,After_Lunch
427:30,0.9037758830694269,0.8181818181818175,0.765432098765432,0.8291299333388921,0.8115632574219659,2.2175340696262427,High,0.8115632574219657,After_Lunch
428:00,0.9037758830694269,0.3636363636363633,0.7777777777777777,0.6817300081611893,0.6580279038866126,1.6702918791298715,Medium,0.6580279038866126,After_Lunch
428:30,0.9183922046285016,0.3636363636363633,0.765432098765432,0.6824868890100989,0.6553956126428718,1.6641005760102485,Medium,0.6553956126428719,After_Lunch
429:00,0.9183922046285016,0.3636363636363633,0.7283950617283947,0.6701412099977532,0.6387289459762051,1.6242171917201396,Medium,0.6387289459762052,After_Lunch
429:30,0.9183922046285016,0.3636363636363633,0.7530864197530862,0.6783716626726504,0.6498400570873163,1.650698468261004,Medium,0.6498400570873163,After_Lunch
430:00,0.9183922046285016,0.3636363636363633,0.7777777777777777,0.6866021153475476,0.6609511681984275,1.6776114961777364,Medium,0.6609511681984275,After_Lunch
430:30,0.9317904993909867,0.3636363636363633,0.8024691358024691,0.6992986662766064,0.6747419382620357,1.7118109920746347,Medium,0.6747419382620358,After_Lunch
431:00,0.9317904993909867,0.3636363636363633,0.8148148148148149,0.703413892614055,0.6802974938175912,1.7257092756214139,Medium,0.6802974938175913,After_Lunch
431:30,0.9317904993909867,0.3636363636363633,0.8148148148148149,0.703413892614055,0.6802974938175912,1.7257092756214139,Medium,0.6802974938175913,After_Lunch
432:00,0.9317904993909867,0.545454545454545,0.7777777777777777,0.7516742742077698,0.7272671907872881,1.892640229502603,Medium,0.727267190787288,After_Lunch
432:30,0.9317904993909867,0.545454545454545,0.7283950617283947,0.7352133688579755,0.7050449685650657,1.832402082069181,Medium,0.7050449685650656,After_Lunch
433:00,0.9317904993909867,0.545454545454545,0.7407407407407405,0.739328595195424,0.7106005241206212,1.847279451023005,Medium,0.7106005241206214,After_Lunch
433:30,0.9451887941534718,0.545454545454545,0.765432098765432,0.7520251461244829,0.7243912941842295,1.8849377683089952,Medium,0.7243912941842294,After_Lunch
434:00,0.9451887941534718,0.545454545454545,0.765432098765432,0.7520251461244829,0.7243912941842295,1.8849377683089952,Medium,0.7243912941842294,After_Lunch
434:30,0.9451887941534718,0.545454545454545,0.7777777777777777,0.7561403724619314,0.7299468497397851,1.9002416772646453,Medium,0.7299468497397851,After_Lunch
435:00,0.9451887941534718,0.545454545454545,0.8024691358024691,0.7643708251368286,0.7410579608508963,1.9312232637215823,Medium,0.7410579608508963,After_Lunch
435:30,0.9451887941534718,0.545454545454545,0.7777777777777777,0.7561403724619314,0.7299468497397851,1.9002416772646453,Medium,0.7299468497397851,After_Lunch
436:00,0.9598051157125465,0.6363636363636358,0.765432098765432,0.7872002836138714,0.7591327403142262,2.0068457413327483,High,0.7591327403142261,After_Lunch
436:30,0.9598051157125465,0.6363636363636358,0.8024691358024691,0.7995459626262171,0.7757994069808929,2.0561247419002617,High,0.7757994069808929,After_Lunch
437:00,0.9598051157125465,0.6363636363636358,0.8024691358024691,0.7995459626262171,0.7757994069808929,2.0561247419002617,High,0.7757994069808929,After_Lunch
437:30,0.9598051157125465,0.6363636363636358,0.8024691358024691,0.7995459626262171,0.7757994069808929,2.0561247419002617,High,0.7757994069808929,After_Lunch
438:00,0.9598051157125465,0.6363636363636358,0.8148148148148149,0.8036611889636657,0.7813549625364485,2.072818526905021,High,0.7813549625364484,After_Lunch
438:30,0.9598051157125465,0.6363636363636358,0.8395061728395059,0.8118916416385628,0.7924660736475595,2.106613810509836,High,0.7924660736475594,After_Lunch
439:00,0.9598051157125465,0.6363636363636358,0.8518518518518516,0.8160068679760113,0.798021629203115,2.1237175189201567,High,0.7980216292031149,After_Lunch
439:30,0.9598051157125465,0.6363636363636358,0.8641975308641974,0.8201220943134598,0.8035771847586707,2.1409600932393245,High,0.8035771847586706,After_Lunch
440:00,0.9598051157125465,0.9090909090909092,0.8888888888888888,0.9192616378974482,0.9101428413243274,2.4457449472310797,High,0.9101428413243272,After_Lunch
440:30,0.9732034104750316,0.9090909090909092,0.8888888888888888,0.9237277361516099,0.9128225002768244,2.455567840227781,High,0.9128225002768242,After_Lunch
441:00,0.9732034104750316,0.9090909090909092,0.8518518518518516,0.9113820571392641,0.8961558336101577,2.396715414338329,High,0.8961558336101574,After_Lunch
441:30,0.9732034104750316,0.9090909090909092,0.8395061728395059,0.9072668308018156,0.8906002780546022,2.3774130724665117,High,0.8906002780546018,After_Lunch
442:00,0.9732034104750316,0.9090909090909092,0.8641975308641974,0.9154972834767127,0.9017113891657133,2.416174472939793,High,0.901711389165713,After_Lunch
442:30,0.9732034104750316,0.9090909090909092,0.8888888888888888,0.9237277361516099,0.9128225002768244,2.455567840227781,High,0.9128225002768242,After_Lunch
443:00,0.9732034104750316,0.9090909090909092,0.8888888888888888,0.9237277361516099,0.9128225002768244,2.455567840227781,High,0.9128225002768242,After_Lunch
443:30,0.9732034104750316,0.9090909090909092,0.8641975308641974,0.9154972834767127,0.9017113891657133,2.416174472939793,High,0.901711389165713,After_Lunch
444:00,0.9866017052375149,0.545454545454545,0.8148148148148149,0.7822903551689583,0.7548960986232603,1.9711736038833068,High,0.7548960986232603,After_Lunch
444:30,0.9866017052375149,0.545454545454545,0.7901234567901234,0.7740599024940611,0.7437849875121493,1.9395511153924332,Medium,0.7437849875121492,After_Lunch
445:00,0.9732034104750316,0.545454545454545,0.7901234567901234,0.7695938042399,0.7411053285596526,1.931792419926556,Medium,0.7411053285596525,After_Lunch
445:30,0.9866017052375149,0.545454545454545,0.7283950617283947,0.7534837708068182,0.7160072097343714,1.862696576704871,Medium,0.7160072097343713,After_Lunch
446:00,0.9866017052375149,0.545454545454545,0.6666666666666665,0.7329076391195755,0.6882294319565936,1.7888873922077726,Medium,0.6882294319565936,After_Lunch
446:30,0.9866017052375149,0.545454545454545,0.5802469135802468,0.7041010547574356,0.6493405430677047,1.6904418844750249,Medium,0.6493405430677047,After_Lunch
447:00,0.9866017052375149,0.545454545454545,0.4444444444444442,0.6588335650455014,0.5882294319565936,1.5465721873344376,Medium,0.5882294319565936,After_Lunch
447:30,0.9866017052375149,0.545454545454545,0.41975308641975295,0.6506031123706043,0.5771183208454825,1.5217613532719583,Medium,0.5771183208454825,After_Lunch
448:00,0.9866017052375149,0.9090909090909092,0.45679012345678993,0.7841609125950714,0.7210577147848766,1.8577142680123107,Medium,0.7210577147848763,After_Lunch
448:30,0.9866017052375149,0.9090909090909092,0.45679012345678993,0.7841609125950714,0.7210577147848766,1.8577142680123107,Medium,0.7210577147848763,After_Lunch
449:00,0.9866017052375149,0.9090909090909092,0.45679012345678993,0.7841609125950714,0.7210577147848766,1.8577142680123107,Medium,0.7210577147848763,After_Lunch
449:30,0.9866017052375149,0.9090909090909092,0.4814814814814814,0.7923913652699685,0.7321688258959878,1.8880024865559422,Medium,0.7321688258959875,After_Lunch
450:00,0.9866017052375149,0.9090909090909092,0.49382716049382713,0.7965065916074171,0.7377243814515434,1.9033312781203524,Medium,0.7377243814515431,After_Lunch
450:30,0.9866017052375149,0.9090909090909092,0.49382716049382713,0.7965065916074171,0.7377243814515434,1.9033312781203524,Medium,0.7377243814515431,After_Lunch
451:00,0.9866017052375149,0.9090909090909092,0.49382716049382713,0.7965065916074171,0.7377243814515434,1.9033312781203524,Medium,0.7377243814515431,After_Lunch
451:30,0.9866017052375149,0.9090909090909092,0.49382716049382713,0.7965065916074171,0.7377243814515434,1.9033312781203524,Medium,0.7377243814515431,After_Lunch
452:00,0.9866017052375149,0.8181818181818175,0.5061728395061726,0.7703187876418349,0.7114617551889167,1.918152628946495,Medium,0.7114617551889165,After_Lunch
452:30,0.9866017052375149,0.8181818181818175,0.5185185185185184,0.7744340139792835,0.7170173107444723,1.9337262111039437,Medium,0.7170173107444722,After_Lunch
453:00,0.9866017052375149,0.8181818181818175,0.5308641975308641,0.7785492403167321,0.7225728663000279,1.9494262359946528,High,0.7225728663000277,After_Lunch
453:30,0.9866017052375149,0.8181818181818175,0.5432098765432096,0.7826644666541807,0.7281284218555834,1.965253730213829,High,0.7281284218555832,After_Lunch
454:00,0.9866017052375149,0.8181818181818175,0.5679012345679011,0.7908949193290779,0.7392395329666945,1.9972952747609851,High,0.7392395329666943,After_Lunch
454:30,0.9866017052375149,0.8181818181818175,0.5308641975308641,0.7785492403167321,0.7225728663000279,1.9494262359946528,High,0.7225728663000277,After_Lunch
455:00,0.9866017052375149,0.8181818181818175,0.49382716049382713,0.7662035613043865,0.7059061996333612,1.902704471194954,Medium,0.7059061996333611,After_Lunch
455:30,0.9866017052375149,0.8181818181818175,0.5185185185185184,0.7744340139792835,0.7170173107444723,1.9337262111039437,Medium,0.7170173107444722,After_Lunch
456:00,0.9866017052375149,0.6363636363636358,0.5185185185185184,0.7138279533732229,0.6533809471081088,1.7209136621369683,Medium,0.6533809471081087,After_Lunch
456:30,0.9866017052375149,0.6363636363636358,0.5061728395061726,0.7097127270357744,0.6478253915525531,1.70705400085231,Medium,0.6478253915525531,After_Lunch
457:00,0.9866017052375149,0.6363636363636358,0.49382716049382713,0.7055975006983259,0.6422698359969977,1.6933059606298542,Medium,0.6422698359969976,After_Lunch
457:30,0.9866017052375149,0.6363636363636358,0.5185185185185184,0.7138279533732229,0.6533809471081088,1.7209136621369683,Medium,0.6533809471081087,After_Lunch
458:00,0.9866017052375149,0.6363636363636358,0.5555555555555554,0.7261736323855686,0.6700476137747754,1.7631714717864386,Medium,0.6700476137747753,After_Lunch
458:30,0.9866017052375149,0.6363636363636358,0.5802469135802468,0.7344040850604658,0.6811587248858866,1.7919182622842604,Medium,0.6811587248858865,After_Lunch
459:00,0.9866017052375149,0.6363636363636358,0.5925925925925926,0.7385193113979144,0.6867142804414421,1.8064669409743623,Medium,0.686714280441442,After_Lunch
459:30,0.9866017052375149,0.6363636363636358,0.617283950617284,0.7467497640728116,0.6978253915525533,1.8359196218533331,Medium,0.6978253915525532,After_Lunch
460:00,0.9866017052375149,0.6363636363636358,0.641975308641975,0.7549802167477085,0.7089365026636643,1.865852499956666,Medium,0.7089365026636641,After_Lunch
460:30,0.9866017052375149,0.2727272727272725,0.6666666666666665,0.6419985482104846,0.5927748865020482,1.5020238641726176,Medium,0.5927748865020483,After_Lunch
461:00,0.9866017052375149,0.2727272727272725,0.691358024691358,0.6502290008853818,0.6038859976131594,1.5265128977334605,Medium,0.6038859976131595,After_Lunch
461:30,0.9866017052375149,0.2727272727272725,0.7037037037037037,0.6543442272228304,0.6094415531687151,1.5389067362990152,Medium,0.6094415531687152,After_Lunch
462:00,0.9866017052375149,0.2727272727272725,0.7283950617283947,0.6625746798977273,0.620552664279826,1.563997109102774,Medium,0.6205526642798261,After_Lunch
462:30,0.9866017052375149,0.2727272727272725,0.7530864197530862,0.6708051325726245,0.6316637753909371,1.589496555954091,Medium,0.6316637753909372,After_Lunch
463:00,0.9866017052375149,0.2727272727272725,0.7777777777777777,0.6790355852475217,0.6427748865020483,1.6154117464061724,Medium,0.6427748865020484,After_Lunch
463:30,0.9866017052375149,0.2727272727272725,0.7901234567901234,0.6831508115849703,0.6483304420576039,1.6285273594033411,Medium,0.648330442057604,After_Lunch
464:00,0.9866017052375149,0.2727272727272725,0.8024691358024691,0.6872660379224188,0.6538859976131595,1.6417494587527814,Medium,0.6538859976131596,After_Lunch
464:30,0.9866017052375149,0.3636363636363633,0.8024691358024691,0.7175690682254491,0.6857041794313412,1.7401117942971256,Medium,0.6857041794313413,After_Lunch
465:00,1.0,0.3636363636363633,0.8271604938271602,0.7302656191545078,0.6994949494949492,1.7755854103904805,Medium,0.6994949494949493,After_Lunch
465:30,0.6071428571428612,0.19047619047619024,0.4871794871794872,0.4282661782661796,0.4073260073260081,1.19211783591131,Medium,0.40732600732600804,Stress_Induced
466:00,0.6071428571428612,0.19047619047619024,0.5,0.43253968253968383,0.41309523809523885,1.2021705327739332,Medium,0.4130952380952388,Stress_Induced
466:30,0.8035714285714164,0.19047619047619024,0.5256410256410255,0.5065628815628774,0.4639194139194114,1.2965247877871722,Medium,0.46391941391941127,Stress_Induced
467:00,0.8035714285714164,0.19047619047619024,0.5512820512820515,0.5151098901098861,0.4754578754578731,1.3184832283989145,Medium,0.475457875457873,Stress_Induced
467:30,0.8035714285714164,0.19047619047619024,0.5769230769230771,0.5236568986568946,0.4869963369963346,1.3408135655749496,Medium,0.4869963369963345,Stress_Induced
468:00,0.8035714285714164,0.19047619047619024,0.5641025641025643,0.5193833943833903,0.48122710622710385,1.3296015187342105,Medium,0.48122710622710374,Stress_Induced
468:30,0.8035714285714164,0.19047619047619024,0.5641025641025643,0.5193833943833903,0.48122710622710385,1.3296015187342105,Medium,0.48122710622710374,Stress_Induced
469:00,0.8035714285714164,0.19047619047619024,0.5897435897435899,0.5279304029303988,0.49276556776556535,1.3521201595357002,Medium,0.49276556776556524,Stress_Induced
469:30,0.8035714285714164,0.19047619047619024,0.6153846153846154,0.5364774114774074,0.5043040293040268,1.3750201846665557,Medium,0.5043040293040267,Stress_Induced
470:00,0.8035714285714164,0.19047619047619024,0.641025641025641,0.5450244200244159,0.5158424908424883,1.3983080533979193,Medium,0.5158424908424882,Stress_Induced
470:30,0.8035714285714164,0.38095238095238093,0.666666666666667,0.6170634920634881,0.5940476190476167,1.5240154861413269,Medium,0.5940476190476167,Stress_Induced
471:00,0.8035714285714164,0.38095238095238093,0.6923076923076925,0.6256105006104966,0.6055860805860782,1.5498267963908787,Medium,0.6055860805860782,Stress_Induced
471:30,0.8035714285714164,0.38095238095238093,0.7179487179487181,0.6341575091575051,0.6171245421245397,1.5760752568812628,Medium,0.6171245421245397,Stress_Induced
472:00,0.8035714285714164,0.38095238095238093,0.7179487179487181,0.6341575091575051,0.6171245421245397,1.5760752568812628,Medium,0.6171245421245397,Stress_Induced
472:30,1.0,0.38095238095238093,0.7179487179487181,0.6996336996336997,0.6564102564102565,1.671467402932457,High,0.6564102564102563,Stress_Induced
473:00,0.8035714285714164,0.38095238095238093,0.7307692307692308,0.6384310134310094,0.6228937728937705,1.5893657272633257,Medium,0.6228937728937705,Stress_Induced
473:30,0.8035714285714164,0.38095238095238093,0.7179487179487181,0.6341575091575051,0.6171245421245397,1.5760752568812628,Medium,0.6171245421245397,Stress_Induced
474:00,0.8035714285714164,0.38095238095238093,0.7179487179487181,0.6341575091575051,0.6171245421245397,1.5760752568812628,Medium,0.6171245421245397,Stress_Induced
474:30,0.6071428571428612,0.38095238095238093,0.7564102564102564,0.5815018315018329,0.5951465201465209,1.5240410640194895,Medium,0.5951465201465209,Stress_Induced
475:00,0.6071428571428612,0.38095238095238093,0.7692307692307692,0.5857753357753371,0.6009157509157517,1.5368927489463118,Medium,0.6009157509157517,Stress_Induced
475:30,0.6071428571428612,0.2857142857142856,0.7564102564102564,0.549755799755801,0.5618131868131876,1.4337489120655582,Medium,0.5618131868131876,Stress_Induced
476:00,0.6071428571428612,0.2857142857142856,0.7564102564102564,0.549755799755801,0.5618131868131876,1.4337489120655582,Medium,0.5618131868131876,Stress_Induced
476:30,0.3928571428571388,0.2857142857142856,0.7692307692307692,0.48260073260073116,0.5247252747252739,1.356060127278634,Medium,0.524725274725274,Stress_Induced
477:00,0.3928571428571388,0.2857142857142856,0.7692307692307692,0.48260073260073116,0.5247252747252739,1.356060127278634,Medium,0.524725274725274,Stress_Induced
477:30,0.3928571428571388,0.2857142857142856,0.7692307692307692,0.48260073260073116,0.5247252747252739,1.356060127278634,Medium,0.524725274725274,Stress_Induced
478:00,0.3928571428571388,0.2857142857142856,0.7564102564102564,0.4783272283272269,0.5189560439560431,1.3447205868262766,Medium,0.5189560439560432,Stress_Induced
478:30,0.3928571428571388,0.2857142857142856,0.7564102564102564,0.4783272283272269,0.5189560439560431,1.3447205868262766,Medium,0.5189560439560432,Stress_Induced
479:00,0.1964285714285552,0.2857142857142856,0.7692307692307692,0.41712454212453665,0.48543956043955716,1.3324977179243394,Medium,0.4854395604395572,Stress_Induced
479:30,0.1964285714285552,0.2857142857142856,0.7820512820512819,0.4213980463980409,0.4912087912087879,1.3437341873612643,Medium,0.49120879120878796,Stress_Induced
480:00,0.1964285714285552,0.2857142857142856,0.7948717948717952,0.42567155067154533,0.49697802197801877,1.3550654098650865,Medium,0.49697802197801894,Stress_Induced
480:30,0.3928571428571388,0.23809523809523814,0.8076923076923079,0.4795482295482283,0.5253663003662996,1.3792737042025955,Medium,0.5253663003662998,Stress_Induced
481:00,0.6071428571428612,0.23809523809523814,0.8076923076923079,0.5509768009768025,0.5682234432234441,1.470589646811572,Medium,0.5682234432234442,Stress_Induced
481:30,0.3928571428571388,0.23809523809523814,0.8333333333333335,0.4880952380952368,0.5369047619047611,1.4026336121706962,Medium,0.5369047619047613,Stress_Induced
482:00,0.3928571428571388,0.23809523809523814,0.8333333333333335,0.4880952380952368,0.5369047619047611,1.4026336121706962,Medium,0.5369047619047613,Stress_Induced
482:30,0.3928571428571388,0.23809523809523814,0.8076923076923079,0.4795482295482283,0.5253663003662996,1.3792737042025955,Medium,0.5253663003662998,Stress_Induced
483:00,0.3928571428571388,0.23809523809523814,0.8974358974358974,0.5094627594627581,0.5657509157509149,1.4627789621324976,Medium,0.5657509157509151,Stress_Induced
483:30,0.3928571428571388,0.23809523809523814,0.8717948717948718,0.5009157509157496,0.5542124542124534,1.4384173743047202,Medium,0.5542124542124536,Stress_Induced
484:00,0.3928571428571388,0.23809523809523814,0.6794871794871797,0.43681318681318554,0.467673992673992,1.268181837648617,Medium,0.46767399267399207,Stress_Induced
484:30,0.3928571428571388,0.23809523809523814,0.5769230769230771,0.40262515262515136,0.4215201465201458,1.1857861875573377,Medium,0.42152014652014586,Stress_Induced
485:00,0.3928571428571388,0.4285714285714284,0.5641025641025643,0.4618437118437105,0.4824175824175816,1.2993136886957433,Medium,0.48241758241758165,Stress_Induced
485:30,0.3928571428571388,0.4285714285714284,0.5897435897435899,0.470390720390719,0.4939560439560431,1.321319363201931,Medium,0.49395604395604314,Stress_Induced
486:00,0.3928571428571388,0.4285714285714284,0.6025641025641026,0.47466422466422326,0.49972527472527384,1.332461569632245,Medium,0.4997252747252739,Stress_Induced
486:30,0.3928571428571388,0.4285714285714284,0.6025641025641026,0.47466422466422326,0.49972527472527384,1.332461569632245,Medium,0.4997252747252739,Stress_Induced
487:00,0.3928571428571388,0.4285714285714284,0.5897435897435899,0.470390720390719,0.4939560439560431,1.321319363201931,Medium,0.49395604395604314,Stress_Induced
487:30,0.3928571428571388,0.4285714285714284,0.6025641025641026,0.47466422466422326,0.49972527472527384,1.332461569632245,Medium,0.4997252747252739,Stress_Induced
488:00,0.3928571428571388,0.4285714285714284,0.641025641025641,0.48748473748473603,0.5170329670329661,1.3664551139525318,Medium,0.5170329670329661,Stress_Induced
488:30,0.3928571428571388,0.4285714285714284,0.6538461538461537,0.4917582417582403,0.5228021978021968,1.3779779337805271,Medium,0.5228021978021968,Stress_Induced
489:00,0.3928571428571388,0.4285714285714284,0.666666666666667,0.4960317460317447,0.5285714285714278,1.3895979213642968,Medium,0.5285714285714278,Stress_Induced
489:30,0.3928571428571388,0.4285714285714284,0.666666666666667,0.4960317460317447,0.5285714285714278,1.3895979213642968,Medium,0.5285714285714278,Stress_Induced
490:00,0.3928571428571388,0.1428571428571428,0.666666666666667,0.40079365079364954,0.42857142857142794,1.2575771461901188,Medium,0.42857142857142794,Stress_Induced
490:30,0.3928571428571388,0.1428571428571428,0.6794871794871797,0.4050671550671538,0.4343406593406587,1.268181837648617,Medium,0.4343406593406587,Stress_Induced
491:00,0.3928571428571388,0.1428571428571428,0.7435897435897436,0.4264346764346751,0.46318681318681243,1.3225618551947058,Medium,0.46318681318681243,Stress_Induced
491:30,0.3928571428571388,0.1428571428571428,0.7435897435897436,0.4264346764346751,0.46318681318681243,1.3225618551947058,Medium,0.46318681318681243,Stress_Induced
492:00,0.3928571428571388,0.1428571428571428,0.666666666666667,0.40079365079364954,0.42857142857142794,1.2575771461901188,Medium,0.42857142857142794,Stress_Induced
492:30,0.3928571428571388,0.1428571428571428,0.6794871794871797,0.4050671550671538,0.4343406593406587,1.268181837648617,Medium,0.4343406593406587,Stress_Induced
493:00,0.3928571428571388,0.1428571428571428,0.6923076923076925,0.40934065934065805,0.44010989010988943,1.2788759546197133,Medium,0.44010989010988943,Stress_Induced
493:30,0.3928571428571388,0.1428571428571428,0.6923076923076925,0.40934065934065805,0.44010989010988943,1.2788759546197133,Medium,0.44010989010988943,Stress_Induced
494:00,0.3928571428571388,0.1428571428571428,0.7051282051282053,0.4136141636141623,0.4458791208791202,1.289660251196286,Medium,0.4458791208791202,Stress_Induced
494:30,0.3928571428571388,0.1428571428571428,0.6282051282051282,0.3879731379731366,0.41126373626373547,1.2262921782327454,Medium,0.41126373626373547,Stress_Induced
495:00,0.3928571428571388,0.23809523809523814,0.5,0.37698412698412564,0.3869047619047611,1.1275220163676067,Low,0.38690476190476114,Stress_Induced
495:30,0.3928571428571388,0.23809523809523814,0.4358974358974361,0.35561660561660435,0.35805860805860734,1.0811614875251616,Low,0.3580586080586074,Stress_Induced
496:00,0.3928571428571388,0.23809523809523814,0.42307692307692335,0.3513431013431001,0.3522893772893766,1.0721206830824221,Low,0.35228937728937665,Stress_Induced
496:30,0.3928571428571388,0.23809523809523814,0.4358974358974361,0.35561660561660435,0.35805860805860734,1.0811614875251616,Low,0.3580586080586074,Stress_Induced
497:00,0.3928571428571388,0.23809523809523814,0.4615384615384617,0.36416361416361287,0.36959706959706884,1.0994724527601902,Low,0.3695970695970689,Stress_Induced
497:30,0.3928571428571388,0.23809523809523814,0.4871794871794872,0.3727106227106214,0.38113553113553034,1.118093539518883,Low,0.3811355311355304,Stress_Induced
498:00,0.3928571428571388,0.23809523809523814,0.5,0.37698412698412564,0.3869047619047611,1.1275220163676067,Low,0.38690476190476114,Stress_Induced
498:30,0.3928571428571388,0.23809523809523814,0.5,0.37698412698412564,0.3869047619047611,1.1275220163676067,Low,0.38690476190476114,Stress_Induced
499:00,0.3928571428571388,0.23809523809523814,0.5128205128205128,0.3812576312576299,0.39267399267399183,1.1370300001381979,Medium,0.3926739926739919,Stress_Induced
499:30,0.6071428571428612,0.23809523809523814,0.5,0.44841269841269976,0.42976190476190557,1.2021705327739332,Medium,0.42976190476190557,Stress_Induced
500:00,0.6071428571428612,0.4761904761904763,0.5,0.5277777777777791,0.5130952380952389,1.3695641573858102,Medium,0.5130952380952389,Stress_Induced
500:30,0.6071428571428612,0.4761904761904763,0.5256410256410255,0.5363247863247876,0.5246336996337004,1.3927596207484922,Medium,0.5246336996337004,Stress_Induced
501:00,0.6071428571428612,0.4761904761904763,0.5384615384615383,0.5405982905982919,0.5304029304029312,1.4045042569313604,Medium,0.5304029304029312,Stress_Induced
501:30,0.6071428571428612,0.4761904761904763,0.5641025641025643,0.5491452991453006,0.5419413919413929,1.4282914792083856,Medium,0.5419413919413929,Stress_Induced
502:00,0.3928571428571388,0.4761904761904763,0.5769230769230771,0.4819902319902307,0.5048534798534792,1.350898409607825,Medium,0.5048534798534792,Stress_Induced
502:30,0.3928571428571388,0.4761904761904763,0.6025641025641026,0.49053724053723924,0.5163919413919407,1.3737777427137485,Medium,0.5163919413919407,Stress_Induced
503:00,0.3928571428571388,0.4761904761904763,0.6282051282051282,0.49908424908424776,0.5279304029304022,1.3970445689721174,Medium,0.5279304029304022,Stress_Induced
503:30,0.3928571428571388,0.4761904761904763,0.6282051282051282,0.49908424908424776,0.5279304029304022,1.3970445689721174,Medium,0.5279304029304022,Stress_Induced
504:00,0.3928571428571388,0.4761904761904763,0.641025641025641,0.503357753357752,0.5336996336996329,1.4088253385675278,Medium,0.5336996336996329,Stress_Induced
504:30,0.6071428571428612,0.4761904761904763,0.641025641025641,0.5747863247863262,0.5765567765567774,1.5020977712766543,Medium,0.5765567765567774,Stress_Induced
505:00,0.6071428571428612,0.23809523809523814,0.6794871794871797,0.5082417582417597,0.5105311355311365,1.3521428524577976,Medium,0.5105311355311365,Stress_Induced
505:30,0.6071428571428612,0.23809523809523814,0.7307692307692308,0.5253357753357767,0.5336080586080595,1.3983315215013274,Medium,0.5336080586080595,Stress_Induced
506:00,0.6071428571428612,0.23809523809523814,0.7307692307692308,0.5253357753357767,0.5336080586080595,1.3983315215013274,Medium,0.5336080586080595,Stress_Induced
506:30,0.6071428571428612,0.23809523809523814,0.7307692307692308,0.5253357753357767,0.5336080586080595,1.3983315215013274,Medium,0.5336080586080595,Stress_Induced
507:00,0.8035714285714164,0.23809523809523814,0.7307692307692308,0.5908119658119618,0.5728937728937705,1.4829657064139026,Medium,0.5728937728937705,Stress_Induced
507:30,0.8035714285714164,0.23809523809523814,0.7435897435897436,0.5950854700854661,0.5786630036630013,1.4954710177641422,Medium,0.5786630036630013,Stress_Induced
508:00,0.8035714285714164,0.23809523809523814,0.7820512820512819,0.6079059829059789,0.5959706959706935,1.5336232327928279,Medium,0.5959706959706935,Stress_Induced
508:30,0.8035714285714164,0.23809523809523814,0.7435897435897436,0.5950854700854661,0.5786630036630013,1.4954710177641422,Medium,0.5786630036630013,Stress_Induced
509:00,0.8035714285714164,0.23809523809523814,0.7307692307692308,0.5908119658119618,0.5728937728937705,1.4829657064139026,Medium,0.5728937728937705,Stress_Induced
509:30,0.8035714285714164,0.2857142857142856,0.7435897435897436,0.6109584859584819,0.5953296703296679,1.507811908486176,Medium,0.5953296703296679,Stress_Induced
510:00,0.8035714285714164,0.2857142857142856,0.7307692307692308,0.6066849816849776,0.5895604395604371,1.4952034011000488,Medium,0.5895604395604371,Stress_Induced
510:30,0.8035714285714164,0.2857142857142856,0.7435897435897436,0.6109584859584819,0.5953296703296679,1.507811908486176,Medium,0.5953296703296679,Stress_Induced
511:00,0.8035714285714164,0.2857142857142856,0.7435897435897436,0.6109584859584819,0.5953296703296679,1.507811908486176,Medium,0.5953296703296679,Stress_Induced
511:30,0.8035714285714164,0.2857142857142856,0.7307692307692308,0.6066849816849776,0.5895604395604371,1.4952034011000488,Medium,0.5895604395604371,Stress_Induced
512:00,1.0,0.2857142857142856,0.7435897435897436,0.6764346764346764,0.6346153846153846,1.5990724070975562,Medium,0.6346153846153846,Stress_Induced
512:30,0.8035714285714164,0.2857142857142856,0.7307692307692308,0.6066849816849776,0.5895604395604371,1.4952034011000488,Medium,0.5895604395604371,Stress_Induced
513:00,0.8035714285714164,0.2857142857142856,0.7051282051282053,0.5981379731379691,0.5780219780219756,1.4703018063141982,Medium,0.5780219780219756,Stress_Induced
513:30,0.8035714285714164,0.2857142857142856,0.7307692307692308,0.6066849816849776,0.5895604395604371,1.4952034011000488,Medium,0.5895604395604371,Stress_Induced
514:00,0.8035714285714164,0.2857142857142856,0.7435897435897436,0.6109584859584819,0.5953296703296679,1.507811908486176,Medium,0.5953296703296679,Stress_Induced
514:30,0.8035714285714164,0.4761904761904763,0.7307692307692308,0.6701770451770411,0.6562271062271039,1.6894580450665064,High,0.6562271062271038,Stress_Induced
515:00,0.8035714285714164,0.4761904761904763,0.7564102564102564,0.6787240537240496,0.6677655677655653,1.71807135388873,High,0.6677655677655654,Stress_Induced
515:30,0.8035714285714164,0.4761904761904763,0.7820512820512819,0.6872710622710582,0.6793040293040268,1.7471692686732896,High,0.6793040293040269,Stress_Induced
516:00,0.8035714285714164,0.4761904761904763,0.7948717948717952,0.6915445665445626,0.6850732600732578,1.7619025127340475,High,0.6850732600732579,Stress_Induced
516:30,0.8035714285714164,0.4761904761904763,0.7820512820512819,0.6872710622710582,0.6793040293040268,1.7471692686732896,High,0.6793040293040269,Stress_Induced
517:00,0.8035714285714164,0.4761904761904763,0.7820512820512819,0.6872710622710582,0.6793040293040268,1.7471692686732896,High,0.6793040293040269,Stress_Induced
517:30,0.6071428571428612,0.4761904761904763,0.7820512820512819,0.6217948717948731,0.6400183150183157,1.6474567491464267,High,0.6400183150183159,Stress_Induced
518:00,0.8035714285714164,0.4761904761904763,0.7820512820512819,0.6872710622710582,0.6793040293040268,1.7471692686732896,High,0.6793040293040269,Stress_Induced
518:30,0.8035714285714164,0.4761904761904763,0.7692307692307692,0.6829975579975539,0.673534798534796,1.732559225799309,High,0.6735347985347961,Stress_Induced
519:00,0.8035714285714164,0.5714285714285712,0.8205128205128207,0.7318376068376028,0.7299450549450525,1.9045800368963253,High,0.7299450549450526,Stress_Induced
519:30,0.6071428571428612,0.5714285714285712,0.7948717948717952,0.6578144078144091,0.6791208791208799,1.7659747189053363,High,0.67912087912088,Stress_Induced
520:00,0.8035714285714164,0.5714285714285712,0.6794871794871797,0.6848290598290557,0.666483516483514,1.736534467519246,High,0.6664835164835141,Stress_Induced
520:30,0.8035714285714164,0.5714285714285712,0.666666666666667,0.6805555555555515,0.6607142857142833,1.7220133541517546,High,0.6607142857142834,Stress_Induced
521:00,0.8035714285714164,0.5714285714285712,0.6794871794871797,0.6848290598290557,0.666483516483514,1.736534467519246,High,0.6664835164835141,Stress_Induced
521:30,0.8035714285714164,0.5714285714285712,0.666666666666667,0.6805555555555515,0.6607142857142833,1.7220133541517546,High,0.6607142857142834,Stress_Induced
522:00,0.8035714285714164,0.5714285714285712,0.666666666666667,0.6805555555555515,0.6607142857142833,1.7220133541517546,High,0.6607142857142834,Stress_Induced
522:30,0.6071428571428612,0.5714285714285712,0.6794871794871797,0.6193528693528707,0.627197802197803,1.6374288856467651,High,0.6271978021978031,Stress_Induced
523:00,0.8035714285714164,0.5714285714285712,0.6794871794871797,0.6848290598290557,0.666483516483514,1.736534467519246,High,0.6664835164835141,Stress_Induced
523:30,0.8035714285714164,0.7619047619047619,0.641025641025641,0.7355006105006064,0.7158424908424883,1.9133299274360316,High,0.7158424908424883,Stress_Induced
524:00,0.8035714285714164,0.7619047619047619,0.5769230769230771,0.7141330891330852,0.6869963369963346,1.8346591910793484,High,0.6869963369963346,Stress_Induced
524:30,0.8035714285714164,0.7619047619047619,0.4871794871794872,0.6842185592185551,0.6466117216117191,1.729924509401126,High,0.6466117216117191,Stress_Induced
525:00,0.8035714285714164,0.7619047619047619,0.42307692307692335,0.6628510378510338,0.6177655677655653,1.6587948871417626,High,0.6177655677655653,Stress_Induced
525:30,0.8035714285714164,0.7619047619047619,0.35897435897435903,0.6414835164835124,0.5889194139194115,1.5905899145623499,Medium,0.5889194139194114,Stress_Induced
526:00,0.6071428571428612,0.7619047619047619,0.29487179487179516,0.5546398046398061,0.5207875457875467,1.4847062128028088,Medium,0.5207875457875466,Stress_Induced
526:30,0.8035714285714164,0.7619047619047619,0.26923076923076916,0.6115689865689825,0.548534798534796,1.5745682363809443,Medium,0.5485347985347959,Stress_Induced
527:00,0.8035714285714164,0.7619047619047619,0.30769230769230793,0.6243894993894954,0.5658424908424885,1.5745682363809443,Medium,0.5658424908424884,Stress_Induced
527:30,0.8035714285714164,0.7619047619047619,0.35897435897435903,0.6414835164835124,0.5889194139194115,1.5905899145623499,Medium,0.5889194139194114,Stress_Induced
528:00,0.8035714285714164,0.4285714285714284,0.39743589743589736,0.543192918192914,0.48956043956043704,1.3172445681068008,Medium,0.48956043956043693,Stress_Induced
528:30,0.8035714285714164,0.4285714285714284,0.39743589743589736,0.543192918192914,0.48956043956043704,1.3172445681068008,Medium,0.48956043956043693,Stress_Induced
529:00,0.6071428571428612,0.4285714285714284,0.3717948717948718,0.46916971916972044,0.4387362637362645,1.2213824364571009,Medium,0.4387362637362644,Stress_Induced
529:30,0.6071428571428612,0.4285714285714284,0.4358974358974361,0.4905372405372419,0.46758241758241836,1.27375568164422,Medium,0.46758241758241836,Stress_Induced
530:00,0.6071428571428612,0.4285714285714284,0.42307692307692335,0.48626373626373764,0.4618131868131876,1.2631043810212816,Medium,0.4618131868131876,Stress_Induced
530:30,0.8035714285714164,0.4285714285714284,0.3717948717948718,0.5346459096459055,0.47802197802197555,1.2953067565390064,Medium,0.47802197802197544,Stress_Induced
531:00,0.6071428571428612,0.4285714285714284,0.41025641025641013,0.4819902319902332,0.45604395604395676,1.252542147875407,Medium,0.45604395604395664,Stress_Induced
531:30,0.8035714285714164,0.4285714285714284,0.4487179487179489,0.5602869352869312,0.5126373626373601,1.3622411254565514,Medium,0.5126373626373601,Stress_Induced
532:00,0.6071428571428612,0.4285714285714284,0.4615384615384617,0.4990842490842504,0.47912087912087986,1.2953284959495988,Medium,0.47912087912087986,Stress_Induced
532:30,0.6071428571428612,0.4285714285714284,0.47435897435897445,0.5033577533577547,0.4848901098901106,1.3062515308334317,Medium,0.4848901098901106,Stress_Induced
533:00,0.6071428571428612,0.23809523809523814,0.47435897435897445,0.43986568986569125,0.41822344322344407,1.1821492009279768,Medium,0.41822344322344407,Stress_Induced
533:30,0.6071428571428612,0.23809523809523814,0.4871794871794872,0.4441391941391955,0.4239926739926748,1.19211783591131,Medium,0.4239926739926748,Stress_Induced
534:00,0.6071428571428612,0.23809523809523814,0.5128205128205128,0.452686202686204,0.4355311355311363,1.2123080003791518,Medium,0.4355311355311363,Stress_Induced
534:30,0.6071428571428612,0.23809523809523814,0.5256410256410255,0.4569597069597083,0.44130036630036706,1.222530953567859,Medium,0.44130036630036706,Stress_Induced
535:00,0.6071428571428612,0.23809523809523814,0.5512820512820515,0.46550671550671696,0.4528388278388288,1.243236206250111,Medium,0.4528388278388288,Stress_Induced
535:30,0.6071428571428612,0.23809523809523814,0.5769230769230771,0.4740537240537255,0.4643772893772903,1.2642921310256823,Medium,0.4643772893772903,Stress_Induced
536:00,0.3928571428571388,0.23809523809523814,0.5897435897435899,0.4068986568986556,0.42728937728937655,1.1957854919283581,Medium,0.4272893772893766,Stress_Induced
536:30,0.6071428571428612,0.23809523809523814,0.6153846153846154,0.48687423687423825,0.4816849816849825,1.2965465476402438,Medium,0.4816849816849825,Stress_Induced
537:00,0.3928571428571388,0.23809523809523814,0.6282051282051282,0.4197191697191684,0.4445970695970688,1.2262921782327454,Medium,0.44459706959706885,Stress_Induced
537:30,0.6071428571428612,0.23809523809523814,0.6282051282051282,0.4911477411477425,0.4874542124542133,1.30747985391172,Medium,0.4874542124542133,Stress_Induced
538:00,0.6071428571428612,0.2857142857142856,0.7051282051282053,0.532661782661784,0.5387362637362646,1.3863903615554358,Medium,0.5387362637362646,Stress_Induced
538:30,0.6071428571428612,0.2857142857142856,0.7564102564102564,0.549755799755801,0.5618131868131876,1.4337489120655582,Medium,0.5618131868131876,Stress_Induced
539:00,0.6071428571428612,0.2857142857142856,0.7307692307692308,0.5412087912087925,0.5502747252747261,1.4098707999594438,Medium,0.5502747252747261,Stress_Induced
539:30,0.6071428571428612,0.2857142857142856,0.7051282051282053,0.532661782661784,0.5387362637362646,1.3863903615554358,Medium,0.5387362637362646,Stress_Induced
540:00,0.6071428571428612,0.2857142857142856,0.6794871794871797,0.5241147741147755,0.5271978021978031,1.363300973868742,Medium,0.5271978021978031,Stress_Induced
540:30,0.6071428571428612,0.2857142857142856,0.7179487179487181,0.5369352869352882,0.5445054945054953,1.3980812880881515,Medium,0.5445054945054953,Stress_Induced
541:00,0.3928571428571388,0.2857142857142856,0.7564102564102564,0.4783272283272269,0.5189560439560431,1.3447205868262766,Medium,0.5189560439560432,Stress_Induced
541:30,0.3928571428571388,0.2857142857142856,0.7564102564102564,0.4783272283272269,0.5189560439560431,1.3447205868262766,Medium,0.5189560439560432,Stress_Induced
542:00,0.3928571428571388,0.2857142857142856,0.7564102564102564,0.4783272283272269,0.5189560439560431,1.3447205868262766,Medium,0.5189560439560432,Stress_Induced
542:30,0.3928571428571388,0.2857142857142856,0.7564102564102564,0.4783272283272269,0.5189560439560431,1.3447205868262766,Medium,0.5189560439560432,Stress_Induced
543:00,0.3928571428571388,0.0,0.7435897435897436,0.37881562881562747,0.4131868131868124,1.3225618551947058,Medium,0.41318681318681244,Stress_Induced
543:30,0.3928571428571388,0.0,0.7435897435897436,0.37881562881562747,0.4131868131868124,1.3225618551947058,Medium,0.41318681318681244,Stress_Induced
544:00,0.3928571428571388,0.0,0.7435897435897436,0.37881562881562747,0.4131868131868124,1.3225618551947058,Medium,0.41318681318681244,Stress_Induced
544:30,0.3928571428571388,0.0,0.7435897435897436,0.37881562881562747,0.4131868131868124,1.3225618551947058,Medium,0.41318681318681244,Stress_Induced
545:00,0.3928571428571388,0.0,0.7435897435897436,0.37881562881562747,0.4131868131868124,1.3225618551947058,Medium,0.41318681318681244,Stress_Induced
545:30,0.3928571428571388,0.0,0.7435897435897436,0.37881562881562747,0.4131868131868124,1.3225618551947058,Medium,0.41318681318681244,Stress_Induced
546:00,0.3928571428571388,0.0,0.7435897435897436,0.37881562881562747,0.4131868131868124,1.3225618551947058,Medium,0.41318681318681244,Stress_Induced
546:30,0.3928571428571388,0.0,0.7435897435897436,0.37881562881562747,0.4131868131868124,1.3225618551947058,Medium,0.41318681318681244,Stress_Induced
547:00,0.3928571428571388,0.0,0.7564102564102564,0.38308913308913173,0.41895604395604313,1.333714539108857,Medium,0.4189560439560432,Stress_Induced
547:30,0.3928571428571388,0.0,0.7692307692307692,0.387362637362636,0.4247252747252739,1.3449612695570135,Medium,0.42472527472527394,Stress_Induced
548:00,0.3928571428571388,0.23809523809523814,0.7820512820512819,0.4710012210012196,0.513827838827838,1.3563028395994494,Medium,0.5138278388278381,Stress_Induced
548:30,0.3928571428571388,0.23809523809523814,0.7948717948717952,0.47527472527472403,0.5195970695970689,1.3677400489840281,Medium,0.5195970695970691,Stress_Induced
549:00,0.3928571428571388,0.23809523809523814,0.8076923076923079,0.4795482295482283,0.5253663003662996,1.3792737042025955,Medium,0.5253663003662998,Stress_Induced
549:30,0.3928571428571388,0.23809523809523814,0.7948717948717952,0.47527472527472403,0.5195970695970689,1.3677400489840281,Medium,0.5195970695970691,Stress_Induced
550:00,0.3928571428571388,0.23809523809523814,0.7948717948717952,0.47527472527472403,0.5195970695970689,1.3677400489840281,Medium,0.5195970695970691,Stress_Induced
550:30,0.3928571428571388,0.23809523809523814,0.8076923076923079,0.4795482295482283,0.5253663003662996,1.3792737042025955,Medium,0.5253663003662998,Stress_Induced
551:00,0.3928571428571388,0.23809523809523814,0.8333333333333335,0.4880952380952368,0.5369047619047611,1.4026336121706962,Medium,0.5369047619047613,Stress_Induced
551:30,0.3928571428571388,0.23809523809523814,0.858974358974359,0.4966422466422453,0.5484432234432226,1.4263891524912558,Medium,0.5484432234432228,Stress_Induced
552:00,0.3928571428571388,0.23809523809523814,0.858974358974359,0.4966422466422453,0.5484432234432226,1.4263891524912558,Medium,0.5484432234432228,Stress_Induced
552:30,0.3928571428571388,0.23809523809523814,0.8333333333333335,0.4880952380952368,0.5369047619047611,1.4026336121706962,Medium,0.5369047619047613,Stress_Induced
553:00,0.3928571428571388,0.19047619047619024,0.8205128205128207,0.46794871794871656,0.5144688644688636,1.390904618547851,Medium,0.5144688644688638,Stress_Induced
553:30,0.3928571428571388,0.19047619047619024,0.8205128205128207,0.46794871794871656,0.5144688644688636,1.390904618547851,Medium,0.5144688644688638,Stress_Induced
554:00,0.3928571428571388,0.19047619047619024,0.8205128205128207,0.46794871794871656,0.5144688644688636,1.390904618547851,Medium,0.5144688644688638,Stress_Induced
554:30,0.3928571428571388,0.19047619047619024,0.8205128205128207,0.46794871794871656,0.5144688644688636,1.390904618547851,Medium,0.5144688644688638,Stress_Induced
555:00,0.3928571428571388,0.19047619047619024,0.8333333333333335,0.4722222222222208,0.5202380952380944,1.4026336121706962,Medium,0.5202380952380945,Stress_Induced
555:30,0.3928571428571388,0.19047619047619024,0.8333333333333335,0.4722222222222208,0.5202380952380944,1.4026336121706962,Medium,0.5202380952380945,Stress_Induced
556:00,0.6071428571428612,0.19047619047619024,0.8333333333333335,0.5436507936507949,0.5630952380952389,1.4954961165743814,Medium,0.563095238095239,Stress_Induced
556:30,0.3928571428571388,0.19047619047619024,0.8205128205128207,0.46794871794871656,0.5144688644688636,1.390904618547851,Medium,0.5144688644688638,Stress_Induced
557:00,0.6071428571428612,0.19047619047619024,0.8205128205128207,0.5393772893772907,0.5573260073260081,1.4829905953448246,Medium,0.5573260073260082,Stress_Induced
557:30,0.6071428571428612,1.0,0.8461538461538463,0.8177655677655692,0.8521978021978031,2.14010583452007,High,0.8521978021978031,Stress_Induced
558:00,0.6071428571428612,1.0,0.8974358974358974,0.8348595848595862,0.875274725274726,2.2132110097085476,High,0.875274725274726,Stress_Induced
558:30,0.3928571428571388,1.0,0.8974358974358974,0.763431013431012,0.8324175824175816,2.0757821559271523,High,0.8324175824175817,Stress_Induced
559:00,0.3928571428571388,1.0,0.9487179487179489,0.7805250305250292,0.8554945054945048,2.146690059505763,High,0.8554945054945049,Stress_Induced
559:30,0.3928571428571388,1.0,1.0,0.7976190476190462,0.8785714285714278,2.2200201492350518,High,0.8785714285714279,Stress_Induced
560:00,0.3928571428571388,1.0,0.9230769230769234,0.7719780219780207,0.8439560439560433,2.1109383979236016,High,0.8439560439560434,Stress_Induced
560:30,0.3928571428571388,1.0,0.9230769230769234,0.7719780219780207,0.8439560439560433,2.1109383979236016,High,0.8439560439560434,Stress_Induced
561:00,0.3928571428571388,1.0,0.9358974358974361,0.7762515262515249,0.849725274725274,2.12873917496992,High,0.8497252747252741,Stress_Induced
561:30,0.3928571428571388,1.0,0.8974358974358974,0.763431013431012,0.8324175824175816,2.0757821559271523,High,0.8324175824175817,Stress_Induced
562:00,0.3928571428571388,0.33333333333333304,0.8846153846153846,0.5369352869352855,0.5933150183150173,1.5078660560719201,Medium,0.5933150183150175,Stress_Induced
562:30,0.3928571428571388,0.33333333333333304,0.8461538461538463,0.5241147741147727,0.5760073260073251,1.4703546068609237,Medium,0.5760073260073253,Stress_Induced
563:00,0.3928571428571388,0.33333333333333304,0.8076923076923079,0.5112942612942599,0.5586996336996328,1.4337763365727123,Medium,0.558699633699633,Stress_Induced
563:30,0.3928571428571388,0.33333333333333304,0.7948717948717952,0.5070207570207557,0.5529304029304021,1.4217869236837524,Medium,0.5529304029304023,Stress_Induced
564:00,0.3928571428571388,0.33333333333333304,0.7820512820512819,0.5027472527472513,0.5471611721611712,1.4098977677301,Medium,0.5471611721611713,Stress_Induced
564:30,0.3928571428571388,0.33333333333333304,0.7564102564102564,0.4942002442002427,0.5356227106227097,1.38641688019623,Medium,0.5356227106227098,Stress_Induced
565:00,0.3928571428571388,0.33333333333333304,0.7435897435897436,0.48992673992673846,0.529853479853479,1.3748234928673317,Medium,0.5298534798534791,Stress_Induced
565:30,0.1964285714285552,0.33333333333333304,0.666666666666667,0.3988095238095184,0.4559523809523778,1.284556218180394,Medium,0.45595238095237783,Stress_Induced
566:00,0.3928571428571388,0.33333333333333304,0.5897435897435899,0.43864468864468725,0.46062271062270976,1.2430375035207706,Medium,0.4606227106227098,Stress_Induced
566:30,0.3928571428571388,0.4761904761904763,0.5641025641025643,0.47771672771672646,0.4990842490842484,1.3396020320692308,Medium,0.4990842490842484,Stress_Induced
567:00,0.1964285714285552,0.4761904761904763,0.5897435897435899,0.42078754578754046,0.47133699633699316,1.3386193872427088,Medium,0.4713369963369932,Stress_Induced
567:30,0.1964285714285552,0.4761904761904763,0.6153846153846154,0.429334554334549,0.48287545787545466,1.361290758120749,Medium,0.4828754578754547,Stress_Induced
568:00,0.1964285714285552,0.4761904761904763,0.5897435897435899,0.42078754578754046,0.47133699633699316,1.3386193872427088,Medium,0.4713369963369932,Stress_Induced
568:30,0.1964285714285552,0.4761904761904763,0.5769230769230771,0.4165140415140362,0.4655677655677624,1.3274256883892437,Medium,0.46556776556776247,Stress_Induced
569:00,0.1964285714285552,0.4761904761904763,0.5897435897435899,0.42078754578754046,0.47133699633699316,1.3386193872427088,Medium,0.4713369963369932,Stress_Induced
569:30,0.1964285714285552,0.4761904761904763,0.6153846153846154,0.429334554334549,0.48287545787545466,1.361290758120749,Medium,0.4828754578754547,Stress_Induced
570:00,0.1964285714285552,0.4761904761904763,0.6282051282051282,0.43360805860805324,0.4886446886446854,1.3727700288111475,Medium,0.48864468864468547,Stress_Induced
570:30,0.1964285714285552,0.4761904761904763,0.641025641025641,0.4378815628815575,0.49441391941391616,1.3843461000232549,Medium,0.4944139194139162,Stress_Induced
571:00,0.1964285714285552,0.6190476190476191,0.6538461538461537,0.4897741147741093,0.5501831501831469,1.529948899400001,Medium,0.550183150183147,Stress_Induced
571:30,0.1964285714285552,0.6190476190476191,0.666666666666667,0.49404761904761374,0.5559523809523779,1.542850402957504,Medium,0.555952380952378,Stress_Induced
572:00,0.1964285714285552,0.6190476190476191,0.6538461538461537,0.4897741147741093,0.5501831501831469,1.529948899400001,Medium,0.550183150183147,Stress_Induced
572:30,0.1964285714285552,0.6190476190476191,0.6538461538461537,0.4897741147741093,0.5501831501831469,1.529948899400001,Medium,0.550183150183147,Stress_Induced
573:00,0.1964285714285552,0.6190476190476191,0.6794871794871797,0.498321123321118,0.5617216117216086,1.5558607002100833,Medium,0.5617216117216087,Stress_Induced
573:30,0.1964285714285552,0.6190476190476191,0.7051282051282053,0.5068681318681265,0.5732600732600701,1.5822113532076365,Medium,0.5732600732600702,Stress_Induced
574:00,0.1964285714285552,0.6190476190476191,0.7051282051282053,0.5068681318681265,0.5732600732600701,1.5822113532076365,Medium,0.5732600732600702,Stress_Induced
574:30,0.1964285714285552,0.6190476190476191,0.6794871794871797,0.498321123321118,0.5617216117216086,1.5558607002100833,Medium,0.5617216117216087,Stress_Induced
575:00,0.1964285714285552,0.6190476190476191,0.6794871794871797,0.498321123321118,0.5617216117216086,1.5558607002100833,Medium,0.5617216117216087,Stress_Induced
575:30,0.1964285714285552,0.6190476190476191,0.6923076923076925,0.5025946275946223,0.5674908424908394,1.5689807085754677,Medium,0.5674908424908395,Stress_Induced
576:00,0.1964285714285552,0.2857142857142856,0.7179487179487181,0.4000305250305196,0.46236263736263417,1.2884836231634729,Medium,0.4623626373626342,Stress_Induced
576:30,0.1964285714285552,0.2857142857142856,0.7051282051282053,0.39575702075701535,0.4565934065934034,1.2777091656942576,Medium,0.4565934065934035,Stress_Induced
577:00,0.1964285714285552,0.2857142857142856,0.6794871794871797,0.38721001221000684,0.4450549450549419,1.2564297893399254,Medium,0.445054945054942,Stress_Induced
577:30,0.3928571428571388,0.2857142857142856,0.666666666666667,0.4484126984126971,0.47857142857142787,1.2679548947063441,Medium,0.4785714285714279,Stress_Induced
578:00,0.3928571428571388,0.2857142857142856,0.666666666666667,0.4484126984126971,0.47857142857142787,1.2679548947063441,Medium,0.4785714285714279,Stress_Induced
578:30,0.6071428571428612,0.2857142857142856,0.6794871794871797,0.5241147741147755,0.5271978021978031,1.363300973868742,Medium,0.5271978021978031,Stress_Induced
579:00,0.3928571428571388,0.2857142857142856,0.6923076923076925,0.4569597069597056,0.49010989010988937,1.2894294646613822,Medium,0.4901098901098894,Stress_Induced
579:30,0.6071428571428612,0.2857142857142856,0.7179487179487181,0.5369352869352882,0.5445054945054953,1.3980812880881515,Medium,0.5445054945054953,Stress_Induced
580:00,0.6071428571428612,0.2857142857142856,0.7564102564102564,0.549755799755801,0.5618131868131876,1.4337489120655582,Medium,0.5618131868131876,Stress_Induced
580:30,0.6071428571428612,0.7619047619047619,0.7435897435897436,0.7042124542124556,0.7227106227106235,1.9294967266137875,High,0.7227106227106235,Stress_Induced
581:00,0.6071428571428612,0.7619047619047619,0.7179487179487181,0.6956654456654471,0.711172161172162,1.8973622721366163,High,0.711172161172162,Stress_Induced
581:30,0.6071428571428612,0.7619047619047619,0.7307692307692308,0.6999389499389513,0.7169413919413927,1.9133620392618067,High,0.7169413919413927,Stress_Induced
582:00,0.6071428571428612,0.7619047619047619,0.7179487179487181,0.6956654456654471,0.711172161172162,1.8973622721366163,High,0.711172161172162,Stress_Induced
582:30,0.6071428571428612,0.7619047619047619,0.6794871794871797,0.6828449328449343,0.6938644688644697,1.8501612570202453,High,0.6938644688644697,Stress_Induced
583:00,0.6071428571428612,0.7619047619047619,0.6538461538461537,0.6742979242979256,0.682326007326008,1.8193480807815456,High,0.682326007326008,Stress_Induced
583:30,0.6071428571428612,0.7619047619047619,0.6538461538461537,0.6742979242979256,0.682326007326008,1.8193480807815456,High,0.682326007326008,Stress_Induced
584:00,0.6071428571428612,0.7619047619047619,0.6538461538461537,0.6742979242979256,0.682326007326008,1.8193480807815456,High,0.682326007326008,Stress_Induced
584:30,0.6071428571428612,0.7619047619047619,0.6538461538461537,0.6742979242979256,0.682326007326008,1.8193480807815456,High,0.682326007326008,Stress_Induced
585:00,0.6071428571428612,0.4761904761904763,0.666666666666667,0.5833333333333348,0.5880952380952391,1.527537874708771,Medium,0.5880952380952391,Stress_Induced
585:30,0.3928571428571388,0.4761904761904763,0.666666666666667,0.5119047619047606,0.5452380952380946,1.4326857443389065,Medium,0.5452380952380946,Stress_Induced
586:00,0.6071428571428612,0.4761904761904763,0.6794871794871797,0.5876068376068391,0.5938644688644699,1.5404190469704744,Medium,0.5938644688644699,Stress_Induced
586:30,0.3928571428571388,0.4761904761904763,0.6923076923076925,0.5204517704517692,0.5567765567765561,1.4569502590853218,Medium,0.5567765567765561,Stress_Induced
587:00,0.3928571428571388,0.4761904761904763,0.6794871794871797,0.5161782661782649,0.5510073260073254,1.4447670630251843,Medium,0.5510073260073254,Stress_Induced
587:30,0.3928571428571388,0.4761904761904763,0.7051282051282053,0.5247252747252734,0.5625457875457869,1.469236191614222,Medium,0.5625457875457869,Stress_Induced
588:00,0.3928571428571388,0.4761904761904763,0.7051282051282053,0.5247252747252734,0.5625457875457869,1.469236191614222,Medium,0.5625457875457869,Stress_Induced
588:30,0.3928571428571388,0.4761904761904763,0.666666666666667,0.5119047619047606,0.5452380952380946,1.4326857443389065,Medium,0.5452380952380946,Stress_Induced
589:00,0.3928571428571388,0.4761904761904763,0.666666666666667,0.5119047619047606,0.5452380952380946,1.4326857443389065,Medium,0.5452380952380946,Stress_Induced
589:30,0.3928571428571388,0.4761904761904763,0.6923076923076925,0.5204517704517692,0.5567765567765561,1.4569502590853218,Medium,0.5567765567765561,Stress_Induced
590:00,0.3928571428571388,0.33333333333333304,0.7179487179487181,0.48137973137972995,0.5183150183150175,1.3519267435044944,Medium,0.5183150183150176,Stress_Induced
590:30,0.3928571428571388,0.33333333333333304,0.7179487179487181,0.48137973137972995,0.5183150183150175,1.3519267435044944,Medium,0.5183150183150176,Stress_Induced
591:00,0.3928571428571388,0.33333333333333304,0.7179487179487181,0.48137973137972995,0.5183150183150175,1.3519267435044944,Medium,0.5183150183150176,Stress_Induced
591:30,0.6071428571428612,0.33333333333333304,0.7307692307692308,0.5570818070818083,0.5669413919413927,1.4535872322538166,Medium,0.5669413919413927,Stress_Induced
592:00,0.6071428571428612,0.33333333333333304,0.7307692307692308,0.5570818070818083,0.5669413919413927,1.4535872322538166,Medium,0.5669413919413927,Stress_Induced
592:30,0.3928571428571388,0.33333333333333304,0.7307692307692308,0.4856532356532342,0.5240842490842482,1.3633270508596262,Medium,0.5240842490842483,Stress_Induced
593:00,0.6071428571428612,0.33333333333333304,0.7051282051282053,0.5485347985347998,0.5554029304029312,1.4293787264298998,Medium,0.5554029304029312,Stress_Induced
593:30,0.3928571428571388,0.33333333333333304,0.6282051282051282,0.45146520146520003,0.477930402930402,1.2747496755118728,Medium,0.47793040293040207,Stress_Induced
594:00,0.6071428571428612,0.33333333333333304,0.5128205128205128,0.48443223443223565,0.46886446886446953,1.2602129064631955,Medium,0.46886446886446953,Stress_Induced
594:30,0.3928571428571388,0.4285714285714284,0.39743589743589736,0.40628815628815484,0.4074175824175815,1.1649422817602475,Medium,0.40741758241758147,Stress_Induced
595:00,0.3928571428571388,0.4285714285714284,0.29487179487179516,0.3721001221001208,0.36126373626373554,1.1245195028926314,Low,0.3612637362637355,Stress_Induced
595:30,0.3928571428571388,0.4285714285714284,0.23076923076923084,0.3507326007325993,0.33241758241758157,1.1245195028926314,Low,0.3324175824175815,Stress_Induced
596:00,0.3928571428571388,0.4285714285714284,0.21794871794871806,0.34645909645909506,0.3266483516483508,1.1245195028926314,Low,0.32664835164835077,Stress_Induced
596:30,0.3928571428571388,0.4285714285714284,0.1923076923076925,0.33791208791208655,0.3151098901098893,1.1245195028926314,Low,0.31510989010988927,Stress_Induced
597:00,0.3928571428571388,0.4285714285714284,0.16666666666666696,0.32936507936507803,0.3035714285714278,1.1245195028926314,Low,0.30357142857142777,Stress_Induced
597:30,0.6071428571428612,0.4285714285714284,0.2051282051282053,0.413614163614165,0.36373626373626455,1.1989692354409545,Medium,0.36373626373626444,Stress_Induced
598:00,0.6071428571428612,0.4285714285714284,0.2435897435897436,0.42643467643467775,0.3810439560439568,1.1989692354409545,Medium,0.3810439560439567,Stress_Induced
598:30,0.6071428571428612,0.4285714285714284,0.2564102564102564,0.430708180708182,0.38681318681318755,1.1989692354409545,Medium,0.38681318681318744,Stress_Induced
599:00,0.6071428571428612,0.4285714285714284,0.26923076923076916,0.43498168498168627,0.3925824175824183,1.1989692354409545,Medium,0.3925824175824182,Stress_Induced
599:30,0.6071428571428612,0.19047619047619024,0.29487179487179516,0.36416361416361553,0.32078754578754665,1.0850594163203995,Low,0.32078754578754654,Stress_Induced
600:00,0.6071428571428612,0.19047619047619024,0.3205128205128207,0.37271062271062405,0.33232600732600814,1.0850594163203995,Low,0.3323260073260081,Stress_Induced
600:30,0.6071428571428612,0.19047619047619024,0.34615384615384626,0.38125763125763257,0.34386446886446964,1.0869344796756002,Low,0.3438644688644696,Stress_Induced
601:00,0.6071428571428612,0.19047619047619024,0.34615384615384626,0.38125763125763257,0.34386446886446964,1.0869344796756002,Low,0.3438644688644696,Stress_Induced
601:30,0.6071428571428612,0.19047619047619024,0.3205128205128207,0.37271062271062405,0.33232600732600814,1.0850594163203995,Low,0.3323260073260081,Stress_Induced
602:00,0.6071428571428612,0.19047619047619024,0.30769230769230793,0.3684371184371198,0.3265567765567774,1.0850594163203995,Low,0.32655677655677734,Stress_Induced
602:30,0.6071428571428612,0.19047619047619024,0.2564102564102564,0.3513431013431026,0.3034798534798542,1.0850594163203995,Low,0.3034798534798541,Stress_Induced
603:00,0.6071428571428612,0.19047619047619024,0.2051282051282053,0.33424908424908556,0.2804029304029312,1.0850594163203995,Low,0.28040293040293107,Stress_Induced
603:30,0.6071428571428612,0.19047619047619024,0.16666666666666696,0.3214285714285728,0.26309523809523894,1.0850594163203995,Low,0.2630952380952388,Stress_Induced
604:00,0.6071428571428612,0.7619047619047619,0.16666666666666696,0.5119047619047633,0.463095238095239,1.4847062128028088,Medium,0.4630952380952389,Stress_Induced
604:30,0.6071428571428612,0.7619047619047619,0.21794871794871806,0.5289987789987803,0.486172161172162,1.4847062128028088,Medium,0.4861721611721619,Stress_Induced
605:00,0.6071428571428612,0.7619047619047619,0.2435897435897436,0.5375457875457889,0.4977106227106235,1.4847062128028088,Medium,0.4977106227106234,Stress_Induced
605:30,0.6071428571428612,0.7619047619047619,0.2564102564102564,0.5418192918192931,0.5034798534798542,1.4847062128028088,Medium,0.5034798534798541,Stress_Induced
606:00,0.6071428571428612,0.7619047619047619,0.28205128205128194,0.5503663003663016,0.5150183150183157,1.4847062128028088,Medium,0.5150183150183156,Stress_Induced
606:30,0.6071428571428612,0.7619047619047619,0.29487179487179516,0.5546398046398061,0.5207875457875467,1.4847062128028088,Medium,0.5207875457875466,Stress_Induced
607:00,0.6071428571428612,0.7619047619047619,0.3205128205128207,0.5631868131868146,0.5323260073260082,1.4847062128028088,Medium,0.5323260073260081,Stress_Induced
607:30,0.6071428571428612,0.7619047619047619,0.34615384615384626,0.5717338217338231,0.5438644688644697,1.4872718955396178,Medium,0.5438644688644696,Stress_Induced
608:00,0.6071428571428612,0.7619047619047619,0.35897435897435903,0.5760073260073274,0.5496336996337005,1.4998135194192146,Medium,0.5496336996337003,Stress_Induced
608:30,0.6071428571428612,0.7619047619047619,0.3846153846153846,0.5845543345543359,0.561172161172162,1.5252149358865874,Medium,0.5611721611721618,Stress_Induced
609:00,0.6071428571428612,0.38095238095238093,0.41025641025641013,0.4661172161172174,0.43937728937729015,1.2148721183178814,Medium,0.43937728937729004,Stress_Induced
609:30,0.6071428571428612,0.38095238095238093,0.42307692307692335,0.47039072039072183,0.445146520146521,1.2251166937821574,Medium,0.445146520146521,Stress_Induced
610:00,0.6071428571428612,0.38095238095238093,0.39743589743589736,0.46184371184371315,0.4336080586080594,1.2047132092452042,Medium,0.4336080586080593,Stress_Induced
610:30,0.6071428571428612,0.38095238095238093,0.41025641025641013,0.4661172161172174,0.43937728937729015,1.2148721183178814,Medium,0.43937728937729004,Stress_Induced
611:00,0.6071428571428612,0.38095238095238093,0.5897435897435899,0.5259462759462773,0.520146520146521,1.3664289771297293,Medium,0.520146520146521,Stress_Induced
611:30,0.6071428571428612,0.38095238095238093,0.5512820512820515,0.5131257631257645,0.5028388278388287,1.3324360830197826,Medium,0.5028388278388287,Stress_Induced
612:00,0.6071428571428612,0.38095238095238093,0.3205128205128207,0.4362026862026876,0.3989926739926749,1.1629104037168205,Medium,0.3989926739926748,Stress_Induced
612:30,0.6071428571428612,0.38095238095238093,0.6538461538461537,0.5473137973137986,0.5489926739926747,1.4250218614826335,Medium,0.5489926739926747,Stress_Induced
613:00,0.6071428571428612,0.38095238095238093,0.7051282051282053,0.5644078144078158,0.5720695970695979,1.4737000488651097,Medium,0.5720695970695979,Stress_Induced
613:30,0.6071428571428612,0.23809523809523814,0.6282051282051282,0.4911477411477425,0.4874542124542133,1.30747985391172,Medium,0.4874542124542133,Stress_Induced
614:00,0.6071428571428612,0.23809523809523814,0.7564102564102564,0.5338827838827852,0.545146520146521,1.422014199965824,Medium,0.545146520146521,Stress_Induced
614:30,0.6071428571428612,0.23809523809523814,0.5512820512820515,0.46550671550671696,0.4528388278388288,1.243236206250111,Medium,0.4528388278388288,Stress_Induced
615:00,0.3928571428571388,0.23809523809523814,0.4615384615384617,0.36416361416361287,0.36959706959706884,1.0994724527601902,Low,0.3695970695970689,Stress_Induced
615:30,0.6071428571428612,0.23809523809523814,0.4358974358974361,0.42704517704517847,0.4009157509157518,1.1527406672376908,Medium,0.4009157509157518,Stress_Induced
616:00,0.3928571428571388,0.23809523809523814,0.4358974358974361,0.35561660561660435,0.35805860805860734,1.0811614875251616,Low,0.3580586080586074,Stress_Induced
616:30,0.3928571428571388,0.23809523809523814,0.39743589743589736,0.3427960927960914,0.3407509157509149,1.054265242951664,Low,0.34075091575091493,Stress_Induced
617:00,0.3928571428571388,0.23809523809523814,0.3333333333333335,0.3214285714285701,0.3119047619047612,1.0176828890866683,Low,0.31190476190476113,Stress_Induced
617:30,0.3928571428571388,0.23809523809523814,0.28205128205128194,0.304334554334553,0.288827838827838,1.0176828890866683,Low,0.2888278388278379,Stress_Induced
618:00,0.3928571428571388,0.23809523809523814,0.23076923076923084,0.28724053724053594,0.26575091575091503,1.0176828890866683,Low,0.2657509157509149,Stress_Induced
618:30,0.3928571428571388,0.2857142857142856,0.17948717948717974,0.2860195360195347,0.25934065934065864,1.0260809878627175,Low,0.25934065934065853,Stress_Induced
619:00,0.3928571428571388,0.2857142857142856,0.17948717948717974,0.2860195360195347,0.25934065934065864,1.0260809878627175,Low,0.25934065934065853,Stress_Induced
619:30,0.3928571428571388,0.2857142857142856,0.2051282051282053,0.29456654456654324,0.27087912087912014,1.0260809878627175,Low,0.27087912087912003,Stress_Induced
620:00,0.3928571428571388,0.2857142857142856,0.2564102564102564,0.3116605616605603,0.29395604395604313,1.0260809878627175,Low,0.293956043956043,Stress_Induced
620:30,0.3928571428571388,0.2857142857142856,0.28205128205128194,0.3202075702075688,0.30549450549450463,1.0260809878627175,Low,0.3054945054945045,Stress_Induced
621:00,0.3928571428571388,0.2857142857142856,0.30769230769230793,0.3287545787545774,0.3170329670329663,1.0260809878627175,Low,0.31703296703296624,Stress_Induced
621:30,0.3928571428571388,0.2857142857142856,0.3205128205128207,0.3330280830280817,0.32280219780219704,1.0260809878627175,Low,0.322802197802197,Stress_Induced
622:00,0.3928571428571388,0.2857142857142856,0.30769230769230793,0.3287545787545774,0.3170329670329663,1.0260809878627175,Low,0.31703296703296624,Stress_Induced
622:30,0.3928571428571388,0.2857142857142856,0.30769230769230793,0.3287545787545774,0.3170329670329663,1.0260809878627175,Low,0.31703296703296624,Stress_Induced
623:00,0.3928571428571388,0.2857142857142856,0.3205128205128207,0.3330280830280817,0.32280219780219704,1.0260809878627175,Low,0.322802197802197,Stress_Induced
623:30,0.3928571428571388,0.09523809523809534,0.34615384615384626,0.2780830280830268,0.26767399267399195,1.019441520792766,Low,0.26767399267399195,Stress_Induced
624:00,0.3928571428571388,0.09523809523809534,0.35897435897435903,0.2823565323565311,0.2734432234432227,1.0280381009872626,Low,0.2734432234432227,Stress_Induced
624:30,0.3928571428571388,0.09523809523809534,0.30769230769230793,0.26526251526251404,0.2503663003662997,1.0176828890866683,Low,0.2503663003662997,Stress_Induced
625:00,0.1964285714285552,0.09523809523809534,0.2051282051282053,0.16559829059828526,0.1649267399267368,1.0,Low,0.1649267399267368,Stress_Induced
625:30,0.1964285714285552,0.09523809523809534,0.14102564102564097,0.14423076923076383,0.13608058608058285,1.0,Low,0.13608058608058282,Stress_Induced
626:00,0.1964285714285552,0.09523809523809534,0.15384615384615374,0.1485042735042681,0.1418498168498136,1.0,Low,0.14184981684981357,Stress_Induced
626:30,0.3928571428571388,0.09523809523809534,0.17948717948717974,0.2225274725274713,0.19267399267399202,1.0176828890866683,Low,0.19267399267399196,Stress_Induced
627:00,0.1964285714285552,0.09523809523809534,0.2051282051282053,0.16559829059828526,0.1649267399267368,1.0,Low,0.1649267399267368,Stress_Induced
627:30,0.1964285714285552,0.09523809523809534,0.23076923076923084,0.17414529914529378,0.17646520146519828,1.0,Low,0.17646520146519828,Stress_Induced
628:00,0.1964285714285552,0.09523809523809534,0.2564102564102564,0.1826923076923023,0.18800366300365978,1.0,Low,0.18800366300365978,Stress_Induced
628:30,0.1964285714285552,0.38095238095238093,0.28205128205128194,0.286477411477406,0.29954212454212126,1.0717481330749845,Low,0.2995421245421212,Stress_Induced
629:00,0.1964285714285552,0.38095238095238093,0.3205128205128207,0.29929792429791896,0.31684981684981367,1.0717481330749845,Low,0.31684981684981367,Stress_Induced
629:30,0.1964285714285552,0.38095238095238093,0.3333333333333335,0.3035714285714232,0.3226190476190444,1.0717481330749845,Low,0.3226190476190444,Stress_Induced
630:00,0.1964285714285552,0.38095238095238093,0.26923076923076916,0.28220390720390176,0.29377289377289045,1.0717481330749845,Low,0.29377289377289045,Stress_Induced
630:30,0.1964285714285552,0.38095238095238093,0.15384615384615374,0.2437423687423633,0.24184981684981355,1.0717481330749845,Low,0.2418498168498135,Stress_Induced
631:00,0.1964285714285552,0.38095238095238093,0.10256410256410264,0.22664835164834626,0.21877289377289053,1.0717481330749845,Low,0.2187728937728905,Stress_Induced
631:30,0.1964285714285552,0.38095238095238093,0.08974358974358987,0.222374847374842,0.21300366300365978,1.0717481330749845,Low,0.21300366300365975,Stress_Induced
632:00,0.1964285714285552,0.38095238095238093,0.051282051282051544,0.20955433455432923,0.19569597069596753,1.0717481330749845,Low,0.1956959706959675,Stress_Induced
632:30,0.1964285714285552,0.38095238095238093,0.03846153846153877,0.20528083028082497,0.18992673992673678,1.0717481330749845,Low,0.18992673992673675,Stress_Induced
633:00,0.1964285714285552,0.6666666666666665,0.02564102564102555,0.29624542124541575,0.2841575091575058,1.287251593648414,Medium,0.28415750915750576,Stress_Induced
633:30,0.1964285714285552,0.6666666666666665,0.0,0.28769841269840724,0.2726190476190443,1.287251593648414,Medium,0.27261904761904426,Stress_Induced
634:00,0.1964285714285552,0.6666666666666665,0.0,0.28769841269840724,0.2726190476190443,1.287251593648414,Medium,0.27261904761904426,Stress_Induced
634:30,0.1964285714285552,0.6666666666666665,0.012820512820512775,0.2919719169719115,0.27838827838827507,1.287251593648414,Medium,0.278388278388275,Stress_Induced
635:00,0.1964285714285552,0.6666666666666665,0.012820512820512775,0.2919719169719115,0.27838827838827507,1.287251593648414,Medium,0.278388278388275,Stress_Induced
635:30,0.1964285714285552,0.6666666666666665,0.012820512820512775,0.2919719169719115,0.27838827838827507,1.287251593648414,Medium,0.278388278388275,Stress_Induced
636:00,0.1964285714285552,0.6666666666666665,0.012820512820512775,0.2919719169719115,0.27838827838827507,1.287251593648414,Medium,0.278388278388275,Stress_Induced
636:30,0.1964285714285552,0.6666666666666665,0.02564102564102555,0.29624542124541575,0.2841575091575058,1.287251593648414,Medium,0.28415750915750576,Stress_Induced
637:00,0.0,0.6666666666666665,0.0769230769230771,0.24786324786324787,0.26794871794871794,1.287251593648414,Medium,0.26794871794871794,Stress_Induced
637:30,0.1964285714285552,0.6190476190476191,0.08974358974358987,0.3017399267399214,0.2963369963369932,1.2485376823736842,Medium,0.2963369963369931,Stress_Induced
638:00,0.1964285714285552,0.6190476190476191,0.06410256410256432,0.2931929181929129,0.2847985347985317,1.2485376823736842,Medium,0.2847985347985316,Stress_Induced
638:30,0.1964285714285552,0.6190476190476191,0.0769230769230771,0.29746642246641714,0.2905677655677624,1.2485376823736842,Medium,0.29056776556776237,Stress_Induced
639:00,0.1964285714285552,0.6190476190476191,0.11538461538461542,0.3102869352869299,0.30787545787545467,1.2485376823736842,Medium,0.3078754578754546,Stress_Induced
639:30,0.1964285714285552,0.6190476190476191,0.1282051282051282,0.31456043956043417,0.3136446886446854,1.2485376823736842,Medium,0.31364468864468537,Stress_Induced
640:00,0.1964285714285552,0.6190476190476191,0.11538461538461542,0.3102869352869299,0.30787545787545467,1.2485376823736842,Medium,0.3078754578754546,Stress_Induced
640:30,0.0,0.6190476190476191,0.11538461538461542,0.24481074481074483,0.26858974358974363,1.2485376823736842,Medium,0.26858974358974363,Stress_Induced
641:00,0.1964285714285552,0.6190476190476191,0.15384615384615374,0.3231074481074427,0.3251831501831469,1.2485376823736842,Medium,0.32518315018314686,Stress_Induced
641:30,0.1964285714285552,0.6190476190476191,0.17948717948717974,0.3316544566544513,0.3367216117216086,1.2485376823736842,Medium,0.3367216117216086,Stress_Induced
642:00,0.1964285714285552,0.6190476190476191,0.16666666666666696,0.32738095238094705,0.33095238095237783,1.2485376823736842,Medium,0.33095238095237783,Stress_Induced
642:30,0.1964285714285552,0.2857142857142856,0.15384615384615374,0.2119963369963315,0.20851648351648017,1.0082521764550707,Low,0.20851648351648017,Stress_Induced
643:00,0.1964285714285552,0.2857142857142856,0.16666666666666696,0.21626984126983592,0.21428571428571114,1.0082521764550707,Low,0.21428571428571108,Stress_Induced
643:30,0.1964285714285552,0.2857142857142856,0.17948717948717974,0.22054334554334018,0.2200549450549419,1.0082521764550707,Low,0.22005494505494183,Stress_Induced
644:00,0.1964285714285552,0.2857142857142856,0.17948717948717974,0.22054334554334018,0.2200549450549419,1.0082521764550707,Low,0.22005494505494183,Stress_Induced
644:30,0.1964285714285552,0.2857142857142856,0.16666666666666696,0.21626984126983592,0.21428571428571114,1.0082521764550707,Low,0.21428571428571108,Stress_Induced
645:00,0.1964285714285552,0.2857142857142856,0.1923076923076925,0.22481684981684444,0.22582417582417263,1.0082521764550707,Low,0.22582417582417258,Stress_Induced
645:30,0.1964285714285552,0.2857142857142856,0.17948717948717974,0.22054334554334018,0.2200549450549419,1.0082521764550707,Low,0.22005494505494183,Stress_Induced
646:00,0.1964285714285552,0.2857142857142856,0.16666666666666696,0.21626984126983592,0.21428571428571114,1.0082521764550707,Low,0.21428571428571108,Stress_Induced
646:30,0.1964285714285552,0.2857142857142856,0.16666666666666696,0.21626984126983592,0.21428571428571114,1.0082521764550707,Low,0.21428571428571108,Stress_Induced
