Timestamp,Object Temperature(F),Heart Rate Ear(BPM),GSR,Feature_Mean,Weighted_Stress,QuantityIndex_Stress,StressIndex_Level,Predicted_Stress,Condition
00:00,1.0,0.0,0.9655172413793104,0.6551724137931035,0.6344827586206897,1.887814633239883,High,0.6344827586206896,Base
00:30,1.0,0.0,0.9655172413793104,0.6551724137931035,0.6344827586206897,1.887814633239883,High,0.6344827586206896,Base
01:00,0.9787234042553195,0.0,0.9770114942528736,0.6519116328360643,0.635399853264857,1.8763851210536802,High,0.635399853264857,Base
01:30,0.9787234042553195,0.0,0.9885057471264368,0.6557430504605853,0.6405722670579604,1.8763851210536802,High,0.6405722670579603,Base
02:00,0.9787234042553195,0.0,1.0,0.6595744680851064,0.6457446808510638,1.8763851210536802,High,0.6457446808510638,Base
02:30,0.9787234042553195,0.0,0.9770114942528736,0.6519116328360643,0.635399853264857,1.8763851210536802,High,0.635399853264857,Base
03:00,0.9787234042553195,0.0,0.9425287356321839,0.6404173799625011,0.6198826118855467,1.8763851210536802,High,0.6198826118855467,Base
03:30,0.9787234042553195,0.0,0.896551724137931,0.6250917094644168,0.5991929567131329,1.8763851210536802,High,0.5991929567131329,Base
04:00,0.9574468085106389,0.0,0.3563218390804598,0.4379228825303662,0.3518341892883347,1.8650248072657278,High,0.3518341892883348,Base
04:30,0.9574468085106389,0.0,0.6896551724137931,0.5490339936414773,0.5018341892883347,1.8650248072657278,High,0.5018341892883347,Base
05:00,0.9574468085106389,0.0,0.632183908045977,0.529876905518872,0.47597212032281744,1.8650248072657278,High,0.47597212032281755,Base
05:30,0.9342359767891679,0.0,0.28735632183908044,0.4071974328760828,0.3161575401854198,1.8527101659416008,Medium,0.31615754018541997,Base
06:00,0.9342359767891679,0.0,0.5977011494252874,0.5106457087381518,0.45581271259921297,1.8527101659416008,Medium,0.455812712599213,Base
06:30,0.9342359767891679,0.0,0.5632183908045977,0.4991514558645885,0.44029547121990253,1.8527101659416008,Medium,0.44029547121990265,Base
07:00,0.9342359767891679,0.0,0.21839080459770116,0.3842089271289564,0.2851230574267991,1.7899778895729455,Medium,0.2851230574267993,Base
07:30,0.9129593810444874,0.0,0.21839080459770116,0.3771167285473962,0.28086773827786304,1.7791407163983755,Medium,0.2808677382778632,Base
08:00,0.9129593810444874,0.0,0.41379310344827586,0.4422508281642544,0.3687987727606217,1.8414931888897863,Medium,0.3687987727606218,Base
08:30,0.9129593810444874,0.0,0.367816091954023,0.4269251576661701,0.34810911758820784,1.8414931888897863,Medium,0.348109117588208,Base
09:00,0.9129593810444874,0.0,0.2988505747126437,0.4039366519190437,0.3170746348295872,1.8414931888897863,Medium,0.31707463482958737,Base
09:30,0.9129593810444874,0.0,0.25287356321839083,0.38861098142095934,0.29638497965717336,1.8414931888897863,Medium,0.29638497965717353,Base
10:00,0.9129593810444874,0.0,0.05747126436781609,0.32347688180410117,0.20845394517441473,1.1741878982558793,Low,0.20845394517441498,Base
10:30,0.8916827852998068,0.0,0.09195402298850575,0.3278789360961042,0.21971586740478896,1.220439250304165,Low,0.21971586740478918,Base
11:00,0.8916827852998068,0.0,0.04597701149425287,0.3125532655980199,0.19902621223237515,1.1670789402810302,Low,0.1990262122323754,Base
11:30,0.8916827852998068,0.0,0.034482758620689655,0.30872184797349883,0.19385379843927172,1.1670789402810302,Low,0.19385379843927197,Base
12:00,0.8916827852998068,0.0,0.04597701149425287,0.3125532655980199,0.19902621223237515,1.1670789402810302,Low,0.1990262122323754,Base
12:30,0.8916827852998068,0.0,0.06896551724137931,0.32021610084706204,0.20937103981858207,1.1670789402810302,Low,0.2093710398185823,Base
13:00,0.8704061895551263,0.7647058823529411,0.09195402298850575,0.5756886982988577,0.48310760707938216,1.587843814553452,Medium,0.4831076070793821,Base
13:30,0.8916827852998068,0.7647058823529411,0.09195402298850575,0.5827808968804179,0.4873629262283183,1.5975157523793257,Medium,0.48736292622831817,Base
14:00,0.8704061895551263,0.7647058823529411,0.09195402298850575,0.5756886982988577,0.48310760707938216,1.587843814553452,Medium,0.4831076070793821,Base
14:30,0.8704061895551263,0.7647058823529411,0.1149425287356322,0.5833515335478999,0.4934524346655891,1.6985988656177218,Medium,0.493452434665589,Base
15:00,0.8704061895551263,0.7647058823529411,0.12643678160919541,0.5871829511724209,0.49862484845869254,1.7568405777097913,Medium,0.4986248484586924,Base
15:30,0.8704061895551263,0.7647058823529411,0.12643678160919541,0.5871829511724209,0.49862484845869254,1.7568405777097913,Medium,0.4986248484586924,Base
16:00,0.8704061895551263,0.7647058823529411,0.10344827586206896,0.5795201159233788,0.4882800208724856,1.642287947401006,Medium,0.4882800208724855,Base
16:30,0.8471953578336553,0.7647058823529411,0.09195402298850575,0.5679517543917006,0.478465440735088,1.5773593818645235,Medium,0.4784654407350879,Base
17:00,0.8471953578336553,0.5294117647058822,0.09195402298850575,0.48952038184268104,0.39611249955861744,1.3758383703879757,Medium,0.39611249955861744,Base
17:30,0.8471953578336553,0.5294117647058822,0.08045977011494253,0.48568896421816005,0.390940085765514,1.330227412131412,Medium,0.390940085765514,Base
18:00,0.8471953578336553,0.5294117647058822,0.05747126436781609,0.4780261289691179,0.38059525817930706,1.3156836662785085,Medium,0.3805952581793071,Base
18:30,0.8471953578336553,0.5294117647058822,0.05747126436781609,0.4780261289691179,0.38059525817930706,1.3156836662785085,Medium,0.3805952581793071,Base
19:00,0.8471953578336553,0.5294117647058822,0.08045977011494253,0.48568896421816005,0.390940085765514,1.330227412131412,Medium,0.390940085765514,Base
19:30,0.8259187620889747,0.5294117647058822,0.10344827586206896,0.48625960088564196,0.3970295942027848,1.414397804775759,Medium,0.3970295942027848,Base
20:00,0.8259187620889747,0.5294117647058822,0.1149425287356322,0.49009101851016307,0.40220200799588823,1.4628948050957538,Medium,0.4022020079958882,Base
20:30,0.8259187620889747,0.5294117647058822,0.09195402298850575,0.48242818326112086,0.3918571804096813,1.3675085475633653,Medium,0.3918571804096813,Base
21:00,0.8259187620889747,1.0,0.09195402298850575,0.6392909283591601,0.5565630627626225,1.6996808114730904,Medium,0.5565630627626224,Base
21:30,0.8259187620889747,1.0,0.10344827586206896,0.6431223459836812,0.561735476555726,1.757959621422861,Medium,0.5617354765557256,Base
22:00,0.8259187620889747,1.0,0.12643678160919541,0.6507851812327233,0.5720803041419329,1.8805805655327636,High,0.5720803041419327,Base
22:30,0.8259187620889747,1.0,0.14942528735632182,0.6584480164817655,0.5824251317281397,2.011754547921346,High,0.5824251317281395,Base
23:00,0.8259187620889747,1.0,0.13793103448275862,0.6546165988572444,0.5772527179350363,1.9450620826706364,High,0.577252717935036,Base
23:30,0.8046421663442942,1.0,0.1149425287356322,0.6398615650266422,0.5626525711998933,1.8072284382676134,Medium,0.5626525711998931,Base
24:00,0.8046421663442942,1.0,0.10344827586206896,0.636030147402121,0.5574801574067898,1.7473162984174544,Medium,0.5574801574067896,Base
24:30,0.8046421663442942,1.0,0.1149425287356322,0.6398615650266422,0.5626525711998933,1.8072284382676134,Medium,0.5626525711998931,Base
25:00,0.8046421663442942,0.47058823529411775,0.13793103448275862,0.4710538120403902,0.38770328113904146,1.5032041606405484,Medium,0.38770328113904146,Base
25:30,0.8046421663442942,0.47058823529411775,0.14942528735632182,0.47488522966491126,0.3928756949321449,1.5547461613516989,Medium,0.39287569493214486,Base
26:00,0.7833655705996136,0.47058823529411775,0.14942528735632182,0.4677930310833511,0.38862037578320874,1.5453331660900165,Medium,0.3886203757832088,Base
26:30,0.8046421663442942,0.47058823529411775,0.13793103448275862,0.4710538120403902,0.38770328113904146,1.5032041606405484,Medium,0.38770328113904146,Base
27:00,0.7833655705996136,0.47058823529411775,0.12643678160919541,0.4601301958343089,0.3782755481970019,1.444571616564687,Medium,0.3782755481970019,Base
27:30,0.7833655705996136,0.47058823529411775,0.05747126436781609,0.4371416900871825,0.3472410654383812,1.2485288184739878,Low,0.34724106543838124,Base
28:00,0.7833655705996136,0.47058823529411775,0.12643678160919541,0.4601301958343089,0.3782755481970019,1.444571616564687,Medium,0.3782755481970019,Base
28:30,0.7833655705996136,0.47058823529411775,0.14942528735632182,0.4677930310833511,0.38862037578320874,1.5453331660900165,Medium,0.3886203757832088,Base
29:00,0.7601547388781427,0.47058823529411775,0.16091954022988508,0.46388750480071517,0.38915062323201804,1.5877660857298275,Medium,0.38915062323201804,Base
29:30,0.7601547388781427,0.47058823529411775,0.1724137931034483,0.46771892242523627,0.39432303702512145,1.6422075534044211,Medium,0.39432303702512145,Base
30:00,0.7601547388781427,0.47058823529411775,0.1724137931034483,0.46771892242523627,0.39432303702512145,1.6422075534044211,Medium,0.39432303702512145,Base
30:30,0.7601547388781427,0.47058823529411775,0.16091954022988508,0.46388750480071517,0.38915062323201804,1.5877660857298275,Medium,0.38915062323201804,Base
31:00,0.7601547388781427,0.6470588235294121,0.1724137931034483,0.5265424518370011,0.4560877429074745,1.8194933489207983,Medium,0.45608774290747445,Base
31:30,0.7601547388781427,0.6470588235294121,0.1724137931034483,0.5265424518370011,0.4560877429074745,1.8194933489207983,Medium,0.45608774290747445,Base
32:00,0.7601547388781427,0.6470588235294121,0.1724137931034483,0.5265424518370011,0.4560877429074745,1.8194933489207983,Medium,0.45608774290747445,Base
32:30,0.7601547388781427,0.6470588235294121,0.1724137931034483,0.5265424518370011,0.4560877429074745,1.8194933489207983,Medium,0.45608774290747445,Base
33:00,0.7388781431334603,0.6470588235294121,0.1724137931034483,0.5194502532554403,0.45183242375853805,1.808477478486254,Medium,0.451832423758538,Base
33:30,0.7388781431334603,0.6470588235294121,0.1839080459770115,0.5232816708799614,0.4570048375516415,1.8704867184304266,High,0.4570048375516414,Base
34:00,0.7388781431334603,0.6470588235294121,0.1839080459770115,0.5232816708799614,0.4570048375516415,1.8704867184304266,High,0.4570048375516414,Base
34:30,0.7388781431334603,0.8823529411764701,0.1839080459770115,0.6017130434289807,0.5393577787281117,2.1444595800429807,High,0.5393577787281116,Base
35:00,0.7388781431334603,0.8823529411764701,0.1954022988505747,0.6055444610535017,0.5445301925212152,2.217989004783602,High,0.5445301925212149,Base
35:30,0.7388781431334603,0.8823529411764701,0.20689655172413796,0.6093758786780228,0.5497026063143187,2.294039613114254,High,0.5497026063143184,Base
36:00,0.7388781431334603,0.8823529411764701,0.1954022988505747,0.6055444610535017,0.5445301925212152,2.217989004783602,High,0.5445301925212149,Base
36:30,0.7176015473887798,0.8823529411764701,0.20689655172413796,0.6022836800964626,0.5454472871653826,2.280150668059981,High,0.5454472871653824,Base
37:00,0.7176015473887798,0.8823529411764701,0.21839080459770116,0.6061150977209837,0.550619700958486,2.358332681143685,High,0.5506197009584859,Base
37:30,0.7176015473887798,0.8823529411764701,0.22988505747126436,0.6099465153455047,0.5557921147515894,2.439195406188858,High,0.5557921147515892,Base
38:00,0.7176015473887798,0.8823529411764701,0.21839080459770116,0.6061150977209837,0.550619700958486,2.358332681143685,High,0.5506197009584859,Base
38:30,0.7176015473887798,0.8823529411764701,0.1954022988505747,0.5984522624719415,0.5402748733722791,2.2045604976025066,High,0.5402748733722789,Base
39:00,0.6963249516440992,0.8823529411764701,0.1724137931034483,0.5836972286413392,0.5256747266371361,2.0483379222930944,High,0.5256747266371358,Base
39:30,0.6963249516440992,0.8823529411764701,0.16091954022988508,0.5798658110168181,0.5205023128440327,1.980432667228358,High,0.5205023128440325,Base
40:00,0.6963249516440992,0.8823529411764701,0.14942528735632182,0.576034393392297,0.5153298990509292,1.914778565947976,High,0.515329899050929,Base
40:30,0.6963249516440992,0.8823529411764701,0.1149425287356322,0.5645401405187339,0.49981265767161887,1.7305891842180885,Medium,0.4998126576716187,Base
41:00,0.6963249516440992,0.8823529411764701,0.06896551724137931,0.5492144700206496,0.47912300249920503,1.547016703609069,Medium,0.4791230024992049,Base
41:30,0.6963249516440992,0.8823529411764701,0.034482758620689655,0.5377202171470863,0.4636057611198947,1.547016703609069,Medium,0.46360576111989454,Base
42:00,0.6963249516440992,0.8823529411764701,0.034482758620689655,0.5377202171470863,0.4636057611198947,1.547016703609069,Medium,0.46360576111989454,Base
42:30,0.6963249516440992,0.8823529411764701,0.011494252873563218,0.5300573818980442,0.4532609335336878,1.547016703609069,Medium,0.4532609335336877,Base
43:00,0.6750483558994187,0.5294117647058822,0.0,0.40148670686843363,0.32030378882694255,1.252601078317399,Low,0.32030378882694255,Base
43:30,0.6750483558994187,0.5294117647058822,0.022988505747126436,0.4091495421174758,0.3306486164131494,1.252601078317399,Low,0.3306486164131494,Base
44:00,0.6750483558994187,0.5294117647058822,0.034482758620689655,0.41298095974199683,0.33582103020625287,1.252601078317399,Low,0.3358210302062529,Base
44:30,0.6750483558994187,0.5294117647058822,0.022988505747126436,0.4091495421174758,0.3306486164131494,1.252601078317399,Low,0.3306486164131494,Base
45:00,0.6750483558994187,0.5294117647058822,0.011494252873563218,0.40531812449295473,0.32547620262004595,1.252601078317399,Low,0.325476202620046,Base
45:30,0.6518375241779513,0.5294117647058822,0.022988505747126436,0.40141259821032,0.3260064500688559,1.244330232298838,Low,0.3260064500688559,Base
46:00,0.6518375241779513,0.5294117647058822,0.034482758620689655,0.405244015834841,0.3311788638619594,1.244330232298838,Low,0.33117886386195944,Base
46:30,0.6518375241779513,0.5294117647058822,0.034482758620689655,0.405244015834841,0.3311788638619594,1.244330232298838,Low,0.33117886386195944,Base
47:00,0.6518375241779513,0.5294117647058822,0.04597701149425287,0.4090754334593621,0.3363512776550628,1.244330232298838,Low,0.33635127765506284,Base
47:30,0.6518375241779513,0.5294117647058822,0.05747126436781609,0.4129068510838832,0.3415236914481663,1.244330232298838,Low,0.3415236914481663,Base
48:00,0.6518375241779513,0.5294117647058822,0.05747126436781609,0.4129068510838832,0.3415236914481663,1.244330232298838,Low,0.3415236914481663,Base
48:30,0.6518375241779513,0.5294117647058822,0.05747126436781609,0.4129068510838832,0.3415236914481663,1.244330232298838,Low,0.3415236914481663,Base
49:00,0.6518375241779513,0.5294117647058822,0.06896551724137931,0.4167382687084043,0.3466961052412697,1.244330232298838,Low,0.34669610524126976,Base
49:30,0.6305609284332707,0.5294117647058822,0.06896551724137931,0.4096460701268441,0.34244078609233364,1.2367966072790382,Low,0.34244078609233364,Base
50:00,0.6305609284332707,0.5294117647058822,0.08045977011494253,0.41347748775136517,0.34761319988543704,1.2504683248727348,Low,0.3476131998854371,Base
50:30,0.6305609284332707,0.7647058823529411,0.08045977011494253,0.4919088603003848,0.42996614106190767,1.4336262066933132,Medium,0.4299661410619075,Base
51:00,0.6305609284332707,0.7647058823529411,0.08045977011494253,0.4919088603003848,0.42996614106190767,1.4336262066933132,Medium,0.4299661410619075,Base
51:30,0.6305609284332707,0.7647058823529411,0.08045977011494253,0.4919088603003848,0.42996614106190767,1.4336262066933132,Medium,0.4299661410619075,Base
52:00,0.6305609284332707,0.7647058823529411,0.08045977011494253,0.4919088603003848,0.42996614106190767,1.4336262066933132,Medium,0.4299661410619075,Base
52:30,0.6305609284332707,0.7647058823529411,0.08045977011494253,0.4919088603003848,0.42996614106190767,1.4336262066933132,Medium,0.4299661410619075,Base
53:00,0.6305609284332707,0.7647058823529411,0.09195402298850575,0.4957402779249058,0.4351385548550111,1.4827825122036862,Medium,0.435138554855011,Base
53:30,0.6305609284332707,0.7647058823529411,0.09195402298850575,0.4957402779249058,0.4351385548550111,1.4827825122036862,Medium,0.435138554855011,Base
54:00,0.6305609284332707,0.7647058823529411,0.10344827586206896,0.49957169554942693,0.4403109686481145,1.533624293579489,Medium,0.4403109686481144,Base
54:30,0.6305609284332707,0.8823529411764701,0.10344827586206896,0.5387873818239366,0.4814874392363496,1.6421037672683878,Medium,0.48148743923634957,Base
55:00,0.6092843326885902,0.8823529411764701,0.09195402298850575,0.5278637656178553,0.4720597062943101,1.5780534379568492,Medium,0.47205970629431,Base
55:30,0.6092843326885902,0.8823529411764701,0.08045977011494253,0.5240323479933343,0.4668872925012067,1.5257387685636847,Medium,0.4668872925012065,Base
56:00,0.6092843326885902,0.8823529411764701,0.09195402298850575,0.5278637656178553,0.4720597062943101,1.5780534379568492,Medium,0.47205970629431,Base
56:30,0.6092843326885902,0.8823529411764701,0.09195402298850575,0.5278637656178553,0.4720597062943101,1.5780534379568492,Medium,0.47205970629431,Base
57:00,0.6092843326885902,0.8823529411764701,0.10344827586206896,0.5316951832423764,0.47723212008741356,1.632161877482952,Medium,0.4772321200874134,Base
57:30,0.6092843326885902,0.8823529411764701,0.09195402298850575,0.5278637656178553,0.4720597062943101,1.5780534379568492,Medium,0.47205970629431,Base
58:00,0.6092843326885902,0.8823529411764701,0.06896551724137931,0.5202009303688132,0.46171487870810324,1.5090574427350754,Medium,0.46171487870810307,Base
58:30,0.6092843326885902,0.7058823529411766,0.06896551724137931,0.46137740095704877,0.3999501728257505,1.3620195602531857,Medium,0.39995017282575046,Base
59:00,0.5880077369439078,0.7058823529411766,0.08045977011494253,0.458116620000009,0.4008672674699175,1.3687381964570544,Medium,0.40086726746991747,Base
59:30,0.5880077369439078,0.7058823529411766,0.06896551724137931,0.454285202375488,0.39569485367681406,1.353773401500276,Medium,0.39569485367681406,Base
60:00,0.5880077369439078,0.7058823529411766,0.034482758620689655,0.44279094950192466,0.38017761229750374,1.353773401500276,Medium,0.38017761229750363,Base
60:30,0.5880077369439078,0.7058823529411766,0.0,0.4312966966283615,0.36466037091819337,1.353773401500276,Medium,0.3646603709181933,Base
61:00,0.5647969052224386,0.8235294117647056,0.0,0.46277543899571477,0.40119467516213464,1.439960127483317,Medium,0.4011946751621346,Base
61:30,0.5647969052224386,0.8235294117647056,0.011494252873563218,0.4666068566202359,0.4063670889552381,1.439960127483317,Medium,0.40636708895523804,Base
62:00,0.5647969052224386,0.8235294117647056,0.011494252873563218,0.4666068566202359,0.4063670889552381,1.439960127483317,Medium,0.40636708895523804,Base
62:30,0.5647969052224386,0.8235294117647056,0.011494252873563218,0.4666068566202359,0.4063670889552381,1.439960127483317,Medium,0.40636708895523804,Base
63:00,0.5647969052224386,0.8235294117647056,0.011494252873563218,0.4666068566202359,0.4063670889552381,1.439960127483317,Medium,0.40636708895523804,Base
63:30,0.5647969052224386,0.8235294117647056,0.011494252873563218,0.4666068566202359,0.4063670889552381,1.439960127483317,Medium,0.40636708895523804,Base
64:00,0.5647969052224386,0.8235294117647056,0.0,0.46277543899571477,0.40119467516213464,1.439960127483317,Medium,0.4011946751621346,Base
64:30,0.5435203094777563,0.8235294117647056,0.0,0.455683240414154,0.3969393560131982,1.43124208836288,Medium,0.39693935601319813,Base
65:00,0.5435203094777563,0.5882352941176467,0.0,0.37725186786513437,0.3145864148367276,1.2483887978376986,Low,0.3145864148367276,Base
65:30,0.5435203094777563,0.5882352941176467,0.011494252873563218,0.3810832854896555,0.31975882862983107,1.2483887978376986,Low,0.31975882862983107,Base
66:00,0.5435203094777563,0.5882352941176467,0.022988505747126436,0.38491470311417647,0.3249312424229345,1.2483887978376986,Low,0.32493124242293453,Base
66:30,0.5435203094777563,0.5882352941176467,0.034482758620689655,0.3887461207386975,0.330103656216038,1.2483887978376986,Low,0.330103656216038,Base
67:00,0.5435203094777563,0.5882352941176467,0.04597701149425287,0.3925775383632186,0.3352760700091414,1.2483887978376986,Low,0.3352760700091414,Base
67:30,0.5435203094777563,0.5882352941176467,0.04597701149425287,0.3925775383632186,0.3352760700091414,1.2483887978376986,Low,0.3352760700091414,Base
68:00,0.5222437137330758,0.5882352941176467,0.04597701149425287,0.38548533978165844,0.33102075086020527,1.2408306007950591,Low,0.33102075086020527,Base
68:30,0.5222437137330758,0.7647058823529411,0.034482758620689655,0.4404774515689021,0.3876130429494548,1.3747854347665494,Medium,0.38761304294945476,Base
69:00,0.5222437137330758,0.7647058823529411,0.04597701149425287,0.4443088691934232,0.39278545674255827,1.3747854347665494,Medium,0.3927854567425582,Base
69:30,0.5222437137330758,0.7647058823529411,0.05747126436781609,0.4481402868179443,0.39795787053566173,1.3747854347665494,Medium,0.3979578705356617,Base
70:00,0.5222437137330758,0.7647058823529411,0.06896551724137931,0.4519717044424654,0.4031302843287652,1.3747854347665494,Medium,0.40313028432876513,Base
70:30,0.5222437137330758,0.7647058823529411,0.06896551724137931,0.4519717044424654,0.4031302843287652,1.3747854347665494,Medium,0.40313028432876513,Base
71:00,0.5222437137330758,0.7647058823529411,0.06896551724137931,0.4519717044424654,0.4031302843287652,1.3747854347665494,Medium,0.40313028432876513,Base
71:30,0.5222437137330758,0.7647058823529411,0.06896551724137931,0.4519717044424654,0.4031302843287652,1.3747854347665494,Medium,0.40313028432876513,Base
72:00,0.5222437137330758,0.7647058823529411,0.05747126436781609,0.4481402868179443,0.39795787053566173,1.3747854347665494,Medium,0.3979578705356617,Base
72:30,0.4990328820116048,0.8235294117647056,0.04597701149425287,0.4561797684235211,0.4087315256923817,1.4131836461932459,Medium,0.4087315256923816,Base
73:00,0.4990328820116048,0.8235294117647056,0.034482758620689655,0.452348350799,0.4035591118992782,1.4131836461932459,Medium,0.4035591118992781,Base
73:30,0.4990328820116048,0.8235294117647056,0.034482758620689655,0.452348350799,0.4035591118992782,1.4131836461932459,Medium,0.4035591118992781,Base
74:00,0.4990328820116048,0.8235294117647056,0.011494252873563218,0.4446855155499579,0.39321428431307137,1.4131836461932459,Medium,0.39321428431307126,Base
74:30,0.4990328820116048,0.8235294117647056,0.0,0.4408540979254368,0.38804187051996786,1.4131836461932459,Medium,0.3880418705199678,Base
75:00,0.4990328820116048,0.8235294117647056,0.0,0.4408540979254368,0.38804187051996786,1.4131836461932459,Medium,0.3880418705199678,Base
75:30,0.41199226305609216,0.8823529411764701,0.022988505747126436,0.4391112366598962,0.40156680960918983,1.4264290691064734,Medium,0.40156680960918967,Base
76:00,0.41199226305609216,0.8823529411764701,0.14942528735632182,0.48125683052962803,0.4584633613333277,1.765524445210126,Medium,0.4584633613333276,Base
76:30,0.41199226305609216,0.8823529411764701,0.1839080459770115,0.49275108340319124,0.4739806027126381,1.953432042783136,High,0.4739806027126379,Base
77:00,0.41199226305609216,0.6470588235294121,0.05747126436781609,0.37217411698444014,0.3347311098120299,1.2441906825276976,Low,0.33473110981202986,Base
77:30,0.41199226305609216,0.6470588235294121,0.0,0.3530170288618348,0.3088690408465127,1.2441906825276976,Low,0.3088690408465126,Base
78:00,0.3907156673114116,0.6470588235294121,0.0,0.3459248302802746,0.30461372169757656,1.2366579023926558,Low,0.30461372169757656,Base
78:30,0.3907156673114116,0.6470588235294121,0.10344827586206896,0.3804075889009642,0.3511654458355076,1.3375407897760678,Medium,0.3511654458355075,Base
79:00,0.3907156673114116,0.6470588235294121,0.09195402298850575,0.3765761712764431,0.34599303204240417,1.293199449657952,Medium,0.3459930320424041,Base
79:30,0.0,0.5882352941176467,0.0,0.1960784313725489,0.20588235294117635,1.181426085625593,Low,0.20588235294117638,Base
80:00,0.0,0.5882352941176467,0.0,0.1960784313725489,0.20588235294117635,1.181426085625593,Low,0.20588235294117638,Base
80:30,0.6541095890410986,0.5625,0.7735849056603773,0.663398164900492,0.6758101253553895,1.9906630785050359,Medium,0.6758101253553896,After_Lunch
81:00,0.6541095890410986,0.5625,0.7924528301886792,0.6696874730765926,0.6843006913931253,1.9906630785050359,Medium,0.6843006913931255,After_Lunch
81:30,0.6917808219178099,0.5625,0.8490566037735848,0.7011124752304649,0.7173066360816752,2.0121824063200417,Medium,0.7173066360816752,After_Lunch
82:00,0.6917808219178099,0.5625,0.830188679245283,0.6948231670543642,0.7088160700439393,2.0121824063200417,Medium,0.7088160700439394,After_Lunch
82:30,0.6917808219178099,0.5625,0.7547169811320754,0.6696659343499617,0.6748538058929959,2.0121824063200417,Medium,0.6748538058929959,After_Lunch
83:00,0.7328767123287712,0.5625,0.7169811320754716,0.6707859481347476,0.6660918518997164,2.0359234332009977,Medium,0.6660918518997164,After_Lunch
83:30,0.7328767123287712,0.5625,0.7169811320754716,0.6707859481347476,0.6660918518997164,2.0359234332009977,Medium,0.6660918518997164,After_Lunch
84:00,0.7328767123287712,0.625,0.6981132075471698,0.6853299732919803,0.6794762858619806,2.111202058383147,High,0.6794762858619805,After_Lunch
84:30,0.7328767123287712,0.625,0.6981132075471698,0.6853299732919803,0.6794762858619806,2.111202058383147,High,0.6794762858619805,After_Lunch
85:00,0.7705479452054824,0.625,0.6792452830188679,0.69159774274145,0.678519966399587,2.1340244283103473,High,0.6785199663995869,After_Lunch
85:30,0.7705479452054824,0.625,0.660377358490566,0.6853084345653495,0.6700294003618512,2.1340244283103473,High,0.6700294003618511,After_Lunch
86:00,0.7705479452054824,0.625,0.660377358490566,0.6853084345653495,0.6700294003618512,2.1340244283103473,High,0.6700294003618511,After_Lunch
86:30,0.8082191780821972,0.625,0.660377358490566,0.6978655121909211,0.6775636469371942,2.1570935110365577,High,0.6775636469371941,After_Lunch
87:00,0.8082191780821972,0.625,0.6792452830188679,0.7041548203670217,0.68605421297493,2.1570935110365577,High,0.6860542129749299,After_Lunch
87:30,0.8082191780821972,0.625,0.6981132075471698,0.7104441285431223,0.6945447790126659,2.1570935110365577,High,0.6945447790126658,After_Lunch
88:00,0.8082191780821972,0.5,0.7169811320754716,0.6750667700525562,0.6592853450504017,2.0060061181173734,Medium,0.6592853450504018,After_Lunch
88:30,0.8082191780821972,0.5,0.7169811320754716,0.6750667700525562,0.6592853450504017,2.0060061181173734,Medium,0.6592853450504018,After_Lunch
89:00,0.8458904109589085,0.5,0.7735849056603773,0.7064917722064287,0.6922912897389515,2.0276913061940487,Medium,0.6922912897389516,After_Lunch
89:30,0.8458904109589085,0.5,0.8679245283018867,0.7379383130869317,0.7347441199276308,2.0276913061940487,Medium,0.7347441199276309,After_Lunch
90:00,0.8458904109589085,0.5,0.8679245283018867,0.7379383130869317,0.7347441199276308,2.0276913061940487,Medium,0.7347441199276309,After_Lunch
90:30,0.8458904109589085,0.5,0.8490566037735848,0.7316490049108312,0.7262535538898949,2.0276913061940487,Medium,0.726253553889895,After_Lunch
91:00,0.8458904109589085,0.5,0.830188679245283,0.7253596967347304,0.717762987852159,2.0276913061940487,Medium,0.7177629878521592,After_Lunch
91:30,0.8458904109589085,0.59375,0.830188679245283,0.7566096967347304,0.7505754878521591,2.1411859179333397,High,0.750575487852159,After_Lunch
92:00,0.8458904109589085,0.59375,0.830188679245283,0.7566096967347304,0.7505754878521591,2.1411859179333397,High,0.750575487852159,After_Lunch
92:30,0.8458904109589085,0.59375,0.830188679245283,0.7566096967347304,0.7505754878521591,2.1411859179333397,High,0.750575487852159,After_Lunch
93:00,0.8869863013698627,0.59375,0.830188679245283,0.7703083268717151,0.7587946659343499,2.166449011515267,High,0.7587946659343499,After_Lunch
93:30,0.8869863013698627,0.59375,0.830188679245283,0.7703083268717151,0.7587946659343499,2.166449011515267,High,0.7587946659343499,After_Lunch
94:00,0.8869863013698627,0.59375,0.8490566037735848,0.7765976350478159,0.7672852319720856,2.166449011515267,High,0.7672852319720858,After_Lunch
94:30,0.8869863013698627,0.59375,0.8490566037735848,0.7765976350478159,0.7672852319720856,2.166449011515267,High,0.7672852319720858,After_Lunch
95:00,0.8869863013698627,0.53125,0.8490566037735848,0.7557643017144825,0.7454102319720857,2.0892004589825954,Medium,0.7454102319720859,After_Lunch
95:30,0.8869863013698627,0.53125,0.8490566037735848,0.7557643017144825,0.7454102319720857,2.0892004589825954,Medium,0.7454102319720859,After_Lunch
96:00,0.8869863013698627,0.53125,0.8490566037735848,0.7557643017144825,0.7454102319720857,2.0892004589825954,Medium,0.7454102319720859,After_Lunch
96:30,0.8869863013698627,0.53125,0.8490566037735848,0.7557643017144825,0.7454102319720857,2.0892004589825954,Medium,0.7454102319720859,After_Lunch
97:00,0.8869863013698627,0.53125,0.8679245283018867,0.7620536098905831,0.7539007980098215,2.0892004589825954,Medium,0.7539007980098217,After_Lunch
97:30,0.8869863013698627,0.53125,0.8679245283018867,0.7620536098905831,0.7539007980098215,2.0892004589825954,Medium,0.7539007980098217,After_Lunch
98:00,0.8869863013698627,0.53125,0.8679245283018867,0.7620536098905831,0.7539007980098215,2.0892004589825954,Medium,0.7539007980098217,After_Lunch
98:30,0.8869863013698627,0.53125,0.8867924528301887,0.7683429180666838,0.7623913640475574,2.0892004589825954,Medium,0.7623913640475576,After_Lunch
99:00,0.8869863013698627,0.4375,0.8867924528301887,0.7370929180666838,0.7295788640475575,1.9784613620401694,Medium,0.7295788640475578,After_Lunch
99:30,0.8869863013698627,0.4375,0.9056603773584906,0.7433822262427844,0.7380694300852932,1.9784613620401694,Medium,0.7380694300852936,After_Lunch
100:00,0.9246575342465775,0.4375,0.9056603773584906,0.755939303868356,0.7456036766606362,1.9998487877069187,Medium,0.7456036766606364,After_Lunch
100:30,0.9246575342465775,0.4375,0.9056603773584906,0.755939303868356,0.7456036766606362,1.9998487877069187,Medium,0.7456036766606364,After_Lunch
101:00,0.9246575342465775,0.4375,0.9245283018867925,0.7622286120444567,0.7540942426983721,1.9998487877069187,Medium,0.7540942426983723,After_Lunch
101:30,0.9246575342465775,0.4375,0.9245283018867925,0.7622286120444567,0.7540942426983721,1.9998487877069187,Medium,0.7540942426983723,After_Lunch
102:00,0.9246575342465775,0.4375,0.9056603773584906,0.755939303868356,0.7456036766606362,1.9998487877069187,Medium,0.7456036766606364,After_Lunch
102:30,0.9246575342465775,0.5625,0.9056603773584906,0.7976059705350226,0.7893536766606363,2.1504724258096766,High,0.7893536766606364,After_Lunch
103:00,0.9246575342465775,0.5625,0.9245283018867925,0.8038952787111233,0.7978442426983721,2.1504724258096766,High,0.7978442426983721,After_Lunch
103:30,0.9246575342465775,0.5625,0.9245283018867925,0.8038952787111233,0.7978442426983721,2.1504724258096766,High,0.7978442426983721,After_Lunch
104:00,0.9246575342465775,0.5625,0.8867924528301887,0.7913166623589221,0.7808631106229004,2.1504724258096766,High,0.7808631106229005,After_Lunch
104:30,0.9246575342465775,0.5625,0.8867924528301887,0.7913166623589221,0.7808631106229004,2.1504724258096766,High,0.7808631106229005,After_Lunch
105:00,0.9246575342465775,0.5625,0.9056603773584906,0.7976059705350226,0.7893536766606363,2.1504724258096766,High,0.7893536766606364,After_Lunch
105:30,0.9246575342465775,0.5625,0.9245283018867925,0.8038952787111233,0.7978442426983721,2.1504724258096766,High,0.7978442426983721,After_Lunch
106:00,0.9246575342465775,0.5625,0.9245283018867925,0.8038952787111233,0.7978442426983721,2.1504724258096766,High,0.7978442426983721,After_Lunch
106:30,0.9623287671232887,0.53125,0.9433962264150944,0.8123249978461278,0.8029315553114502,2.1346136602279135,High,0.8029315553114503,After_Lunch
107:00,0.9246575342465775,0.53125,0.9433962264150944,0.7997679202205573,0.7953973087361079,2.111784988747358,High,0.7953973087361081,After_Lunch
107:30,0.9246575342465775,0.53125,0.9622641509433962,0.8060572283966579,0.8038878747738437,2.111784988747358,High,0.803887874773844,After_Lunch
108:00,0.9246575342465775,0.53125,0.9811320754716981,0.8123465365727585,0.8123784408115796,2.111784988747358,High,0.8123784408115797,After_Lunch
108:30,0.9623287671232887,0.53125,1.0,0.8311929223744295,0.8284032534246578,2.1346136602279135,High,0.8284032534246578,After_Lunch
109:00,0.9623287671232887,0.53125,0.9811320754716981,0.8249036141983289,0.8199126873869219,2.1346136602279135,High,0.819912687386922,After_Lunch
109:30,0.9623287671232887,0.53125,0.9622641509433962,0.8186143060222283,0.811422121349186,2.1346136602279135,High,0.8114221213491862,After_Lunch
110:00,0.9623287671232887,0.625,0.9433962264150944,0.8435749978461278,0.8357440553114502,2.2540929655052473,High,0.8357440553114501,After_Lunch
110:30,0.9623287671232887,0.625,0.9622641509433962,0.8498643060222283,0.8442346213491861,2.2540929655052473,High,0.844234621349186,After_Lunch
111:00,0.9623287671232887,0.625,0.9622641509433962,0.8498643060222283,0.8442346213491861,2.2540929655052473,High,0.844234621349186,After_Lunch
111:30,0.9623287671232887,0.625,0.9245283018867925,0.837285689670027,0.8272534892737143,2.2540929655052473,High,0.8272534892737142,After_Lunch
112:00,0.9623287671232887,0.625,0.9056603773584906,0.8309963814939264,0.8187629232359785,2.2540929655052473,High,0.8187629232359784,After_Lunch
112:30,0.9623287671232887,0.625,0.8867924528301887,0.8247070733178258,0.8102723571982428,2.2540929655052473,High,0.8102723571982425,After_Lunch
113:00,0.9623287671232887,0.625,0.9056603773584906,0.8309963814939264,0.8187629232359785,2.2540929655052473,High,0.8187629232359784,After_Lunch
113:30,0.9623287671232887,0.625,0.9056603773584906,0.8309963814939264,0.8187629232359785,2.2540929655052473,High,0.8187629232359784,After_Lunch
114:00,1.0,0.25,0.9056603773584906,0.7185534591194968,0.6950471698113208,1.887814633239883,Medium,0.6950471698113212,After_Lunch
114:30,1.0,0.25,0.9245283018867925,0.7248427672955975,0.7035377358490567,1.887814633239883,Medium,0.7035377358490571,After_Lunch
115:00,0.9623287671232887,0.25,0.9056603773584906,0.7059963814939264,0.6875129232359786,1.8676253592361662,Medium,0.687512923235979,After_Lunch
115:30,0.9623287671232887,0.25,0.9056603773584906,0.7059963814939264,0.6875129232359786,1.8676253592361662,Medium,0.687512923235979,After_Lunch
116:00,1.0,0.25,0.8867924528301887,0.7122641509433962,0.6865566037735849,1.887814633239883,Medium,0.6865566037735854,After_Lunch
116:30,0.9623287671232887,0.25,0.9056603773584906,0.7059963814939264,0.6875129232359786,1.8676253592361662,Medium,0.687512923235979,After_Lunch
117:00,0.9623287671232887,0.25,0.8867924528301887,0.6997070733178258,0.6790223571982427,1.8676253592361662,Medium,0.6790223571982432,After_Lunch
117:30,1.0,0.25,0.8490566037735848,0.699685534591195,0.6695754716981133,1.887814633239883,Medium,0.6695754716981137,After_Lunch
118:00,1.0,0.40625,0.830188679245283,0.7454795597484276,0.7157724056603774,2.00656000251342,Medium,0.7157724056603776,After_Lunch
118:30,1.0,0.40625,0.8113207547169811,0.7391902515723271,0.7072818396226415,2.00656000251342,Medium,0.7072818396226417,After_Lunch
119:00,1.0,0.40625,0.7735849056603773,0.7266116352201258,0.6903007075471699,2.00656000251342,Medium,0.6903007075471699,After_Lunch
119:30,1.0,0.40625,0.7358490566037735,0.7140330188679246,0.6733195754716981,2.00656000251342,Medium,0.6733195754716983,After_Lunch
120:00,1.0,0.40625,0.6792452830188679,0.6951650943396226,0.6478478773584906,2.00656000251342,Medium,0.6478478773584906,After_Lunch
120:30,1.0,0.40625,0.660377358490566,0.6888757861635221,0.6393573113207547,2.00656000251342,Medium,0.6393573113207549,After_Lunch
121:00,0.9623287671232887,0.40625,0.660377358490566,0.6763187085379516,0.6318230647454125,1.9851008036162716,Medium,0.6318230647454126,After_Lunch
121:30,0.9623287671232887,0.40625,0.660377358490566,0.6763187085379516,0.6318230647454125,1.9851008036162716,Medium,0.6318230647454126,After_Lunch
122:00,0.9623287671232887,0.46875,0.660377358490566,0.697152041871285,0.6536980647454125,2.05850025317674,Medium,0.6536980647454125,After_Lunch
122:30,0.9623287671232887,0.46875,0.660377358490566,0.697152041871285,0.6536980647454125,2.05850025317674,Medium,0.6536980647454125,After_Lunch
123:00,0.9623287671232887,0.46875,0.660377358490566,0.697152041871285,0.6536980647454125,2.05850025317674,Medium,0.6536980647454125,After_Lunch
123:30,0.9623287671232887,0.46875,0.660377358490566,0.697152041871285,0.6536980647454125,2.05850025317674,Medium,0.6536980647454125,After_Lunch
124:00,0.9623287671232887,0.46875,0.6415094339622641,0.6908627336951843,0.6452074987076766,2.05850025317674,Medium,0.6452074987076766,After_Lunch
124:30,0.9623287671232887,0.46875,0.6415094339622641,0.6908627336951843,0.6452074987076766,2.05850025317674,Medium,0.6452074987076766,After_Lunch
125:00,0.9623287671232887,0.46875,0.660377358490566,0.697152041871285,0.6536980647454125,2.05850025317674,Medium,0.6536980647454125,After_Lunch
125:30,0.9623287671232887,0.5,0.660377358490566,0.7075687085379516,0.6646355647454125,2.0962115255893634,Medium,0.6646355647454124,After_Lunch
126:00,0.9623287671232887,0.5,0.33962264150943394,0.6006504695442408,0.5202959421039031,2.0962115255893634,Medium,0.5202959421039028,After_Lunch
126:30,0.9623287671232887,0.5,0.018867924528301886,0.4937322305505302,0.3759563194623936,1.3366034804698035,Low,0.3759563194623933,After_Lunch
127:00,0.9623287671232887,0.5,0.0,0.4874429223744296,0.36746575342465776,1.3366034804698035,Low,0.36746575342465737,After_Lunch
127:30,0.9623287671232887,0.5,0.0,0.4874429223744296,0.36746575342465776,1.3366034804698035,Low,0.36746575342465737,After_Lunch
128:00,0.9623287671232887,0.5,0.0,0.4874429223744296,0.36746575342465776,1.3366034804698035,Low,0.36746575342465737,After_Lunch
128:30,0.9623287671232887,0.5,0.018867924528301886,0.4937322305505302,0.3759563194623936,1.3366034804698035,Low,0.3759563194623933,After_Lunch
129:00,0.9623287671232887,0.5,0.05660377358490566,0.5063108469027314,0.3929374515378653,1.3366034804698035,Low,0.39293745153786497,After_Lunch
129:30,0.9623287671232887,0.5,0.4528301886792453,0.6383863186008446,0.5712393383303181,2.0962115255893634,Medium,0.571239338330318,After_Lunch
130:00,0.9623287671232887,0.5,0.6037735849056604,0.6887007840096496,0.6391638666322049,2.0962115255893634,Medium,0.6391638666322048,After_Lunch
130:30,0.9623287671232887,0.5,0.3962264150943396,0.6195183940725427,0.5457676402171106,2.0962115255893634,Medium,0.5457676402171104,After_Lunch
131:00,0.9623287671232887,0.5,0.5471698113207547,0.6698328594813479,0.6136921685189973,2.0962115255893634,Medium,0.6136921685189973,After_Lunch
131:30,0.9246575342465775,0.5,0.6792452830188679,0.7013009390884818,0.665591884207806,2.073793546559695,Medium,0.6655918842078061,After_Lunch
132:00,0.9246575342465775,0.5,0.660377358490566,0.6950116309123812,0.6571013181700702,2.073793546559695,Medium,0.6571013181700702,After_Lunch
132:30,0.9246575342465775,0.5,0.6037735849056604,0.6761437063840793,0.6316296200568626,2.073793546559695,Medium,0.6316296200568625,After_Lunch
133:00,0.9246575342465775,0.5,0.5660377358490566,0.663565090031878,0.6146484879813909,2.073793546559695,Medium,0.6146484879813909,After_Lunch
133:30,0.9246575342465775,0.3125,0.5471698113207547,0.5947757818557774,0.5405329219436551,1.859775147866412,Medium,0.5405329219436554,After_Lunch
134:00,0.9246575342465775,0.3125,0.5094339622641509,0.5821971655035761,0.5235517898681834,1.859775147866412,Medium,0.5235517898681836,After_Lunch
134:30,0.9246575342465775,0.3125,0.4716981132075472,0.5696185491513749,0.5065706577927117,1.859775147866412,Medium,0.5065706577927119,After_Lunch
135:00,0.9246575342465775,0.3125,0.4528301886792453,0.5633292409752743,0.4980800917549759,1.859775147866412,Medium,0.4980800917549761,After_Lunch
135:30,0.9246575342465775,0.3125,0.4528301886792453,0.5633292409752743,0.4980800917549759,1.859775147866412,Medium,0.4980800917549761,After_Lunch
136:00,0.9246575342465775,0.3125,0.4339622641509434,0.5570399327991736,0.48958952571724,1.859775147866412,Medium,0.48958952571724024,After_Lunch
136:30,0.9246575342465775,0.3125,0.3962264150943396,0.5444613164469724,0.4726083936417683,1.859775147866412,Medium,0.4726083936417685,After_Lunch
137:00,0.9246575342465775,0.625,0.3962264150943396,0.648627983113639,0.5819833936417683,2.2299865200369573,High,0.581983393641768,After_Lunch
137:30,0.9246575342465775,0.625,0.3962264150943396,0.648627983113639,0.5819833936417683,2.2299865200369573,High,0.581983393641768,After_Lunch
138:00,0.8869863013698627,0.625,0.3962264150943396,0.6360709054880674,0.5744491470664254,2.206137881465723,High,0.574449147066425,After_Lunch
138:30,0.9246575342465775,0.625,0.3773584905660377,0.6423386749375384,0.5734928276040324,2.2299865200369573,High,0.5734928276040321,After_Lunch
139:00,0.8869863013698627,0.625,0.3773584905660377,0.6297815973119668,0.5659585810286895,2.206137881465723,High,0.5659585810286892,After_Lunch
139:30,0.8869863013698627,0.625,0.33962264150943394,0.6172029809597656,0.5489774489532178,2.206137881465723,High,0.5489774489532174,After_Lunch
140:00,0.8869863013698627,0.625,0.33962264150943394,0.6172029809597656,0.5489774489532178,2.206137881465723,High,0.5489774489532174,After_Lunch
140:30,0.8869863013698627,0.625,0.33962264150943394,0.6172029809597656,0.5489774489532178,2.206137881465723,High,0.5489774489532174,After_Lunch
141:00,0.8869863013698627,0.53125,0.3584905660377358,0.5922422891358662,0.5246555149909536,2.0892004589825954,Medium,0.5246555149909535,After_Lunch
141:30,0.8869863013698627,0.53125,0.3584905660377358,0.5922422891358662,0.5246555149909536,2.0892004589825954,Medium,0.5246555149909535,After_Lunch
142:00,0.8869863013698627,0.53125,0.3584905660377358,0.5922422891358662,0.5246555149909536,2.0892004589825954,Medium,0.5246555149909535,After_Lunch
142:30,0.8869863013698627,0.53125,0.3584905660377358,0.5922422891358662,0.5246555149909536,2.0892004589825954,Medium,0.5246555149909535,After_Lunch
143:00,0.8869863013698627,0.53125,0.32075471698113206,0.5796636727836649,0.507674382915482,2.0892004589825954,Medium,0.5076743829154818,After_Lunch
143:30,0.8869863013698627,0.53125,0.20754716981132076,0.5419278237270612,0.45673098668906686,1.9552735976026734,Medium,0.45673098668906664,After_Lunch
144:00,0.8458904109589085,0.96875,0.18867924528301885,0.6677732187473091,0.5931462425691402,2.2701407735920496,High,0.5931462425691392,After_Lunch
144:30,0.8458904109589085,0.96875,0.22641509433962265,0.6803518350995104,0.6101273746446119,2.5358361505805593,High,0.610127374644611,After_Lunch
145:00,0.8458904109589085,0.96875,0.22641509433962265,0.6803518350995104,0.6101273746446119,2.5358361505805593,High,0.610127374644611,After_Lunch
145:30,0.8458904109589085,0.96875,0.20754716981132076,0.6740625269234096,0.601636808606876,2.3993134519236197,High,0.6016368086068751,After_Lunch
146:00,0.8458904109589085,0.96875,0.16981132075471697,0.6614839105712085,0.5846556765314044,2.1479224099682863,High,0.5846556765314034,After_Lunch
146:30,0.8458904109589085,0.96875,0.1320754716981132,0.6489052942190072,0.5676745444559326,1.9228711761462842,Medium,0.5676745444559317,After_Lunch
147:00,0.8458904109589085,0.96875,0.1320754716981132,0.6489052942190072,0.5676745444559326,1.9228711761462842,Medium,0.5676745444559317,After_Lunch
147:30,0.8458904109589085,0.96875,0.1509433962264151,0.6551946023951079,0.5761651104936685,2.0322839591766404,Medium,0.5761651104936675,After_Lunch
148:00,0.8458904109589085,0.46875,0.11320754716981132,0.4759493193762399,0.3841839784181968,1.4131038619930087,Low,0.38418397841819657,After_Lunch
148:30,0.8458904109589085,0.46875,0.11320754716981132,0.4759493193762399,0.3841839784181968,1.4131038619930087,Low,0.38418397841819657,After_Lunch
149:00,0.8082191780821972,0.46875,0.11320754716981132,0.4633922417506695,0.37664973184285455,1.3979913924935408,Low,0.37664973184285433,After_Lunch
149:30,0.8082191780821972,0.46875,0.09433962264150944,0.4571029335745689,0.3681591658051187,1.3227272404470074,Low,0.36815916580511854,After_Lunch
150:00,0.8082191780821972,0.46875,0.11320754716981132,0.4633922417506695,0.37664973184285455,1.3979913924935408,Low,0.37664973184285433,After_Lunch
150:30,0.8082191780821972,0.46875,0.1320754716981132,0.46968154992677014,0.3851402978805904,1.4775381301027402,Low,0.38514029788059023,After_Lunch
151:00,0.8082191780821972,0.84375,0.1509433962264151,0.6009708581028708,0.5248808639183262,1.9417041312246028,Medium,0.5248808639183256,After_Lunch
151:30,0.8082191780821972,0.84375,0.16981132075471697,0.6072601662789714,0.5333714299560621,2.052188523239152,Medium,0.5333714299560613,After_Lunch
152:00,0.8082191780821972,0.84375,0.16981132075471697,0.6072601662789714,0.5333714299560621,2.052188523239152,Medium,0.5333714299560613,After_Lunch
152:30,0.8082191780821972,0.84375,0.1509433962264151,0.6009708581028708,0.5248808639183262,1.9417041312246028,Medium,0.5248808639183256,After_Lunch
153:00,0.8082191780821972,0.84375,0.1509433962264151,0.6009708581028708,0.5248808639183262,1.9417041312246028,Medium,0.5248808639183256,After_Lunch
153:30,0.7705479452054824,0.84375,0.18867924528301885,0.6009923968295005,0.534327749418455,2.145763573930476,High,0.5343277494184543,After_Lunch
154:00,0.8082191780821972,0.84375,0.18867924528301885,0.613549474455072,0.5418619959937979,2.168959558353712,High,0.5418619959937973,After_Lunch
154:30,0.7705479452054824,0.84375,0.18867924528301885,0.6009923968295005,0.534327749418455,2.145763573930476,High,0.5343277494184543,After_Lunch
155:00,0.7705479452054824,0.59375,0.16981132075471697,0.5113697553200665,0.43833718338071914,1.7557967077392809,Medium,0.4383371833807188,After_Lunch
155:30,0.7705479452054824,0.59375,0.16981132075471697,0.5113697553200665,0.43833718338071914,1.7557967077392809,Medium,0.4383371833807188,After_Lunch
156:00,0.7705479452054824,0.59375,0.18867924528301885,0.5176590634961671,0.446827749418455,1.8557028307351549,Medium,0.4468277494184547,After_Lunch
156:30,0.7705479452054824,0.59375,0.20754716981132076,0.5239483716722677,0.45531831545619084,1.9612936855499636,Medium,0.4553183154561905,After_Lunch
157:00,0.7705479452054824,0.59375,0.22641509433962265,0.5302376798483683,0.4638088814939267,2.0728927376018835,Medium,0.4638088814939264,After_Lunch
157:30,0.7328767123287712,0.59375,0.22641509433962265,0.5176806022227979,0.45627463491858444,2.0507241418494844,Medium,0.4562746349185841,After_Lunch
158:00,0.7705479452054824,0.59375,0.24528301886792453,0.536526988024469,0.47229944753166253,2.0956328940740403,Medium,0.4722994475316622,After_Lunch
158:30,0.7328767123287712,0.59375,0.24528301886792453,0.5239699103988985,0.46476520095632023,2.073221103231498,Medium,0.46476520095632,After_Lunch
159:00,0.7328767123287712,0.1875,0.20754716981132076,0.3759746273800306,0.3055965688808486,1.6370998271208126,Medium,0.30559656888084896,After_Lunch
159:30,0.7328767123287712,0.1875,0.20754716981132076,0.3759746273800306,0.3055965688808486,1.6370998271208126,Medium,0.30559656888084896,After_Lunch
160:00,0.7328767123287712,0.1875,0.16981132075471697,0.36339601102782937,0.2886154368053768,1.4655706628113971,Low,0.2886154368053772,After_Lunch
160:30,0.7328767123287712,0.1875,0.11320754716981132,0.3445280864995275,0.26314373869216934,1.2413783395760731,Low,0.26314373869216967,After_Lunch
161:00,0.7328767123287712,0.1875,0.11320754716981132,0.3445280864995275,0.26314373869216934,1.2413783395760731,Low,0.26314373869216967,After_Lunch
161:30,0.7328767123287712,0.1875,0.1320754716981132,0.3508173946756281,0.27163430472990513,1.3120136793801827,Low,0.27163430472990546,After_Lunch
162:00,0.6917808219178099,0.1875,0.16981132075471697,0.3496973808908423,0.28039625872318463,1.4484805542472254,Low,0.28039625872318497,After_Lunch
162:30,0.6917808219178099,0.1875,0.16981132075471697,0.3496973808908423,0.28039625872318463,1.4484805542472254,Low,0.28039625872318497,After_Lunch
163:00,0.6917808219178099,0.1875,0.18867924528301885,0.3559866890669429,0.2888868247609204,1.5309001622644216,Medium,0.28888682476092087,After_Lunch
163:30,0.6917808219178099,0.1875,0.1509433962264151,0.34340807271474166,0.27190569268544873,1.3704981995226675,Low,0.2719056926854491,After_Lunch
164:00,0.6917808219178099,0.1875,0.1320754716981132,0.33711876453864104,0.26341512664771294,1.2967142081317116,Low,0.26341512664771327,After_Lunch
164:30,0.6917808219178099,0.1875,0.1509433962264151,0.34340807271474166,0.27190569268544873,1.3704981995226675,Low,0.2719056926854491,After_Lunch
165:00,0.6917808219178099,0.1875,0.1509433962264151,0.34340807271474166,0.27190569268544873,1.3704981995226675,Low,0.2719056926854491,After_Lunch
165:30,0.6917808219178099,0.1875,0.1509433962264151,0.34340807271474166,0.27190569268544873,1.3704981995226675,Low,0.2719056926854491,After_Lunch
166:00,0.6917808219178099,0.1875,0.1320754716981132,0.33711876453864104,0.26341512664771294,1.2967142081317116,Low,0.26341512664771327,After_Lunch
166:30,0.6541095890410986,0.1875,0.11320754716981132,0.31827237873696995,0.2473903140346348,1.2137814157208573,Low,0.24739031403463518,After_Lunch
167:00,0.6917808219178099,0.65625,0.11320754716981132,0.4870794563625404,0.41898706060997704,1.5079130881142964,Medium,0.41898706060997665,After_Lunch
167:30,0.6541095890410986,0.65625,0.09433962264150944,0.4682330705608693,0.40296224799689895,1.4114728375749186,Low,0.40296224799689856,After_Lunch
168:00,0.6541095890410986,0.65625,0.09433962264150944,0.4682330705608693,0.40296224799689895,1.4114728375749186,Low,0.40296224799689856,After_Lunch
168:30,0.6541095890410986,0.65625,0.05660377358490566,0.45565445420866807,0.38598111592142725,1.34034865852933,Low,0.38598111592142686,After_Lunch
169:00,0.6541095890410986,0.65625,0.05660377358490566,0.45565445420866807,0.38598111592142725,1.34034865852933,Low,0.38598111592142686,After_Lunch
169:30,0.6541095890410986,0.65625,0.07547169811320754,0.4619437623847687,0.3944716819591631,1.34034865852933,Low,0.3944716819591627,After_Lunch
170:00,0.6164383561643874,0.65625,0.05660377358490566,0.44309737658309767,0.378446869346085,1.326014271110624,Low,0.3784468693460846,After_Lunch
170:30,0.6541095890410986,0.71875,0.03773584905660378,0.4701984793659008,0.3993655498836914,1.3899082847084863,Low,0.39936554988369083,After_Lunch
171:00,0.6164383561643874,0.71875,0.05660377358490566,0.463930709916431,0.400321869346085,1.375043880806787,Low,0.4003218693460845,After_Lunch
171:30,0.6164383561643874,0.71875,0.07547169811320754,0.4702200180925316,0.40881243538382084,1.375043880806787,Low,0.40881243538382034,After_Lunch
172:00,0.6164383561643874,0.71875,0.07547169811320754,0.4702200180925316,0.40881243538382084,1.375043880806787,Low,0.40881243538382034,After_Lunch
172:30,0.6164383561643874,0.71875,0.07547169811320754,0.4702200180925316,0.40881243538382084,1.375043880806787,Low,0.40881243538382034,After_Lunch
173:00,0.6164383561643874,0.71875,0.07547169811320754,0.4702200180925316,0.40881243538382084,1.375043880806787,Low,0.40881243538382034,After_Lunch
173:30,0.6164383561643874,0.71875,0.09433962264150944,0.47650932626863224,0.4173030014215567,1.448009125000302,Low,0.4173030014215562,After_Lunch
174:00,0.6164383561643874,0.71875,0.11320754716981132,0.48279863444473287,0.42579356745929253,1.5304019083468974,Medium,0.42579356745929203,After_Lunch
174:30,0.5753424657534261,0.3125,0.11320754716981132,0.3336833376410791,0.2753868893771003,1.1945850289265019,Low,0.2753868893771005,After_Lunch
175:00,0.6164383561643874,0.3125,0.11320754716981132,0.34738196777806624,0.28360606745929257,1.2086795141949618,Low,0.28360606745929273,After_Lunch
175:30,0.5753424657534261,0.3125,0.11320754716981132,0.3336833376410791,0.2753868893771003,1.1945850289265019,Low,0.2753868893771005,After_Lunch
176:00,0.5753424657534261,0.3125,0.11320754716981132,0.3336833376410791,0.2753868893771003,1.1945850289265019,Low,0.2753868893771005,After_Lunch
176:30,0.5753424657534261,0.3125,0.11320754716981132,0.3336833376410791,0.2753868893771003,1.1945850289265019,Low,0.2753868893771005,After_Lunch
177:00,0.5753424657534261,0.3125,0.1320754716981132,0.33997264581717973,0.28387745541483617,1.2625577949664997,Low,0.28387745541483633,After_Lunch
177:30,0.5753424657534261,0.3125,0.1320754716981132,0.33997264581717973,0.28387745541483617,1.2625577949664997,Low,0.28387745541483633,After_Lunch
178:00,0.5753424657534261,0.46875,0.1509433962264151,0.39834528732661373,0.347055521452572,1.4611889065560568,Low,0.3470555214525719,After_Lunch
178:30,0.5753424657534261,0.46875,0.1509433962264151,0.39834528732661373,0.347055521452572,1.4611889065560568,Low,0.3470555214525719,After_Lunch
179:00,0.5753424657534261,0.46875,0.1509433962264151,0.39834528732661373,0.347055521452572,1.4611889065560568,Low,0.3470555214525719,After_Lunch
179:30,0.5753424657534261,0.46875,0.1509433962264151,0.39834528732661373,0.347055521452572,1.4611889065560568,Low,0.3470555214525719,After_Lunch
180:00,0.5753424657534261,0.46875,0.1320754716981132,0.3920559791505131,0.33856495541483617,1.3825223678189444,Low,0.3385649554148361,After_Lunch
180:30,0.5376712328767113,0.46875,0.1320754716981132,0.3794989015249415,0.3310307088394932,1.3677369527635141,Low,0.33103070883949315,After_Lunch
181:00,0.5376712328767113,0.46875,0.1320754716981132,0.3794989015249415,0.3310307088394932,1.3677369527635141,Low,0.33103070883949315,After_Lunch
181:30,0.5376712328767113,0.46875,0.1320754716981132,0.3794989015249415,0.3310307088394932,1.3677369527635141,Low,0.33103070883949315,After_Lunch
182:00,0.5376712328767113,0.6875,0.1509433962264151,0.4587048763677088,0.41608377487722903,1.6414438797826478,Medium,0.4160837748772287,After_Lunch
182:30,0.5376712328767113,0.6875,0.1509433962264151,0.4587048763677088,0.41608377487722903,1.6414438797826478,Medium,0.4160837748772287,After_Lunch
183:00,0.5376712328767113,0.6875,0.1320754716981132,0.45241556819160816,0.4075932088394932,1.5530728909431128,Medium,0.4075932088394928,After_Lunch
183:30,0.5376712328767113,0.6875,0.11320754716981132,0.44612626001550754,0.39910264280175733,1.4694595619691782,Low,0.3991026428017569,After_Lunch
184:00,0.5376712328767113,0.6875,0.1509433962264151,0.4587048763677088,0.41608377487722903,1.6414438797826478,Medium,0.4160837748772287,After_Lunch
184:30,0.5376712328767113,0.6875,0.16981132075471697,0.4649941845438094,0.4245743409149649,1.7348432428305143,Medium,0.4245743409149645,After_Lunch
185:00,0.5376712328767113,0.6875,0.18867924528301885,0.47128349271991005,0.4330649069527007,1.8335570982744913,Medium,0.4330649069527004,After_Lunch
185:30,0.5376712328767113,0.5,0.18867924528301885,0.40878349271991005,0.36743990695270073,1.6443314375348272,Medium,0.3674399069527007,After_Lunch
186:00,0.5,0.5,0.18867924528301885,0.3962264150943396,0.3599056603773585,1.626746099779318,Medium,0.3599056603773584,After_Lunch
186:30,0.5376712328767113,0.5,0.16981132075471697,0.4024941845438094,0.3589493409149649,1.5558049902376294,Medium,0.3589493409149648,After_Lunch
187:00,0.5,0.5,0.18867924528301885,0.3962264150943396,0.3599056603773585,1.626746099779318,Medium,0.3599056603773584,After_Lunch
187:30,0.5,0.5,0.18867924528301885,0.3962264150943396,0.3599056603773585,1.626746099779318,Medium,0.3599056603773584,After_Lunch
188:00,0.5,0.5,0.20754716981132076,0.4025157232704402,0.3683962264150943,1.7193091483436758,Medium,0.3683962264150943,After_Lunch
188:30,0.5,0.5,0.22641509433962265,0.40880503144654085,0.3768867924528302,1.8171391023954298,Medium,0.3768867924528302,After_Lunch
189:00,0.5,0.5,0.22641509433962265,0.40880503144654085,0.3768867924528302,1.8171391023954298,Medium,0.3768867924528302,After_Lunch
189:30,0.5,0.21875,0.20754716981132076,0.3087657232704402,0.26995872641509433,1.5318231612673647,Medium,0.2699587264150948,After_Lunch
190:00,0.5,0.21875,0.20754716981132076,0.3087657232704402,0.26995872641509433,1.5318231612673647,Medium,0.2699587264150948,After_Lunch
190:30,0.5,0.21875,0.20754716981132076,0.3087657232704402,0.26995872641509433,1.5318231612673647,Medium,0.2699587264150948,After_Lunch
191:00,0.5,0.21875,0.18867924528301885,0.3024764150943396,0.2614681603773585,1.4493538614296972,Low,0.26146816037735887,After_Lunch
191:30,0.5,0.21875,0.18867924528301885,0.3024764150943396,0.2614681603773585,1.4493538614296972,Low,0.26146816037735887,After_Lunch
192:00,0.46232876712328874,0.21875,0.20754716981132076,0.2962086456448698,0.2624244798397521,1.515441045680629,Medium,0.2624244798397525,After_Lunch
192:30,0.46232876712328874,0.21875,0.20754716981132076,0.2962086456448698,0.2624244798397521,1.515441045680629,Medium,0.2624244798397525,After_Lunch
193:00,0.46232876712328874,0.21875,0.20754716981132076,0.2962086456448698,0.2624244798397521,1.515441045680629,Medium,0.2624244798397525,After_Lunch
193:30,0.46232876712328874,0.4375,0.20754716981132076,0.3691253123115365,0.33898697983975207,1.6402725936934242,Medium,0.3389869798397521,After_Lunch
194:00,0.46232876712328874,0.4375,0.22641509433962265,0.37541462048763713,0.3474775458774879,1.733605309702042,Medium,0.347477545877488,After_Lunch
194:30,0.46232876712328874,0.4375,0.20754716981132076,0.3691253123115365,0.33898697983975207,1.6402725936934242,Medium,0.3389869798397521,After_Lunch
195:00,0.46232876712328874,0.4375,0.18867924528301885,0.3628360041354359,0.3304964138020162,1.5519646637931521,Medium,0.33049641380201633,After_Lunch
195:30,0.46232876712328874,0.4375,0.20754716981132076,0.3691253123115365,0.33898697983975207,1.6402725936934242,Medium,0.3389869798397521,After_Lunch
196:00,0.46232876712328874,0.4375,0.22641509433962265,0.37541462048763713,0.3474775458774879,1.733605309702042,Medium,0.347477545877488,After_Lunch
196:30,0.46232876712328874,0.4375,0.22641509433962265,0.37541462048763713,0.3474775458774879,1.733605309702042,Medium,0.347477545877488,After_Lunch
197:00,0.46232876712328874,0.59375,0.24528301886792453,0.43378726199707107,0.41065561191522376,1.9191525797995406,Medium,0.4106556119152236,After_Lunch
197:30,0.46232876712328874,0.59375,0.2641509433962264,0.4400765701731717,0.4191461779529596,1.9191525797995406,Medium,0.4191461779529595,After_Lunch
198:00,0.46232876712328874,0.59375,0.2641509433962264,0.4400765701731717,0.4191461779529596,1.9191525797995406,Medium,0.4191461779529595,After_Lunch
198:30,0.46232876712328874,0.59375,0.2641509433962264,0.4400765701731717,0.4191461779529596,1.9191525797995406,Medium,0.4191461779529595,After_Lunch
199:00,0.46232876712328874,0.59375,0.24528301886792453,0.43378726199707107,0.41065561191522376,1.9191525797995406,Medium,0.4106556119152236,After_Lunch
199:30,0.42123287671232745,0.59375,0.24528301886792453,0.420088631860084,0.4024364338330315,1.8967732249364544,Medium,0.4024364338330314,After_Lunch
200:00,0.42123287671232745,0.59375,0.2641509433962264,0.4263779400361846,0.41092699987076736,1.8967732249364544,Medium,0.41092699987076725,After_Lunch
200:30,0.42123287671232745,0.59375,0.2641509433962264,0.4263779400361846,0.41092699987076736,1.8967732249364544,Medium,0.41092699987076725,After_Lunch
201:00,0.42123287671232745,0.5625,0.2830188679245283,0.42225058154561856,0.4084800659085032,1.8626498881847215,Medium,0.40848006590850316,After_Lunch
201:30,0.42123287671232745,0.5625,0.20754716981132076,0.39709334884121605,0.37451780175755983,1.7432459064836427,Medium,0.3745178017575597,After_Lunch
202:00,0.42123287671232745,0.5625,0.16981132075471697,0.3845147324890148,0.35753666968208814,1.5605951550930977,Medium,0.357536669682088,After_Lunch
202:30,0.42123287671232745,0.5625,0.20754716981132076,0.39709334884121605,0.37451780175755983,1.7432459064836427,Medium,0.3745178017575597,After_Lunch
203:00,0.42123287671232745,0.5625,0.24528301886792453,0.4096719651934173,0.3914989338330315,1.8626498881847215,Medium,0.39149893383303147,After_Lunch
203:30,0.42123287671232745,0.5625,0.24528301886792453,0.4096719651934173,0.3914989338330315,1.8626498881847215,Medium,0.39149893383303147,After_Lunch
204:00,0.42123287671232745,0.5625,0.24528301886792453,0.4096719651934173,0.3914989338330315,1.8626498881847215,Medium,0.39149893383303147,After_Lunch
204:30,0.42123287671232745,0.5625,0.24528301886792453,0.4096719651934173,0.3914989338330315,1.8626498881847215,Medium,0.39149893383303147,After_Lunch
205:00,0.42123287671232745,0.5625,0.22641509433962265,0.4033826570173167,0.3830083677952957,1.842437879664555,Medium,0.3830083677952956,After_Lunch
205:30,0.42123287671232745,0.5625,0.20754716981132076,0.39709334884121605,0.37451780175755983,1.7432459064836427,Medium,0.3745178017575597,After_Lunch
206:00,0.42123287671232745,0.5625,0.16981132075471697,0.3845147324890148,0.35753666968208814,1.5605951550930977,Medium,0.357536669682088,After_Lunch
206:30,0.42123287671232745,0.5625,0.11320754716981132,0.3656468079607129,0.3320649715688806,1.3218666772870857,Low,0.33206497156888043,After_Lunch
207:00,0.3835616438356162,0.5625,0.1320754716981132,0.35937903851124314,0.3330212910312742,1.3821407407727724,Low,0.3330212910312741,After_Lunch
207:30,0.3835616438356162,0.5625,0.16981132075471697,0.3719576548634444,0.3500024231067459,1.5439053368025302,Medium,0.3500024231067458,After_Lunch
208:00,0.3835616438356162,0.5625,0.18867924528301885,0.378246963039545,0.35849298914448174,1.63175468507428,Medium,0.35849298914448163,After_Lunch
208:30,0.3835616438356162,0.40625,0.20754716981132076,0.3324529378823123,0.3122960551822176,1.574955071535654,Medium,0.31229605518221776,After_Lunch
209:00,0.3835616438356162,0.40625,0.20754716981132076,0.3324529378823123,0.3122960551822176,1.574955071535654,Medium,0.31229605518221776,After_Lunch
209:30,0.3835616438356162,0.40625,0.20754716981132076,0.3324529378823123,0.3122960551822176,1.574955071535654,Medium,0.31229605518221776,After_Lunch
210:00,0.3835616438356162,0.40625,0.20754716981132076,0.3324529378823123,0.3122960551822176,1.574955071535654,Medium,0.31229605518221776,After_Lunch
210:30,0.3835616438356162,0.40625,0.18867924528301885,0.32616362970621166,0.30380548914448174,1.4901636639440183,Low,0.30380548914448186,After_Lunch
211:00,0.3835616438356162,0.40625,0.18867924528301885,0.32616362970621166,0.30380548914448174,1.4901636639440183,Low,0.30380548914448186,After_Lunch
211:30,0.3835616438356162,0.40625,0.16981132075471697,0.319874321530111,0.2953149231067459,1.4099372010490976,Low,0.295314923106746,After_Lunch
212:00,0.3835616438356162,0.40625,0.1509433962264151,0.3135850133540104,0.28682435706901005,1.3340299183250282,Low,0.28682435706901016,After_Lunch
212:30,0.3835616438356162,0.40625,0.1509433962264151,0.3135850133540104,0.28682435706901005,1.3340299183250282,Low,0.28682435706901016,After_Lunch
213:00,0.3458904109589014,0.0,0.1320754716981132,0.15932196088567152,0.12861204445593122,1.1763136611079572,Low,0.12861204445593202,After_Lunch
213:30,0.3458904109589014,0.0,0.1320754716981132,0.15932196088567152,0.12861204445593122,1.1763136611079572,Low,0.12861204445593202,After_Lunch
214:00,0.3458904109589014,0.0,0.16981132075471697,0.17190057723787278,0.1455931765314029,1.3139884279244123,Low,0.14559317653140375,After_Lunch
214:30,0.3458904109589014,0.0,0.16981132075471697,0.17190057723787278,0.1455931765314029,1.3139884279244123,Low,0.14559317653140375,After_Lunch
215:00,0.3458904109589014,0.0,0.16981132075471697,0.17190057723787278,0.1455931765314029,1.3139884279244123,Low,0.14559317653140375,After_Lunch
215:30,0.3458904109589014,0.0,0.16981132075471697,0.17190057723787278,0.1455931765314029,1.3139884279244123,Low,0.14559317653140375,After_Lunch
216:00,0.3458904109589014,0.0,0.16981132075471697,0.17190057723787278,0.1455931765314029,1.3139884279244123,Low,0.14559317653140375,After_Lunch
216:30,0.3458904109589014,0.0,0.1509433962264151,0.16561126906177215,0.13710261049366707,1.2432467728915506,Low,0.13710261049366787,After_Lunch
217:00,0.3458904109589014,0.3125,0.1320754716981132,0.2634886275523382,0.23798704445593122,1.1840319027584765,Low,0.2379870444559315,After_Lunch
217:30,0.3458904109589014,0.3125,0.1509433962264151,0.26977793572843883,0.24647761049366707,1.2514041881640785,Low,0.24647761049366734,After_Lunch
218:00,0.3458904109589014,0.3125,0.18867924528301885,0.2823565520806401,0.26345874256913876,1.3978674874480037,Low,0.2634587425691391,After_Lunch
218:30,0.3458904109589014,0.3125,0.18867924528301885,0.2823565520806401,0.26345874256913876,1.3978674874480037,Low,0.2634587425691391,After_Lunch
219:00,0.3458904109589014,0.3125,0.18867924528301885,0.2823565520806401,0.26345874256913876,1.3978674874480037,Low,0.2634587425691391,After_Lunch
219:30,0.3082191780821901,0.3125,0.20754716981132076,0.27608878263117026,0.26441506203153237,1.4774071747690551,Low,0.2644150620315327,After_Lunch
220:00,0.3082191780821901,0.3125,0.20754716981132076,0.27608878263117026,0.26441506203153237,1.4774071747690551,Low,0.2644150620315327,After_Lunch
220:30,0.3082191780821901,0.5625,0.22641509433962265,0.36571142414060426,0.36040562806926824,1.8055430252883895,Medium,0.3604056280692682,After_Lunch
221:00,0.3082191780821901,0.5625,0.22641509433962265,0.36571142414060426,0.36040562806926824,1.8055430252883895,Medium,0.3604056280692682,After_Lunch
221:30,0.3082191780821901,0.5625,0.24528301886792453,0.3720007323167049,0.3688961941070041,1.825350287944811,Medium,0.368896194107004,After_Lunch
222:00,0.3082191780821901,0.5625,0.24528301886792453,0.3720007323167049,0.3688961941070041,1.825350287944811,Medium,0.368896194107004,After_Lunch
222:30,0.3082191780821901,0.5625,0.24528301886792453,0.3720007323167049,0.3688961941070041,1.825350287944811,Medium,0.368896194107004,After_Lunch
223:00,0.26712328767122884,0.5625,0.24528301886792453,0.35830210217971775,0.36067701602481184,1.825350287944811,Medium,0.3606770160248118,After_Lunch
223:30,0.3082191780821901,0.5625,0.24528301886792453,0.3720007323167049,0.3688961941070041,1.825350287944811,Medium,0.368896194107004,After_Lunch
224:00,0.26712328767122884,0.5625,0.24528301886792453,0.35830210217971775,0.36067701602481184,1.825350287944811,Medium,0.3606770160248118,After_Lunch
224:30,0.26712328767122884,0.4375,0.22641509433962265,0.3103461273369505,0.308436449987076,1.6790789721082602,Medium,0.3084364499870761,After_Lunch
225:00,0.26712328767122884,0.4375,0.22641509433962265,0.3103461273369505,0.308436449987076,1.6790789721082602,Medium,0.3084364499870761,After_Lunch
225:30,0.26712328767122884,0.4375,0.20754716981132076,0.30405681916084987,0.2999458839493401,1.5886818096268203,Medium,0.29994588394934024,After_Lunch
226:00,0.26712328767122884,0.4375,0.22641509433962265,0.3103461273369505,0.308436449987076,1.6790789721082602,Medium,0.3084364499870761,After_Lunch
226:30,0.26712328767122884,0.4375,0.24528301886792453,0.3166354355130511,0.31692701602481177,1.6974988921852743,Medium,0.316927016024812,After_Lunch
227:00,0.26712328767122884,0.4375,0.24528301886792453,0.3166354355130511,0.31692701602481177,1.6974988921852743,Medium,0.316927016024812,After_Lunch
227:30,0.26712328767122884,0.4375,0.24528301886792453,0.3166354355130511,0.31692701602481177,1.6974988921852743,Medium,0.316927016024812,After_Lunch
228:00,0.22945205479451758,0.65625,0.24528301886792453,0.37699502455414735,0.3859552694494695,1.9275194009580487,Medium,0.3859552694494694,After_Lunch
228:30,0.26712328767122884,0.65625,0.22641509433962265,0.3832627940036171,0.38499894998707596,1.9066034796128308,Medium,0.38499894998707573,After_Lunch
229:00,0.22945205479451758,0.65625,0.20754716981132076,0.3644164082019461,0.3689741373739978,1.8039570005625727,Medium,0.36897413737399765,After_Lunch
229:30,0.22945205479451758,0.65625,0.24528301886792453,0.37699502455414735,0.3859552694494695,1.9275194009580487,Medium,0.3859552694494694,After_Lunch
230:00,0.22945205479451758,0.65625,0.2641509433962264,0.383284332730248,0.3944458354872054,1.9275194009580487,Medium,0.39444583548720524,After_Lunch
230:30,0.22945205479451758,0.65625,0.2641509433962264,0.383284332730248,0.3944458354872054,1.9275194009580487,Medium,0.39444583548720524,After_Lunch
231:00,0.22945205479451758,0.65625,0.2641509433962264,0.383284332730248,0.3944458354872054,1.9275194009580487,Medium,0.39444583548720524,After_Lunch
231:30,0.22945205479451758,0.71875,0.2641509433962264,0.4041176660635813,0.4163208354872054,1.9987897680798148,Medium,0.4163208354872051,After_Lunch
232:00,0.22945205479451758,0.71875,0.2830188679245283,0.4104069742396819,0.4248114015249412,1.9987897680798148,Medium,0.42481140152494096,After_Lunch
232:30,0.22945205479451758,0.71875,0.2830188679245283,0.4104069742396819,0.4248114015249412,1.9987897680798148,Medium,0.42481140152494096,After_Lunch
233:00,0.22945205479451758,0.71875,0.2830188679245283,0.4104069742396819,0.4248114015249412,1.9987897680798148,Medium,0.42481140152494096,After_Lunch
233:30,0.22945205479451758,0.71875,0.2830188679245283,0.4104069742396819,0.4248114015249412,1.9987897680798148,Medium,0.42481140152494096,After_Lunch
234:00,0.22945205479451758,0.71875,0.3018867924528302,0.41669628241578255,0.4333019675626771,1.9987897680798148,Medium,0.4333019675626768,After_Lunch
234:30,0.22945205479451758,0.71875,0.33962264150943394,0.4292748987679838,0.4502830996381488,1.9987897680798148,Medium,0.45028309963814855,After_Lunch
235:00,0.19178082191780632,0.5625,0.32075471698113206,0.35834517963297946,0.3795707870250707,1.825350287944811,Medium,0.37957078702507074,After_Lunch
235:30,0.19178082191780632,0.5625,0.3018867924528302,0.35205587145687883,0.37108022098733484,1.825350287944811,Medium,0.37108022098733484,After_Lunch
236:00,0.19178082191780632,0.5625,0.3018867924528302,0.35205587145687883,0.37108022098733484,1.825350287944811,Medium,0.37108022098733484,After_Lunch
236:30,0.19178082191780632,0.5625,0.3018867924528302,0.35205587145687883,0.37108022098733484,1.825350287944811,Medium,0.37108022098733484,After_Lunch
237:00,0.19178082191780632,0.5625,0.2830188679245283,0.3457665632807782,0.362589654949599,1.825350287944811,Medium,0.36258965494959905,After_Lunch
237:30,0.19178082191780632,0.5625,0.2641509433962264,0.3394772551046776,0.35409908891186315,1.825350287944811,Medium,0.35409908891186315,After_Lunch
238:00,0.19178082191780632,0.5625,0.2641509433962264,0.3394772551046776,0.35409908891186315,1.825350287944811,Medium,0.35409908891186315,After_Lunch
238:30,0.19178082191780632,0.5625,0.2830188679245283,0.3457665632807782,0.362589654949599,1.825350287944811,Medium,0.36258965494959905,After_Lunch
239:00,0.19178082191780632,0.34375,0.2830188679245283,0.2728498966141115,0.28602715494959896,1.607522129269518,Medium,0.2860271549495994,After_Lunch
239:30,0.19178082191780632,0.34375,0.3018867924528302,0.27913920479021215,0.29451772098733486,1.607522129269518,Medium,0.2945177209873352,After_Lunch
240:00,0.1541095890410915,0.34375,0.3018867924528302,0.2665821271646405,0.2869834744119919,1.607522129269518,Medium,0.2869834744119923,After_Lunch
240:30,0.19178082191780632,0.34375,0.3018867924528302,0.27913920479021215,0.29451772098733486,1.607522129269518,Medium,0.2945177209873352,After_Lunch
241:00,0.19178082191780632,0.34375,0.2830188679245283,0.2728498966141115,0.28602715494959896,1.607522129269518,Medium,0.2860271549495994,After_Lunch
241:30,0.1541095890410915,0.34375,0.2641509433962264,0.25400351081243927,0.2700023423365202,1.607522129269518,Medium,0.2700023423365206,After_Lunch
242:00,0.1541095890410915,0.34375,0.2641509433962264,0.25400351081243927,0.2700023423365202,1.607522129269518,Medium,0.2700023423365206,After_Lunch
242:30,0.1541095890410915,0.34375,0.2641509433962264,0.25400351081243927,0.2700023423365202,1.607522129269518,Medium,0.2700023423365206,After_Lunch
243:00,0.1541095890410915,0.46875,0.24528301886792453,0.28938086930300533,0.30526177629878437,1.7285966989718105,Medium,0.30526177629878454,After_Lunch
243:30,0.1541095890410915,0.46875,0.2641509433962264,0.29567017747910596,0.31375234233652016,1.7285966989718105,Medium,0.3137523423365204,After_Lunch
244:00,0.1541095890410915,0.46875,0.2830188679245283,0.3019594856552066,0.32224290837425607,1.7285966989718105,Medium,0.32224290837425623,After_Lunch
244:30,0.1541095890410915,0.46875,0.2830188679245283,0.3019594856552066,0.32224290837425607,1.7285966989718105,Medium,0.32224290837425623,After_Lunch
245:00,0.1541095890410915,0.46875,0.24528301886792453,0.28938086930300533,0.30526177629878437,1.7285966989718105,Medium,0.30526177629878454,After_Lunch
245:30,0.1541095890410915,0.46875,0.20754716981132076,0.2768022529508041,0.2882806442233127,1.617786111366575,Medium,0.2882806442233128,After_Lunch
246:00,0.1541095890410915,0.46875,0.24528301886792453,0.28938086930300533,0.30526177629878437,1.7285966989718105,Medium,0.30526177629878454,After_Lunch
246:30,0.1541095890410915,0.84375,0.2830188679245283,0.4269594856552066,0.45349290837425604,2.1493336434574917,High,0.45349290837425565,After_Lunch
247:00,0.11643835616438025,0.84375,0.2830188679245283,0.4144024080296362,0.4459586617989138,2.1493336434574917,High,0.4459586617989134,After_Lunch
247:30,0.11643835616438025,0.84375,0.2830188679245283,0.4144024080296362,0.4459586617989138,2.1493336434574917,High,0.4459586617989134,After_Lunch
248:00,0.11643835616438025,0.84375,0.2830188679245283,0.4144024080296362,0.4459586617989138,2.1493336434574917,High,0.4459586617989134,After_Lunch
248:30,0.11643835616438025,0.84375,0.2641509433962264,0.40811309985353555,0.4374680957611779,2.1493336434574917,High,0.43746809576117757,After_Lunch
249:00,0.11643835616438025,0.84375,0.24528301886792453,0.4018237916774349,0.4289775297234421,2.1493336434574917,High,0.4289775297234417,After_Lunch
249:30,0.11643835616438025,0.84375,0.2641509433962264,0.40811309985353555,0.4374680957611779,2.1493336434574917,High,0.43746809576117757,After_Lunch
250:00,0.11643835616438025,0.53125,0.2641509433962264,0.30394643318686887,0.3280930957611779,1.7925118643807603,Medium,0.32809309576117807,After_Lunch
250:30,0.11643835616438025,0.53125,0.2641509433962264,0.30394643318686887,0.3280930957611779,1.7925118643807603,Medium,0.32809309576117807,After_Lunch
251:00,0.11643835616438025,0.53125,0.2830188679245283,0.3102357413629695,0.3365836617989138,1.7925118643807603,Medium,0.3365836617989139,After_Lunch
251:30,0.07534246575342607,0.53125,0.2830188679245283,0.29653711122598475,0.32836448371672294,1.7925118643807603,Medium,0.3283644837167231,After_Lunch
252:00,0.07534246575342607,0.53125,0.2830188679245283,0.29653711122598475,0.32836448371672294,1.7925118643807603,Medium,0.3283644837167231,After_Lunch
252:30,0.07534246575342607,0.53125,0.2641509433962264,0.2902478030498841,0.31987391767898704,1.7925118643807603,Medium,0.31987391767898726,After_Lunch
253:00,0.07534246575342607,0.53125,0.24528301886792453,0.2839584948737835,0.31138335164125125,1.7925118643807603,Medium,0.3113833516412514,After_Lunch
253:30,0.07534246575342607,0.53125,0.2641509433962264,0.2902478030498841,0.31987391767898704,1.7925118643807603,Medium,0.31987391767898726,After_Lunch
254:00,0.07534246575342607,0.375,0.2830188679245283,0.24445377789265144,0.27367698371672294,1.6369715815261552,Medium,0.2736769837167234,After_Lunch
254:30,0.07534246575342607,0.375,0.2830188679245283,0.24445377789265144,0.27367698371672294,1.6369715815261552,Medium,0.2736769837167234,After_Lunch
255:00,0.07534246575342607,0.375,0.3018867924528302,0.25074308606875206,0.28216754975445874,1.6369715815261552,Medium,0.2821675497544592,After_Lunch
255:30,0.07534246575342607,0.375,0.2641509433962264,0.2381644697165508,0.26518641767898704,1.6369715815261552,Medium,0.2651864176789875,After_Lunch
256:00,0.03767123287671126,0.375,0.24528301886792453,0.2193180839148786,0.24916160506590826,1.6369715815261552,Medium,0.24916160506590868,After_Lunch
256:30,0.03767123287671126,0.375,0.22641509433962265,0.21302877573877796,0.2406710390281724,1.6192084561191995,Medium,0.24067103902817283,After_Lunch
257:00,0.03767123287671126,0.375,0.22641509433962265,0.21302877573877796,0.2406710390281724,1.6192084561191995,Medium,0.24067103902817283,After_Lunch
257:30,0.03767123287671126,1.0,0.20754716981132076,0.4150728008960107,0.4509304729904366,2.0828740483737906,Medium,0.4509304729904359,After_Lunch
258:00,0.03767123287671126,1.0,0.20754716981132076,0.4150728008960107,0.4509304729904366,2.0828740483737906,Medium,0.4509304729904359,After_Lunch
258:30,0.03767123287671126,1.0,0.22641509433962265,0.4213621090721113,0.4594210390281724,2.201391112419138,High,0.45942103902817183,After_Lunch
259:00,0.03767123287671126,1.0,0.24528301886792453,0.42765141724821193,0.4679116050659083,2.225540928492468,High,0.4679116050659077,After_Lunch
259:30,0.03767123287671126,1.0,0.24528301886792453,0.42765141724821193,0.4679116050659083,2.225540928492468,High,0.4679116050659077,After_Lunch
260:00,0.0,1.0,0.20754716981132076,0.4025157232704402,0.44339622641509435,2.0828740483737906,Medium,0.4433962264150937,After_Lunch
260:30,0.03767123287671126,1.0,0.18867924528301885,0.40878349271991005,0.4424399069527007,1.9707376289993006,Medium,0.4424399069527001,After_Lunch
261:00,0.0,0.53125,0.20754716981132076,0.24626572327044025,0.27933372641509435,1.67760403590953,Medium,0.27933372641509446,After_Lunch
261:30,1.0,0.384615384615385,1.0,0.794871794871795,0.7846153846153847,1.9814990695280312,Medium,0.7846153846153848,Stress_Induced
262:00,1.0,0.384615384615385,0.8823529411764706,0.7556561085972852,0.7316742081447964,1.9814990695280312,Medium,0.7316742081447966,Stress_Induced
262:30,1.0,0.384615384615385,0.8431372549019609,0.7425842131724486,0.7140271493212671,1.9814990695280312,Medium,0.7140271493212672,Stress_Induced
263:00,1.0,0.384615384615385,0.8627450980392157,0.7491201608848669,0.7228506787330318,1.9814990695280312,Medium,0.7228506787330319,Stress_Induced
263:30,1.0,0.384615384615385,0.8823529411764706,0.7556561085972852,0.7316742081447964,1.9814990695280312,Medium,0.7316742081447966,Stress_Induced
264:00,1.0,0.384615384615385,0.8235294117647061,0.7360482654600303,0.7052036199095024,1.9814990695280312,Medium,0.7052036199095025,Stress_Induced
264:30,1.0,0.384615384615385,0.7647058823529411,0.7164404223227754,0.6787330316742083,1.9814990695280312,Medium,0.6787330316742083,Stress_Induced
265:00,1.0,0.6153846153846159,0.8431372549019609,0.8195072900955256,0.794796380090498,2.2657683611304904,High,0.7947963800904981,Stress_Induced
265:30,1.0,0.6153846153846159,0.8039215686274512,0.806435394670689,0.7771493212669687,2.2657683611304904,High,0.7771493212669688,Stress_Induced
266:00,1.0,0.6153846153846159,0.7058823529411766,0.7737556561085975,0.7330316742081451,2.2657683611304904,High,0.7330316742081452,Stress_Induced
266:30,1.0,0.6153846153846159,0.6274509803921569,0.7476118652589242,0.6977375565610862,2.2657683611304904,High,0.6977375565610863,Stress_Induced
267:00,1.0,0.6153846153846159,0.5490196078431375,0.7214680744092511,0.6624434389140275,2.2657683611304904,High,0.6624434389140276,Stress_Induced
267:30,1.0,0.6153846153846159,0.5294117647058822,0.7149321266968327,0.6536199095022626,2.2657683611304904,High,0.6536199095022627,Stress_Induced
268:00,1.0,0.6153846153846159,0.4901960784313726,0.7018602312719961,0.6359728506787332,2.2657683611304904,High,0.6359728506787333,Stress_Induced
268:30,1.0,0.6153846153846159,0.4509803921568629,0.6887883358471596,0.6183257918552039,2.2657683611304904,High,0.618325791855204,Stress_Induced
269:00,1.0,0.6153846153846159,0.41176470588235325,0.675716440422323,0.6006787330316745,2.2657683611304904,High,0.6006787330316746,Stress_Induced
269:30,1.0,0.5384615384615392,0.3529411764705883,0.6304675716440425,0.5472850678733034,2.166747460833061,Medium,0.5472850678733036,Stress_Induced
270:00,1.0,0.5384615384615392,0.37254901960784315,0.6370035193564608,0.5561085972850681,2.166747460833061,Medium,0.5561085972850682,Stress_Induced
270:30,1.0,0.5384615384615392,0.41176470588235325,0.6500754147812975,0.5737556561085977,2.166747460833061,Medium,0.5737556561085978,Stress_Induced
271:00,1.0,0.5384615384615392,0.47058823529411775,0.6696832579185523,0.6002262443438917,2.166747460833061,Medium,0.6002262443438918,Stress_Induced
271:30,1.0,0.5384615384615392,0.4901960784313726,0.6762192056309706,0.6090497737556564,2.166747460833061,Medium,0.6090497737556565,Stress_Induced
272:00,1.0,0.5384615384615392,0.4313725490196081,0.6566113624937158,0.5825791855203624,2.166747460833061,Medium,0.5825791855203625,Stress_Induced
272:30,1.0,0.5384615384615392,0.3333333333333335,0.6239316239316243,0.5384615384615388,2.166747460833061,Medium,0.5384615384615389,Stress_Induced
273:00,1.0,0.5384615384615392,0.31372549019607865,0.617395676219206,0.5296380090497741,2.166747460833061,Medium,0.5296380090497742,Stress_Induced
273:30,1.0,0.5384615384615392,0.31372549019607865,0.617395676219206,0.5296380090497741,2.166747460833061,Medium,0.5296380090497742,Stress_Induced
274:00,1.0,0.6153846153846159,0.3333333333333335,0.6495726495726498,0.5653846153846156,2.2657683611304904,High,0.5653846153846157,Stress_Induced
274:30,1.0,0.6153846153846159,0.392156862745098,0.6691804927099047,0.5918552036199096,2.2657683611304904,High,0.5918552036199097,Stress_Induced
275:00,1.0,0.6153846153846159,0.47058823529411775,0.6953242835595779,0.6271493212669685,2.2657683611304904,High,0.6271493212669687,Stress_Induced
275:30,1.0,0.6153846153846159,0.392156862745098,0.6691804927099047,0.5918552036199096,2.2657683611304904,High,0.5918552036199097,Stress_Induced
276:00,1.0,0.6153846153846159,0.2549019607843137,0.6234288587229765,0.5300904977375567,2.2657683611304904,High,0.5300904977375568,Stress_Induced
276:30,1.0,0.6153846153846159,0.2941176470588238,0.6365007541478133,0.5477375565610862,2.2657683611304904,High,0.5477375565610864,Stress_Induced
277:00,1.0,0.6153846153846159,0.37254901960784315,0.6626445449974864,0.583031674208145,2.2657683611304904,High,0.5830316742081451,Stress_Induced
277:30,0.9493670886075947,0.6153846153846159,0.4313725490196081,0.6653747510039395,0.5993756801649581,2.2332597605158493,Medium,0.5993756801649582,Stress_Induced
278:00,0.9493670886075947,0.6153846153846159,0.392156862745098,0.6523028555791028,0.5817286213414286,2.2332597605158493,Medium,0.5817286213414287,Stress_Induced
278:30,0.9493670886075947,0.3076923076923084,0.3529411764705883,0.5366668575901637,0.4563892548255916,1.8677140836811037,Medium,0.45638925482559156,Stress_Induced
279:00,0.9493670886075947,0.3076923076923084,0.37254901960784315,0.543202805302582,0.4652127842373563,1.8677140836811037,Medium,0.46521278423735624,Stress_Induced
279:30,0.9493670886075947,0.3076923076923084,0.3529411764705883,0.5366668575901637,0.4563892548255916,1.8677140836811037,Medium,0.45638925482559156,Stress_Induced
280:00,1.0,0.3076923076923084,0.3333333333333335,0.5470085470085473,0.457692307692308,1.8949015932947209,Medium,0.45769230769230795,Stress_Induced
280:30,0.9493670886075947,0.3076923076923084,0.392156862745098,0.5497387530150003,0.47403631364912097,1.8677140836811037,Medium,0.4740363136491209,Stress_Induced
281:00,0.9493670886075947,0.3076923076923084,0.4509803921568629,0.5693465961522554,0.5005069018844153,1.8677140836811037,Medium,0.5005069018844152,Stress_Induced
281:30,1.0,0.3076923076923084,0.47058823529411775,0.5927601809954753,0.519457013574661,1.8949015932947209,Medium,0.5194570135746609,Stress_Induced
282:00,0.9493670886075947,0.3076923076923084,0.4901960784313726,0.5824184915770919,0.5181539607079446,1.8677140836811037,Medium,0.5181539607079445,Stress_Induced
282:30,0.9493670886075947,0.3076923076923084,0.5098039215686274,0.5889544392895102,0.5269774901197093,1.8677140836811037,Medium,0.5269774901197092,Stress_Induced
283:00,1.0,0.76923076923077,0.392156862745098,0.720462543991956,0.6457013574660636,2.477592807795122,High,0.6457013574660638,Stress_Induced
283:30,0.9493670886075947,0.76923076923077,0.2941176470588238,0.6709051682990629,0.5914571281287592,2.442045010210848,High,0.5914571281287593,Stress_Induced
284:00,0.9493670886075947,0.76923076923077,0.3333333333333335,0.6839770637238994,0.6091041869522885,2.442045010210848,High,0.6091041869522887,Stress_Induced
284:30,0.9493670886075947,0.76923076923077,0.31372549019607865,0.6774411160114812,0.6002806575405238,2.442045010210848,High,0.6002806575405241,Stress_Induced
285:00,0.9493670886075947,0.76923076923077,0.3529411764705883,0.6905130114363177,0.6179277163640532,2.442045010210848,High,0.6179277163640534,Stress_Induced
285:30,0.9493670886075947,0.76923076923077,0.4509803921568629,0.7231927499984092,0.6620453634228767,2.442045010210848,High,0.662045363422877,Stress_Induced
286:00,0.9493670886075947,0.76923076923077,0.4901960784313726,0.7362646454232458,0.679692422246406,2.442045010210848,High,0.6796924222464064,Stress_Induced
286:30,0.9493670886075947,0.76923076923077,0.5098039215686274,0.742800593135664,0.6885159516581707,2.442045010210848,High,0.688515951658171,Stress_Induced
287:00,0.9493670886075947,0.76923076923077,0.5294117647058822,0.7493365408480823,0.6973394810699354,2.442045010210848,High,0.6973394810699356,Stress_Induced
287:30,0.9493670886075947,0.4615384615384617,0.5490196078431375,0.653308385996398,0.5984707027893924,2.0423248290205303,Medium,0.5984707027893924,Stress_Induced
288:00,0.9493670886075947,0.4615384615384617,0.5490196078431375,0.653308385996398,0.5984707027893924,2.0423248290205303,Medium,0.5984707027893924,Stress_Induced
288:30,0.9493670886075947,0.4615384615384617,0.4313725490196081,0.6140926997218882,0.5455295263188042,2.0423248290205303,Medium,0.5455295263188041,Stress_Induced
289:00,0.9493670886075947,0.4615384615384617,0.392156862745098,0.6010208042970514,0.5278824674952747,2.0423248290205303,Medium,0.5278824674952746,Stress_Induced
289:30,0.9493670886075947,0.4615384615384617,0.4901960784313726,0.633700542859143,0.5720001145540983,2.0423248290205303,Medium,0.5720001145540982,Stress_Induced
290:00,0.9493670886075947,0.4615384615384617,0.5686274509803924,0.6598443337088162,0.6072942322011571,2.0423248290205303,Medium,0.6072942322011571,Stress_Induced
290:30,0.9493670886075947,0.4615384615384617,0.5490196078431375,0.653308385996398,0.5984707027893924,2.0423248290205303,Medium,0.5984707027893924,Stress_Induced
291:00,1.0,0.4615384615384617,0.4313725490196081,0.6309703368526899,0.5556561085972853,2.0720540720606047,Medium,0.5556561085972852,Stress_Induced
291:30,0.9493670886075947,0.4615384615384617,0.4313725490196081,0.6140926997218882,0.5455295263188042,2.0423248290205303,Medium,0.5455295263188041,Stress_Induced
292:00,0.9493670886075947,0.5384615384615392,0.47058823529411775,0.6528056207877505,0.5900996620654106,2.13565958395854,Medium,0.5900996620654108,Stress_Induced
292:30,0.9493670886075947,0.5384615384615392,0.47058823529411775,0.6528056207877505,0.5900996620654106,2.13565958395854,Medium,0.5900996620654108,Stress_Induced
293:00,1.0,0.5384615384615392,0.4901960784313726,0.6762192056309706,0.6090497737556564,2.166747460833061,Medium,0.6090497737556565,Stress_Induced
293:30,0.9493670886075947,0.5384615384615392,0.4901960784313726,0.6593415685001688,0.5989231914771753,2.13565958395854,Medium,0.5989231914771754,Stress_Induced
294:00,1.0,0.5384615384615392,0.5098039215686274,0.6827551533433889,0.6178733031674211,2.166747460833061,Medium,0.6178733031674212,Stress_Induced
294:30,0.9493670886075947,0.5384615384615392,0.5098039215686274,0.6658775162125871,0.60774672088894,2.13565958395854,Medium,0.6077467208889401,Stress_Induced
295:00,1.0,0.5384615384615392,0.4901960784313726,0.6762192056309706,0.6090497737556564,2.166747460833061,Medium,0.6090497737556565,Stress_Induced
295:30,1.0,0.5384615384615392,0.4509803921568629,0.663147310206134,0.591402714932127,2.166747460833061,Medium,0.5914027149321271,Stress_Induced
296:00,0.9493670886075947,0.5384615384615392,0.4509803921568629,0.6462696730753322,0.581276132653646,2.13565958395854,Medium,0.5812761326536461,Stress_Induced
296:30,1.0,0.5384615384615392,0.41176470588235325,0.6500754147812975,0.5737556561085977,2.166747460833061,Medium,0.5737556561085978,Stress_Induced
297:00,1.0,0.1538461538461542,0.37254901960784315,0.5087983911513324,0.4214932126696834,1.887814633239883,Medium,0.42149321266968326,Stress_Induced
297:30,1.0,0.1538461538461542,0.3529411764705883,0.5022624434389141,0.41266968325791875,1.887814633239883,Medium,0.4126696832579186,Stress_Induced
298:00,1.0,0.1538461538461542,0.41176470588235325,0.5218702865761692,0.43914027149321294,1.887814633239883,Medium,0.4391402714932128,Stress_Induced
298:30,0.9493670886075947,0.1538461538461542,0.4901960784313726,0.5311364402950405,0.4643078068617906,1.860728805315333,Medium,0.46430780686179046,Stress_Induced
299:00,1.0,0.1538461538461542,0.5294117647058822,0.5610859728506788,0.492081447963801,1.887814633239883,Medium,0.4920814479638009,Stress_Induced
299:30,1.0,0.1538461538461542,0.47058823529411775,0.541478129713424,0.46561085972850697,1.887814633239883,Medium,0.46561085972850685,Stress_Induced
300:00,1.0,0.1538461538461542,0.41176470588235325,0.5218702865761692,0.43914027149321294,1.887814633239883,Medium,0.4391402714932128,Stress_Induced
300:30,1.0,0.1538461538461542,0.4313725490196081,0.5284062342885875,0.4479638009049776,1.887814633239883,Medium,0.4479638009049775,Stress_Induced
301:00,1.0,0.1538461538461542,0.4313725490196081,0.5284062342885875,0.4479638009049776,1.887814633239883,Medium,0.4479638009049775,Stress_Induced
301:30,1.0,0.4615384615384617,0.4313725490196081,0.6309703368526899,0.5556561085972853,2.0720540720606047,Medium,0.5556561085972852,Stress_Induced
302:00,1.0,0.4615384615384617,0.41176470588235325,0.6244343891402716,0.5468325791855206,2.0720540720606047,Medium,0.5468325791855205,Stress_Induced
302:30,0.9493670886075947,0.4615384615384617,0.37254901960784315,0.5944848565846331,0.51905893808351,2.0423248290205303,Medium,0.5190589380835099,Stress_Induced
303:00,0.9493670886075947,0.4615384615384617,0.37254901960784315,0.5944848565846331,0.51905893808351,2.0423248290205303,Medium,0.5190589380835099,Stress_Induced
303:30,1.0,0.4615384615384617,0.41176470588235325,0.6244343891402716,0.5468325791855206,2.0720540720606047,Medium,0.5468325791855205,Stress_Induced
304:00,0.9493670886075947,0.4615384615384617,0.4313725490196081,0.6140926997218882,0.5455295263188042,2.0423248290205303,Medium,0.5455295263188041,Stress_Induced
304:30,0.9493670886075947,0.4615384615384617,0.47058823529411775,0.6271645951467247,0.5631765851423336,2.0423248290205303,Medium,0.5631765851423335,Stress_Induced
305:00,0.9493670886075947,0.4615384615384617,0.4901960784313726,0.633700542859143,0.5720001145540983,2.0423248290205303,Medium,0.5720001145540982,Stress_Induced
305:30,0.9493670886075947,1.0000000000000009,0.41176470588235325,0.7870439314966496,0.7251675353685783,2.64049986435569,High,0.7251675353685785,Stress_Induced
306:00,0.9493670886075947,1.0000000000000009,0.3529411764705883,0.7674360883593946,0.698696947133284,2.64049986435569,High,0.6986969471332842,Stress_Induced
306:30,0.9493670886075947,1.0000000000000009,0.4313725490196081,0.7935798792090679,0.7339910647803429,2.64049986435569,High,0.7339910647803431,Stress_Induced
307:00,0.9493670886075947,1.0000000000000009,0.4509803921568629,0.8001158269214862,0.7428145941921076,2.64049986435569,High,0.7428145941921078,Stress_Induced
307:30,0.9493670886075947,1.0000000000000009,0.4509803921568629,0.8001158269214862,0.7428145941921076,2.64049986435569,High,0.7428145941921078,Stress_Induced
308:00,0.9493670886075947,1.0000000000000009,0.4901960784313726,0.8131877223463227,0.760461653015637,2.64049986435569,High,0.7604616530156372,Stress_Induced
308:30,0.9493670886075947,1.0000000000000009,0.5098039215686274,0.819723670058741,0.7692851824274016,2.64049986435569,High,0.7692851824274018,Stress_Induced
309:00,0.9493670886075947,1.0000000000000009,0.5098039215686274,0.819723670058741,0.7692851824274016,2.64049986435569,High,0.7692851824274018,Stress_Induced
309:30,0.9493670886075947,1.0000000000000009,0.5098039215686274,0.819723670058741,0.7692851824274016,2.64049986435569,High,0.7692851824274018,Stress_Induced
310:00,0.9493670886075947,0.3076923076923084,0.5294117647058822,0.5954903870019285,0.535801019531474,1.8677140836811037,Medium,0.5358010195314739,Stress_Induced
310:30,0.9493670886075947,0.3076923076923084,0.5490196078431375,0.6020263347143469,0.5446245489432388,1.8677140836811037,Medium,0.5446245489432388,Stress_Induced
311:00,0.9493670886075947,0.3076923076923084,0.5686274509803924,0.6085622824267651,0.5534480783550034,1.8677140836811037,Medium,0.5534480783550034,Stress_Induced
311:30,0.9493670886075947,0.3076923076923084,0.5490196078431375,0.6020263347143469,0.5446245489432388,1.8677140836811037,Medium,0.5446245489432388,Stress_Induced
312:00,0.9493670886075947,0.3076923076923084,0.5294117647058822,0.5954903870019285,0.535801019531474,1.8677140836811037,Medium,0.5358010195314739,Stress_Induced
312:30,0.9493670886075947,0.3076923076923084,0.5490196078431375,0.6020263347143469,0.5446245489432388,1.8677140836811037,Medium,0.5446245489432388,Stress_Induced
313:00,0.9493670886075947,0.3076923076923084,0.5686274509803924,0.6085622824267651,0.5534480783550034,1.8677140836811037,Medium,0.5534480783550034,Stress_Induced
313:30,0.9493670886075947,0.3076923076923084,0.5686274509803924,0.6085622824267651,0.5534480783550034,1.8677140836811037,Medium,0.5534480783550034,Stress_Induced
314:00,0.9493670886075947,0.3076923076923084,0.5882352941176472,0.6150982301391834,0.5622716077667681,1.8677140836811037,Medium,0.5622716077667681,Stress_Induced
314:30,0.9493670886075947,0.3076923076923084,0.607843137254902,0.6216341778516017,0.5710951371785328,1.8677140836811037,Medium,0.5710951371785328,Stress_Induced
315:00,0.9493670886075947,0.3076923076923084,0.6274509803921569,0.62817012556402,0.5799186665902974,1.8677140836811037,Medium,0.5799186665902974,Stress_Induced
315:30,0.9493670886075947,0.3076923076923084,0.6274509803921569,0.62817012556402,0.5799186665902974,1.8677140836811037,Medium,0.5799186665902974,Stress_Induced
316:00,0.9493670886075947,0.3076923076923084,0.5686274509803924,0.6085622824267651,0.5534480783550034,1.8677140836811037,Medium,0.5534480783550034,Stress_Induced
316:30,1.0,0.3076923076923084,0.5294117647058822,0.6123680241327302,0.545927601809955,1.8949015932947209,Medium,0.5459276018099549,Stress_Induced
317:00,0.9493670886075947,0.3076923076923084,0.4313725490196081,0.5628106484398371,0.49168337247265054,1.8677140836811037,Medium,0.4916833724726505,Stress_Induced
317:30,0.9493670886075947,0.3076923076923084,0.4313725490196081,0.5628106484398371,0.49168337247265054,1.8677140836811037,Medium,0.4916833724726505,Stress_Induced
318:00,0.9493670886075947,0.3076923076923084,0.5294117647058822,0.5954903870019285,0.535801019531474,1.8677140836811037,Medium,0.5358010195314739,Stress_Induced
318:30,0.9493670886075947,0.3076923076923084,0.5882352941176472,0.6150982301391834,0.5622716077667681,1.8677140836811037,Medium,0.5622716077667681,Stress_Induced
319:00,1.0,0.3076923076923084,0.5686274509803924,0.625439919557567,0.5635746606334845,1.8949015932947209,Medium,0.5635746606334845,Stress_Induced
319:30,0.9493670886075947,0.4615384615384617,0.5098039215686274,0.6402364905715613,0.580823643965863,2.0423248290205303,Medium,0.5808236439658628,Stress_Induced
320:00,0.9493670886075947,0.4615384615384617,0.4901960784313726,0.633700542859143,0.5720001145540983,2.0423248290205303,Medium,0.5720001145540982,Stress_Induced
320:30,0.9493670886075947,0.4615384615384617,0.5294117647058822,0.6467724382839796,0.5896471733776276,2.0423248290205303,Medium,0.5896471733776275,Stress_Induced
321:00,0.9493670886075947,0.4615384615384617,0.5686274509803924,0.6598443337088162,0.6072942322011571,2.0423248290205303,Medium,0.6072942322011571,Stress_Induced
321:30,0.9493670886075947,0.4615384615384617,0.5686274509803924,0.6598443337088162,0.6072942322011571,2.0423248290205303,Medium,0.6072942322011571,Stress_Induced
322:00,0.9493670886075947,0.4615384615384617,0.5686274509803924,0.6598443337088162,0.6072942322011571,2.0423248290205303,Medium,0.6072942322011571,Stress_Induced
322:30,0.9493670886075947,0.4615384615384617,0.5882352941176472,0.6663802814212345,0.6161177616129218,2.0423248290205303,Medium,0.6161177616129218,Stress_Induced
323:00,0.9493670886075947,0.4615384615384617,0.6274509803921569,0.6794521768460711,0.6337648204364511,2.0423248290205303,Medium,0.6337648204364511,Stress_Induced
323:30,0.9493670886075947,0.4615384615384617,0.5686274509803924,0.6598443337088162,0.6072942322011571,2.0423248290205303,Medium,0.6072942322011571,Stress_Induced
324:00,0.9493670886075947,0.384615384615385,0.5294117647058822,0.621131412642954,0.5627240964545508,1.9530690839325797,Medium,0.5627240964545507,Stress_Induced
324:30,0.9493670886075947,0.384615384615385,0.5294117647058822,0.621131412642954,0.5627240964545508,1.9530690839325797,Medium,0.5627240964545507,Stress_Induced
325:00,0.9493670886075947,0.384615384615385,0.5490196078431375,0.6276673603553724,0.5715476258663156,1.9530690839325797,Medium,0.5715476258663156,Stress_Induced
325:30,0.9493670886075947,0.384615384615385,0.4901960784313726,0.6080595172181175,0.5450770376310214,1.9530690839325797,Medium,0.5450770376310213,Stress_Induced
326:00,0.9493670886075947,0.384615384615385,0.4313725490196081,0.5884516740808626,0.5186064493957274,1.9530690839325797,Medium,0.5186064493957273,Stress_Induced
326:30,0.9493670886075947,0.384615384615385,0.4901960784313726,0.6080595172181175,0.5450770376310214,1.9530690839325797,Medium,0.5450770376310213,Stress_Induced
327:00,0.9493670886075947,0.384615384615385,0.5294117647058822,0.621131412642954,0.5627240964545508,1.9530690839325797,Medium,0.5627240964545507,Stress_Induced
327:30,0.9493670886075947,0.384615384615385,0.5098039215686274,0.6145954649305357,0.5539005670427861,1.9530690839325797,Medium,0.553900567042786,Stress_Induced
328:00,0.9493670886075947,0.384615384615385,0.5098039215686274,0.6145954649305357,0.5539005670427861,1.9530690839325797,Medium,0.553900567042786,Stress_Induced
328:30,0.9493670886075947,0.76923076923077,0.47058823529411775,0.7297286977108275,0.6708688928346414,2.442045010210848,High,0.6708688928346417,Stress_Induced
329:00,0.9493670886075947,0.76923076923077,0.4509803921568629,0.7231927499984092,0.6620453634228767,2.442045010210848,High,0.662045363422877,Stress_Induced
329:30,0.9493670886075947,0.76923076923077,0.5294117647058822,0.7493365408480823,0.6973394810699354,2.442045010210848,High,0.6973394810699356,Stress_Induced
330:00,0.9029535864978939,0.76923076923077,0.5490196078431375,0.7404013211906005,0.6968803100597601,2.409907755280809,High,0.6968803100597604,Stress_Induced
330:30,0.9493670886075947,0.76923076923077,0.5686274509803924,0.762408436272919,0.714986539893465,2.442045010210848,High,0.7149865398934652,Stress_Induced
331:00,0.9493670886075947,0.76923076923077,0.5882352941176472,0.7689443839853373,0.7238100693052296,2.442045010210848,High,0.7238100693052298,Stress_Induced
331:30,0.9493670886075947,0.76923076923077,0.5686274509803924,0.762408436272919,0.714986539893465,2.442045010210848,High,0.7149865398934652,Stress_Induced
332:00,0.9493670886075947,0.76923076923077,0.5882352941176472,0.7689443839853373,0.7238100693052296,2.442045010210848,High,0.7238100693052298,Stress_Induced
332:30,0.9493670886075947,0.9230769230769234,0.5882352941176472,0.8202264352673884,0.7776562231513833,2.64049986435569,High,0.7776562231513836,Stress_Induced
333:00,0.9493670886075947,0.9230769230769234,0.5882352941176472,0.8202264352673884,0.7776562231513833,2.64049986435569,High,0.7776562231513836,Stress_Induced
333:30,0.9029535864978939,0.9230769230769234,0.5294117647058822,0.7851474247602331,0.7419029344941489,2.6057509482101167,High,0.7419029344941492,Stress_Induced
334:00,0.9029535864978939,0.9230769230769234,0.41176470588235325,0.7459317384857235,0.6889617580235609,2.6057509482101167,High,0.6889617580235612,Stress_Induced
334:30,0.9493670886075947,0.9230769230769234,0.2941176470588238,0.722187219581114,0.6453032819749128,2.64049986435569,High,0.645303281974913,Stress_Induced
335:00,0.9493670886075947,0.9230769230769234,0.2549019607843137,0.7091153241562772,0.6276562231513833,2.64049986435569,High,0.6276562231513835,Stress_Induced
335:30,0.9029535864978939,0.9230769230769234,0.3529411764705883,0.7263238953484685,0.6624911697882667,2.6057509482101167,High,0.6624911697882669,Stress_Induced
336:00,0.9493670886075947,0.9230769230769234,0.4313725490196081,0.767938853568042,0.7070679878572657,2.64049986435569,High,0.707067987857266,Stress_Induced
336:30,0.9029535864978939,0.9230769230769234,0.47058823529411775,0.7655395816229783,0.7154323462588549,2.6057509482101167,High,0.7154323462588552,Stress_Induced
337:00,0.9029535864978939,0.5384615384615392,0.4901960784313726,0.6438704011302686,0.5896404910552352,2.107554354035882,Medium,0.5896404910552353,Stress_Induced
337:30,0.9029535864978939,0.5384615384615392,0.4901960784313726,0.6438704011302686,0.5896404910552352,2.107554354035882,Medium,0.5896404910552353,Stress_Induced
338:00,0.9029535864978939,0.5384615384615392,0.5098039215686274,0.6504063488426869,0.5984640204669999,2.107554354035882,Medium,0.598464020467,Stress_Induced
338:30,0.9029535864978939,0.5384615384615392,0.5294117647058822,0.6569422965551052,0.6072875498787645,2.107554354035882,Medium,0.6072875498787647,Stress_Induced
339:00,0.9029535864978939,0.5384615384615392,0.5490196078431375,0.6634782442675236,0.6161110792905293,2.107554354035882,Medium,0.6161110792905296,Stress_Induced
339:30,0.9029535864978939,0.5384615384615392,0.5490196078431375,0.6634782442675236,0.6161110792905293,2.107554354035882,Medium,0.6161110792905296,Stress_Induced
340:00,0.9029535864978939,0.5384615384615392,0.5490196078431375,0.6634782442675236,0.6161110792905293,2.107554354035882,Medium,0.6161110792905296,Stress_Induced
340:30,0.9029535864978939,0.5384615384615392,0.5294117647058822,0.6569422965551052,0.6072875498787645,2.107554354035882,Medium,0.6072875498787647,Stress_Induced
341:00,0.9029535864978939,0.5384615384615392,0.5294117647058822,0.6569422965551052,0.6072875498787645,2.107554354035882,Medium,0.6072875498787647,Stress_Induced
341:30,0.9029535864978939,0.5384615384615392,0.5098039215686274,0.6504063488426869,0.5984640204669999,2.107554354035882,Medium,0.598464020467,Stress_Induced
342:00,0.9029535864978939,0.1538461538461542,0.5098039215686274,0.5222012206375585,0.46384863585161507,1.836241657976913,Medium,0.46384863585161495,Stress_Induced
342:30,0.9029535864978939,0.1538461538461542,0.5490196078431375,0.5352731160623952,0.48149569467514464,1.836241657976913,Medium,0.4814956946751445,Stress_Induced
343:00,0.9029535864978939,0.1538461538461542,0.5490196078431375,0.5352731160623952,0.48149569467514464,1.836241657976913,Medium,0.4814956946751445,Stress_Induced
343:30,0.9029535864978939,0.1538461538461542,0.5294117647058822,0.5287371683499767,0.47267216526337974,1.836241657976913,Medium,0.47267216526337963,Stress_Induced
344:00,0.9029535864978939,0.1538461538461542,0.5098039215686274,0.5222012206375585,0.46384863585161507,1.836241657976913,Medium,0.46384863585161495,Stress_Induced
344:30,0.8565400843881861,0.1538461538461542,0.4901960784313726,0.5001941055552376,0.4457424060179088,1.812076760921852,Medium,0.4457424060179087,Stress_Induced
345:00,0.8565400843881861,0.1538461538461542,0.47058823529411775,0.49365815784281936,0.43691887660614415,1.812076760921852,Medium,0.43691887660614404,Stress_Induced
345:30,0.8565400843881861,0.1538461538461542,0.41176470588235325,0.4740503147055645,0.4104482883708501,1.812076760921852,Medium,0.41044828837085,Stress_Induced
346:00,0.8565400843881861,0.6153846153846159,0.392156862745098,0.6213605208392999,0.5631632204975469,2.1748672356619236,Medium,0.563163220497547,Stress_Induced
346:30,0.8565400843881861,0.6153846153846159,0.4313725490196081,0.6344324162641367,0.5808102793210764,2.1748672356619236,Medium,0.5808102793210765,Stress_Induced
347:00,0.8565400843881861,0.6153846153846159,0.4509803921568629,0.640968363976555,0.5896338087328411,2.1748672356619236,Medium,0.5896338087328412,Stress_Induced
347:30,0.8565400843881861,0.6153846153846159,0.41176470588235325,0.6278964685517184,0.5719867499093118,2.1748672356619236,Medium,0.5719867499093119,Stress_Induced
348:00,0.8565400843881861,0.6153846153846159,0.392156862745098,0.6213605208392999,0.5631632204975469,2.1748672356619236,Medium,0.563163220497547,Stress_Induced
348:30,0.8565400843881861,0.6153846153846159,0.4509803921568629,0.640968363976555,0.5896338087328411,2.1748672356619236,Medium,0.5896338087328412,Stress_Induced
349:00,0.8565400843881861,0.6153846153846159,0.4901960784313726,0.6540402594013915,0.6072808675563705,2.1748672356619236,Medium,0.6072808675563706,Stress_Induced
349:30,0.8565400843881861,0.6153846153846159,0.4509803921568629,0.640968363976555,0.5896338087328411,2.1748672356619236,Medium,0.5896338087328412,Stress_Induced
350:00,0.8565400843881861,0.6153846153846159,0.2941176470588238,0.5886807822772085,0.5190455734387235,2.1748672356619236,Medium,0.5190455734387236,Stress_Induced
350:30,0.8565400843881861,0.5384615384615392,0.13725490196078427,0.5107521749368366,0.4215342612215288,1.5838490420493192,Low,0.4215342612215289,Stress_Induced
351:00,0.8565400843881861,0.5384615384615392,0.11764705882352944,0.5042162272244183,0.41271073180976414,1.4953300768717173,Low,0.4127107318097642,Stress_Induced
351:30,0.8565400843881861,0.5384615384615392,0.1960784313725492,0.5303600180740915,0.44800484945682306,1.882105391675939,Medium,0.44800484945682306,Stress_Induced
352:00,0.8565400843881861,0.5384615384615392,0.2941176470588238,0.563039756636183,0.49212249651564666,2.079818988278341,Medium,0.49212249651564666,Stress_Induced
352:30,0.8565400843881861,0.5384615384615392,0.2941176470588238,0.563039756636183,0.49212249651564666,2.079818988278341,Medium,0.49212249651564666,Stress_Induced
353:00,0.8101265822784853,0.5384615384615392,0.27450980392156854,0.5410326415538643,0.47401626668194163,2.0524486192822073,Medium,0.4740162666819417,Stress_Induced
353:30,0.8101265822784853,0.5384615384615392,0.2941176470588238,0.5475685892662828,0.48283979609370653,2.0524486192822073,Medium,0.48283979609370653,Stress_Induced
354:00,0.8101265822784853,0.5384615384615392,0.31372549019607865,0.5541045369787011,0.4916633255054712,2.0524486192822073,Medium,0.49166332550547126,Stress_Induced
354:30,0.8101265822784853,0.5384615384615392,0.2941176470588238,0.5475685892662828,0.48283979609370653,2.0524486192822073,Medium,0.48283979609370653,Stress_Induced
355:00,0.8101265822784853,0.5384615384615392,0.2549019607843137,0.534496693841446,0.46519273727017696,2.0524486192822073,Medium,0.465192737270177,Stress_Induced
355:30,0.8101265822784853,0.23076923076923084,0.2941176470588238,0.44500448670218,0.37514748840139855,1.7882298733440032,Medium,0.37514748840139844,Stress_Induced
356:00,0.8101265822784853,0.23076923076923084,0.31372549019607865,0.4515404344145983,0.38397101781316323,1.7882298733440032,Medium,0.3839710178131631,Stress_Induced
356:30,0.8101265822784853,0.23076923076923084,0.2941176470588238,0.44500448670218,0.37514748840139855,1.7882298733440032,Medium,0.37514748840139844,Stress_Induced
357:00,0.8101265822784853,0.23076923076923084,0.31372549019607865,0.4515404344145983,0.38397101781316323,1.7882298733440032,Medium,0.3839710178131631,Stress_Induced
357:30,0.8101265822784853,0.23076923076923084,0.3333333333333335,0.45807638212701657,0.3927945472249279,1.7882298733440032,Medium,0.3927945472249278,Stress_Induced
358:00,0.7594936708860729,0.23076923076923084,0.3529411764705883,0.4477346927086307,0.3914914943582101,1.7625728592568641,Medium,0.39149149435821,Stress_Induced
358:30,0.8101265822784853,0.23076923076923084,0.3529411764705883,0.46461232983943485,0.4016180766366926,1.7882298733440032,Medium,0.40161807663669247,Stress_Induced
359:00,0.8101265822784853,0.23076923076923084,0.3333333333333335,0.45807638212701657,0.3927945472249279,1.7882298733440032,Medium,0.3927945472249278,Stress_Induced
359:30,0.7594936708860729,0.23076923076923084,0.3333333333333335,0.4411987449962124,0.38266796494644545,1.7625728592568641,Medium,0.38266796494644534,Stress_Induced
360:00,0.7594936708860729,0.1538461538461542,0.3529411764705883,0.42209366706760515,0.3645684174351333,1.7625728592568641,Medium,0.36456841743513313,Stress_Induced
360:30,0.7594936708860729,0.1538461538461542,0.37254901960784315,0.4286296147800234,0.37339194684689797,1.7625728592568641,Medium,0.3733919468468978,Stress_Induced
361:00,0.7594936708860729,0.1538461538461542,0.37254901960784315,0.4286296147800234,0.37339194684689797,1.7625728592568641,Medium,0.3733919468468978,Stress_Induced
361:30,0.7594936708860729,0.1538461538461542,0.31372549019607865,0.4090217716427686,0.34692135861160395,1.7625728592568641,Medium,0.3469213586116038,Stress_Induced
362:00,0.7594936708860729,0.1538461538461542,0.21568627450980404,0.37634203308067704,0.3028037115527804,1.6894377566928678,Medium,0.3028037115527802,Stress_Induced
362:30,0.7594936708860729,0.1538461538461542,0.23529411764705888,0.3828779807930953,0.3116272409645451,1.7625728592568641,Medium,0.31162724096454486,Stress_Induced
363:00,0.7594936708860729,0.1538461538461542,0.2941176470588238,0.4024858239303503,0.3380978291998393,1.7625728592568641,Medium,0.3380978291998391,Stress_Induced
363:30,0.7594936708860729,0.1538461538461542,0.3333333333333335,0.41555771935518687,0.3557448880233686,1.7625728592568641,Medium,0.35574488802336846,Stress_Induced
364:00,0.7130801687763721,0.1538461538461542,0.3529411764705883,0.40662249969770486,0.3552857170131931,1.7393774418612549,Medium,0.355285717013193,Stress_Induced
364:30,0.7130801687763721,0.1538461538461542,0.3529411764705883,0.40662249969770486,0.3552857170131931,1.7393774418612549,Medium,0.355285717013193,Stress_Induced
365:00,0.7130801687763721,0.0,0.37254901960784315,0.36187639612807176,0.31026309257880386,1.7393774418612549,Medium,0.31026309257880363,Stress_Induced
365:30,0.7130801687763721,0.0,0.392156862745098,0.36841234384049004,0.31908662199056853,1.7393774418612549,Medium,0.3190866219905683,Stress_Induced
366:00,0.7130801687763721,0.0,0.3333333333333335,0.3488045007032352,0.2926160337552745,1.7393774418612549,Medium,0.2926160337552743,Stress_Induced
366:30,0.7130801687763721,0.0,0.2549019607843137,0.32266070985356193,0.2573219161082156,1.7393774418612549,Medium,0.25732191610821536,Stress_Induced
367:00,0.7130801687763721,0.0,0.27450980392156854,0.3291966575659802,0.26614544551998026,1.7393774418612549,Medium,0.26614544551998004,Stress_Induced
367:30,0.7130801687763721,0.0,0.31372549019607865,0.34226855299081693,0.28379250434350983,1.7393774418612549,Medium,0.2837925043435096,Stress_Induced
368:00,0.7130801687763721,0.0,0.3333333333333335,0.3488045007032352,0.2926160337552745,1.7393774418612549,Medium,0.2926160337552743,Stress_Induced
368:30,0.7130801687763721,0.0,0.31372549019607865,0.34226855299081693,0.28379250434350983,1.7393774418612549,Medium,0.2837925043435096,Stress_Induced
369:00,0.6666666666666643,0.0,0.3333333333333335,0.3333333333333326,0.28333333333333294,1.7164872756133214,Medium,0.2833333333333327,Stress_Induced
369:30,0.6666666666666643,0.1538461538461542,0.37254901960784315,0.3976872800402205,0.3548265460030162,1.7164872756133214,Medium,0.3548265460030161,Stress_Induced
370:00,0.6666666666666643,0.1538461538461542,0.392156862745098,0.4042232277526388,0.3636500754147809,1.7164872756133214,Medium,0.3636500754147808,Stress_Induced
370:30,0.6666666666666643,0.1538461538461542,0.41176470588235325,0.41075917546505725,0.3724736048265458,1.7164872756133214,Medium,0.3724736048265457,Stress_Induced
371:00,0.6666666666666643,0.1538461538461542,0.41176470588235325,0.41075917546505725,0.3724736048265458,1.7164872756133214,Medium,0.3724736048265457,Stress_Induced
371:30,0.6666666666666643,0.1538461538461542,0.41176470588235325,0.41075917546505725,0.3724736048265458,1.7164872756133214,Medium,0.3724736048265457,Stress_Induced
372:00,0.6666666666666643,0.1538461538461542,0.4313725490196081,0.4172951231774755,0.38129713423831046,1.7164872756133214,Medium,0.38129713423831035,Stress_Induced
372:30,0.6202531645569636,0.1538461538461542,0.41176470588235325,0.395288008095157,0.36319090440460566,1.6938983434151427,Medium,0.3631909044046055,Stress_Induced
373:00,0.6202531645569636,0.1538461538461542,0.392156862745098,0.3887520603827386,0.35436737499284077,1.6938983434151427,Medium,0.3543673749928406,Stress_Induced
373:30,0.6202531645569636,0.1538461538461542,0.41176470588235325,0.395288008095157,0.36319090440460566,1.6938983434151427,Medium,0.3631909044046055,Stress_Induced
374:00,0.6202531645569636,0.5384615384615392,0.4313725490196081,0.5300290840127037,0.506629818431755,1.9441791952873972,Medium,0.5066298184317551,Stress_Induced
374:30,0.6202531645569636,0.5384615384615392,0.41176470588235325,0.5234931363002854,0.4978062890199904,1.9441791952873972,Medium,0.4978062890199904,Stress_Induced
375:00,0.6202531645569636,0.5384615384615392,0.41176470588235325,0.5234931363002854,0.4978062890199904,1.9441791952873972,Medium,0.4978062890199904,Stress_Induced
375:30,0.6202531645569636,0.5384615384615392,0.41176470588235325,0.5234931363002854,0.4978062890199904,1.9441791952873972,Medium,0.4978062890199904,Stress_Induced
376:00,0.6202531645569636,0.5384615384615392,0.41176470588235325,0.5234931363002854,0.4978062890199904,1.9441791952873972,Medium,0.4978062890199904,Stress_Induced
376:30,0.6202531645569636,0.5384615384615392,0.4313725490196081,0.5300290840127037,0.506629818431755,1.9441791952873972,Medium,0.5066298184317551,Stress_Induced
377:00,0.6202531645569636,0.5384615384615392,0.4509803921568629,0.5365650317251219,0.5154533478435197,1.9441791952873972,Medium,0.5154533478435198,Stress_Induced
377:30,0.6202531645569636,0.5384615384615392,0.47058823529411775,0.5431009794375402,0.5242768772552844,1.9441791952873972,Medium,0.5242768772552845,Stress_Induced
378:00,0.6202531645569636,0.5384615384615392,0.392156862745098,0.5169571885878669,0.48898275960822557,1.9441791952873972,Medium,0.48898275960822557,Stress_Induced
378:30,0.6202531645569636,0.6153846153846159,0.3529411764705883,0.5295263188040559,0.49825877770777305,2.0330286702432248,Medium,0.49825877770777305,Stress_Induced
379:00,0.5738396624472557,0.6153846153846159,0.3529411764705883,0.5140551514341533,0.4889760772858315,2.006274060732545,Medium,0.4889760772858315,Stress_Induced
379:30,0.5738396624472557,0.6153846153846159,0.31372549019607865,0.5009832560093167,0.47132901846230213,2.006274060732545,Medium,0.47132901846230213,Stress_Induced
380:00,0.5738396624472557,0.6153846153846159,0.3333333333333335,0.507519203721735,0.4801525478740668,2.006274060732545,Medium,0.4801525478740668,Stress_Induced
380:30,0.5738396624472557,0.6153846153846159,0.3529411764705883,0.5140551514341533,0.4889760772858315,2.006274060732545,Medium,0.4889760772858315,Stress_Induced
381:00,0.5738396624472557,0.6153846153846159,0.3333333333333335,0.507519203721735,0.4801525478740668,2.006274060732545,Medium,0.4801525478740668,Stress_Induced
381:30,0.5738396624472557,0.6153846153846159,0.27450980392156854,0.48791136058448004,0.45368195963877256,2.006274060732545,Medium,0.45368195963877256,Stress_Induced
382:00,0.5738396624472557,0.6153846153846159,0.21568627450980404,0.4683035174472252,0.42721137140347853,1.9230269720050903,Medium,0.42721137140347853,Stress_Induced
382:30,0.5738396624472557,0.6153846153846159,0.27450980392156854,0.48791136058448004,0.45368195963877256,2.006274060732545,Medium,0.45368195963877256,Stress_Induced
383:00,0.5232067510548575,0.76923076923077,0.31372549019607865,0.5353876701605688,0.5150485900299764,2.1623620680636777,Medium,0.5150485900299765,Stress_Induced
383:30,0.5232067510548575,0.76923076923077,0.2941176470588238,0.5288517224481505,0.5062250606182117,2.1623620680636777,Medium,0.5062250606182118,Stress_Induced
384:00,0.5232067510548575,0.76923076923077,0.27450980392156854,0.522315774735732,0.4974015312064468,2.1623620680636777,Medium,0.497401531206447,Stress_Induced
384:30,0.5232067510548575,0.76923076923077,0.2941176470588238,0.5288517224481505,0.5062250606182117,2.1623620680636777,Medium,0.5062250606182118,Stress_Induced
385:00,0.5232067510548575,0.76923076923077,0.31372549019607865,0.5353876701605688,0.5150485900299764,2.1623620680636777,Medium,0.5150485900299765,Stress_Induced
385:30,0.5232067510548575,0.76923076923077,0.3333333333333335,0.541923617872987,0.5238721194417411,2.1623620680636777,Medium,0.5238721194417412,Stress_Induced
386:00,0.5232067510548575,0.76923076923077,0.31372549019607865,0.5353876701605688,0.5150485900299764,2.1623620680636777,Medium,0.5150485900299765,Stress_Induced
386:30,0.5232067510548575,0.76923076923077,0.2549019607843137,0.5157798270233137,0.48857800179468214,2.1623620680636777,Medium,0.4885780017946823,Stress_Induced
387:00,0.47679324894515673,0.76923076923077,0.1960784313725492,0.48070081651615865,0.452824713137448,1.9310502238125904,Medium,0.4528247131374481,Stress_Induced
387:30,0.47679324894515673,0.384615384615385,0.21568627450980404,0.3590316360234486,0.3270328579338279,1.635815156964613,Medium,0.32703285793382786,Stress_Induced
388:00,0.47679324894515673,0.384615384615385,0.23529411764705888,0.3655675837358669,0.3358563873455926,1.7066289580687966,Medium,0.33585638734559253,Stress_Induced
388:30,0.47679324894515673,0.384615384615385,0.27450980392156854,0.37863947916070345,0.35350344616912194,1.7066289580687966,Medium,0.3535034461691218,Stress_Induced
389:00,0.47679324894515673,0.384615384615385,0.2941176470588238,0.38517542687312184,0.36232697558088683,1.7066289580687966,Medium,0.3623269755808867,Stress_Induced
389:30,0.47679324894515673,0.384615384615385,0.31372549019607865,0.3917113745855401,0.3711505049926515,1.7066289580687966,Medium,0.3711505049926514,Stress_Induced
390:00,0.47679324894515673,0.384615384615385,0.3333333333333335,0.3982473222979584,0.3799740344044162,1.7066289580687966,Medium,0.3799740344044161,Stress_Induced
390:30,0.4303797468354489,0.384615384615385,0.3333333333333335,0.3827761549280558,0.3706913339824746,1.6841697610977642,Medium,0.3706913339824745,Stress_Induced
391:00,0.4303797468354489,0.384615384615385,0.3333333333333335,0.3827761549280558,0.3706913339824746,1.6841697610977642,Medium,0.3706913339824745,Stress_Induced
391:30,0.4303797468354489,0.384615384615385,0.3529411764705883,0.38931210264047406,0.3795148633942393,1.6841697610977642,Medium,0.3795148633942392,Stress_Induced
392:00,0.4303797468354489,0.6923076923076925,0.37254901960784315,0.49841215291699487,0.4960307004983116,2.0137924697361864,Medium,0.49603070049831166,Stress_Induced
392:30,0.4303797468354489,0.6923076923076925,0.392156862745098,0.5049481006294131,0.5048542299100762,2.0137924697361864,Medium,0.5048542299100763,Stress_Induced
393:00,0.4303797468354489,0.6923076923076925,0.392156862745098,0.5049481006294131,0.5048542299100762,2.0137924697361864,Medium,0.5048542299100763,Stress_Induced
393:30,0.4303797468354489,0.6923076923076925,0.392156862745098,0.5049481006294131,0.5048542299100762,2.0137924697361864,Medium,0.5048542299100763,Stress_Induced
394:00,0.4303797468354489,0.6923076923076925,0.392156862745098,0.5049481006294131,0.5048542299100762,2.0137924697361864,Medium,0.5048542299100763,Stress_Induced
394:30,0.4303797468354489,0.6923076923076925,0.41176470588235325,0.5114840483418316,0.5136777593218411,2.0137924697361864,Medium,0.5136777593218412,Stress_Induced
395:00,0.4303797468354489,0.6923076923076925,0.41176470588235325,0.5114840483418316,0.5136777593218411,2.0137924697361864,Medium,0.5136777593218412,Stress_Induced
395:30,0.38396624472574814,0.6923076923076925,0.3333333333333335,0.469869090122258,0.4691009412528421,1.9872910081720045,Medium,0.4691009412528422,Stress_Induced
396:00,0.38396624472574814,0.6923076923076925,0.2549019607843137,0.4437252992725848,0.43380682360578315,1.9872910081720045,Medium,0.43380682360578326,Stress_Induced
396:30,0.38396624472574814,0.6923076923076925,0.27450980392156854,0.4502612469850031,0.44263035301754783,1.9872910081720045,Medium,0.44263035301754794,Stress_Induced
397:00,0.38396624472574814,0.23076923076923084,0.2941176470588238,0.3029510408512676,0.28991542089085115,1.5834271812883272,Low,0.289915420890851,Stress_Induced
397:30,0.38396624472574814,0.23076923076923084,0.2549019607843137,0.2898791454264309,0.27226836206732163,1.5834271812883272,Low,0.2722683620673214,Stress_Induced
398:00,0.38396624472574814,0.23076923076923084,0.27450980392156854,0.2964150931388492,0.2810918914790863,1.5834271812883272,Low,0.2810918914790861,Stress_Induced
398:30,0.38396624472574814,0.23076923076923084,0.27450980392156854,0.2964150931388492,0.2810918914790863,1.5834271812883272,Low,0.2810918914790861,Stress_Induced
399:00,0.3333333333333357,0.23076923076923084,0.1568627450980391,0.24032176973353522,0.21802413273001553,1.2650202620604838,Low,0.21802413273001536,Stress_Induced
399:30,0.3333333333333357,0.23076923076923084,0.03921568627451011,0.20110608345902556,0.16508295625942748,1.0,Low,0.1650829562594273,Stress_Induced
400:00,0.3333333333333357,0.23076923076923084,0.0,0.18803418803418884,0.1474358974358979,1.0,Low,0.14743589743589774,Stress_Induced
400:30,0.3333333333333357,0.23076923076923084,0.0,0.18803418803418884,0.1474358974358979,1.0,Low,0.14743589743589774,Stress_Induced
401:00,0.3333333333333357,0.76923076923077,0.03921568627451011,0.38059326294620527,0.3535444947209662,1.312413180918646,Low,0.3535444947209663,Stress_Induced
401:30,0.3333333333333357,0.76923076923077,0.0980392156862746,0.4002011060834601,0.38001508295626024,1.3971335209266116,Low,0.3800150829562603,Stress_Induced
402:00,0.3333333333333357,0.76923076923077,0.13725490196078427,0.41327300150829666,0.3976621417797896,1.5674415238626576,Low,0.39766214177978965,Stress_Induced
402:30,0.3333333333333357,0.76923076923077,0.17647058823529438,0.4263448969331334,0.4153092006033191,1.758509758680357,Medium,0.4153092006033192,Stress_Induced
403:00,0.28691983122363496,0.76923076923077,0.1960784313725492,0.4174096772756514,0.41485002959314365,1.8626081557504865,Medium,0.41485002959314377,Stress_Induced
403:30,0.28691983122363496,0.76923076923077,0.1568627450980391,0.4043377818508147,0.3972029707696141,1.6602292660573388,Medium,0.3972029707696142,Stress_Induced
404:00,0.28691983122363496,0.76923076923077,0.11764705882352944,0.39126588642597815,0.37955591194608473,1.4798395504516049,Low,0.37955591194608485,Stress_Induced
404:30,0.28691983122363496,0.76923076923077,0.13725490196078427,0.3978018341383964,0.3883794413578494,1.5674415238626576,Low,0.3883794413578495,Stress_Induced
405:00,0.28691983122363496,0.76923076923077,0.17647058823529438,0.41087372956323315,0.406026500181379,1.758509758680357,Medium,0.4060265001813791,Stress_Induced
405:30,0.2405063291139271,0.384615384615385,0.21568627450980404,0.2802693294130387,0.27977547396758196,1.5778370832048603,Low,0.2797754739675819,Stress_Induced
406:00,0.2405063291139271,0.384615384615385,0.23529411764705888,0.286805277125457,0.28859900337934663,1.6461410360745738,Medium,0.2885990033793466,Stress_Induced
406:30,0.28691983122363496,0.384615384615385,0.23529411764705888,0.3022764444953596,0.2978817038012882,1.6461410360745738,Medium,0.29788170380128814,Stress_Induced
407:00,0.2405063291139271,0.384615384615385,0.23529411764705888,0.286805277125457,0.28859900337934663,1.6461410360745738,Medium,0.2885990033793466,Stress_Induced
407:30,0.28691983122363496,0.384615384615385,0.17647058823529438,0.2826686013581048,0.2714111155659942,1.4063995663928448,Low,0.2714111155659941,Stress_Induced
408:00,0.2405063291139271,0.384615384615385,0.1568627450980391,0.2606614862757837,0.2533048857322878,1.3277979882511266,Low,0.25330488573228765,Stress_Induced
408:30,0.2405063291139271,0.384615384615385,0.1960784313725492,0.27373338170062045,0.2709519445558173,1.4896541174574274,Low,0.2709519445558172,Stress_Induced
409:00,0.2405063291139271,0.384615384615385,0.21568627450980404,0.2802693294130387,0.27977547396758196,1.5778370832048603,Low,0.2797754739675819,Stress_Induced
409:30,0.2405063291139271,0.384615384615385,0.23529411764705888,0.286805277125457,0.28859900337934663,1.6461410360745738,Medium,0.2885990033793466,Stress_Induced
410:00,0.2405063291139271,0.384615384615385,0.17647058823529438,0.26719743398820217,0.2621284151440526,1.4063995663928448,Low,0.26212841514405255,Stress_Induced
410:30,0.2405063291139271,0.384615384615385,0.1568627450980391,0.2606614862757837,0.2533048857322878,1.3277979882511266,Low,0.25330488573228765,Stress_Induced
411:00,0.2405063291139271,0.384615384615385,0.1960784313725492,0.27373338170062045,0.2709519445558173,1.4896541174574274,Low,0.2709519445558172,Stress_Induced
411:30,0.18987341772152178,0.384615384615385,0.21568627450980404,0.26339169228223697,0.2696488916891009,1.5778370832048603,Low,0.26964889168910083,Stress_Induced
412:00,0.18987341772152178,0.384615384615385,0.23529411764705888,0.26992763999465524,0.27847242110086556,1.6461410360745738,Medium,0.2784724211008655,Stress_Induced
412:30,0.18987341772152178,0.384615384615385,0.2549019607843137,0.2764635877070735,0.28729595051263024,1.6461410360745738,Medium,0.2872959505126302,Stress_Induced
413:00,0.18987341772152178,0.384615384615385,0.27450980392156854,0.2829995354194918,0.2961194799243949,1.6461410360745738,Medium,0.29611947992439486,Stress_Induced
413:30,0.18987341772152178,0.384615384615385,0.27450980392156854,0.2829995354194918,0.2961194799243949,1.6461410360745738,Medium,0.29611947992439486,Stress_Induced
414:00,0.18987341772152178,0.384615384615385,0.2549019607843137,0.2764635877070735,0.28729595051263024,1.6461410360745738,Medium,0.2872959505126302,Stress_Induced
414:30,0.18987341772152178,0.76923076923077,0.2549019607843137,0.4046687159122018,0.42191133512801504,2.058273584032626,Medium,0.42191133512801515,Stress_Induced
415:00,0.18987341772152178,0.76923076923077,0.17647058823529438,0.3785249250625287,0.38661721748095634,1.758509758680357,Medium,0.38661721748095645,Stress_Induced
415:30,0.18987341772152178,0.76923076923077,0.1568627450980391,0.37198897735011033,0.37779368806919145,1.6602292660573388,Medium,0.37779368806919156,Stress_Induced
416:00,0.18987341772152178,0.76923076923077,0.1568627450980391,0.37198897735011033,0.37779368806919145,1.6602292660573388,Medium,0.37779368806919156,Stress_Induced
416:30,0.14345991561182103,0.76923076923077,0.1568627450980391,0.35651780998021004,0.3685109876472513,1.6602292660573388,Medium,0.3685109876472514,Stress_Induced
417:00,0.14345991561182103,0.76923076923077,0.1960784313725492,0.36958970540504676,0.38615804647078084,1.8626081557504865,Medium,0.38615804647078095,Stress_Induced
417:30,0.14345991561182103,0.76923076923077,0.23529411764705888,0.3826616008298833,0.4038051052943102,2.058273584032626,Medium,0.4038051052943103,Stress_Induced
418:00,0.14345991561182103,0.76923076923077,0.23529411764705888,0.3826616008298833,0.4038051052943102,2.058273584032626,Medium,0.4038051052943103,Stress_Induced
418:30,0.14345991561182103,0.76923076923077,0.2549019607843137,0.3891975485423016,0.41262863470607486,2.058273584032626,Medium,0.41262863470607497,Stress_Induced
419:00,0.14345991561182103,0.6153846153846159,0.27450980392156854,0.3444514449726685,0.3676060102716856,1.8822992828276832,Medium,0.3676060102716856,Stress_Induced
419:30,0.14345991561182103,0.6153846153846159,0.2941176470588238,0.3509873926850869,0.3764295396834505,1.8822992828276832,Medium,0.3764295396834505,Stress_Induced
420:00,0.14345991561182103,0.6153846153846159,0.2941176470588238,0.3509873926850869,0.3764295396834505,1.8822992828276832,Medium,0.3764295396834505,Stress_Induced
420:30,0.14345991561182103,0.6153846153846159,0.2941176470588238,0.3509873926850869,0.3764295396834505,1.8822992828276832,Medium,0.3764295396834505,Stress_Induced
421:00,0.14345991561182103,0.6153846153846159,0.31372549019607865,0.35752334039750516,0.3852530690952152,1.8822992828276832,Medium,0.3852530690952152,Stress_Induced
421:30,0.14345991561182103,0.6153846153846159,0.31372549019607865,0.35752334039750516,0.3852530690952152,1.8822992828276832,Medium,0.3852530690952152,Stress_Induced
422:00,0.14345991561182103,0.6153846153846159,0.3333333333333335,0.36405928810992344,0.39407659850697985,1.8822992828276832,Medium,0.39407659850697985,Stress_Induced
422:30,0.14345991561182103,0.6153846153846159,0.3529411764705883,0.3705952358223417,0.4029001279187445,1.8822992828276832,Medium,0.4029001279187445,Stress_Induced
423:00,0.14345991561182103,0.6153846153846159,0.37254901960784315,0.37713118353476,0.4117236573305092,1.8822992828276832,Medium,0.4117236573305092,Stress_Induced
423:30,0.14345991561182103,0.6153846153846159,0.392156862745098,0.3836671312471783,0.42054718674227387,1.8822992828276832,Medium,0.42054718674227387,Stress_Induced
424:00,0.14345991561182103,0.1538461538461542,0.392156862745098,0.2298209774010244,0.25900872520381224,1.568312185490169,Low,0.2590087252038121,Stress_Induced
424:30,0.14345991561182103,0.1538461538461542,0.41176470588235325,0.23635692511344283,0.26783225461557714,1.568312185490169,Low,0.26783225461557697,Stress_Induced
425:00,0.09704641350211318,0.1538461538461542,0.37254901960784315,0.2078138623187035,0.24090249537010602,1.568312185490169,Low,0.24090249537010583,Stress_Induced
425:30,0.09704641350211318,0.1538461538461542,0.3529411764705883,0.20127791460628522,0.23207896595834135,1.568312185490169,Low,0.23207896595834115,Stress_Induced
426:00,0.09704641350211318,0.1538461538461542,0.23529411764705888,0.16206222833177542,0.1791377894877531,1.568312185490169,Low,0.17913778948775289,Stress_Induced
426:30,0.09704641350211318,0.1538461538461542,0.0980392156862746,0.11631059434484732,0.11737308360540016,1.0645531005324589,Low,0.11737308360539994,Stress_Induced
427:00,0.09704641350211318,0.1538461538461542,0.019607843137254832,0.09016680349517407,0.08207896595834127,1.0,Low,0.08207896595834102,Stress_Induced
427:30,0.09704641350211318,0.1538461538461542,0.0,0.0836308557827558,0.0732554365465766,1.0,Low,0.07325543654657635,Stress_Induced
428:00,0.09704641350211318,1.0000000000000009,0.07843137254901977,0.3918259286837113,0.40470340034748187,1.426243507084413,Low,0.40470340034748203,Stress_Induced
428:30,0.09704641350211318,1.0000000000000009,0.17647058823529438,0.4245056672458028,0.4488210474063054,1.9014165422211975,Medium,0.44882104740630563,Stress_Induced
429:00,0.09704641350211318,1.0000000000000009,0.1960784313725492,0.4310416149582211,0.4576445768180701,2.013974583614378,Medium,0.4576445768180703,Stress_Induced
429:30,0.05063291139241244,1.0000000000000009,0.1568627450980391,0.4024985521634841,0.43071481757260044,1.7951492022029707,Medium,0.4307148175726006,Stress_Induced
430:00,0.05063291139241244,1.0000000000000009,0.0980392156862746,0.3828907090262293,0.4042442293373064,1.5106727587199478,Low,0.4042442293373066,Stress_Induced
430:30,0.05063291139241244,1.0000000000000009,0.0980392156862746,0.3828907090262293,0.4042442293373064,1.5106727587199478,Low,0.4042442293373066,Stress_Induced
431:00,0.05063291139241244,1.0000000000000009,0.11764705882352944,0.38942665673864757,0.4130677587490711,1.6000999637178144,Medium,0.41306775874907126,Stress_Induced
431:30,0.05063291139241244,1.0000000000000009,0.05882352941176494,0.36981881360139274,0.38659717051377707,1.4190675485932571,Low,0.38659717051377723,Stress_Induced
432:00,0.05063291139241244,1.0000000000000009,0.05882352941176494,0.36981881360139274,0.38659717051377707,1.4190675485932571,Low,0.38659717051377723,Stress_Induced
432:30,0.05063291139241244,1.0000000000000009,0.11764705882352944,0.38942665673864757,0.4130677587490711,1.6000999637178144,Medium,0.41306775874907126,Stress_Induced
433:00,0.05063291139241244,0.1538461538461542,0.1568627450980391,0.12044727011220191,0.13456097141875406,1.2650202620604838,Low,0.1345609714187538,Stress_Induced
433:30,0.05063291139241244,0.1538461538461542,0.1960784313725492,0.1335191655370386,0.1522080302422836,1.4192239020692572,Low,0.15220803024228335,Stress_Induced
434:00,0.05063291139241244,0.1538461538461542,0.13725490196078427,0.11391132239978363,0.12573744200698936,1.1943201627748818,Low,0.12573744200698914,Stress_Induced
434:30,0.05063291139241244,0.1538461538461542,0.05882352941176494,0.08776753155011052,0.09044332435993066,1.0,Low,0.09044332435993044,Stress_Induced
435:00,0.05063291139241244,0.1538461538461542,0.05882352941176494,0.08776753155011052,0.09044332435993066,1.0,Low,0.09044332435993044,Stress_Induced
435:30,0.05063291139241244,0.1538461538461542,0.0980392156862746,0.10083942697494708,0.10809038318346001,1.0645531005324589,Low,0.10809038318345979,Stress_Induced
436:00,0.05063291139241244,0.1538461538461542,0.13725490196078427,0.11391132239978363,0.12573744200698936,1.1943201627748818,Low,0.12573744200698914,Stress_Induced
436:30,0.05063291139241244,0.1538461538461542,0.17647058823529438,0.12698321782462033,0.14338450083051893,1.3399055908974171,Low,0.14338450083051868,Stress_Induced
437:00,0.05063291139241244,0.1538461538461542,0.1568627450980391,0.12044727011220191,0.13456097141875406,1.2650202620604838,Low,0.1345609714187538,Stress_Induced
437:30,0.05063291139241244,0.07692307692307754,0.13725490196078427,0.08827029675875808,0.09881436508391256,1.1943201627748818,Low,0.09881436508391228,Stress_Induced
438:00,0.05063291139241244,0.07692307692307754,0.1568627450980391,0.09480624447117636,0.10763789449567723,1.2650202620604838,Low,0.10763789449567696,Stress_Induced
438:30,0.05063291139241244,0.07692307692307754,0.17647058823529438,0.10134219218359479,0.1164614239074421,1.3399055908974171,Low,0.11646142390744184,Stress_Induced
439:00,0.05063291139241244,0.07692307692307754,0.21568627450980404,0.11441408760843134,0.13410848273097145,1.503237614566305,Low,0.1341084827309712,Stress_Induced
439:30,0.05063291139241244,0.07692307692307754,0.23529411764705888,0.12095003532084962,0.14293201214273613,1.568312185490169,Low,0.14293201214273585,Stress_Induced
440:00,0.05063291139241244,0.07692307692307754,0.23529411764705888,0.12095003532084962,0.14293201214273613,1.568312185490169,Low,0.14293201214273585,Stress_Induced
440:30,0.0,0.07692307692307754,0.2549019607843137,0.11060834590246375,0.14162895927601832,1.568312185490169,Low,0.14162895927601804,Stress_Induced
441:00,0.05063291139241244,0.07692307692307754,0.27450980392156854,0.13402193074568616,0.16057907096626547,1.568312185490169,Low,0.1605790709662652,Stress_Induced
441:30,0.0,0.07692307692307754,0.2941176470588238,0.12368024132730045,0.15927601809954786,1.568312185490169,Low,0.1592760180995476,Stress_Induced
442:00,0.0,0.07692307692307754,0.2941176470588238,0.12368024132730045,0.15927601809954786,1.568312185490169,Low,0.1592760180995476,Stress_Induced
442:30,0.0,0.384615384615385,0.2941176470588238,0.22624434389140294,0.2669683257918555,1.6461410360745738,Medium,0.26696832579185537,Stress_Induced
