Timestamp,Object Temperature(F),Heart Rate Ear(BPM),GSR,Feature_Mean,Weighted_Stress,QuantityIndex_Stress,StressIndex_Level,Predicted_Stress,Condition
00:00,0.13127413127413234,0.4814814814814816,0.08108108108108109,0.23127889794556503,0.23125983125983154,1.3035908068138862,Low,0.23125983125983138,Base
00:30,0.13127413127413234,0.4814814814814816,0.07027027027027027,0.2276752943419614,0.22639496639496667,1.3035908068138862,Low,0.2263949663949665,Base
01:00,0.17760617760617947,0.4814814814814816,0.06486486486486492,0.2413175079841753,0.2332289432289437,1.3035908068138862,Low,0.23322894322894355,Base
01:30,0.22007722007722208,0.4814814814814816,0.054054054054054,0.25187091853758586,0.23685828685828728,1.328967052221227,Low,0.23685828685828714,Base
02:00,0.22007722007722208,0.4814814814814816,0.05945945945945946,0.25367272033938776,0.23929071929071974,1.328967052221227,Low,0.2392907192907196,Base
02:30,0.2625482625482647,0.4814814814814816,0.054054054054054,0.26602793269460007,0.24535249535249581,1.3599131184767554,Low,0.24535249535249568,Base
03:00,0.2625482625482647,0.4814814814814816,0.04864864864864865,0.2642261308927983,0.2429200629200634,1.3599131184767554,Low,0.24292006292006327,Base
03:30,0.2625482625482647,0.4814814814814816,0.054054054054054,0.26602793269460007,0.24535249535249581,1.3599131184767554,Low,0.24535249535249568,Base
04:00,0.3050193050193073,0.4814814814814816,0.05945945945945946,0.28198674865341616,0.2562791362791368,1.3915797887646344,Medium,0.2562791362791367,Base
04:30,0.3050193050193073,0.6666666666666667,0.05945945945945946,0.3437151437151445,0.32109395109395156,1.5148509096505827,Medium,0.3210939510939514,Base
05:00,0.35135135135135087,0.6666666666666667,0.06486486486486492,0.3609609609609608,0.3327927927927927,1.553372651741605,Medium,0.33279279279279256,Base
05:30,0.35135135135135087,0.6666666666666667,0.05945945945945946,0.359159159159159,0.33036036036036026,1.553372651741605,Medium,0.3303603603603601,Base
06:00,0.35135135135135087,0.6666666666666667,0.06486486486486492,0.3609609609609608,0.3327927927927927,1.553372651741605,Medium,0.33279279279279256,Base
06:30,0.35135135135135087,0.6666666666666667,0.07567567567567562,0.3645645645645644,0.33765765765765754,1.553372651741605,Medium,0.3376576576576574,Base
07:00,0.3938223938223935,0.6666666666666667,0.08108108108108109,0.3805233805233805,0.3485842985842985,1.5895441827964771,Medium,0.34858429858429835,Base
07:30,0.3938223938223935,0.6666666666666667,0.08108108108108109,0.3805233805233805,0.3485842985842985,1.5895441827964771,Medium,0.34858429858429835,Base
08:00,0.3938223938223935,0.6666666666666667,0.06486486486486492,0.375117975117975,0.3412870012870013,1.5895441827964771,Medium,0.34128700128700107,Base
08:30,0.3938223938223935,0.8888888888888891,0.07027027027027027,0.4509938509938509,0.42149721149721153,1.5895441827964771,Medium,0.4214972114972112,Base
09:00,0.43629343629343253,0.8888888888888891,0.08108108108108109,0.4687544687544676,0.4348562848562842,1.626557997032646,Medium,0.4348562848562839,Base
09:30,0.43629343629343253,0.8888888888888891,0.08648648648648655,0.47055627055626936,0.43728871728871666,1.626557997032646,Medium,0.4372887172887164,Base
10:00,0.43629343629343253,0.8888888888888891,0.07567567567567562,0.46695266695266574,0.43242385242385173,1.626557997032646,Medium,0.43242385242385145,Base
10:30,0.43629343629343253,0.8888888888888891,0.07567567567567562,0.46695266695266574,0.43242385242385173,1.626557997032646,Medium,0.43242385242385145,Base
11:00,0.43629343629343253,0.8888888888888891,0.08648648648648655,0.47055627055626936,0.43728871728871666,1.626557997032646,Medium,0.4372887172887164,Base
11:30,0.47876447876447514,0.8888888888888891,0.08648648648648655,0.48471328471328357,0.44578292578292517,1.664433707691162,Medium,0.4457829257829249,Base
12:00,0.43629343629343253,0.8888888888888891,0.08648648648648655,0.47055627055626936,0.43728871728871666,1.626557997032646,Medium,0.4372887172887164,Base
12:30,0.43629343629343253,0.962962962962963,0.0918918918918919,0.49704943038276245,0.4656470756470749,1.626557997032646,Medium,0.46564707564707464,Base
13:00,0.47876447876447514,0.962962962962963,0.09729729729729725,0.5130082463415785,0.47657371657371583,1.664433707691162,Medium,0.47657371657371556,Base
13:30,0.47876447876447514,0.962962962962963,0.10270270270270271,0.5148100481433803,0.4790061490061483,1.664433707691162,Medium,0.479006149006148,Base
14:00,0.47876447876447514,0.962962962962963,0.10810810810810817,0.5166118499451821,0.48143858143858076,1.664433707691162,Medium,0.4814385814385804,Base
14:30,0.47876447876447514,0.962962962962963,0.11891891891891887,0.5202154535487856,0.4863034463034456,1.664433707691162,Medium,0.48630344630344524,Base
15:00,0.47876447876447514,0.962962962962963,0.10810810810810817,0.5166118499451821,0.48143858143858076,1.664433707691162,Medium,0.4814385814385804,Base
15:30,0.47876447876447514,0.962962962962963,0.0918918918918919,0.5112064445397767,0.4741412841412834,1.664433707691162,Medium,0.47414128414128315,Base
16:00,0.47876447876447514,0.962962962962963,0.08108108108108109,0.5076028409361731,0.46927641927641855,1.664433707691162,Medium,0.4692764192764183,Base
16:30,0.47876447876447514,0.9999999999999998,0.07027027027027027,0.5163449163449151,0.4773745173745166,1.664433707691162,Medium,0.47737451737451625,Base
17:00,0.47876447876447514,0.9999999999999998,0.07027027027027027,0.5163449163449151,0.4773745173745166,1.664433707691162,Medium,0.47737451737451625,Base
17:30,0.5212355212355178,0.9999999999999998,0.05945945945945946,0.5268983268983257,0.4810038610038602,1.7031913847231517,Medium,0.4810038610038599,Base
18:00,0.47876447876447514,0.9999999999999998,0.05945945945945946,0.5127413127413115,0.4725096525096517,1.664433707691162,Medium,0.4725096525096514,Base
18:30,0.47876447876447514,0.9999999999999998,0.05945945945945946,0.5127413127413115,0.4725096525096517,1.664433707691162,Medium,0.4725096525096514,Base
19:00,0.47876447876447514,0.9999999999999998,0.06486486486486492,0.5145431145431133,0.4749420849420842,1.664433707691162,Medium,0.47494208494208384,Base
19:30,0.47876447876447514,0.9999999999999998,0.05945945945945946,0.5127413127413115,0.4725096525096517,1.664433707691162,Medium,0.4725096525096514,Base
20:00,0.5212355212355178,0.9999999999999998,0.054054054054054,0.5250965250965238,0.47857142857142776,1.7031913847231517,Medium,0.4785714285714274,Base
20:30,0.5212355212355178,0.9999999999999998,0.06486486486486492,0.5287001287001275,0.4834362934362927,1.7031913847231517,Medium,0.48343629343629235,Base
21:00,0.47876447876447514,0.8518518518518519,0.054054054054054,0.46155679489012696,0.41822536822536743,1.664433707691162,Medium,0.4182253682253672,Base
21:30,0.5212355212355178,0.8518518518518519,0.0432432432432433,0.4721102054435376,0.42185471185471113,1.7031913847231517,Medium,0.4218547118547109,Base
22:00,0.47876447876447514,0.8518518518518519,0.054054054054054,0.46155679489012696,0.41822536822536743,1.664433707691162,Medium,0.4182253682253672,Base
22:30,0.47876447876447514,0.8518518518518519,0.06486486486486492,0.46516039849373064,0.42309023309023236,1.664433707691162,Medium,0.42309023309023214,Base
23:00,0.47876447876447514,0.8518518518518519,0.07567567567567562,0.4687640020973342,0.4279550979550972,1.664433707691162,Medium,0.42795509795509695,Base
23:30,0.47876447876447514,0.8518518518518519,0.07027027027027027,0.4669622002955324,0.42552266552266477,1.664433707691162,Medium,0.42552266552266454,Base
24:00,0.47876447876447514,0.8518518518518519,0.07027027027027027,0.4669622002955324,0.42552266552266477,1.664433707691162,Medium,0.42552266552266454,Base
24:30,0.47876447876447514,0.8518518518518519,0.08108108108108109,0.47056580389913605,0.43038753038752964,1.664433707691162,Medium,0.4303875303875294,Base
25:00,0.47876447876447514,0.8148148148148147,0.08108108108108109,0.4582201248867903,0.41742456742456663,1.664433707691162,Medium,0.4174245674245664,Base
25:30,0.47876447876447514,0.8148148148148147,0.07567567567567562,0.4564183230849885,0.41499213499213417,1.664433707691162,Medium,0.41499213499213394,Base
26:00,0.47876447876447514,0.8148148148148147,0.08648648648648655,0.4600219266885921,0.4198569998569991,1.664433707691162,Medium,0.41985699985699887,Base
26:30,0.47876447876447514,0.8148148148148147,0.09729729729729725,0.46362553029219566,0.4247218647218639,1.664433707691162,Medium,0.4247218647218637,Base
27:00,0.47876447876447514,0.8148148148148147,0.10270270270270271,0.4654273320939975,0.42715429715429637,1.664433707691162,Medium,0.42715429715429615,Base
27:30,0.47876447876447514,0.8148148148148147,0.09729729729729725,0.46362553029219566,0.4247218647218639,1.664433707691162,Medium,0.4247218647218637,Base
28:00,0.47876447876447514,0.8148148148148147,0.10270270270270271,0.4654273320939975,0.42715429715429637,1.664433707691162,Medium,0.42715429715429615,Base
28:30,0.47876447876447514,0.8148148148148147,0.10810810810810817,0.4672291338957993,0.42958672958672883,1.664433707691162,Medium,0.4295867295867286,Base
29:00,0.47876447876447514,0.8148148148148147,0.10810810810810817,0.4672291338957993,0.42958672958672883,1.664433707691162,Medium,0.4295867295867286,Base
29:30,0.47876447876447514,0.6666666666666667,0.10270270270270271,0.4160446160446149,0.3753024453024446,1.664433707691162,Medium,0.37530244530244444,Base
30:00,0.43629343629343253,0.6666666666666667,0.11351351351351352,0.40549120549120427,0.3716731016731009,1.626557997032646,Medium,0.3716731016731008,Base
30:30,0.43629343629343253,0.6666666666666667,0.11891891891891887,0.40729300729300605,0.3741055341055333,1.626557997032646,Medium,0.3741055341055332,Base
31:00,0.43629343629343253,0.6666666666666667,0.12432432432432433,0.4090948090948079,0.3765379665379658,1.626557997032646,Medium,0.3765379665379656,Base
31:30,0.43629343629343253,0.6666666666666667,0.1297297297297298,0.41089661089660967,0.37897039897039825,1.626557997032646,Medium,0.3789703989703981,Base
32:00,0.43629343629343253,0.6666666666666667,0.13513513513513514,0.41269841269841145,0.38140283140283066,1.626557997032646,Medium,0.3814028314028305,Base
32:30,0.43629343629343253,0.6666666666666667,0.1405405405405405,0.41450021450021324,0.38383526383526306,1.626557997032646,Medium,0.3838352638352629,Base
33:00,0.43629343629343253,0.6666666666666667,0.13513513513513514,0.41269841269841145,0.38140283140283066,1.626557997032646,Medium,0.3814028314028305,Base
33:30,0.43629343629343253,0.6666666666666667,0.11351351351351352,0.40549120549120427,0.3716731016731009,1.626557997032646,Medium,0.3716731016731008,Base
34:00,0.43629343629343253,0.5555555555555556,0.10810810810810817,0.3666523666523654,0.33035178035177964,1.5988744474145442,Medium,0.3303517803517795,Base
34:30,0.3938223938223935,0.5555555555555556,0.11351351351351352,0.3542971542971542,0.3242900042900042,1.5624905976584809,Medium,0.3242900042900041,Base
35:00,0.3938223938223935,0.5555555555555556,0.12432432432432433,0.3579007579007578,0.32915486915486913,1.5624905976584809,Medium,0.3291548691548689,Base
35:30,0.3938223938223935,0.5555555555555556,0.1297297297297298,0.3597025597025596,0.33158730158730154,1.5624905976584809,Medium,0.3315873015873014,Base
36:00,0.3938223938223935,0.5555555555555556,0.1297297297297298,0.3597025597025596,0.33158730158730154,1.5624905976584809,Medium,0.3315873015873014,Base
36:30,0.3938223938223935,0.5555555555555556,0.1297297297297298,0.3597025597025596,0.33158730158730154,1.5624905976584809,Medium,0.3315873015873014,Base
37:00,0.3938223938223935,0.5555555555555556,0.1297297297297298,0.3597025597025596,0.33158730158730154,1.5624905976584809,Medium,0.3315873015873014,Base
37:30,0.3938223938223935,0.5555555555555556,0.13513513513513514,0.3615043615043614,0.33401973401973395,1.5624905976584809,Medium,0.3340197340197338,Base
38:00,0.3938223938223935,0.5555555555555556,0.1405405405405405,0.36330616330616317,0.33645216645216636,1.5624905976584809,Medium,0.3364521664521662,Base
38:30,0.3938223938223935,0.5555555555555556,0.1405405405405405,0.36330616330616317,0.33645216645216636,1.5624905976584809,Medium,0.3364521664521662,Base
39:00,0.3938223938223935,0.4444444444444444,0.13513513513513514,0.32446732446732435,0.2951308451308451,1.4115866107545816,Medium,0.2951308451308449,Base
39:30,0.35135135135135087,0.4444444444444444,0.14594594594594595,0.31391391391391377,0.2915015015015014,1.3794646669419077,Low,0.2915015015015013,Base
40:00,0.35135135135135087,0.4444444444444444,0.15675675675675677,0.31751751751751733,0.29636636636636626,1.3794646669419077,Low,0.29636636636636615,Base
40:30,0.35135135135135087,0.4444444444444444,0.16216216216216212,0.3193193193193191,0.29879879879879867,1.3794646669419077,Low,0.29879879879879856,Base
41:00,0.35135135135135087,0.4444444444444444,0.16756756756756758,0.32112112112112096,0.30123123123123113,1.3794646669419077,Low,0.301231231231231,Base
41:30,0.35135135135135087,0.4444444444444444,0.17297297297297304,0.32292292292292274,0.3036636636636636,1.3794646669419077,Low,0.3036636636636635,Base
42:00,0.35135135135135087,0.4444444444444444,0.18378378378378374,0.3265265265265263,0.3085285285285284,1.3794646669419077,Low,0.3085285285285283,Base
42:30,0.35135135135135087,0.4444444444444444,0.1891891891891892,0.3283283283283282,0.3109609609609608,1.3794646669419077,Low,0.31096096096096076,Base
43:00,0.35135135135135087,0.4444444444444444,0.19459459459459466,0.33013013013013,0.3133933933933933,1.3794646669419077,Low,0.3133933933933932,Base
43:30,0.35135135135135087,0.5555555555555556,0.2,0.3689689689689688,0.3547147147147146,1.5269346956660506,Medium,0.3547147147147145,Base
44:00,0.35135135135135087,0.5555555555555556,0.19459459459459466,0.367167167167167,0.3522822822822822,1.5269346956660506,Medium,0.3522822822822821,Base
44:30,0.35135135135135087,0.5555555555555556,0.1891891891891892,0.36536536536536524,0.34984984984984974,1.5269346956660506,Medium,0.3498498498498496,Base
45:00,0.3050193050193073,0.5555555555555556,0.2,0.3535249535249543,0.3454483054483059,1.4890685825538277,Medium,0.3454483054483058,Base
45:30,0.3050193050193073,0.5555555555555556,0.20540540540540536,0.35532675532675606,0.3478807378807383,1.4890685825538277,Medium,0.3478807378807382,Base
46:00,0.3050193050193073,0.5555555555555556,0.21081081081081082,0.3571285571285579,0.3503131703131708,1.4890685825538277,Medium,0.35031317031317066,Base
46:30,0.3050193050193073,0.5555555555555556,0.21621621621621628,0.3589303589303597,0.35274560274560324,1.4890685825538277,Medium,0.35274560274560307,Base
47:00,0.3050193050193073,0.5555555555555556,0.22162162162162163,0.36073216073216147,0.35517803517803564,1.4890685825538277,Medium,0.3551780351780355,Base
47:30,0.3050193050193073,0.5555555555555556,0.22702702702702698,0.36253396253396325,0.35761046761046805,1.4890685825538277,Medium,0.3576104676104679,Base
48:00,0.3050193050193073,0.5555555555555556,0.22702702702702698,0.36253396253396325,0.35761046761046805,1.4890685825538277,Medium,0.3576104676104679,Base
48:30,0.3050193050193073,0.5555555555555556,0.22702702702702698,0.36253396253396325,0.35761046761046805,1.4890685825538277,Medium,0.3576104676104679,Base
49:00,0.3050193050193073,0.33333333333333326,0.22162162162162163,0.2866580866580874,0.2774002574002578,1.2153320080597763,Low,0.2774002574002578,Base
49:30,0.3050193050193073,0.33333333333333326,0.22702702702702698,0.2884598884598892,0.2798326898326902,1.2153320080597763,Low,0.2798326898326902,Base
50:00,0.3050193050193073,0.33333333333333326,0.2378378378378379,0.2920634920634928,0.28469755469755514,1.21779642279737,Low,0.2846975546975551,Base
50:30,0.2625482625482647,0.33333333333333326,0.23243243243243245,0.2761046761046768,0.27377091377091417,1.187676017149115,Low,0.2737709137709141,Base
51:00,0.2625482625482647,0.33333333333333326,0.21621621621621628,0.2706992706992714,0.2664736164736169,1.187676017149115,Low,0.26647361647361684,Base
51:30,0.2625482625482647,0.33333333333333326,0.21081081081081082,0.2688974688974696,0.26404118404118443,1.187676017149115,Low,0.2640411840411844,Base
52:00,0.2625482625482647,0.33333333333333326,0.21621621621621628,0.2706992706992714,0.2664736164736169,1.187676017149115,Low,0.26647361647361684,Base
52:30,0.2625482625482647,0.33333333333333326,0.22702702702702698,0.274302874302875,0.2713384813384817,1.187676017149115,Low,0.27133848133848165,Base
53:00,0.2625482625482647,0.33333333333333326,0.23243243243243245,0.2761046761046768,0.27377091377091417,1.187676017149115,Low,0.2737709137709141,Base
53:30,0.2625482625482647,0.5555555555555556,0.2378378378378379,0.3519805519805527,0.35398112398112447,1.458134244153691,Medium,0.35398112398112425,Base
54:00,0.2625482625482647,0.5555555555555556,0.2378378378378379,0.3519805519805527,0.35398112398112447,1.458134244153691,Medium,0.35398112398112425,Base
54:30,0.2625482625482647,0.5555555555555556,0.22702702702702698,0.34837694837694905,0.34911625911625954,1.4551834656381588,Medium,0.3491162591162593,Base
55:00,0.2625482625482647,0.5555555555555556,0.22702702702702698,0.34837694837694905,0.34911625911625954,1.4551834656381588,Medium,0.3491162591162593,Base
55:30,0.22007722007722208,0.5555555555555556,0.22702702702702698,0.33421993421993484,0.34062205062205103,1.4220694355359793,Medium,0.3406220506220508,Base
56:00,0.22007722007722208,0.5555555555555556,0.22162162162162163,0.33241813241813306,0.3381896181896186,1.4220694355359793,Medium,0.3381896181896184,Base
56:30,0.22007722007722208,0.5555555555555556,0.22162162162162163,0.33241813241813306,0.3381896181896186,1.4220694355359793,Medium,0.3381896181896184,Base
57:00,0.22007722007722208,0.5555555555555556,0.22702702702702698,0.33421993421993484,0.34062205062205103,1.4220694355359793,Medium,0.3406220506220508,Base
57:30,0.22007722007722208,0.5555555555555556,0.2378378378378379,0.3378235378235385,0.34548691548691596,1.4249530663887628,Medium,0.34548691548691574,Base
58:00,0.22007722007722208,0.5555555555555556,0.24324324324324326,0.3396253396253403,0.34791934791934837,1.4323243620656863,Medium,0.34791934791934814,Base
58:30,0.22007722007722208,0.4814814814814816,0.24324324324324326,0.31493398160064895,0.32199342199342246,1.3385505923356331,Low,0.3219934219934223,Base
59:00,0.22007722007722208,0.4814814814814816,0.24324324324324326,0.31493398160064895,0.32199342199342246,1.3385505923356331,Low,0.3219934219934223,Base
59:30,0.22007722007722208,0.4814814814814816,0.2486486486486486,0.31673578340245073,0.32442585442585486,1.3454749271978559,Low,0.3244258544258547,Base
60:00,0.22007722007722208,0.4814814814814816,0.25945945945945953,0.3203393870060544,0.3292907192907198,1.3594312411667007,Low,0.3292907192907196,Base
60:30,0.22007722007722208,0.4814814814814816,0.2648648648648649,0.3221411888078562,0.3317231517231522,1.3664635918226293,Low,0.33172315172315203,Base
61:00,0.22007722007722208,0.4814814814814816,0.27027027027027023,0.323942990609658,0.3341555841555846,1.3735323208949506,Low,0.33415558415558444,Base
61:30,0.17760617760617947,0.4814814814814816,0.27027027027027023,0.3097859764526438,0.32566137566137604,1.3473051144403676,Low,0.32566137566137593,Base
62:00,0.17760617760617947,0.4814814814814816,0.27027027027027023,0.3097859764526438,0.32566137566137604,1.3473051144403676,Low,0.32566137566137593,Base
62:30,0.17760617760617947,0.4814814814814816,0.2648648648648649,0.307984174650842,0.32322894322894363,1.3403713607260566,Low,0.3232289432289435,Base
63:00,0.17760617760617947,0.4814814814814816,0.2648648648648649,0.307984174650842,0.32322894322894363,1.3403713607260566,Low,0.3232289432289435,Base
63:30,0.17760617760617947,0.37037037037037046,0.2648648648648649,0.2709471376138049,0.2843400543400547,1.2109194570995767,Low,0.28434005434005466,Base
64:00,0.17760617760617947,0.37037037037037046,0.2756756756756757,0.2745507412174086,0.2892049192049196,1.2234800569239532,Low,0.28920491920491953,Base
64:30,0.17760617760617947,0.37037037037037046,0.28108108108108115,0.27635254301921036,0.29163735163735205,1.229809130819181,Low,0.291637351637352,Base
65:00,0.17760617760617947,0.37037037037037046,0.28108108108108115,0.27635254301921036,0.29163735163735205,1.229809130819181,Low,0.291637351637352,Base
65:30,0.17760617760617947,0.37037037037037046,0.2756756756756757,0.2745507412174086,0.2892049192049196,1.2234800569239532,Low,0.28920491920491953,Base
66:00,0.13127413127413234,0.37037037037037046,0.2756756756756757,0.25910672577339283,0.27993850993851016,1.2234800569239532,Low,0.2799385099385101,Base
66:30,0.17760617760617947,0.37037037037037046,0.2756756756756757,0.2745507412174086,0.2892049192049196,1.2234800569239532,Low,0.28920491920491953,Base
67:00,0.17760617760617947,0.37037037037037046,0.28108108108108115,0.27635254301921036,0.29163735163735205,1.229809130819181,Low,0.291637351637352,Base
67:30,0.13127413127413234,0.37037037037037046,0.2864864864864865,0.2627103293769964,0.28480337480337503,1.2361709450734724,Low,0.284803374803375,Base
68:00,0.13127413127413234,0.5185185185185184,0.29189189189189185,0.31389484722818084,0.3390876590876592,1.4227628827347831,Medium,0.3390876590876591,Base
68:30,0.13127413127413234,0.5185185185185184,0.29189189189189185,0.31389484722818084,0.3390876590876592,1.4227628827347831,Medium,0.3390876590876591,Base
69:00,0.13127413127413234,0.5185185185185184,0.2864864864864865,0.31209304542637906,0.3366552266552268,1.4154407941321254,Medium,0.3366552266552267,Base
69:30,0.13127413127413234,0.5185185185185184,0.2972972972972973,0.3156966490299827,0.34152009152009166,1.4301228485709694,Medium,0.34152009152009155,Base
70:00,0.13127413127413234,0.5185185185185184,0.3027027027027028,0.31749845083178446,0.34395252395252407,1.4375208875799712,Medium,0.34395252395252396,Base
70:30,0.13127413127413234,0.5185185185185184,0.3081081081081081,0.31930025263358625,0.3463849563849565,1.4449571967146713,Medium,0.34638495638495637,Base
71:00,0.13127413127413234,0.5185185185185184,0.3135135135135135,0.32110205443538803,0.3488173888173889,1.4524319739467912,Medium,0.3488173888173888,Base
71:30,0.13127413127413234,0.5185185185185184,0.3135135135135135,0.32110205443538803,0.3488173888173889,1.4524319739467912,Medium,0.3488173888173888,Base
72:00,0.13127413127413234,0.5185185185185184,0.31891891891891894,0.3229038562371899,0.3512498212498214,1.459945418272163,Medium,0.3512498212498213,Base
72:30,0.13127413127413234,0.5185185185185184,0.31891891891891894,0.3229038562371899,0.3512498212498214,1.459945418272163,Medium,0.3512498212498213,Base
73:00,0.13127413127413234,0.5555555555555556,0.31891891891891894,0.33524953524953566,0.3642127842127844,1.510218943645056,Medium,0.36421278421278425,Base
73:30,0.13127413127413234,0.5555555555555556,0.31891891891891894,0.33524953524953566,0.3642127842127844,1.510218943645056,Medium,0.36421278421278425,Base
74:00,0.13127413127413234,0.5555555555555556,0.3243243243243244,0.33705133705133744,0.3666452166452169,1.5180313205107103,Medium,0.36664521664521676,Base
74:30,0.13127413127413234,0.5555555555555556,0.3243243243243244,0.33705133705133744,0.3666452166452169,1.5180313205107103,Medium,0.36664521664521676,Base
75:00,0.13127413127413234,0.5555555555555556,0.3243243243243244,0.33705133705133744,0.3666452166452169,1.5180313205107103,Medium,0.36664521664521676,Base
75:30,0.08880308880308974,0.5555555555555556,0.32972972972972975,0.324696124696125,0.3605834405834408,1.5258841108757104,Medium,0.3605834405834406,Base
76:00,0.08880308880308974,0.5555555555555556,0.32972972972972975,0.324696124696125,0.3605834405834408,1.5258841108757104,Medium,0.3605834405834406,Base
76:30,0.13127413127413234,0.5555555555555556,0.32972972972972975,0.3388531388531392,0.3690776490776493,1.5258841108757104,Medium,0.3690776490776492,Base
77:00,0.08880308880308974,0.5555555555555556,0.32972972972972975,0.324696124696125,0.3605834405834408,1.5258841108757104,Medium,0.3605834405834406,Base
77:30,0.08880308880308974,0.5925925925925923,0.32972972972972975,0.3370418037084706,0.3735464035464036,1.5523038767073603,Medium,0.37354640354640345,Base
78:00,0.08880308880308974,0.5925925925925923,0.3351351351351351,0.33884360551027237,0.375978835978836,1.5603339593294099,Medium,0.37597883597883586,Base
78:30,0.08880308880308974,0.5925925925925923,0.34054054054054056,0.3406454073120742,0.37841126841126854,1.5684055816447402,Medium,0.37841126841126826,Base
79:00,0.08880308880308974,0.5925925925925923,0.345945945945946,0.342447209113876,0.38084370084370095,1.5765189585385773,Medium,0.3808437008437008,Base
79:30,0.08880308880308974,0.5925925925925923,0.35135135135135137,0.3442490109156778,0.38327613327613336,1.5846743060077497,Medium,0.3832761332761332,Base
80:00,0.08880308880308974,0.5925925925925923,0.3567567567567567,0.34605081271747956,0.38570856570856576,1.5928718411664406,Medium,0.3857085657085656,Base
80:30,0.08880308880308974,0.5925925925925923,0.3621621621621622,0.34785261451928146,0.38814099814099823,1.6011117822519672,Medium,0.388140998140998,Base
81:00,0.08880308880308974,0.5925925925925923,0.36756756756756764,0.34965441632108324,0.3905734305734307,1.6093943486305888,Medium,0.39057343057343047,Base
81:30,0.08880308880308974,0.5925925925925923,0.372972972972973,0.351456218122885,0.3930058630058631,1.6177197608033496,Medium,0.3930058630058629,Base
82:00,0.08880308880308974,0.5185185185185184,0.372972972972973,0.32676486009819367,0.3670799370799372,1.537251073664824,Medium,0.367079937079937,Base
82:30,0.08880308880308974,0.5185185185185184,0.36756756756756764,0.3249630582963919,0.3646475046475048,1.5293397845087078,Medium,0.3646475046475046,Base
83:00,0.08880308880308974,0.5185185185185184,0.36756756756756764,0.3249630582963919,0.3646475046475048,1.5293397845087078,Medium,0.3646475046475046,Base
83:30,0.08880308880308974,0.5185185185185184,0.36756756756756764,0.3249630582963919,0.3646475046475048,1.5293397845087078,Medium,0.3646475046475046,Base
84:00,0.08880308880308974,0.5185185185185184,0.3567567567567567,0.32135945469278826,0.35978263978263986,1.5136391403339198,Medium,0.3597826397826397,Base
84:30,0.08880308880308974,0.5185185185185184,0.3567567567567567,0.32135945469278826,0.35978263978263986,1.5136391403339198,Medium,0.3597826397826397,Base
85:00,0.08880308880308974,0.5185185185185184,0.3621621621621622,0.3231612564945901,0.3622150722150723,1.5214692099093634,Medium,0.36221507221507215,Base
85:30,0.08880308880308974,0.5185185185185184,0.36756756756756764,0.3249630582963919,0.3646475046475048,1.5293397845087078,Medium,0.3646475046475046,Base
86:00,0.08880308880308974,0.5185185185185184,0.372972972972973,0.32676486009819367,0.3670799370799372,1.537251073664824,Medium,0.367079937079937,Base
86:30,0.04633204633204713,0.5185185185185184,0.37837837837837834,0.31440964774298125,0.3610181610181611,1.5452032879944992,Medium,0.3610181610181609,Base
87:00,0.08880308880308974,0.5185185185185184,0.37837837837837834,0.32856666189999545,0.3695123695123696,1.5452032879944992,Medium,0.36951236951236943,Base
87:30,0.08880308880308974,0.5185185185185184,0.3837837837837838,0.33036846370179734,0.37194480194480206,1.5531966392040433,Medium,0.3719448019448019,Base
88:00,0.04633204633204713,0.5185185185185184,0.3945945945945946,0.3198150531483867,0.3683154583154584,1.5693076045694336,Medium,0.36831545831545826,Base
88:30,0.04633204633204713,0.5185185185185184,0.3945945945945946,0.3198150531483867,0.3683154583154584,1.5693076045694336,Medium,0.36831545831545826,Base
89:00,0.04633204633204713,0.5185185185185184,0.39999999999999997,0.3216168549501885,0.37074789074789083,1.577425647636383,Medium,0.37074789074789066,Base
89:30,0.04633204633204713,0.5185185185185184,0.37837837837837834,0.31440964774298125,0.3610181610181611,1.5452032879944992,Medium,0.3610181610181609,Base
90:00,0.04633204633204713,0.5185185185185184,0.35135135135135137,0.3054006387339723,0.34885599885599894,1.5058493673278428,Medium,0.3488559988559988,Base
90:30,0.04633204633204713,0.5185185185185184,0.34054054054054056,0.3017970351303687,0.3439911339911341,1.49038988256407,Medium,0.34399113399113396,Base
91:00,0.04633204633204713,0.5185185185185184,0.34054054054054056,0.3017970351303687,0.3439911339911341,1.49038988256407,Medium,0.34399113399113396,Base
91:30,0.04633204633204713,0.4814814814814816,0.34054054054054056,0.28945135611802314,0.3310281710281713,1.4407764447960711,Medium,0.3310281710281711,Base
92:00,0.04633204633204713,0.4814814814814816,0.35135135135135137,0.2930549597216267,0.3358930358930361,1.4557213003381713,Medium,0.33589303589303593,Base
92:30,0.04633204633204713,0.4814814814814816,0.32972972972972975,0.28584775251441946,0.32616330616330635,1.425985017459715,Medium,0.3261633061633062,Base
93:00,0.04633204633204713,0.4814814814814816,0.3027027027027028,0.2768387435054105,0.3140011440011442,1.389667400428376,Medium,0.31400114400114404,Base
93:30,0.04633204633204713,0.4814814814814816,0.3081081081081081,0.2786405453072123,0.3164335764335766,1.3968561630218692,Medium,0.31643357643357645,Base
94:00,0.0,0.4814814814814816,0.3243243243243244,0.268601935268602,0.3144644644644645,1.4186463465043464,Medium,0.31446446446446435,Base
94:30,0.0,0.4814814814814816,0.32972972972972975,0.27040373707040377,0.31689689689689693,1.425985017459715,Medium,0.31689689689689676,Base
95:00,0.0,0.4814814814814816,0.32972972972972975,0.27040373707040377,0.31689689689689693,1.425985017459715,Medium,0.31689689689689676,Base
95:30,0.0,0.4814814814814816,0.3351351351351351,0.27220553887220555,0.31932932932932934,1.4333616514292795,Medium,0.31932932932932917,Base
96:00,0.0,0.4814814814814816,0.345945945945946,0.2758091424758092,0.32419419419419426,1.4482295949590123,Medium,0.3241941941941941,Base
96:30,0.0,0.5555555555555556,0.35135135135135137,0.3023023023023023,0.3525525525525526,1.5577036047730393,Medium,0.3525525525525524,Base
97:00,0.0,0.5555555555555556,0.35135135135135137,0.3023023023023023,0.3525525525525526,1.5577036047730393,Medium,0.3525525525525524,Base
97:30,0.0,0.5555555555555556,0.3567567567567567,0.3041041041041041,0.354984984984985,1.565761620239395,Medium,0.3549849849849848,Base
98:00,0.0,0.5555555555555556,0.3621621621621622,0.30590590590590594,0.3574174174174174,1.573861319895899,Medium,0.3574174174174172,Base
98:30,0.0,0.5555555555555556,0.372972972972973,0.3095095095095095,0.3622822822822823,1.59018663542566,Medium,0.3622822822822821,Base
99:00,0.0,0.5555555555555556,0.37837837837837834,0.3113113113113113,0.3647147147147147,1.5984126859165164,Medium,0.3647147147147145,Base
99:30,0.0,0.5555555555555556,0.3837837837837838,0.31311311311311313,0.36714714714714713,1.6066812898442908,Medium,0.36714714714714697,Base
100:00,0.0,0.5555555555555556,0.38918918918918927,0.3149149149149149,0.36957957957957965,1.6149926673383141,Medium,0.36957957957957943,Base
100:30,0.0,0.5555555555555556,0.3945945945945946,0.3167167167167167,0.37201201201201206,1.623347039666649,Medium,0.37201201201201184,Base
101:00,0.0,0.5555555555555556,0.39999999999999997,0.3185185185185185,0.37444444444444447,1.6317446292419793,Medium,0.37444444444444425,Base
101:30,0.0,0.4814814814814816,0.40540540540540543,0.295628962295629,0.350950950950951,1.5328032842145851,Medium,0.35095095095095086,Base
102:00,0.0,0.4814814814814816,0.4108108108108109,0.2974307640974308,0.3533833833833835,1.540732490087407,Medium,0.3533833833833833,Base
102:30,0.0,0.4814814814814816,0.4108108108108109,0.2974307640974308,0.3533833833833835,1.540732490087407,Medium,0.3533833833833833,Base
103:00,0.0,0.4814814814814816,0.41621621621621624,0.2992325658992326,0.3558158158158159,1.5487027138171325,Medium,0.35581581581581573,Base
103:30,0.0,0.4814814814814816,0.4216216216216216,0.30103436770103437,0.3582482482482483,1.5567141675895233,Medium,0.35824824824824814,Base
104:00,0.0,0.4814814814814816,0.41621621621621624,0.2992325658992326,0.3558158158158159,1.5487027138171325,Medium,0.35581581581581573,Base
104:30,0.0,0.4814814814814816,0.41621621621621624,0.2992325658992326,0.3558158158158159,1.5487027138171325,Medium,0.35581581581581573,Base
105:00,0.0,0.4814814814814816,0.4216216216216216,0.30103436770103437,0.3582482482482483,1.5567141675895233,Medium,0.35824824824824814,Base
105:30,0.0,0.4814814814814816,0.42702702702702705,0.30283616950283626,0.3606806806806807,1.5647670646879794,Medium,0.36068068068068054,Base
106:00,0.0,0.4814814814814816,0.4216216216216216,0.30103436770103437,0.3582482482482483,1.5567141675895233,Medium,0.35824824824824814,Base
106:30,0.0,0.2592592592592593,0.4216216216216216,0.22696029362696027,0.28047047047047047,1.270542255365386,Low,0.2804704704704704,Base
107:00,0.0,0.2592592592592593,0.42702702702702705,0.22876209542876214,0.28290290290290293,1.2771147824578457,Low,0.2829029029029029,Base
107:30,0.0,0.2592592592592593,0.4324324324324325,0.23056389723056392,0.2853353353353354,1.283721309295059,Low,0.28533533533533534,Base
108:00,0.0,0.2592592592592593,0.43783783783783786,0.2323656990323657,0.2877677677677678,1.2903620117580266,Low,0.28776776776776775,Base
108:30,0.0,0.2592592592592593,0.4432432432432432,0.23416750083416749,0.2902002002002002,1.2970370666375837,Low,0.29020020020020015,Base
109:00,0.0,0.2592592592592593,0.4432432432432432,0.23416750083416749,0.2902002002002002,1.2970370666375837,Low,0.29020020020020015,Base
109:30,0.0,0.2592592592592593,0.4486486486486487,0.23596930263596935,0.29263263263263267,1.303746651639106,Low,0.2926326326326326,Base
110:00,0.0,0.2592592592592593,0.45405405405405413,0.23777110443777114,0.29506506506506514,1.3104909453872406,Low,0.2950650650650651,Base
110:30,0.04633204633204713,0.2592592592592593,0.4594594594594595,0.25501692168358864,0.30676390676390697,1.3172701274306615,Low,0.3067639067639069,Base
111:00,0.04633204633204713,0.2592592592592593,0.46486486486486484,0.2568187234853904,0.3091963391963394,1.32408437824685,Low,0.3091963391963393,Base
111:30,0.04633204633204713,0.5925925925925923,0.46486486486486484,0.3679298345965014,0.42586300586300596,1.7660264589022956,Medium,0.4258630058630057,Base
112:00,0.04633204633204713,0.5925925925925923,0.46486486486486484,0.3679298345965014,0.42586300586300596,1.7660264589022956,Medium,0.4258630058630057,Base
112:30,0.04633204633204713,0.5925925925925923,0.46486486486486484,0.3679298345965014,0.42586300586300596,1.7660264589022956,Medium,0.4258630058630057,Base
113:00,0.04633204633204713,0.5925925925925923,0.4702702702702703,0.36973163639830325,0.42829543829543837,1.775162130461521,Medium,0.42829543829543815,Base
113:30,0.04633204633204713,0.5925925925925923,0.47567567567567576,0.37153343820010504,0.43072787072787083,1.7843450609360463,Medium,0.4307278707278706,Base
114:00,0.04633204633204713,0.5925925925925923,0.4810810810810811,0.3733352400019068,0.43316030316030324,1.7935754947966864,Medium,0.433160303160303,Base
114:30,0.04633204633204713,0.5925925925925923,0.48648648648648646,0.3751370418037086,0.43559273559273565,1.8028536777789064,Medium,0.4355927355927354,Base
115:00,0.04633204633204713,0.5925925925925923,0.4918918918918919,0.3769388436055105,0.4380251680251681,1.8121798568893643,Medium,0.4380251680251679,Base
115:30,0.04633204633204713,0.5925925925925923,0.4972972972972974,0.3787406454073123,0.4404576004576006,1.821554280412484,Medium,0.44045760045760035,Base
116:00,0.04633204633204713,0.4444444444444444,0.5027027027027027,0.3311597311597314,0.39103818103818117,1.6259899694198066,Medium,0.39103818103818105,Base
116:30,0.04633204633204713,0.4444444444444444,0.508108108108108,0.3329615329615332,0.3934706134706136,1.6344012308957232,Medium,0.39347061347061346,Base
117:00,0.04633204633204713,0.4444444444444444,0.508108108108108,0.3329615329615332,0.3934706134706136,1.6344012308957232,Medium,0.39347061347061346,Base
117:30,0.04633204633204713,0.4444444444444444,0.5135135135135136,0.33476333476333503,0.3959030459030461,1.6428560039067337,Medium,0.395903045903046,Base
118:00,0.04633204633204713,0.4444444444444444,0.518918918918919,0.3365651365651368,0.3983354783354785,1.6513545135384198,Medium,0.3983354783354784,Base
118:30,0.04633204633204713,0.4444444444444444,0.518918918918919,0.3365651365651368,0.3983354783354785,1.6513545135384198,Medium,0.3983354783354784,Base
119:00,0.04633204633204713,0.4444444444444444,0.5027027027027027,0.3311597311597314,0.39103818103818117,1.6259899694198066,Medium,0.39103818103818105,Base
119:30,0.04633204633204713,0.4444444444444444,0.48648648648648646,0.325754325754326,0.3837408837408839,1.601015020686721,Medium,0.3837408837408837,Base
120:00,0.04633204633204713,0.4444444444444444,0.48648648648648646,0.325754325754326,0.3837408837408839,1.601015020686721,Medium,0.3837408837408837,Base
120:30,0.08880308880308974,0.4444444444444444,0.4918918918918919,0.34171314171314204,0.3946675246675248,1.6092970865168514,Medium,0.3946675246675247,Base
121:00,0.04633204633204713,0.5185185185185184,0.4918918918918919,0.35224748558081914,0.4120992420992422,1.7220383271411257,Medium,0.41209924209924204,Base
121:30,0.04633204633204713,0.5185185185185184,0.4972972972972974,0.3540492873826209,0.41453167453167467,1.7309464476791034,Medium,0.4145316745316745,Base
122:00,0.04633204633204713,0.5185185185185184,0.4918918918918919,0.35224748558081914,0.4120992420992422,1.7220383271411257,Medium,0.41209924209924204,Base
122:30,0.08880308880308974,0.5185185185185184,0.4810810810810811,0.3628008961342297,0.41572858572858584,1.704359384041849,Medium,0.4157285857285857,Base
123:00,0.08880308880308974,0.5185185185185184,0.47567567567567576,0.36099909433242794,0.41329615329615343,1.6955880908262586,Medium,0.41329615329615327,Base
123:30,0.08880308880308974,0.5185185185185184,0.47567567567567576,0.36099909433242794,0.41329615329615343,1.6955880908262586,Medium,0.41329615329615327,Base
124:00,0.08880308880308974,0.5185185185185184,0.46486486486486484,0.3573954907288243,0.40843128843128856,1.6781806934965517,Medium,0.4084312884312884,Base
124:30,0.08880308880308974,0.5185185185185184,0.4594594594594595,0.35559368892702253,0.40599885599885616,1.66954412595732,Medium,0.405998855998856,Base
125:00,0.08880308880308974,0.5185185185185184,0.4486486486486487,0.35199008532341897,0.40113399113399123,1.6524041034971158,Medium,0.40113399113399106,Base
125:30,0.08880308880308974,0.4444444444444444,0.4324324324324325,0.3218933218933222,0.3679107679107681,1.5205027884378806,Medium,0.36791076791076793,Base
126:00,0.08880308880308974,0.4444444444444444,0.4324324324324325,0.3218933218933222,0.3679107679107681,1.5205027884378806,Medium,0.36791076791076793,Base
126:30,0.08880308880308974,0.4444444444444444,0.4432432432432432,0.32549692549692577,0.3727756327756329,1.5362746277170691,Medium,0.37277563277563275,Base
127:00,0.08880308880308974,0.4444444444444444,0.45405405405405413,0.3291005291005294,0.37764049764049784,1.5522100647983403,Medium,0.3776404976404977,Base
127:30,0.08880308880308974,0.4444444444444444,0.4594594594594595,0.3309023309023312,0.38007293007293025,1.560239662130498,Medium,0.3800729300729301,Base
128:00,0.08880308880308974,0.4444444444444444,0.46486486486486484,0.33270413270413296,0.38250536250536266,1.5683107966455272,Medium,0.3825053625053625,Base
128:30,0.08880308880308974,0.4444444444444444,0.4702702702702703,0.33450593450593485,0.38493779493779506,1.5764236832156675,Medium,0.38493779493779495,Base
129:00,0.08880308880308974,0.4444444444444444,0.46486486486486484,0.33270413270413296,0.38250536250536266,1.5683107966455272,Medium,0.3825053625053625,Base
129:30,0.08880308880308974,0.4444444444444444,0.4594594594594595,0.3309023309023312,0.38007293007293025,1.560239662130498,Medium,0.3800729300729301,Base
130:00,0.13127413127413234,0.4444444444444444,0.46486486486486484,0.34686114686114716,0.39099957099957117,1.5683107966455272,Medium,0.39099957099957106,Base
130:30,0.13127413127413234,0.37037037037037046,0.47567567567567576,0.3257733924400595,0.3699385099385102,1.4808367410218677,Medium,0.36993850993851013,Base
131:00,0.13127413127413234,0.37037037037037046,0.4810810810810811,0.32757519424186127,0.3723709423709426,1.4884971234757174,Medium,0.37237094237094254,Base
131:30,0.13127413127413234,0.37037037037037046,0.48648648648648646,0.32937699604366305,0.374803374803375,1.4961971331603845,Medium,0.37480337480337494,Base
132:00,0.13127413127413234,0.37037037037037046,0.4918918918918919,0.33117879784546495,0.37723580723580746,1.5039369750679086,Medium,0.3772358072358074,Base
132:30,0.13127413127413234,0.37037037037037046,0.4972972972972974,0.33298059964726673,0.3796682396682399,1.5117168552507545,Medium,0.37966823966823987,Base
133:00,0.13127413127413234,0.37037037037037046,0.4972972972972974,0.33298059964726673,0.3796682396682399,1.5117168552507545,Medium,0.37966823966823987,Base
133:30,0.13127413127413234,0.37037037037037046,0.4972972972972974,0.33298059964726673,0.3796682396682399,1.5117168552507545,Medium,0.37966823966823987,Base
134:00,0.13127413127413234,0.37037037037037046,0.4972972972972974,0.33298059964726673,0.3796682396682399,1.5117168552507545,Medium,0.37966823966823987,Base
134:30,0.13127413127413234,0.37037037037037046,0.5027027027027027,0.3347824014490685,0.38210067210067233,1.519536980827299,Medium,0.3821006721006722,Base
135:00,0.13127413127413234,0.37037037037037046,0.508108108108108,0.3365842032508703,0.38453310453310474,1.527397559987344,Medium,0.38453310453310463,Base
135:30,0.13127413127413234,0.37037037037037046,0.508108108108108,0.3365842032508703,0.38453310453310474,1.527397559987344,Medium,0.38453310453310463,Base
136:00,0.17760617760617947,0.37037037037037046,0.508108108108108,0.352028218694886,0.39379951379951417,1.527397559987344,Medium,0.39379951379951406,Base
136:30,0.17760617760617947,0.37037037037037046,0.508108108108108,0.352028218694886,0.39379951379951417,1.527397559987344,Medium,0.39379951379951406,Base
137:00,0.13127413127413234,0.37037037037037046,0.508108108108108,0.3365842032508703,0.38453310453310474,1.527397559987344,Medium,0.38453310453310463,Base
137:30,0.13127413127413234,0.37037037037037046,0.5135135135135136,0.33838600505267213,0.38696553696553726,1.5352988019976592,Medium,0.38696553696553715,Base
138:00,0.17760617760617947,0.37037037037037046,0.518918918918919,0.3556318222984896,0.3986643786643791,1.543240917207553,Medium,0.398664378664379,Base
138:30,0.17760617760617947,0.37037037037037046,0.0,0.18265884932551665,0.16515086515086555,1.1776911371875327,Low,0.16515086515086547,Base
139:00,0.17760617760617947,0.37037037037037046,0.46486486486486484,0.33761380428047155,0.3743400543400547,1.4656340431078747,Medium,0.3743400543400547,Base
139:30,0.17760617760617947,0.37037037037037046,0.46486486486486484,0.33761380428047155,0.3743400543400547,1.4656340431078747,Medium,0.3743400543400547,Base
140:00,0.17760617760617947,0.37037037037037046,0.47567567567567576,0.34121740788407523,0.3792049192049196,1.4808367410218677,Medium,0.37920491920491955,Base
140:30,0.13127413127413234,0.37037037037037046,0.48648648648648646,0.32937699604366305,0.374803374803375,1.4961971331603845,Medium,0.37480337480337494,Base
141:00,0.17760617760617947,0.37037037037037046,0.4918918918918919,0.34662281328948064,0.3865022165022169,1.5039369750679086,Medium,0.38650221650221683,Base
141:30,0.17760617760617947,0.37037037037037046,0.4972972972972974,0.3484246150912824,0.38893464893464935,1.5117168552507545,Medium,0.3889346489346493,Base
142:00,0.17760617760617947,0.37037037037037046,0.4972972972972974,0.3484246150912824,0.38893464893464935,1.5117168552507545,Medium,0.3889346489346493,Base
142:30,0.17760617760617947,0.33333333333333326,0.4810810810810811,0.3306735306735313,0.368674388674389,1.4389466935732023,Medium,0.36867438867438895,Base
143:00,0.17760617760617947,0.33333333333333326,0.46486486486486484,0.3252681252681258,0.3613770913770917,1.4168446999708326,Medium,0.3613770913770917,Base
143:30,0.17760617760617947,0.33333333333333326,0.47567567567567576,0.3288717288717295,0.3662419562419566,1.4315413168145732,Medium,0.36624195624195655,Base
144:00,0.17760617760617947,0.33333333333333326,0.4810810810810811,0.3306735306735313,0.368674388674389,1.4389466935732023,Medium,0.36867438867438895,Base
144:30,0.17760617760617947,0.33333333333333326,0.4918918918918919,0.3342771342771349,0.3735392535392539,1.45387256951038,Medium,0.3735392535392538,Base
145:00,0.17760617760617947,0.33333333333333326,0.4972972972972974,0.3360789360789367,0.37597168597168634,1.4613934660502144,Medium,0.3759716859716863,Base
145:30,0.17760617760617947,0.33333333333333326,0.5027027027027027,0.33788073788073847,0.3784041184041187,1.4689532682589146,Medium,0.3784041184041187,Base
146:00,0.17760617760617947,0.33333333333333326,0.508108108108108,0.33968253968254025,0.3808365508365511,1.4765521773958736,Medium,0.3808365508365511,Base
146:30,0.13127413127413234,0.33333333333333326,0.5135135135135136,0.3260403260403264,0.3740025740025742,1.4841903957616014,Medium,0.3740025740025742,Base
147:00,0.13127413127413234,0.33333333333333326,0.518918918918919,0.3278421278421282,0.3764350064350066,1.4918681267031089,Medium,0.3764350064350066,Base
147:30,0.13127413127413234,0.33333333333333326,0.5243243243243243,0.32964392964392997,0.378867438867439,1.499585574619324,Medium,0.378867438867439,Base
148:00,0.13127413127413234,0.33333333333333326,0.5297297297297296,0.33144573144573175,0.3812998712998714,1.5073429449665328,Medium,0.3812998712998714,Base
148:30,0.13127413127413234,0.33333333333333326,0.03243243243243238,0.16567996567996598,0.15751608751608767,1.1384870962662026,Low,0.1575160875160876,Base
149:00,0.13127413127413234,0.33333333333333326,0.5405405405405406,0.3350493350493354,0.38616473616473634,1.5229782800987068,Medium,0.3861647361647363,Base
149:30,0.13127413127413234,0.33333333333333326,0.5459459459459459,0.33685113685113716,0.38859716859716875,1.5308566611323997,Medium,0.3885971685971687,Base
150:00,0.13127413127413234,0.33333333333333326,0.5513513513513513,0.33865293865293894,0.39102960102960116,1.5387757971056233,Medium,0.3910296010296011,Base
150:30,0.13127413127413234,0.33333333333333326,0.0432432432432433,0.1692835692835696,0.1623809523809526,1.1384870962662026,Low,0.16238095238095251,Base
151:00,0.13127413127413234,0.33333333333333326,0.5621621621621622,0.3422565422565426,0.3958944658944661,1.5547371782640158,Medium,0.39589446589446603,Base
151:30,0.13127413127413234,0.33333333333333326,0.5513513513513513,0.33865293865293894,0.39102960102960116,1.5387757971056233,Medium,0.3910296010296011,Base
152:00,0.17760617760617947,0.33333333333333326,0.5243243243243243,0.34508794508794566,0.38813384813384844,1.499585574619324,Medium,0.38813384813384844,Base
152:30,0.17760617760617947,0.33333333333333326,0.5243243243243243,0.34508794508794566,0.38813384813384844,1.499585574619324,Medium,0.38813384813384844,Base
153:00,0.17760617760617947,0.33333333333333326,0.03243243243243238,0.18112398112398168,0.1667824967824971,1.1384870962662026,Low,0.16678249678249701,Base
153:30,0.17760617760617947,0.33333333333333326,0.5459459459459459,0.3522951522951529,0.3978635778635782,1.5308566611323997,Medium,0.3978635778635781,Base
154:00,0.17760617760617947,0.33333333333333326,0.5405405405405406,0.3504933504933511,0.39543114543114577,1.5229782800987068,Medium,0.3954311454311457,Base
154:30,0.17760617760617947,0.33333333333333326,0.535135135135135,0.3486915486915492,0.39299871299871325,1.5151404442638474,Medium,0.39299871299871325,Base
155:00,0.17760617760617947,0.33333333333333326,0.5405405405405406,0.3504933504933511,0.39543114543114577,1.5229782800987068,Medium,0.3954311454311457,Base
155:30,0.17760617760617947,0.33333333333333326,0.03783783783783784,0.18292578292578354,0.16921492921492956,1.1384870962662026,Low,0.16921492921492948,Base
156:00,0.17760617760617947,0.33333333333333326,0.5459459459459459,0.3522951522951529,0.3978635778635782,1.5308566611323997,Medium,0.3978635778635781,Base
156:30,0.17760617760617947,0.33333333333333326,0.5513513513513513,0.3540969540969547,0.4002960102960106,1.5387757971056233,Medium,0.40029601029601053,Base
157:00,0.17760617760617947,0.33333333333333326,0.5621621621621622,0.3577005577005583,0.4051608751608755,1.5547371782640158,Medium,0.40516087516087546,Base
157:30,0.22007722007722208,0.33333333333333326,0.04864864864864865,0.2006864006864013,0.18257400257400294,1.1606493635949768,Low,0.18257400257400289,Base
158:00,0.22007722007722208,0.33333333333333326,0.5729729729729729,0.3754611754611761,0.4185199485199489,1.6014432231883626,Medium,0.4185199485199488,Base
158:30,0.22007722007722208,0.33333333333333326,0.5783783783783782,0.37726297726297786,0.4209523809523813,1.6097275041140797,Medium,0.4209523809523812,Base
159:00,0.22007722007722208,0.33333333333333326,0.5891891891891892,0.3808665808665815,0.4258172458172462,1.6264248516436166,Medium,0.4258172458172461,Base
159:30,0.22007722007722208,0.33333333333333326,0.5945945945945945,0.38266838266838327,0.42824967824967863,1.6348383627693863,Medium,0.4282496782496785,Base
160:00,0.22007722007722208,0.33333333333333326,0.6000000000000001,0.38447018447018516,0.43068211068211115,1.6432953970677098,Medium,0.43068211068211104,Base
160:30,0.22007722007722208,0.33333333333333326,0.6108108108108108,0.38807378807378873,0.43554697554697597,1.6603409369298296,Medium,0.43554697554697586,Base
161:00,0.22007722007722208,0.33333333333333326,0.6162162162162161,0.3898755898755905,0.4379794079794084,1.6689298962852606,Medium,0.43797940797940826,Base
161:30,0.2625482625482647,0.33333333333333326,0.6216216216216215,0.4058344058344065,0.4489060489060493,1.7166266962367573,Medium,0.4489060489060492,Base
162:00,0.2625482625482647,0.11111111111111094,0.6270270270270271,0.3335621335621342,0.3735607035607039,1.5156138598460422,Medium,0.3735607035607039,Base
162:30,0.2625482625482647,0.11111111111111094,0.6324324324324324,0.335363935363936,0.37599313599313633,1.5234541446641812,Medium,0.37599313599313633,Base
163:00,0.2625482625482647,0.11111111111111094,0.6378378378378378,0.3371657371657378,0.37842556842556874,1.531334987349768,Medium,0.37842556842556874,Base
163:30,0.2625482625482647,0.11111111111111094,0.6432432432432433,0.33896753896753967,0.38085800085800126,1.5392565977090342,Medium,0.38085800085800126,Base
164:00,0.2625482625482647,0.11111111111111094,0.6486486486486487,0.34076934076934146,0.38329043329043366,1.5472191866335405,Medium,0.38329043329043366,Base
164:30,0.2625482625482647,0.11111111111111094,0.6594594594594594,0.344372944372945,0.3881552981552985,1.5632681492048828,Medium,0.3881552981552985,Base
165:00,0.2625482625482647,0.11111111111111094,0.6594594594594594,0.344372944372945,0.3881552981552985,1.5632681492048828,Medium,0.3881552981552985,Base
165:30,0.2625482625482647,0.11111111111111094,0.6648648648648647,0.3461747461747468,0.3905877305877309,1.5713549501121642,Medium,0.3905877305877309,Base
166:00,0.2625482625482647,0.11111111111111094,0.6648648648648647,0.3461747461747468,0.3905877305877309,1.5713549501121642,Medium,0.3905877305877309,Base
166:30,0.3050193050193073,0.11111111111111094,0.6702702702702703,0.36213356213356285,0.4015143715143719,1.6162631292244904,Medium,0.40151437151437197,Base
167:00,0.2625482625482647,0.11111111111111094,0.6702702702702703,0.34797654797654864,0.3930201630201634,1.579483584116952,Medium,0.3930201630201634,Base
167:30,0.3050193050193073,0.18518518518518534,0.6756756756756757,0.3886267219600561,0.4298727298727304,1.624624073664167,Medium,0.4298727298727304,Base
168:00,0.3050193050193073,0.18518518518518534,0.681081081081081,0.3904285237618579,0.4323051623051628,1.6330282693484333,Medium,0.4323051623051628,Base
168:30,0.3050193050193073,0.18518518518518534,0.681081081081081,0.3904285237618579,0.4323051623051628,1.6330282693484333,Medium,0.4323051623051628,Base
169:00,0.3050193050193073,0.18518518518518534,0.681081081081081,0.3904285237618579,0.4323051623051628,1.6330282693484333,Medium,0.4323051623051628,Base
169:30,0.3050193050193073,0.18518518518518534,0.681081081081081,0.3904285237618579,0.4323051623051628,1.6330282693484333,Medium,0.4323051623051628,Base
170:00,0.3050193050193073,0.18518518518518534,0.10810810810810817,0.19943753277086693,0.174467324467325,1.0674973937303245,Low,0.17446732446732502,Base
170:30,0.3050193050193073,0.18518518518518534,0.681081081081081,0.3904285237618579,0.4323051623051628,1.6330282693484333,Medium,0.4323051623051628,Base
171:00,0.3050193050193073,0.18518518518518534,0.6756756756756757,0.3886267219600561,0.4298727298727304,1.624624073664167,Medium,0.4298727298727304,Base
171:30,0.3050193050193073,0.18518518518518534,0.6756756756756757,0.3886267219600561,0.4298727298727304,1.624624073664167,Medium,0.4298727298727304,Base
172:00,0.3050193050193073,0.18518518518518534,0.6864864864864866,0.3922303255636597,0.4347375947375953,1.6414759400163865,Medium,0.4347375947375953,Base
172:30,0.3050193050193073,0.18518518518518534,0.6918918918918919,0.3940321273654615,0.43717002717002773,1.6499673105645274,Medium,0.43717002717002773,Base
173:00,0.35135135135135087,0.18518518518518534,0.6918918918918919,0.40947614280947603,0.44643643643643643,1.6919249809803212,Medium,0.44643643643643643,Base
173:30,0.3050193050193073,0.18518518518518534,0.6972972972972973,0.3958339291672633,0.43960245960246014,1.6585026070527495,Medium,0.43960245960246014,Base
174:00,0.3050193050193073,0.18518518518518534,0.6972972972972973,0.3958339291672633,0.43960245960246014,1.6585026070527495,Medium,0.43960245960246014,Base
174:30,0.35135135135135087,0.4074074074074072,0.7027027027027026,0.48715382048715355,0.5290790790790789,2.082559607424324,High,0.5290790790790787,Base
175:00,0.35135135135135087,0.4074074074074072,0.7027027027027026,0.48715382048715355,0.5290790790790789,2.082559607424324,High,0.5290790790790787,Base
175:30,0.35135135135135087,0.4074074074074072,0.708108108108108,0.48895562228895534,0.5315115115115113,2.091413003086597,High,0.5315115115115112,Base
176:00,0.35135135135135087,0.4074074074074072,0.708108108108108,0.48895562228895534,0.5315115115115113,2.091413003086597,High,0.5315115115115112,Base
176:30,0.35135135135135087,0.4074074074074072,0.7135135135135136,0.49075742409075723,0.5339439439439438,2.091413003086597,High,0.5339439439439437,Base
177:00,0.35135135135135087,0.4074074074074072,0.7135135135135136,0.49075742409075723,0.5339439439439438,2.091413003086597,High,0.5339439439439437,Base
177:30,0.35135135135135087,0.4074074074074072,0.7189189189189189,0.492559225892559,0.5363763763763763,2.091413003086597,High,0.536376376376376,Base
178:00,0.35135135135135087,0.4074074074074072,0.7243243243243243,0.4943610276943608,0.5388088088088087,2.091413003086597,High,0.5388088088088085,Base
178:30,0.35135135135135087,0.4074074074074072,0.7297297297297298,0.49616282949616264,0.5412412412412412,2.091413003086597,High,0.5412412412412411,Base
179:00,0.35135135135135087,0.4074074074074072,0.7351351351351352,0.4979646312979644,0.5436736736736736,2.091413003086597,High,0.5436736736736734,Base
179:30,0.35135135135135087,0.2962962962962965,0.7405405405405405,0.4627293960627293,0.5072172172172172,1.8894261489567994,High,0.5072172172172171,Base
180:00,0.35135135135135087,0.2962962962962965,0.7459459459459459,0.46453119786453106,0.5096496496496496,1.8894261489567994,High,0.5096496496496494,Base
180:30,0.35135135135135087,0.2962962962962965,0.7459459459459459,0.46453119786453106,0.5096496496496496,1.8894261489567994,High,0.5096496496496494,Base
181:00,0.35135135135135087,0.2962962962962965,0.7513513513513512,0.46633299966633285,0.5120820820820821,1.8894261489567994,High,0.512082082082082,Base
181:30,0.3938223938223935,0.2962962962962965,0.14594594594594595,0.2786882120215453,0.24814385814385817,1.2328049056544754,Low,0.2481438581438581,Base
182:00,0.3938223938223935,0.2962962962962965,0.7567567567567568,0.48229181562514895,0.523008723008723,1.9334229558699718,High,0.523008723008723,Base
182:30,0.3938223938223935,0.2962962962962965,0.7567567567567568,0.48229181562514895,0.523008723008723,1.9334229558699718,High,0.523008723008723,Base
183:00,0.3938223938223935,0.2962962962962965,0.7621621621621621,0.48409361742695073,0.5254411554411554,1.9334229558699718,High,0.5254411554411553,Base
183:30,0.3938223938223935,0.2962962962962965,0.7675675675675675,0.4858954192287525,0.5278735878735878,1.9334229558699718,High,0.5278735878735878,Base
184:00,0.3938223938223935,0.2962962962962965,0.7729729729729731,0.48769722103055435,0.5303060203060204,1.9334229558699718,High,0.5303060203060204,Base
184:30,0.3938223938223935,0.2962962962962965,0.7729729729729731,0.48769722103055435,0.5303060203060204,1.9334229558699718,High,0.5303060203060204,Base
185:00,0.3938223938223935,0.2962962962962965,0.7783783783783784,0.48949902283235613,0.5327384527384528,1.9334229558699718,High,0.5327384527384527,Base
185:30,0.3938223938223935,0.2962962962962965,0.7837837837837838,0.4913008246341579,0.5351708851708852,1.9334229558699718,High,0.5351708851708852,Base
186:00,0.43629343629343253,0.2962962962962965,0.15135135135135142,0.29464702798036013,0.2590704990704984,1.2615117590160816,Low,0.2590704990704984,Base
186:30,0.43629343629343253,0.2962962962962965,0.7729729729729731,0.5018542351875673,0.5388002288002283,1.9784442638040582,High,0.538800228800228,Base
187:00,0.43629343629343253,0.2962962962962965,0.7783783783783784,0.5036560369893691,0.5412326612326606,1.9784442638040582,High,0.5412326612326606,Base
187:30,0.43629343629343253,0.2962962962962965,0.7783783783783784,0.5036560369893691,0.5412326612326606,1.9784442638040582,High,0.5412326612326606,Base
188:00,0.43629343629343253,0.2962962962962965,0.7783783783783784,0.5036560369893691,0.5412326612326606,1.9784442638040582,High,0.5412326612326606,Base
188:30,0.43629343629343253,0.2962962962962965,0.7837837837837838,0.5054578387911709,0.5436650936650931,1.9784442638040582,High,0.5436650936650929,Base
189:00,0.43629343629343253,0.2962962962962965,0.7837837837837838,0.5054578387911709,0.5436650936650931,1.9784442638040582,High,0.5436650936650929,Base
189:30,0.43629343629343253,0.2962962962962965,0.7891891891891891,0.5072596405929727,0.5460975260975254,1.9784442638040582,High,0.5460975260975254,Base
190:00,0.43629343629343253,0.2962962962962965,0.7891891891891891,0.5072596405929727,0.5460975260975254,1.9784442638040582,High,0.5460975260975254,Base
190:30,0.43629343629343253,0.2222222222222221,0.7891891891891891,0.48256828256828127,0.5201716001715994,1.8489162171330213,Medium,0.5201716001715992,Base
191:00,0.43629343629343253,0.2222222222222221,0.7891891891891891,0.48256828256828127,0.5201716001715994,1.8489162171330213,Medium,0.5201716001715992,Base
191:30,0.43629343629343253,0.2222222222222221,0.7891891891891891,0.48256828256828127,0.5201716001715994,1.8489162171330213,Medium,0.5201716001715992,Base
192:00,0.47876447876447514,0.2222222222222221,0.7783783783783784,0.4931216931216919,0.523800943800943,1.891969717715062,High,0.523800943800943,Base
192:30,0.43629343629343253,0.2222222222222221,0.7621621621621621,0.47355927355927224,0.5080094380094372,1.8489162171330213,Medium,0.5080094380094371,Base
193:00,0.47876447876447514,0.2222222222222221,0.15135135135135142,0.28411268411268287,0.2416387816387809,1.2063731540310232,Low,0.2416387816387809,Base
193:30,0.47876447876447514,0.2222222222222221,0.7729729729729731,0.4913198913198901,0.5213685113685107,1.891969717715062,High,0.5213685113685107,Base
194:00,0.47876447876447514,0.2222222222222221,0.7783783783783784,0.4931216931216919,0.523800943800943,1.891969717715062,High,0.523800943800943,Base
194:30,0.47876447876447514,0.2222222222222221,0.7783783783783784,0.4931216931216919,0.523800943800943,1.891969717715062,High,0.523800943800943,Base
195:00,0.47876447876447514,0.2222222222222221,0.7783783783783784,0.4931216931216919,0.523800943800943,1.891969717715062,High,0.523800943800943,Base
195:30,0.47876447876447514,0.2222222222222221,0.7837837837837838,0.4949234949234937,0.5262333762333755,1.891969717715062,High,0.5262333762333755,Base
196:00,0.47876447876447514,0.2222222222222221,0.7891891891891891,0.4967252967252955,0.5286658086658078,1.891969717715062,High,0.5286658086658078,Base
196:30,0.47876447876447514,0.2222222222222221,0.7891891891891891,0.4967252967252955,0.5286658086658078,1.891969717715062,High,0.5286658086658078,Base
197:00,0.47876447876447514,0.2222222222222221,0.7891891891891891,0.4967252967252955,0.5286658086658078,1.891969717715062,High,0.5286658086658078,Base
197:30,0.47876447876447514,0.2222222222222221,0.15675675675675677,0.28591448591448465,0.2440712140712133,1.2063731540310232,Low,0.2440712140712133,Base
198:00,0.47876447876447514,0.2222222222222221,0.7891891891891891,0.4967252967252955,0.5286658086658078,1.891969717715062,High,0.5286658086658078,Base
198:30,0.47876447876447514,0.2222222222222221,0.7945945945945945,0.49852709852709726,0.5310982410982403,1.891969717715062,High,0.5310982410982403,Base
199:00,0.47876447876447514,0.2222222222222221,0.8,0.5003289003288991,0.5335306735306728,1.891969717715062,High,0.5335306735306728,Base
199:30,0.47876447876447514,0.2222222222222221,0.8,0.5003289003288991,0.5335306735306728,1.891969717715062,High,0.5335306735306728,Base
200:00,0.5212355212355178,0.2222222222222221,0.8054054054054054,0.5162877162877151,0.5444573144573137,1.9360257536717138,High,0.5444573144573137,Base
200:30,0.5212355212355178,0.2222222222222221,0.8108108108108107,0.5180895180895169,0.5468897468897461,1.9360257536717138,High,0.5468897468897462,Base
201:00,0.5212355212355178,0.2222222222222221,0.8108108108108107,0.5180895180895169,0.5468897468897461,1.9360257536717138,High,0.5468897468897462,Base
201:30,0.5212355212355178,0.2222222222222221,0.8108108108108107,0.5180895180895169,0.5468897468897461,1.9360257536717138,High,0.5468897468897462,Base
202:00,0.5212355212355178,0.2222222222222221,0.8108108108108107,0.5180895180895169,0.5468897468897461,1.9360257536717138,High,0.5468897468897462,Base
202:30,0.5212355212355178,0.2222222222222221,0.8108108108108107,0.5180895180895169,0.5468897468897461,1.9360257536717138,High,0.5468897468897462,Base
203:00,0.5212355212355178,0.0,0.8108108108108107,0.44401544401544285,0.4691119691119684,1.882317586313019,High,0.4691119691119685,Base
203:30,0.5212355212355178,0.0,0.8108108108108107,0.44401544401544285,0.4691119691119684,1.882317586313019,High,0.4691119691119685,Base
204:00,0.5212355212355178,0.0,0.8162162162162163,0.4458172458172447,0.4715444015444009,1.882317586313019,High,0.471544401544401,Base
204:30,0.5212355212355178,0.0,0.17297297297297304,0.23140283140283024,0.18208494208494141,1.200218683325928,Low,0.18208494208494153,Base
205:00,0.5675675675675649,0.0,0.8054054054054054,0.45765765765765676,0.4759459459459454,1.9155408290138962,High,0.4759459459459456,Base
205:30,0.5675675675675649,0.0,0.8,0.455855855855855,0.473513513513513,1.9155408290138962,High,0.4735135135135132,Base
206:00,0.5675675675675649,0.0,0.8,0.455855855855855,0.473513513513513,1.9155408290138962,High,0.4735135135135132,Base
206:30,0.5675675675675649,0.0,0.8054054054054054,0.45765765765765676,0.4759459459459454,1.9155408290138962,High,0.4759459459459456,Base
207:00,0.5675675675675649,0.0,0.8054054054054054,0.45765765765765676,0.4759459459459454,1.9155408290138962,High,0.4759459459459456,Base
207:30,0.5675675675675649,0.0,0.8108108108108107,0.45945945945945854,0.4783783783783778,1.9155408290138962,High,0.478378378378378,Base
208:00,0.5675675675675649,0.0,0.8162162162162163,0.4612612612612604,0.48081081081081034,1.9155408290138962,High,0.4808108108108105,Base
208:30,0.5675675675675649,0.0,0.8162162162162163,0.4612612612612604,0.48081081081081034,1.9155408290138962,High,0.4808108108108105,Base
209:00,0.5675675675675649,0.0,0.8162162162162163,0.4612612612612604,0.48081081081081034,1.9155408290138962,High,0.4808108108108105,Base
209:30,0.5675675675675649,0.18518518518518534,0.8162162162162163,0.5229896563229889,0.5456256256256252,1.9155408290138962,High,0.5456256256256253,Base
210:00,0.5675675675675649,0.18518518518518534,0.8162162162162163,0.5229896563229889,0.5456256256256252,1.9155408290138962,High,0.5456256256256253,Base
210:30,0.5675675675675649,0.18518518518518534,0.8,0.5175842509175834,0.5383283283283279,1.9155408290138962,High,0.538328328328328,Base
211:00,0.5675675675675649,0.18518518518518534,0.15135135135135142,0.3013680347013672,0.24643643643643598,1.2214027581601699,Low,0.246436436436436,Base
211:30,0.5675675675675649,0.18518518518518534,0.7675675675675675,0.5067734401067726,0.5237337337337332,1.9155408290138962,High,0.5237337337337333,Base
212:00,0.5675675675675649,0.18518518518518534,0.7459459459459459,0.49956623289956537,0.5140040040040035,1.9155408290138962,High,0.5140040040040035,Base
212:30,0.5675675675675649,0.18518518518518534,0.7351351351351352,0.4959626292959618,0.5091391391391387,1.9155408290138962,High,0.5091391391391387,Base
213:00,0.5675675675675649,0.18518518518518534,0.1405405405405405,0.29776443109776357,0.24157157157157105,1.2214027581601699,Low,0.2415715715715711,Base
213:30,0.5675675675675649,0.18518518518518534,0.7513513513513512,0.5013680347013671,0.5164364364364359,1.9155408290138962,High,0.516436436436436,Base
214:00,0.5675675675675649,0.18518518518518534,0.7567567567567568,0.503169836503169,0.5188688688688684,1.9155408290138962,High,0.5188688688688685,Base
214:30,0.5675675675675649,0.18518518518518534,0.7567567567567568,0.503169836503169,0.5188688688688684,1.9155408290138962,High,0.5188688688688685,Base
215:00,0.5675675675675649,0.18518518518518534,0.7621621621621621,0.5049716383049708,0.5213013013013008,1.9155408290138962,High,0.5213013013013008,Base
215:30,0.5675675675675649,0.18518518518518534,0.7621621621621621,0.5049716383049708,0.5213013013013008,1.9155408290138962,High,0.5213013013013008,Base
216:00,0.5675675675675649,0.18518518518518534,0.7675675675675675,0.5067734401067726,0.5237337337337332,1.9155408290138962,High,0.5237337337337333,Base
216:30,0.5675675675675649,0.18518518518518534,0.7729729729729731,0.5085752419085744,0.5261661661661657,1.9155408290138962,High,0.5261661661661658,Base
217:00,0.6100386100386075,0.18518518518518534,0.7729729729729731,0.5227322560655886,0.5346603746603743,1.9155408290138962,High,0.5346603746603742,Base
217:30,0.6100386100386075,0.18518518518518534,0.7729729729729731,0.5227322560655886,0.5346603746603743,1.9155408290138962,High,0.5346603746603742,Base
218:00,0.5675675675675649,0.18518518518518534,0.7783783783783784,0.5103770437103762,0.5285985985985981,1.9155408290138962,High,0.5285985985985981,Base
218:30,0.6100386100386075,0.18518518518518534,0.15675675675675677,0.3173268506601832,0.25736307736307695,1.2214027581601699,Low,0.25736307736307695,Base
219:00,0.6100386100386075,0.18518518518518534,0.7783783783783784,0.5245340578673904,0.5370928070928067,1.9155408290138962,High,0.5370928070928067,Base
219:30,0.6100386100386075,0.18518518518518534,0.7729729729729731,0.5227322560655886,0.5346603746603743,1.9155408290138962,High,0.5346603746603742,Base
220:00,0.6100386100386075,0.18518518518518534,0.7675675675675675,0.5209304542637868,0.5322279422279418,1.9155408290138962,High,0.5322279422279417,Base
220:30,0.6100386100386075,0.18518518518518534,0.1405405405405405,0.3119214452547778,0.2500657800657796,1.2214027581601699,Low,0.2500657800657796,Base
221:00,0.6100386100386075,0.18518518518518534,0.7459459459459459,0.5137232470565796,0.522498212498212,1.9155408290138962,High,0.522498212498212,Base
221:30,0.6100386100386075,0.18518518518518534,0.1405405405405405,0.3119214452547778,0.2500657800657796,1.2214027581601699,Low,0.2500657800657796,Base
222:00,0.6100386100386075,0.18518518518518534,0.7513513513513512,0.5155250488583814,0.5249306449306445,1.9155408290138962,High,0.5249306449306443,Base
222:30,0.6100386100386075,0.18518518518518534,0.7513513513513512,0.5155250488583814,0.5249306449306445,1.9155408290138962,High,0.5249306449306443,Base
223:00,0.6100386100386075,0.18518518518518534,0.1405405405405405,0.3119214452547778,0.2500657800657796,1.2214027581601699,Low,0.2500657800657796,Base
223:30,0.6100386100386075,0.18518518518518534,0.13513513513513514,0.310119643452976,0.24763334763334718,1.2214027581601699,Low,0.2476333476333472,Base
224:00,0.6525096525096501,0.18518518518518534,0.1405405405405405,0.326078459411792,0.2585599885599881,1.2214027581601699,Low,0.25855998855998813,Base
224:30,0.6525096525096501,0.18518518518518534,0.7459459459459459,0.5278802612135938,0.5309924209924205,1.9155408290138962,High,0.5309924209924206,Base
225:00,0.6525096525096501,0.18518518518518534,0.7351351351351352,0.5242766576099902,0.5261275561275557,1.9155408290138962,High,0.5261275561275558,Base
225:30,0.6525096525096501,0.18518518518518534,0.7351351351351352,0.5242766576099902,0.5261275561275557,1.9155408290138962,High,0.5261275561275558,Base
226:00,0.6525096525096501,0.18518518518518534,0.7405405405405405,0.526078459411792,0.5285599885599881,1.9155408290138962,High,0.5285599885599881,Base
226:30,0.6525096525096501,0.18518518518518534,0.13513513513513514,0.3242766576099902,0.25612755612755567,1.2214027581601699,Low,0.2561275561275557,Base
227:00,0.6949806949806927,0.18518518518518534,0.7405405405405405,0.5402354735688062,0.5370541970541967,1.9155408290138962,High,0.5370541970541967,Base
227:30,0.6525096525096501,0.18518518518518534,0.7405405405405405,0.526078459411792,0.5285599885599881,1.9155408290138962,High,0.5285599885599881,Base
228:00,0.6949806949806927,0.18518518518518534,0.7405405405405405,0.5402354735688062,0.5370541970541967,1.9155408290138962,High,0.5370541970541967,Base
228:30,0.6949806949806927,0.18518518518518534,0.1297297297297298,0.3366318699652026,0.2621893321893318,1.2214027581601699,Low,0.2621893321893319,Base
229:00,0.6525096525096501,0.18518518518518534,0.7297297297297298,0.5224748558081884,0.5236951236951233,1.9155408290138962,High,0.5236951236951233,Base
229:30,0.6525096525096501,0.18518518518518534,0.7243243243243243,0.5206730540063865,0.5212626912626909,1.9155408290138962,High,0.5212626912626908,Base
230:00,0.6525096525096501,0.18518518518518534,0.7297297297297298,0.5224748558081884,0.5236951236951233,1.9155408290138962,High,0.5236951236951233,Base
230:30,0.6949806949806927,0.18518518518518534,0.7351351351351352,0.5384336717670044,0.5346217646217643,1.9155408290138962,High,0.5346217646217644,Base
231:00,0.6525096525096501,0.18518518518518534,0.13513513513513514,0.3242766576099902,0.25612755612755567,1.2214027581601699,Low,0.2561275561275557,Base
231:30,0.6525096525096501,0.18518518518518534,0.7405405405405405,0.526078459411792,0.5285599885599881,1.9155408290138962,High,0.5285599885599881,Base
232:00,0.6525096525096501,0.18518518518518534,0.13513513513513514,0.3242766576099902,0.25612755612755567,1.2214027581601699,Low,0.2561275561275557,Base
232:30,0.6525096525096501,0.18518518518518534,0.12432432432432433,0.3206730540063866,0.25126269126269085,1.2214027581601699,Low,0.2512626912626909,Base
233:00,0.6525096525096501,0.18518518518518534,0.7027027027027026,0.5134658467991794,0.5115329615329611,1.9074319376368847,High,0.5115329615329611,Base
233:30,0.6525096525096501,0.18518518518518534,0.6486486486486487,0.4954478287811614,0.48720863720863683,1.811510537039403,Medium,0.48720863720863683,Base
234:00,0.6525096525096501,0.18518518518518534,0.6000000000000001,0.4792316125649452,0.46531674531674494,1.7293125670905236,Medium,0.465316745316745,Base
234:30,0.6949806949806927,0.18518518518518534,0.5783783783783782,0.4861814195147521,0.46408122408122365,1.6939875858126323,Medium,0.4640812240812237,Base
235:00,0.6949806949806927,0.18518518518518534,0.06486486486486492,0.315010248343581,0.23300014300014263,1.2214027581601699,Low,0.23300014300014268,Base
235:30,0.6949806949806927,0.18518518518518534,0.6054054054054054,0.49519042852376116,0.4762433862433859,1.7382583173404944,Medium,0.47624338624338597,Base
236:00,0.6949806949806927,0.18518518518518534,0.6162162162162161,0.49879403212736473,0.48110825110825073,1.7562888865806685,Medium,0.4811082511082508,Base
236:30,0.6949806949806927,0.18518518518518534,0.6216216216216215,0.5005958339291665,0.48354068354068314,1.765374185586263,Medium,0.4835406835406832,Base
237:00,0.6949806949806927,0.18518518518518534,0.6270270270270271,0.5023976357309684,0.4859731159731156,1.7745064829294614,Medium,0.4859731159731156,Base
237:30,0.6949806949806927,0.18518518518518534,0.6324324324324324,0.5041994375327702,0.488405548405548,1.783686021733108,Medium,0.488405548405548,Base
238:00,0.6949806949806927,0.18518518518518534,0.6378378378378378,0.506001239334572,0.4908379808379804,1.792913046377724,Medium,0.4908379808379804,Base
238:30,0.6949806949806927,0.18518518518518534,0.6432432432432433,0.5078030411363738,0.49327041327041293,1.8021878025080136,Medium,0.49327041327041293,Base
239:00,0.6949806949806927,0.18518518518518534,0.6486486486486487,0.5096048429381755,0.49570284570284534,1.811510537039403,Medium,0.49570284570284534,Base
239:30,0.6949806949806927,0.18518518518518534,0.6486486486486487,0.5096048429381755,0.49570284570284534,1.811510537039403,Medium,0.49570284570284534,Base
240:00,0.6949806949806927,0.18518518518518534,0.654054054054054,0.5114066447399773,0.49813527813527775,1.8208814981646142,Medium,0.49813527813527775,Base
240:30,0.6949806949806927,0.18518518518518534,0.6594594594594594,0.5132084465417791,0.5005677105677102,1.8303009353602733,Medium,0.5005677105677102,Base
241:00,0.6949806949806927,0.18518518518518534,0.6648648648648647,0.5150102483435809,0.5030001430001425,1.8397690993935505,Medium,0.5030001430001425,Base
241:30,0.6949806949806927,0.18518518518518534,0.6702702702702703,0.5168120501453828,0.505432575432575,1.8492862423288376,Medium,0.505432575432575,Base
242:00,0.6949806949806927,0.18518518518518534,0.6756756756756757,0.5186138519471846,0.5078650078650075,1.8588526175344569,Medium,0.5078650078650075,Base
242:30,0.6949806949806927,0.18518518518518534,0.10810810810810817,0.32942466275799537,0.2524596024596021,1.2214027581601699,Low,0.25245960245960214,Base
243:00,0.6949806949806927,0.18518518518518534,0.6918918918918919,0.52401925735259,0.5151623051623049,1.8878496901574058,High,0.5151623051623049,Base
243:30,0.6949806949806927,0.18518518518518534,0.6972972972972973,0.5258210591543918,0.5175947375947372,1.8976155544430313,High,0.5175947375947372,Base
244:00,0.6949806949806927,0.18518518518518534,0.7027027027027026,0.5276228609561936,0.5200271700271697,1.9074319376368847,High,0.5200271700271697,Base
244:30,0.6949806949806927,0.18518518518518534,0.6972972972972973,0.5258210591543918,0.5175947375947372,1.8976155544430313,High,0.5175947375947372,Base
245:00,0.6949806949806927,0.18518518518518534,0.11351351351351352,0.33122646455979715,0.2548920348920345,1.2214027581601699,Low,0.25489203489203455,Base
245:30,0.6949806949806927,0.18518518518518534,0.708108108108108,0.5294246627579954,0.522459602459602,1.9155408290138962,High,0.522459602459602,Base
246:00,0.6949806949806927,0.18518518518518534,0.708108108108108,0.5294246627579954,0.522459602459602,1.9155408290138962,High,0.522459602459602,Base
246:30,0.6949806949806927,0.18518518518518534,0.7135135135135136,0.5312264645597972,0.5248920348920345,1.9155408290138962,High,0.5248920348920345,Base
247:00,0.6949806949806927,0.18518518518518534,0.7135135135135136,0.5312264645597972,0.5248920348920345,1.9155408290138962,High,0.5248920348920345,Base
247:30,0.6949806949806927,0.18518518518518534,0.7135135135135136,0.5312264645597972,0.5248920348920345,1.9155408290138962,High,0.5248920348920345,Base
248:00,0.6949806949806927,0.18518518518518534,0.7189189189189189,0.533028266361599,0.527324467324467,1.9155408290138962,High,0.527324467324467,Base
248:30,0.6949806949806927,0.18518518518518534,0.7243243243243243,0.5348300681634007,0.5297568997568993,1.9155408290138962,High,0.5297568997568993,Base
249:00,0.6949806949806927,0.18518518518518534,0.7297297297297298,0.5366318699652026,0.5321893321893318,1.9155408290138962,High,0.5321893321893318,Base
249:30,0.6949806949806927,0.18518518518518534,0.13513513513513514,0.3384336717670044,0.26462176462176423,1.2214027581601699,Low,0.2646217646217643,Base
250:00,0.6949806949806927,0.18518518518518534,0.7459459459459459,0.542037275370608,0.5394866294866291,1.9155408290138962,High,0.5394866294866292,Base
250:30,0.6949806949806927,0.18518518518518534,0.1405405405405405,0.3402354735688062,0.26705419705419664,1.2214027581601699,Low,0.2670541970541967,Base
251:00,0.6949806949806927,0.18518518518518534,0.14594594594594595,0.342037275370608,0.2694866294866291,1.2214027581601699,Low,0.26948662948662916,Base
251:30,0.6949806949806927,0.18518518518518534,0.7675675675675675,0.5492444825778152,0.5492163592163588,1.9155408290138962,High,0.5492163592163588,Base
252:00,0.6949806949806927,0.18518518518518534,0.15135135135135142,0.3438390771724098,0.27191906191906157,1.2214027581601699,Low,0.2719190619190616,Base
252:30,0.6949806949806927,0.18518518518518534,0.7837837837837838,0.5546498879832206,0.5565136565136561,1.9155408290138962,High,0.5565136565136561,Base
253:00,0.6949806949806927,0.18518518518518534,0.7891891891891891,0.5564516897850224,0.5589460889460885,1.9155408290138962,High,0.5589460889460887,Base
253:30,0.6949806949806927,0.18518518518518534,0.7891891891891891,0.5564516897850224,0.5589460889460885,1.9155408290138962,High,0.5589460889460887,Base
254:00,0.6949806949806927,0.18518518518518534,0.7945945945945945,0.5582534915868241,0.561378521378521,1.9155408290138962,High,0.561378521378521,Base
254:30,0.6949806949806927,0.18518518518518534,0.8,0.560055293388626,0.5638109538109535,1.9155408290138962,High,0.5638109538109535,Base
255:00,0.6949806949806927,0.18518518518518534,0.8054054054054054,0.5618570951904278,0.5662433862433859,1.9155408290138962,High,0.566243386243386,Base
255:30,0.6949806949806927,0.18518518518518534,0.8108108108108107,0.5636588969922296,0.5686758186758183,1.9155408290138962,High,0.5686758186758183,Base
256:00,0.6949806949806927,0.18518518518518534,0.8162162162162163,0.5654606987940315,0.5711082511082508,1.9155408290138962,High,0.5711082511082508,Base
256:30,0.6949806949806927,0.18518518518518534,0.8216216216216217,0.5672625005958333,0.5735406835406832,1.9155408290138962,High,0.5735406835406833,Base
257:00,0.6949806949806927,0.18518518518518534,0.827027027027027,0.5690643023976351,0.5759731159731156,1.9155408290138962,High,0.5759731159731156,Base
257:30,0.6949806949806927,0.18518518518518534,0.8324324324324324,0.5708661041994368,0.578405548405548,1.9155408290138962,High,0.5784055484055481,Base
258:00,0.6949806949806927,0.18518518518518534,0.8324324324324324,0.5708661041994368,0.578405548405548,1.9155408290138962,High,0.5784055484055481,Base
258:30,0.6949806949806927,0.18518518518518534,0.8324324324324324,0.5708661041994368,0.578405548405548,1.9155408290138962,High,0.5784055484055481,Base
259:00,0.6949806949806927,0.18518518518518534,0.8378378378378377,0.5726679060012386,0.5808379808379804,1.9155408290138962,High,0.5808379808379804,Base
259:30,0.6949806949806927,0.18518518518518534,0.8486486486486486,0.5762715096048422,0.5857028457028453,1.9155408290138962,High,0.5857028457028453,Base
260:00,0.6949806949806927,0.18518518518518534,0.19459459459459466,0.35825349158682424,0.29137852137852105,1.2214027581601699,Low,0.2913785213785211,Base
260:30,0.6949806949806927,0.18518518518518534,0.8648648648648649,0.5816769150102477,0.5930001430001426,1.9155408290138962,High,0.5930001430001426,Base
261:00,0.6949806949806927,0.18518518518518534,0.8648648648648649,0.5816769150102477,0.5930001430001426,1.9155408290138962,High,0.5930001430001426,Base
261:30,0.6949806949806927,0.18518518518518534,0.8702702702702703,0.5834787168120494,0.5954325754325751,1.9155408290138962,High,0.5954325754325751,Base
262:00,0.6949806949806927,0.18518518518518534,0.2,0.360055293388626,0.29381095381095346,1.2214027581601699,Low,0.2938109538109535,Base
262:30,0.6949806949806927,0.18518518518518534,0.8756756756756756,0.5852805186138512,0.5978650078650074,1.9155408290138962,High,0.5978650078650074,Base
263:00,0.6949806949806927,0.18518518518518534,0.2,0.360055293388626,0.29381095381095346,1.2214027581601699,Low,0.2938109538109535,Base
263:30,0.6949806949806927,0.18518518518518534,0.8756756756756756,0.5852805186138512,0.5978650078650074,1.9155408290138962,High,0.5978650078650074,Base
264:00,0.6949806949806927,0.18518518518518534,0.881081081081081,0.587082320415653,0.6002974402974399,1.9155408290138962,High,0.6002974402974399,Base
264:30,0.6949806949806927,0.18518518518518534,0.8864864864864865,0.5888841222174549,0.6027298727298724,1.9155408290138962,High,0.6027298727298724,Base
265:00,0.6949806949806927,0.18518518518518534,0.8918918918918919,0.5906859240192567,0.6051623051623047,1.9155408290138962,High,0.6051623051623047,Base
265:30,0.6949806949806927,0.18518518518518534,0.8918918918918919,0.5906859240192567,0.6051623051623047,1.9155408290138962,High,0.6051623051623047,Base
266:00,0.6949806949806927,0.18518518518518534,0.21081081081081082,0.36365889699222964,0.29867581867581827,1.2214027581601699,Low,0.2986758186758183,Base
266:30,0.6949806949806927,0.18518518518518534,0.8972972972972972,0.5924877258210585,0.6075947375947373,1.9155408290138962,High,0.6075947375947373,Base
267:00,0.6949806949806927,0.18518518518518534,0.9027027027027028,0.5942895276228602,0.6100271700271698,1.9155408290138962,High,0.6100271700271698,Base
267:30,0.7413127413127398,0.18518518518518534,0.9081081081081082,0.6115353448686778,0.6217260117260115,1.9155408290138962,High,0.6217260117260115,Base
268:00,0.7413127413127398,0.18518518518518534,0.22162162162162163,0.3827065160398489,0.31280709280709257,1.2214027581601699,Low,0.3128070928070927,Base
268:30,0.7413127413127398,0.18518518518518534,0.9189189189189189,0.6151389484722813,0.6265908765908763,1.9155408290138962,High,0.6265908765908763,Base
269:00,0.7413127413127398,0.18518518518518534,0.9189189189189189,0.6151389484722813,0.6265908765908763,1.9155408290138962,High,0.6265908765908763,Base
269:30,0.7413127413127398,0.18518518518518534,0.9243243243243242,0.6169407502740831,0.6290233090233088,1.9155408290138962,High,0.6290233090233088,Base
270:00,0.7413127413127398,0.18518518518518534,0.9297297297297298,0.618742552075885,0.6314557414557413,1.9155408290138962,High,0.6314557414557413,Base
270:30,0.7413127413127398,0.18518518518518534,0.9297297297297298,0.618742552075885,0.6314557414557413,1.9155408290138962,High,0.6314557414557413,Base
271:00,0.7413127413127398,0.18518518518518534,0.9351351351351351,0.6205443538776868,0.6338881738881736,1.9155408290138962,High,0.6338881738881736,Base
271:30,0.7837837837837824,0.18518518518518534,0.9405405405405405,0.6365031698365028,0.6448148148148146,1.9155408290138962,High,0.6448148148148147,Base
272:00,0.7837837837837824,0.18518518518518534,0.945945945945946,0.6383049716383046,0.647247247247247,1.9155408290138962,High,0.647247247247247,Base
272:30,0.7837837837837824,0.18518518518518534,0.9513513513513514,0.6401067734401064,0.6496796796796795,1.9155408290138962,High,0.6496796796796795,Base
273:00,0.7837837837837824,0.18518518518518534,0.9513513513513514,0.6401067734401064,0.6496796796796795,1.9155408290138962,High,0.6496796796796795,Base
273:30,0.7837837837837824,0.18518518518518534,0.9567567567567568,0.6419085752419081,0.6521121121121118,1.9155408290138962,High,0.6521121121121118,Base
274:00,0.826254826254825,0.18518518518518534,0.9621621621621621,0.6578673912007241,0.6630387530387528,1.9155408290138962,High,0.6630387530387529,Base
274:30,0.826254826254825,0.18518518518518534,0.2486486486486486,0.42002955336288633,0.3419576719576718,1.2365745142952207,Low,0.34195767195767185,Base
275:00,0.826254826254825,0.18518518518518534,0.972972972972973,0.6614709948043278,0.6679036179036177,1.9155408290138962,High,0.6679036179036177,Base
275:30,0.826254826254825,0.18518518518518534,0.972972972972973,0.6614709948043278,0.6679036179036177,1.9155408290138962,High,0.6679036179036177,Base
276:00,0.8687258687258677,0.18518518518518534,0.25945945945945953,0.43779017112350416,0.3553167453167452,1.249401228356194,Low,0.35531674531674523,Base
276:30,0.8687258687258677,0.18518518518518534,0.9891891891891893,0.6810334143667474,0.6836951236951235,1.9155408290138962,High,0.6836951236951236,Base
277:00,0.8687258687258677,0.18518518518518534,0.9891891891891893,0.6810334143667474,0.6836951236951235,1.9155408290138962,High,0.6836951236951236,Base
277:30,0.9150579150579148,0.18518518518518534,0.9891891891891893,0.6964774298107631,0.692961532961533,1.9155408290138962,High,0.6929615329615331,Base
278:00,0.9150579150579148,0.18518518518518534,0.9891891891891893,0.6964774298107631,0.692961532961533,1.9155408290138962,High,0.6929615329615331,Base
278:30,0.9150579150579148,0.18518518518518534,0.2648648648648649,0.45503598836932163,0.367015587015587,1.2558643927161717,Low,0.36701558701558706,Base
279:00,0.9575289575289574,0.18518518518518534,0.2648648648648649,0.46919300252633583,0.3755097955097956,1.2558643927161717,Low,0.37550979550979563,Base
279:30,0.9575289575289574,0.18518518518518534,1.0,0.7142380475713809,0.7063206063206063,1.9155408290138962,High,0.7063206063206064,Base
280:00,0.9575289575289574,0.18518518518518534,0.9945945945945946,0.7124362457695792,0.7038881738881739,1.9155408290138962,High,0.7038881738881742,Base
280:30,0.9575289575289574,0.18518518518518534,1.0,0.7142380475713809,0.7063206063206063,1.9155408290138962,High,0.7063206063206064,Base
281:00,1.0,0.18518518518518534,0.2648648648648649,0.48335001668335004,0.3840040040040041,1.2558643927161717,Low,0.38400400400400414,Base
281:30,1.0,0.18518518518518534,0.9945945945945946,0.7265932599265934,0.7123823823823825,1.9155408290138962,High,0.7123823823823825,Base
282:00,1.0,0.18518518518518534,0.9891891891891893,0.7247914581247915,0.70994994994995,1.9155408290138962,High,0.7099499499499502,Base
282:30,1.0,0.18518518518518534,0.9945945945945946,0.7265932599265934,0.7123823823823825,1.9155408290138962,High,0.7123823823823825,Base
283:00,1.0,0.18518518518518534,0.9945945945945946,0.7265932599265934,0.7123823823823825,1.9155408290138962,High,0.7123823823823825,Base
283:30,1.0,0.18518518518518534,1.0,0.7283950617283951,0.7148148148148148,1.9155408290138962,High,0.714814814814815,Base
284:00,0.0,0.0,0.38297872340425543,0.12765957446808515,0.17234042553191495,1.1509279052482677,Low,0.1723404255319153,After_Lunch
284:30,0.0,0.0,0.4042553191489362,0.1347517730496454,0.1819148936170213,1.1745414918940067,Low,0.18191489361702165,After_Lunch
285:00,0.0,0.0,0.42553191489361697,0.14184397163120566,0.19148936170212763,1.1986395584726184,Low,0.191489361702128,After_Lunch
285:30,0.0,0.0,0.42553191489361697,0.14184397163120566,0.19148936170212763,1.1986395584726184,Low,0.191489361702128,After_Lunch
286:00,0.0,0.0,0.42553191489361697,0.14184397163120566,0.19148936170212763,1.1986395584726184,Low,0.191489361702128,After_Lunch
286:30,0.0,0.0,0.43617021276595747,0.14539007092198583,0.19627659574468087,1.2108733700921588,Low,0.1962765957446812,After_Lunch
287:00,0.16417910447762551,0.0,0.43617021276595747,0.20011643908119434,0.22911241664020598,1.2108733700921588,Low,0.22911241664020626,After_Lunch
287:30,0.16417910447762551,0.0,0.44680851063829796,0.20366253837197448,0.2338996506827592,1.2232320450583862,Low,0.23389965068275947,After_Lunch
288:00,0.16417910447762551,0.0,0.46808510638297873,0.21075473695353475,0.24347411876786554,1.248329095666087,Low,0.24347411876786582,After_Lunch
288:30,0.16417910447762551,0.0,0.4893617021276595,0.21784693553509502,0.2530485868529719,1.273941062435239,Low,0.25304858685297216,After_Lunch
289:00,0.16417910447762551,0.0,0.5106382978723405,0.22493913411665534,0.2626230549380783,1.300078509900196,Low,0.2626230549380786,After_Lunch
289:30,0.16417910447762551,0.0,0.5212765957446808,0.22848523340743543,0.26741028898063146,1.313347649457878,Low,0.2674102889806317,After_Lunch
290:00,0.16417910447762551,0.0,0.5425531914893618,0.23557743198899575,0.2769847570657379,1.3402936018281628,Low,0.2769847570657381,After_Lunch
290:30,0.3283582089552226,0.0,0.553191489361702,0.2938498994389749,0.31460781200381044,1.4637619847233823,Low,0.3146078120038106,After_Lunch
291:00,0.3283582089552226,0.0,0.553191489361702,0.2938498994389749,0.31460781200381044,1.4637619847233823,Low,0.3146078120038106,After_Lunch
291:30,0.3283582089552226,0.0,0.5319148936170213,0.28675770085741464,0.3050333439187041,1.4343337604388,Low,0.3050333439187043,After_Lunch
292:00,0.3283582089552226,0.0,0.4893617021276595,0.27257330369429406,0.28588440774849133,1.3772403377311109,Low,0.28588440774849155,After_Lunch
292:30,0.3283582089552226,0.0,0.46808510638297873,0.26548110511273376,0.27630993966338496,1.3495515891671261,Low,0.2763099396633852,After_Lunch
293:00,0.3283582089552226,0.0,0.43617021276595747,0.2548428072403934,0.2619482375357254,1.3090587142135621,Low,0.2619482375357256,After_Lunch
293:30,0.3283582089552226,0.0,0.43617021276595747,0.2548428072403934,0.2619482375357254,1.3090587142135621,Low,0.2619482375357256,After_Lunch
294:00,0.3283582089552226,0.0,0.46808510638297873,0.26548110511273376,0.27630993966338496,1.3495515891671261,Low,0.2763099396633852,After_Lunch
294:30,0.4925373134328481,0.0,0.4893617021276595,0.32729967185350256,0.3187202286440164,1.5054095169227308,Low,0.3187202286440166,After_Lunch
295:00,0.4925373134328481,0.0,0.5106382978723405,0.33439187043506285,0.3282946967291228,1.5362960024298378,Low,0.32829469672912304,After_Lunch
295:30,0.4925373134328481,0.20000000000000018,0.5106382978723405,0.4010585371017296,0.3982946967291229,1.5483571870856239,Low,0.39829469672912304,After_Lunch
296:00,0.4925373134328481,0.20000000000000018,0.4893617021276595,0.39396633852016927,0.38872022864401645,1.517228217314755,Low,0.3887202286440166,After_Lunch
296:30,0.4925373134328481,0.20000000000000018,0.45744680851063824,0.3833280406478288,0.3743585265163569,1.4717042573765797,Low,0.37435852651635704,After_Lunch
297:00,0.4925373134328481,0.20000000000000018,0.37234042553191493,0.35495924632158776,0.33606065417593145,1.3568741640068784,Low,0.3360606541759316,After_Lunch
297:30,0.4925373134328481,0.20000000000000018,0.2978723404255319,0.33013655128612673,0.3025500158780591,1.2637719793461697,Low,0.3025500158780593,After_Lunch
298:00,0.6716417910447774,0.20000000000000018,0.32978723404255317,0.4004763416957769,0.3527326135281045,1.3466435712478775,Low,0.35273261352810464,After_Lunch
298:30,0.6716417910447774,0.20000000000000018,0.37234042553191493,0.4146607388588975,0.37188154969831727,1.4024686066781555,Low,0.37188154969831744,After_Lunch
299:00,0.6716417910447774,0.20000000000000018,0.37234042553191493,0.4146607388588975,0.37188154969831727,1.4024686066781555,Low,0.37188154969831744,After_Lunch
299:30,0.6716417910447774,0.20000000000000018,0.36170212765957444,0.41111463956811733,0.367094315655764,1.3882990517435105,Low,0.3670943156557642,After_Lunch
300:00,0.6716417910447774,0.20000000000000018,0.38297872340425543,0.4182068381496777,0.3766687837408705,1.4167827819572387,Low,0.37666878374087065,After_Lunch
300:30,0.6716417910447774,0.20000000000000018,0.3936170212765957,0.4217529374404578,0.38145601778342364,1.4312430536358736,Low,0.38145601778342375,After_Lunch
301:00,0.6716417910447774,0.6000000000000005,0.36170212765957444,0.5444479729014507,0.5070943156557641,1.9547437888188797,Medium,0.5070943156557642,After_Lunch
301:30,0.6716417910447774,0.6000000000000005,0.36170212765957444,0.5444479729014507,0.5070943156557641,1.9547437888188797,Medium,0.5070943156557642,After_Lunch
302:00,0.6716417910447774,0.6000000000000005,0.38297872340425543,0.5515401714830112,0.5166687837408707,1.9948492651193597,Medium,0.5166687837408707,After_Lunch
302:30,0.6716417910447774,0.6000000000000005,0.4042553191489362,0.5586323700645713,0.526243251825977,2.03577758543576,Medium,0.526243251825977,After_Lunch
303:00,0.6716417910447774,0.6000000000000005,0.42553191489361697,0.5657245686461316,0.5358177199110833,2.077545632057908,Medium,0.5358177199110833,After_Lunch
303:30,0.6716417910447774,0.6000000000000005,0.44680851063829796,0.5728167672276919,0.5453921879961897,2.1201706336495536,Medium,0.5453921879961897,After_Lunch
304:00,0.6716417910447774,0.6000000000000005,0.45744680851063824,0.576362866518472,0.5501794220387429,2.14180997297388,Medium,0.5501794220387429,After_Lunch
304:30,0.6716417910447774,0.6000000000000005,0.46808510638297873,0.5799089658092522,0.5549666560812961,2.163670172354921,Medium,0.5549666560812961,After_Lunch
305:00,0.6716417910447774,0.6000000000000005,0.4893617021276595,0.5870011643908125,0.5645411241664025,2.2080621910510736,Medium,0.5645411241664025,After_Lunch
305:30,0.6716417910447774,0.6000000000000005,0.5,0.5905472636815926,0.5693283582089557,2.2305985880009374,Medium,0.5693283582089557,After_Lunch
306:00,0.6716417910447774,0.6000000000000005,0.5212765957446808,0.5976394622631529,0.578902826294062,2.276363776931917,Medium,0.578902826294062,After_Lunch
306:30,0.6716417910447774,0.5,0.5212765957446808,0.5643061289298194,0.5439028262940618,2.12682390803778,Medium,0.5439028262940618,After_Lunch
307:00,0.6716417910447774,0.5,0.5319148936170213,0.5678522282205996,0.548690060336615,2.1485311534352403,Medium,0.548690060336615,After_Lunch
307:30,0.6716417910447774,0.5,0.5106382978723405,0.5607600296390393,0.5391155922515087,2.105335977357722,Medium,0.5391155922515087,After_Lunch
308:00,0.6716417910447774,0.5,0.5106382978723405,0.5607600296390393,0.5391155922515087,2.105335977357722,Medium,0.5391155922515087,After_Lunch
308:30,0.6716417910447774,0.5,0.5212765957446808,0.5643061289298194,0.5439028262940618,2.12682390803778,Medium,0.5439028262940618,After_Lunch
309:00,0.6716417910447774,0.5,0.5319148936170213,0.5678522282205996,0.548690060336615,2.1485311534352403,Medium,0.548690060336615,After_Lunch
309:30,0.6716417910447774,0.5,0.553191489361702,0.5749444268021598,0.5582645284217214,2.1926125648958203,Medium,0.5582645284217214,After_Lunch
310:00,0.6716417910447774,0.5,0.5638297872340428,0.57849052609294,0.5630517624642747,2.214991276564368,Medium,0.5630517624642747,After_Lunch
310:30,0.6716417910447774,0.5,0.5212765957446808,0.5643061289298194,0.5439028262940618,2.12682390803778,Medium,0.5439028262940618,After_Lunch
311:00,0.6716417910447774,0.5,0.45744680851063824,0.5430295331851386,0.5151794220387427,2.0011092704761664,Medium,0.5151794220387427,After_Lunch
311:30,0.6716417910447774,0.7000000000000002,0.4148936170212767,0.5955118026886848,0.5660304858685301,2.056555574367845,Medium,0.56603048586853,After_Lunch
312:00,0.6716417910447774,0.7000000000000002,0.43617021276595747,0.602604001270245,0.5756049539536364,2.0987499229674977,Medium,0.5756049539536364,After_Lunch
312:30,0.6716417910447774,0.7000000000000002,0.45744680851063824,0.6096961998518052,0.5851794220387427,2.14180997297388,Medium,0.5851794220387427,After_Lunch
313:00,0.6716417910447774,0.7000000000000002,0.47872340425531923,0.6167883984333656,0.5947538901238492,2.1857534859818624,Medium,0.5947538901238492,After_Lunch
313:30,0.6716417910447774,0.7000000000000002,0.5,0.6238805970149258,0.6043283582089556,2.2305985880009374,Medium,0.6043283582089555,After_Lunch
314:00,0.6716417910447774,0.7000000000000002,0.5212765957446808,0.6309727955964861,0.6139028262940619,2.276363776931917,Medium,0.6139028262940618,After_Lunch
314:30,0.6716417910447774,0.7000000000000002,0.5425531914893618,0.6380649941780464,0.6234772943791683,2.323067930197024,Medium,0.6234772943791682,After_Lunch
315:00,0.6716417910447774,0.7000000000000002,0.5425531914893618,0.6380649941780464,0.6234772943791683,2.323067930197024,Medium,0.6234772943791682,After_Lunch
315:30,0.6716417910447774,0.7000000000000002,0.5425531914893618,0.6380649941780464,0.6234772943791683,2.323067930197024,Medium,0.6234772943791682,After_Lunch
316:00,0.6716417910447774,0.7000000000000002,0.553191489361702,0.6416110934688265,0.6282645284217214,2.3467781233376876,Medium,0.6282645284217214,After_Lunch
316:30,0.6716417910447774,0.7000000000000002,0.574468085106383,0.6487032920503869,0.637838996506828,2.3949269676754277,Medium,0.6378389965068278,After_Lunch
317:00,0.6716417910447774,0.40000000000000036,0.5638297872340428,0.5451571927596068,0.5280517624642749,2.0214971159302886,Medium,0.5280517624642749,After_Lunch
317:30,0.6716417910447774,0.40000000000000036,0.5425531914893618,0.5380649941780465,0.5184772943791685,1.9808558975224506,Medium,0.5184772943791683,After_Lunch
318:00,0.6716417910447774,0.40000000000000036,0.5638297872340428,0.5451571927596068,0.5280517624642749,2.0214971159302886,Medium,0.5280517624642749,After_Lunch
318:30,0.6716417910447774,0.40000000000000036,0.553191489361702,0.5416110934688266,0.5232645284217216,2.0010733329678687,Medium,0.5232645284217216,After_Lunch
319:00,0.6716417910447774,0.40000000000000036,0.553191489361702,0.5416110934688266,0.5232645284217216,2.0010733329678687,Medium,0.5232645284217216,After_Lunch
319:30,0.6716417910447774,0.40000000000000036,0.5851063829787233,0.552249391341167,0.5376262305493811,2.0629721701743104,Medium,0.5376262305493811,After_Lunch
320:00,0.6716417910447774,0.40000000000000036,0.6063829787234043,0.5593415899227273,0.5472006986344875,2.105298168063511,Medium,0.5472006986344875,After_Lunch
320:30,0.6716417910447774,0.40000000000000036,0.6276595744680853,0.5664337885042877,0.556775166719594,2.1484925684077796,Medium,0.5567751667195939,After_Lunch
321:00,0.6716417910447774,0.40000000000000036,0.6382978723404256,0.5699798877950678,0.5615624007621471,2.170420973124687,Medium,0.561562400762147,After_Lunch
321:30,0.6716417910447774,0.40000000000000036,0.6595744680851066,0.5770720863766281,0.5711368688472536,2.214951497993275,Medium,0.5711368688472535,After_Lunch
322:00,0.4925373134328481,0.40000000000000036,0.6702127659574468,0.5209166931300985,0.5401032073674208,2.164814892282055,Medium,0.5401032073674208,After_Lunch
322:30,0.6716417910447774,0.40000000000000036,0.6702127659574468,0.5806181856674082,0.5759241028898067,2.237558210062245,Medium,0.5759241028898067,After_Lunch
323:00,0.6716417910447774,0.40000000000000036,0.6702127659574468,0.5806181856674082,0.5759241028898067,2.237558210062245,Medium,0.5759241028898067,After_Lunch
323:30,0.6716417910447774,0.40000000000000036,0.6914893617021278,0.5877103842489685,0.5854985709749131,2.2834661895518833,Medium,0.5854985709749131,After_Lunch
324:00,0.6716417910447774,0.40000000000000036,0.7021276595744681,0.5912564835397486,0.5902858050174663,2.3067721909307837,Medium,0.5902858050174662,After_Lunch
324:30,0.6716417910447774,0.40000000000000036,0.7234042553191491,0.598348682121309,0.5998602731025727,2.317850684019618,Medium,0.5998602731025726,After_Lunch
325:00,0.6716417910447774,0.40000000000000036,0.6702127659574468,0.5806181856674082,0.5759241028898067,2.237558210062245,Medium,0.5759241028898067,After_Lunch
325:30,0.6716417910447774,0.40000000000000036,0.6063829787234043,0.5593415899227273,0.5472006986344875,2.105298168063511,Medium,0.5472006986344875,After_Lunch
326:00,0.6716417910447774,0.40000000000000036,0.5319148936170213,0.5345188948872663,0.5136900603366152,1.9608427248040672,Medium,0.5136900603366151,After_Lunch
326:30,0.6716417910447774,0.40000000000000036,0.32978723404255317,0.46714300836244366,0.42273261352810454,1.616778221001693,Low,0.42273261352810465,After_Lunch
327:00,0.6716417910447774,0.40000000000000036,0.08510638297872353,0.38558272467450044,0.3126262305493812,1.4779268473866918,Low,0.31262623054938143,After_Lunch
327:30,0.6716417910447774,0.40000000000000036,0.0,0.35721393034825927,0.2743283582089556,1.4779268473866918,Low,0.27432835820895585,After_Lunch
328:00,0.6716417910447774,1.0,0.010638297872340496,0.5607600296390393,0.4891155922515087,1.7332530178673953,Medium,0.4891155922515088,After_Lunch
328:30,0.6716417910447774,1.0,0.03191489361702127,0.5678522282205996,0.498690060336615,1.7332530178673953,Medium,0.4986900603366152,After_Lunch
329:00,0.6716417910447774,1.0,0.02127659574468077,0.5643061289298194,0.4939028262940618,1.7332530178673953,Medium,0.4939028262940619,After_Lunch
329:30,0.6716417910447774,1.0,0.010638297872340496,0.5607600296390393,0.4891155922515087,1.7332530178673953,Medium,0.4891155922515088,After_Lunch
330:00,0.6716417910447774,1.0,0.03191489361702127,0.5678522282205996,0.498690060336615,1.7332530178673953,Medium,0.4986900603366152,After_Lunch
330:30,0.6716417910447774,1.0,0.06382978723404253,0.5784905260929399,0.5130517624642746,1.7332530178673953,Medium,0.5130517624642748,After_Lunch
331:00,0.6716417910447774,1.0,0.0957446808510638,0.5891288239652804,0.5274134645919342,1.7332530178673953,Medium,0.5274134645919343,After_Lunch
331:30,0.6716417910447774,1.0,0.12765957446808507,0.5997671218376208,0.5417751667195937,1.7332530178673953,Medium,0.5417751667195938,After_Lunch
332:00,0.6716417910447774,1.0,0.15957446808510634,0.6104054197099612,0.5561368688472533,1.7332530178673953,Medium,0.5561368688472533,After_Lunch
332:30,0.6716417910447774,1.0,0.18085106382978733,0.6174976182915216,0.5657113369323598,1.7332530178673953,Medium,0.5657113369323599,After_Lunch
333:00,0.6716417910447774,1.0,0.2021276595744681,0.6245898168730818,0.5752858050174661,1.7332530178673953,Medium,0.5752858050174662,After_Lunch
333:30,0.6716417910447774,0.2999999999999998,0.22340425531914887,0.3983486821213087,0.3398602731025724,1.348820147130416,Low,0.3398602731025726,After_Lunch
334:00,0.6716417910447774,0.2999999999999998,0.24468085106382986,0.40544088070286904,0.3494347411876788,1.3604124044670534,Low,0.34943474118767903,After_Lunch
334:30,0.6716417910447774,0.2999999999999998,0.26595744680851063,0.4125330792844293,0.35900920927278523,1.3883239843673527,Low,0.35900920927278535,After_Lunch
335:00,0.6716417910447774,0.2999999999999998,0.2872340425531914,0.4196252778659895,0.36858367735789155,1.4168082261236983,Low,0.3685836773578917,After_Lunch
335:30,0.6716417910447774,0.2999999999999998,0.3191489361702129,0.43026357573833,0.3829453794855512,1.460634097118396,Low,0.3829453794855514,After_Lunch
336:00,0.6716417910447774,0.2999999999999998,0.34042553191489366,0.4373557743198903,0.3925198475706576,1.490601925383526,Low,0.3925198475706577,After_Lunch
336:30,0.6716417910447774,0.2999999999999998,0.36170212765957444,0.44444797290145055,0.4020943156557639,1.5211846035502847,Low,0.40209431565576403,After_Lunch
337:00,0.6716417910447774,0.2999999999999998,0.38297872340425543,0.4515401714830109,0.41166878374087035,1.55239474649347,Low,0.41166878374087046,After_Lunch
337:30,0.6716417910447774,0.2999999999999998,0.4042553191489362,0.45863237006457114,0.42124325182597666,1.5842452279072525,Low,0.42124325182597677,After_Lunch
338:00,0.6716417910447774,0.2999999999999998,0.42553191489361697,0.4657245686461314,0.4308177199110831,1.616749185615374,Low,0.4308177199110832,After_Lunch
338:30,0.6716417910447774,0.2999999999999998,0.44680851063829796,0.4728167672276917,0.4403921879961895,1.649920026990292,Low,0.4403921879961896,After_Lunch
339:00,0.6716417910447774,0.40000000000000036,0.46808510638297873,0.5132422991425855,0.4849666560812961,1.8449390848588598,Medium,0.4849666560812961,After_Lunch
339:30,0.6716417910447774,0.40000000000000036,0.46808510638297873,0.5132422991425855,0.4849666560812961,1.8449390848588598,Medium,0.4849666560812961,After_Lunch
340:00,0.6716417910447774,0.40000000000000036,0.46808510638297873,0.5132422991425855,0.4849666560812961,1.8449390848588598,Medium,0.4849666560812961,After_Lunch
340:30,0.6716417910447774,0.40000000000000036,0.4893617021276595,0.5203344977241458,0.4945411241664024,1.8827916981613653,Medium,0.4945411241664024,After_Lunch
341:00,0.6716417910447774,0.40000000000000036,0.5106382978723405,0.527426696305706,0.5041155922515088,1.9214209334919847,Medium,0.5041155922515088,After_Lunch
341:30,0.6716417910447774,0.40000000000000036,0.5319148936170213,0.5345188948872663,0.5136900603366152,1.9608427248040672,Medium,0.5136900603366151,After_Lunch
342:00,0.6716417910447774,0.40000000000000036,0.5319148936170213,0.5345188948872663,0.5136900603366152,1.9608427248040672,Medium,0.5136900603366151,After_Lunch
342:30,0.6716417910447774,0.40000000000000036,0.5106382978723405,0.527426696305706,0.5041155922515088,1.9214209334919847,Medium,0.5041155922515088,After_Lunch
343:00,0.8358208955223745,0.40000000000000036,0.5106382978723405,0.5821530644649051,0.5369514131470282,1.9214209334919847,Medium,0.5369514131470282,After_Lunch
343:30,0.6716417910447774,0.40000000000000036,0.5212765957446808,0.5309727955964861,0.5089028262940619,1.9410317510860031,Medium,0.5089028262940619,After_Lunch
344:00,0.6716417910447774,0.40000000000000036,0.5106382978723405,0.527426696305706,0.5041155922515088,1.9214209334919847,Medium,0.5041155922515088,After_Lunch
344:30,0.8358208955223745,0.40000000000000036,0.5,0.5786069651741249,0.532164179104475,1.902008249785518,Medium,0.532164179104475,After_Lunch
345:00,0.6716417910447774,0.40000000000000036,0.5319148936170213,0.5345188948872663,0.5136900603366152,1.9608427248040672,Medium,0.5136900603366151,After_Lunch
345:30,0.6716417910447774,0.40000000000000036,0.5638297872340428,0.5451571927596068,0.5280517624642749,2.0214971159302886,Medium,0.5280517624642749,After_Lunch
346:00,0.6716417910447774,0.40000000000000036,0.5851063829787233,0.552249391341167,0.5376262305493811,2.0629721701743104,Medium,0.5376262305493811,After_Lunch
346:30,0.6716417910447774,0.40000000000000036,0.595744680851064,0.5557954906319472,0.5424134645919344,2.0840277182979077,Medium,0.5424134645919344,After_Lunch
347:00,0.6716417910447774,0.40000000000000036,0.595744680851064,0.5557954906319472,0.5424134645919344,2.0840277182979077,Medium,0.5424134645919344,After_Lunch
347:30,0.6716417910447774,0.40000000000000036,0.6170212765957446,0.5628876892135074,0.5519879326770407,2.1267857128462575,Medium,0.5519879326770406,After_Lunch
348:00,0.6716417910447774,0.40000000000000036,0.6382978723404256,0.5699798877950678,0.5615624007621471,2.170420973124687,Medium,0.561562400762147,After_Lunch
348:30,0.6716417910447774,0.40000000000000036,0.6595744680851066,0.5770720863766281,0.5711368688472536,2.214951497993275,Medium,0.5711368688472535,After_Lunch
349:00,0.6716417910447774,0.40000000000000036,0.6702127659574468,0.5806181856674082,0.5759241028898067,2.237558210062245,Medium,0.5759241028898067,After_Lunch
349:30,0.6716417910447774,0.40000000000000036,0.6914893617021278,0.5877103842489685,0.5854985709749131,2.2834661895518833,Medium,0.5854985709749131,After_Lunch
350:00,0.6716417910447774,0.40000000000000036,0.7127659574468084,0.5948025828305287,0.5950730390600194,2.317850684019618,Medium,0.5950730390600193,After_Lunch
350:30,0.6716417910447774,0.2999999999999998,0.7234042553191491,0.5650153487879754,0.5648602731025725,2.115371072779274,Medium,0.5648602731025725,After_Lunch
351:00,0.8358208955223745,0.2999999999999998,0.7446808510638296,0.6268339155287347,0.6072705620831982,2.115371072779274,Medium,0.6072705620831981,After_Lunch
351:30,0.6716417910447774,0.2999999999999998,0.7553191489361704,0.5756536466603158,0.5792219752302321,2.115371072779274,Medium,0.579221975230232,After_Lunch
352:00,0.6716417910447774,0.2999999999999998,0.7553191489361704,0.5756536466603158,0.5792219752302321,2.115371072779274,Medium,0.579221975230232,After_Lunch
352:30,0.6716417910447774,0.2999999999999998,0.7765957446808509,0.582745845241876,0.5887964433153383,2.115371072779274,Medium,0.5887964433153383,After_Lunch
353:00,0.6716417910447774,0.2999999999999998,0.7872340425531916,0.5862919445326563,0.5935836773578916,2.115371072779274,Medium,0.5935836773578915,After_Lunch
353:30,0.6716417910447774,0.2999999999999998,0.7978723404255319,0.5898380438234364,0.5983709114004447,2.115371072779274,Medium,0.5983709114004447,After_Lunch
354:00,0.6716417910447774,0.2999999999999998,0.8191489361702129,0.5969302424049967,0.6079453794855512,2.115371072779274,Medium,0.6079453794855512,After_Lunch
354:30,0.8358208955223745,0.2999999999999998,0.8297872340425532,0.6552027098549759,0.6455684344236238,2.115371072779274,Medium,0.6455684344236235,After_Lunch
355:00,0.6716417910447774,0.2999999999999998,0.8510638297872342,0.6075685402773371,0.6223070816132108,2.115371072779274,Medium,0.6223070816132107,After_Lunch
355:30,0.6716417910447774,0.2999999999999998,0.8617021276595744,0.6111146395681172,0.6270943156557639,2.115371072779274,Medium,0.6270943156557638,After_Lunch
356:00,0.6716417910447774,0.5,0.8829787234042554,0.6848735048163442,0.7066687837408704,2.539711288739357,High,0.7066687837408703,After_Lunch
356:30,0.6716417910447774,0.5,0.8936170212765957,0.6884196041071243,0.7114560177834236,2.539711288739357,High,0.7114560177834233,After_Lunch
357:00,0.6716417910447774,0.5,0.9148936170212767,0.6955118026886847,0.72103048586853,2.539711288739357,High,0.7210304858685298,After_Lunch
357:30,0.6716417910447774,0.5,0.925531914893617,0.6990579019794648,0.7258177199110831,2.539711288739357,High,0.7258177199110829,After_Lunch
358:00,0.6716417910447774,0.5,0.925531914893617,0.6990579019794648,0.7258177199110831,2.539711288739357,High,0.7258177199110829,After_Lunch
358:30,0.6716417910447774,0.5,0.946808510638298,0.706150100561025,0.7353921879961897,2.539711288739357,High,0.7353921879961893,After_Lunch
359:00,0.6716417910447774,0.5,0.9574468085106382,0.7096961998518051,0.7401794220387427,2.539711288739357,High,0.7401794220387424,After_Lunch
359:30,0.6716417910447774,0.5,0.9680851063829785,0.7132422991425852,0.7449666560812959,2.539711288739357,High,0.7449666560812955,After_Lunch
360:00,0.6716417910447774,0.5,0.9787234042553192,0.7167883984333656,0.7497538901238491,2.539711288739357,High,0.749753890123849,After_Lunch
360:30,0.6716417910447774,0.5,0.9893617021276595,0.7203344977241457,0.7545411241664023,2.539711288739357,High,0.754541124166402,After_Lunch
361:00,0.6716417910447774,0.7000000000000002,1.0000000000000002,0.7905472636815926,0.8293283582089557,2.718281828459045,High,0.8293283582089553,After_Lunch
361:30,0.6716417910447774,0.7000000000000002,0.9574468085106382,0.7763628665184719,0.8101794220387427,2.718281828459045,High,0.8101794220387424,After_Lunch
362:00,0.6716417910447774,0.7000000000000002,0.8723404255319147,0.7479940721922308,0.7718815496983172,2.718281828459045,High,0.7718815496983169,After_Lunch
362:30,0.6716417910447774,0.7000000000000002,0.7978723404255319,0.7231713771567699,0.738370911400445,2.718281828459045,High,0.7383709114004446,After_Lunch
363:00,0.8358208955223745,0.7000000000000002,0.7659574468085106,0.7672594474436284,0.7568450301683047,2.718281828459045,High,0.7568450301683045,After_Lunch
363:30,0.6716417910447774,0.7000000000000002,0.7553191489361704,0.7089869799936492,0.7192219752302322,2.718281828459045,High,0.719221975230232,After_Lunch
364:00,0.6716417910447774,0.7000000000000002,0.7340425531914894,0.701894781412089,0.7096475071451257,2.718281828459045,High,0.7096475071451256,After_Lunch
364:30,0.6716417910447774,0.7000000000000002,0.6702127659574468,0.6806181856674082,0.6809241028898066,2.6241180523257848,High,0.6809241028898065,After_Lunch
365:00,0.6716417910447774,0.7000000000000002,0.5425531914893618,0.6380649941780464,0.6234772943791683,2.323067930197024,Medium,0.6234772943791682,After_Lunch
365:30,0.8358208955223745,0.7000000000000002,0.44680851063829796,0.6608764687202242,0.613228008891709,2.1201706336495536,Medium,0.6132280088917089,After_Lunch
366:00,0.6716417910447774,1.0,0.4148936170212767,0.6955118026886847,0.67103048586853,2.056555574367845,Medium,0.6710304858685299,After_Lunch
366:30,0.6716417910447774,1.0,0.35106382978723416,0.674235206944004,0.6423070816132108,1.9349944344540575,Medium,0.6423070816132108,After_Lunch
367:00,0.6716417910447774,1.0,0.35106382978723416,0.674235206944004,0.6423070816132108,1.9349944344540575,Medium,0.6423070816132108,After_Lunch
367:30,0.8358208955223745,1.0,0.4042553191489362,0.7466920715571036,0.6990790727214962,2.03577758543576,Medium,0.699079072721496,After_Lunch
368:00,0.6716417910447774,1.0,0.42553191489361697,0.6990579019794648,0.6758177199110831,2.077545632057908,Medium,0.6758177199110831,After_Lunch
368:30,0.6716417910447774,1.0,0.45744680851063824,0.7096961998518051,0.6901794220387427,2.14180997297388,Medium,0.6901794220387426,After_Lunch
369:00,0.8358208955223745,1.0,0.47872340425531923,0.7715147665925647,0.7325897110193685,2.1857534859818624,Medium,0.7325897110193684,After_Lunch
369:30,0.6716417910447774,1.0,0.5106382978723405,0.7274266963057059,0.7141155922515087,2.253365000749061,Medium,0.7141155922515086,After_Lunch
370:00,0.6716417910447774,1.0,0.5319148936170213,0.7345188948872662,0.7236900603366151,2.2995972881469284,Medium,0.7236900603366149,After_Lunch
370:30,0.6716417910447774,1.0,0.553191489361702,0.7416110934688266,0.7332645284217214,2.3467781233376876,Medium,0.7332645284217212,After_Lunch
371:00,0.6716417910447774,1.0,0.574468085106383,0.7487032920503868,0.7428389965068278,2.3949269676754277,Medium,0.7428389965068276,After_Lunch
371:30,0.8358208955223745,0.6000000000000005,0.5851063829787233,0.6736424261670327,0.6404620514449006,2.4193705839051747,Medium,0.6404620514449004,After_Lunch
372:00,0.6716417910447774,0.6000000000000005,0.6063829787234043,0.6260082565893941,0.6172006986344876,2.4690088076815577,Medium,0.6172006986344876,After_Lunch
372:30,0.6716417910447774,0.6000000000000005,0.6170212765957446,0.6295543558801742,0.6219879326770408,2.4942085338433166,Medium,0.6219879326770407,After_Lunch
373:00,0.6716417910447774,0.6000000000000005,0.6382978723404256,0.6366465544617345,0.6315624007621472,2.5453822077614467,High,0.6315624007621471,After_Lunch
373:30,0.8358208955223745,0.6000000000000005,0.6595744680851066,0.6984651212024939,0.673972689742773,2.597605811894612,High,0.6739726897427729,After_Lunch
374:00,0.6716417910447774,0.6000000000000005,0.6808510638297871,0.650830951624855,0.6507113369323599,2.6509008876599496,High,0.6507113369323597,After_Lunch
374:30,0.6716417910447774,0.6000000000000005,0.7021276595744681,0.6579231502064153,0.6602858050174664,2.705289418439836,High,0.6602858050174661,After_Lunch
375:00,0.8358208955223745,0.6000000000000005,0.7127659574468084,0.7161956176563944,0.6979088599555389,2.718281828459045,High,0.6979088599555388,After_Lunch
375:30,0.6716417910447774,0.6000000000000005,0.7340425531914894,0.6685614480787558,0.6746475071451259,2.718281828459045,High,0.6746475071451258,After_Lunch
376:00,0.8358208955223745,0.6000000000000005,0.7446808510638296,0.726833915528735,0.7122705620831984,2.718281828459045,High,0.7122705620831983,After_Lunch
376:30,0.6716417910447774,0.6000000000000005,0.7553191489361704,0.675653646660316,0.6842219752302324,2.718281828459045,High,0.6842219752302322,After_Lunch
377:00,0.8358208955223745,0.40000000000000036,0.7765957446808509,0.6708055467344085,0.656632264210858,2.317850684019618,Medium,0.6566322642108579,After_Lunch
377:30,0.8358208955223745,0.40000000000000036,0.7978723404255319,0.677897745315969,0.6662067322959644,2.317850684019618,Medium,0.6662067322959643,After_Lunch
378:00,0.8358208955223745,0.40000000000000036,0.8191489361702129,0.6849899438975292,0.6757812003810708,2.317850684019618,Medium,0.6757812003810707,After_Lunch
378:30,0.8358208955223745,0.40000000000000036,0.8297872340425532,0.6885360431883093,0.680568434423624,2.317850684019618,Medium,0.6805684344236237,After_Lunch
379:00,0.8358208955223745,0.40000000000000036,0.8510638297872342,0.6956282417698697,0.6901429025087304,2.317850684019618,Medium,0.6901429025087302,After_Lunch
379:30,0.8358208955223745,0.40000000000000036,0.8723404255319147,0.7027204403514299,0.6997173705938367,2.317850684019618,Medium,0.6997173705938364,After_Lunch
380:00,0.8358208955223745,0.40000000000000036,0.8936170212765957,0.7098126389329901,0.7092918386789431,2.317850684019618,Medium,0.7092918386789429,After_Lunch
380:30,0.8358208955223745,0.40000000000000036,0.904255319148936,0.7133587382237702,0.7140790727214963,2.317850684019618,Medium,0.714079072721496,After_Lunch
381:00,0.8358208955223745,0.40000000000000036,0.8936170212765957,0.7098126389329901,0.7092918386789431,2.317850684019618,Medium,0.7092918386789429,After_Lunch
381:30,0.8358208955223745,0.40000000000000036,0.8723404255319147,0.7027204403514299,0.6997173705938367,2.317850684019618,Medium,0.6997173705938364,After_Lunch
382:00,0.8358208955223745,0.40000000000000036,0.8723404255319147,0.7027204403514299,0.6997173705938367,2.317850684019618,Medium,0.6997173705938364,After_Lunch
382:30,0.8358208955223745,0.6000000000000005,0.8723404255319147,0.7693871070180966,0.7697173705938367,2.718281828459045,High,0.7697173705938365,After_Lunch
383:00,1.0,0.6000000000000005,0.8617021276595744,0.8205673758865251,0.7977659574468088,2.718281828459045,High,0.7977659574468084,After_Lunch
383:30,1.0,0.6000000000000005,0.8617021276595744,0.8205673758865251,0.7977659574468088,2.718281828459045,High,0.7977659574468084,After_Lunch
384:00,1.0,0.6000000000000005,0.8829787234042554,0.8276595744680852,0.8073404255319152,2.718281828459045,High,0.8073404255319149,After_Lunch
384:30,0.8358208955223745,0.6000000000000005,0.8829787234042554,0.7729332063088767,0.77450460463639,2.718281828459045,High,0.7745046046363898,After_Lunch
385:00,1.0,0.6000000000000005,0.7659574468085106,0.7886524822695037,0.7546808510638299,2.718281828459045,High,0.7546808510638298,After_Lunch
385:30,1.0,0.6000000000000005,0.5,0.7000000000000002,0.6350000000000002,2.2305985880009374,Medium,0.6350000000000001,After_Lunch
386:00,1.0,0.6000000000000005,0.2978723404255319,0.6326241134751774,0.5440425531914896,1.839200651463469,Medium,0.5440425531914895,After_Lunch
386:30,1.0,0.6000000000000005,0.26595744680851063,0.621985815602837,0.52968085106383,1.7840160089555186,Medium,0.52968085106383,After_Lunch
387:00,1.0,0.6000000000000005,0.2978723404255319,0.6326241134751774,0.5440425531914896,1.839200651463469,Medium,0.5440425531914895,After_Lunch
387:30,1.0,0.6000000000000005,0.32978723404255317,0.6432624113475179,0.5584042553191491,1.8960923104743221,Medium,0.5584042553191492,After_Lunch
388:00,1.0,0.9000000000000004,0.35106382978723416,0.7503546099290782,0.6729787234042555,1.9349944344540575,Medium,0.6729787234042554,After_Lunch
388:30,1.0,0.9000000000000004,0.37234042553191493,0.7574468085106384,0.6825531914893619,1.9746947132713895,Medium,0.6825531914893618,After_Lunch
389:00,1.0,0.9000000000000004,0.3936170212765957,0.7645390070921986,0.6921276595744682,2.015209522668298,Medium,0.6921276595744681,After_Lunch
389:30,1.0,0.9000000000000004,0.4148936170212767,0.7716312056737591,0.7017021276595747,2.056555574367845,Medium,0.7017021276595745,After_Lunch
390:00,1.0,0.9000000000000004,0.43617021276595747,0.7787234042553193,0.7112765957446809,2.0987499229674977,Medium,0.7112765957446808,After_Lunch
390:30,1.0,0.9000000000000004,0.45744680851063824,0.7858156028368795,0.7208510638297874,2.14180997297388,Medium,0.7208510638297871,After_Lunch
391:00,1.0,0.9000000000000004,0.47872340425531923,0.79290780141844,0.7304255319148938,2.1857534859818624,Medium,0.7304255319148936,After_Lunch
391:30,1.0,0.9000000000000004,0.5106382978723405,0.8035460992907802,0.7447872340425534,2.253365000749061,Medium,0.7447872340425531,After_Lunch
392:00,1.0,0.9000000000000004,0.5319148936170213,0.8106382978723405,0.7543617021276596,2.2995972881469284,Medium,0.7543617021276595,After_Lunch
392:30,1.0,0.9000000000000004,0.553191489361702,0.8177304964539008,0.763936170212766,2.3467781233376876,Medium,0.7639361702127658,After_Lunch
393:00,1.0,0.6000000000000005,0.574468085106383,0.7248226950354612,0.6685106382978725,2.3949269676754277,Medium,0.6685106382978724,After_Lunch
393:30,1.0,0.6000000000000005,0.595744680851064,0.7319148936170216,0.678085106382979,2.4440636818028194,Medium,0.6780851063829788,After_Lunch
394:00,1.0,0.6000000000000005,0.595744680851064,0.7319148936170216,0.678085106382979,2.4440636818028194,Medium,0.6780851063829788,After_Lunch
394:30,1.0,0.6000000000000005,0.6170212765957446,0.7390070921985817,0.6876595744680853,2.4942085338433166,Medium,0.6876595744680851,After_Lunch
395:00,1.0,0.6000000000000005,0.6382978723404256,0.7460992907801419,0.6972340425531918,2.5453822077614467,High,0.6972340425531915,After_Lunch
395:30,1.0,0.6000000000000005,0.6595744680851066,0.7531914893617024,0.7068085106382982,2.597605811894612,High,0.706808510638298,After_Lunch
396:00,1.0,0.6000000000000005,0.6914893617021278,0.7638297872340427,0.7211702127659576,2.6779570797007244,High,0.7211702127659575,After_Lunch
396:30,1.0,0.6000000000000005,0.7127659574468084,0.7709219858156029,0.730744680851064,2.718281828459045,High,0.7307446808510638,After_Lunch
397:00,1.0,0.6000000000000005,0.7340425531914894,0.7780141843971634,0.7403191489361705,2.718281828459045,High,0.7403191489361702,After_Lunch
397:30,1.0,0.6000000000000005,0.7553191489361704,0.7851063829787236,0.7498936170212769,2.718281828459045,High,0.7498936170212767,After_Lunch
398:00,1.0,0.6000000000000005,0.7765957446808509,0.7921985815602838,0.7594680851063831,2.718281828459045,High,0.7594680851063829,After_Lunch
398:30,1.0,0.7999999999999998,0.7978723404255319,0.8659574468085106,0.8390425531914893,2.718281828459045,High,0.839042553191489,After_Lunch
399:00,1.0,0.7999999999999998,0.7659574468085106,0.8553191489361701,0.8246808510638297,2.718281828459045,High,0.8246808510638294,After_Lunch
399:30,1.0,0.7999999999999998,0.6170212765957446,0.8056737588652482,0.757659574468085,2.4942085338433166,Medium,0.7576595744680849,After_Lunch
400:00,1.0,0.7999999999999998,0.5212765957446808,0.7737588652482268,0.7145744680851063,2.276363776931917,Medium,0.7145744680851062,After_Lunch
400:30,1.0,0.7999999999999998,0.5425531914893618,0.7808510638297873,0.7241489361702127,2.323067930197024,Medium,0.7241489361702126,After_Lunch
401:00,1.0,0.7999999999999998,0.5638297872340428,0.7879432624113475,0.7337234042553191,2.370730312526535,Medium,0.733723404255319,After_Lunch
401:30,1.0,0.7999999999999998,0.47872340425531923,0.7595744680851064,0.6954255319148936,2.1857534859818624,Medium,0.6954255319148934,After_Lunch
402:00,1.0,0.7999999999999998,0.38297872340425543,0.727659574468085,0.652340425531915,1.9948492651193597,Medium,0.6523404255319148,After_Lunch
402:30,1.0,0.7999999999999998,0.4042553191489362,0.7347517730496453,0.6619148936170212,2.03577758543576,Medium,0.6619148936170212,After_Lunch
403:00,1.0,0.7999999999999998,0.44680851063829796,0.7489361702127658,0.681063829787234,2.1201706336495536,Medium,0.6810638297872339,After_Lunch
403:30,1.0,0.9000000000000004,0.45744680851063824,0.7858156028368795,0.7208510638297874,2.14180997297388,Medium,0.7208510638297871,After_Lunch
404:00,1.0,0.9000000000000004,0.46808510638297873,0.7893617021276597,0.7256382978723406,2.163670172354921,Medium,0.7256382978723404,After_Lunch
404:30,1.0,0.9000000000000004,0.5,0.8000000000000002,0.7400000000000002,2.2305985880009374,Medium,0.7399999999999999,After_Lunch
405:00,1.0,0.9000000000000004,0.5212765957446808,0.8070921985815603,0.7495744680851064,2.276363776931917,Medium,0.7495744680851063,After_Lunch
405:30,1.0,0.9000000000000004,0.5212765957446808,0.8070921985815603,0.7495744680851064,2.276363776931917,Medium,0.7495744680851063,After_Lunch
406:00,1.0,0.9000000000000004,0.5319148936170213,0.8106382978723405,0.7543617021276596,2.2995972881469284,Medium,0.7543617021276595,After_Lunch
406:30,1.0,0.9000000000000004,0.5425531914893618,0.8141843971631207,0.7591489361702128,2.323067930197024,Medium,0.7591489361702127,After_Lunch
407:00,1.0,0.9000000000000004,0.553191489361702,0.8177304964539008,0.763936170212766,2.3467781233376876,Medium,0.7639361702127658,After_Lunch
407:30,0.8358208955223745,0.9000000000000004,0.5851063829787233,0.7736424261670326,0.7454620514449005,2.4193705839051747,Medium,0.7454620514449003,After_Lunch
408:00,1.0,0.9000000000000004,0.6063829787234043,0.8354609929078016,0.7878723404255321,2.4690088076815577,Medium,0.7878723404255318,After_Lunch
408:30,1.0,0.9000000000000004,0.6382978723404256,0.8460992907801419,0.8022340425531915,2.5453822077614467,High,0.8022340425531914,After_Lunch
409:00,1.0,0.6000000000000005,0.6595744680851066,0.7531914893617024,0.7068085106382982,2.597605811894612,High,0.706808510638298,After_Lunch
409:30,0.8358208955223745,0.6000000000000005,0.6808510638297871,0.7055573197840541,0.6835471578278793,2.6509008876599496,High,0.6835471578278791,After_Lunch
410:00,0.8358208955223745,0.6000000000000005,0.6914893617021278,0.7091034190748342,0.6883343918704325,2.6779570797007244,High,0.6883343918704324,After_Lunch
410:30,0.8358208955223745,0.6000000000000005,0.7021276595744681,0.7126495183656143,0.6931216259129858,2.705289418439836,High,0.6931216259129855,After_Lunch
411:00,0.8358208955223745,0.6000000000000005,0.7234042553191491,0.7197417169471748,0.7026960939980922,2.718281828459045,High,0.702696093998092,After_Lunch
411:30,0.8358208955223745,0.6000000000000005,0.7446808510638296,0.726833915528735,0.7122705620831984,2.718281828459045,High,0.7122705620831983,After_Lunch
412:00,0.8358208955223745,0.6000000000000005,0.7659574468085106,0.7339261141102952,0.7218450301683048,2.718281828459045,High,0.7218450301683047,After_Lunch
412:30,0.8358208955223745,0.6000000000000005,0.7872340425531916,0.7410183126918556,0.7314194982534113,2.718281828459045,High,0.7314194982534111,After_Lunch
413:00,0.8358208955223745,0.6000000000000005,0.7978723404255319,0.7445644119826357,0.7362067322959644,2.718281828459045,High,0.7362067322959642,After_Lunch
413:30,0.8358208955223745,0.6000000000000005,0.8191489361702129,0.7516566105641959,0.7457812003810709,2.718281828459045,High,0.7457812003810707,After_Lunch
414:00,0.8358208955223745,0.6000000000000005,0.8297872340425532,0.755202709854976,0.7505684344236241,2.718281828459045,High,0.7505684344236238,After_Lunch
414:30,0.8358208955223745,0.6000000000000005,0.8510638297872342,0.7622949084365365,0.7601429025087305,2.718281828459045,High,0.7601429025087303,After_Lunch
415:00,0.04247104247104261,0.5714285714285716,0.6666666666666665,0.42685542685542693,0.5084942084942086,2.1355052939920776,Medium,0.5084942084942085,Stress_Induced
415:30,0.04247104247104261,0.5714285714285716,0.6507936507936507,0.42156442156442164,0.5013513513513514,2.1033932259471873,Medium,0.5013513513513513,Stress_Induced
416:00,0.04247104247104261,0.5714285714285716,0.6507936507936507,0.42156442156442164,0.5013513513513514,2.1033932259471873,Medium,0.5013513513513513,Stress_Induced
416:30,0.04247104247104261,0.5714285714285716,0.6349206349206349,0.41627341627341635,0.4942084942084943,2.071764034211253,Medium,0.49420849420849416,Stress_Induced
417:00,0.04247104247104261,0.5714285714285716,0.6507936507936507,0.42156442156442164,0.5013513513513514,2.1033932259471873,Medium,0.5013513513513513,Stress_Induced
417:30,0.0,0.5714285714285716,0.6666666666666665,0.41269841269841273,0.5,2.1355052939920776,Medium,0.4999999999999999,Stress_Induced
418:00,0.0,0.5714285714285716,0.6825396825396826,0.4179894179894181,0.5071428571428572,2.1681076103183643,Medium,0.5071428571428571,Stress_Induced
418:30,0.04247104247104261,0.5714285714285716,0.7301587301587302,0.44801944801944815,0.5370656370656373,2.2196362347798293,Medium,0.5370656370656371,Stress_Induced
419:00,0.0,0.5714285714285716,0.746031746031746,0.43915343915343924,0.5357142857142858,2.2196362347798293,Medium,0.5357142857142857,Stress_Induced
419:30,0.04247104247104261,0.5238095238095237,0.7301587301587302,0.43214643214643217,0.5203989703989704,2.1250911889366786,Medium,0.5203989703989704,Stress_Induced
420:00,0.04247104247104261,0.5238095238095237,0.746031746031746,0.43743743743743746,0.5275418275418275,2.1250911889366786,Medium,0.5275418275418275,Stress_Induced
420:30,0.04247104247104261,0.5238095238095237,0.746031746031746,0.43743743743743746,0.5275418275418275,2.1250911889366786,Medium,0.5275418275418275,Stress_Induced
421:00,0.0,0.5238095238095237,0.7777777777777777,0.4338624338624338,0.5333333333333332,2.1250911889366786,Medium,0.5333333333333332,Stress_Induced
421:30,0.0,0.5238095238095237,0.7936507936507935,0.4391534391534391,0.5404761904761903,2.1250911889366786,Medium,0.5404761904761903,Stress_Induced
422:00,0.04247104247104261,0.5238095238095237,0.8095238095238095,0.4586014586014586,0.5561132561132562,2.1250911889366786,Medium,0.5561132561132561,Stress_Induced
422:30,0.0,0.5238095238095237,0.8095238095238095,0.4444444444444444,0.5476190476190477,2.1250911889366786,Medium,0.5476190476190476,Stress_Induced
423:00,0.0,0.5238095238095237,0.8095238095238095,0.4444444444444444,0.5476190476190477,2.1250911889366786,Medium,0.5476190476190476,Stress_Induced
423:30,0.0,0.5238095238095237,0.8253968253968254,0.4497354497354497,0.5547619047619048,2.1250911889366786,Medium,0.5547619047619047,Stress_Induced
424:00,0.0,0.5238095238095237,0.8571428571428572,0.4603174603174603,0.569047619047619,2.1250911889366786,Medium,0.569047619047619,Stress_Induced
424:30,0.0,0.5238095238095237,0.873015873015873,0.4656084656084656,0.5761904761904761,2.1250911889366786,Medium,0.5761904761904761,Stress_Induced
425:00,0.0,0.5238095238095237,0.9047619047619047,0.4761904761904761,0.5904761904761904,2.1250911889366786,Medium,0.5904761904761904,Stress_Induced
425:30,0.0,0.5238095238095237,0.9206349206349205,0.4814814814814814,0.5976190476190475,2.1250911889366786,Medium,0.5976190476190475,Stress_Induced
426:00,0.0,0.5238095238095237,0.9206349206349205,0.4814814814814814,0.5976190476190475,2.1250911889366786,Medium,0.5976190476190475,Stress_Induced
426:30,0.0,0.5238095238095237,0.9206349206349205,0.4814814814814814,0.5976190476190475,2.1250911889366786,Medium,0.5976190476190475,Stress_Induced
427:00,0.04247104247104261,0.5238095238095237,0.9365079365079365,0.500929500929501,0.6132561132561133,2.1250911889366786,Medium,0.6132561132561133,Stress_Induced
427:30,0.0,0.5238095238095237,0.9365079365079365,0.48677248677248675,0.6047619047619047,2.1250911889366786,Medium,0.6047619047619047,Stress_Induced
428:00,0.0,0.5238095238095237,0.9047619047619047,0.4761904761904761,0.5904761904761904,2.1250911889366786,Medium,0.5904761904761904,Stress_Induced
428:30,0.04247104247104261,0.8571428571428572,0.9206349206349205,0.6067496067496068,0.7227799227799228,2.225540928492468,Medium,0.7227799227799226,Stress_Induced
429:00,0.0,0.8571428571428572,0.9047619047619047,0.5873015873015873,0.7071428571428571,2.225540928492468,Medium,0.707142857142857,Stress_Induced
429:30,0.0,0.8571428571428572,0.8253968253968254,0.5608465608465608,0.6714285714285715,2.225540928492468,Medium,0.6714285714285714,Stress_Induced
430:00,0.0,0.8571428571428572,0.7301587301587302,0.5291005291005292,0.6285714285714286,2.225540928492468,Medium,0.6285714285714284,Stress_Induced
430:30,0.0,0.8571428571428572,0.6666666666666665,0.5079365079365079,0.5999999999999999,2.141186181916486,Medium,0.5999999999999998,Stress_Induced
431:00,0.0,0.8571428571428572,0.6349206349206349,0.4973544973544974,0.5857142857142856,2.077275357136692,Medium,0.5857142857142855,Stress_Induced
431:30,0.04247104247104261,0.8571428571428572,0.6666666666666665,0.5220935220935221,0.6084942084942084,2.141186181916486,Medium,0.6084942084942083,Stress_Induced
432:00,0.0,0.8571428571428572,0.6666666666666665,0.5079365079365079,0.5999999999999999,2.141186181916486,Medium,0.5999999999999998,Stress_Induced
432:30,0.0,0.8571428571428572,0.6666666666666665,0.5079365079365079,0.5999999999999999,2.141186181916486,Medium,0.5999999999999998,Stress_Induced
433:00,0.0,0.9999999999999996,0.6984126984126984,0.5661375661375659,0.6642857142857141,2.20706332931692,Medium,0.6642857142857139,Stress_Induced
433:30,0.04247104247104261,0.9999999999999996,0.6825396825396826,0.5750035750035749,0.6656370656370656,2.1738752271802504,Medium,0.6656370656370654,Stress_Induced
434:00,0.04247104247104261,0.9999999999999996,0.6666666666666665,0.5697125697125696,0.6584942084942083,2.141186181916486,Medium,0.6584942084942081,Stress_Induced
434:30,0.04247104247104261,0.9999999999999996,0.6666666666666665,0.5697125697125696,0.6584942084942083,2.141186181916486,Medium,0.6584942084942081,Stress_Induced
435:00,0.04247104247104261,0.9999999999999996,0.6825396825396826,0.5750035750035749,0.6656370656370656,2.1738752271802504,Medium,0.6656370656370654,Stress_Induced
435:30,0.04247104247104261,0.9999999999999996,0.7301587301587302,0.5908765908765908,0.687065637065637,2.225540928492468,Medium,0.6870656370656368,Stress_Induced
436:00,0.04247104247104261,0.9999999999999996,0.7301587301587302,0.5908765908765908,0.687065637065637,2.225540928492468,Medium,0.6870656370656368,Stress_Induced
436:30,0.04247104247104261,0.9999999999999996,0.7142857142857142,0.5855855855855855,0.6799227799227798,2.225540928492468,Medium,0.6799227799227796,Stress_Induced
437:00,0.04247104247104261,0.9999999999999996,0.746031746031746,0.5961675961675961,0.6942084942084941,2.225540928492468,Medium,0.694208494208494,Stress_Induced
437:30,0.04247104247104261,0.5714285714285716,0.7777777777777777,0.46389246389246397,0.5584942084942086,2.2196362347798293,Medium,0.5584942084942085,Stress_Induced
438:00,0.04247104247104261,0.5714285714285716,0.8095238095238095,0.4744744744744746,0.572779922779923,2.2196362347798293,Medium,0.5727799227799228,Stress_Induced
438:30,0.04247104247104261,0.5714285714285716,0.8095238095238095,0.4744744744744746,0.572779922779923,2.2196362347798293,Medium,0.5727799227799228,Stress_Induced
439:00,0.04247104247104261,0.5714285714285716,0.7936507936507935,0.46918346918346926,0.5656370656370657,2.2196362347798293,Medium,0.5656370656370656,Stress_Induced
439:30,0.04247104247104261,0.5714285714285716,0.7777777777777777,0.46389246389246397,0.5584942084942086,2.2196362347798293,Medium,0.5584942084942085,Stress_Induced
440:00,0.04247104247104261,0.5714285714285716,0.7777777777777777,0.46389246389246397,0.5584942084942086,2.2196362347798293,Medium,0.5584942084942085,Stress_Induced
440:30,0.04247104247104261,0.5714285714285716,0.7777777777777777,0.46389246389246397,0.5584942084942086,2.2196362347798293,Medium,0.5584942084942085,Stress_Induced
441:00,0.04247104247104261,0.5714285714285716,0.7936507936507935,0.46918346918346926,0.5656370656370657,2.2196362347798293,Medium,0.5656370656370656,Stress_Induced
441:30,0.04247104247104261,0.5714285714285716,0.8095238095238095,0.4744744744744746,0.572779922779923,2.2196362347798293,Medium,0.5727799227799228,Stress_Induced
442:00,0.08880308880308974,0.5714285714285716,0.8412698412698412,0.5005005005005009,0.5963320463320466,2.2196362347798293,Medium,0.5963320463320465,Stress_Induced
442:30,0.04247104247104261,0.4761904761904763,0.873015873015873,0.46389246389246397,0.5680180180180181,2.034573274005081,Medium,0.5680180180180181,Stress_Induced
443:00,0.04247104247104261,0.4761904761904763,0.8412698412698412,0.45331045331045333,0.5537323037323039,2.034573274005081,Medium,0.5537323037323038,Stress_Induced
443:30,0.08880308880308974,0.4761904761904763,0.8412698412698412,0.4687544687544691,0.5629987129987133,2.034573274005081,Medium,0.5629987129987132,Stress_Induced
444:00,0.08880308880308974,0.4761904761904763,0.873015873015873,0.47933647933647966,0.5772844272844275,2.034573274005081,Medium,0.5772844272844275,Stress_Induced
444:30,0.08880308880308974,0.4761904761904763,0.873015873015873,0.47933647933647966,0.5772844272844275,2.034573274005081,Medium,0.5772844272844275,Stress_Induced
445:00,0.08880308880308974,0.4761904761904763,0.8412698412698412,0.4687544687544691,0.5629987129987133,2.034573274005081,Medium,0.5629987129987132,Stress_Induced
445:30,0.08880308880308974,0.4761904761904763,0.8095238095238095,0.4581724581724585,0.5487129987129991,2.034573274005081,Medium,0.548712998712999,Stress_Induced
446:00,0.08880308880308974,0.4761904761904763,0.7777777777777777,0.4475904475904479,0.5344272844272846,2.034573274005081,Medium,0.5344272844272846,Stress_Induced
446:30,0.08880308880308974,0.4761904761904763,0.746031746031746,0.43700843700843733,0.5201415701415704,2.034573274005081,Medium,0.5201415701415704,Stress_Induced
447:00,0.08880308880308974,0.6666666666666665,0.6984126984126984,0.4846274846274849,0.5653796653796656,2.20706332931692,Medium,0.5653796653796654,Stress_Induced
447:30,0.08880308880308974,0.6666666666666665,0.6984126984126984,0.4846274846274849,0.5653796653796656,2.20706332931692,Medium,0.5653796653796654,Stress_Induced
448:00,0.08880308880308974,0.6666666666666665,0.7301587301587302,0.4952094952094955,0.5796653796653799,2.225540928492468,Medium,0.5796653796653798,Stress_Induced
448:30,0.08880308880308974,0.6666666666666665,0.7619047619047619,0.505791505791506,0.5939510939510941,2.225540928492468,Medium,0.593951093951094,Stress_Induced
449:00,0.08880308880308974,0.6666666666666665,0.7777777777777777,0.5110825110825113,0.6010939510939513,2.225540928492468,Medium,0.6010939510939511,Stress_Induced
449:30,0.08880308880308974,0.6666666666666665,0.8095238095238095,0.5216645216645219,0.6153796653796656,2.225540928492468,Medium,0.6153796653796655,Stress_Induced
450:00,0.08880308880308974,0.6666666666666665,0.8253968253968254,0.5269555269555272,0.6225225225225227,2.225540928492468,Medium,0.6225225225225226,Stress_Induced
450:30,0.08880308880308974,0.6666666666666665,0.8253968253968254,0.5269555269555272,0.6225225225225227,2.225540928492468,Medium,0.6225225225225226,Stress_Induced
451:00,0.13127413127413234,0.6666666666666665,0.8412698412698412,0.5464035464035467,0.6381595881595883,2.225540928492468,Medium,0.6381595881595882,Stress_Induced
451:30,0.13127413127413234,0.5238095238095237,0.873015873015873,0.5093665093665097,0.6024453024453026,2.1250911889366786,Medium,0.6024453024453026,Stress_Induced
452:00,0.13127413127413234,0.5238095238095237,0.8571428571428572,0.5040755040755044,0.5953024453024455,2.1250911889366786,Medium,0.5953024453024455,Stress_Induced
452:30,0.13127413127413234,0.5238095238095237,0.8571428571428572,0.5040755040755044,0.5953024453024455,2.1250911889366786,Medium,0.5953024453024455,Stress_Induced
453:00,0.13127413127413234,0.5238095238095237,0.8571428571428572,0.5040755040755044,0.5953024453024455,2.1250911889366786,Medium,0.5953024453024455,Stress_Induced
453:30,0.13127413127413234,0.5238095238095237,0.8571428571428572,0.5040755040755044,0.5953024453024455,2.1250911889366786,Medium,0.5953024453024455,Stress_Induced
454:00,0.13127413127413234,0.5238095238095237,0.873015873015873,0.5093665093665097,0.6024453024453026,2.1250911889366786,Medium,0.6024453024453026,Stress_Induced
454:30,0.13127413127413234,0.5238095238095237,0.8888888888888888,0.514657514657515,0.6095881595881597,2.1250911889366786,Medium,0.6095881595881597,Stress_Induced
455:00,0.17374517374517495,0.5238095238095237,0.873015873015873,0.5235235235235239,0.6109395109395112,2.1250911889366786,Medium,0.6109395109395112,Stress_Induced
455:30,0.13127413127413234,0.5238095238095237,0.873015873015873,0.5093665093665097,0.6024453024453026,2.1250911889366786,Medium,0.6024453024453026,Stress_Induced
456:00,0.17374517374517495,0.5714285714285716,0.873015873015873,0.5393965393965399,0.627606177606178,2.2196362347798293,Medium,0.6276061776061779,Stress_Induced
456:30,0.13127413127413234,0.5714285714285716,0.873015873015873,0.5252395252395257,0.6191119691119694,2.2196362347798293,Medium,0.6191119691119693,Stress_Induced
457:00,0.17374517374517495,0.5714285714285716,0.8888888888888888,0.5446875446875451,0.6347490347490351,2.2196362347798293,Medium,0.634749034749035,Stress_Induced
457:30,0.17374517374517495,0.5714285714285716,0.9206349206349205,0.5552695552695557,0.6490347490347493,2.2196362347798293,Medium,0.6490347490347492,Stress_Induced
458:00,0.17374517374517495,0.5714285714285716,0.9206349206349205,0.5552695552695557,0.6490347490347493,2.2196362347798293,Medium,0.6490347490347492,Stress_Induced
458:30,0.17374517374517495,0.5714285714285716,0.9047619047619047,0.5499785499785504,0.6418918918918922,2.2196362347798293,Medium,0.6418918918918921,Stress_Induced
459:00,0.17374517374517495,0.5714285714285716,0.9047619047619047,0.5499785499785504,0.6418918918918922,2.2196362347798293,Medium,0.6418918918918921,Stress_Induced
459:30,0.17374517374517495,0.5714285714285716,0.9047619047619047,0.5499785499785504,0.6418918918918922,2.2196362347798293,Medium,0.6418918918918921,Stress_Induced
460:00,0.17374517374517495,0.5714285714285716,0.8888888888888888,0.5446875446875451,0.6347490347490351,2.2196362347798293,Medium,0.634749034749035,Stress_Induced
460:30,0.17374517374517495,0.5714285714285716,0.8888888888888888,0.5446875446875451,0.6347490347490351,2.2196362347798293,Medium,0.634749034749035,Stress_Induced
461:00,0.17374517374517495,0.4285714285714284,0.8888888888888888,0.4970684970684974,0.5847490347490348,1.9479109549962454,Medium,0.584749034749035,Stress_Induced
461:30,0.21621621621621756,0.4285714285714284,0.9047619047619047,0.5165165165165169,0.6003861003861004,1.9816785633648424,Medium,0.6003861003861005,Stress_Induced
462:00,0.21621621621621756,0.4285714285714284,0.9047619047619047,0.5165165165165169,0.6003861003861004,1.9816785633648424,Medium,0.6003861003861005,Stress_Induced
462:30,0.21621621621621756,0.4285714285714284,0.8888888888888888,0.5112255112255116,0.5932432432432433,1.9816785633648424,Medium,0.5932432432432434,Stress_Induced
463:00,0.21621621621621756,0.4285714285714284,0.8412698412698412,0.4953524953524957,0.5718146718146719,1.9816785633648424,Medium,0.5718146718146718,Stress_Induced
463:30,0.21621621621621756,0.4285714285714284,0.746031746031746,0.463606463606464,0.5289575289575291,1.9816785633648424,Medium,0.5289575289575291,Stress_Induced
464:00,0.21621621621621756,0.4285714285714284,0.6507936507936507,0.4318604318604322,0.48610038610038625,1.8778974684560512,Medium,0.4861003861003862,Stress_Induced
464:30,0.21621621621621756,0.4285714285714284,0.6190476190476191,0.4212784212784217,0.471814671814672,1.8218453712239033,Medium,0.47181467181467196,Stress_Induced
465:00,0.21621621621621756,0.4285714285714284,0.6666666666666665,0.4371514371514375,0.49324324324324337,1.906566939548996,Medium,0.4932432432432433,Stress_Induced
465:30,0.21621621621621756,0.6190476190476191,0.7142857142857142,0.516516516516517,0.5813384813384815,2.2641213339719175,Medium,0.5813384813384814,Stress_Induced
466:00,0.21621621621621756,0.6190476190476191,0.7301587301587302,0.5218075218075223,0.5884813384813388,2.2641213339719175,Medium,0.5884813384813387,Stress_Induced
466:30,0.21621621621621756,0.6190476190476191,0.7301587301587302,0.5218075218075223,0.5884813384813388,2.2641213339719175,Medium,0.5884813384813387,Stress_Induced
467:00,0.21621621621621756,0.6190476190476191,0.7301587301587302,0.5218075218075223,0.5884813384813388,2.2641213339719175,Medium,0.5884813384813387,Stress_Induced
467:30,0.2625482625482647,0.6190476190476191,0.7301587301587302,0.537251537251538,0.5977477477477482,2.321696569616838,Medium,0.5977477477477481,Stress_Induced
468:00,0.2625482625482647,0.6190476190476191,0.746031746031746,0.5425425425425433,0.6048906048906053,2.321696569616838,Medium,0.6048906048906052,Stress_Induced
468:30,0.2625482625482647,0.6190476190476191,0.746031746031746,0.5425425425425433,0.6048906048906053,2.321696569616838,Medium,0.6048906048906052,Stress_Induced
469:00,0.2625482625482647,0.6190476190476191,0.7619047619047619,0.5478335478335485,0.6120334620334624,2.321696569616838,Medium,0.6120334620334623,Stress_Induced
469:30,0.2625482625482647,0.6190476190476191,0.8095238095238095,0.5637065637065645,0.6334620334620339,2.321696569616838,Medium,0.6334620334620338,Stress_Induced
470:00,0.2625482625482647,0.6190476190476191,0.7936507936507935,0.5584155584155591,0.6263191763191767,2.321696569616838,Medium,0.6263191763191766,Stress_Induced
470:30,0.2625482625482647,0.5238095238095237,0.7936507936507935,0.5266695266695273,0.5929858429858432,2.2169068473700517,Medium,0.5929858429858432,Stress_Induced
471:00,0.2625482625482647,0.5238095238095237,0.8253968253968254,0.537251537251538,0.6072715572715577,2.2169068473700517,Medium,0.6072715572715576,Stress_Induced
471:30,0.3050193050193073,0.5238095238095237,0.8253968253968254,0.5514085514085522,0.6157657657657662,2.268529305629181,Medium,0.6157657657657661,Stress_Induced
472:00,0.3050193050193073,0.5238095238095237,0.8095238095238095,0.5461175461175468,0.6086229086229091,2.268529305629181,Medium,0.608622908622909,Stress_Induced
472:30,0.3050193050193073,0.5238095238095237,0.8412698412698412,0.5566995566995574,0.6229086229086234,2.268529305629181,Medium,0.6229086229086233,Stress_Induced
473:00,0.3050193050193073,0.5238095238095237,0.873015873015873,0.567281567281568,0.6371943371943376,2.268529305629181,Medium,0.6371943371943376,Stress_Induced
473:30,0.3050193050193073,0.5238095238095237,0.8888888888888888,0.5725725725725733,0.6443371943371947,2.268529305629181,Medium,0.6443371943371947,Stress_Induced
474:00,0.3050193050193073,0.5238095238095237,0.9047619047619047,0.5778635778635786,0.6514800514800518,2.268529305629181,Medium,0.6514800514800518,Stress_Induced
474:30,0.3474903474903499,0.8095238095238098,0.9206349206349205,0.6925496925496933,0.7671171171171176,2.431080602429529,Medium,0.7671171171171175,Stress_Induced
475:00,0.3474903474903499,0.8095238095238098,0.9047619047619047,0.6872586872586881,0.7599742599742605,2.431080602429529,Medium,0.7599742599742604,Stress_Induced
475:30,0.3474903474903499,0.8095238095238098,0.8412698412698412,0.6660946660946669,0.731402831402832,2.431080602429529,Medium,0.7314028314028319,Stress_Induced
476:00,0.3474903474903499,0.8095238095238098,0.8095238095238095,0.6555126555126564,0.7171171171171178,2.431080602429529,Medium,0.7171171171171177,Stress_Induced
476:30,0.3474903474903499,0.8095238095238098,0.8412698412698412,0.6660946660946669,0.731402831402832,2.431080602429529,Medium,0.7314028314028319,Stress_Induced
477:00,0.3474903474903499,0.8095238095238098,0.8253968253968254,0.6608036608036617,0.7242599742599749,2.431080602429529,Medium,0.7242599742599748,Stress_Induced
477:30,0.3474903474903499,0.8095238095238098,0.8253968253968254,0.6608036608036617,0.7242599742599749,2.431080602429529,Medium,0.7242599742599748,Stress_Induced
478:00,0.3474903474903499,0.8095238095238098,0.873015873015873,0.6766766766766775,0.7456885456885463,2.431080602429529,Medium,0.7456885456885461,Stress_Induced
478:30,0.3474903474903499,0.8095238095238098,0.8412698412698412,0.6660946660946669,0.731402831402832,2.431080602429529,Medium,0.7314028314028319,Stress_Induced
479:00,0.3474903474903499,0.8095238095238098,0.8412698412698412,0.6660946660946669,0.731402831402832,2.431080602429529,Medium,0.7314028314028319,Stress_Induced
479:30,0.3899613899613925,0.6666666666666665,0.873015873015873,0.643214643214644,0.7041827541827546,2.487690268763673,High,0.7041827541827546,Stress_Induced
480:00,0.3899613899613925,0.6666666666666665,0.8888888888888888,0.6485056485056493,0.7113256113256117,2.487690268763673,High,0.7113256113256117,Stress_Induced
480:30,0.3899613899613925,0.6666666666666665,0.8888888888888888,0.6485056485056493,0.7113256113256117,2.487690268763673,High,0.7113256113256117,Stress_Induced
481:00,0.3899613899613925,0.6666666666666665,0.873015873015873,0.643214643214644,0.7041827541827546,2.487690268763673,High,0.7041827541827546,Stress_Induced
481:30,0.3899613899613925,0.6666666666666665,0.8888888888888888,0.6485056485056493,0.7113256113256117,2.487690268763673,High,0.7113256113256117,Stress_Induced
482:00,0.3899613899613925,0.6666666666666665,0.873015873015873,0.643214643214644,0.7041827541827546,2.487690268763673,High,0.7041827541827546,Stress_Induced
482:30,0.3899613899613925,0.6666666666666665,0.873015873015873,0.643214643214644,0.7041827541827546,2.487690268763673,High,0.7041827541827546,Stress_Induced
483:00,0.3899613899613925,0.6666666666666665,0.9047619047619047,0.6537966537966545,0.7184684684684688,2.487690268763673,High,0.7184684684684688,Stress_Induced
483:30,0.3899613899613925,0.6666666666666665,0.9206349206349205,0.6590876590876599,0.7256113256113259,2.487690268763673,High,0.7256113256113259,Stress_Induced
484:00,0.3899613899613925,0.6666666666666665,0.9523809523809523,0.6696696696696703,0.7398970398970403,2.487690268763673,High,0.7398970398970403,Stress_Induced
484:30,0.43629343629343964,0.2857142857142856,0.9523809523809523,0.5581295581295592,0.6158301158301164,1.959398985147537,Medium,0.6158301158301164,Stress_Induced
485:00,0.43629343629343964,0.2857142857142856,0.9682539682539681,0.5634205634205645,0.6229729729729735,1.959398985147537,Medium,0.6229729729729735,Stress_Induced
485:30,0.43629343629343964,0.2857142857142856,0.9841269841269842,0.5687115687115698,0.6301158301158307,1.959398985147537,Medium,0.6301158301158307,Stress_Induced
486:00,0.43629343629343964,0.2857142857142856,0.9841269841269842,0.5687115687115698,0.6301158301158307,1.959398985147537,Medium,0.6301158301158307,Stress_Induced
486:30,0.43629343629343964,0.2857142857142856,0.9523809523809523,0.5581295581295592,0.6158301158301164,1.959398985147537,Medium,0.6158301158301164,Stress_Induced
487:00,0.43629343629343964,0.2857142857142856,0.9523809523809523,0.5581295581295592,0.6158301158301164,1.959398985147537,Medium,0.6158301158301164,Stress_Induced
487:30,0.43629343629343964,0.2857142857142856,0.9841269841269842,0.5687115687115698,0.6301158301158307,1.959398985147537,Medium,0.6301158301158307,Stress_Induced
488:00,0.43629343629343964,0.2857142857142856,1.0,0.574002574002575,0.6372586872586878,1.959398985147537,Medium,0.6372586872586878,Stress_Induced
488:30,0.47876447876448225,0.2857142857142856,1.0,0.5881595881595892,0.6457528957528964,2.0050251658072042,Medium,0.6457528957528964,Stress_Induced
489:00,0.47876447876448225,0.6666666666666665,0.9841269841269842,0.709852709852711,0.7719433719433726,2.610351665712641,High,0.7719433719433726,Stress_Induced
489:30,0.47876447876448225,0.6666666666666665,0.9523809523809523,0.6992706992707003,0.7576576576576582,2.610351665712641,High,0.7576576576576582,Stress_Induced
490:00,0.47876447876448225,0.6666666666666665,0.9365079365079365,0.6939796939796951,0.7505148005148011,2.610351665712641,High,0.7505148005148011,Stress_Induced
490:30,0.47876447876448225,0.6666666666666665,0.9523809523809523,0.6992706992707003,0.7576576576576582,2.610351665712641,High,0.7576576576576582,Stress_Induced
491:00,0.47876447876448225,0.6666666666666665,0.9682539682539681,0.7045617045617055,0.7648005148005154,2.610351665712641,High,0.7648005148005154,Stress_Induced
491:30,0.5212355212355249,0.6666666666666665,0.9047619047619047,0.6975546975546987,0.7447232947232953,2.671135802883203,High,0.7447232947232952,Stress_Induced
492:00,0.5212355212355249,0.6666666666666665,0.8571428571428572,0.6816816816816829,0.723294723294724,2.671135802883203,High,0.7232947232947239,Stress_Induced
492:30,0.5212355212355249,0.6666666666666665,0.8095238095238095,0.6658086658086669,0.7018661518661526,2.671135802883203,High,0.7018661518661525,Stress_Induced
493:00,0.5212355212355249,0.6666666666666665,0.7777777777777777,0.6552266552266564,0.6875804375804382,2.671135802883203,High,0.6875804375804381,Stress_Induced
493:30,0.5212355212355249,0.6666666666666665,0.7936507936507935,0.6605176605176616,0.6947232947232953,2.671135802883203,High,0.6947232947232952,Stress_Induced
494:00,0.5212355212355249,0.6666666666666665,0.8095238095238095,0.6658086658086669,0.7018661518661526,2.671135802883203,High,0.7018661518661525,Stress_Induced
494:30,0.567567567567572,0.6666666666666665,0.8253968253968254,0.686543686543688,0.7182754182754192,2.718281828459045,High,0.7182754182754191,Stress_Induced
495:00,0.5212355212355249,0.6666666666666665,0.8412698412698412,0.6763906763906776,0.7161518661518669,2.671135802883203,High,0.7161518661518668,Stress_Induced
495:30,0.567567567567572,0.6666666666666665,0.8571428571428572,0.6971256971256986,0.7325611325611334,2.718281828459045,High,0.7325611325611333,Stress_Induced
496:00,0.567567567567572,0.6666666666666665,0.8888888888888888,0.7077077077077091,0.7468468468468477,2.718281828459045,High,0.7468468468468475,Stress_Induced
496:30,0.567567567567572,0.6666666666666665,0.873015873015873,0.7024167024167038,0.7397039897039905,2.718281828459045,High,0.7397039897039904,Stress_Induced
497:00,0.567567567567572,0.6666666666666665,0.8412698412698412,0.6918346918346933,0.7254182754182763,2.718281828459045,High,0.7254182754182762,Stress_Induced
497:30,0.567567567567572,0.6666666666666665,0.8571428571428572,0.6971256971256986,0.7325611325611334,2.718281828459045,High,0.7325611325611333,Stress_Induced
498:00,0.567567567567572,0.6190476190476191,0.8571428571428572,0.6812526812526828,0.7158944658944668,2.718281828459045,High,0.7158944658944667,Stress_Induced
498:30,0.567567567567572,0.6190476190476191,0.8253968253968254,0.6706706706706722,0.7016087516087526,2.718281828459045,High,0.7016087516087525,Stress_Induced
499:00,0.567567567567572,0.6190476190476191,0.8412698412698412,0.6759616759616774,0.7087516087516097,2.718281828459045,High,0.7087516087516096,Stress_Induced
499:30,0.6100386100386146,0.6190476190476191,0.8412698412698412,0.6901186901186916,0.7172458172458182,2.718281828459045,High,0.717245817245818,Stress_Induced
500:00,0.6100386100386146,0.6190476190476191,0.8253968253968254,0.6848276848276864,0.710102960102961,2.718281828459045,High,0.7101029601029609,Stress_Induced
500:30,0.6100386100386146,0.6190476190476191,0.8412698412698412,0.6901186901186916,0.7172458172458182,2.718281828459045,High,0.717245817245818,Stress_Induced
501:00,0.6100386100386146,0.6190476190476191,0.8571428571428572,0.695409695409697,0.7243886743886754,2.718281828459045,High,0.7243886743886753,Stress_Induced
501:30,0.6100386100386146,0.6190476190476191,0.8253968253968254,0.6848276848276864,0.710102960102961,2.718281828459045,High,0.7101029601029609,Stress_Induced
502:00,0.6100386100386146,0.6190476190476191,0.746031746031746,0.6583726583726599,0.6743886743886753,2.718281828459045,High,0.6743886743886752,Stress_Induced
502:30,0.6100386100386146,0.6190476190476191,0.6984126984126984,0.642499642499644,0.6529601029601039,2.6957132378618534,High,0.6529601029601038,Stress_Induced
503:00,0.6100386100386146,0.5238095238095237,0.6666666666666665,0.6001716001716016,0.6053410553410561,2.4972114266580805,High,0.6053410553410561,Stress_Induced
503:30,0.6525096525096572,0.5238095238095237,0.6825396825396826,0.6196196196196212,0.6209781209781219,2.5353358354781252,High,0.6209781209781219,Stress_Induced
504:00,0.6525096525096572,0.5238095238095237,0.6984126984126984,0.6249106249106264,0.628120978120979,2.5740422817389574,High,0.628120978120979,Stress_Induced
504:30,0.6525096525096572,0.5238095238095237,0.6666666666666665,0.6143286143286159,0.6138352638352647,2.4972114266580805,High,0.6138352638352647,Stress_Induced
505:00,0.6525096525096572,0.5238095238095237,0.6825396825396826,0.6196196196196212,0.6209781209781219,2.5353358354781252,High,0.6209781209781219,Stress_Induced
505:30,0.6525096525096572,0.5238095238095237,0.6984126984126984,0.6249106249106264,0.628120978120979,2.5740422817389574,High,0.628120978120979,Stress_Induced
506:00,0.6525096525096572,0.5238095238095237,0.6825396825396826,0.6196196196196212,0.6209781209781219,2.5353358354781252,High,0.6209781209781219,Stress_Induced
506:30,0.6949806949806998,0.5238095238095237,0.6507936507936507,0.6231946231946247,0.6151866151866161,2.459660303052381,Medium,0.615186615186616,Stress_Induced
507:00,0.6525096525096572,0.5238095238095237,0.6666666666666665,0.6143286143286159,0.6138352638352647,2.4972114266580805,High,0.6138352638352647,Stress_Induced
507:30,0.6949806949806998,0.7142857142857144,0.6825396825396826,0.697268697268699,0.6961389961389971,2.655177198374024,High,0.696138996138997,Stress_Induced
508:00,0.6949806949806998,0.7142857142857144,0.6984126984126984,0.7025597025597042,0.7032818532818542,2.6957132378618534,High,0.7032818532818541,Stress_Induced
508:30,0.6949806949806998,0.7142857142857144,0.7142857142857142,0.7078507078507096,0.7104247104247113,2.718281828459045,High,0.7104247104247112,Stress_Induced
509:00,0.6949806949806998,0.7142857142857144,0.7301587301587302,0.7131417131417148,0.7175675675675687,2.718281828459045,High,0.7175675675675685,Stress_Induced
509:30,0.6949806949806998,0.7142857142857144,0.7619047619047619,0.7237237237237254,0.7318532818532829,2.718281828459045,High,0.7318532818532827,Stress_Induced
510:00,0.7413127413127398,0.7142857142857144,0.7777777777777777,0.7444587444587439,0.748262548262548,2.718281828459045,High,0.7482625482625479,Stress_Induced
510:30,0.7413127413127398,0.7142857142857144,0.7777777777777777,0.7444587444587439,0.748262548262548,2.718281828459045,High,0.7482625482625479,Stress_Induced
511:00,0.7413127413127398,0.7142857142857144,0.7619047619047619,0.7391677391677387,0.7411196911196909,2.718281828459045,High,0.7411196911196908,Stress_Induced
511:30,0.7413127413127398,0.7142857142857144,0.746031746031746,0.7338767338767335,0.7339768339768338,2.718281828459045,High,0.7339768339768337,Stress_Induced
512:00,0.7837837837837824,0.4761904761904763,0.6984126984126984,0.6527956527956523,0.6377091377091375,2.464401367738761,Medium,0.6377091377091374,Stress_Induced
512:30,0.7837837837837824,0.4761904761904763,0.6825396825396826,0.6475046475046471,0.6305662805662804,2.4273436162860302,Medium,0.6305662805662803,Stress_Induced
513:00,0.7837837837837824,0.4761904761904763,0.7142857142857142,0.6580866580866577,0.6448519948519946,2.4850334085487726,High,0.6448519948519945,Stress_Induced
513:30,0.7837837837837824,0.4761904761904763,0.7301587301587302,0.663377663377663,0.6519948519948517,2.4850334085487726,High,0.6519948519948517,Stress_Induced
514:00,0.7837837837837824,0.4761904761904763,0.7619047619047619,0.6739596739596735,0.666280566280566,2.4850334085487726,High,0.666280566280566,Stress_Induced
514:30,0.7837837837837824,0.4761904761904763,0.7619047619047619,0.6739596739596735,0.666280566280566,2.4850334085487726,High,0.666280566280566,Stress_Induced
515:00,0.7837837837837824,0.4761904761904763,0.7619047619047619,0.6739596739596735,0.666280566280566,2.4850334085487726,High,0.666280566280566,Stress_Induced
515:30,0.826254826254825,0.4761904761904763,0.7301587301587302,0.6775346775346772,0.6604890604890603,2.4850334085487726,High,0.6604890604890603,Stress_Induced
516:00,0.826254826254825,0.4761904761904763,0.7301587301587302,0.6775346775346772,0.6604890604890603,2.4850334085487726,High,0.6604890604890603,Stress_Induced
516:30,0.826254826254825,0.7142857142857144,0.7142857142857142,0.7516087516087513,0.7366795366795365,2.718281828459045,High,0.7366795366795363,Stress_Induced
517:00,0.826254826254825,0.7142857142857144,0.6825396825396826,0.7410267410267407,0.7223938223938222,2.655177198374024,High,0.7223938223938221,Stress_Induced
517:30,0.826254826254825,0.7142857142857144,0.6507936507936507,0.73044473044473,0.708108108108108,2.5759246017909923,High,0.7081081081081078,Stress_Induced
518:00,0.8687258687258677,0.7142857142857144,0.6666666666666665,0.7498927498927496,0.7237451737451736,2.615250708327239,High,0.7237451737451733,Stress_Induced
518:30,0.8687258687258677,0.7142857142857144,0.6666666666666665,0.7498927498927496,0.7237451737451736,2.615250708327239,High,0.7237451737451733,Stress_Induced
519:00,0.8687258687258677,0.7142857142857144,0.6349206349206349,0.739310739310739,0.7094594594594593,2.5371898506649075,High,0.7094594594594591,Stress_Induced
519:30,0.9111969111969103,0.7142857142857144,0.6507936507936507,0.7587587587587584,0.725096525096525,2.5759246017909923,High,0.7250965250965248,Stress_Induced
520:00,0.9111969111969103,0.7142857142857144,0.6507936507936507,0.7587587587587584,0.725096525096525,2.5759246017909923,High,0.7250965250965248,Stress_Induced
520:30,0.9111969111969103,0.7142857142857144,0.6507936507936507,0.7587587587587584,0.725096525096525,2.5759246017909923,High,0.7250965250965248,Stress_Induced
521:00,0.9111969111969103,0.7142857142857144,0.6507936507936507,0.7587587587587584,0.725096525096525,2.5759246017909923,High,0.7250965250965248,Stress_Induced
521:30,0.9111969111969103,0.23809523809523814,0.6349206349206349,0.5947375947375945,0.5512870012870011,1.865819118549589,Medium,0.5512870012870011,Stress_Induced
522:00,0.9111969111969103,0.23809523809523814,0.5873015873015872,0.5788645788645785,0.5298584298584297,1.782908249460536,Medium,0.5298584298584296,Stress_Induced
522:30,0.9111969111969103,0.23809523809523814,0.5396825396825397,0.5629915629915626,0.5084298584298583,1.7036816668839108,Low,0.5084298584298582,Stress_Induced
523:00,0.9575289575289574,0.23809523809523814,0.5238095238095237,0.5731445731445731,0.5105534105534105,1.6780630267579772,Low,0.5105534105534105,Stress_Induced
523:30,0.9575289575289574,0.23809523809523814,0.5555555555555556,0.5837265837265837,0.5248391248391249,1.7296914214742216,Low,0.5248391248391248,Stress_Induced
524:00,0.9111969111969103,0.23809523809523814,0.5873015873015872,0.5788645788645785,0.5298584298584297,1.782908249460536,Medium,0.5298584298584296,Stress_Induced
524:30,0.9575289575289574,0.23809523809523814,0.5714285714285714,0.5890175890175889,0.531981981981982,1.7560982615923038,Medium,0.5319819819819819,Stress_Induced
525:00,0.9575289575289574,0.23809523809523814,0.5714285714285714,0.5890175890175889,0.531981981981982,1.7560982615923038,Medium,0.5319819819819819,Stress_Induced
525:30,0.9575289575289574,0.23809523809523814,0.5238095238095237,0.5731445731445731,0.5105534105534105,1.6780630267579772,Low,0.5105534105534105,Stress_Induced
526:00,0.9575289575289574,0.23809523809523814,0.47619047619047616,0.5572715572715573,0.4891248391248391,1.6034954212749417,Low,0.48912483912483906,Stress_Induced
526:30,0.9575289575289574,0.38095238095238093,0.4920634920634921,0.6101816101816101,0.5462676962676962,1.8550713214045047,Medium,0.5462676962676961,Stress_Induced
527:00,0.9575289575289574,0.38095238095238093,0.4920634920634921,0.6101816101816101,0.5462676962676962,1.8550713214045047,Medium,0.5462676962676961,Stress_Induced
527:30,0.9575289575289574,0.38095238095238093,0.47619047619047616,0.6048906048906049,0.5391248391248391,1.8271762013742905,Medium,0.539124839124839,Stress_Induced
528:00,0.9575289575289574,0.38095238095238093,0.5079365079365079,0.6154726154726154,0.5534105534105533,1.8833923104455537,Medium,0.5534105534105532,Stress_Induced
528:30,0.9575289575289574,0.38095238095238093,0.5396825396825397,0.6260546260546259,0.5676962676962677,1.9413380014349344,Medium,0.5676962676962676,Stress_Induced
529:00,1.0,0.38095238095238093,0.5714285714285714,0.6507936507936508,0.5904761904761904,2.0010664878013666,Medium,0.5904761904761904,Stress_Induced
529:30,0.9575289575289574,0.38095238095238093,0.5873015873015872,0.6419276419276418,0.589124839124839,2.0316163547620207,Medium,0.589124839124839,Stress_Induced
530:00,1.0,0.38095238095238093,0.6031746031746031,0.6613756613756614,0.6047619047619047,2.0626326202041865,Medium,0.6047619047619047,Stress_Induced
530:30,1.0,0.38095238095238093,0.6031746031746031,0.6613756613756614,0.6047619047619047,2.0626326202041865,Medium,0.6047619047619047,Stress_Induced
531:00,1.0,0.38095238095238093,0.6031746031746031,0.6613756613756614,0.6047619047619047,2.0626326202041865,Medium,0.6047619047619047,Stress_Induced
531:30,1.0,0.38095238095238093,0.5873015873015872,0.656084656084656,0.5976190476190475,2.0316163547620207,Medium,0.5976190476190475,Stress_Induced
532:00,1.0,0.0,0.5238095238095237,0.5079365079365079,0.4357142857142857,1.608009560318705,Low,0.43571428571428567,Stress_Induced
532:30,1.0,0.0,0.5238095238095237,0.5079365079365079,0.4357142857142857,1.608009560318705,Low,0.43571428571428567,Stress_Induced
533:00,0.9575289575289574,0.0,0.5238095238095237,0.4937794937794937,0.42722007722007715,1.608009560318705,Low,0.42722007722007715,Stress_Induced
533:30,0.9575289575289574,0.0,0.5555555555555556,0.5043615043615043,0.4415057915057915,1.6574826438464565,Low,0.4415057915057915,Stress_Induced
534:00,0.9575289575289574,0.0,0.5714285714285714,0.5096525096525096,0.4486486486486486,1.6827870875357505,Low,0.4486486486486486,Stress_Induced
534:30,0.9575289575289574,0.0,0.5555555555555556,0.5043615043615043,0.4415057915057915,1.6574826438464565,Low,0.4415057915057915,Stress_Induced
535:00,0.9575289575289574,0.0,0.5555555555555556,0.5043615043615043,0.4415057915057915,1.6574826438464565,Low,0.4415057915057915,Stress_Induced
535:30,0.9575289575289574,0.0,0.5714285714285714,0.5096525096525096,0.4486486486486486,1.6827870875357505,Low,0.4486486486486486,Stress_Induced
536:00,0.9575289575289574,0.0,0.6031746031746031,0.5202345202345202,0.4629343629343629,1.7345608258240832,Low,0.4629343629343629,Stress_Induced
536:30,0.9575289575289574,0.0,0.6507936507936507,0.536107536107536,0.4843629343629343,1.815223386895532,Medium,0.4843629343629343,Stress_Induced
537:00,0.9575289575289574,0.3333333333333335,0.6507936507936507,0.6472186472186472,0.601029601029601,2.066608402821196,Medium,0.6010296010296009,Stress_Induced
537:30,0.9575289575289574,0.3333333333333335,0.6507936507936507,0.6472186472186472,0.601029601029601,2.066608402821196,Medium,0.6010296010296009,Stress_Induced
538:00,0.9575289575289574,0.3333333333333335,0.6825396825396826,0.6578006578006578,0.6153153153153154,2.13019104104361,Medium,0.6153153153153154,Stress_Induced
538:30,0.9575289575289574,0.3333333333333335,0.6666666666666665,0.6525096525096524,0.6081724581724581,2.098158884602202,Medium,0.608172458172458,Stress_Induced
539:00,0.9575289575289574,0.3333333333333335,0.6507936507936507,0.6472186472186472,0.601029601029601,2.066608402821196,Medium,0.6010296010296009,Stress_Induced
539:30,0.9575289575289574,0.3333333333333335,0.6825396825396826,0.6578006578006578,0.6153153153153154,2.13019104104361,Medium,0.6153153153153154,Stress_Induced
540:00,0.9575289575289574,0.3333333333333335,0.6825396825396826,0.6578006578006578,0.6153153153153154,2.13019104104361,Medium,0.6153153153153154,Stress_Induced
540:30,0.9575289575289574,0.3333333333333335,0.6984126984126984,0.6630916630916631,0.6224581724581725,2.1627122257725397,Medium,0.6224581724581725,Stress_Induced
541:00,0.9111969111969103,0.3333333333333335,0.7301587301587302,0.658229658229658,0.6274774774774774,2.1808185162033853,Medium,0.6274774774774773,Stress_Induced
541:30,0.9111969111969103,0.3333333333333335,0.7619047619047619,0.6688116688116685,0.6417631917631916,2.1808185162033853,Medium,0.6417631917631915,Stress_Induced
542:00,0.9111969111969103,0.1904761904761907,0.746031746031746,0.6159016159016156,0.5846203346203346,1.9155408290138962,Medium,0.5846203346203346,Stress_Induced
542:30,0.9111969111969103,0.1904761904761907,0.7301587301587302,0.6106106106106104,0.5774774774774775,1.9155408290138962,Medium,0.5774774774774775,Stress_Induced
543:00,0.9111969111969103,0.1904761904761907,0.6984126984126984,0.6000286000285998,0.5631917631917631,1.8996370120183175,Medium,0.563191763191763,Stress_Induced
543:30,0.9111969111969103,0.1904761904761907,0.5873015873015872,0.5629915629915627,0.5131917631917631,1.7084778489176013,Low,0.513191763191763,Stress_Induced
544:00,0.9111969111969103,0.1904761904761907,0.4285714285714286,0.5100815100815098,0.4417631917631917,1.4682754511694782,Low,0.4417631917631916,Stress_Induced
544:30,0.9111969111969103,0.1904761904761907,0.26984126984126977,0.4571714571714569,0.3703346203346202,1.2618441625525039,Low,0.3703346203346201,Stress_Induced
545:00,0.9111969111969103,0.1904761904761907,0.1428571428571428,0.4148434148434146,0.31319176319176306,1.2214027581601699,Low,0.31319176319176295,Stress_Induced
545:30,0.9111969111969103,0.1904761904761907,0.06349206349206349,0.38838838838838813,0.27747747747747736,1.2214027581601699,Low,0.27747747747747725,Stress_Induced
546:00,0.8687258687258677,0.1904761904761907,0.0,0.35306735306735276,0.24041184041184027,1.2214027581601699,Low,0.24041184041184013,Stress_Induced
546:30,0.8687258687258677,0.1904761904761907,0.0,0.35306735306735276,0.24041184041184027,1.2214027581601699,Low,0.24041184041184013,Stress_Induced
547:00,0.8687258687258677,0.38095238095238093,0.047619047619047616,0.43243243243243207,0.3285070785070783,1.452416735049703,Low,0.3285070785070781,Stress_Induced
547:30,0.8687258687258677,0.38095238095238093,0.07936507936507936,0.44301444301444265,0.3427927927927925,1.452416735049703,Low,0.3427927927927924,Stress_Induced
548:00,0.8687258687258677,0.38095238095238093,0.12698412698412698,0.4588874588874585,0.364221364221364,1.452416735049703,Low,0.36422136422136386,Stress_Induced
548:30,0.8687258687258677,0.38095238095238093,0.15873015873015872,0.46946946946946905,0.37850707850707827,1.452416735049703,Low,0.3785070785070781,Stress_Induced
549:00,0.8687258687258677,0.38095238095238093,0.15873015873015872,0.46946946946946905,0.37850707850707827,1.452416735049703,Low,0.3785070785070781,Stress_Induced
549:30,0.8687258687258677,0.38095238095238093,0.17460317460317465,0.4747604747604744,0.38564993564993544,1.452416735049703,Low,0.3856499356499353,Stress_Induced
550:00,0.8687258687258677,0.38095238095238093,0.20634920634920628,0.485342485342485,0.3999356499356497,1.452416735049703,Low,0.39993564993564956,Stress_Induced
550:30,0.8687258687258677,0.38095238095238093,0.25396825396825395,0.5012155012155008,0.42136422136422114,1.4779436959696726,Low,0.421364221364221,Stress_Induced
551:00,0.8687258687258677,0.38095238095238093,0.25396825396825395,0.5012155012155008,0.42136422136422114,1.4779436959696726,Low,0.421364221364221,Stress_Induced
551:30,0.826254826254825,0.38095238095238093,0.26984126984126977,0.49234949234949194,0.4200128700128697,1.5005071557859526,Low,0.4200128700128696,Stress_Induced
552:00,0.8687258687258677,0.38095238095238093,0.3015873015873016,0.5170885170885168,0.4427927927927926,1.5466727493769972,Low,0.4427927927927925,Stress_Induced
552:30,0.826254826254825,0.1428571428571428,0.33333333333333326,0.4341484341484337,0.365250965250965,1.3406840691168846,Low,0.3652509652509649,Stress_Induced
553:00,0.8687258687258677,0.1428571428571428,0.3492063492063492,0.45359645359645323,0.3808880308880307,1.3611520146836464,Low,0.3808880308880306,Stress_Induced
553:30,0.826254826254825,0.1428571428571428,0.31746031746031744,0.42885742885742845,0.3581081081081079,1.320523904599708,Low,0.3581081081081078,Stress_Induced
554:00,0.826254826254825,0.1428571428571428,0.26984126984126977,0.4129844129844125,0.33667953667953643,1.2618441625525039,Low,0.3366795366795363,Stress_Induced
554:30,0.826254826254825,0.1428571428571428,0.2222222222222222,0.3971113971113967,0.31525096525096497,1.2214027581601699,Low,0.3152509652509649,Stress_Induced
555:00,0.826254826254825,0.1428571428571428,0.19047619047619047,0.3865293865293861,0.30096525096525073,1.2214027581601699,Low,0.3009652509652506,Stress_Induced
555:30,0.826254826254825,0.1428571428571428,0.19047619047619047,0.3865293865293861,0.30096525096525073,1.2214027581601699,Low,0.3009652509652506,Stress_Induced
556:00,0.826254826254825,0.1428571428571428,0.2222222222222222,0.3971113971113967,0.31525096525096497,1.2214027581601699,Low,0.3152509652509649,Stress_Induced
556:30,0.826254826254825,0.1428571428571428,0.26984126984126977,0.4129844129844125,0.33667953667953643,1.2618441625525039,Low,0.3366795366795363,Stress_Induced
557:00,0.826254826254825,0.1428571428571428,0.31746031746031744,0.42885742885742845,0.3581081081081079,1.320523904599708,Low,0.3581081081081078,Stress_Induced
557:30,0.826254826254825,0.23809523809523814,0.3650793650793651,0.4764764764764761,0.4128700128700127,1.4421367823205056,Low,0.41287001287001257,Stress_Induced
558:00,0.826254826254825,0.23809523809523814,0.39682539682539675,0.48705848705848664,0.4271557271557269,1.4865065144731207,Low,0.4271557271557268,Stress_Induced
558:30,0.826254826254825,0.23809523809523814,0.4285714285714286,0.4976404976404973,0.44144144144144126,1.532241355092165,Low,0.44144144144144115,Stress_Induced
559:00,0.826254826254825,0.23809523809523814,0.4444444444444444,0.5029315029315026,0.4485842985842984,1.5556337660065616,Low,0.44858429858429827,Stress_Induced
559:30,0.826254826254825,0.23809523809523814,0.47619047619047616,0.5135135135135132,0.4628700128700126,1.6034954212749417,Low,0.4628700128700126,Stress_Induced
560:00,0.826254826254825,0.23809523809523814,0.5079365079365079,0.5240955240955237,0.47715572715572696,1.6528296198212358,Low,0.47715572715572685,Stress_Induced
560:30,0.826254826254825,0.23809523809523814,0.5238095238095237,0.529386529386529,0.4842985842985841,1.6780630267579772,Low,0.48429858429858397,Stress_Induced
561:00,0.826254826254825,0.23809523809523814,0.5555555555555556,0.5399685399685396,0.4985842985842984,1.7296914214742216,Low,0.4985842985842983,Stress_Induced
561:30,0.826254826254825,0.23809523809523814,0.5714285714285714,0.5452595452595449,0.5057271557271555,1.7560982615923038,Medium,0.5057271557271554,Stress_Induced
562:00,0.826254826254825,0.23809523809523814,0.5714285714285714,0.5452595452595449,0.5057271557271555,1.7560982615923038,Medium,0.5057271557271554,Stress_Induced
562:30,0.826254826254825,0.23809523809523814,0.5396825396825397,0.5346775346775342,0.4914414414414412,1.7036816668839108,Low,0.4914414414414412,Stress_Induced
563:00,0.826254826254825,0.23809523809523814,0.5396825396825397,0.5346775346775342,0.4914414414414412,1.7036816668839108,Low,0.4914414414414412,Stress_Induced
563:30,0.826254826254825,0.23809523809523814,0.5714285714285714,0.5452595452595449,0.5057271557271555,1.7560982615923038,Medium,0.5057271557271554,Stress_Induced
564:00,0.826254826254825,0.23809523809523814,0.5714285714285714,0.5452595452595449,0.5057271557271555,1.7560982615923038,Medium,0.5057271557271554,Stress_Induced
564:30,0.826254826254825,0.23809523809523814,0.5714285714285714,0.5452595452595449,0.5057271557271555,1.7560982615923038,Medium,0.5057271557271554,Stress_Induced
565:00,0.826254826254825,0.23809523809523814,0.5555555555555556,0.5399685399685396,0.4985842985842984,1.7296914214742216,Low,0.4985842985842983,Stress_Induced
565:30,0.826254826254825,0.23809523809523814,0.5873015873015872,0.5505505505505501,0.5128700128700127,1.782908249460536,Medium,0.5128700128700125,Stress_Induced
566:00,0.826254826254825,0.23809523809523814,0.6031746031746031,0.5558415558415555,0.5200128700128698,1.81012753985199,Medium,0.5200128700128698,Stress_Induced
566:30,0.7837837837837824,0.23809523809523814,0.5873015873015872,0.5363935363935359,0.5043758043758041,1.782908249460536,Medium,0.5043758043758041,Stress_Induced
567:00,0.826254826254825,0.23809523809523814,0.6031746031746031,0.5558415558415555,0.5200128700128698,1.81012753985199,Medium,0.5200128700128698,Stress_Induced
567:30,0.7837837837837824,0.23809523809523814,0.6349206349206349,0.5522665522665519,0.5258043758043756,1.865819118549589,Medium,0.5258043758043754,Stress_Induced
568:00,0.7837837837837824,0.047619047619047894,0.6349206349206349,0.4887744887744884,0.45913770913770896,1.7879274691187612,Medium,0.45913770913770896,Stress_Induced
568:30,0.7837837837837824,0.047619047619047894,0.6507936507936507,0.49406549406549366,0.4662805662805661,1.815223386895532,Medium,0.4662805662805661,Stress_Induced
569:00,0.7837837837837824,0.047619047619047894,0.6666666666666665,0.49935649935649895,0.4734234234234232,1.8429360257866347,Medium,0.4734234234234232,Stress_Induced
569:30,0.7837837837837824,0.047619047619047894,0.6984126984126984,0.5099385099385095,0.48770913770913754,1.8996370120183175,Medium,0.48770913770913754,Stress_Induced
570:00,0.7837837837837824,0.047619047619047894,0.7301587301587302,0.5205205205205202,0.5019948519948518,1.9155408290138962,Medium,0.5019948519948519,Stress_Induced
570:30,0.7837837837837824,0.047619047619047894,0.7301587301587302,0.5205205205205202,0.5019948519948518,1.9155408290138962,Medium,0.5019948519948519,Stress_Induced
571:00,0.7837837837837824,0.047619047619047894,0.7142857142857142,0.5152295152295149,0.49485199485199466,1.9155408290138962,Medium,0.49485199485199466,Stress_Induced
571:30,0.7837837837837824,0.047619047619047894,0.6825396825396826,0.5046475046475043,0.4805662805662804,1.8710717477868761,Medium,0.4805662805662804,Stress_Induced
572:00,0.7837837837837824,0.047619047619047894,0.6825396825396826,0.5046475046475043,0.4805662805662804,1.8710717477868761,Medium,0.4805662805662804,Stress_Induced
572:30,0.7837837837837824,0.047619047619047894,0.6825396825396826,0.5046475046475043,0.4805662805662804,1.8710717477868761,Medium,0.4805662805662804,Stress_Induced
573:00,0.7837837837837824,0.047619047619047894,0.6666666666666665,0.49935649935649895,0.4734234234234232,1.8429360257866347,Medium,0.4734234234234232,Stress_Induced
573:30,0.7837837837837824,0.047619047619047894,0.6507936507936507,0.49406549406549366,0.4662805662805661,1.815223386895532,Medium,0.4662805662805661,Stress_Induced
574:00,0.7837837837837824,0.047619047619047894,0.6666666666666665,0.49935649935649895,0.4734234234234232,1.8429360257866347,Medium,0.4734234234234232,Stress_Induced
574:30,0.7837837837837824,0.047619047619047894,0.6825396825396826,0.5046475046475043,0.4805662805662804,1.8710717477868761,Medium,0.4805662805662804,Stress_Induced
575:00,0.7837837837837824,0.047619047619047894,0.6825396825396826,0.5046475046475043,0.4805662805662804,1.8710717477868761,Medium,0.4805662805662804,Stress_Induced
575:30,0.7413127413127398,0.047619047619047894,0.6825396825396826,0.4904904904904901,0.4720720720720719,1.8710717477868761,Medium,0.4720720720720719,Stress_Induced
576:00,0.7837837837837824,0.047619047619047894,0.6825396825396826,0.5046475046475043,0.4805662805662804,1.8710717477868761,Medium,0.4805662805662804,Stress_Induced
576:30,0.7413127413127398,0.047619047619047894,0.6825396825396826,0.4904904904904901,0.4720720720720719,1.8710717477868761,Medium,0.4720720720720719,Stress_Induced
577:00,0.7413127413127398,0.047619047619047894,0.6666666666666665,0.48519948519948475,0.4649292149292147,1.8429360257866347,Medium,0.4649292149292147,Stress_Induced
577:30,0.7837837837837824,0.047619047619047894,0.6507936507936507,0.49406549406549366,0.4662805662805661,1.815223386895532,Medium,0.4662805662805661,Stress_Induced
578:00,0.7837837837837824,0.047619047619047894,0.6507936507936507,0.49406549406549366,0.4662805662805661,1.815223386895532,Medium,0.4662805662805661,Stress_Induced
578:30,0.7413127413127398,0.1428571428571428,0.6666666666666665,0.5169455169455164,0.4982625482625479,1.8429360257866347,Medium,0.49826254826254784,Stress_Induced
579:00,0.7837837837837824,0.1428571428571428,0.6984126984126984,0.5416845416845412,0.5210424710424708,1.8996370120183175,Medium,0.5210424710424707,Stress_Induced
579:30,0.7837837837837824,0.1428571428571428,0.6984126984126984,0.5416845416845412,0.5210424710424708,1.8996370120183175,Medium,0.5210424710424707,Stress_Induced
580:00,0.7413127413127398,0.1428571428571428,0.6825396825396826,0.5222365222365217,0.5054054054054051,1.8710717477868761,Medium,0.505405405405405,Stress_Induced
580:30,0.7837837837837824,0.1428571428571428,0.6666666666666665,0.5311025311025306,0.5067567567567564,1.8429360257866347,Medium,0.5067567567567564,Stress_Induced
581:00,0.7837837837837824,0.1428571428571428,0.6507936507936507,0.5258115258115253,0.4996138996138993,1.815223386895532,Medium,0.49961389961389924,Stress_Induced
581:30,0.7837837837837824,0.1428571428571428,0.6507936507936507,0.5258115258115253,0.4996138996138993,1.815223386895532,Medium,0.49961389961389924,Stress_Induced
582:00,0.7413127413127398,0.1428571428571428,0.6666666666666665,0.5169455169455164,0.4982625482625479,1.8429360257866347,Medium,0.49826254826254784,Stress_Induced
582:30,0.7837837837837824,0.1428571428571428,0.6984126984126984,0.5416845416845412,0.5210424710424708,1.8996370120183175,Medium,0.5210424710424707,Stress_Induced
583:00,0.7837837837837824,0.1428571428571428,0.7142857142857142,0.5469755469755465,0.5281853281853279,1.9155408290138962,Medium,0.5281853281853278,Stress_Induced
583:30,0.7837837837837824,0.2857142857142856,0.7142857142857142,0.5945945945945941,0.5781853281853279,2.087926904794594,Medium,0.5781853281853279,Stress_Induced
584:00,0.7837837837837824,0.2857142857142856,0.7301587301587302,0.5998855998855994,0.5853281853281851,2.087926904794594,Medium,0.585328185328185,Stress_Induced
584:30,0.7837837837837824,0.2857142857142856,0.7301587301587302,0.5998855998855994,0.5853281853281851,2.087926904794594,Medium,0.585328185328185,Stress_Induced
585:00,0.7837837837837824,0.2857142857142856,0.7301587301587302,0.5998855998855994,0.5853281853281851,2.087926904794594,Medium,0.585328185328185,Stress_Induced
585:30,0.7837837837837824,0.2857142857142856,0.7619047619047619,0.61046761046761,0.5996138996138993,2.087926904794594,Medium,0.5996138996138992,Stress_Induced
586:00,0.7837837837837824,0.2857142857142856,0.7777777777777777,0.6157586157586152,0.6067567567567564,2.087926904794594,Medium,0.6067567567567563,Stress_Induced
586:30,0.7837837837837824,0.2857142857142856,0.8095238095238095,0.6263406263406258,0.6210424710424708,2.087926904794594,Medium,0.6210424710424708,Stress_Induced
587:00,0.7837837837837824,0.2857142857142856,0.8253968253968254,0.6316316316316312,0.6281853281853279,2.087926904794594,Medium,0.6281853281853279,Stress_Induced
587:30,0.7837837837837824,0.2857142857142856,0.8253968253968254,0.6316316316316312,0.6281853281853279,2.087926904794594,Medium,0.6281853281853279,Stress_Induced
588:00,0.7837837837837824,0.2857142857142856,0.8253968253968254,0.6316316316316312,0.6281853281853279,2.087926904794594,Medium,0.6281853281853279,Stress_Induced
588:30,0.826254826254825,0.23809523809523814,0.8412698412698412,0.6352066352066348,0.627155727155727,1.9989919965254774,Medium,0.6271557271557269,Stress_Induced
589:00,0.826254826254825,0.23809523809523814,0.8571428571428572,0.6404976404976401,0.6342985842985841,1.9989919965254774,Medium,0.6342985842985841,Stress_Induced
589:30,0.826254826254825,0.23809523809523814,0.8571428571428572,0.6404976404976401,0.6342985842985841,1.9989919965254774,Medium,0.6342985842985841,Stress_Induced
590:00,0.826254826254825,0.23809523809523814,0.8412698412698412,0.6352066352066348,0.627155727155727,1.9989919965254774,Medium,0.6271557271557269,Stress_Induced
590:30,0.826254826254825,0.23809523809523814,0.8412698412698412,0.6352066352066348,0.627155727155727,1.9989919965254774,Medium,0.6271557271557269,Stress_Induced
591:00,0.826254826254825,0.23809523809523814,0.8571428571428572,0.6404976404976401,0.6342985842985841,1.9989919965254774,Medium,0.6342985842985841,Stress_Induced
591:30,0.826254826254825,0.23809523809523814,0.8888888888888888,0.6510796510796507,0.6485842985842983,1.9989919965254774,Medium,0.6485842985842983,Stress_Induced
592:00,0.826254826254825,0.23809523809523814,0.8888888888888888,0.6510796510796507,0.6485842985842983,1.9989919965254774,Medium,0.6485842985842983,Stress_Induced
592:30,0.826254826254825,0.23809523809523814,0.9047619047619047,0.656370656370656,0.6557271557271555,1.9989919965254774,Medium,0.6557271557271555,Stress_Induced
593:00,0.826254826254825,0.23809523809523814,0.9047619047619047,0.656370656370656,0.6557271557271555,1.9989919965254774,Medium,0.6557271557271555,Stress_Induced
593:30,0.826254826254825,0.38095238095238093,0.873015873015873,0.693407693407693,0.6914414414414412,2.2778428639882953,Medium,0.6914414414414413,Stress_Induced
594:00,0.826254826254825,0.38095238095238093,0.8095238095238095,0.6722436722436719,0.6628700128700127,2.2778428639882953,Medium,0.6628700128700126,Stress_Induced
594:30,0.8687258687258677,0.38095238095238093,0.7301587301587302,0.6599456599456596,0.6356499356499354,2.2778428639882953,Medium,0.6356499356499354,Stress_Induced
595:00,0.8687258687258677,0.38095238095238093,0.6984126984126984,0.649363649363649,0.6213642213642211,2.258931026921265,Medium,0.6213642213642211,Stress_Induced
595:30,0.8687258687258677,0.38095238095238093,0.6984126984126984,0.649363649363649,0.6213642213642211,2.258931026921265,Medium,0.6213642213642211,Stress_Induced
