Timestamp,Object Temperature(F),Heart Rate Ear(BPM),GSR,Weighted_Stress,QuantityIndex_Stress,StressIndex_Level,Condition
0 days 00:00:00,75.76,75.0,351.0,0.57197,1.7177455989003911,High,Base
0 days 00:01:00,75.76,75.0,351.0,0.57197,1.7177455989003911,High,Base
0 days 00:02:00,75.76,75.0,351.0,0.57197,1.7177455989003911,High,Base
0 days 00:03:00,75.76,75.0,352.0,0.5724199999999999,1.720344076393379,High,Base
0 days 00:04:00,75.76,75.0,352.0,0.5724199999999999,1.720344076393379,High,Base
0 days 00:05:00,75.76,75.0,352.0,0.5724199999999999,1.720344076393379,High,Base
0 days 00:06:00,75.76,75.0,352.0,0.5724199999999999,1.720344076393379,High,Base
0 days 00:07:00,75.76,75.0,352.0,0.5724199999999999,1.720344076393379,High,Base
0 days 00:08:00,75.76,75.0,350.0,0.5715199999999999,1.7151510462532373,High,Base
0 days 00:09:00,75.76,88.0,348.0,0.61612,1.8031960944432317,High,Base
0 days 00:10:00,75.76,88.0,346.0,0.61522,1.7977529672249484,High,Base
0 days 00:11:00,75.76,88.0,342.0,0.61342,1.786915955057733,High,Base
0 days 00:12:00,75.76,88.0,339.0,0.61207,1.7788310879962865,High,Base
0 days 00:13:00,75.76,88.0,338.0,0.61162,1.7761442693479639,High,Base
0 days 00:14:00,75.76,88.0,337.0,0.61117,1.7734615089795405,High,Base
0 days 00:15:00,75.76,88.0,336.0,0.61072,1.7707828007612256,High,Base
0 days 00:16:00,75.76,96.0,335.0,0.63827,1.8268193810624735,High,Base
0 days 00:17:00,75.65,96.0,334.0,0.6376,1.8235193432052883,High,Base
0 days 00:18:00,75.76,96.0,334.0,0.6378199999999999,1.824060078949261,High,Base
0 days 00:19:00,75.65,96.0,334.0,0.6376,1.8235193432052883,High,Base
0 days 00:20:00,75.76,96.0,332.0,0.6369199999999999,1.8185539717132764,High,Base
0 days 00:21:00,75.65,96.0,329.0,0.63535,1.8097892947347634,High,Base
0 days 00:22:00,75.65,96.0,328.0,0.6349,1.8070557155549067,High,Base
0 days 00:23:00,75.65,106.0,326.0,0.669,1.8766880270913533,High,Base
0 days 00:24:00,75.65,106.0,325.0,0.66855,1.8738534013518442,High,Base
0 days 00:25:00,75.65,106.0,324.0,0.6681,1.871023057146062,High,Base
0 days 00:26:00,75.65,106.0,323.0,0.66765,1.8681969880070046,High,Base
0 days 00:27:00,75.65,106.0,322.0,0.6672,1.8653751874774378,High,Base
0 days 00:28:00,75.65,106.0,320.0,0.6663,1.8597443664665902,High,Base
0 days 00:29:00,75.65,106.0,318.0,0.6654,1.854130542650446,High,Base
0 days 00:30:00,75.65,106.0,317.0,0.6649499999999999,1.8513299886506678,High,Base
0 days 00:31:00,75.65,106.0,317.0,0.6649499999999999,1.8513299886506678,High,Base
0 days 00:32:00,75.54,106.0,318.0,0.66518,1.8535808926307056,High,Base
0 days 00:33:00,75.54,106.0,318.0,0.66518,1.8535808926307056,High,Base
0 days 00:34:00,75.54,106.0,317.0,0.6647299999999999,1.8507811688446183,High,Base
0 days 00:35:00,75.54,106.0,317.0,0.6647299999999999,1.8507811688446183,High,Base
0 days 00:36:00,75.54,106.0,316.0,0.66428,1.8479856738749312,High,Base
0 days 00:37:00,75.54,106.0,315.0,0.66383,1.8451944013342687,High,Base
0 days 00:38:00,75.54,98.0,316.0,0.63628,1.788594178392883,High,Base
0 days 00:39:00,75.54,98.0,316.0,0.63628,1.788594178392883,High,Base
0 days 00:40:00,75.54,98.0,316.0,0.63628,1.788594178392883,High,Base
0 days 00:41:00,75.54,98.0,315.0,0.63583,1.7858926131767043,High,Base
0 days 00:42:00,75.54,98.0,315.0,0.63583,1.7858926131767043,High,Base
0 days 00:43:00,75.54,98.0,315.0,0.63583,1.7858926131767043,High,Base
0 days 00:44:00,75.54,98.0,315.0,0.63583,1.7858926131767043,High,Base
0 days 00:45:00,75.54,98.0,315.0,0.63583,1.7858926131767043,High,Base
0 days 00:46:00,75.54,91.0,315.0,0.61133,1.7355690709118936,High,Base
0 days 00:47:00,75.54,91.0,315.0,0.61133,1.7355690709118936,High,Base
0 days 00:48:00,75.54,91.0,314.0,0.61088,1.732947596969457,High,Base
0 days 00:49:00,75.54,91.0,312.0,0.60998,1.7277165218456856,High,Base
0 days 00:50:00,75.43,91.0,311.0,0.60931,1.7245955072628105,High,Base
0 days 00:51:00,75.43,91.0,311.0,0.60931,1.7245955072628105,High,Base
0 days 00:52:00,75.43,91.0,311.0,0.60931,1.7245955072628105,High,Base
0 days 00:53:00,75.43,91.0,311.0,0.60931,1.7245955072628105,High,Base
0 days 00:54:00,75.43,91.0,311.0,0.60931,1.7245955072628105,High,Base
0 days 00:55:00,75.43,91.0,311.0,0.60931,1.7245955072628105,High,Base
0 days 00:56:00,75.43,91.0,311.0,0.60931,1.7245955072628105,High,Base
0 days 00:57:00,75.43,91.0,311.0,0.60931,1.7245955072628105,High,Base
0 days 00:58:00,75.43,91.0,312.0,0.60976,1.7272043467865439,High,Base
0 days 00:59:00,75.43,91.0,311.0,0.60931,1.7245955072628105,High,Base
0 days 01:00:00,75.43,91.0,310.0,0.6088600000000001,1.7219906082361431,High,Base
0 days 01:01:00,75.43,91.0,310.0,0.6088600000000001,1.7219906082361431,High,Base
0 days 01:02:00,75.43,90.0,310.0,0.60536,1.7149735648124698,High,Base
0 days 01:03:00,75.43,90.0,310.0,0.60536,1.7149735648124698,High,Base
0 days 01:04:00,75.43,90.0,309.0,0.6049100000000001,1.7123831991580734,High,Base
0 days 01:05:00,75.43,90.0,308.0,0.60446,1.7097967460970604,High,Base
0 days 01:06:00,75.43,90.0,307.0,0.60401,1.7072141997196917,Medium,Base
0 days 01:07:00,75.43,90.0,307.0,0.60401,1.7072141997196917,Medium,Base
0 days 01:08:00,75.43,90.0,305.0,0.60311,1.7020608034215463,Medium,Base
0 days 01:09:00,75.43,90.0,303.0,0.60221,1.696922963164002,Medium,Base
0 days 01:10:00,75.43,90.0,302.0,0.60176,1.694359861870707,Medium,Base
0 days 01:11:00,75.43,86.0,300.0,0.58686,1.6618786836464683,Medium,Base
0 days 01:12:00,75.43,86.0,297.0,0.58551,1.6543595453280133,Medium,Base
0 days 01:13:00,75.43,86.0,297.0,0.58551,1.6543595453280133,Medium,Base
0 days 01:14:00,75.43,86.0,297.0,0.58551,1.6543595453280133,Medium,Base
0 days 01:15:00,75.31,86.0,295.0,0.58437,1.6488323051698346,Medium,Base
0 days 01:16:00,75.31,86.0,294.0,0.58392,1.64634184195757,Medium,Base
0 days 01:17:00,75.43,86.0,293.0,0.58371,1.6443869212531144,Medium,Base
0 days 01:18:00,75.31,86.0,294.0,0.58392,1.64634184195757,Medium,Base
0 days 01:19:00,75.31,92.0,294.0,0.60492,1.68717490237145,Medium,Base
0 days 01:20:00,75.31,92.0,294.0,0.60492,1.68717490237145,Medium,Base
0 days 01:21:00,75.31,92.0,295.0,0.60537,1.6897271347936158,Medium,Base
0 days 01:22:00,75.31,92.0,295.0,0.60537,1.6897271347936158,Medium,Base
0 days 01:23:00,75.31,92.0,295.0,0.60537,1.6897271347936158,Medium,Base
0 days 01:24:00,75.31,92.0,294.0,0.60492,1.68717490237145,Medium,Base
0 days 01:25:00,75.31,92.0,293.0,0.60447,1.6846265249446868,Medium,Base
0 days 01:26:00,75.31,92.0,294.0,0.60492,1.68717490237145,Medium,Base
0 days 01:27:00,75.31,85.0,294.0,0.5804199999999999,1.6396330642557801,Medium,Base
0 days 01:28:00,75.31,85.0,294.0,0.5804199999999999,1.6396330642557801,Medium,Base
0 days 01:29:00,75.31,85.0,294.0,0.5804199999999999,1.6396330642557801,Medium,Base
0 days 01:30:00,75.31,85.0,294.0,0.5804199999999999,1.6396330642557801,Medium,Base
0 days 01:31:00,75.31,85.0,293.0,0.57997,1.6371564959502354,Medium,Base
0 days 01:32:00,75.31,85.0,293.0,0.57997,1.6371564959502354,Medium,Base
0 days 01:33:00,75.31,85.0,294.0,0.5804199999999999,1.6396330642557801,Medium,Base
0 days 01:34:00,75.31,85.0,295.0,0.58087,1.6421133789292421,Medium,Base
0 days 01:35:00,75.31,85.0,295.0,0.58087,1.6421133789292421,Medium,Base
0 days 01:36:00,75.2,80.0,295.0,0.5631499999999999,1.6084502530917468,Medium,Base
0 days 01:37:00,75.2,80.0,295.0,0.5631499999999999,1.6084502530917468,Medium,Base
0 days 01:38:00,75.31,80.0,294.0,0.56292,1.6064970245648607,Medium,Base
0 days 01:39:00,75.2,80.0,292.0,0.5618,1.601172850685445,Medium,Base
0 days 01:40:00,75.31,80.0,289.0,0.56067,1.5944010289302555,Medium,Base
0 days 01:41:00,75.2,80.0,288.0,0.5599999999999999,1.5915208406590184,Medium,Base
0 days 01:42:00,75.2,80.0,288.0,0.5599999999999999,1.5915208406590184,Medium,Base
0 days 01:43:00,75.2,80.0,286.0,0.5590999999999999,1.5867166763016576,Low,Base
0 days 01:44:00,75.2,80.0,285.0,0.55865,1.5843200350554703,Low,Base
0 days 01:45:00,75.2,84.0,285.0,0.57265,1.6104094408533416,Medium,Base
0 days 01:46:00,75.2,84.0,285.0,0.57265,1.6104094408533416,Medium,Base
0 days 01:47:00,75.2,84.0,287.0,0.57355,1.615285340723845,Medium,Base
0 days 01:48:00,75.2,84.0,288.0,0.574,1.6177288239761445,Medium,Base
0 days 01:49:00,75.2,84.0,288.0,0.574,1.6177288239761445,Medium,Base
0 days 01:50:00,75.2,84.0,289.0,0.57445,1.620176003547759,Medium,Base
0 days 01:51:00,75.2,84.0,289.0,0.57445,1.620176003547759,Medium,Base
0 days 01:52:00,75.2,84.0,290.0,0.5749,1.622626885030205,Medium,Base
0 days 01:53:00,75.2,84.0,290.0,0.5749,1.622626885030205,Medium,Base
0 days 01:54:00,75.2,86.0,290.0,0.5819,1.6359324394776225,Medium,Base
0 days 01:55:00,75.2,86.0,290.0,0.5819,1.6359324394776225,Medium,Base
0 days 01:56:00,75.2,86.0,290.0,0.5819,1.6359324394776225,Medium,Base
0 days 01:57:00,75.2,86.0,289.0,0.58145,1.6334614607458893,Medium,Base
0 days 01:58:00,75.2,86.0,288.0,0.581,1.6309942142806881,Medium,Base
0 days 01:59:00,75.2,86.0,287.0,0.58055,1.6285306944446523,Medium,Base
0 days 02:00:00,75.2,86.0,287.0,0.58055,1.6285306944446523,Medium,Base
0 days 02:01:00,75.2,86.0,287.0,0.58055,1.6285306944446523,Medium,Base
0 days 02:02:00,75.09,85.0,287.0,0.57683,1.6214136919444067,Medium,Base
0 days 02:03:00,75.2,85.0,287.0,0.57705,1.6218944964624764,Medium,Base
0 days 02:04:00,75.09,85.0,287.0,0.57683,1.6214136919444067,Medium,Base
0 days 02:05:00,75.09,85.0,286.0,0.57638,1.6189646429180207,Medium,Base
0 days 02:06:00,75.09,85.0,287.0,0.57683,1.6214136919444067,Medium,Base
0 days 02:07:00,75.09,85.0,287.0,0.57683,1.6214136919444067,Medium,Base
0 days 02:08:00,75.09,85.0,288.0,0.57728,1.6238664457095957,Medium,Base
0 days 02:09:00,75.09,85.0,289.0,0.57773,1.6263229098178407,Medium,Base
0 days 02:10:00,75.09,85.0,288.0,0.57728,1.6238664457095957,Medium,Base
0 days 02:11:00,75.09,83.0,287.0,0.56983,1.608226223049393,Medium,Base
0 days 02:12:00,75.09,83.0,286.0,0.56938,1.6057970929110852,Medium,Base
0 days 02:13:00,75.09,83.0,285.0,0.5689299999999999,1.6033716318294957,Medium,Base
0 days 02:14:00,75.09,83.0,284.0,0.56848,1.600949834262733,Medium,Base
0 days 02:15:00,75.09,83.0,283.0,0.5680299999999999,1.5985316946772754,Medium,Base
0 days 02:16:00,75.09,83.0,283.0,0.5680299999999999,1.5985316946772754,Medium,Base
0 days 02:17:00,75.09,83.0,283.0,0.5680299999999999,1.5985316946772754,Medium,Base
0 days 02:18:00,75.09,100.0,284.0,0.62798,1.7160290929854456,High,Base
0 days 02:19:00,75.09,100.0,284.0,0.62798,1.7160290929854456,High,Base
0 days 02:20:00,75.09,100.0,284.0,0.62798,1.7160290929854456,High,Base
0 days 02:21:00,75.09,100.0,282.0,0.62708,1.7108490880529925,High,Base
0 days 02:22:00,74.97,100.0,281.0,0.62639,1.7077125137500166,Medium,Base
0 days 02:23:00,74.97,100.0,280.0,0.6259399999999999,1.705133115481749,Medium,Base
0 days 02:24:00,75.09,100.0,281.0,0.62663,1.708264952175637,High,Base
0 days 02:25:00,74.97,100.0,281.0,0.62639,1.7077125137500166,Medium,Base
0 days 02:26:00,74.97,99.0,282.0,0.62334,1.7033264263389,Medium,Base
0 days 02:27:00,74.97,99.0,282.0,0.62334,1.7033264263389,Medium,Base
0 days 02:28:00,74.97,99.0,283.0,0.6237900000000001,1.7059030915825115,Medium,Base
0 days 02:29:00,75.09,99.0,282.0,0.6235799999999999,1.703877445882124,Medium,Base
0 days 02:30:00,74.97,99.0,282.0,0.62334,1.7033264263389,Medium,Base
0 days 02:31:00,74.97,99.0,282.0,0.62334,1.7033264263389,Medium,Base
0 days 02:32:00,74.97,99.0,281.0,0.6228899999999999,1.7007536529950162,Medium,Base
0 days 02:33:00,74.97,99.0,281.0,0.6228899999999999,1.7007536529950162,Medium,Base
0 days 02:34:00,74.97,88.0,282.0,0.58484,1.6285123328695412,Medium,Base
0 days 02:35:00,74.97,88.0,282.0,0.58484,1.6285123328695412,Medium,Base
0 days 02:36:00,74.97,88.0,282.0,0.58484,1.6285123328695412,Medium,Base
0 days 02:37:00,74.97,88.0,282.0,0.58484,1.6285123328695412,Medium,Base
0 days 02:38:00,74.97,88.0,282.0,0.58484,1.6285123328695412,Medium,Base
0 days 02:39:00,74.97,88.0,282.0,0.58484,1.6285123328695412,Medium,Base
0 days 02:40:00,74.97,88.0,282.0,0.58484,1.6285123328695412,Medium,Base
0 days 02:41:00,74.97,88.0,283.0,0.5852900000000001,1.6309758249295552,Medium,Base
0 days 02:42:00,74.97,88.0,283.0,0.5852900000000001,1.6309758249295552,Medium,Base
0 days 02:43:00,74.97,85.0,284.0,0.57524,1.6135556576618961,Medium,Base
0 days 02:44:00,74.86,85.0,285.0,0.5754699999999999,1.6155174682921507,Medium,Base
0 days 02:45:00,74.86,85.0,285.0,0.5754699999999999,1.6155174682921507,Medium,Base
0 days 02:46:00,74.86,85.0,285.0,0.5754699999999999,1.6155174682921507,Medium,Base
0 days 02:47:00,74.86,85.0,285.0,0.5754699999999999,1.6155174682921507,Medium,Base
0 days 02:48:00,74.86,85.0,286.0,0.57592,1.6179613026897315,Medium,Base
0 days 02:49:00,74.86,85.0,286.0,0.57592,1.6179613026897315,Medium,Base
0 days 02:50:00,74.86,85.0,286.0,0.57592,1.6179613026897315,Medium,Base
0 days 02:51:00,74.86,84.0,285.0,0.5719700000000001,1.6089342986903605,Medium,Base
0 days 02:52:00,74.86,84.0,285.0,0.5719700000000001,1.6089342986903605,Medium,Base
0 days 02:53:00,74.86,84.0,285.0,0.5719700000000001,1.6089342986903605,Medium,Base
0 days 02:54:00,74.86,84.0,285.0,0.5719700000000001,1.6089342986903605,Medium,Base
0 days 02:55:00,74.86,84.0,286.0,0.5724199999999999,1.611368174559709,Medium,Base
0 days 02:56:00,74.86,84.0,286.0,0.5724199999999999,1.611368174559709,Medium,Base
0 days 02:57:00,74.86,84.0,287.0,0.57287,1.6138057322150399,Medium,Base
0 days 02:58:00,74.86,84.0,288.0,0.57332,1.6162469772258843,Medium,Base
0 days 02:59:00,74.86,84.0,287.0,0.57287,1.6138057322150399,Medium,Base
0 days 03:00:00,74.86,87.0,287.0,0.5833699999999999,1.63369620034715,Medium,Base
0 days 03:01:00,74.86,87.0,288.0,0.58382,1.6361675341754534,Medium,Base
0 days 03:02:00,74.86,87.0,288.0,0.58382,1.6361675341754534,Medium,Base
0 days 03:03:00,74.86,87.0,288.0,0.58382,1.6361675341754534,Medium,Base
0 days 03:04:00,74.75,87.0,288.0,0.5836,1.6356824984690825,Medium,Base
0 days 03:05:00,74.86,87.0,288.0,0.58382,1.6361675341754534,Medium,Base
0 days 03:06:00,74.86,87.0,288.0,0.58382,1.6361675341754534,Medium,Base
0 days 03:07:00,74.86,87.0,288.0,0.58382,1.6361675341754534,Medium,Base
0 days 03:08:00,74.75,87.0,288.0,0.5836,1.6356824984690825,Medium,Base
0 days 03:09:00,74.75,84.0,289.0,0.57355,1.6182120600452976,Medium,Base
0 days 03:10:00,74.75,84.0,289.0,0.57355,1.6182120600452976,Medium,Base
0 days 03:11:00,74.75,84.0,290.0,0.5740000000000001,1.6206599706204148,Medium,Base
0 days 03:12:00,74.75,84.0,289.0,0.57355,1.6182120600452976,Medium,Base
0 days 03:13:00,74.75,84.0,289.0,0.57355,1.6182120600452976,Medium,Base
0 days 03:14:00,74.75,84.0,289.0,0.57355,1.6182120600452976,Medium,Base
0 days 03:15:00,74.75,84.0,289.0,0.57355,1.6182120600452976,Medium,Base
0 days 03:16:00,74.75,84.0,289.0,0.57355,1.6182120600452976,Medium,Base
0 days 03:17:00,74.75,87.0,289.0,0.58405,1.6381568370211166,Medium,Base
0 days 03:18:00,74.75,87.0,289.0,0.58405,1.6381568370211166,Medium,Base
0 days 03:19:00,74.75,87.0,288.0,0.5836,1.6356824984690825,Medium,Base
0 days 03:20:00,74.75,87.0,288.0,0.5836,1.6356824984690825,Medium,Base
0 days 03:21:00,74.75,87.0,289.0,0.58405,1.6381568370211166,Medium,Base
0 days 03:22:00,74.75,87.0,289.0,0.58405,1.6381568370211166,Medium,Base
0 days 03:23:00,74.75,87.0,290.0,0.5845,1.640634918568063,Medium,Base
0 days 03:24:00,74.75,87.0,290.0,0.5845,1.640634918568063,Medium,Base
0 days 03:25:00,74.75,87.0,290.0,0.5845,1.640634918568063,Medium,Base
0 days 03:26:00,74.75,87.0,290.0,0.5845,1.640634918568063,Medium,Base
0 days 03:27:00,74.75,75.0,291.0,0.54295,1.564545658072994,Low,Base
0 days 03:28:00,74.75,75.0,292.0,0.5433999999999999,1.5669123861157594,Low,Base
0 days 03:29:00,74.75,75.0,292.0,0.5433999999999999,1.5669123861157594,Low,Base
0 days 03:30:00,74.64,75.0,292.0,0.5431799999999999,1.566447880837329,Low,Base
0 days 03:31:00,74.64,75.0,293.0,0.54363,1.5688174864208915,Low,Base
0 days 03:32:00,74.75,75.0,293.0,0.54385,1.5692826943682807,Low,Base
0 days 03:33:00,74.64,75.0,293.0,0.54363,1.5688174864208915,Low,Base
0 days 03:34:00,74.64,75.0,294.0,0.5440799999999999,1.5711906765671393,Low,Base
0 days 03:35:00,74.64,75.0,294.0,0.5440799999999999,1.5711906765671393,Low,Base
0 days 03:36:00,74.64,83.0,294.0,0.5720799999999999,1.6233631397765527,Medium,Base
0 days 03:37:00,74.64,83.0,294.0,0.5720799999999999,1.6233631397765527,Medium,Base
0 days 03:38:00,74.64,83.0,294.0,0.5720799999999999,1.6233631397765527,Medium,Base
0 days 03:39:00,74.64,83.0,295.0,0.57253,1.6258188425211009,Medium,Base
0 days 03:40:00,74.64,83.0,297.0,0.57343,1.6307413980418326,Medium,Base
0 days 03:41:00,74.64,83.0,299.0,0.57433,1.635678857777118,Medium,Base
0 days 03:42:00,74.64,83.0,300.0,0.57478,1.6381531908217846,Medium,Base
0 days 03:43:00,74.64,83.0,299.0,0.57433,1.635678857777118,Medium,Base
0 days 03:44:00,74.64,87.0,297.0,0.58743,1.6575952363721744,Medium,Base
0 days 03:45:00,74.64,87.0,295.0,0.58653,1.6525916198626898,Medium,Base
0 days 03:46:00,74.64,87.0,292.0,0.5851799999999999,1.6451145006866967,Medium,Base
0 days 03:47:00,74.64,87.0,289.0,0.58383,1.6376712115934053,Medium,Base
0 days 03:48:00,74.64,87.0,286.0,0.58248,1.6302615995192538,Medium,Base
0 days 03:49:00,74.64,87.0,284.0,0.58158,1.6253404923182062,Medium,Base
0 days 03:50:00,74.64,87.0,283.0,0.5811299999999999,1.6228855120932124,Medium,Base
0 days 03:51:00,74.64,87.0,284.0,0.58158,1.6253404923182062,Medium,Base
0 days 03:52:00,74.64,87.0,285.0,0.5820299999999999,1.627799186254278,Medium,Base
0 days 03:53:00,74.64,83.0,286.0,0.56848,1.6038505792236903,Medium,Base
0 days 03:54:00,74.52,83.0,288.0,0.56914,1.6081863784675021,Medium,Base
0 days 03:55:00,74.52,83.0,289.0,0.56959,1.610619122938891,Medium,Base
0 days 03:56:00,74.52,83.0,290.0,0.57004,1.6130555474847679,Medium,Base
0 days 03:57:00,74.52,83.0,291.0,0.5704899999999999,1.6154956576720747,Medium,Base
0 days 03:58:00,74.52,83.0,292.0,0.57094,1.6179394590761755,Medium,Base
0 days 03:59:00,74.52,83.0,293.0,0.5713900000000001,1.6203869572808676,Medium,Base
0 days 04:00:00,74.52,83.0,293.0,0.5713900000000001,1.6203869572808676,Medium,Base
0 days 04:01:00,74.52,88.0,294.0,0.58934,1.6563112541799354,Medium,Base
0 days 04:02:00,74.52,88.0,295.0,0.58979,1.6588167983758422,Medium,Base
0 days 04:03:00,74.52,88.0,295.0,0.58979,1.6588167983758422,Medium,Base
0 days 04:04:00,74.52,88.0,296.0,0.59024,1.661326132772233,Medium,Base
0 days 04:05:00,74.52,88.0,296.0,0.59024,1.661326132772233,Medium,Base
0 days 04:06:00,74.52,88.0,297.0,0.5906899999999999,1.6638392631026409,Medium,Base
0 days 04:07:00,74.52,88.0,298.0,0.59114,1.666356195109272,Medium,Base
0 days 04:08:00,74.52,88.0,298.0,0.59114,1.666356195109272,Medium,Base
0 days 04:09:00,74.41,88.0,299.0,0.59137,1.6683822022580386,Medium,Base
0 days 04:10:00,74.52,83.0,299.0,0.57409,1.6351498930800081,Medium,Base
0 days 04:11:00,74.41,83.0,299.0,0.57387,1.6346651590495092,Medium,Base
0 days 04:12:00,74.52,83.0,299.0,0.57409,1.6351498930800081,Medium,Base
0 days 04:13:00,74.52,83.0,299.0,0.57409,1.6351498930800081,Medium,Base
0 days 04:14:00,74.41,83.0,299.0,0.57387,1.6346651590495092,Medium,Base
0 days 04:15:00,74.41,83.0,299.0,0.57387,1.6346651590495092,Medium,Base
0 days 04:16:00,74.41,83.0,298.0,0.57342,1.632196094469552,Medium,Base
0 days 04:17:00,74.41,83.0,299.0,0.57387,1.6346651590495092,Medium,Base
0 days 04:18:00,74.52,83.0,299.0,0.57409,1.6351498930800081,Medium,Base
0 days 04:19:00,74.41,84.0,300.0,0.57782,1.6438365272902031,Medium,Base
0 days 04:20:00,74.52,84.0,300.0,0.57804,1.644323980944515,Medium,Base
0 days 04:21:00,74.41,84.0,300.0,0.57782,1.6438365272902031,Medium,Base
0 days 04:22:00,74.41,84.0,300.0,0.57782,1.6438365272902031,Medium,Base
0 days 04:23:00,74.41,84.0,300.0,0.57782,1.6438365272902031,Medium,Base
0 days 04:24:00,74.41,84.0,301.0,0.5782700000000001,1.6463232006491972,Medium,Base
0 days 04:25:00,74.41,84.0,301.0,0.5782700000000001,1.6463232006491972,Medium,Base
0 days 04:26:00,74.41,84.0,301.0,0.5782700000000001,1.6463232006491972,Medium,Base
0 days 04:27:00,74.41,87.0,301.0,0.58877,1.6666144528761433,Medium,Base
0 days 04:28:00,74.41,87.0,301.0,0.58877,1.6666144528761433,Medium,Base
0 days 04:29:00,74.41,87.0,301.0,0.58877,1.6666144528761433,Medium,Base
0 days 04:30:00,74.41,87.0,300.0,0.58832,1.6640971307865027,Medium,Base
0 days 04:31:00,74.41,87.0,299.0,0.58787,1.6615836109622826,Medium,Base
0 days 04:32:00,74.41,87.0,299.0,0.58787,1.6615836109622826,Medium,Base
0 days 04:33:00,74.41,87.0,298.0,0.58742,1.6590738876603868,Medium,Base
0 days 04:34:00,74.41,87.0,299.0,0.58787,1.6615836109622826,Medium,Base
0 days 04:35:00,74.41,87.0,300.0,0.58832,1.6640971307865027,Medium,Base
0 days 04:36:00,74.41,85.0,301.0,0.5817699999999999,1.6530593519376977,Medium,Base
0 days 04:37:00,74.3,85.0,301.0,0.58155,1.652569308715538,Medium,Base
0 days 04:38:00,74.3,85.0,301.0,0.58155,1.652569308715538,Medium,Base
0 days 04:39:00,74.3,85.0,300.0,0.5811,1.6500732009814956,Medium,Base
0 days 04:40:00,74.3,85.0,300.0,0.5811,1.6500732009814956,Medium,Base
0 days 04:41:00,74.3,85.0,300.0,0.5811,1.6500732009814956,Medium,Base
0 days 04:42:00,74.3,85.0,301.0,0.58155,1.652569308715538,Medium,Base
0 days 04:43:00,74.3,85.0,301.0,0.58155,1.652569308715538,Medium,Base
0 days 04:44:00,74.3,87.0,301.0,0.5885499999999999,1.6661203912953366,Medium,Base
0 days 04:45:00,74.3,87.0,301.0,0.5885499999999999,1.6661203912953366,Medium,Base
0 days 04:46:00,74.3,87.0,301.0,0.5885499999999999,1.6661203912953366,Medium,Base
0 days 04:47:00,74.3,87.0,302.0,0.589,1.6686407740226512,Medium,Base
0 days 04:48:00,74.3,87.0,303.0,0.58945,1.6711649693970743,Medium,Base
0 days 04:49:00,74.3,87.0,303.0,0.58945,1.6711649693970743,Medium,Base
0 days 04:50:00,74.3,87.0,303.0,0.58945,1.6711649693970743,Medium,Base
0 days 04:51:00,74.3,87.0,304.0,0.5899000000000001,1.673692983186094,Medium,Base
0 days 04:52:00,74.3,87.0,304.0,0.5899000000000001,1.673692983186094,Medium,Base
0 days 04:53:00,74.3,85.0,304.0,0.5829,1.6600803103283113,Medium,Base
0 days 04:54:00,74.3,85.0,304.0,0.5829,1.6600803103283113,Medium,Base
0 days 04:55:00,74.3,85.0,304.0,0.5829,1.6600803103283113,Medium,Base
0 days 04:56:00,74.3,85.0,305.0,0.58335,1.6625915560713955,Medium,Base
0 days 04:57:00,74.3,85.0,305.0,0.58335,1.6625915560713955,Medium,Base
0 days 04:58:00,74.3,85.0,304.0,0.5829,1.6600803103283113,Medium,Base
0 days 04:59:00,74.3,85.0,304.0,0.5829,1.6600803103283113,Medium,Base
0 days 05:00:00,74.3,85.0,305.0,0.58335,1.6625915560713955,Medium,Base
0 days 05:01:00,74.3,87.0,305.0,0.5903499999999999,1.6762248211659234,Medium,Base
0 days 05:02:00,74.19,87.0,304.0,0.58968,1.6731968232016234,Medium,Base
0 days 05:03:00,74.3,87.0,305.0,0.5903499999999999,1.6762248211659234,Medium,Base
0 days 05:04:00,74.19,87.0,305.0,0.59013,1.6757279106276146,Medium,Base
0 days 05:05:00,74.19,87.0,306.0,0.59058,1.6782628268939843,Medium,Base
0 days 05:06:00,74.3,87.0,306.0,0.5908,1.6787604891215135,Medium,Base
0 days 05:07:00,74.19,87.0,306.0,0.59058,1.6782628268939843,Medium,Base
0 days 05:08:00,74.3,87.0,306.0,0.5908,1.6787604891215135,Medium,Base
0 days 05:09:00,74.19,87.0,306.0,0.59058,1.6782628268939843,Medium,Base
0 days 05:10:00,74.19,83.0,306.0,0.57658,1.6510741636785486,Medium,Base
0 days 05:11:00,74.3,83.0,306.0,0.5768,1.6515637635391573,Medium,Base
0 days 05:12:00,74.19,83.0,307.0,0.5770299999999999,1.6535717855943426,Medium,Base
0 days 05:13:00,74.19,83.0,310.0,0.57838,1.6610873435094833,Medium,Base
0 days 05:14:00,74.19,83.0,311.0,0.57883,1.663600112617295,Medium,Base
0 days 05:15:00,74.19,83.0,311.0,0.57883,1.663600112617295,Medium,Base
0 days 05:16:00,74.19,83.0,310.0,0.57838,1.6610873435094833,Medium,Base
0 days 05:17:00,74.19,83.0,309.0,0.57793,1.658578369790083,Medium,Base
0 days 05:18:00,74.19,90.0,309.0,0.60243,1.7066695348670098,Medium,Base
0 days 05:19:00,74.19,90.0,308.0,0.60198,1.7040917119563643,Medium,Base
0 days 05:20:00,74.19,90.0,306.0,0.6010800000000001,1.6989477411988938,Medium,Base
0 days 05:21:00,74.19,90.0,306.0,0.6010800000000001,1.6989477411988938,Medium,Base
0 days 05:22:00,74.19,90.0,306.0,0.6010800000000001,1.6989477411988938,Medium,Base
0 days 05:23:00,74.19,90.0,306.0,0.6010800000000001,1.6989477411988938,Medium,Base
0 days 05:24:00,74.19,90.0,306.0,0.6010800000000001,1.6989477411988938,Medium,Base
0 days 05:25:00,74.19,90.0,306.0,0.6010800000000001,1.6989477411988938,Medium,Base
0 days 05:26:00,74.19,90.0,306.0,0.6010800000000001,1.6989477411988938,Medium,Base
0 days 05:27:00,74.19,83.0,307.0,0.5770299999999999,1.6535717855943426,Medium,Base
0 days 05:28:00,74.19,83.0,307.0,0.5770299999999999,1.6535717855943426,Medium,Base
0 days 05:29:00,74.19,83.0,308.0,0.57748,1.6560731857263862,Medium,Base
0 days 05:30:00,74.19,83.0,308.0,0.57748,1.6560731857263862,Medium,Base
0 days 05:31:00,74.19,83.0,308.0,0.57748,1.6560731857263862,Medium,Base
0 days 05:32:00,74.19,83.0,309.0,0.57793,1.658578369790083,Medium,Base
0 days 05:33:00,74.07,83.0,310.0,0.57814,1.6605501619231622,Medium,Base
0 days 05:34:00,74.07,83.0,310.0,0.57814,1.6605501619231622,Medium,Base
0 days 05:35:00,74.19,90.0,310.0,0.6028800000000001,1.709251257315991,High,Base
0 days 05:36:00,74.07,90.0,311.0,0.6030899999999999,1.711283291643713,High,Base
0 days 05:37:00,74.19,90.0,311.0,0.6033299999999999,1.7118368852022392,High,Base
0 days 05:38:00,74.07,90.0,312.0,0.60354,1.7138719934400148,High,Base
0 days 05:39:00,74.07,90.0,313.0,0.60399,1.7164646112314195,High,Base
0 days 05:40:00,74.07,90.0,314.0,0.6044400000000001,1.7190611509417526,High,Base
0 days 05:41:00,74.07,90.0,314.0,0.6044400000000001,1.7190611509417526,High,Base
0 days 05:42:00,74.07,90.0,313.0,0.60399,1.7164646112314195,High,Base
0 days 05:43:00,74.07,87.0,312.0,0.59304,1.693005374382695,Medium,Base
0 days 05:44:00,74.07,87.0,312.0,0.59304,1.693005374382695,Medium,Base
0 days 05:45:00,74.07,87.0,312.0,0.59304,1.693005374382695,Medium,Base
0 days 05:46:00,74.07,87.0,312.0,0.59304,1.693005374382695,Medium,Base
0 days 05:47:00,74.07,87.0,313.0,0.5934900000000001,1.695566426708288,Medium,Base
0 days 05:48:00,74.07,87.0,313.0,0.5934900000000001,1.695566426708288,Medium,Base
0 days 05:49:00,74.07,87.0,313.0,0.5934900000000001,1.695566426708288,Medium,Base
0 days 05:50:00,74.07,87.0,313.0,0.5934900000000001,1.695566426708288,Medium,Base
0 days 05:51:00,74.07,87.0,312.0,0.59304,1.693005374382695,Medium,Base
0 days 05:52:00,74.07,87.0,312.0,0.59304,1.693005374382695,Medium,Base
0 days 05:53:00,74.07,76.0,312.0,0.55454,1.6186446057334138,Medium,Base
0 days 05:54:00,74.07,76.0,311.0,0.55409,1.6161997392471918,Medium,Base
0 days 05:55:00,74.07,76.0,310.0,0.5536399999999999,1.6137585655865072,Medium,Base
0 days 05:56:00,74.07,76.0,309.0,0.55319,1.6113210791735657,Medium,Base
0 days 05:57:00,74.07,76.0,308.0,0.55274,1.6088872744389993,Medium,Base
0 days 05:58:00,74.07,76.0,308.0,0.55274,1.6088872744389993,Medium,Base
0 days 05:59:00,73.96,76.0,309.0,0.55297,1.6108434091052488,Medium,Base
0 days 06:00:00,74.07,76.0,310.0,0.5536399999999999,1.6137585655865072,Medium,Base
0 days 06:01:00,74.07,76.0,310.0,0.5536399999999999,1.6137585655865072,Medium,Base
0 days 06:02:00,74.07,82.0,311.0,0.5750899999999999,1.6562852062575595,Medium,Base
0 days 06:03:00,74.07,82.0,311.0,0.5750899999999999,1.6562852062575595,Medium,Base
0 days 06:04:00,73.96,82.0,312.0,0.57532,1.6582989687881173,Medium,Base
0 days 06:05:00,73.96,82.0,313.0,0.5757699999999999,1.6608075198505095,Medium,Base
0 days 06:06:00,73.96,82.0,312.0,0.57532,1.6582989687881173,Medium,Base
0 days 06:07:00,73.96,82.0,311.0,0.57487,1.65579420674303,Medium,Base
0 days 06:08:00,73.96,82.0,311.0,0.57487,1.65579420674303,Medium,Base
0 days 06:09:00,73.96,82.0,312.0,0.57532,1.6582989687881173,Medium,Base
0 days 06:10:00,74.07,82.0,312.0,0.5755399999999999,1.6587907110501108,Medium,Base
0 days 06:11:00,73.96,79.0,312.0,0.5648199999999999,1.6381089586839241,Medium,Base
0 days 06:12:00,73.96,79.0,313.0,0.5652699999999999,1.6405869678040912,Medium,Base
0 days 06:13:00,73.96,79.0,313.0,0.5652699999999999,1.6405869678040912,Medium,Base
0 days 06:14:00,73.96,79.0,313.0,0.5652699999999999,1.6405869678040912,Medium,Base
0 days 06:15:00,73.96,79.0,313.0,0.5652699999999999,1.6405869678040912,Medium,Base
0 days 06:16:00,73.96,79.0,313.0,0.5652699999999999,1.6405869678040912,Medium,Base
0 days 06:17:00,73.96,79.0,314.0,0.56572,1.6430687254717324,Medium,Base
0 days 06:18:00,73.96,79.0,314.0,0.56572,1.6430687254717324,Medium,Base
0 days 06:19:00,73.96,79.0,314.0,0.56572,1.6430687254717324,Medium,Base
0 days 06:20:00,73.96,85.0,314.0,0.5867199999999999,1.683820605076256,Medium,Base
0 days 06:21:00,73.96,85.0,315.0,0.58717,1.6863677633675191,Medium,Base
0 days 06:22:00,73.96,85.0,315.0,0.58717,1.6863677633675191,Medium,Base
0 days 06:23:00,73.96,85.0,314.0,0.5867199999999999,1.683820605076256,Medium,Base
0 days 06:24:00,73.85,85.0,314.0,0.5865,1.6833214427964,Medium,Base
0 days 06:25:00,73.96,85.0,313.0,0.5862700000000001,1.6812772941162224,Medium,Base
0 days 06:26:00,73.85,85.0,312.0,0.5855999999999999,1.6782401691675137,Medium,Base
0 days 06:27:00,73.96,94.0,312.0,0.6173199999999999,1.7415783272462626,High,Base
0 days 06:28:00,73.96,94.0,312.0,0.6173199999999999,1.7415783272462626,High,Base
0 days 06:29:00,73.85,94.0,312.0,0.6171,1.7410620429070907,High,Base
0 days 06:30:00,73.96,94.0,311.0,0.61687,1.7389477766792432,High,Base
0 days 06:31:00,73.85,94.0,310.0,0.6162,1.735806473519118,High,Base
0 days 06:32:00,73.85,94.0,310.0,0.6162,1.735806473519118,High,Base
0 days 06:33:00,73.85,94.0,310.0,0.6162,1.735806473519118,High,Base
0 days 06:34:00,73.85,94.0,310.0,0.6162,1.735806473519118,High,Base
0 days 06:35:00,73.85,94.0,310.0,0.6162,1.735806473519118,High,Base
0 days 06:36:00,73.85,83.0,310.0,0.5777,1.6595657801637627,Medium,Base
0 days 06:37:00,73.85,83.0,310.0,0.5777,1.6595657801637627,Medium,Base
0 days 06:38:00,73.85,83.0,311.0,0.5781499999999999,1.6620762475639697,Medium,Base
0 days 06:39:00,73.85,83.0,311.0,0.5781499999999999,1.6620762475639697,Medium,Base
0 days 06:40:00,73.85,83.0,311.0,0.5781499999999999,1.6620762475639697,Medium,Base
0 days 06:41:00,73.85,83.0,311.0,0.5781499999999999,1.6620762475639697,Medium,Base
0 days 06:42:00,73.85,83.0,310.0,0.5777,1.6595657801637627,Medium,Base
0 days 06:43:00,73.85,83.0,310.0,0.5777,1.6595657801637627,Medium,Base
0 days 06:44:00,73.85,83.0,311.0,0.5781499999999999,1.6620762475639697,Medium,Base
0 days 06:45:00,73.85,80.0,311.0,0.56765,1.6418402485892007,Medium,Base
0 days 06:46:00,73.85,80.0,311.0,0.56765,1.6418402485892007,Medium,Base
0 days 06:47:00,73.85,80.0,311.0,0.56765,1.6418402485892007,Medium,Base
0 days 06:48:00,73.85,80.0,311.0,0.56765,1.6418402485892007,Medium,Base
0 days 06:49:00,73.85,80.0,311.0,0.56765,1.6418402485892007,Medium,Base
0 days 06:50:00,73.85,80.0,311.0,0.56765,1.6418402485892007,Medium,Base
0 days 06:51:00,73.85,80.0,311.0,0.56765,1.6418402485892007,Medium,Base
0 days 06:52:00,73.74,80.0,311.0,0.5674299999999999,1.641353531227996,Medium,Base
0 days 06:53:00,73.74,80.0,312.0,0.5678799999999999,1.6438364484956418,Medium,Base
0 days 06:54:00,73.74,81.0,312.0,0.57138,1.65056242490553,Medium,Base
0 days 06:55:00,73.85,81.0,312.0,0.5715999999999999,1.6510518730181205,Medium,Base
0 days 06:56:00,73.74,81.0,312.0,0.57138,1.65056242490553,Medium,Base
0 days 06:57:00,73.74,81.0,312.0,0.57138,1.65056242490553,Medium,Base
0 days 06:58:00,73.74,81.0,311.0,0.5709299999999999,1.6480693484502196,Medium,Base
0 days 06:59:00,73.85,81.0,311.0,0.57115,1.6485580572805227,Medium,Base
0 days 07:00:00,73.74,81.0,311.0,0.5709299999999999,1.6480693484502196,Medium,Base
0 days 07:01:00,73.74,81.0,312.0,0.57138,1.65056242490553,Medium,Base
0 days 07:02:00,73.74,91.0,312.0,0.6063799999999999,1.7193545340660408,High,Base
0 days 07:03:00,73.74,91.0,313.0,0.60683,1.7219554454362094,High,Base
0 days 07:04:00,73.74,91.0,313.0,0.60683,1.7219554454362094,High,Base
0 days 07:05:00,73.74,91.0,312.0,0.6063799999999999,1.7193545340660408,High,Base
0 days 07:06:00,73.74,91.0,312.0,0.6063799999999999,1.7193545340660408,High,Base
0 days 07:07:00,73.74,91.0,312.0,0.6063799999999999,1.7193545340660408,High,Base
0 days 07:08:00,73.74,91.0,312.0,0.6063799999999999,1.7193545340660408,High,Base
0 days 07:09:00,73.74,91.0,312.0,0.6063799999999999,1.7193545340660408,High,Base
0 days 07:10:00,73.74,91.0,312.0,0.6063799999999999,1.7193545340660408,High,Base
0 days 07:11:00,73.74,84.0,313.0,0.58233,1.673433548320352,Medium,Base
0 days 07:12:00,73.74,84.0,313.0,0.58233,1.673433548320352,Medium,Base
0 days 07:13:00,73.74,84.0,312.0,0.58188,1.6709059263922796,Medium,Base
0 days 07:14:00,73.74,84.0,312.0,0.58188,1.6709059263922796,Medium,Base
0 days 07:15:00,73.63,84.0,312.0,0.5816600000000001,1.6704105926203041,Medium,Base
0 days 07:16:00,73.63,84.0,312.0,0.5816600000000001,1.6704105926203041,Medium,Base
0 days 07:17:00,73.74,84.0,312.0,0.58188,1.6709059263922796,Medium,Base
0 days 07:18:00,73.63,84.0,312.0,0.5816600000000001,1.6704105926203041,Medium,Base
0 days 07:19:00,73.63,84.0,311.0,0.58121,1.6678875366871722,Medium,Base
0 days 07:20:00,73.74,85.0,310.0,0.58448,1.6726782276665713,Medium,Base
0 days 07:21:00,73.63,85.0,309.0,0.5838099999999999,1.6696566364072434,Medium,Base
0 days 07:22:00,73.63,85.0,308.0,0.58336,1.6671347192801662,Medium,Base
0 days 07:23:00,73.63,85.0,306.0,0.58246,1.6621023068902865,Medium,Base
0 days 07:24:00,73.63,85.0,304.0,0.5815600000000001,1.6570850853390164,Medium,Base
0 days 07:25:00,73.63,85.0,303.0,0.58111,1.654582156792742,Medium,Base
0 days 07:26:00,73.63,85.0,301.0,0.5802099999999999,1.6495876355644197,Medium,Base
0 days 07:27:00,73.63,85.0,299.0,0.57931,1.6446081907964578,Medium,Base
0 days 07:28:00,73.63,94.0,297.0,0.60991,1.7010208648522176,Medium,Base
0 days 07:29:00,73.63,94.0,297.0,0.60991,1.7010208648522176,Medium,Base
0 days 07:30:00,73.63,94.0,297.0,0.60991,1.7010208648522176,Medium,Base
0 days 07:31:00,73.63,94.0,296.0,0.6094599999999999,1.6984515739219475,Medium,Base
0 days 07:32:00,73.63,94.0,293.0,0.6081099999999999,1.6907669622609478,Medium,Base
0 days 07:33:00,73.63,94.0,291.0,0.60721,1.6856632135891214,Medium,Base
0 days 07:34:00,73.63,94.0,290.0,0.60676,1.6831171194784296,Medium,Base
0 days 07:35:00,73.63,94.0,290.0,0.60676,1.6831171194784296,Medium,Base
0 days 07:36:00,73.63,87.0,292.0,0.5831599999999999,1.6406420647396167,Medium,Base
0 days 07:37:00,73.63,87.0,295.0,0.5845100000000001,1.648098856493677,Medium,Base
0 days 07:38:00,73.63,87.0,296.0,0.5849599999999999,1.6505919775865556,Medium,Base
0 days 07:39:00,73.63,87.0,296.0,0.5849599999999999,1.6505919775865556,Medium,Base
0 days 07:40:00,73.63,87.0,295.0,0.5845100000000001,1.648098856493677,Medium,Base
0 days 07:41:00,73.63,87.0,294.0,0.58406,1.6456095011120513,Medium,Base
0 days 07:42:00,73.63,87.0,294.0,0.58406,1.6456095011120513,Medium,Base
0 days 07:43:00,73.63,87.0,295.0,0.5845100000000001,1.648098856493677,Medium,Base
0 days 07:44:00,73.63,87.0,296.0,0.5849599999999999,1.6505919775865556,Medium,Base
0 days 07:45:00,73.63,79.0,296.0,0.5569599999999999,1.5975444202567515,Medium,Base
0 days 07:46:00,73.63,79.0,297.0,0.55741,1.599961066367062,Medium,Base
0 days 07:47:00,73.63,79.0,297.0,0.55741,1.599961066367062,Medium,Base
0 days 07:48:00,73.63,79.0,298.0,0.55786,1.6023813681994596,Medium,Base
0 days 07:49:00,73.63,79.0,299.0,0.55831,1.6048053312840485,Medium,Base
0 days 07:50:00,73.63,79.0,300.0,0.5587599999999999,1.6072329611592977,Medium,Base
0 days 07:51:00,73.51,79.0,300.0,0.55852,1.6067131956243688,Medium,Base
0 days 07:52:00,73.51,79.0,300.0,0.55852,1.6067131956243688,Medium,Base
0 days 07:53:00,73.51,79.0,301.0,0.55897,1.6091437115745708,Medium,Base
0 days 07:54:00,73.51,83.0,301.0,0.57297,1.6356418952429304,Medium,Base
0 days 07:55:00,73.51,83.0,300.0,0.57252,1.6331713553609974,Medium,Base
0 days 07:56:00,73.51,83.0,301.0,0.57297,1.6356418952429304,Medium,Base
0 days 07:57:00,73.51,83.0,302.0,0.57342,1.6381161723734305,Medium,Base
0 days 07:58:00,73.63,83.0,302.0,0.5736600000000001,1.6386460966504754,Medium,Base
0 days 07:59:00,73.51,83.0,302.0,0.57342,1.6381161723734305,Medium,Base
0 days 08:00:00,73.63,83.0,302.0,0.5736600000000001,1.6386460966504754,Medium,Base
0 days 08:01:00,73.51,83.0,301.0,0.57297,1.6356418952429304,Medium,Base
0 days 08:02:00,73.63,83.0,301.0,0.57321,1.6361710191008463,Medium,Base
0 days 08:03:00,73.51,83.0,300.0,0.57252,1.6331713553609974,Medium,Base
0 days 08:04:00,73.51,83.0,299.0,0.57207,1.6307045470827402,Medium,Base
0 days 08:05:00,73.51,83.0,298.0,0.57162,1.6282414647717927,Medium,Base
0 days 08:06:00,73.51,83.0,297.0,0.57117,1.6257821028003032,Medium,Base
0 days 08:07:00,73.51,83.0,296.0,0.57072,1.6233264555489197,Medium,Base
0 days 08:08:00,73.51,83.0,295.0,0.57027,1.6208745174067785,Medium,Base
0 days 08:09:00,73.51,83.0,294.0,0.56982,1.6184262827714904,Medium,Base
0 days 08:10:00,73.51,83.0,294.0,0.56982,1.6184262827714904,Medium,Base
0 days 08:11:00,73.51,83.0,294.0,0.56982,1.6184262827714904,Medium,Base
0 days 08:12:00,73.51,81.0,294.0,0.56282,1.605263111417407,Medium,Base
0 days 08:13:00,73.51,81.0,295.0,0.56327,1.6076914337883168,Medium,Base
0 days 08:14:00,73.51,81.0,295.0,0.56327,1.6076914337883168,Medium,Base
0 days 08:15:00,73.51,81.0,295.0,0.56327,1.6076914337883168,Medium,Base
0 days 08:16:00,73.51,81.0,295.0,0.56327,1.6076914337883168,Medium,Base
0 days 08:17:00,73.51,81.0,296.0,0.56372,1.6101234295442906,Medium,Base
0 days 08:18:00,73.51,81.0,296.0,0.56372,1.6101234295442906,Medium,Base
0 days 08:19:00,73.51,81.0,296.0,0.56372,1.6101234295442906,Medium,Base
0 days 08:20:00,73.51,81.0,296.0,0.56372,1.6101234295442906,Medium,Base
0 days 08:21:00,73.51,78.0,297.0,0.55367,1.592925983061324,Medium,Base
0 days 08:22:00,73.51,78.0,297.0,0.55367,1.592925983061324,Medium,Base
0 days 08:23:00,73.51,78.0,298.0,0.55412,1.5953356427441259,Medium,Base
0 days 08:24:00,73.51,78.0,299.0,0.55457,1.5977489475804683,Medium,Base
0 days 08:25:00,73.51,78.0,299.0,0.55457,1.5977489475804683,Medium,Base
0 days 08:26:00,73.51,78.0,300.0,0.55502,1.6001659030844675,Medium,Base
0 days 08:27:00,73.51,78.0,300.0,0.55502,1.6001659030844675,Medium,Base
0 days 08:28:00,73.51,78.0,301.0,0.55547,1.6025865147785818,Medium,Base
0 days 08:29:00,73.51,78.0,301.0,0.55547,1.6025865147785818,Medium,Base
0 days 08:30:00,73.51,79.0,301.0,0.55897,1.6091437115745708,Medium,Base
0 days 08:31:00,73.51,79.0,301.0,0.55897,1.6091437115745708,Medium,Base
0 days 08:32:00,73.51,79.0,300.0,0.55852,1.6067131956243688,Medium,Base
0 days 08:33:00,73.51,79.0,301.0,0.55897,1.6091437115745708,Medium,Base
0 days 08:34:00,73.51,79.0,301.0,0.55897,1.6091437115745708,Medium,Base
0 days 08:35:00,73.51,79.0,302.0,0.55942,1.6115779042281198,Medium,Base
0 days 08:36:00,73.51,79.0,302.0,0.55942,1.6115779042281198,Medium,Base
0 days 08:37:00,73.51,79.0,302.0,0.55942,1.6115779042281198,Medium,Base
0 days 08:38:00,73.51,79.0,302.0,0.55942,1.6115779042281198,Medium,Base
0 days 08:39:00,73.51,79.0,302.0,0.55942,1.6115779042281198,Medium,Base
0 days 08:40:00,73.51,72.0,302.0,0.5349200000000001,1.566166266272913,Low,Base
0 days 08:41:00,73.51,72.0,302.0,0.5349200000000001,1.566166266272913,Low,Base
0 days 08:42:00,73.51,72.0,303.0,0.53537,1.5685354458509555,Low,Base
0 days 08:43:00,73.51,72.0,303.0,0.53537,1.5685354458509555,Low,Base
0 days 08:44:00,73.51,72.0,303.0,0.53537,1.5685354458509555,Low,Base
0 days 08:45:00,73.51,72.0,303.0,0.53537,1.5685354458509555,Low,Base
0 days 08:46:00,73.51,72.0,303.0,0.53537,1.5685354458509555,Low,Base
0 days 08:47:00,73.51,72.0,303.0,0.53537,1.5685354458509555,Low,Base
0 days 08:48:00,73.51,72.0,304.0,0.5358200000000001,1.5709082093472535,Low,Base
0 days 08:49:00,73.63,72.0,304.0,0.53606,1.5714163921069269,Low,Base
0 days 08:50:00,73.63,78.0,303.0,0.55661,1.6079587291109105,Medium,Base
0 days 08:51:00,73.63,78.0,302.0,0.55616,1.6055300030063002,Medium,Base
0 days 08:52:00,73.63,78.0,300.0,0.55526,1.6006835505954589,Medium,Base
0 days 08:53:00,73.63,78.0,297.0,0.5539099999999999,1.5934412884860527,Medium,Base
0 days 08:54:00,73.63,78.0,295.0,0.55301,1.5886313270654269,Low,Base
0 days 08:55:00,73.63,78.0,292.0,0.55166,1.581443595010867,Low,Base
0 days 08:56:00,73.63,78.0,289.0,0.55031,1.5742883837125128,Low,Base
0 days 08:57:00,73.63,78.0,286.0,0.5489599999999999,1.5671655460308247,Low,Base
0 days 08:58:00,73.63,78.0,285.0,0.54851,1.564798435605052,Low,Base
0 days 08:59:00,73.63,83.0,285.0,0.5660099999999999,1.597074388985384,Medium,Base
0 days 09:00:00,73.63,83.0,284.0,0.5655600000000001,1.5946621030297128,Medium,Base
0 days 09:01:00,73.63,83.0,283.0,0.56511,1.5922534606886234,Medium,Base
0 days 09:02:00,73.63,83.0,283.0,0.56511,1.5922534606886234,Medium,Base
0 days 09:03:00,73.63,83.0,284.0,0.5655600000000001,1.5946621030297128,Medium,Base
0 days 09:04:00,73.63,83.0,284.0,0.5655600000000001,1.5946621030297128,Medium,Base
0 days 09:05:00,73.63,83.0,285.0,0.5660099999999999,1.597074388985384,Medium,Base
0 days 09:06:00,73.63,83.0,286.0,0.56646,1.5994903240674256,Medium,Base
0 days 09:07:00,73.63,86.0,287.0,0.57741,1.6216537636626616,Medium,Base
0 days 09:08:00,73.63,86.0,287.0,0.57741,1.6216537636626616,Medium,Base
0 days 09:09:00,73.63,86.0,288.0,0.57786,1.62410688059045,Medium,Base
0 days 09:10:00,73.51,86.0,288.0,0.57762,1.6235816581728093,Medium,Base
0 days 09:11:00,73.51,86.0,288.0,0.57762,1.6235816581728093,Medium,Base
0 days 09:12:00,73.51,86.0,288.0,0.57762,1.6235816581728093,Medium,Base
0 days 09:13:00,73.63,86.0,288.0,0.57786,1.62410688059045,Medium,Base
0 days 09:14:00,73.51,86.0,289.0,0.57807,1.626037691475698,Medium,Base
0 days 09:15:00,73.51,86.0,289.0,0.57807,1.626037691475698,Medium,Base
0 days 09:16:00,73.51,87.0,289.0,0.58157,1.6326908418937112,Medium,Base
0 days 09:17:00,73.51,87.0,289.0,0.58157,1.6326908418937112,Medium,Base
0 days 09:18:00,73.51,87.0,290.0,0.58202,1.6351606548906905,Medium,Base
0 days 09:19:00,73.51,87.0,290.0,0.58202,1.6351606548906905,Medium,Base
0 days 09:20:00,73.51,87.0,288.0,0.58112,1.6302247594024908,Medium,Base
0 days 09:21:00,73.51,87.0,286.0,0.58022,1.6253037634070093,Medium,Base
0 days 09:22:00,73.51,87.0,285.0,0.57977,1.6228488386588533,Medium,Base
0 days 09:23:00,73.51,87.0,285.0,0.57977,1.6228488386588533,Medium,Base
0 days 09:24:00,73.51,92.0,285.0,0.5972700000000001,1.6563221552650433,Medium,Base
0 days 09:25:00,73.51,92.0,284.0,0.59682,1.6538203790793073,Medium,Base
0 days 09:26:00,73.51,92.0,284.0,0.59682,1.6538203790793073,Medium,Base
0 days 09:27:00,73.51,92.0,284.0,0.59682,1.6538203790793073,Medium,Base
0 days 09:28:00,73.51,92.0,284.0,0.59682,1.6538203790793073,Medium,Base
0 days 09:29:00,73.51,92.0,284.0,0.59682,1.6538203790793073,Medium,Base
0 days 09:30:00,73.51,92.0,283.0,0.5963700000000001,1.651322381677827,Medium,Base
0 days 09:31:00,73.51,92.0,282.0,0.59592,1.6488281573529742,Medium,Base
0 days 09:32:00,73.51,88.0,281.0,0.58147,1.61966623956069,Medium,Base
0 days 09:33:00,73.51,88.0,280.0,0.5810200000000001,1.6172198299572842,Medium,Base
0 days 09:34:00,73.51,88.0,280.0,0.5810200000000001,1.6172198299572842,Medium,Base
0 days 09:35:00,73.51,88.0,282.0,0.58192,1.6221163499101765,Medium,Base
0 days 09:36:00,73.51,88.0,283.0,0.58237,1.6245701666039567,Medium,Base
0 days 09:37:00,73.51,88.0,284.0,0.58282,1.627027695248712,Medium,Base
0 days 09:38:00,73.51,88.0,285.0,0.5832700000000001,1.629488941459605,Medium,Base
0 days 09:39:00,73.51,88.0,285.0,0.5832700000000001,1.629488941459605,Medium,Base
0 days 09:40:00,73.51,95.0,286.0,0.60822,1.6792730887506033,Medium,Base
0 days 09:41:00,73.4,95.0,286.0,0.608,1.6787752745648437,Medium,Base
0 days 09:42:00,73.4,95.0,286.0,0.608,1.6787752745648437,Medium,Base
0 days 09:43:00,73.4,95.0,286.0,0.608,1.6787752745648437,Medium,Base
0 days 09:44:00,73.4,95.0,286.0,0.608,1.6787752745648437,Medium,Base
0 days 09:45:00,73.4,95.0,285.0,0.60755,1.6762395842767202,Medium,Base
0 days 09:46:00,73.51,95.0,283.0,0.60687,1.6716752497789467,Medium,Base
0 days 09:47:00,73.4,95.0,282.0,0.6062,1.6686554703380356,Medium,Base
0 days 09:48:00,73.4,89.0,283.0,0.58565,1.6307337442161534,Medium,Base
0 days 09:49:00,73.4,89.0,283.0,0.58565,1.6307337442161534,Medium,Base
0 days 09:50:00,73.4,89.0,283.0,0.58565,1.6307337442161534,Medium,Base
0 days 09:51:00,73.4,89.0,282.0,0.5852,1.628270617804671,Medium,Base
0 days 09:52:00,73.4,89.0,281.0,0.58475,1.6258112117992578,Medium,Base
0 days 09:53:00,73.4,89.0,280.0,0.5843,1.6233555205804615,Medium,Base
0 days 09:54:00,73.4,89.0,280.0,0.5843,1.6233555205804615,Medium,Base
0 days 09:55:00,73.4,89.0,280.0,0.5843,1.6233555205804615,Medium,Base
0 days 09:56:00,73.4,92.0,280.0,0.5948000000000001,1.6433636917033088,Medium,Base
0 days 09:57:00,73.4,92.0,280.0,0.5948000000000001,1.6433636917033088,Medium,Base
0 days 09:58:00,73.4,92.0,280.0,0.5948000000000001,1.6433636917033088,Medium,Base
0 days 09:59:00,73.4,92.0,280.0,0.5948000000000001,1.6433636917033088,Medium,Base
0 days 10:00:00,73.4,92.0,278.0,0.5939000000000001,1.6384030345305176,Medium,Base
0 days 10:01:00,73.4,92.0,278.0,0.5939000000000001,1.6384030345305176,Medium,Base
0 days 10:02:00,73.4,92.0,280.0,0.5948000000000001,1.6433636917033088,Medium,Base
0 days 10:03:00,73.4,92.0,281.0,0.5952500000000001,1.6458496497918746,Medium,Base
0 days 10:04:00,73.4,94.0,283.0,0.60315,1.6643696970049888,Medium,Base
0 days 10:05:00,73.4,94.0,284.0,0.6036,1.666887431412486,Medium,Base
0 days 10:06:00,73.4,94.0,284.0,0.6036,1.666887431412486,Medium,Base
0 days 10:07:00,73.4,94.0,284.0,0.6036,1.666887431412486,Medium,Base
0 days 10:08:00,73.4,94.0,284.0,0.6036,1.666887431412486,Medium,Base
0 days 10:09:00,73.4,94.0,284.0,0.6036,1.666887431412486,Medium,Base
0 days 10:10:00,73.4,94.0,283.0,0.60315,1.6643696970049888,Medium,Base
0 days 10:11:00,73.29,94.0,282.0,0.60248,1.6613631145998502,Medium,Base
0 days 10:12:00,73.4,91.0,282.0,0.5922000000000001,1.6416224509094992,Medium,Base
0 days 10:13:00,73.4,91.0,282.0,0.5922000000000001,1.6416224509094992,Medium,Base
0 days 10:14:00,73.29,91.0,282.0,0.5919800000000001,1.6411357981135968,Medium,Base
0 days 10:15:00,73.29,91.0,282.0,0.5919800000000001,1.6411357981135968,Medium,Base
0 days 10:16:00,73.4,91.0,282.0,0.5922000000000001,1.6416224509094992,Medium,Base
0 days 10:17:00,73.29,91.0,282.0,0.5919800000000001,1.6411357981135968,Medium,Base
0 days 10:18:00,73.4,91.0,282.0,0.5922000000000001,1.6416224509094992,Medium,Base
0 days 10:19:00,73.29,91.0,282.0,0.5919800000000001,1.6411357981135968,Medium,Base
0 days 10:20:00,73.4,87.0,282.0,0.5782,1.6150273793691963,Medium,Base
0 days 10:21:00,73.29,87.0,282.0,0.57798,1.6145486105821383,Medium,Base
0 days 10:22:00,73.4,87.0,282.0,0.5782,1.6150273793691963,Medium,Base
0 days 10:23:00,73.29,87.0,282.0,0.57798,1.6145486105821383,Medium,Base
0 days 10:24:00,73.29,87.0,281.0,0.57753,1.6121099308531808,Medium,Base
0 days 10:25:00,73.29,87.0,281.0,0.57753,1.6121099308531808,Medium,Base
0 days 10:26:00,73.29,87.0,283.0,0.57843,1.616990979363999,Medium,Base
0 days 10:27:00,73.29,87.0,284.0,0.5788800000000001,1.6194370427792866,Medium,Base
0 days 10:28:00,73.29,89.0,284.0,0.5858800000000001,1.6327164404927441,Medium,Base
0 days 10:29:00,73.29,89.0,280.0,0.58408,1.6228742829472917,Medium,Base
0 days 10:30:00,73.29,89.0,277.0,0.5827300000000001,1.6155316192937876,Medium,Base
0 days 10:31:00,73.29,89.0,277.0,0.5827300000000001,1.6155316192937876,Medium,Base
0 days 10:32:00,73.29,89.0,277.0,0.5827300000000001,1.6155316192937876,Medium,Base
0 days 10:33:00,73.29,89.0,276.0,0.58228,1.6130914547885884,Medium,Base
0 days 10:34:00,73.29,89.0,276.0,0.58228,1.6130914547885884,Medium,Base
0 days 10:35:00,73.29,89.0,276.0,0.58228,1.6130914547885884,Medium,Base
0 days 10:36:00,73.29,89.0,277.0,0.5827300000000001,1.6155316192937876,Medium,Base
0 days 10:37:00,73.29,81.0,277.0,0.5547300000000001,1.563610849438898,Low,Base
0 days 10:38:00,73.29,81.0,277.0,0.5547300000000001,1.563610849438898,Low,Base
0 days 10:39:00,73.29,81.0,277.0,0.5547300000000001,1.563610849438898,Low,Base
0 days 10:40:00,73.29,81.0,277.0,0.5547300000000001,1.563610849438898,Low,Base
0 days 10:41:00,73.29,81.0,278.0,0.55518,1.5659761633728473,Low,Base
0 days 10:42:00,73.29,81.0,279.0,0.5556300000000001,1.5683450553773934,Low,Base
0 days 10:43:00,73.29,81.0,280.0,0.55608,1.5707175308651757,Low,Base
0 days 10:44:00,73.29,81.0,281.0,0.55653,1.5730935952570204,Low,Base
0 days 10:45:00,73.29,81.0,281.0,0.55653,1.5730935952570204,Low,Base
0 days 10:46:00,73.29,79.0,281.0,0.54953,1.5602991289468715,Low,Base
0 days 10:47:00,73.29,79.0,282.0,0.54998,1.5626594331569317,Low,Base
0 days 10:48:00,73.29,79.0,282.0,0.54998,1.5626594331569317,Low,Base
0 days 10:49:00,73.29,79.0,282.0,0.54998,1.5626594331569317,Low,Base
0 days 10:50:00,73.29,79.0,283.0,0.55043,1.5650233078592524,Low,Base
0 days 10:51:00,73.29,79.0,283.0,0.55043,1.5650233078592524,Low,Base
0 days 10:52:00,73.29,79.0,282.0,0.54998,1.5626594331569317,Low,Base
0 days 10:53:00,73.29,79.0,282.0,0.54998,1.5626594331569317,Low,Base
0 days 10:54:00,73.29,91.0,281.0,0.59153,1.6386569600178624,Medium,Base
0 days 10:55:00,73.29,91.0,280.0,0.59108,1.6361818660597625,Medium,Base
0 days 10:56:00,73.29,91.0,280.0,0.59108,1.6361818660597625,Medium,Base
0 days 10:57:00,73.29,91.0,279.0,0.5906300000000001,1.6337105105839993,Medium,Base
0 days 10:58:00,73.29,91.0,279.0,0.5906300000000001,1.6337105105839993,Medium,Base
0 days 10:59:00,73.29,91.0,279.0,0.5906300000000001,1.6337105105839993,Medium,Base
0 days 11:00:00,73.29,91.0,280.0,0.59108,1.6361818660597625,Medium,Base
0 days 11:01:00,73.29,91.0,281.0,0.59153,1.6386569600178624,Medium,Base
0 days 11:02:00,73.29,91.0,280.0,0.59108,1.6361818660597625,Medium,Base
0 days 11:03:00,73.29,88.0,280.0,0.5805800000000001,1.616261134617599,Medium,Base
0 days 11:04:00,73.29,88.0,280.0,0.5805800000000001,1.616261134617599,Medium,Base
0 days 11:05:00,73.29,88.0,279.0,0.58013,1.6138198682228557,Medium,Base
0 days 11:06:00,73.29,88.0,279.0,0.58013,1.6138198682228557,Medium,Base
0 days 11:07:00,73.29,88.0,280.0,0.5805800000000001,1.616261134617599,Medium,Base
0 days 11:08:00,73.29,88.0,281.0,0.58103,1.6187060939781608,Medium,Base
0 days 11:09:00,73.29,88.0,282.0,0.58148,1.621154751890984,Medium,Base
0 days 11:10:00,73.29,88.0,282.0,0.58148,1.621154751890984,Medium,Base
0 days 11:11:00,73.29,88.0,283.0,0.5819300000000001,1.6236071139509627,Medium,Base
0 days 11:12:00,73.18,76.0,283.0,0.53971,1.5455106446372808,Low,Base
0 days 11:13:00,73.29,76.0,284.0,0.54038,1.5483075678807825,Low,Base
0 days 11:14:00,73.29,76.0,284.0,0.54038,1.5483075678807825,Low,Base
0 days 11:15:00,73.18,76.0,284.0,0.54016,1.5478485779306823,Low,Base
0 days 11:16:00,73.29,76.0,285.0,0.54083,1.5506497321511705,Low,Base
0 days 11:17:00,73.18,76.0,285.0,0.54061,1.5501900478752895,Low,Base
0 days 11:18:00,73.29,76.0,285.0,0.54083,1.5506497321511705,Low,Base
0 days 11:19:00,73.29,76.0,286.0,0.54128,1.5529954394730707,Low,Base
0 days 11:20:00,73.18,76.0,287.0,0.5415099999999999,1.5548836191261421,Low,Base
0 days 11:21:00,73.29,76.0,287.0,0.5417299999999999,1.5553446952061474,Low,Base
0 days 11:22:00,73.18,77.0,288.0,0.54546,1.5636073691635632,Low,Base
0 days 11:23:00,73.29,77.0,288.0,0.5456799999999999,1.5640710321333013,Low,Base
0 days 11:24:00,73.29,77.0,288.0,0.5456799999999999,1.5640710321333013,Low,Base
0 days 11:25:00,73.18,77.0,289.0,0.54591,1.5659726778328111,Low,Base
0 days 11:26:00,73.18,77.0,289.0,0.54591,1.5659726778328111,Low,Base
0 days 11:27:00,73.29,77.0,290.0,0.54658,1.5688066313850022,Low,Base
0 days 11:28:00,73.29,77.0,290.0,0.54658,1.5688066313850022,Low,Base
0 days 11:29:00,73.29,77.0,290.0,0.54658,1.5688066313850022,Low,Base
0 days 11:30:00,73.29,77.0,291.0,0.54703,1.5711798051105608,Low,Base
0 days 11:31:00,73.29,77.0,291.0,0.54703,1.5711798051105608,Low,Base
0 days 11:32:00,73.29,77.0,291.0,0.54703,1.5711798051105608,Low,Base
0 days 11:33:00,73.18,77.0,291.0,0.54681,1.5707140347718334,Low,Base
0 days 11:34:00,73.29,77.0,291.0,0.54703,1.5711798051105608,Low,Base
0 days 11:35:00,73.29,77.0,292.0,0.54748,1.5735565687964235,Low,Base
0 days 11:36:00,73.29,77.0,292.0,0.54748,1.5735565687964235,Low,Base
0 days 11:37:00,73.29,77.0,293.0,0.54793,1.5759369278732147,Low,Base
0 days 11:38:00,73.18,77.0,293.0,0.54771,1.5754697473033519,Low,Base
0 days 11:39:00,73.18,77.0,293.0,0.54771,1.5754697473033519,Low,Base
0 days 11:40:00,73.29,79.0,294.0,0.55538,1.591263132667735,Low,Base
0 days 11:41:00,73.18,79.0,294.0,0.55516,1.5907914087021542,Low,Base
0 days 11:42:00,73.29,79.0,295.0,0.55583,1.5936702769144182,Medium,Base
0 days 11:43:00,73.18,79.0,295.0,0.55561,1.593197839359987,Medium,Base
0 days 11:44:00,73.29,79.0,295.0,0.55583,1.5936702769144182,Medium,Base
0 days 11:45:00,73.18,79.0,296.0,0.55606,1.5956079102867318,Medium,Base
0 days 11:46:00,73.29,79.0,296.0,0.55628,1.5960810625094777,Medium,Base
0 days 11:47:00,73.18,79.0,296.0,0.55606,1.5956079102867318,Medium,Base
0 days 11:48:00,73.18,79.0,297.0,0.55651,1.5980216269891165,Medium,Base
0 days 11:49:00,73.29,79.0,297.0,0.55673,1.5984954949612737,Medium,Base
0 days 11:50:00,73.29,80.0,298.0,0.56068,1.6074639315455006,Medium,Base
0 days 11:51:00,73.18,80.0,298.0,0.56046,1.6069874049140782,Medium,Base
0 days 11:52:00,73.18,80.0,298.0,0.56046,1.6069874049140782,Medium,Base
0 days 00:00:00,79.14,102.0,385.0,0.68853,2.0375856089516677,High,After_Lunch
0 days 00:01:00,79.14,102.0,373.0,0.68313,2.0009590540535593,High,After_Lunch
0 days 00:02:00,79.14,102.0,368.0,0.6808799999999999,1.98589298694434,High,After_Lunch
0 days 00:03:00,79.14,102.0,383.0,0.68763,2.031434953611494,High,After_Lunch
0 days 00:07:00,79.02,102.0,387.0,0.68919,2.0430939538417325,High,After_Lunch
0 days 00:08:00,79.14,102.0,392.0,0.69168,2.0592599259066695,High,After_Lunch
0 days 00:09:00,79.02,102.0,390.0,0.6905399999999999,2.0523799074785454,High,After_Lunch
0 days 00:10:00,79.02,102.0,388.0,0.68964,2.0461845940730425,High,After_Lunch
0 days 00:11:00,79.02,102.0,387.0,0.68919,2.0430939538417325,High,After_Lunch
0 days 00:12:00,79.02,102.0,386.0,0.6887399999999999,2.040007981838825,High,After_Lunch
0 days 00:13:00,79.02,90.0,386.0,0.6467400000000001,1.942458217168947,High,After_Lunch
0 days 00:14:00,78.91,90.0,385.0,0.64607,1.9389492848031595,High,After_Lunch
0 days 00:15:00,78.91,90.0,385.0,0.64607,1.9389492848031595,High,After_Lunch
0 days 00:16:00,78.91,90.0,385.0,0.64607,1.9389492848031595,High,After_Lunch
0 days 00:17:00,78.91,90.0,385.0,0.64607,1.9389492848031595,High,After_Lunch
0 days 00:18:00,78.91,90.0,384.0,0.64562,1.9360206171338592,High,After_Lunch
0 days 00:19:00,78.91,90.0,383.0,0.64517,1.933096373043032,High,After_Lunch
0 days 00:20:00,78.91,99.0,382.0,0.6762199999999999,2.002429200437042,High,After_Lunch
0 days 00:21:00,78.8,99.0,381.0,0.67555,1.998811934145542,High,After_Lunch
0 days 00:22:00,78.8,99.0,381.0,0.67555,1.998811934145542,High,After_Lunch
0 days 00:23:00,78.8,99.0,380.0,0.6750999999999999,1.995792847501851,High,After_Lunch
0 days 00:24:00,78.8,99.0,380.0,0.6750999999999999,1.995792847501851,High,After_Lunch
0 days 00:25:00,78.8,99.0,380.0,0.6750999999999999,1.995792847501851,High,After_Lunch
0 days 00:26:00,78.8,99.0,379.0,0.67465,1.9927783210091203,High,After_Lunch
0 days 00:27:00,78.8,99.0,379.0,0.67465,1.9927783210091203,High,After_Lunch
0 days 00:28:00,78.8,96.0,378.0,0.6637,1.9655426539795404,High,After_Lunch
0 days 00:29:00,78.69,96.0,377.0,0.6630299999999999,1.9619920209857782,High,After_Lunch
0 days 00:30:00,78.69,96.0,377.0,0.6630299999999999,1.9619920209857782,High,After_Lunch
0 days 00:31:00,78.69,96.0,377.0,0.6630299999999999,1.9619920209857782,High,After_Lunch
0 days 00:32:00,78.69,96.0,376.0,0.66258,1.9590285486328278,High,After_Lunch
0 days 00:33:00,78.69,96.0,375.0,0.66213,1.9560695524287575,High,After_Lunch
0 days 00:34:00,78.69,96.0,374.0,0.6616799999999999,1.9531150256126097,High,After_Lunch
0 days 00:35:00,78.69,97.0,373.0,0.6647299999999999,1.9581443218730539,High,After_Lunch
0 days 00:36:00,78.69,97.0,373.0,0.6647299999999999,1.9581443218730539,High,After_Lunch
0 days 00:37:00,78.69,97.0,373.0,0.6647299999999999,1.9581443218730539,High,After_Lunch
0 days 00:38:00,78.69,97.0,373.0,0.6647299999999999,1.9581443218730539,High,After_Lunch
0 days 00:39:00,78.57,97.0,371.0,0.6635899999999999,1.951602132200965,High,After_Lunch
0 days 00:40:00,78.57,97.0,369.0,0.66269,1.9457110265592779,High,After_Lunch
0 days 00:41:00,78.57,97.0,368.0,0.6622399999999999,1.9427721456808826,High,After_Lunch
0 days 00:42:00,78.57,97.0,367.0,0.6617899999999999,1.9398377038074064,High,After_Lunch
0 days 00:43:00,78.57,95.0,366.0,0.6543399999999999,1.921154213122342,High,After_Lunch
0 days 00:44:00,78.57,95.0,364.0,0.65344,1.9153550175605332,High,After_Lunch
0 days 00:45:00,78.57,95.0,363.0,0.65299,1.9124619876297728,High,After_Lunch
0 days 00:46:00,78.57,95.0,362.0,0.6525399999999999,1.9095733274487994,High,After_Lunch
0 days 00:47:00,78.57,95.0,362.0,0.6525399999999999,1.9095733274487994,High,After_Lunch
0 days 00:48:00,78.46,95.0,361.0,0.65187,1.9061237996317761,High,After_Lunch
0 days 00:49:00,78.57,95.0,360.0,0.65164,1.903809089945194,Medium,After_Lunch
0 days 00:50:00,78.46,95.0,359.0,0.65097,1.9003699748718592,Medium,After_Lunch
0 days 00:51:00,78.46,94.0,358.0,0.6470199999999999,1.8897673434399858,Medium,After_Lunch
0 days 00:52:00,78.46,94.0,357.0,0.6465699999999999,1.886912962170393,Medium,After_Lunch
0 days 00:53:00,78.46,94.0,356.0,0.64612,1.8840628922740814,Medium,After_Lunch
0 days 00:54:00,78.46,94.0,355.0,0.64567,1.8812171272389775,Medium,After_Lunch
0 days 00:55:00,78.46,94.0,355.0,0.64567,1.8812171272389775,Medium,After_Lunch
0 days 00:56:00,78.46,94.0,355.0,0.64567,1.8812171272389775,Medium,After_Lunch
0 days 00:57:00,78.35,94.0,354.0,0.645,1.8778188231691668,Medium,After_Lunch
0 days 00:58:00,78.35,101.0,353.0,0.6690499999999999,1.9293483813630303,High,After_Lunch
0 days 00:59:00,78.35,101.0,351.0,0.66815,1.9235244508872988,High,After_Lunch
0 days 01:00:00,78.35,101.0,351.0,0.66815,1.9235244508872988,High,After_Lunch
0 days 01:01:00,78.35,101.0,350.0,0.6677,1.9206190815129807,High,After_Lunch
0 days 01:02:00,78.35,101.0,350.0,0.6677,1.9206190815129807,High,After_Lunch
0 days 01:03:00,78.35,101.0,350.0,0.6677,1.9206190815129807,High,After_Lunch
0 days 01:04:00,78.35,101.0,349.0,0.6672499999999999,1.9177181005264463,High,After_Lunch
0 days 01:05:00,78.35,103.0,348.0,0.6738,1.9305230541194007,High,After_Lunch
0 days 01:06:00,78.24,103.0,347.0,0.67313,1.9270356818981482,High,After_Lunch
0 days 01:07:00,78.35,103.0,346.0,0.6729,1.9246955777768204,High,After_Lunch
0 days 01:08:00,78.24,103.0,345.0,0.6722299999999999,1.9212187325363643,High,After_Lunch
0 days 01:09:00,78.35,103.0,344.0,0.6719999999999999,1.918885692252672,High,After_Lunch
0 days 01:10:00,78.24,103.0,344.0,0.67178,1.918316845812594,High,After_Lunch
0 days 01:11:00,78.24,103.0,344.0,0.67178,1.918316845812594,High,After_Lunch
0 days 01:12:00,78.24,98.0,343.0,0.6538299999999999,1.8767098207190074,Medium,After_Lunch
0 days 01:13:00,78.24,98.0,343.0,0.6538299999999999,1.8767098207190074,Medium,After_Lunch
0 days 01:14:00,78.24,98.0,342.0,0.6533800000000001,1.8738751620615188,Medium,After_Lunch
0 days 01:15:00,78.24,98.0,341.0,0.65293,1.8710447849874776,Medium,After_Lunch
0 days 01:16:00,78.24,98.0,340.0,0.65248,1.868218683029807,Medium,After_Lunch
0 days 01:17:00,78.24,98.0,338.0,0.65158,1.8625792786440933,Medium,After_Lunch
0 days 01:18:00,78.13,98.0,337.0,0.65091,1.8592146427116898,Medium,After_Lunch
0 days 01:19:00,78.13,98.0,337.0,0.65091,1.8592146427116898,Medium,After_Lunch
0 days 01:20:00,78.13,99.0,338.0,0.65486,1.8696458567327396,Medium,After_Lunch
0 days 01:21:00,78.13,99.0,338.0,0.65486,1.8696458567327396,Medium,After_Lunch
0 days 01:22:00,78.13,99.0,338.0,0.65486,1.8696458567327396,Medium,After_Lunch
0 days 01:23:00,78.13,99.0,338.0,0.65486,1.8696458567327396,Medium,After_Lunch
0 days 01:24:00,78.13,99.0,338.0,0.65486,1.8696458567327396,Medium,After_Lunch
0 days 01:25:00,78.13,99.0,338.0,0.65486,1.8696458567327396,Medium,After_Lunch
0 days 01:26:00,78.13,99.0,338.0,0.65486,1.8696458567327396,Medium,After_Lunch
0 days 01:27:00,78.13,99.0,338.0,0.65486,1.8696458567327396,Medium,After_Lunch
0 days 01:28:00,78.01,93.0,337.0,0.63317,1.8210518825385618,Medium,After_Lunch
0 days 01:29:00,78.13,93.0,337.0,0.63341,1.8216409858137692,Medium,After_Lunch
0 days 01:30:00,78.01,93.0,338.0,0.6336200000000001,1.8238066340764896,Medium,After_Lunch
0 days 01:31:00,78.01,93.0,337.0,0.63317,1.8210518825385618,Medium,After_Lunch
0 days 01:32:00,78.01,93.0,337.0,0.63317,1.8210518825385618,Medium,After_Lunch
0 days 01:33:00,78.01,93.0,337.0,0.63317,1.8210518825385618,Medium,After_Lunch
0 days 01:34:00,78.01,93.0,337.0,0.63317,1.8210518825385618,Medium,After_Lunch
0 days 01:35:00,78.01,96.0,337.0,0.64367,1.8434966996026556,Medium,After_Lunch
0 days 01:36:00,78.01,96.0,336.0,0.64322,1.8407122073908662,Medium,After_Lunch
0 days 01:37:00,78.01,96.0,335.0,0.6427700000000001,1.8379319209890899,Medium,After_Lunch
0 days 01:38:00,78.01,96.0,335.0,0.6427700000000001,1.8379319209890899,Medium,After_Lunch
0 days 01:39:00,78.01,96.0,335.0,0.6427700000000001,1.8379319209890899,Medium,After_Lunch
0 days 01:40:00,77.9,96.0,335.0,0.6425500000000001,1.8373870729897632,Medium,After_Lunch
0 days 01:41:00,77.9,96.0,335.0,0.6425500000000001,1.8373870729897632,Medium,After_Lunch
0 days 01:42:00,77.9,96.0,336.0,0.643,1.8401665351861018,Medium,After_Lunch
0 days 01:43:00,77.9,92.0,336.0,0.629,1.8103549541966775,Medium,After_Lunch
0 days 01:44:00,77.9,92.0,335.0,0.62855,1.8076205206218188,Medium,After_Lunch
0 days 01:45:00,77.9,92.0,335.0,0.62855,1.8076205206218188,Medium,After_Lunch
0 days 01:46:00,77.9,92.0,335.0,0.62855,1.8076205206218188,Medium,After_Lunch
0 days 01:47:00,77.9,92.0,335.0,0.62855,1.8076205206218188,Medium,After_Lunch
0 days 01:48:00,77.9,92.0,335.0,0.62855,1.8076205206218188,Medium,After_Lunch
0 days 01:49:00,77.9,92.0,334.0,0.6281000000000001,1.8048902172463768,Medium,After_Lunch
0 days 01:50:00,77.9,92.0,333.0,0.62765,1.8021640378319301,Medium,After_Lunch
0 days 01:51:00,77.9,91.0,332.0,0.6237,1.7921093214737658,Medium,After_Lunch
0 days 01:52:00,77.9,91.0,331.0,0.6232500000000001,1.7894024468428569,Medium,After_Lunch
0 days 01:53:00,77.9,91.0,331.0,0.6232500000000001,1.7894024468428569,Medium,After_Lunch
0 days 01:54:00,77.9,91.0,330.0,0.6228,1.7866996607852175,Medium,After_Lunch
0 days 01:55:00,77.9,91.0,330.0,0.6228,1.7866996607852175,Medium,After_Lunch
0 days 01:56:00,77.9,91.0,330.0,0.6228,1.7866996607852175,Medium,After_Lunch
0 days 01:57:00,77.9,91.0,330.0,0.6228,1.7866996607852175,Medium,After_Lunch
0 days 01:58:00,77.79,91.0,329.0,0.6221300000000001,1.783472096757195,Medium,After_Lunch
0 days 01:59:00,77.79,91.0,329.0,0.6221300000000001,1.783472096757195,Medium,After_Lunch
0 days 02:00:00,77.79,91.0,329.0,0.6221300000000001,1.783472096757195,Medium,After_Lunch
0 days 02:01:00,77.79,91.0,329.0,0.6221300000000001,1.783472096757195,Medium,After_Lunch
0 days 02:02:00,77.79,91.0,329.0,0.6221300000000001,1.783472096757195,Medium,After_Lunch
0 days 02:03:00,77.79,91.0,330.0,0.62258,1.7861700003965713,Medium,After_Lunch
0 days 02:04:00,77.79,91.0,330.0,0.62258,1.7861700003965713,Medium,After_Lunch
0 days 02:05:00,77.79,91.0,329.0,0.6221300000000001,1.783472096757195,Medium,After_Lunch
0 days 02:06:00,77.79,91.0,329.0,0.6221300000000001,1.783472096757195,Medium,After_Lunch
0 days 02:07:00,77.79,91.0,328.0,0.62168,1.7807782681409388,Medium,After_Lunch
0 days 02:08:00,77.79,83.0,328.0,0.59368,1.7235467181554598,Low,After_Lunch
0 days 02:09:00,77.79,83.0,328.0,0.59368,1.7235467181554598,Low,After_Lunch
0 days 02:10:00,77.79,83.0,328.0,0.59368,1.7235467181554598,Low,After_Lunch
0 days 02:11:00,77.9,83.0,329.0,0.59435,1.7266658347361166,Low,After_Lunch
0 days 02:12:00,77.9,83.0,329.0,0.59435,1.7266658347361166,Low,After_Lunch
0 days 02:13:00,77.79,83.0,328.0,0.59368,1.7235467181554598,Low,After_Lunch
0 days 02:14:00,77.79,83.0,328.0,0.59368,1.7235467181554598,Low,After_Lunch
0 days 02:15:00,77.9,83.0,328.0,0.5939,1.7240578086028333,Low,After_Lunch
0 days 02:16:00,77.79,83.0,328.0,0.59368,1.7235467181554598,Low,After_Lunch
0 days 02:17:00,77.79,83.0,328.0,0.59368,1.7235467181554598,Low,After_Lunch
0 days 02:18:00,77.9,83.0,328.0,0.5939,1.7240578086028333,Low,After_Lunch
0 days 02:19:00,77.79,83.0,328.0,0.59368,1.7235467181554598,Low,After_Lunch
0 days 02:20:00,77.79,83.0,328.0,0.59368,1.7235467181554598,Low,After_Lunch
0 days 02:21:00,77.79,83.0,327.0,0.59323,1.7209434032624127,Low,After_Lunch
0 days 02:22:00,77.79,83.0,327.0,0.59323,1.7209434032624127,Low,After_Lunch
0 days 02:23:00,77.79,83.0,328.0,0.59368,1.7235467181554598,Low,After_Lunch
0 days 02:24:00,77.79,83.0,328.0,0.59368,1.7235467181554598,Low,After_Lunch
0 days 02:25:00,77.79,86.0,328.0,0.60418,1.744789765188525,Medium,After_Lunch
0 days 02:26:00,77.79,86.0,328.0,0.60418,1.744789765188525,Medium,After_Lunch
0 days 02:27:00,77.79,86.0,328.0,0.60418,1.744789765188525,Medium,After_Lunch
0 days 02:28:00,77.79,86.0,328.0,0.60418,1.744789765188525,Medium,After_Lunch
0 days 02:29:00,77.79,86.0,328.0,0.60418,1.744789765188525,Medium,After_Lunch
0 days 02:30:00,77.68,86.0,328.0,0.60396,1.7442725288306642,Medium,After_Lunch
0 days 02:31:00,77.79,86.0,328.0,0.60418,1.744789765188525,Medium,After_Lunch
0 days 02:32:00,77.68,86.0,328.0,0.60396,1.7442725288306642,Medium,After_Lunch
0 days 02:33:00,77.68,86.0,328.0,0.60396,1.7442725288306642,Medium,After_Lunch
0 days 02:34:00,77.68,86.0,328.0,0.60396,1.7442725288306642,Medium,After_Lunch
0 days 02:35:00,77.68,86.0,329.0,0.60441,1.7469111342858055,Medium,After_Lunch
0 days 02:36:00,77.68,86.0,329.0,0.60441,1.7469111342858055,Medium,After_Lunch
0 days 02:37:00,77.68,86.0,329.0,0.60441,1.7469111342858055,Medium,After_Lunch
0 days 02:38:00,77.68,86.0,329.0,0.60441,1.7469111342858055,Medium,After_Lunch
0 days 02:39:00,77.68,86.0,329.0,0.60441,1.7469111342858055,Medium,After_Lunch
0 days 02:40:00,77.68,86.0,327.0,0.60351,1.741637908832259,Medium,After_Lunch
0 days 02:41:00,77.68,86.0,325.0,0.6026100000000001,1.7363806011355685,Medium,After_Lunch
0 days 02:42:00,77.68,89.0,323.0,0.61221,1.752475788534107,Medium,After_Lunch
0 days 02:43:00,77.68,89.0,323.0,0.61221,1.752475788534107,Medium,After_Lunch
0 days 02:44:00,77.68,89.0,325.0,0.61311,1.7577818282613988,Medium,After_Lunch
0 days 02:45:00,77.68,89.0,325.0,0.61311,1.7577818282613988,Medium,After_Lunch
0 days 02:46:00,77.68,89.0,326.0,0.61356,1.760440869577671,Medium,After_Lunch
0 days 02:47:00,77.68,89.0,326.0,0.61356,1.760440869577671,Medium,After_Lunch
0 days 02:48:00,77.68,89.0,325.0,0.61311,1.7577818282613988,Medium,After_Lunch
0 days 02:49:00,77.68,89.0,325.0,0.61311,1.7577818282613988,Medium,After_Lunch
0 days 02:50:00,77.68,89.0,325.0,0.61311,1.7577818282613988,Medium,After_Lunch
0 days 02:51:00,77.68,86.0,325.0,0.6026100000000001,1.7363806011355685,Medium,After_Lunch
0 days 02:52:00,77.68,86.0,326.0,0.60306,1.7390072682707949,Medium,After_Lunch
0 days 02:53:00,77.68,86.0,326.0,0.60306,1.7390072682707949,Medium,After_Lunch
0 days 02:54:00,77.56,86.0,326.0,0.60282,1.7384448880403731,Medium,After_Lunch
0 days 02:55:00,77.56,86.0,326.0,0.60282,1.7384448880403731,Medium,After_Lunch
0 days 02:56:00,77.56,86.0,326.0,0.60282,1.7384448880403731,Medium,After_Lunch
0 days 02:57:00,77.56,86.0,325.0,0.6023700000000001,1.7358190703470642,Medium,After_Lunch
0 days 02:58:00,77.56,86.0,326.0,0.60282,1.7384448880403731,Medium,After_Lunch
0 days 02:59:00,77.56,86.0,328.0,0.60372,1.743708445859546,Medium,After_Lunch
0 days 03:00:00,77.56,86.0,329.0,0.6041700000000001,1.746346198012018,Medium,After_Lunch
0 days 03:01:00,77.56,86.0,330.0,0.60462,1.7489879403593156,Medium,After_Lunch
0 days 03:02:00,77.68,86.0,331.0,0.60531,1.7522003256910248,Medium,After_Lunch
0 days 03:03:00,77.68,86.0,331.0,0.60531,1.7522003256910248,Medium,After_Lunch
0 days 03:04:00,77.68,86.0,332.0,0.6057600000000001,1.7548509237262802,Medium,After_Lunch
0 days 03:05:00,77.68,86.0,332.0,0.6057600000000001,1.7548509237262802,Medium,After_Lunch
0 days 03:06:00,77.68,86.0,332.0,0.6057600000000001,1.7548509237262802,Medium,After_Lunch
0 days 03:07:00,77.68,92.0,333.0,0.62721,1.8010957067167577,Medium,After_Lunch
0 days 03:08:00,77.68,92.0,333.0,0.62721,1.8010957067167577,Medium,After_Lunch
0 days 03:09:00,77.68,92.0,333.0,0.62721,1.8010957067167577,Medium,After_Lunch
0 days 03:10:00,77.68,92.0,333.0,0.62721,1.8010957067167577,Medium,After_Lunch
0 days 03:11:00,77.68,92.0,334.0,0.6276600000000001,1.8038202700395316,Medium,After_Lunch
0 days 03:12:00,77.68,92.0,333.0,0.62721,1.8010957067167577,Medium,After_Lunch
0 days 03:13:00,77.68,92.0,333.0,0.62721,1.8010957067167577,Medium,After_Lunch
0 days 03:14:00,77.68,92.0,332.0,0.6267600000000001,1.7983752586849706,Medium,After_Lunch
0 days 03:15:00,77.68,96.0,332.0,0.64076,1.8279895669450066,Medium,After_Lunch
0 days 03:16:00,77.68,96.0,331.0,0.64031,1.8252284973355588,Medium,After_Lunch
0 days 03:17:00,77.68,96.0,331.0,0.64031,1.8252284973355588,Medium,After_Lunch
0 days 03:18:00,77.68,96.0,330.0,0.63986,1.8224715981576747,Medium,After_Lunch
0 days 03:19:00,77.68,96.0,331.0,0.64031,1.8252284973355588,Medium,After_Lunch
0 days 03:20:00,77.68,96.0,330.0,0.63986,1.8224715981576747,Medium,After_Lunch
0 days 03:21:00,77.56,96.0,329.0,0.63917,1.8191303814351694,Medium,After_Lunch
0 days 03:22:00,77.56,98.0,329.0,0.64617,1.8340472662473466,Medium,After_Lunch
0 days 03:23:00,77.56,98.0,328.0,0.6457200000000001,1.8312770468430917,Medium,After_Lunch
0 days 03:24:00,77.56,98.0,328.0,0.6457200000000001,1.8312770468430917,Medium,After_Lunch
0 days 03:25:00,77.56,98.0,329.0,0.64617,1.8340472662473466,Medium,After_Lunch
0 days 03:26:00,77.56,98.0,329.0,0.64617,1.8340472662473466,Medium,After_Lunch
0 days 03:27:00,77.56,98.0,328.0,0.6457200000000001,1.8312770468430917,Medium,After_Lunch
0 days 03:28:00,77.56,98.0,327.0,0.64527,1.8285110116906222,Medium,After_Lunch
0 days 03:29:00,77.56,98.0,327.0,0.64527,1.8285110116906222,Medium,After_Lunch
0 days 03:30:00,77.56,98.0,326.0,0.64482,1.8257491544698736,Medium,After_Lunch
0 days 03:31:00,77.56,98.0,325.0,0.64437,1.822991468870329,Medium,After_Lunch
0 days 03:32:00,77.56,98.0,326.0,0.64482,1.8257491544698736,Medium,After_Lunch
0 days 03:33:00,77.45,98.0,326.0,0.6446000000000001,1.8252079180058214,Medium,After_Lunch
0 days 03:34:00,77.45,98.0,327.0,0.64505,1.8279689564843933,Medium,After_Lunch
0 days 03:35:00,77.45,98.0,327.0,0.64505,1.8279689564843933,Medium,After_Lunch
0 days 03:36:00,77.45,98.0,326.0,0.6446000000000001,1.8252079180058214,Medium,After_Lunch
0 days 03:37:00,77.45,98.0,327.0,0.64505,1.8279689564843933,Medium,After_Lunch
0 days 03:38:00,77.45,92.0,327.0,0.62405,1.7837283939144364,Medium,After_Lunch
0 days 03:39:00,77.45,92.0,327.0,0.62405,1.7837283939144364,Medium,After_Lunch
0 days 03:40:00,77.45,92.0,326.0,0.6236,1.781034178176555,Medium,After_Lunch
0 days 03:41:00,77.45,92.0,326.0,0.6236,1.781034178176555,Medium,After_Lunch
0 days 03:42:00,77.45,92.0,326.0,0.6236,1.781034178176555,Medium,After_Lunch
0 days 03:43:00,77.45,92.0,326.0,0.6236,1.781034178176555,Medium,After_Lunch
0 days 03:44:00,77.45,92.0,326.0,0.6236,1.781034178176555,Medium,After_Lunch
0 days 03:45:00,77.45,92.0,326.0,0.6236,1.781034178176555,Medium,After_Lunch
0 days 03:46:00,77.45,89.0,327.0,0.61355,1.7620112639070606,Medium,After_Lunch
0 days 03:47:00,77.45,89.0,327.0,0.61355,1.7620112639070606,Medium,After_Lunch
0 days 03:48:00,77.45,89.0,327.0,0.61355,1.7620112639070606,Medium,After_Lunch
0 days 03:49:00,77.45,89.0,326.0,0.6131,1.7593498506034777,Medium,After_Lunch
0 days 03:50:00,77.45,89.0,327.0,0.61355,1.7620112639070606,Medium,After_Lunch
0 days 03:51:00,77.45,89.0,327.0,0.61355,1.7620112639070606,Medium,After_Lunch
0 days 03:52:00,77.45,89.0,327.0,0.61355,1.7620112639070606,Medium,After_Lunch
0 days 03:53:00,77.45,89.0,327.0,0.61355,1.7620112639070606,Medium,After_Lunch
0 days 03:54:00,77.45,88.0,327.0,0.61005,1.7548311378989976,Medium,After_Lunch
0 days 03:55:00,77.45,88.0,328.0,0.6105,1.757485715630848,Medium,After_Lunch
0 days 03:56:00,77.45,88.0,327.0,0.61005,1.7548311378989976,Medium,After_Lunch
0 days 03:57:00,77.45,88.0,327.0,0.61005,1.7548311378989976,Medium,After_Lunch
0 days 03:58:00,77.45,88.0,327.0,0.61005,1.7548311378989976,Medium,After_Lunch
0 days 03:59:00,77.45,88.0,327.0,0.61005,1.7548311378989976,Medium,After_Lunch
0 days 04:00:00,77.45,88.0,325.0,0.6091500000000001,1.749534005124795,Medium,After_Lunch
0 days 04:01:00,77.45,88.0,324.0,0.6087,1.74689143797912,Medium,After_Lunch
0 days 04:02:00,77.45,91.0,324.0,0.6192000000000001,1.7684222132042695,Medium,After_Lunch
0 days 04:03:00,77.45,91.0,325.0,0.61965,1.7710973505016974,Medium,After_Lunch
0 days 04:04:00,77.45,91.0,324.0,0.6192000000000001,1.7684222132042695,Medium,After_Lunch
0 days 04:05:00,77.45,91.0,324.0,0.6192000000000001,1.7684222132042695,Medium,After_Lunch
0 days 04:06:00,77.45,91.0,324.0,0.6192000000000001,1.7684222132042695,Medium,After_Lunch
0 days 04:07:00,77.45,91.0,324.0,0.6192000000000001,1.7684222132042695,Medium,After_Lunch
0 days 04:08:00,77.45,91.0,324.0,0.6192000000000001,1.7684222132042695,Medium,After_Lunch
0 days 04:09:00,77.45,91.0,323.0,0.61875,1.7657511165427546,Medium,After_Lunch
0 days 04:10:00,77.45,92.0,323.0,0.6222500000000001,1.7729759231021107,Medium,After_Lunch
0 days 04:11:00,77.45,92.0,323.0,0.6222500000000001,1.7729759231021107,Medium,After_Lunch
0 days 04:12:00,77.45,92.0,323.0,0.6222500000000001,1.7729759231021107,Medium,After_Lunch
0 days 04:13:00,77.45,92.0,324.0,0.6227,1.7756579489124167,Medium,After_Lunch
0 days 04:14:00,77.45,92.0,324.0,0.6227,1.7756579489124167,Medium,After_Lunch
0 days 04:15:00,77.45,92.0,323.0,0.6222500000000001,1.7729759231021107,Medium,After_Lunch
0 days 04:16:00,77.45,92.0,323.0,0.6222500000000001,1.7729759231021107,Medium,After_Lunch
0 days 04:17:00,77.45,92.0,322.0,0.6218,1.7702979483324073,Medium,After_Lunch
0 days 04:18:00,77.45,92.0,323.0,0.6222500000000001,1.7729759231021107,Medium,After_Lunch
0 days 04:19:00,77.45,86.0,322.0,0.6008,1.727453141327976,Low,After_Lunch
0 days 04:20:00,77.45,86.0,322.0,0.6008,1.727453141327976,Low,After_Lunch
0 days 04:21:00,77.45,86.0,322.0,0.6008,1.727453141327976,Low,After_Lunch
0 days 04:22:00,77.45,86.0,322.0,0.6008,1.727453141327976,Low,After_Lunch
0 days 04:23:00,77.45,86.0,323.0,0.6012500000000001,1.7300663036675012,Low,After_Lunch
0 days 04:24:00,77.45,86.0,322.0,0.6008,1.727453141327976,Low,After_Lunch
0 days 04:25:00,77.45,86.0,322.0,0.6008,1.727453141327976,Low,After_Lunch
0 days 04:26:00,77.45,86.0,322.0,0.6008,1.727453141327976,Low,After_Lunch
0 days 04:27:00,77.45,88.0,322.0,0.6078,1.7416182719808395,Medium,After_Lunch
0 days 04:28:00,77.45,88.0,322.0,0.6078,1.7416182719808395,Medium,After_Lunch
0 days 04:29:00,77.45,88.0,323.0,0.6082500000000001,1.7442528622740794,Medium,After_Lunch
0 days 04:30:00,77.45,88.0,324.0,0.6087,1.74689143797912,Medium,After_Lunch
0 days 04:31:00,77.56,88.0,322.0,0.60802,1.7421347212609226,Medium,After_Lunch
0 days 04:32:00,77.45,88.0,319.0,0.60645,1.7337383534200943,Medium,After_Lunch
0 days 04:33:00,77.45,88.0,318.0,0.6060000000000001,1.7311196446676356,Low,After_Lunch
0 days 04:34:00,77.56,88.0,317.0,0.60577,1.7290174520341253,Low,After_Lunch
0 days 04:35:00,77.56,87.0,316.0,0.60182,1.7193708384664534,Low,After_Lunch
0 days 04:36:00,77.56,87.0,316.0,0.60182,1.7193708384664534,Low,After_Lunch
0 days 04:37:00,77.45,87.0,315.0,0.6011500000000001,1.7162648998518877,Low,After_Lunch
0 days 04:38:00,77.56,87.0,315.0,0.6013700000000001,1.716773830991518,Low,After_Lunch
0 days 04:39:00,77.56,87.0,316.0,0.60182,1.7193708384664534,Low,After_Lunch
0 days 04:40:00,77.45,87.0,317.0,0.60205,1.7214613024502872,Low,After_Lunch
0 days 04:41:00,77.45,87.0,317.0,0.60205,1.7214613024502872,Low,After_Lunch
0 days 04:42:00,77.45,87.0,318.0,0.6025,1.7240654007826188,Low,After_Lunch
0 days 04:43:00,77.45,87.0,318.0,0.6025,1.7240654007826188,Low,After_Lunch
0 days 04:44:00,77.45,88.0,319.0,0.60645,1.7337383534200943,Medium,After_Lunch
0 days 04:45:00,77.45,88.0,319.0,0.60645,1.7337383534200943,Medium,After_Lunch
0 days 04:46:00,77.45,88.0,319.0,0.60645,1.7337383534200943,Medium,After_Lunch
0 days 04:47:00,77.45,88.0,319.0,0.60645,1.7337383534200943,Medium,After_Lunch
0 days 04:48:00,77.45,88.0,320.0,0.6069,1.7363610235599427,Medium,After_Lunch
0 days 04:49:00,77.45,88.0,319.0,0.60645,1.7337383534200943,Medium,After_Lunch
0 days 00:00:00,87.46,94.0,50.0,0.52642,1.411376539910378,Low,Stress_Induced
0 days 00:01:00,87.46,94.0,50.0,0.52642,1.411376539910378,Low,Stress_Induced
0 days 00:02:00,87.46,94.0,51.0,0.52687,1.411376539910378,Low,Stress_Induced
0 days 00:03:00,87.57,94.0,50.0,0.52664,1.411795061241768,Low,Stress_Induced
0 days 00:04:00,87.46,94.0,48.0,0.52552,1.411376539910378,Low,Stress_Induced
0 days 00:05:00,87.57,94.0,50.0,0.52664,1.411795061241768,Low,Stress_Induced
0 days 00:06:00,87.57,94.0,53.0,0.52799,1.411795061241768,Low,Stress_Induced
0 days 00:07:00,87.57,94.0,54.0,0.5284399999999999,1.411795061241768,Low,Stress_Induced
0 days 00:08:00,87.57,92.0,55.0,0.52189,1.4003124867768066,Low,Stress_Induced
0 days 00:09:00,87.57,92.0,56.0,0.52234,1.4003124867768066,Low,Stress_Induced
0 days 00:10:00,87.57,92.0,56.0,0.52234,1.4003124867768066,Low,Stress_Induced
0 days 00:11:00,87.57,92.0,57.0,0.52279,1.4003124867768066,Low,Stress_Induced
0 days 00:12:00,87.57,92.0,59.0,0.52369,1.4003124867768066,Low,Stress_Induced
0 days 00:13:00,87.57,92.0,58.0,0.52324,1.4003124867768066,Low,Stress_Induced
0 days 00:14:00,87.57,92.0,57.0,0.52279,1.4003124867768066,Low,Stress_Induced
0 days 00:15:00,87.57,92.0,57.0,0.52279,1.4003124867768066,Low,Stress_Induced
0 days 00:16:00,87.57,100.0,59.0,0.55169,1.446810822585206,Low,Stress_Induced
0 days 00:17:00,87.57,100.0,60.0,0.55214,1.446810822585206,Low,Stress_Induced
0 days 00:18:00,87.57,100.0,59.0,0.55169,1.446810822585206,Low,Stress_Induced
0 days 00:19:00,87.57,100.0,60.0,0.55214,1.446810822585206,Low,Stress_Induced
0 days 00:20:00,87.57,100.0,61.0,0.5525899999999999,1.446810822585206,Low,Stress_Induced
0 days 00:21:00,87.57,100.0,61.0,0.5525899999999999,1.446810822585206,Low,Stress_Induced
0 days 00:22:00,87.57,100.0,61.0,0.5525899999999999,1.446810822585206,Low,Stress_Induced
0 days 00:23:00,87.57,106.0,61.0,0.5735899999999999,1.482695055264266,Medium,Stress_Induced
0 days 00:24:00,87.57,106.0,60.0,0.57314,1.482695055264266,Medium,Stress_Induced
0 days 00:25:00,87.57,106.0,59.0,0.57269,1.482695055264266,Medium,Stress_Induced
0 days 00:26:00,87.57,106.0,61.0,0.5735899999999999,1.482695055264266,Medium,Stress_Induced
0 days 00:27:00,87.46,106.0,63.0,0.57427,1.4822555158965414,Medium,Stress_Induced
0 days 00:28:00,87.57,106.0,61.0,0.5735899999999999,1.482695055264266,Medium,Stress_Induced
0 days 00:29:00,87.57,106.0,61.0,0.5735899999999999,1.482695055264266,Medium,Stress_Induced
0 days 00:30:00,87.46,106.0,63.0,0.57427,1.4822555158965414,Medium,Stress_Induced
0 days 00:31:00,87.46,106.0,63.0,0.57427,1.4822555158965414,Medium,Stress_Induced
0 days 00:32:00,87.46,106.0,64.0,0.57472,1.4822555158965414,Medium,Stress_Induced
0 days 00:33:00,87.46,106.0,64.0,0.57472,1.4822555158965414,Medium,Stress_Induced
0 days 00:34:00,87.46,106.0,62.0,0.57382,1.4822555158965414,Medium,Stress_Induced
0 days 00:35:00,87.46,106.0,60.0,0.57292,1.4822555158965414,Medium,Stress_Induced
0 days 00:36:00,87.46,112.0,58.0,0.59302,1.5190188584095665,Medium,Stress_Induced
0 days 00:37:00,87.46,112.0,58.0,0.59302,1.5190188584095665,Medium,Stress_Induced
0 days 00:38:00,87.46,112.0,58.0,0.59302,1.5190188584095665,Medium,Stress_Induced
0 days 00:39:00,87.46,112.0,60.0,0.59392,1.5190188584095665,Medium,Stress_Induced
0 days 00:40:00,87.35,112.0,58.0,0.5928,1.5185685509871356,Medium,Stress_Induced
0 days 00:41:00,87.46,112.0,56.0,0.59212,1.5190188584095665,Medium,Stress_Induced
0 days 00:42:00,87.35,112.0,55.0,0.59145,1.5185685509871356,Medium,Stress_Induced
0 days 00:43:00,87.35,111.0,53.0,0.58705,1.5123804443777646,Medium,Stress_Induced
0 days 00:44:00,87.35,111.0,51.0,0.58615,1.5123804443777646,Medium,Stress_Induced
0 days 00:45:00,87.35,111.0,50.0,0.5857,1.5123804443777646,Medium,Stress_Induced
0 days 00:46:00,87.35,111.0,49.0,0.58525,1.5123804443777646,Medium,Stress_Induced
0 days 00:47:00,87.35,111.0,47.0,0.58435,1.5123804443777646,Medium,Stress_Induced
0 days 00:48:00,87.35,111.0,46.0,0.5839,1.5123804443777646,Medium,Stress_Induced
0 days 00:49:00,87.35,111.0,46.0,0.5839,1.5123804443777646,Medium,Stress_Induced
0 days 00:50:00,87.35,106.0,47.0,0.56685,1.481816106828608,Medium,Stress_Induced
0 days 00:51:00,87.35,106.0,48.0,0.5673,1.481816106828608,Medium,Stress_Induced
0 days 00:52:00,87.35,106.0,47.0,0.56685,1.481816106828608,Medium,Stress_Induced
0 days 00:53:00,87.24,106.0,46.0,0.56618,1.4813768280218387,Medium,Stress_Induced
0 days 00:54:00,87.24,106.0,46.0,0.56618,1.4813768280218387,Medium,Stress_Induced
0 days 00:55:00,87.24,106.0,46.0,0.56618,1.4813768280218387,Medium,Stress_Induced
0 days 00:56:00,87.24,106.0,45.0,0.56573,1.4813768280218387,Medium,Stress_Induced
0 days 00:57:00,87.24,107.0,46.0,0.56968,1.487438079193479,Medium,Stress_Induced
0 days 00:58:00,87.24,107.0,47.0,0.57013,1.487438079193479,Medium,Stress_Induced
0 days 00:59:00,87.24,107.0,48.0,0.57058,1.487438079193479,Medium,Stress_Induced
0 days 01:00:00,87.24,107.0,49.0,0.57103,1.487438079193479,Medium,Stress_Induced
0 days 01:01:00,87.24,107.0,49.0,0.57103,1.487438079193479,Medium,Stress_Induced
0 days 01:02:00,87.24,107.0,51.0,0.5719299999999999,1.487438079193479,Medium,Stress_Induced
0 days 01:03:00,87.24,114.0,50.0,0.59598,1.530566960837615,Medium,Stress_Induced
0 days 01:04:00,87.13,114.0,49.0,0.59531,1.5301132300236904,Medium,Stress_Induced
0 days 01:05:00,87.24,114.0,51.0,0.5964299999999999,1.530566960837615,Medium,Stress_Induced
0 days 01:06:00,87.13,114.0,51.0,0.5962099999999999,1.5301132300236904,Medium,Stress_Induced
0 days 01:07:00,87.13,114.0,49.0,0.59531,1.5301132300236904,Medium,Stress_Induced
0 days 01:08:00,87.13,114.0,49.0,0.59531,1.5301132300236904,Medium,Stress_Induced
0 days 01:09:00,87.13,116.0,51.0,0.6032099999999999,1.5426601717024089,Medium,Stress_Induced
0 days 01:10:00,87.13,116.0,52.0,0.60366,1.5426601717024089,Medium,Stress_Induced
0 days 01:11:00,87.13,116.0,50.0,0.60276,1.5426601717024089,Medium,Stress_Induced
0 days 01:12:00,87.01,116.0,49.0,0.60207,1.5421612884610023,Medium,Stress_Induced
0 days 01:13:00,87.13,116.0,48.0,0.60186,1.5426601717024089,Medium,Stress_Induced
0 days 01:14:00,87.01,116.0,48.0,0.60162,1.5421612884610023,Medium,Stress_Induced
0 days 01:15:00,87.01,123.0,49.0,0.6265700000000001,1.5868768921668497,High,Stress_Induced
0 days 01:16:00,87.01,123.0,49.0,0.6265700000000001,1.5868768921668497,High,Stress_Induced
0 days 01:17:00,87.01,123.0,49.0,0.6265700000000001,1.5868768921668497,High,Stress_Induced
0 days 01:18:00,87.01,123.0,48.0,0.62612,1.5868768921668497,High,Stress_Induced
0 days 01:19:00,87.01,123.0,47.0,0.6256700000000001,1.5868768921668497,High,Stress_Induced
0 days 01:20:00,87.01,123.0,47.0,0.6256700000000001,1.5868768921668497,High,Stress_Induced
0 days 01:21:00,86.9,123.0,46.0,0.625,1.586406468485754,High,Stress_Induced
0 days 01:22:00,86.9,118.0,44.0,0.6066,1.554346107633288,Medium,Stress_Induced
0 days 01:23:00,86.9,118.0,42.0,0.6057,1.554346107633288,Medium,Stress_Induced
0 days 01:24:00,86.9,118.0,42.0,0.6057,1.554346107633288,Medium,Stress_Induced
0 days 01:25:00,86.9,118.0,41.0,0.6052500000000001,1.554346107633288,Medium,Stress_Induced
0 days 01:26:00,86.9,118.0,42.0,0.6057,1.554346107633288,Medium,Stress_Induced
0 days 01:27:00,86.9,118.0,42.0,0.6057,1.554346107633288,Medium,Stress_Induced
0 days 01:28:00,86.9,124.0,41.0,0.6262500000000001,1.5928974624610328,High,Stress_Induced
0 days 01:29:00,86.9,124.0,39.0,0.6253500000000001,1.5928974624610328,High,Stress_Induced
0 days 01:30:00,86.79,124.0,38.0,0.62468,1.5924252540045374,High,Stress_Induced
0 days 01:31:00,86.79,124.0,39.0,0.6251300000000001,1.5924252540045374,High,Stress_Induced
0 days 01:32:00,86.79,124.0,39.0,0.6251300000000001,1.5924252540045374,High,Stress_Induced
0 days 01:33:00,86.79,124.0,37.0,0.6242300000000001,1.5924252540045374,High,Stress_Induced
0 days 01:34:00,86.79,121.0,37.0,0.61373,1.5730372651233644,High,Stress_Induced
0 days 01:35:00,86.79,121.0,37.0,0.61373,1.5730372651233644,High,Stress_Induced
0 days 01:36:00,86.79,121.0,37.0,0.61373,1.5730372651233644,High,Stress_Induced
0 days 01:37:00,86.79,121.0,38.0,0.6141800000000001,1.5730372651233644,High,Stress_Induced
0 days 01:38:00,86.79,121.0,39.0,0.61463,1.5730372651233644,High,Stress_Induced
0 days 01:39:00,86.79,121.0,38.0,0.6141800000000001,1.5730372651233644,High,Stress_Induced
0 days 01:40:00,86.68,115.0,37.0,0.59251,1.534511532359752,Medium,Stress_Induced
0 days 01:41:00,86.68,115.0,38.0,0.5929599999999999,1.534511532359752,Medium,Stress_Induced
0 days 01:42:00,86.68,115.0,39.0,0.59341,1.534511532359752,Medium,Stress_Induced
0 days 01:43:00,86.68,115.0,40.0,0.59386,1.534511532359752,Medium,Stress_Induced
0 days 01:44:00,86.68,115.0,39.0,0.59341,1.534511532359752,Medium,Stress_Induced
0 days 01:45:00,86.68,115.0,39.0,0.59341,1.534511532359752,Medium,Stress_Induced
0 days 01:46:00,86.68,115.0,41.0,0.59431,1.534511532359752,Medium,Stress_Induced
0 days 01:47:00,86.68,112.0,43.0,0.5847100000000001,1.5158286507283498,Medium,Stress_Induced
0 days 01:48:00,86.56,112.0,43.0,0.58447,1.5153384445737061,Medium,Stress_Induced
0 days 01:49:00,86.56,112.0,43.0,0.58447,1.5153384445737061,Medium,Stress_Induced
0 days 01:50:00,86.56,112.0,43.0,0.58447,1.5153384445737061,Medium,Stress_Induced
0 days 01:51:00,86.56,112.0,44.0,0.58492,1.5153384445737061,Medium,Stress_Induced
0 days 01:52:00,86.56,112.0,43.0,0.58447,1.5153384445737061,Medium,Stress_Induced
0 days 01:53:00,86.56,113.0,43.0,0.58797,1.5215386542360032,Medium,Stress_Induced
0 days 01:54:00,86.56,113.0,44.0,0.5884199999999999,1.5215386542360032,Medium,Stress_Induced
0 days 01:55:00,86.56,113.0,46.0,0.58932,1.5215386542360032,Medium,Stress_Induced
0 days 01:56:00,86.45,113.0,47.0,0.58955,1.5210875998295852,Medium,Stress_Induced
0 days 01:57:00,86.56,113.0,48.0,0.59022,1.5215386542360032,Medium,Stress_Induced
0 days 01:58:00,86.45,113.0,48.0,0.59,1.5210875998295852,Medium,Stress_Induced
0 days 01:59:00,86.45,113.0,46.0,0.5891,1.5210875998295852,Medium,Stress_Induced
0 days 02:00:00,86.45,109.0,45.0,0.57465,1.4964452507229904,Medium,Stress_Induced
0 days 02:01:00,86.45,109.0,42.0,0.5733,1.4964452507229904,Medium,Stress_Induced
0 days 02:02:00,86.45,109.0,40.0,0.5724,1.4964452507229904,Medium,Stress_Induced
0 days 02:03:00,86.45,109.0,40.0,0.5724,1.4964452507229904,Medium,Stress_Induced
0 days 02:04:00,86.45,109.0,40.0,0.5724,1.4964452507229904,Medium,Stress_Induced
0 days 02:05:00,86.45,109.0,40.0,0.5724,1.4964452507229904,Medium,Stress_Induced
0 days 02:06:00,86.34,114.0,39.0,0.58923,1.5268585672332882,Medium,Stress_Induced
0 days 02:07:00,86.34,114.0,36.0,0.58788,1.5268585672332882,Medium,Stress_Induced
0 days 02:08:00,86.34,114.0,35.0,0.58743,1.5268585672332882,Medium,Stress_Induced
0 days 02:09:00,86.34,114.0,35.0,0.58743,1.5268585672332882,Medium,Stress_Induced
0 days 02:10:00,86.34,114.0,34.0,0.58698,1.5268585672332882,Medium,Stress_Induced
0 days 02:11:00,86.34,114.0,34.0,0.58698,1.5268585672332882,Medium,Stress_Induced
0 days 02:12:00,86.34,114.0,34.0,0.58698,1.5268585672332882,Medium,Stress_Induced
0 days 02:13:00,86.34,108.0,32.0,0.56508,1.4899054878390565,Medium,Stress_Induced
0 days 02:14:00,86.34,108.0,31.0,0.5646300000000001,1.4899054878390565,Medium,Stress_Induced
0 days 02:15:00,86.34,108.0,31.0,0.5646300000000001,1.4899054878390565,Medium,Stress_Induced
0 days 02:16:00,86.22,108.0,32.0,0.56484,1.4894236650158599,Medium,Stress_Induced
0 days 02:17:00,86.22,108.0,31.0,0.5643900000000001,1.4894236650158599,Medium,Stress_Induced
0 days 02:18:00,86.22,108.0,31.0,0.5643900000000001,1.4894236650158599,Medium,Stress_Induced
0 days 02:19:00,86.22,108.0,30.0,0.56394,1.4894236650158599,Medium,Stress_Induced
0 days 02:20:00,86.22,108.0,30.0,0.56394,1.4894236650158599,Medium,Stress_Induced
0 days 02:21:00,86.22,96.0,29.0,0.52149,1.4182019201454894,Low,Stress_Induced
0 days 02:22:00,86.22,96.0,27.0,0.52059,1.4182019201454894,Low,Stress_Induced
0 days 02:23:00,86.22,96.0,28.0,0.52104,1.4182019201454894,Low,Stress_Induced
0 days 02:24:00,86.22,96.0,29.0,0.52149,1.4182019201454894,Low,Stress_Induced
0 days 02:25:00,86.22,96.0,30.0,0.52194,1.4182019201454894,Low,Stress_Induced
0 days 02:26:00,86.22,96.0,31.0,0.52239,1.4182019201454894,Low,Stress_Induced
0 days 02:27:00,86.11,110.0,30.0,0.57072,1.5011917972890103,Medium,Stress_Induced
0 days 02:28:00,86.11,110.0,28.0,0.56982,1.5011917972890103,Medium,Stress_Induced
0 days 02:29:00,86.11,110.0,28.0,0.56982,1.5011917972890103,Medium,Stress_Induced
0 days 02:30:00,86.11,110.0,29.0,0.57027,1.5011917972890103,Medium,Stress_Induced
0 days 02:31:00,86.11,110.0,32.0,0.57162,1.5011917972890103,Medium,Stress_Induced
0 days 02:32:00,86.11,110.0,31.0,0.5711700000000001,1.5011917972890103,Medium,Stress_Induced
0 days 02:33:00,86.0,110.0,30.0,0.5705,1.500746774631741,Medium,Stress_Induced
0 days 02:34:00,86.0,112.0,30.0,0.5775,1.5130529111230502,Medium,Stress_Induced
0 days 02:35:00,86.0,112.0,31.0,0.5779500000000001,1.5130529111230502,Medium,Stress_Induced
0 days 02:36:00,86.0,112.0,32.0,0.5784,1.5130529111230502,Medium,Stress_Induced
0 days 02:37:00,86.0,112.0,31.0,0.5779500000000001,1.5130529111230502,Medium,Stress_Induced
0 days 02:38:00,86.0,112.0,31.0,0.5779500000000001,1.5130529111230502,Medium,Stress_Induced
0 days 02:39:00,86.0,112.0,33.0,0.57885,1.5130529111230502,Medium,Stress_Induced
0 days 02:40:00,86.0,112.0,32.0,0.5784,1.5130529111230502,Medium,Stress_Induced
0 days 02:41:00,86.0,109.0,32.0,0.5679000000000001,1.4946312910540958,Medium,Stress_Induced
0 days 02:42:00,86.0,109.0,32.0,0.5679000000000001,1.4946312910540958,Medium,Stress_Induced
0 days 02:43:00,85.89,109.0,33.0,0.56813,1.4941882132342037,Medium,Stress_Induced
0 days 02:44:00,86.0,109.0,35.0,0.56925,1.4946312910540958,Medium,Stress_Induced
0 days 02:45:00,85.89,109.0,35.0,0.56903,1.4941882132342037,Medium,Stress_Induced
0 days 02:46:00,85.89,109.0,34.0,0.56858,1.4941882132342037,Medium,Stress_Induced
0 days 02:47:00,85.89,111.0,35.0,0.57603,1.5064405694655052,Medium,Stress_Induced
0 days 02:48:00,85.89,111.0,36.0,0.57648,1.5064405694655052,Medium,Stress_Induced
0 days 02:49:00,85.89,111.0,36.0,0.57648,1.5064405694655052,Medium,Stress_Induced
0 days 02:50:00,85.89,111.0,36.0,0.57648,1.5064405694655052,Medium,Stress_Induced
0 days 02:51:00,85.89,111.0,36.0,0.57648,1.5064405694655052,Medium,Stress_Induced
0 days 02:52:00,85.77,111.0,36.0,0.57624,1.5059533993368748,Medium,Stress_Induced
0 days 02:53:00,85.89,111.0,36.0,0.57648,1.5064405694655052,Medium,Stress_Induced
0 days 02:54:00,85.89,112.0,37.0,0.58043,1.5126043722832345,Medium,Stress_Induced
0 days 02:55:00,85.77,112.0,37.0,0.58019,1.5121152088329473,Medium,Stress_Induced
0 days 02:56:00,85.77,112.0,38.0,0.58064,1.5121152088329473,Medium,Stress_Induced
0 days 02:57:00,85.77,112.0,38.0,0.58064,1.5121152088329473,Medium,Stress_Induced
0 days 02:58:00,85.77,112.0,37.0,0.58019,1.5121152088329473,Medium,Stress_Induced
0 days 02:59:00,85.77,112.0,35.0,0.57929,1.5121152088329473,Medium,Stress_Induced
0 days 03:00:00,85.77,112.0,35.0,0.57929,1.5121152088329473,Medium,Stress_Induced
0 days 03:01:00,85.77,110.0,36.0,0.57274,1.499816698970083,Medium,Stress_Induced
0 days 03:02:00,85.66,110.0,36.0,0.57252,1.4993720839555342,Medium,Stress_Induced
0 days 03:03:00,85.66,110.0,36.0,0.57252,1.4993720839555342,Medium,Stress_Induced
0 days 03:04:00,85.66,110.0,37.0,0.57297,1.4993720839555342,Medium,Stress_Induced
0 days 03:05:00,85.66,110.0,38.0,0.57342,1.4993720839555342,Medium,Stress_Induced
0 days 03:06:00,85.66,110.0,37.0,0.57297,1.4993720839555342,Medium,Stress_Induced
0 days 03:07:00,85.66,110.0,37.0,0.57297,1.4993720839555342,Medium,Stress_Induced
0 days 03:08:00,85.66,105.0,36.0,0.55502,1.46907063787683,Medium,Stress_Induced
0 days 03:09:00,85.66,105.0,36.0,0.55502,1.46907063787683,Medium,Stress_Induced
0 days 03:10:00,85.66,105.0,35.0,0.55457,1.46907063787683,Medium,Stress_Induced
0 days 03:11:00,85.66,105.0,33.0,0.55367,1.46907063787683,Medium,Stress_Induced
0 days 03:12:00,85.55,105.0,33.0,0.55345,1.4686351374163527,Medium,Stress_Induced
0 days 03:13:00,85.66,132.0,33.0,0.6481699999999999,1.6175052494046542,High,Stress_Induced
0 days 03:14:00,85.55,132.0,33.0,0.6479499999999999,1.6170257460623518,High,Stress_Induced
0 days 03:15:00,85.55,132.0,34.0,0.6484,1.6170257460623518,High,Stress_Induced
0 days 03:16:00,85.55,132.0,35.0,0.6488499999999999,1.6170257460623518,High,Stress_Induced
0 days 03:17:00,85.55,132.0,34.0,0.6484,1.6170257460623518,High,Stress_Induced
0 days 03:18:00,85.55,132.0,32.0,0.6475,1.6170257460623518,High,Stress_Induced
0 days 03:19:00,85.55,134.0,33.0,0.6549499999999999,1.6170257460623518,High,Stress_Induced
0 days 03:20:00,85.55,134.0,34.0,0.6554,1.6170257460623518,High,Stress_Induced
0 days 03:21:00,85.44,134.0,34.0,0.65518,1.6165463848670103,High,Stress_Induced
0 days 03:22:00,85.55,134.0,34.0,0.6554,1.6170257460623518,High,Stress_Induced
0 days 03:23:00,85.44,134.0,34.0,0.65518,1.6165463848670103,High,Stress_Induced
0 days 03:24:00,85.44,134.0,35.0,0.6556299999999999,1.6165463848670103,High,Stress_Induced
0 days 03:25:00,85.44,129.0,36.0,0.6385799999999999,1.6165463848670103,High,Stress_Induced
0 days 03:26:00,85.44,129.0,36.0,0.6385799999999999,1.6165463848670103,High,Stress_Induced
0 days 03:27:00,85.44,129.0,35.0,0.63813,1.6165463848670103,High,Stress_Induced
0 days 03:28:00,85.44,129.0,36.0,0.6385799999999999,1.6165463848670103,High,Stress_Induced
0 days 03:29:00,85.44,129.0,36.0,0.6385799999999999,1.6165463848670103,High,Stress_Induced
0 days 03:30:00,85.44,129.0,36.0,0.6385799999999999,1.6165463848670103,High,Stress_Induced
0 days 03:31:00,85.32,116.0,36.0,0.59284,1.5351524609752727,Medium,Stress_Induced
0 days 03:32:00,85.32,116.0,35.0,0.59239,1.5351524609752727,Medium,Stress_Induced
0 days 03:33:00,85.32,116.0,35.0,0.59239,1.5351524609752727,Medium,Stress_Induced
0 days 03:34:00,85.32,116.0,36.0,0.59284,1.5351524609752727,Medium,Stress_Induced
0 days 03:35:00,85.32,116.0,36.0,0.59284,1.5351524609752727,Medium,Stress_Induced
0 days 03:36:00,85.32,116.0,36.0,0.59284,1.5351524609752727,Medium,Stress_Induced
0 days 03:37:00,85.32,120.0,35.0,0.60639,1.560432211675757,High,Stress_Induced
0 days 03:38:00,85.32,120.0,36.0,0.60684,1.560432211675757,High,Stress_Induced
0 days 03:39:00,85.32,120.0,36.0,0.60684,1.560432211675757,High,Stress_Induced
0 days 03:40:00,85.32,120.0,36.0,0.60684,1.560432211675757,High,Stress_Induced
0 days 03:41:00,85.32,120.0,36.0,0.60684,1.560432211675757,High,Stress_Induced
0 days 03:42:00,85.32,120.0,36.0,0.60684,1.560432211675757,High,Stress_Induced
0 days 03:43:00,85.32,120.0,36.0,0.60684,1.560432211675757,High,Stress_Induced
0 days 03:44:00,85.32,114.0,36.0,0.5858399999999999,1.5226665818755736,Medium,Stress_Induced
0 days 03:45:00,85.32,114.0,37.0,0.58629,1.5226665818755736,Medium,Stress_Induced
0 days 03:46:00,85.21,114.0,37.0,0.58607,1.5222151930992525,Medium,Stress_Induced
0 days 03:47:00,85.21,114.0,37.0,0.58607,1.5222151930992525,Medium,Stress_Induced
0 days 03:48:00,85.21,114.0,37.0,0.58607,1.5222151930992525,Medium,Stress_Induced
0 days 03:49:00,85.21,114.0,37.0,0.58607,1.5222151930992525,Medium,Stress_Induced
0 days 03:50:00,85.21,116.0,37.0,0.59307,1.5346973708070943,Medium,Stress_Induced
0 days 03:51:00,85.21,116.0,36.0,0.5926199999999999,1.5346973708070943,Medium,Stress_Induced
0 days 03:52:00,85.21,116.0,34.0,0.59172,1.5346973708070943,Medium,Stress_Induced
0 days 03:53:00,85.21,116.0,34.0,0.59172,1.5346973708070943,Medium,Stress_Induced
0 days 03:54:00,85.21,116.0,36.0,0.5926199999999999,1.5346973708070943,Medium,Stress_Induced
0 days 03:55:00,85.21,116.0,37.0,0.59307,1.5346973708070943,Medium,Stress_Induced
0 days 03:56:00,85.21,123.0,37.0,0.61757,1.5791965551368343,High,Stress_Induced
0 days 03:57:00,85.21,123.0,36.0,0.61712,1.5791965551368343,High,Stress_Induced
0 days 03:58:00,85.21,123.0,36.0,0.61712,1.5791965551368343,High,Stress_Induced
0 days 03:59:00,85.1,123.0,36.0,0.6169,1.57872840826274,High,Stress_Induced
0 days 04:00:00,85.21,123.0,37.0,0.61757,1.5791965551368343,High,Stress_Induced
0 days 04:01:00,85.1,123.0,36.0,0.6169,1.57872840826274,High,Stress_Induced
0 days 04:02:00,85.1,123.0,36.0,0.6169,1.57872840826274,High,Stress_Induced
0 days 04:03:00,85.1,109.0,37.0,0.56835,1.4910099655829525,Medium,Stress_Induced
0 days 04:04:00,85.1,109.0,37.0,0.56835,1.4910099655829525,Medium,Stress_Induced
0 days 04:05:00,85.1,109.0,36.0,0.5679000000000001,1.4910099655829525,Medium,Stress_Induced
0 days 04:06:00,85.1,109.0,37.0,0.56835,1.4910099655829525,Medium,Stress_Induced
0 days 04:07:00,85.1,109.0,37.0,0.56835,1.4910099655829525,Medium,Stress_Induced
0 days 04:08:00,85.1,109.0,36.0,0.5679000000000001,1.4910099655829525,Medium,Stress_Induced
0 days 04:09:00,85.1,115.0,36.0,0.5889,1.5279904385629468,Medium,Stress_Induced
0 days 04:10:00,84.99,115.0,38.0,0.58958,1.527537471549352,Medium,Stress_Induced
0 days 04:11:00,84.99,115.0,38.0,0.58958,1.527537471549352,Medium,Stress_Induced
0 days 04:12:00,84.99,115.0,38.0,0.58958,1.527537471549352,Medium,Stress_Induced
0 days 04:13:00,84.99,115.0,38.0,0.58958,1.527537471549352,Medium,Stress_Induced
0 days 04:14:00,84.99,115.0,37.0,0.5891299999999999,1.527537471549352,Medium,Stress_Induced
0 days 04:15:00,84.99,115.0,34.0,0.58778,1.527537471549352,Medium,Stress_Induced
0 days 04:16:00,84.99,108.0,33.0,0.5628299999999999,1.4844939559743258,Medium,Stress_Induced
0 days 04:17:00,84.99,108.0,33.0,0.5628299999999999,1.4844939559743258,Medium,Stress_Induced
0 days 04:18:00,84.99,108.0,34.0,0.56328,1.4844939559743258,Medium,Stress_Induced
0 days 04:19:00,84.99,108.0,37.0,0.56463,1.4844939559743258,Medium,Stress_Induced
0 days 04:20:00,84.99,108.0,37.0,0.56463,1.4844939559743258,Medium,Stress_Induced
0 days 04:21:00,84.99,108.0,37.0,0.56463,1.4844939559743258,Medium,Stress_Induced
0 days 04:22:00,84.88,108.0,37.0,0.5644100000000001,1.4840538833292574,Medium,Stress_Induced
0 days 04:23:00,84.88,109.0,37.0,0.56791,1.4901260880302847,Medium,Stress_Induced
0 days 04:24:00,84.88,109.0,37.0,0.56791,1.4901260880302847,Medium,Stress_Induced
0 days 04:25:00,84.88,109.0,37.0,0.56791,1.4901260880302847,Medium,Stress_Induced
0 days 04:26:00,84.88,109.0,37.0,0.56791,1.4901260880302847,Medium,Stress_Induced
0 days 04:27:00,84.88,109.0,37.0,0.56791,1.4901260880302847,Medium,Stress_Induced
0 days 04:28:00,84.88,109.0,37.0,0.56791,1.4901260880302847,Medium,Stress_Induced
0 days 04:29:00,84.88,109.0,37.0,0.56791,1.4901260880302847,Medium,Stress_Induced
0 days 04:30:00,84.88,105.0,38.0,0.55436,1.4659853302736634,Medium,Stress_Induced
0 days 04:31:00,84.99,105.0,37.0,0.55413,1.4664200449758529,Medium,Stress_Induced
0 days 04:32:00,84.88,105.0,36.0,0.5534600000000001,1.4659853302736634,Medium,Stress_Induced
0 days 04:33:00,84.88,105.0,34.0,0.5525599999999999,1.4659853302736634,Medium,Stress_Induced
0 days 04:34:00,84.88,105.0,33.0,0.55211,1.4659853302736634,Medium,Stress_Induced
0 days 04:35:00,84.88,105.0,33.0,0.55211,1.4659853302736634,Medium,Stress_Induced
0 days 04:36:00,84.88,105.0,34.0,0.5525599999999999,1.4659853302736634,Medium,Stress_Induced
0 days 04:37:00,84.88,103.0,34.0,0.54556,1.454062009260908,Medium,Stress_Induced
0 days 04:38:00,84.88,103.0,34.0,0.54556,1.454062009260908,Medium,Stress_Induced
0 days 04:39:00,84.76,103.0,34.0,0.54532,1.45359177791528,Low,Stress_Induced
0 days 04:40:00,84.76,103.0,34.0,0.54532,1.45359177791528,Low,Stress_Induced
0 days 04:41:00,84.88,103.0,34.0,0.54556,1.454062009260908,Medium,Stress_Induced
0 days 04:42:00,84.88,103.0,34.0,0.54556,1.454062009260908,Medium,Stress_Induced
0 days 04:43:00,84.76,103.0,34.0,0.54532,1.45359177791528,Low,Stress_Induced
0 days 04:44:00,84.76,108.0,34.0,0.56282,1.4835739528654273,Medium,Stress_Induced
0 days 04:45:00,84.76,108.0,35.0,0.5632699999999999,1.4835739528654273,Medium,Stress_Induced
0 days 04:46:00,84.76,108.0,34.0,0.56282,1.4835739528654273,Medium,Stress_Induced
0 days 04:47:00,84.76,108.0,32.0,0.56192,1.4835739528654273,Medium,Stress_Induced
0 days 04:48:00,84.76,108.0,30.0,0.5610200000000001,1.4835739528654273,Medium,Stress_Induced
0 days 04:49:00,84.76,108.0,31.0,0.56147,1.4835739528654273,Medium,Stress_Induced
0 days 04:50:00,84.76,108.0,32.0,0.56192,1.4835739528654273,Medium,Stress_Induced
0 days 04:51:00,84.76,111.0,32.0,0.57242,1.5018592891001648,Medium,Stress_Induced
0 days 04:52:00,84.76,111.0,31.0,0.5719700000000001,1.5018592891001648,Medium,Stress_Induced
0 days 04:53:00,84.76,111.0,29.0,0.57107,1.5018592891001648,Medium,Stress_Induced
0 days 04:54:00,84.76,111.0,28.0,0.57062,1.5018592891001648,Medium,Stress_Induced
0 days 04:55:00,84.76,111.0,29.0,0.57107,1.5018592891001648,Medium,Stress_Induced
0 days 04:56:00,84.76,111.0,29.0,0.57107,1.5018592891001648,Medium,Stress_Induced
0 days 04:57:00,84.65,108.0,28.0,0.5599000000000001,1.4831341529518176,Medium,Stress_Induced
0 days 04:58:00,84.76,108.0,29.0,0.56057,1.4835739528654273,Medium,Stress_Induced
0 days 04:59:00,84.76,108.0,30.0,0.5610200000000001,1.4835739528654273,Medium,Stress_Induced
0 days 05:00:00,84.65,108.0,29.0,0.56035,1.4831341529518176,Medium,Stress_Induced
0 days 05:01:00,84.65,108.0,29.0,0.56035,1.4831341529518176,Medium,Stress_Induced
0 days 05:02:00,84.65,108.0,29.0,0.56035,1.4831341529518176,Medium,Stress_Induced
0 days 05:03:00,84.65,108.0,29.0,0.56035,1.4831341529518176,Medium,Stress_Induced
0 days 05:04:00,84.65,115.0,29.0,0.58485,1.526138240476401,Medium,Stress_Induced
0 days 05:05:00,84.65,115.0,27.0,0.58395,1.526138240476401,Medium,Stress_Induced
0 days 05:06:00,84.65,115.0,26.0,0.5834999999999999,1.526138240476401,Medium,Stress_Induced
0 days 05:07:00,84.65,115.0,25.0,0.58305,1.526138240476401,Medium,Stress_Induced
0 days 05:08:00,84.65,115.0,25.0,0.58305,1.526138240476401,Medium,Stress_Induced
0 days 05:09:00,84.65,115.0,25.0,0.58305,1.526138240476401,Medium,Stress_Induced
0 days 05:10:00,84.65,115.0,25.0,0.58305,1.526138240476401,Medium,Stress_Induced
0 days 05:11:00,84.65,115.0,25.0,0.58305,1.526138240476401,Medium,Stress_Induced
0 days 05:12:00,84.65,93.0,25.0,0.50605,1.3950192792775404,Low,Stress_Induced
0 days 05:13:00,84.54,93.0,25.0,0.50583,1.3946057310635636,Low,Stress_Induced
0 days 05:14:00,84.54,93.0,25.0,0.50583,1.3946057310635636,Low,Stress_Induced
0 days 05:15:00,84.54,93.0,25.0,0.50583,1.3946057310635636,Low,Stress_Induced
0 days 05:16:00,84.54,93.0,23.0,0.5049300000000001,1.3946057310635636,Low,Stress_Induced
0 days 05:17:00,84.54,93.0,22.0,0.50448,1.3946057310635636,Low,Stress_Induced
0 days 05:18:00,84.65,118.0,21.0,0.59175,1.5449481897977024,Medium,Stress_Induced
0 days 05:19:00,84.54,118.0,21.0,0.59153,1.544490195722589,Medium,Stress_Induced
0 days 05:20:00,84.54,118.0,22.0,0.59198,1.544490195722589,Medium,Stress_Induced
0 days 05:21:00,84.54,118.0,23.0,0.59243,1.544490195722589,Medium,Stress_Induced
0 days 05:22:00,84.54,118.0,23.0,0.59243,1.544490195722589,Medium,Stress_Induced
0 days 05:23:00,84.54,118.0,23.0,0.59243,1.544490195722589,Medium,Stress_Induced
0 days 05:24:00,84.54,118.0,23.0,0.59243,1.544490195722589,Medium,Stress_Induced
0 days 05:25:00,84.54,108.0,24.0,0.5578799999999999,1.4826944834152365,Medium,Stress_Induced
0 days 05:26:00,84.54,108.0,23.0,0.5574300000000001,1.4826944834152365,Medium,Stress_Induced
0 days 05:27:00,84.54,108.0,23.0,0.5574300000000001,1.4826944834152365,Medium,Stress_Induced
0 days 05:28:00,84.54,108.0,24.0,0.5578799999999999,1.4826944834152365,Medium,Stress_Induced
0 days 05:29:00,84.43,108.0,23.0,0.55721,1.4822549442170345,Medium,Stress_Induced
0 days 05:30:00,84.54,108.0,23.0,0.5574300000000001,1.4826944834152365,Medium,Stress_Induced
0 days 05:31:00,84.43,112.0,25.0,0.57211,1.5066636178940203,Medium,Stress_Induced
0 days 05:32:00,84.43,112.0,26.0,0.57256,1.5066636178940203,Medium,Stress_Induced
0 days 05:33:00,84.43,112.0,25.0,0.57211,1.5066636178940203,Medium,Stress_Induced
0 days 05:34:00,84.43,112.0,25.0,0.57211,1.5066636178940203,Medium,Stress_Induced
0 days 05:35:00,84.43,112.0,25.0,0.57211,1.5066636178940203,Medium,Stress_Induced
0 days 05:36:00,84.43,112.0,25.0,0.57211,1.5066636178940203,Medium,Stress_Induced
0 days 05:37:00,84.43,112.0,25.0,0.57211,1.5066636178940203,Medium,Stress_Induced
0 days 05:38:00,84.43,113.0,25.0,0.57561,1.5128283333441888,Medium,Stress_Induced
0 days 05:39:00,84.43,113.0,26.0,0.57606,1.5128283333441888,Medium,Stress_Induced
0 days 05:40:00,84.43,113.0,27.0,0.57651,1.5128283333441888,Medium,Stress_Induced
0 days 05:41:00,84.43,113.0,27.0,0.57651,1.5128283333441888,Medium,Stress_Induced
0 days 05:42:00,84.31,113.0,27.0,0.57627,1.5123390974667903,Medium,Stress_Induced
0 days 05:43:00,84.43,113.0,26.0,0.57606,1.5128283333441888,Medium,Stress_Induced
0 days 05:44:00,84.43,113.0,26.0,0.57606,1.5128283333441888,Medium,Stress_Induced
0 days 05:45:00,84.31,104.0,26.0,0.54432,1.4577701197445219,Medium,Stress_Induced
0 days 05:46:00,84.31,104.0,26.0,0.54432,1.4577701197445219,Medium,Stress_Induced
0 days 05:47:00,84.31,104.0,25.0,0.54387,1.4577701197445219,Medium,Stress_Induced
0 days 05:48:00,84.31,104.0,25.0,0.54387,1.4577701197445219,Medium,Stress_Induced
0 days 05:49:00,84.31,104.0,26.0,0.54432,1.4577701197445219,Medium,Stress_Induced
0 days 05:50:00,84.31,104.0,27.0,0.54477,1.4577701197445219,Medium,Stress_Induced
0 days 05:51:00,84.31,104.0,27.0,0.54477,1.4577701197445219,Medium,Stress_Induced
0 days 05:52:00,84.31,98.0,27.0,0.52377,1.422489121144193,Low,Stress_Induced
0 days 05:53:00,84.31,98.0,27.0,0.52377,1.422489121144193,Low,Stress_Induced
0 days 05:54:00,84.31,98.0,27.0,0.52377,1.422489121144193,Low,Stress_Induced
0 days 05:55:00,84.31,98.0,28.0,0.52422,1.422489121144193,Low,Stress_Induced
0 days 05:56:00,84.31,98.0,28.0,0.52422,1.422489121144193,Low,Stress_Induced
0 days 05:57:00,84.31,98.0,27.0,0.52377,1.422489121144193,Low,Stress_Induced
0 days 05:58:00,84.31,98.0,27.0,0.52377,1.422489121144193,Low,Stress_Induced
0 days 05:59:00,84.31,98.0,26.0,0.52332,1.422489121144193,Low,Stress_Induced
0 days 06:00:00,84.31,98.0,27.0,0.52377,1.422489121144193,Low,Stress_Induced
0 days 06:01:00,84.31,98.0,28.0,0.52422,1.422489121144193,Low,Stress_Induced
0 days 06:02:00,84.31,98.0,28.0,0.52422,1.422489121144193,Low,Stress_Induced
0 days 06:03:00,84.31,98.0,26.0,0.52332,1.422489121144193,Low,Stress_Induced
0 days 06:04:00,84.31,98.0,25.0,0.52287,1.422489121144193,Low,Stress_Induced
0 days 06:05:00,84.31,98.0,26.0,0.52332,1.422489121144193,Low,Stress_Induced
0 days 06:06:00,84.31,108.0,26.0,0.55832,1.481775595514886,Medium,Stress_Induced
0 days 06:07:00,84.2,108.0,26.0,0.5581,1.481336328717543,Medium,Stress_Induced
0 days 06:08:00,84.31,108.0,25.0,0.55787,1.481775595514886,Medium,Stress_Induced
