Timestamp,Object Temperature(F),Heart Rate Ear(BPM),GSR,Feature_Mean,Weighted_Stress,QuantityIndex_Stress,StressIndex_Level,Predicted_Stress,Condition
00:00,1.0,0.08823529411764719,0.986842105263158,0.6916924664602684,0.6749613003095976,1.9155408290138962,Medium,0.6749613003095976,Base
00:30,1.0,0.08823529411764719,0.986842105263158,0.6916924664602684,0.6749613003095976,1.9155408290138962,Medium,0.6749613003095976,Base
01:00,1.0,0.08823529411764719,0.986842105263158,0.6916924664602684,0.6749613003095976,1.9155408290138962,Medium,0.6749613003095976,Base
01:30,1.0,0.08823529411764719,1.0000000000000004,0.6960784313725492,0.6808823529411767,1.9155408290138962,Medium,0.6808823529411767,Base
02:00,1.0,0.08823529411764719,1.0000000000000004,0.6960784313725492,0.6808823529411767,1.9155408290138962,Medium,0.6808823529411767,Base
02:30,1.0,0.08823529411764719,1.0000000000000004,0.6960784313725492,0.6808823529411767,1.9155408290138962,Medium,0.6808823529411767,Base
03:00,1.0,0.08823529411764719,1.0000000000000004,0.6960784313725492,0.6808823529411767,1.9155408290138962,Medium,0.6808823529411767,Base
03:30,1.0,0.08823529411764719,1.0000000000000004,0.6960784313725492,0.6808823529411767,1.9155408290138962,Medium,0.6808823529411767,Base
04:00,1.0,0.08823529411764719,0.9736842105263155,0.6873065015479876,0.6690402476780185,1.9155408290138962,Medium,0.6690402476780184,Base
04:30,1.0,0.47058823529411775,0.9473684210526314,0.8059855521155831,0.7910216718266254,2.4188773014855074,High,0.7910216718266252,Base
05:00,1.0,0.47058823529411775,0.9210526315789473,0.7972136222910217,0.7791795665634675,2.4188773014855074,High,0.7791795665634673,Base
05:30,1.0,0.47058823529411775,0.8684210526315792,0.779669762641899,0.7554953560371518,2.4188773014855074,High,0.7554953560371518,Base
06:00,1.0,0.47058823529411775,0.8289473684210527,0.7665118679050568,0.737732198142415,2.4188773014855074,High,0.7377321981424148,Base
06:30,1.0,0.47058823529411775,0.8157894736842102,0.7621259029927759,0.7318111455108358,2.4188773014855074,High,0.7318111455108356,Base
07:00,1.0,0.47058823529411775,0.8026315789473686,0.7577399380804954,0.7258900928792571,2.4188773014855074,High,0.7258900928792569,Base
07:30,1.0,0.47058823529411775,0.7894736842105261,0.7533539731682146,0.7199690402476779,2.4188773014855074,High,0.7199690402476777,Base
08:00,1.0,0.7058823529411762,0.7763157894736845,0.8273993808049536,0.7964009287925697,2.718281828459045,High,0.7964009287925695,Base
08:30,0.9573643410852704,0.7058823529411762,0.763157894736842,0.8088015295877629,0.7819527443780446,2.718281828459045,High,0.7819527443780445,Base
09:00,1.0,0.7058823529411762,0.763157894736842,0.8230134158926727,0.7904798761609906,2.718281828459045,High,0.7904798761609904,Base
09:30,0.9573643410852704,0.7058823529411762,0.763157894736842,0.8088015295877629,0.7819527443780446,2.718281828459045,High,0.7819527443780445,Base
10:00,1.0,0.7058823529411762,0.736842105263158,0.8142414860681114,0.7786377708978327,2.718281828459045,High,0.7786377708978325,Base
10:30,0.9573643410852704,0.7058823529411762,0.6973684210526314,0.7868717050263593,0.7523474812201499,2.718281828459045,High,0.7523474812201498,Base
11:00,0.9573643410852704,0.7058823529411762,0.6842105263157898,0.7824857401140788,0.7464264285885712,2.718281828459045,High,0.7464264285885711,Base
11:30,0.9573643410852704,1.0,0.6578947368421049,0.8717530259757917,0.8375254997960013,2.718281828459045,High,0.8375254997960011,Base
12:00,0.9573643410852704,1.0,0.6447368421052633,0.8673670610635112,0.8316044471644226,2.718281828459045,High,0.8316044471644224,Base
12:30,0.9573643410852704,1.0,0.6315789473684208,0.8629810961512304,0.8256833945328435,2.718281828459045,High,0.8256833945328432,Base
13:00,0.9573643410852704,1.0,0.6184210526315792,0.8585951312389498,0.8197623419012647,2.718281828459045,High,0.8197623419012645,Base
13:30,0.9573643410852704,1.0,0.6052631578947367,0.854209166326669,0.8138412892696856,2.718281828459045,High,0.8138412892696854,Base
14:00,0.9573643410852704,1.0,0.5789473684210527,0.8454372365021077,0.8019991840065278,2.718281828459045,High,0.8019991840065275,Base
14:30,0.9573643410852704,1.0,0.5526315789473686,0.8366653066775463,0.7901570787433699,2.718281828459045,High,0.7901570787433698,Base
15:00,0.9573643410852704,1.0,0.5394736842105261,0.8322793417652655,0.7842360261117909,2.718281828459045,High,0.7842360261117907,Base
15:30,0.9573643410852704,1.0,0.5394736842105261,0.8322793417652655,0.7842360261117909,2.718281828459045,High,0.7842360261117907,Base
16:00,0.9147286821705443,1.0,0.5526315789473686,0.8224534203726376,0.7816299469604246,2.718281828459045,High,0.7816299469604244,Base
16:30,0.9147286821705443,1.0,0.5526315789473686,0.8224534203726376,0.7816299469604246,2.718281828459045,High,0.7816299469604244,Base
17:00,0.9147286821705443,1.0,0.5394736842105261,0.8180674554603568,0.7757088943288456,2.718281828459045,High,0.7757088943288455,Base
17:30,0.9147286821705443,1.0,0.5394736842105261,0.8180674554603568,0.7757088943288456,2.718281828459045,High,0.7757088943288455,Base
18:00,0.9147286821705443,1.0,0.5263157894736845,0.8136814905480763,0.7697878416972669,2.718281828459045,High,0.7697878416972668,Base
18:30,0.9147286821705443,1.0,0.513157894736842,0.8092955256357954,0.7638667890656877,2.718281828459045,High,0.7638667890656876,Base
19:00,0.9147286821705443,0.7647058823529411,0.5263157894736845,0.7352501179990566,0.6874349005207963,2.718281828459045,High,0.687434900520796,Base
19:30,0.9147286821705443,0.7647058823529411,0.5263157894736845,0.7352501179990566,0.6874349005207963,2.718281828459045,High,0.687434900520796,Base
20:00,0.9147286821705443,0.7647058823529411,0.5263157894736845,0.7352501179990566,0.6874349005207963,2.718281828459045,High,0.687434900520796,Base
20:30,0.9147286821705443,0.7647058823529411,0.513157894736842,0.7308641530867758,0.6815138478892171,2.718281828459045,High,0.6815138478892169,Base
21:00,0.9147286821705443,0.7647058823529411,0.513157894736842,0.7308641530867758,0.6815138478892171,2.718281828459045,High,0.6815138478892169,Base
21:30,0.9147286821705443,0.7647058823529411,0.513157894736842,0.7308641530867758,0.6815138478892171,2.718281828459045,High,0.6815138478892169,Base
22:00,0.9147286821705443,0.7647058823529411,0.513157894736842,0.7308641530867758,0.6815138478892171,2.718281828459045,High,0.6815138478892169,Base
22:30,0.9147286821705443,0.7647058823529411,0.513157894736842,0.7308641530867758,0.6815138478892171,2.718281828459045,High,0.6815138478892169,Base
23:00,0.9147286821705443,0.5588235294117645,0.513157894736842,0.6622367021063836,0.6094550243598054,2.611331945670766,High,0.6094550243598051,Base
23:30,0.9147286821705443,0.5588235294117645,0.513157894736842,0.6622367021063836,0.6094550243598054,2.611331945670766,High,0.6094550243598051,Base
24:00,0.9147286821705443,0.5588235294117645,0.5000000000000004,0.657850737194103,0.6035339717282266,2.611331945670766,High,0.6035339717282264,Base
24:30,0.9147286821705443,0.5588235294117645,0.4736842105263155,0.6490788073695414,0.5916918664650683,2.611331945670766,High,0.5916918664650683,Base
25:00,0.8720930232558146,0.5588235294117645,0.4605263157894739,0.630480956152351,0.5772436820505438,2.611331945670766,High,0.5772436820505435,Base
25:30,0.8720930232558146,0.5588235294117645,0.4605263157894739,0.630480956152351,0.5772436820505438,2.611331945670766,High,0.5772436820505435,Base
26:00,0.8720930232558146,0.5588235294117645,0.4605263157894739,0.630480956152351,0.5772436820505438,2.611331945670766,High,0.5772436820505435,Base
26:30,0.8720930232558146,0.5588235294117645,0.4605263157894739,0.630480956152351,0.5772436820505438,2.611331945670766,High,0.5772436820505435,Base
27:00,0.8720930232558146,0.5588235294117645,0.4605263157894739,0.630480956152351,0.5772436820505438,2.611331945670766,High,0.5772436820505435,Base
27:30,0.8720930232558146,0.5588235294117645,0.4605263157894739,0.630480956152351,0.5772436820505438,2.611331945670766,High,0.5772436820505435,Base
28:00,0.8720930232558146,0.5588235294117645,0.4605263157894739,0.630480956152351,0.5772436820505438,2.611331945670766,High,0.5772436820505435,Base
28:30,0.8720930232558146,0.5588235294117645,0.4605263157894739,0.630480956152351,0.5772436820505438,2.611331945670766,High,0.5772436820505435,Base
29:00,0.8720930232558146,0.5588235294117645,0.4736842105263155,0.6348669210646315,0.5831647346821225,2.611331945670766,High,0.5831647346821223,Base
29:30,0.8720930232558146,0.5588235294117645,0.4605263157894739,0.630480956152351,0.5772436820505438,2.611331945670766,High,0.5772436820505435,Base
30:00,0.8720930232558146,0.5588235294117645,0.4473684210526314,0.6260949912400702,0.5713226294189646,2.611331945670766,High,0.5713226294189644,Base
30:30,0.8720930232558146,0.5588235294117645,0.4473684210526314,0.6260949912400702,0.5713226294189646,2.611331945670766,High,0.5713226294189644,Base
31:00,0.8720930232558146,0.5294117647058822,0.4473684210526314,0.6162910696714428,0.5610285117719058,2.5455365322481502,High,0.5610285117719058,Base
31:30,0.8720930232558146,0.5294117647058822,0.4473684210526314,0.6162910696714428,0.5610285117719058,2.5455365322481502,High,0.5610285117719058,Base
32:00,0.8720930232558146,0.5294117647058822,0.4342105263157898,0.6119051047591623,0.5551074591403271,2.5455365322481502,High,0.5551074591403271,Base
32:30,0.8720930232558146,0.5294117647058822,0.42105263157894735,0.6075191398468814,0.549186406508748,2.5165711430632367,High,0.549186406508748,Base
33:00,0.8720930232558146,0.5294117647058822,0.40789473684210487,0.6031331749346006,0.5432653538771689,2.4649245450254664,High,0.5432653538771688,Base
33:30,0.8720930232558146,0.5294117647058822,0.40789473684210487,0.6031331749346006,0.5432653538771689,2.4649245450254664,High,0.5432653538771688,Base
34:00,0.8720930232558146,0.5294117647058822,0.3815789473684208,0.5943612451100392,0.5314232486140111,2.3647893649204383,High,0.5314232486140109,Base
34:30,0.8720930232558146,0.5294117647058822,0.3552631578947367,0.5855893152854779,0.5195811433508533,2.2687220798407983,High,0.519581143350853,Base
35:00,0.8720930232558146,0.5294117647058822,0.3421052631578947,0.5812033503731971,0.5136600907192743,2.222161990474788,High,0.5136600907192741,Base
35:30,0.8720930232558146,0.4117647058823528,0.3157894736842106,0.533215734274126,0.4606415148678812,1.9250125221184529,Medium,0.46064151486788113,Base
36:00,0.8720930232558146,0.4117647058823528,0.27631578947368407,0.5200578395372838,0.4428783569731442,1.8089093774250586,Medium,0.4428783569731442,Base
36:30,0.8720930232558146,0.4117647058823528,0.27631578947368407,0.5200578395372838,0.4428783569731442,1.8089093774250586,Medium,0.4428783569731442,Base
37:00,0.8720930232558146,0.4117647058823528,0.27631578947368407,0.5200578395372838,0.4428783569731442,1.8089093774250586,Medium,0.4428783569731442,Base
37:30,0.8255813953488378,0.4117647058823528,0.25,0.4957820337437302,0.421733926128591,1.7354241802137738,Medium,0.421733926128591,Base
38:00,0.8255813953488378,0.4117647058823528,0.23684210526315796,0.49139606883144954,0.4158128734970121,1.6998087535219513,Medium,0.41581287349701207,Base
38:30,0.8720930232558146,0.4117647058823528,0.22368421052631593,0.5025139798881612,0.41919414644682856,1.6649242481996145,Medium,0.4191941464468285,Base
39:00,0.8255813953488378,0.4117647058823528,0.23684210526315796,0.49139606883144954,0.4158128734970121,1.6998087535219513,Medium,0.41581287349701207,Base
39:30,0.8255813953488378,0.5882352941176472,0.23684210526315796,0.5502195982432143,0.4775775793793652,1.9810550614867835,Medium,0.47757757937936507,Base
40:00,0.8255813953488378,0.5882352941176472,0.23684210526315796,0.5502195982432143,0.4775775793793652,1.9810550614867835,Medium,0.47757757937936507,Base
40:30,0.8255813953488378,0.5882352941176472,0.25,0.554605563155495,0.48349863201094406,2.0225633318546445,Medium,0.48349863201094395,Base
41:00,0.8255813953488378,0.5882352941176472,0.25,0.554605563155495,0.48349863201094406,2.0225633318546445,Medium,0.48349863201094395,Base
41:30,0.8255813953488378,0.5882352941176472,0.25,0.554605563155495,0.48349863201094406,2.0225633318546445,Medium,0.48349863201094395,Base
42:00,0.8255813953488378,0.5882352941176472,0.23684210526315796,0.5502195982432143,0.4775775793793652,1.9810550614867835,Medium,0.47757757937936507,Base
42:30,0.8255813953488378,0.5882352941176472,0.22368421052631593,0.5458336333309336,0.47165652674778624,1.9403986489973857,Medium,0.47165652674778613,Base
43:00,0.8255813953488378,0.5882352941176472,0.23684210526315796,0.5502195982432143,0.4775775793793652,1.9810550614867835,Medium,0.47757757937936507,Base
43:30,0.8255813953488378,0.38235294117647056,0.23684210526315796,0.4815921472628221,0.40551875584995334,1.6569801809757558,Medium,0.4055187558499533,Base
44:00,0.8255813953488378,0.38235294117647056,0.23684210526315796,0.4815921472628221,0.40551875584995334,1.6569801809757558,Medium,0.4055187558499533,Base
44:30,0.8255813953488378,0.38235294117647056,0.23684210526315796,0.4815921472628221,0.40551875584995334,1.6569801809757558,Medium,0.4055187558499533,Base
45:00,0.8255813953488378,0.38235294117647056,0.23684210526315796,0.4815921472628221,0.40551875584995334,1.6569801809757558,Medium,0.4055187558499533,Base
45:30,0.8255813953488378,0.38235294117647056,0.22368421052631593,0.4772061823505414,0.3995977032183744,1.6229746295732883,Medium,0.39959770321837434,Base
46:00,0.8255813953488378,0.38235294117647056,0.22368421052631593,0.4772061823505414,0.3995977032183744,1.6229746295732883,Medium,0.39959770321837434,Base
46:30,0.8255813953488378,0.38235294117647056,0.23684210526315796,0.4815921472628221,0.40551875584995334,1.6569801809757558,Medium,0.4055187558499533,Base
47:00,0.8255813953488378,0.38235294117647056,0.25,0.4859781121751028,0.4114398084815322,1.6916982373706706,Medium,0.4114398084815322,Base
47:30,0.8255813953488378,0.38235294117647056,0.25,0.4859781121751028,0.4114398084815322,1.6916982373706706,Medium,0.4114398084815322,Base
48:00,0.7829457364341081,0.23529411764705888,0.25,0.42274661802705565,0.3514420884632923,1.4890495826941508,Medium,0.3514420884632922,Base
48:30,0.7829457364341081,0.23529411764705888,0.25,0.42274661802705565,0.3514420884632923,1.4890495826941508,Medium,0.3514420884632922,Base
49:00,0.8255813953488378,0.23529411764705888,0.23684210526315796,0.4325725394196849,0.35404816761465924,1.4584904047954081,Medium,0.35404816761465924,Base
49:30,0.7829457364341081,0.23529411764705888,0.2105263157894739,0.4095887232902136,0.33367893056855547,1.3992406400671598,Medium,0.3336789305685555,Base
50:00,0.8255813953488378,0.23529411764705888,0.17105263157894735,0.41064271485828135,0.3244429044567645,1.3148483378727749,Medium,0.32444290445676444,Base
50:30,0.7829457364341081,0.23529411764705888,0.1578947368421053,0.39204486364109076,0.3099947200422396,1.2878642234860527,Medium,0.30999472004223966,Base
51:00,0.7829457364341081,0.23529411764705888,0.1578947368421053,0.39204486364109076,0.3099947200422396,1.2878642234860527,Medium,0.30999472004223966,Base
51:30,0.7829457364341081,0.23529411764705888,0.13157894736842124,0.38327293381652944,0.29815261477908184,1.2575328598679418,Medium,0.2981526147790818,Base
52:00,0.7829457364341081,0.23529411764705888,0.1184210526315792,0.3788869689042487,0.2922315621475029,1.2575328598679418,Medium,0.29223156214750284,Base
52:30,0.7829457364341081,0.3529411764705883,0.1184210526315792,0.41810265517875855,0.33340803273573816,1.392676772130552,Medium,0.3334080327357381,Base
53:00,0.7829457364341081,0.3529411764705883,0.1184210526315792,0.41810265517875855,0.33340803273573816,1.392676772130552,Medium,0.3334080327357381,Base
53:30,0.7829457364341081,0.3529411764705883,0.14473684210526327,0.42687458500331993,0.34525013799889603,1.3969970400348022,Medium,0.345250137998896,Base
54:00,0.7829457364341081,0.3529411764705883,0.1578947368421053,0.4312605499156006,0.35117119063047497,1.4262677715597236,Medium,0.3511711906304749,Base
54:30,0.7829457364341081,0.3529411764705883,0.1578947368421053,0.4312605499156006,0.35117119063047497,1.4262677715597236,Medium,0.3511711906304749,Base
55:00,0.7829457364341081,0.3529411764705883,0.17105263157894735,0.43564651482788125,0.3570922432620538,1.456151801251678,Medium,0.3570922432620538,Base
55:30,0.7829457364341081,0.3529411764705883,0.17105263157894735,0.43564651482788125,0.3570922432620538,1.456151801251678,Medium,0.3570922432620538,Base
56:00,0.7829457364341081,0.3529411764705883,0.18421052631578938,0.44003247974016196,0.36301329589363274,1.4866619793068205,Medium,0.3630132958936327,Base
56:30,0.7829457364341081,0.3529411764705883,0.18421052631578938,0.44003247974016196,0.36301329589363274,1.4866619793068205,Medium,0.3630132958936327,Base
57:00,0.7829457364341081,0.4117647058823528,0.18421052631578938,0.4596403228774168,0.3836015311877503,1.564507789256515,Medium,0.38360153118775026,Base
57:30,0.7829457364341081,0.4117647058823528,0.18421052631578938,0.4596403228774168,0.3836015311877503,1.564507789256515,Medium,0.38360153118775026,Base
58:00,0.7829457364341081,0.4117647058823528,0.18421052631578938,0.4596403228774168,0.3836015311877503,1.564507789256515,Medium,0.38360153118775026,Base
58:30,0.7829457364341081,0.4117647058823528,0.17105263157894735,0.4552543579651361,0.3776804785561714,1.532400012315095,Medium,0.3776804785561713,Base
59:00,0.7829457364341081,0.4117647058823528,0.1578947368421053,0.4508683930528554,0.3717594259245925,1.5009511706293504,Medium,0.3717594259245925,Base
59:30,0.7829457364341081,0.4117647058823528,0.14473684210526327,0.44648242814057476,0.3658383732930136,1.47014774113065,Medium,0.36583837329301355,Base
60:00,0.7829457364341081,0.4117647058823528,0.14473684210526327,0.44648242814057476,0.3658383732930136,1.47014774113065,Medium,0.36583837329301355,Base
60:30,0.7829457364341081,0.4117647058823528,0.14473684210526327,0.44648242814057476,0.3658383732930136,1.47014774113065,Medium,0.36583837329301355,Base
61:00,0.7403100775193785,0.38235294117647056,0.14473684210526327,0.42246662026703746,0.34701712386300887,1.433105733284662,Medium,0.3470171238630088,Base
61:30,0.7829457364341081,0.38235294117647056,0.14473684210526327,0.43667850657194734,0.3555442556459548,1.433105733284662,Medium,0.35554425564595477,Base
62:00,0.7403100775193785,0.38235294117647056,0.14473684210526327,0.42246662026703746,0.34701712386300887,1.433105733284662,Medium,0.3470171238630088,Base
62:30,0.7403100775193785,0.38235294117647056,0.13157894736842124,0.41808065535475675,0.34109607123142993,1.4286737978363577,Medium,0.3410960712314299,Base
63:00,0.7403100775193785,0.38235294117647056,0.14473684210526327,0.42246662026703746,0.34701712386300887,1.433105733284662,Medium,0.3470171238630088,Base
63:30,0.7403100775193785,0.38235294117647056,0.14473684210526327,0.42246662026703746,0.34701712386300887,1.433105733284662,Medium,0.3470171238630088,Base
64:00,0.7403100775193785,0.38235294117647056,0.1578947368421053,0.4268525851793181,0.3529381764945878,1.46313303610898,Medium,0.35293817649458775,Base
64:30,0.7403100775193785,0.38235294117647056,0.17105263157894735,0.4312385500915988,0.3588592291261667,1.4937894892422825,Medium,0.35885922912616663,Base
65:00,0.7403100775193785,0.38235294117647056,0.1578947368421053,0.4268525851793181,0.3529381764945878,1.46313303610898,Medium,0.35293817649458775,Base
65:30,0.7403100775193785,0.3235294117647056,0.14473684210526327,0.40285877712978246,0.32642888856889113,1.361798145481528,Medium,0.32642888856889113,Base
66:00,0.7403100775193785,0.3235294117647056,0.13157894736842124,0.3984728122175018,0.32050783593731225,1.3575867315333319,Medium,0.3205078359373122,Base
66:30,0.7403100775193785,0.3235294117647056,0.1184210526315792,0.3940868473052211,0.3145867833057333,1.3575867315333319,Medium,0.3145867833057333,Base
67:00,0.7403100775193785,0.3235294117647056,0.10526315789473673,0.38970088239294026,0.3086657306741542,1.3575867315333319,Medium,0.3086657306741542,Base
67:30,0.7403100775193785,0.3235294117647056,0.09210526315789469,0.3853149174806596,0.3027446780425753,1.3575867315333319,Medium,0.30274467804257527,Base
68:00,0.7403100775193785,0.3235294117647056,0.09210526315789469,0.3853149174806596,0.3027446780425753,1.3575867315333319,Medium,0.30274467804257527,Base
68:30,0.7403100775193785,0.3235294117647056,0.09210526315789469,0.3853149174806596,0.3027446780425753,1.3575867315333319,Medium,0.30274467804257527,Base
69:00,0.7403100775193785,0.8235294117647056,0.10526315789473673,0.556367549059607,0.48366573067415414,1.7332530178673953,Medium,0.483665730674154,Base
69:30,0.7403100775193785,0.8235294117647056,0.10526315789473673,0.556367549059607,0.48366573067415414,1.7332530178673953,Medium,0.483665730674154,Base
70:00,0.7403100775193785,0.8235294117647056,0.10526315789473673,0.556367549059607,0.48366573067415414,1.7332530178673953,Medium,0.483665730674154,Base
70:30,0.7403100775193785,0.8235294117647056,0.07894736842105265,0.5475956192350456,0.4718236254109963,1.7332530178673953,Medium,0.4718236254109962,Base
71:00,0.6937984496124017,0.8235294117647056,0.06578947368421062,0.5277057783537726,0.45660024719802206,1.7332530178673953,Medium,0.45660024719802195,Base
71:30,0.6937984496124017,0.8235294117647056,0.052631578947368585,0.5233198134414919,0.4506791945664431,1.7332530178673953,Medium,0.450679194566443,Base
72:00,0.7403100775193785,0.8235294117647056,0.06578947368421062,0.5432096543227649,0.46590257277941743,1.7332530178673953,Medium,0.4659025727794173,Base
72:30,0.6937984496124017,0.8235294117647056,0.06578947368421062,0.5277057783537726,0.45660024719802206,1.7332530178673953,Medium,0.45660024719802195,Base
73:00,0.6937984496124017,0.7941176470588234,0.07894736842105265,0.5222878216974259,0.45222718218254215,1.7332530178673953,Medium,0.45222718218254204,Base
73:30,0.6937984496124017,0.7941176470588234,0.07894736842105265,0.5222878216974259,0.45222718218254215,1.7332530178673953,Medium,0.45222718218254204,Base
74:00,0.6937984496124017,0.7941176470588234,0.09210526315789469,0.5266737866097065,0.4581482348141211,1.7332530178673953,Medium,0.458148234814121,Base
74:30,0.7403100775193785,0.7941176470588234,0.07894736842105265,0.5377916976664182,0.46152950776393753,1.7332530178673953,Medium,0.4615295077639374,Base
75:00,0.6937984496124017,0.7941176470588234,0.07894736842105265,0.5222878216974259,0.45222718218254215,1.7332530178673953,Medium,0.45222718218254204,Base
75:30,0.6937984496124017,0.7941176470588234,0.07894736842105265,0.5222878216974259,0.45222718218254215,1.7332530178673953,Medium,0.45222718218254204,Base
76:00,0.6937984496124017,0.7941176470588234,0.06578947368421062,0.5179018567851452,0.44630612955096327,1.7332530178673953,Medium,0.44630612955096316,Base
76:30,0.6937984496124017,0.7941176470588234,0.06578947368421062,0.5179018567851452,0.44630612955096327,1.7332530178673953,Medium,0.44630612955096316,Base
77:00,0.6937984496124017,0.47058823529411775,0.07894736842105265,0.414444684442524,0.3389918880648952,1.5423442627460668,Medium,0.33899188806489516,Base
77:30,0.6937984496124017,0.47058823529411775,0.07894736842105265,0.414444684442524,0.3389918880648952,1.5423442627460668,Medium,0.33899188806489516,Base
78:00,0.6937984496124017,0.47058823529411775,0.07894736842105265,0.414444684442524,0.3389918880648952,1.5423442627460668,Medium,0.33899188806489516,Base
78:30,0.6937984496124017,0.47058823529411775,0.07894736842105265,0.414444684442524,0.3389918880648952,1.5423442627460668,Medium,0.33899188806489516,Base
79:00,0.6937984496124017,0.47058823529411775,0.07894736842105265,0.414444684442524,0.3389918880648952,1.5423442627460668,Medium,0.33899188806489516,Base
79:30,0.6937984496124017,0.47058823529411775,0.07894736842105265,0.414444684442524,0.3389918880648952,1.5423442627460668,Medium,0.33899188806489516,Base
80:00,0.6937984496124017,0.47058823529411775,0.07894736842105265,0.414444684442524,0.3389918880648952,1.5423442627460668,Medium,0.33899188806489516,Base
80:30,0.6937984496124017,0.47058823529411775,0.09210526315789469,0.4188306493548047,0.34491294069647416,1.5423442627460668,Medium,0.3449129406964741,Base
81:00,0.6937984496124017,0.47058823529411775,0.09210526315789469,0.4188306493548047,0.34491294069647416,1.5423442627460668,Medium,0.3449129406964741,Base
81:30,0.6937984496124017,0.38235294117647056,0.10526315789473673,0.393804849561203,0.3199516403868765,1.4286737978363577,Medium,0.3199516403868765,Base
82:00,0.651162790697672,0.38235294117647056,0.1184210526315792,0.38397892816857393,0.3173455612355097,1.4286737978363577,Medium,0.31734556123550967,Base
82:30,0.651162790697672,0.38235294117647056,0.1184210526315792,0.38397892816857393,0.3173455612355097,1.4286737978363577,Medium,0.31734556123550967,Base
83:00,0.651162790697672,0.38235294117647056,0.1184210526315792,0.38397892816857393,0.3173455612355097,1.4286737978363577,Medium,0.31734556123550967,Base
83:30,0.651162790697672,0.38235294117647056,0.1184210526315792,0.38397892816857393,0.3173455612355097,1.4286737978363577,Medium,0.31734556123550967,Base
84:00,0.651162790697672,0.38235294117647056,0.13157894736842124,0.3883648930808546,0.32326661386708866,1.4286737978363577,Medium,0.3232666138670886,Base
84:30,0.651162790697672,0.38235294117647056,0.13157894736842124,0.3883648930808546,0.32326661386708866,1.4286737978363577,Medium,0.3232666138670886,Base
85:00,0.651162790697672,0.38235294117647056,0.13157894736842124,0.3883648930808546,0.32326661386708866,1.4286737978363577,Medium,0.3232666138670886,Base
85:30,0.651162790697672,0.3529411764705883,0.1184210526315792,0.3741750065999465,0.30705144358845093,1.392676772130552,Medium,0.3070514435884509,Base
86:00,0.651162790697672,0.3529411764705883,0.1184210526315792,0.3741750065999465,0.30705144358845093,1.392676772130552,Medium,0.3070514435884509,Base
86:30,0.651162790697672,0.3529411764705883,0.1184210526315792,0.3741750065999465,0.30705144358845093,1.392676772130552,Medium,0.3070514435884509,Base
87:00,0.651162790697672,0.3529411764705883,0.1184210526315792,0.3741750065999465,0.30705144358845093,1.392676772130552,Medium,0.3070514435884509,Base
87:30,0.651162790697672,0.3529411764705883,0.13157894736842124,0.3785609715122272,0.31297249622002987,1.392676772130552,Medium,0.3129724962200298,Base
88:00,0.651162790697672,0.3529411764705883,0.13157894736842124,0.3785609715122272,0.31297249622002987,1.392676772130552,Medium,0.3129724962200298,Base
88:30,0.651162790697672,0.3529411764705883,0.14473684210526327,0.3829469364245079,0.3188935488516088,1.3969970400348022,Medium,0.31889354885160875,Base
89:00,0.651162790697672,0.3529411764705883,0.1578947368421053,0.38733290133678855,0.32481460148318775,1.4262677715597236,Medium,0.3248146014831877,Base
89:30,0.651162790697672,0.3529411764705883,0.14473684210526327,0.3829469364245079,0.3188935488516088,1.3969970400348022,Medium,0.31889354885160875,Base
90:00,0.651162790697672,0.44117647058823506,0.14473684210526327,0.41235870113039014,0.34977590179278517,1.5081471872963617,Medium,0.3497759017927851,Base
90:30,0.651162790697672,0.44117647058823506,0.1578947368421053,0.4167446660426708,0.35569695442436405,1.5397468042993565,Medium,0.35569695442436405,Base
91:00,0.651162790697672,0.44117647058823506,0.1578947368421053,0.4167446660426708,0.35569695442436405,1.5397468042993565,Medium,0.35569695442436405,Base
91:30,0.651162790697672,0.44117647058823506,0.1578947368421053,0.4167446660426708,0.35569695442436405,1.5397468042993565,Medium,0.35569695442436405,Base
92:00,0.6085271317829424,0.44117647058823506,0.1578947368421053,0.4025327797377609,0.34716982264141816,1.5397468042993565,Medium,0.3471698226414181,Base
92:30,0.651162790697672,0.44117647058823506,0.1578947368421053,0.4167446660426708,0.35569695442436405,1.5397468042993565,Medium,0.35569695442436405,Base
93:00,0.651162790697672,0.44117647058823506,0.1578947368421053,0.4167446660426708,0.35569695442436405,1.5397468042993565,Medium,0.35569695442436405,Base
93:30,0.651162790697672,0.44117647058823506,0.1578947368421053,0.4167446660426708,0.35569695442436405,1.5397468042993565,Medium,0.35569695442436405,Base
94:00,0.6085271317829424,0.44117647058823506,0.1578947368421053,0.4025327797377609,0.34716982264141816,1.5397468042993565,Medium,0.3471698226414181,Base
94:30,0.6085271317829424,0.3529411764705883,0.17105263157894735,0.3775069799441593,0.3222085223318207,1.456151801251678,Medium,0.3222085223318207,Base
95:00,0.6085271317829424,0.3529411764705883,0.17105263157894735,0.3775069799441593,0.3222085223318207,1.456151801251678,Medium,0.3222085223318207,Base
95:30,0.6085271317829424,0.3529411764705883,0.18421052631578938,0.38189294485644004,0.3281295749633996,1.4866619793068205,Medium,0.32812957496339956,Base
96:00,0.6085271317829424,0.3529411764705883,0.17105263157894735,0.3775069799441593,0.3222085223318207,1.456151801251678,Medium,0.3222085223318207,Base
96:30,0.6085271317829424,0.3529411764705883,0.17105263157894735,0.3775069799441593,0.3222085223318207,1.456151801251678,Medium,0.3222085223318207,Base
97:00,0.6085271317829424,0.3529411764705883,0.17105263157894735,0.3775069799441593,0.3222085223318207,1.456151801251678,Medium,0.3222085223318207,Base
97:30,0.6085271317829424,0.3529411764705883,0.17105263157894735,0.3775069799441593,0.3222085223318207,1.456151801251678,Medium,0.3222085223318207,Base
98:00,0.6085271317829424,0.3529411764705883,0.17105263157894735,0.3775069799441593,0.3222085223318207,1.456151801251678,Medium,0.3222085223318207,Base
98:30,0.6085271317829424,0.44117647058823506,0.17105263157894735,0.4069187446500416,0.35309087527299704,1.5720085156941634,Medium,0.353090875272997,Base
99:00,0.6085271317829424,0.44117647058823506,0.17105263157894735,0.4069187446500416,0.35309087527299704,1.5720085156941634,Medium,0.353090875272997,Base
99:30,0.6085271317829424,0.44117647058823506,0.1578947368421053,0.4025327797377609,0.34716982264141816,1.5397468042993565,Medium,0.3471698226414181,Base
100:00,0.6085271317829424,0.44117647058823506,0.1578947368421053,0.4025327797377609,0.34716982264141816,1.5397468042993565,Medium,0.3471698226414181,Base
100:30,0.6085271317829424,0.44117647058823506,0.17105263157894735,0.4069187446500416,0.35309087527299704,1.5720085156941634,Medium,0.353090875272997,Base
101:00,0.6085271317829424,0.44117647058823506,0.17105263157894735,0.4069187446500416,0.35309087527299704,1.5720085156941634,Medium,0.353090875272997,Base
101:30,0.6085271317829424,0.44117647058823506,0.18421052631578938,0.4113047095623223,0.359011927904576,1.6049461940851124,Medium,0.3590119279045759,Base
102:00,0.6085271317829424,0.44117647058823506,0.18421052631578938,0.4113047095623223,0.359011927904576,1.6049461940851124,Medium,0.3590119279045759,Base
102:30,0.6085271317829424,0.44117647058823506,0.18421052631578938,0.4113047095623223,0.359011927904576,1.6049461940851124,Medium,0.3590119279045759,Base
103:00,0.6085271317829424,0.44117647058823506,0.18421052631578938,0.4113047095623223,0.359011927904576,1.6049461940851124,Medium,0.3590119279045759,Base
103:30,0.6085271317829424,0.08823529411764719,0.19736842105263142,0.2980436156510737,0.24140356877144914,1.3311481157463514,Medium,0.24140356877144917,Base
104:00,0.6085271317829424,0.08823529411764719,0.2105263157894739,0.3024295805633545,0.24732462140302824,1.3590391405655216,Medium,0.24732462140302827,Base
104:30,0.6085271317829424,0.08823529411764719,0.2105263157894739,0.3024295805633545,0.24732462140302824,1.3590391405655216,Medium,0.24732462140302827,Base
105:00,0.5658914728682163,0.08823529411764719,0.2105263157894739,0.2882176942584458,0.23879748962008301,1.3399704689196827,Medium,0.23879748962008304,Base
105:30,0.5658914728682163,0.08823529411764719,0.22368421052631593,0.29260365917072645,0.24471854225166195,1.3680463450475906,Medium,0.24471854225166195,Base
106:00,0.6085271317829424,0.08823529411764719,0.22368421052631593,0.30681554547563517,0.2532456740346072,1.3875145550977974,Medium,0.2532456740346072,Base
106:30,0.5658914728682163,0.08823529411764719,0.22368421052631593,0.29260365917072645,0.24471854225166195,1.3680463450475906,Medium,0.24471854225166195,Base
107:00,0.5658914728682163,0.08823529411764719,0.23684210526315796,0.29698962408300716,0.25063959488324083,1.3967104840056377,Medium,0.2506395948832409,Base
107:30,0.5658914728682163,0.08823529411764719,0.23684210526315796,0.29698962408300716,0.25063959488324083,1.3967104840056377,Medium,0.2506395948832409,Base
108:00,0.5658914728682163,0.3235294117647056,0.23684210526315796,0.3754209966320266,0.3329925360597113,1.5524409194357636,Medium,0.3329925360597113,Base
108:30,0.5658914728682163,0.3235294117647056,0.23684210526315796,0.3754209966320266,0.3329925360597113,1.5524409194357636,Medium,0.3329925360597113,Base
109:00,0.5658914728682163,0.3235294117647056,0.23684210526315796,0.3754209966320266,0.3329925360597113,1.5524409194357636,Medium,0.3329925360597113,Base
109:30,0.5658914728682163,0.3235294117647056,0.25,0.3798069615443073,0.33891358869129024,1.5849686056504562,Medium,0.3389135886912902,Base
110:00,0.5658914728682163,0.3235294117647056,0.27631578947368407,0.38857889136886864,0.35075569395444806,1.6520828777044343,Medium,0.350755693954448,Base
110:30,0.5658914728682163,0.3235294117647056,0.3026315789473686,0.3973508211934302,0.3625977992176061,1.7220390517981619,Medium,0.36259779921760604,Base
111:00,0.5658914728682163,0.3235294117647056,0.3157894736842106,0.40173678610571084,0.368518851849185,1.7581202612181608,Medium,0.368518851849185,Base
111:30,0.5658914728682163,0.3235294117647056,0.3026315789473686,0.3973508211934302,0.3625977992176061,1.7220390517981619,Medium,0.36259779921760604,Base
112:00,0.5658914728682163,0.44117647058823506,0.27631578947368407,0.42779457764337847,0.3919321645426833,1.829628093897429,Medium,0.3919321645426833,Base
112:30,0.5658914728682163,0.44117647058823506,0.25,0.4190226478188171,0.3800900592795255,1.7553012188304495,Medium,0.3800900592795255,Base
113:00,0.5658914728682163,0.44117647058823506,0.2105263157894739,0.40586475308197506,0.36232690138478874,1.6494338600217466,Medium,0.36232690138478874,Base
113:30,0.5658914728682163,0.44117647058823506,0.17105263157894735,0.3927068583451329,0.3445637434900518,1.5499516717700357,Medium,0.34456374349005175,Base
114:00,0.5658914728682163,0.44117647058823506,0.13157894736842124,0.3795489636082909,0.32680058559531505,1.4823878179071535,Medium,0.32680058559531505,Base
114:30,0.5658914728682163,0.44117647058823506,0.10526315789473673,0.37077703378372934,0.314958480332157,1.4823878179071535,Medium,0.314958480332157,Base
115:00,0.5658914728682163,0.44117647058823506,0.09210526315789469,0.3663910688714487,0.3090374277005781,1.4823878179071535,Medium,0.30903742770057807,Base
115:30,0.5658914728682163,0.44117647058823506,0.10526315789473673,0.37077703378372934,0.314958480332157,1.4823878179071535,Medium,0.314958480332157,Base
116:00,0.5658914728682163,0.44117647058823506,0.1184210526315792,0.37516299869601016,0.32087953296373617,1.4823878179071535,Medium,0.3208795329637361,Base
116:30,0.5658914728682163,0.3235294117647056,0.13157894736842124,0.34033327733378105,0.2856241150070798,1.3385384386316392,Medium,0.2856241150070798,Base
117:00,0.5193798449612359,0.3235294117647056,0.1578947368421053,0.3336013311893489,0.2881638946888415,1.3389900266126473,Medium,0.2881638946888415,Base
117:30,0.5193798449612359,0.3235294117647056,0.17105263157894735,0.33798729610162964,0.29408494732042045,1.3670453599171115,Medium,0.2940849473204204,Base
118:00,0.5193798449612359,0.3235294117647056,0.18421052631578938,0.3423732610139103,0.3000059999519994,1.3956885256259857,Medium,0.30000599995199934,Base
118:30,0.5193798449612359,0.3235294117647056,0.19736842105263142,0.34675922592619096,0.30592705258357833,1.4249318403612794,Medium,0.3059270525835783,Base
119:00,0.5193798449612359,0.3235294117647056,0.2105263157894739,0.3511451908384718,0.3118481052151574,1.4547878788103583,Medium,0.3118481052151574,Base
119:30,0.5193798449612359,0.3235294117647056,0.22368421052631593,0.3555311557507525,0.3177691578467363,1.4852694791330814,Medium,0.31776915784673626,Base
120:00,0.5193798449612359,0.3235294117647056,0.22368421052631593,0.3555311557507525,0.3177691578467363,1.4852694791330814,Medium,0.31776915784673626,Base
120:30,0.5193798449612359,0.47058823529411775,0.23684210526315796,0.4089367285061705,0.3751607987136095,1.7227591978723724,Medium,0.37516079871360936,Base
121:00,0.5193798449612359,0.47058823529411775,0.25,0.41332269341845124,0.38108185134518835,1.7588554962308534,Medium,0.3810818513451883,Base
121:30,0.5193798449612359,0.47058823529411775,0.25,0.41332269341845124,0.38108185134518835,1.7588554962308534,Medium,0.3810818513451883,Base
122:00,0.5193798449612359,0.47058823529411775,0.26315789473684204,0.4177086583307319,0.3870029039767673,1.7957081061834295,Medium,0.38700290397676723,Base
122:30,0.5193798449612359,0.47058823529411775,0.26315789473684204,0.4177086583307319,0.3870029039767673,1.7957081061834295,Medium,0.38700290397676723,Base
123:00,0.5193798449612359,0.47058823529411775,0.27631578947368407,0.42209462324301256,0.3929239566083462,1.833332874430548,Medium,0.39292395660834617,Base
123:30,0.5193798449612359,0.47058823529411775,0.28947368421052655,0.4264805881552934,0.3988450092399253,1.8717459797023632,Medium,0.3988450092399252,Base
124:00,0.5193798449612359,0.47058823529411775,0.28947368421052655,0.4264805881552934,0.3988450092399253,1.8717459797023632,Medium,0.3988450092399252,Base
124:30,0.4767441860465098,0.47058823529411775,0.3026315789473686,0.4166546667626654,0.39623893008855904,1.870245436426304,Medium,0.396238930088559,Base
125:00,0.5193798449612359,0.3235294117647056,0.3026315789473686,0.3818469452244367,0.35329547363621006,1.6820494306359097,Medium,0.35329547363621,Base
125:30,0.4767441860465098,0.3235294117647056,0.3026315789473686,0.367635058919528,0.3447683418532648,1.6462085998118974,Medium,0.34476834185326477,Base
126:00,0.5193798449612359,0.3235294117647056,0.3026315789473686,0.3818469452244367,0.35329547363621006,1.6820494306359097,Medium,0.35329547363621,Base
126:30,0.5193798449612359,0.3235294117647056,0.3026315789473686,0.3818469452244367,0.35329547363621006,1.6820494306359097,Medium,0.35329547363621,Base
127:00,0.4767441860465098,0.3235294117647056,0.3026315789473686,0.367635058919528,0.3447683418532648,1.6462085998118974,Medium,0.34476834185326477,Base
127:30,0.4767441860465098,0.3235294117647056,0.3026315789473686,0.367635058919528,0.3447683418532648,1.6462085998118974,Medium,0.34476834185326477,Base
128:00,0.4767441860465098,0.3235294117647056,0.28947368421052655,0.3632490940072473,0.3388472892216859,1.612424109325643,Medium,0.3388472892216859,Base
128:30,0.4767441860465098,0.3235294117647056,0.3026315789473686,0.367635058919528,0.3447683418532648,1.6462085998118974,Medium,0.34476834185326477,Base
129:00,0.5193798449612359,0.3235294117647056,0.3026315789473686,0.3818469452244367,0.35329547363621006,1.6820494306359097,Medium,0.35329547363621,Base
129:30,0.4767441860465098,0.3529411764705883,0.3157894736842106,0.38182494540043627,0.36098351213190266,1.7241426557721922,Medium,0.3609835121319026,Base
130:00,0.5193798449612359,0.3529411764705883,0.3157894736842106,0.3960368317053449,0.3695106439148479,1.7616802468460424,Medium,0.36951064391484784,Base
130:30,0.4767441860465098,0.3529411764705883,0.3157894736842106,0.38182494540043627,0.36098351213190266,1.7241426557721922,Medium,0.3609835121319026,Base
131:00,0.4767441860465098,0.3529411764705883,0.3157894736842106,0.38182494540043627,0.36098351213190266,1.7241426557721922,Medium,0.3609835121319026,Base
131:30,0.4767441860465098,0.3529411764705883,0.3157894736842106,0.38182494540043627,0.36098351213190266,1.7241426557721922,Medium,0.3609835121319026,Base
132:00,0.4767441860465098,0.3529411764705883,0.32894736842105265,0.3862109103127169,0.3669045647634816,1.760267941181899,Medium,0.36690456476348154,Base
132:30,0.4767441860465098,0.3529411764705883,0.32894736842105265,0.3862109103127169,0.3669045647634816,1.760267941181899,Medium,0.36690456476348154,Base
133:00,0.4767441860465098,0.3529411764705883,0.32894736842105265,0.3862109103127169,0.3669045647634816,1.760267941181899,Medium,0.36690456476348154,Base
133:30,0.4767441860465098,0.44117647058823506,0.32894736842105265,0.4156226750185992,0.3977869177046579,1.9003212378426395,Medium,0.39778691770465785,Base
134:00,0.4767441860465098,0.44117647058823506,0.32894736842105265,0.4156226750185992,0.3977869177046579,1.9003212378426395,Medium,0.39778691770465785,Base
134:30,0.4767441860465098,0.44117647058823506,0.32894736842105265,0.4156226750185992,0.3977869177046579,1.9003212378426395,Medium,0.39778691770465785,Base
135:00,0.4767441860465098,0.44117647058823506,0.3157894736842106,0.4112367101063185,0.391865865073079,1.8613216938066903,Medium,0.39186586507307897,Base
135:30,0.4767441860465098,0.44117647058823506,0.3026315789473686,0.4068507451940378,0.38594481244150014,1.8231225220471354,Medium,0.3859448124415001,Base
136:00,0.4767441860465098,0.44117647058823506,0.3026315789473686,0.4068507451940378,0.38594481244150014,1.8231225220471354,Medium,0.3859448124415001,Base
136:30,0.4767441860465098,0.44117647058823506,0.28947368421052655,0.40246478028175714,0.3800237598099212,1.7857072968390935,Medium,0.38002375980992115,Base
137:00,0.4767441860465098,0.44117647058823506,0.3026315789473686,0.4068507451940378,0.38594481244150014,1.8231225220471354,Medium,0.3859448124415001,Base
137:30,0.4767441860465098,0.44117647058823506,0.3157894736842106,0.4112367101063185,0.391865865073079,1.8613216938066903,Medium,0.39186586507307897,Base
138:00,0.4767441860465098,0.38235294117647056,0.32894736842105265,0.39601483188134434,0.37719868241054033,1.8057662302291801,Medium,0.3771986824105403,Base
138:30,0.43410852713178016,0.38235294117647056,0.32894736842105265,0.38180294557643446,0.3686715506275944,1.7672892623193273,Medium,0.3686715506275943,Base
139:00,0.43410852713178016,0.38235294117647056,0.32894736842105265,0.38180294557643446,0.3686715506275944,1.7672892623193273,Medium,0.3686715506275943,Base
139:30,0.43410852713178016,0.38235294117647056,0.3157894736842106,0.3774169806641538,0.3627504979960155,1.731019881102324,Medium,0.36275049799601544,Base
140:00,0.43410852713178016,0.38235294117647056,0.3157894736842106,0.3774169806641538,0.3627504979960155,1.731019881102324,Medium,0.36275049799601544,Base
140:30,0.43410852713178016,0.38235294117647056,0.3157894736842106,0.3774169806641538,0.3627504979960155,1.731019881102324,Medium,0.36275049799601544,Base
141:00,0.43410852713178016,0.38235294117647056,0.32894736842105265,0.38180294557643446,0.3686715506275944,1.7672892623193273,Medium,0.3686715506275943,Base
141:30,0.43410852713178016,0.38235294117647056,0.32894736842105265,0.38180294557643446,0.3686715506275944,1.7672892623193273,Medium,0.3686715506275943,Base
142:00,0.43410852713178016,0.44117647058823506,0.32894736842105265,0.4014107887136893,0.38925978592171195,1.859829507483055,Medium,0.3892597859217119,Base
142:30,0.43410852713178016,0.44117647058823506,0.32894736842105265,0.4014107887136893,0.38925978592171195,1.859829507483055,Medium,0.3892597859217119,Base
143:00,0.43410852713178016,0.44117647058823506,0.32894736842105265,0.4014107887136893,0.38925978592171195,1.859829507483055,Medium,0.3892597859217119,Base
143:30,0.43410852713178016,0.44117647058823506,0.3421052631578947,0.40579675362596995,0.3951808385532909,1.8987977863237226,Medium,0.39518083855329084,Base
144:00,0.43410852713178016,0.44117647058823506,0.3552631578947367,0.41018271853825067,0.40110189118486983,1.938582552240057,Medium,0.4011018911848698,Base
144:30,0.43410852713178016,0.44117647058823506,0.3552631578947367,0.41018271853825067,0.40110189118486983,1.938582552240057,Medium,0.4011018911848698,Base
145:00,0.43410852713178016,0.44117647058823506,0.3552631578947367,0.41018271853825067,0.40110189118486983,1.938582552240057,Medium,0.4011018911848698,Base
145:30,0.43410852713178016,0.44117647058823506,0.3684210526315792,0.4145686834505315,0.40702294381644893,1.9792009127657917,Medium,0.4070229438164489,Base
146:00,0.43410852713178016,0.44117647058823506,0.3684210526315792,0.4145686834505315,0.40702294381644893,1.9792009127657917,Medium,0.4070229438164489,Base
146:30,0.43410852713178016,0.38235294117647056,0.3684210526315792,0.39496084031327666,0.38643470852233136,1.880721059123998,Medium,0.3864347085223313,Base
147:00,0.43410852713178016,0.38235294117647056,0.3684210526315792,0.39496084031327666,0.38643470852233136,1.880721059123998,Medium,0.3864347085223313,Base
147:30,0.43410852713178016,0.38235294117647056,0.3684210526315792,0.39496084031327666,0.38643470852233136,1.880721059123998,Medium,0.3864347085223313,Base
148:00,0.43410852713178016,0.38235294117647056,0.3815789473684208,0.39934680522555716,0.3923557611539101,1.92012707045922,Medium,0.39235576115391,Base
148:30,0.43410852713178016,0.38235294117647056,0.3815789473684208,0.39934680522555716,0.3923557611539101,1.92012707045922,Medium,0.39235576115391,Base
149:00,0.43410852713178016,0.38235294117647056,0.3684210526315792,0.39496084031327666,0.38643470852233136,1.880721059123998,Medium,0.3864347085223313,Base
149:30,0.43410852713178016,0.38235294117647056,0.3684210526315792,0.39496084031327666,0.38643470852233136,1.880721059123998,Medium,0.3864347085223313,Base
150:00,0.43410852713178016,0.38235294117647056,0.3815789473684208,0.39934680522555716,0.3923557611539101,1.92012707045922,Medium,0.39235576115391,Base
150:30,0.43410852713178016,0.44117647058823506,0.3815789473684208,0.418954648362812,0.41294399644802765,2.020670333882104,Medium,0.4129439964480276,Base
151:00,0.3914728682170505,0.44117647058823506,0.3684210526315792,0.4003567971456216,0.39849581203350304,1.9370284273505696,Medium,0.398495812033503,Base
151:30,0.43410852713178016,0.44117647058823506,0.3815789473684208,0.418954648362812,0.41294399644802765,2.020670333882104,Medium,0.4129439964480276,Base
152:00,0.3914728682170505,0.44117647058823506,0.3815789473684208,0.4047427620579021,0.40441686466508175,1.9776142249065223,Medium,0.4044168646650817,Base
152:30,0.3914728682170505,0.44117647058823506,0.3947368421052633,0.40912872697018293,0.4103379172966608,2.019050400773913,Medium,0.41033791729666075,Base
153:00,0.43410852713178016,0.44117647058823506,0.3947368421052633,0.4233406132750928,0.41886504907960675,2.0630086475280405,Medium,0.4188650490796067,Base
153:30,0.3914728682170505,0.44117647058823506,0.3947368421052633,0.40912872697018293,0.4103379172966608,2.019050400773913,Medium,0.41033791729666075,Base
154:00,0.43410852713178016,0.44117647058823506,0.3947368421052633,0.4233406132750928,0.41886504907960675,2.0630086475280405,Medium,0.4188650490796067,Base
154:30,0.3914728682170505,0.44117647058823506,0.3947368421052633,0.40912872697018293,0.4103379172966608,2.019050400773913,Medium,0.41033791729666075,Base
155:00,0.3914728682170505,0.3235294117647056,0.3947368421052633,0.36991304069567316,0.36916144670842554,1.823123840012405,Medium,0.3691614467084255,Base
155:30,0.43410852713178016,0.3235294117647056,0.3947368421052633,0.38412492700058304,0.3776885784913715,1.8628164240072766,Medium,0.37768857849137144,Base
156:00,0.3914728682170505,0.3235294117647056,0.40789473684210487,0.37429900560795365,0.37508249934000426,1.8613230393867684,Medium,0.3750824993400042,Base
156:30,0.3914728682170505,0.3235294117647056,0.4473684210526314,0.38745690034479585,0.3928456572347412,1.9221950646060162,Medium,0.39284565723474113,Base
157:00,0.3914728682170505,0.3235294117647056,0.4605263157894739,0.3918428652570767,0.39876670986632035,1.9221950646060162,Medium,0.3987667098663203,Base
157:30,0.3914728682170505,0.3235294117647056,0.4605263157894739,0.3918428652570767,0.39876670986632035,1.9221950646060162,Medium,0.3987667098663203,Base
158:00,0.3914728682170505,0.3235294117647056,0.4473684210526314,0.38745690034479585,0.3928456572347412,1.9221950646060162,Medium,0.39284565723474113,Base
158:30,0.3914728682170505,0.3235294117647056,0.4342105263157898,0.3830709354325153,0.38692460460316247,1.9221950646060162,Medium,0.3869246046031624,Base
159:00,0.3914728682170505,0.5294117647058822,0.4342105263157898,0.45169838641290755,0.4589834281325743,2.298141103691559,High,0.45898342813257426,Base
159:30,0.3914728682170505,0.5294117647058822,0.42105263157894735,0.4473124215006267,0.45306237550099515,2.2719908007487515,High,0.4530623755009951,Base
160:00,0.3914728682170505,0.5294117647058822,0.3947368421052633,0.43854049167606535,0.4412202702378374,2.1796933677546746,High,0.4412202702378372,Base
160:30,0.3914728682170505,0.5294117647058822,0.3947368421052633,0.43854049167606535,0.4412202702378374,2.1796933677546746,High,0.4412202702378372,Base
161:00,0.3914728682170505,0.5294117647058822,0.3947368421052633,0.43854049167606535,0.4412202702378374,2.1796933677546746,High,0.4412202702378372,Base
161:30,0.3914728682170505,0.5294117647058822,0.3947368421052633,0.43854049167606535,0.4412202702378374,2.1796933677546746,High,0.4412202702378372,Base
162:00,0.3914728682170505,0.5294117647058822,0.3947368421052633,0.43854049167606535,0.4412202702378374,2.1796933677546746,High,0.4412202702378372,Base
162:30,0.3914728682170505,0.5294117647058822,0.3947368421052633,0.43854049167606535,0.4412202702378374,2.1796933677546746,High,0.4412202702378372,Base
163:00,0.3914728682170505,0.5294117647058822,0.3947368421052633,0.43854049167606535,0.4412202702378374,2.1796933677546746,High,0.4412202702378372,Base
163:30,0.3914728682170505,0.3235294117647056,0.40789473684210487,0.37429900560795365,0.37508249934000426,1.8613230393867684,Medium,0.3750824993400042,Base
164:00,0.3914728682170505,0.3235294117647056,0.40789473684210487,0.37429900560795365,0.37508249934000426,1.8613230393867684,Medium,0.3750824993400042,Base
164:30,0.3914728682170505,0.3235294117647056,0.42105263157894735,0.3786849705202345,0.3810035519715834,1.900322611616131,Medium,0.38100355197158337,Base
165:00,0.3914728682170505,0.3235294117647056,0.42105263157894735,0.3786849705202345,0.3810035519715834,1.900322611616131,Medium,0.38100355197158337,Base
165:30,0.3914728682170505,0.3235294117647056,0.42105263157894735,0.3786849705202345,0.3810035519715834,1.900322611616131,Medium,0.38100355197158337,Base
166:00,0.3914728682170505,0.3235294117647056,0.4342105263157898,0.3830709354325153,0.38692460460316247,1.9221950646060162,Medium,0.3869246046031624,Base
166:30,0.3449612403100737,0.3235294117647056,0.4473684210526314,0.3719530243758036,0.38354333165334586,1.8775573704995592,Medium,0.3835433316533458,Base
167:00,0.3449612403100737,0.3235294117647056,0.4473684210526314,0.3719530243758036,0.38354333165334586,1.8775573704995592,Medium,0.3835433316533458,Base
167:30,0.3914728682170505,0.5294117647058822,0.4473684210526314,0.45608435132518804,0.464904480764153,2.298141103691559,High,0.46490448076415297,Base
168:00,0.3449612403100737,0.5294117647058822,0.4605263157894739,0.4449664402684766,0.46152320781433676,2.2447730967244386,High,0.4615232078143367,Base
168:30,0.3914728682170505,0.5294117647058822,0.4605263157894739,0.46047031623746887,0.4708255333957321,2.298141103691559,High,0.470825533395732,Base
169:00,0.3449612403100737,0.5294117647058822,0.4736842105263155,0.44935240518075714,0.46744426044591547,2.2447730967244386,High,0.4674442604459154,Base
169:30,0.3449612403100737,0.5294117647058822,0.48684210526315796,0.45373837009303797,0.47336531307749463,2.2447730967244386,High,0.4733653130774946,Base
170:00,0.3449612403100737,0.5294117647058822,0.5000000000000004,0.4581243350053188,0.47928636570907374,2.2447730967244386,High,0.4792863657090736,Base
170:30,0.3449612403100737,0.5294117647058822,0.5000000000000004,0.4581243350053188,0.47928636570907374,2.2447730967244386,High,0.4792863657090736,Base
171:00,0.3449612403100737,0.5294117647058822,0.48684210526315796,0.45373837009303797,0.47336531307749463,2.2447730967244386,High,0.4733653130774946,Base
171:30,0.3449612403100737,0.44117647058823506,0.4736842105263155,0.4199406404748747,0.436561907504739,2.0793337666833187,High,0.43656190750473894,Base
172:00,0.3449612403100737,0.44117647058823506,0.4736842105263155,0.4199406404748747,0.436561907504739,2.0793337666833187,High,0.43656190750473894,Base
172:30,0.3449612403100737,0.44117647058823506,0.4736842105263155,0.4199406404748747,0.436561907504739,2.0793337666833187,High,0.43656190750473894,Base
173:00,0.3449612403100737,0.44117647058823506,0.4736842105263155,0.4199406404748747,0.436561907504739,2.0793337666833187,High,0.43656190750473894,Base
173:30,0.3449612403100737,0.44117647058823506,0.48684210526315796,0.42432660538715555,0.4424829601363181,2.0793337666833187,High,0.44248296013631805,Base
174:00,0.3449612403100737,0.44117647058823506,0.48684210526315796,0.42432660538715555,0.4424829601363181,2.0793337666833187,High,0.44248296013631805,Base
174:30,0.3449612403100737,0.44117647058823506,0.48684210526315796,0.42432660538715555,0.4424829601363181,2.0793337666833187,High,0.44248296013631805,Base
175:00,0.3449612403100737,0.44117647058823506,0.48684210526315796,0.42432660538715555,0.4424829601363181,2.0793337666833187,High,0.44248296013631805,Base
175:30,0.3449612403100737,0.44117647058823506,0.4736842105263155,0.4199406404748747,0.436561907504739,2.0793337666833187,High,0.43656190750473894,Base
176:00,0.3449612403100737,0.44117647058823506,0.4736842105263155,0.4199406404748747,0.436561907504739,2.0793337666833187,High,0.43656190750473894,Base
176:30,0.3449612403100737,0.11764705882352944,0.4736842105263155,0.31209750321997287,0.323326613387092,1.6892134385712452,Medium,0.323326613387092,Base
177:00,0.3449612403100737,0.11764705882352944,0.4605263157894739,0.3077115383076923,0.3174055607555133,1.6892134385712452,Medium,0.3174055607555133,Base
177:30,0.3449612403100737,0.11764705882352944,0.4473684210526314,0.3033255733954115,0.3114845081239342,1.6892134385712452,Medium,0.3114845081239342,Base
178:00,0.3449612403100737,0.11764705882352944,0.4342105263157898,0.298939608483131,0.3055634554923555,1.6892134385712452,Medium,0.3055634554923555,Base
178:30,0.3449612403100737,0.11764705882352944,0.42105263157894735,0.2945536435708502,0.29964240286077637,1.669992058699164,Medium,0.29964240286077637,Base
179:00,0.3449612403100737,0.11764705882352944,0.42105263157894735,0.2945536435708502,0.29964240286077637,1.669992058699164,Medium,0.29964240286077637,Base
179:30,0.30232558139534405,0.11764705882352944,0.4342105263157898,0.2847277221782211,0.2970363237094095,1.653219958252063,Medium,0.2970363237094095,Base
180:00,0.3449612403100737,0.11764705882352944,0.4473684210526314,0.3033255733954115,0.3114845081239342,1.6892134385712452,Medium,0.3114845081239342,Base
180:30,0.3449612403100737,0.11764705882352944,0.4473684210526314,0.3033255733954115,0.3114845081239342,1.6892134385712452,Medium,0.3114845081239342,Base
181:00,0.3449612403100737,0.2941176470588234,0.4605263157894739,0.366535067719457,0.3791702666378662,1.8302502238070442,Medium,0.3791702666378661,Base
181:30,0.3449612403100737,0.2941176470588234,0.4605263157894739,0.366535067719457,0.3791702666378662,1.8302502238070442,Medium,0.3791702666378661,Base
182:00,0.30232558139534405,0.2941176470588234,0.4736842105263155,0.35670914632682765,0.37656418748649895,1.7912515550150783,Medium,0.3765641874864989,Base
182:30,0.30232558139534405,0.2941176470588234,0.48684210526315796,0.3610951112391085,0.38248524011807805,1.7912515550150783,Medium,0.38248524011807805,Base
183:00,0.30232558139534405,0.2941176470588234,0.4736842105263155,0.35670914632682765,0.37656418748649895,1.7912515550150783,Medium,0.3765641874864989,Base
183:30,0.30232558139534405,0.2941176470588234,0.4605263157894739,0.3523231814145471,0.37064313485492023,1.7912515550150783,Medium,0.3706431348549202,Base
184:00,0.30232558139534405,0.2941176470588234,0.4605263157894739,0.3523231814145471,0.37064313485492023,1.7912515550150783,Medium,0.3706431348549202,Base
184:30,0.30232558139534405,0.2941176470588234,0.4736842105263155,0.35670914632682765,0.37656418748649895,1.7912515550150783,Medium,0.3765641874864989,Base
185:00,0.3449612403100737,0.2941176470588234,0.4736842105263155,0.37092103263173754,0.3850913192694449,1.8302502238070442,Medium,0.38509131926944484,Base
185:30,0.30232558139534405,0.20588235294117663,0.4736842105263155,0.3272973816209454,0.3456818345453226,1.6592366722506553,Medium,0.3456818345453226,Base
186:00,0.30232558139534405,0.20588235294117663,0.48684210526315796,0.33168334653322623,0.3516028871769017,1.6592366722506553,Medium,0.3516028871769017,Base
186:30,0.30232558139534405,0.20588235294117663,0.48684210526315796,0.33168334653322623,0.3516028871769017,1.6592366722506553,Medium,0.3516028871769017,Base
187:00,0.30232558139534405,0.20588235294117663,0.48684210526315796,0.33168334653322623,0.3516028871769017,1.6592366722506553,Medium,0.3516028871769017,Base
187:30,0.30232558139534405,0.20588235294117663,0.48684210526315796,0.33168334653322623,0.3516028871769017,1.6592366722506553,Medium,0.3516028871769017,Base
188:00,0.30232558139534405,0.20588235294117663,0.48684210526315796,0.33168334653322623,0.3516028871769017,1.6592366722506553,Medium,0.3516028871769017,Base
188:30,0.30232558139534405,0.20588235294117663,0.5000000000000004,0.33606931144550706,0.35752393980848085,1.6592366722506553,Medium,0.3575239398084808,Base
189:00,0.30232558139534405,0.20588235294117663,0.5000000000000004,0.33606931144550706,0.35752393980848085,1.6592366722506553,Medium,0.3575239398084808,Base
189:30,0.30232558139534405,0.20588235294117663,0.5000000000000004,0.33606931144550706,0.35752393980848085,1.6592366722506553,Medium,0.3575239398084808,Base
190:00,0.30232558139534405,0.38235294117647056,0.5000000000000004,0.39489284085727167,0.4192886456908337,1.9337700202778711,Medium,0.41928864569083363,Base
190:30,0.30232558139534405,0.38235294117647056,0.513157894736842,0.3992788057695522,0.4252096983224124,1.9337700202778711,Medium,0.42520969832241234,Base
191:00,0.30232558139534405,0.38235294117647056,0.513157894736842,0.3992788057695522,0.4252096983224124,1.9337700202778711,Medium,0.42520969832241234,Base
191:30,0.30232558139534405,0.38235294117647056,0.5000000000000004,0.39489284085727167,0.4192886456908337,1.9337700202778711,Medium,0.41928864569083363,Base
192:00,0.2596899224806144,0.38235294117647056,0.5000000000000004,0.3806809545523618,0.41076151390788773,1.8925655687992191,Medium,0.4107615139078877,Base
192:30,0.30232558139534405,0.38235294117647056,0.48684210526315796,0.39050687594499084,0.4133675930592546,1.9337700202778711,Medium,0.4133675930592545,Base
193:00,0.2596899224806144,0.38235294117647056,0.4736842105263155,0.37190902472780013,0.3989194086447295,1.8925655687992191,Medium,0.39891940864472947,Base
193:30,0.30232558139534405,0.6470588235294117,0.4736842105263155,0.4743562051503571,0.5000935992512048,2.346030793442202,High,0.5000935992512048,Base
194:00,0.30232558139534405,0.6470588235294117,0.4736842105263155,0.4743562051503571,0.5000935992512048,2.346030793442202,High,0.5000935992512048,Base
194:30,0.2596899224806144,0.6470588235294117,0.4736842105263155,0.4601443188454472,0.49156646746825894,2.296041957654003,High,0.49156646746825877,Base
195:00,0.30232558139534405,0.6470588235294117,0.4605263157894739,0.46997024023807654,0.4941725466196261,2.346030793442202,High,0.494172546619626,Base
195:30,0.2596899224806144,0.6470588235294117,0.4473684210526314,0.45137238902088583,0.47972436220510106,2.296041957654003,High,0.479724362205101,Base
196:00,0.2596899224806144,0.6470588235294117,0.4473684210526314,0.45137238902088583,0.47972436220510106,2.296041957654003,High,0.479724362205101,Base
196:30,0.2596899224806144,0.6470588235294117,0.4473684210526314,0.45137238902088583,0.47972436220510106,2.296041957654003,High,0.479724362205101,Base
197:00,0.2596899224806144,0.6470588235294117,0.4473684210526314,0.45137238902088583,0.47972436220510106,2.296041957654003,High,0.479724362205101,Base
197:30,0.2596899224806144,0.6470588235294117,0.4473684210526314,0.45137238902088583,0.47972436220510106,2.296041957654003,High,0.479724362205101,Base
198:00,0.2596899224806144,0.3235294117647056,0.4473684210526314,0.3435292517659838,0.36648906808745396,1.798396462964282,Medium,0.3664890680874539,Base
198:30,0.2596899224806144,0.3235294117647056,0.4473684210526314,0.3435292517659838,0.36648906808745396,1.798396462964282,Medium,0.3664890680874539,Base
199:00,0.2596899224806144,0.3235294117647056,0.4605263157894739,0.34791521667826464,0.3724101207190331,1.798396462964282,Medium,0.37241012071903307,Base
199:30,0.2596899224806144,0.3235294117647056,0.4605263157894739,0.34791521667826464,0.3724101207190331,1.798396462964282,Medium,0.37241012071903307,Base
200:00,0.2596899224806144,0.3235294117647056,0.4605263157894739,0.34791521667826464,0.3724101207190331,1.798396462964282,Medium,0.37241012071903307,Base
200:30,0.2596899224806144,0.3235294117647056,0.4605263157894739,0.34791521667826464,0.3724101207190331,1.798396462964282,Medium,0.37241012071903307,Base
201:00,0.2596899224806144,0.3235294117647056,0.4473684210526314,0.3435292517659838,0.36648906808745396,1.798396462964282,Medium,0.3664890680874539,Base
201:30,0.2596899224806144,0.3235294117647056,0.4473684210526314,0.3435292517659838,0.36648906808745396,1.798396462964282,Medium,0.3664890680874539,Base
202:00,0.2596899224806144,0.3235294117647056,0.4605263157894739,0.34791521667826464,0.3724101207190331,1.798396462964282,Medium,0.37241012071903307,Base
202:30,0.2596899224806144,0.23529411764705888,0.4605263157894739,0.3185034519723824,0.34152776777785676,1.6658550019073595,Medium,0.3415277677778567,Base
203:00,0.2596899224806144,0.23529411764705888,0.4605263157894739,0.3185034519723824,0.34152776777785676,1.6658550019073595,Medium,0.3415277677778567,Base
203:30,0.2596899224806144,0.23529411764705888,0.4605263157894739,0.3185034519723824,0.34152776777785676,1.6658550019073595,Medium,0.3415277677778567,Base
204:00,0.2596899224806144,0.23529411764705888,0.4605263157894739,0.3185034519723824,0.34152776777785676,1.6658550019073595,Medium,0.3415277677778567,Base
204:30,0.2596899224806144,0.23529411764705888,0.4605263157894739,0.3185034519723824,0.34152776777785676,1.6658550019073595,Medium,0.3415277677778567,Base
205:00,0.2596899224806144,0.23529411764705888,0.4605263157894739,0.3185034519723824,0.34152776777785676,1.6658550019073595,Medium,0.3415277677778567,Base
205:30,0.2596899224806144,0.23529411764705888,0.4605263157894739,0.3185034519723824,0.34152776777785676,1.6658550019073595,Medium,0.3415277677778567,Base
206:00,0.2170542635658883,0.23529411764705888,0.4605263157894739,0.3042915656674737,0.33300063599491153,1.6303592392898933,Medium,0.33300063599491153,Base
206:30,0.2170542635658883,0.23529411764705888,0.4736842105263155,0.3086775305797542,0.33892168862649025,1.6303592392898933,Medium,0.33892168862649025,Base
207:00,0.2170542635658883,0.2647058823529411,0.4736842105263155,0.31848145214838164,0.34921580627354903,1.672499730623452,Medium,0.34921580627354903,Base
207:30,0.2596899224806144,0.2647058823529411,0.4736842105263155,0.33269333845329035,0.35774293805649426,1.7089129651948973,Medium,0.3577429380564942,Base
208:00,0.2170542635658883,0.2647058823529411,0.4736842105263155,0.31848145214838164,0.34921580627354903,1.672499730623452,Medium,0.34921580627354903,Base
208:30,0.2170542635658883,0.2647058823529411,0.4736842105263155,0.31848145214838164,0.34921580627354903,1.672499730623452,Medium,0.34921580627354903,Base
209:00,0.2170542635658883,0.2647058823529411,0.4605263157894739,0.3140954872361011,0.3432947536419703,1.672499730623452,Medium,0.3432947536419703,Base
209:30,0.2596899224806144,0.2647058823529411,0.4605263157894739,0.3283073735410098,0.35182188542491555,1.7089129651948973,Medium,0.3518218854249155,Base
210:00,0.2170542635658883,0.2647058823529411,0.4605263157894739,0.3140954872361011,0.3432947536419703,1.672499730623452,Medium,0.3432947536419703,Base
210:30,0.2170542635658883,0.2647058823529411,0.4736842105263155,0.31848145214838164,0.34921580627354903,1.672499730623452,Medium,0.34921580627354903,Base
211:00,0.2170542635658883,0.5588235294117645,0.4736842105263155,0.4165206678346561,0.4521569827441372,2.1587061641699457,High,0.4521569827441371,Base
211:30,0.2170542635658883,0.5588235294117645,0.48684210526315796,0.4209066327469369,0.45807803537571634,2.1587061641699457,High,0.45807803537571623,Base
212:00,0.2170542635658883,0.5588235294117645,0.48684210526315796,0.4209066327469369,0.45807803537571634,2.1587061641699457,High,0.45807803537571623,Base
212:30,0.2170542635658883,0.5588235294117645,0.4736842105263155,0.4165206678346561,0.4521569827441372,2.1587061641699457,High,0.4521569827441371,Base
213:00,0.2170542635658883,0.5588235294117645,0.4736842105263155,0.4165206678346561,0.4521569827441372,2.1587061641699457,High,0.4521569827441371,Base
213:30,0.2170542635658883,0.5588235294117645,0.4736842105263155,0.4165206678346561,0.4521569827441372,2.1587061641699457,High,0.4521569827441371,Base
214:00,0.2170542635658883,0.5588235294117645,0.4736842105263155,0.4165206678346561,0.4521569827441372,2.1587061641699457,High,0.4521569827441371,Base
214:30,0.2170542635658883,0.5588235294117645,0.4736842105263155,0.4165206678346561,0.4521569827441372,2.1587061641699457,High,0.4521569827441371,Base
215:00,0.2170542635658883,0.5588235294117645,0.4736842105263155,0.4165206678346561,0.4521569827441372,2.1587061641699457,High,0.4521569827441371,Base
215:30,0.2170542635658883,0.3529411764705883,0.48684210526315796,0.3522791817665449,0.38601921184630467,1.8055698703777103,Medium,0.3860192118463046,Base
216:00,0.2170542635658883,0.3529411764705883,0.48684210526315796,0.3522791817665449,0.38601921184630467,1.8055698703777103,Medium,0.3860192118463046,Base
216:30,0.2170542635658883,0.3529411764705883,0.4736842105263155,0.34789321685426405,0.38009815921472556,1.8055698703777103,Medium,0.3800981592147255,Base
217:00,0.2170542635658883,0.3529411764705883,0.4736842105263155,0.34789321685426405,0.38009815921472556,1.8055698703777103,Medium,0.3800981592147255,Base
217:30,0.17441860465115866,0.3529411764705883,0.4736842105263155,0.33368133054935417,0.3715710274317796,1.788232372646271,Medium,0.37157102743177955,Base
218:00,0.17441860465115866,0.3529411764705883,0.4736842105263155,0.33368133054935417,0.3715710274317796,1.788232372646271,Medium,0.37157102743177955,Base
218:30,0.2170542635658883,0.3529411764705883,0.4736842105263155,0.34789321685426405,0.38009815921472556,1.8055698703777103,Medium,0.3800981592147255,Base
219:00,0.17441860465115866,0.3529411764705883,0.4736842105263155,0.33368133054935417,0.3715710274317796,1.788232372646271,Medium,0.37157102743177955,Base
219:30,0.17441860465115866,0.3529411764705883,0.4605263157894739,0.3292953656370736,0.3656499748002009,1.788232372646271,Medium,0.36564997480020084,Base
220:00,0.2170542635658883,0.38235294117647056,0.4473684210526314,0.3489252085983301,0.3785501715986265,1.8522390949517535,Medium,0.3785501715986264,Base
220:30,0.17441860465115866,0.38235294117647056,0.4342105263157898,0.33032735738113966,0.3641019871841018,1.8344534685776872,Medium,0.36410198718410175,Base
221:00,0.17441860465115866,0.38235294117647056,0.42105263157894735,0.32594139246885884,0.35818093455252276,1.8135794178674272,Medium,0.3581809345525227,Base
221:30,0.17441860465115866,0.38235294117647056,0.3947368421052633,0.3171694626442975,0.3463388292893649,1.739904504771436,Medium,0.3463388292893648,Base
222:00,0.17441860465115866,0.38235294117647056,0.3684210526315792,0.30839753281973614,0.33449672402620706,1.6692225638972424,Medium,0.334496724026207,Base
222:30,0.17441860465115866,0.38235294117647056,0.3552631578947367,0.3040115679074553,0.32857567139462796,1.6349657668935862,Medium,0.3285756713946279,Base
223:00,0.17441860465115866,0.38235294117647056,0.32894736842105265,0.29523963808289394,0.3167335661314701,1.5685468609421453,Medium,0.31673356613147,Base
223:30,0.17441860465115866,0.38235294117647056,0.3026315789473686,0.2864677082583326,0.3048914608683123,1.5048261589269054,Medium,0.30489146086831226,Base
224:00,0.17441860465115866,0.6470588235294117,0.27631578947368407,0.36593107255141816,0.38569641442868363,1.7514754389373948,Medium,0.3856964144286835,Base
224:30,0.17441860465115866,0.6470588235294117,0.27631578947368407,0.36593107255141816,0.38569641442868363,1.7514754389373948,Medium,0.3856964144286835,Base
225:00,0.17441860465115866,0.6470588235294117,0.27631578947368407,0.36593107255141816,0.38569641442868363,1.7514754389373948,Medium,0.3856964144286835,Base
225:30,0.17441860465115866,0.6470588235294117,0.26315789473684204,0.36154510763913744,0.3797753617971047,1.715530598586998,Medium,0.37977536179710464,Base
226:00,0.17441860465115866,0.6470588235294117,0.22368421052631593,0.3483872129022954,0.362012203902368,1.61206192239652,Medium,0.3620122039023679,Base
226:30,0.17441860465115866,0.6470588235294117,0.19736842105263142,0.3396152830777339,0.35017009863920995,1.5465734630173433,Medium,0.35017009863920984,Base
227:00,0.17441860465115866,0.6470588235294117,0.18421052631578938,0.33522931816545326,0.344249046007631,1.514833745187189,Medium,0.3442490460076309,Base
227:30,0.17441860465115866,0.6470588235294117,0.18421052631578938,0.33522931816545326,0.344249046007631,1.514833745187189,Medium,0.3442490460076309,Base
228:00,0.17441860465115866,0.44117647058823506,0.2105263157894739,0.27537379700962256,0.2840323277413772,1.3696599180921682,Medium,0.2840323277413772,Base
228:30,0.17441860465115866,0.44117647058823506,0.25,0.2885316917464646,0.30179548563611397,1.4575702499393943,Medium,0.30179548563611397,Base
229:00,0.17441860465115866,0.44117647058823506,0.26315789473684204,0.29291765665874525,0.3077165382676929,1.488110148194029,Medium,0.30771653826769285,Base
229:30,0.17441860465115866,0.44117647058823506,0.26315789473684204,0.29291765665874525,0.3077165382676929,1.488110148194029,Medium,0.30771653826769285,Base
230:00,0.17441860465115866,0.44117647058823506,0.25,0.2885316917464646,0.30179548563611397,1.4575702499393943,Medium,0.30179548563611397,Base
230:30,0.17441860465115866,0.44117647058823506,0.23684210526315796,0.2841457268341839,0.2958744330045351,1.427657109983892,Medium,0.29587443300453503,Base
231:00,0.17441860465115866,0.44117647058823506,0.23684210526315796,0.2841457268341839,0.2958744330045351,1.427657109983892,Medium,0.29587443300453503,Base
231:30,0.17441860465115866,0.44117647058823506,0.25,0.2885316917464646,0.30179548563611397,1.4575702499393943,Medium,0.30179548563611397,Base
232:00,0.17441860465115866,0.44117647058823506,0.26315789473684204,0.29291765665874525,0.3077165382676929,1.488110148194029,Medium,0.30771653826769285,Base
232:30,0.17441860465115866,0.20588235294117663,0.26315789473684204,0.21448628410972578,0.22536359709122245,1.213313691150317,Low,0.22536359709122245,Base
233:00,0.17441860465115866,0.20588235294117663,0.27631578947368407,0.21887224902200644,0.23128464972280138,1.238735777447857,Medium,0.23128464972280138,Base
233:30,0.17441860465115866,0.20588235294117663,0.27631578947368407,0.21887224902200644,0.23128464972280138,1.238735777447857,Medium,0.23128464972280138,Base
234:00,0.17441860465115866,0.20588235294117663,0.28947368421052655,0.22325821393428727,0.2372057023543805,1.2646905227571876,Medium,0.2372057023543805,Base
234:30,0.17441860465115866,0.20588235294117663,0.3026315789473686,0.22764417884656796,0.24312675498595943,1.2911890876738434,Medium,0.24312675498595943,Base
235:00,0.17441860465115866,0.20588235294117663,0.3157894736842106,0.23203014375884864,0.24904780761753834,1.3182428666369455,Medium,0.2490478076175383,Base
235:30,0.12790697674418539,0.20588235294117663,0.3157894736842106,0.21652626778985753,0.23974548203614368,1.3182428666369455,Medium,0.23974548203614365,Base
236:00,0.12790697674418539,0.20588235294117663,0.3157894736842106,0.21652626778985753,0.23974548203614368,1.3182428666369455,Medium,0.23974548203614365,Base
236:30,0.12790697674418539,0.20588235294117663,0.32894736842105265,0.22091223270213822,0.2456665346677226,1.3458634928288318,Medium,0.2456665346677226,Base
237:00,0.12790697674418539,0.3235294117647056,0.32894736842105265,0.2601279189766479,0.28684300525595774,1.4905000773642127,Medium,0.2868430052559577,Base
237:30,0.12790697674418539,0.3235294117647056,0.3157894736842106,0.2557419540643672,0.2809219526243788,1.4599111315348527,Medium,0.2809219526243788,Base
238:00,0.12790697674418539,0.3235294117647056,0.32894736842105265,0.2601279189766479,0.28684300525595774,1.4905000773642127,Medium,0.2868430052559577,Base
238:30,0.12790697674418539,0.3235294117647056,0.3421052631578947,0.26451388388892855,0.2927640578875367,1.5217299413883452,Medium,0.2927640578875366,Base
239:00,0.17441860465115866,0.3235294117647056,0.3421052631578947,0.28001775985791966,0.30206638346893133,1.5217299413883452,Medium,0.3020663834689313,Base
239:30,0.12790697674418539,0.3235294117647056,0.3421052631578947,0.26451388388892855,0.2927640578875367,1.5217299413883452,Medium,0.2927640578875366,Base
240:00,0.17441860465115866,0.3235294117647056,0.3421052631578947,0.28001775985791966,0.30206638346893133,1.5217299413883452,Medium,0.3020663834689313,Base
240:30,0.12790697674418539,0.3235294117647056,0.32894736842105265,0.2601279189766479,0.28684300525595774,1.4905000773642127,Medium,0.2868430052559577,Base
241:00,0.17441860465115866,0.3235294117647056,0.32894736842105265,0.275631794945639,0.2961453308373524,1.4905000773642127,Medium,0.29614533083735234,Base
241:30,0.12790697674418539,0.3235294117647056,0.3157894736842106,0.2557419540643672,0.2809219526243788,1.4599111315348527,Medium,0.2809219526243788,Base
242:00,0.12790697674418539,0.3235294117647056,0.3026315789473686,0.2513559891520865,0.2750008999927999,1.4299499505886761,Medium,0.27500089999279986,Base
242:30,0.12790697674418539,0.3235294117647056,0.28947368421052655,0.24697002423980585,0.269079847361221,1.4006036511543254,Medium,0.269079847361221,Base
243:00,0.12790697674418539,0.3235294117647056,0.27631578947368407,0.24258405932752503,0.2631587947296419,1.3718596142607962,Medium,0.2631587947296418,Base
243:30,0.12790697674418539,0.3235294117647056,0.26315789473684204,0.23819809441524434,0.25723774209806294,1.3437054799112573,Medium,0.25723774209806294,Base
244:00,0.12790697674418539,0.3235294117647056,0.25,0.23381212950296368,0.25131668946648406,1.3161291417682193,Medium,0.251316689466484,Base
244:30,0.12790697674418539,0.3235294117647056,0.23684210526315796,0.229426164590683,0.24539563683490512,1.2891187419477885,Medium,0.24539563683490512,Base
245:00,0.12790697674418539,0.3235294117647056,0.23684210526315796,0.229426164590683,0.24539563683490512,1.2891187419477885,Medium,0.24539563683490512,Base
245:30,0.12790697674418539,0.3235294117647056,0.23684210526315796,0.229426164590683,0.24539563683490512,1.2891187419477885,Medium,0.24539563683490512,Base
246:00,0.12790697674418539,0.2647058823529411,0.23684210526315796,0.20981832145342816,0.22480740154078754,1.2249755697134423,Medium,0.22480740154078754,Base
246:30,0.12790697674418539,0.2647058823529411,0.25,0.21420428636570885,0.23072845417236648,1.2506420027824607,Medium,0.23072845417236645,Base
247:00,0.12790697674418539,0.2647058823529411,0.25,0.21420428636570885,0.23072845417236648,1.2506420027824607,Medium,0.23072845417236645,Base
247:30,0.12790697674418539,0.2647058823529411,0.25,0.21420428636570885,0.23072845417236648,1.2506420027824607,Medium,0.23072845417236645,Base
248:00,0.12790697674418539,0.2647058823529411,0.25,0.21420428636570885,0.23072845417236648,1.2506420027824607,Medium,0.23072845417236645,Base
248:30,0.12790697674418539,0.2647058823529411,0.26315789473684204,0.2185902512779895,0.23664950680394536,1.2768462145654174,Medium,0.23664950680394536,Base
249:00,0.12790697674418539,0.2647058823529411,0.26315789473684204,0.2185902512779895,0.23664950680394536,1.2768462145654174,Medium,0.23664950680394536,Base
249:30,0.12790697674418539,0.2647058823529411,0.26315789473684204,0.2185902512779895,0.23664950680394536,1.2768462145654174,Medium,0.23664950680394536,Base
250:00,0.12790697674418539,0.2647058823529411,0.26315789473684204,0.2185902512779895,0.23664950680394536,1.2768462145654174,Medium,0.23664950680394536,Base
250:30,0.12790697674418539,0.17647058823529393,0.27631578947368407,0.1935644514843878,0.21168820649434777,1.234243881254038,Medium,0.21168820649434777,Base
251:00,0.12790697674418539,0.17647058823529393,0.27631578947368407,0.1935644514843878,0.21168820649434777,1.234243881254038,Medium,0.21168820649434777,Base
251:30,0.12790697674418539,0.17647058823529393,0.28947368421052655,0.19795041639666863,0.21760925912592688,1.260104509622703,Medium,0.2176092591259269,Base
252:00,0.12790697674418539,0.17647058823529393,0.3026315789473686,0.2023363813089493,0.22353031175750582,1.2865069856033178,Medium,0.22353031175750582,Base
252:30,0.12790697674418539,0.17647058823529393,0.3026315789473686,0.2023363813089493,0.22353031175750582,1.2865069856033178,Medium,0.22353031175750582,Base
253:00,0.12790697674418539,0.17647058823529393,0.3157894736842106,0.20672234622122998,0.22945136438908476,1.3134626623165573,Medium,0.22945136438908473,Base
253:30,0.12790697674418539,0.17647058823529393,0.3157894736842106,0.20672234622122998,0.22945136438908476,1.3134626623165573,Medium,0.22945136438908473,Base
254:00,0.12790697674418539,0.17647058823529393,0.32894736842105265,0.21110831113351067,0.23537241702066364,1.3409831307605842,Medium,0.23537241702066364,Base
254:30,0.12790697674418539,0.17647058823529393,0.32894736842105265,0.21110831113351067,0.23537241702066364,1.3409831307605842,Medium,0.23537241702066364,Base
255:00,0.12790697674418539,0.20588235294117663,0.32894736842105265,0.22091223270213822,0.2456665346677226,1.3458634928288318,Medium,0.2456665346677226,Base
255:30,0.12790697674418539,0.20588235294117663,0.32894736842105265,0.22091223270213822,0.2456665346677226,1.3458634928288318,Medium,0.2456665346677226,Base
256:00,0.12790697674418539,0.20588235294117663,0.3157894736842106,0.21652626778985753,0.23974548203614368,1.3182428666369455,Medium,0.23974548203614365,Base
256:30,0.12790697674418539,0.20588235294117663,0.32894736842105265,0.22091223270213822,0.2456665346677226,1.3458634928288318,Medium,0.2456665346677226,Base
257:00,0.12790697674418539,0.20588235294117663,0.32894736842105265,0.22091223270213822,0.2456665346677226,1.3458634928288318,Medium,0.2456665346677226,Base
257:30,0.12790697674418539,0.20588235294117663,0.3421052631578947,0.2252981976144189,0.25158758729930153,1.374062843177351,Medium,0.2515875872993015,Base
258:00,0.12790697674418539,0.20588235294117663,0.3421052631578947,0.2252981976144189,0.25158758729930153,1.374062843177351,Medium,0.2515875872993015,Base
258:30,0.12790697674418539,0.20588235294117663,0.3421052631578947,0.2252981976144189,0.25158758729930153,1.374062843177351,Medium,0.2515875872993015,Base
259:00,0.12790697674418539,0.20588235294117663,0.3421052631578947,0.2252981976144189,0.25158758729930153,1.374062843177351,Medium,0.2515875872993015,Base
259:30,0.12790697674418539,0.20588235294117663,0.3421052631578947,0.2252981976144189,0.25158758729930153,1.374062843177351,Medium,0.2515875872993015,Base
260:00,0.12790697674418539,0.0,0.3421052631578947,0.1566707466340267,0.1795287637698897,1.3690802247952025,Medium,0.17952876376988972,Base
260:30,0.12790697674418539,0.0,0.3421052631578947,0.1566707466340267,0.1795287637698897,1.3690802247952025,Medium,0.17952876376988972,Base
261:00,0.12790697674418539,0.0,0.3552631578947367,0.16105671154630738,0.1854498164014686,1.397766026230445,Medium,0.18544981640146865,Base
261:30,0.12790697674418539,0.0,0.3552631578947367,0.16105671154630738,0.1854498164014686,1.397766026230445,Medium,0.18544981640146865,Base
262:00,0.12790697674418539,0.0,0.3552631578947367,0.16105671154630738,0.1854498164014686,1.397766026230445,Medium,0.18544981640146865,Base
262:30,0.12790697674418539,0.0,0.3552631578947367,0.16105671154630738,0.1854498164014686,1.397766026230445,Medium,0.18544981640146865,Base
263:00,0.12790697674418539,0.0,0.3552631578947367,0.16105671154630738,0.1854498164014686,1.397766026230445,Medium,0.18544981640146865,Base
263:30,0.12790697674418539,0.0,0.3552631578947367,0.16105671154630738,0.1854498164014686,1.397766026230445,Medium,0.18544981640146865,Base
264:00,0.12790697674418539,0.0,0.3684210526315792,0.1654426764585882,0.19137086903304773,1.4270528700217744,Medium,0.19137086903304776,Base
264:30,0.17441860465115866,0.0,0.3684210526315792,0.1809465524275793,0.20067319461444239,1.4270528700217744,Medium,0.2006731946144424,Base
265:00,0.17441860465115866,0.17647058823529393,0.3552631578947367,0.2353841169270631,0.2565168478652161,1.397766026230445,Medium,0.25651684786521617,Base
265:30,0.17441860465115866,0.17647058823529393,0.3421052631578947,0.23099815201478244,0.25059579523363723,1.3690802247952025,Medium,0.25059579523363723,Base
266:00,0.17441860465115866,0.17647058823529393,0.3157894736842106,0.22222622219022106,0.2387536899704794,1.3134626623165573,Medium,0.23875368997047938,Base
266:30,0.17441860465115866,0.17647058823529393,0.27631578947368407,0.2090683274533789,0.22099053207574243,1.234243881254038,Medium,0.22099053207574243,Base
267:00,0.17441860465115866,0.17647058823529393,0.25,0.20029639762881754,0.2091484268125846,1.1841039150663,Low,0.2091484268125846,Base
267:30,0.17441860465115866,0.17647058823529393,0.2105263157894739,0.1871385028919755,0.19138526891784785,1.1126871390176627,Low,0.19138526891784785,Base
268:00,0.17441860465115866,0.17647058823529393,0.17105263157894735,0.1739806081551333,0.17362211102311093,1.0455777179539085,Low,0.17362211102311093,Base
268:30,0.17441860465115866,0.17647058823529393,0.13157894736842124,0.16082271341829127,0.15585895312837417,1.0,Low,0.15585895312837417,Base
269:00,0.17441860465115866,0.17647058823529393,0.1184210526315792,0.1564367485060106,0.14993790049679526,1.0,Low,0.14993790049679526,Base
269:30,0.17441860465115866,0.3235294117647056,0.1184210526315792,0.20545635634914783,0.20140848873208933,1.111498007076961,Low,0.20140848873208933,Base
270:00,0.17441860465115866,0.3235294117647056,0.10526315789473673,0.201070391436867,0.19548743610051023,1.111498007076961,Low,0.1954874361005102,Base
270:30,0.17441860465115866,0.3235294117647056,0.09210526315789469,0.19668442652458631,0.18956638346893132,1.111498007076961,Low,0.1895663834689313,Base
271:00,0.17441860465115866,0.3235294117647056,0.09210526315789469,0.19668442652458631,0.18956638346893132,1.111498007076961,Low,0.1895663834689313,Base
271:30,0.17441860465115866,0.3235294117647056,0.10526315789473673,0.201070391436867,0.19548743610051023,1.111498007076961,Low,0.1954874361005102,Base
272:00,0.17441860465115866,0.3235294117647056,0.10526315789473673,0.201070391436867,0.19548743610051023,1.111498007076961,Low,0.1954874361005102,Base
272:30,0.17441860465115866,0.3235294117647056,0.1184210526315792,0.20545635634914783,0.20140848873208933,1.111498007076961,Low,0.20140848873208933,Base
273:00,0.17441860465115866,0.3235294117647056,0.13157894736842124,0.20984232126142852,0.20732954136366827,1.111498007076961,Low,0.20732954136366824,Base
273:30,0.17441860465115866,0.4117647058823528,0.14473684210526327,0.2436400508795916,0.24413294693642368,1.203655167231791,Low,0.24413294693642362,Base
274:00,0.17441860465115866,0.4117647058823528,0.14473684210526327,0.2436400508795916,0.24413294693642368,1.203655167231791,Low,0.24413294693642362,Base
274:30,0.17441860465115866,0.4117647058823528,0.1578947368421053,0.24802601579187225,0.25005399956800256,1.2288748822626465,Medium,0.25005399956800256,Base
275:00,0.12790697674418539,0.4117647058823528,0.1578947368421053,0.23252213982288117,0.24075167398660793,1.2288748822626465,Medium,0.2407516739866079,Base
275:30,0.12790697674418539,0.4117647058823528,0.1578947368421053,0.23252213982288117,0.24075167398660793,1.2288748822626465,Medium,0.2407516739866079,Base
276:00,0.12790697674418539,0.4117647058823528,0.1578947368421053,0.23252213982288117,0.24075167398660793,1.2288748822626465,Medium,0.2407516739866079,Base
276:30,0.17441860465115866,0.4117647058823528,0.1578947368421053,0.24802601579187225,0.25005399956800256,1.2288748822626465,Medium,0.25005399956800256,Base
277:00,0.12790697674418539,0.4117647058823528,0.17105263157894735,0.23690810473516186,0.24667272661818684,1.2546230160994463,Medium,0.2466727266181868,Base
277:30,0.12790697674418539,0.4117647058823528,0.17105263157894735,0.23690810473516186,0.24667272661818684,1.2546230160994463,Medium,0.2466727266181868,Base
278:00,0.12790697674418539,0.44117647058823506,0.17105263157894735,0.24671202630378927,0.25696684426524563,1.287051715899283,Medium,0.2569668442652456,Base
278:30,0.12790697674418539,0.44117647058823506,0.17105263157894735,0.24671202630378927,0.25696684426524563,1.287051715899283,Medium,0.2569668442652456,Base
279:00,0.12790697674418539,0.44117647058823506,0.18421052631578938,0.25109799121606996,0.26288789689682457,1.314018806132945,Medium,0.2628878968968245,Base
279:30,0.12790697674418539,0.44117647058823506,0.18421052631578938,0.25109799121606996,0.26288789689682457,1.314018806132945,Medium,0.2628878968968245,Base
280:00,0.12790697674418539,0.44117647058823506,0.1578947368421053,0.24232606139150858,0.2510457916336667,1.2606380606334282,Medium,0.2510457916336667,Base
280:30,0.12790697674418539,0.44117647058823506,0.13157894736842124,0.23355413156694724,0.23920368637050887,1.2309479188385104,Medium,0.23920368637050884,Base
281:00,0.12790697674418539,0.44117647058823506,0.1184210526315792,0.22916816665466655,0.23328263373892996,1.2309479188385104,Medium,0.23328263373892993,Base
281:30,0.12790697674418539,0.44117647058823506,0.1184210526315792,0.22916816665466655,0.23328263373892996,1.2309479188385104,Medium,0.23328263373892993,Base
282:00,0.12790697674418539,0.5882352941176472,0.1184210526315792,0.2781877744978039,0.28475322197422426,1.3984708426072106,Medium,0.28475322197422415,Base
282:30,0.12790697674418539,0.5882352941176472,0.10526315789473673,0.2738018095855231,0.2788321693426451,1.3984708426072106,Medium,0.27883216934264504,Base
283:00,0.12790697674418539,0.5882352941176472,0.10526315789473673,0.2738018095855231,0.2788321693426451,1.3984708426072106,Medium,0.27883216934264504,Base
283:30,0.12790697674418539,0.5882352941176472,0.10526315789473673,0.2738018095855231,0.2788321693426451,1.3984708426072106,Medium,0.27883216934264504,Base
284:00,0.12790697674418539,0.5882352941176472,0.10526315789473673,0.2738018095855231,0.2788321693426451,1.3984708426072106,Medium,0.27883216934264504,Base
284:30,0.12790697674418539,0.5882352941176472,0.10526315789473673,0.2738018095855231,0.2788321693426451,1.3984708426072106,Medium,0.27883216934264504,Base
285:00,0.12790697674418539,0.5882352941176472,0.09210526315789469,0.2694158446732424,0.2729111167110662,1.3984708426072106,Medium,0.2729111167110661,Base
285:30,0.12790697674418539,0.5882352941176472,0.07894736842105265,0.26502987976096176,0.2669900640794873,1.3984708426072106,Medium,0.26699006407948717,Base
286:00,0.12790697674418539,0.47058823529411775,0.06578947368421062,0.22142822857417124,0.21989254085967305,1.262764679743592,Medium,0.219892540859673,Base
286:30,0.12790697674418539,0.47058823529411775,0.052631578947368585,0.21704226366189058,0.21397148822809414,1.262764679743592,Medium,0.2139714882280941,Base
287:00,0.12790697674418539,0.47058823529411775,0.052631578947368585,0.21704226366189058,0.21397148822809414,1.262764679743592,Medium,0.2139714882280941,Base
287:30,0.12790697674418539,0.47058823529411775,0.07894736842105265,0.22581419348645193,0.22581359349125196,1.262764679743592,Medium,0.2258135934912519,Base
288:00,0.12790697674418539,0.47058823529411775,0.09210526315789469,0.23020015839873262,0.2317346461228309,1.262764679743592,Medium,0.23173464612283085,Base
288:30,0.12790697674418539,0.47058823529411775,0.10526315789473673,0.23458612331101328,0.2376556987544098,1.262764679743592,Medium,0.23765569875440976,Base
289:00,0.12790697674418539,0.47058823529411775,0.1184210526315792,0.2389720882232941,0.24357675138598892,1.262764679743592,Medium,0.24357675138598886,Base
289:30,0.12790697674418539,0.47058823529411775,0.1184210526315792,0.2389720882232941,0.24357675138598892,1.262764679743592,Medium,0.24357675138598886,Base
290:00,0.12790697674418539,0.6764705882352939,0.13157894736842124,0.31198550411596687,0.3215566275469795,1.4190675485932571,Medium,0.3215566275469794,Base
290:30,0.08527131782945574,0.6764705882352939,0.13157894736842124,0.297773617811057,0.31302949576403355,1.4190675485932571,Medium,0.31302949576403344,Base
291:00,0.08527131782945574,0.6764705882352939,0.13157894736842124,0.297773617811057,0.31302949576403355,1.4190675485932571,Medium,0.31302949576403344,Base
291:30,0.08527131782945574,0.6764705882352939,0.13157894736842124,0.297773617811057,0.31302949576403355,1.4190675485932571,Medium,0.31302949576403344,Base
292:00,0.08527131782945574,0.6764705882352939,0.13157894736842124,0.297773617811057,0.31302949576403355,1.4190675485932571,Medium,0.31302949576403344,Base
292:30,0.08527131782945574,0.6764705882352939,0.1184210526315792,0.2933876528987763,0.3071084431324546,1.4190675485932571,Medium,0.3071084431324545,Base
293:00,0.12790697674418539,0.6764705882352939,0.09210526315789469,0.29882760937912467,0.3037934696522425,1.4190675485932571,Medium,0.30379346965224246,Base
293:30,0.08527131782945574,0.6764705882352939,0.07894736842105265,0.28022975816193413,0.2893452852377177,1.4190675485932571,Medium,0.2893452852377176,Base
294:00,0.08527131782945574,0.5,0.09210526315789469,0.22579219366245015,0.23350163198694376,1.2954038201003124,Medium,0.2335016319869437,Base
294:30,0.08527131782945574,0.5,0.09210526315789469,0.22579219366245015,0.23350163198694376,1.2954038201003124,Medium,0.2335016319869437,Base
295:00,0.08527131782945574,0.5,0.09210526315789469,0.22579219366245015,0.23350163198694376,1.2954038201003124,Medium,0.2335016319869437,Base
295:30,0.08527131782945574,0.5,0.07894736842105265,0.22140622875016946,0.22758057935536483,1.2954038201003124,Medium,0.22758057935536477,Base
296:00,0.08527131782945574,0.5,0.06578947368421062,0.21702026383788878,0.22165952672378592,1.2954038201003124,Medium,0.22165952672378586,Base
296:30,0.08527131782945574,0.5,0.052631578947368585,0.21263429892560812,0.215738474092207,1.2954038201003124,Medium,0.21573847409220695,Base
297:00,0.08527131782945574,0.5,0.052631578947368585,0.21263429892560812,0.215738474092207,1.2954038201003124,Medium,0.21573847409220695,Base
297:30,0.08527131782945574,0.5,0.052631578947368585,0.21263429892560812,0.215738474092207,1.2954038201003124,Medium,0.21573847409220695,Base
298:00,0.08527131782945574,0.5882352941176472,0.052631578947368585,0.2420460636314905,0.24662082703338353,1.3984708426072106,Medium,0.24662082703338345,Base
298:30,0.08527131782945574,0.5882352941176472,0.052631578947368585,0.2420460636314905,0.24662082703338353,1.3984708426072106,Medium,0.24662082703338345,Base
299:00,0.08527131782945574,0.5882352941176472,0.052631578947368585,0.2420460636314905,0.24662082703338353,1.3984708426072106,Medium,0.24662082703338345,Base
299:30,0.08527131782945574,0.5882352941176472,0.052631578947368585,0.2420460636314905,0.24662082703338353,1.3984708426072106,Medium,0.24662082703338345,Base
300:00,0.08527131782945574,0.5882352941176472,0.02631578947368407,0.233274133806929,0.2347787217702255,1.3984708426072106,Medium,0.2347787217702254,Base
300:30,0.08527131782945574,0.5882352941176472,0.02631578947368407,0.233274133806929,0.2347787217702255,1.3984708426072106,Medium,0.2347787217702254,Base
301:00,0.08527131782945574,0.5882352941176472,0.052631578947368585,0.2420460636314905,0.24662082703338353,1.3984708426072106,Medium,0.24662082703338345,Base
301:30,0.08527131782945574,0.5882352941176472,0.06578947368421062,0.2464320285437712,0.25254187966496244,1.3984708426072106,Medium,0.25254187966496233,Base
302:00,0.08527131782945574,0.6470588235294117,0.09210526315789469,0.27481180150558737,0.2849722202222378,1.4190675485932571,Medium,0.2849722202222377,Base
302:30,0.08527131782945574,0.6470588235294117,0.10526315789473673,0.27919776641786803,0.2908932728538167,1.4190675485932571,Medium,0.2908932728538166,Base
303:00,0.08527131782945574,0.6470588235294117,0.10526315789473673,0.27919776641786803,0.2908932728538167,1.4190675485932571,Medium,0.2908932728538166,Base
303:30,0.08527131782945574,0.6470588235294117,0.10526315789473673,0.27919776641786803,0.2908932728538167,1.4190675485932571,Medium,0.2908932728538166,Base
304:00,0.08527131782945574,0.6470588235294117,0.10526315789473673,0.27919776641786803,0.2908932728538167,1.4190675485932571,Medium,0.2908932728538166,Base
304:30,0.08527131782945574,0.6470588235294117,0.10526315789473673,0.27919776641786803,0.2908932728538167,1.4190675485932571,Medium,0.2908932728538166,Base
305:00,0.08527131782945574,0.6470588235294117,0.09210526315789469,0.27481180150558737,0.2849722202222378,1.4190675485932571,Medium,0.2849722202222377,Base
305:30,0.042635658914729646,0.6470588235294117,0.07894736842105265,0.256213950288398,0.2705240358077137,1.4190675485932571,Medium,0.2705240358077136,Base
306:00,0.08527131782945574,0.5588235294117645,0.07894736842105265,0.2410140718874243,0.2481688146494824,1.3632348139585504,Medium,0.24816881464948232,Base
306:30,0.08527131782945574,0.5588235294117645,0.07894736842105265,0.2410140718874243,0.2481688146494824,1.3632348139585504,Medium,0.24816881464948232,Base
307:00,0.042635658914729646,0.5588235294117645,0.07894736842105265,0.2268021855825156,0.23964168286653717,1.3632348139585504,Medium,0.2396416828665371,Base
307:30,0.042635658914729646,0.5588235294117645,0.07894736842105265,0.2268021855825156,0.23964168286653717,1.3632348139585504,Medium,0.2396416828665371,Base
308:00,0.08527131782945574,0.5588235294117645,0.07894736842105265,0.2410140718874243,0.2481688146494824,1.3632348139585504,Medium,0.24816881464948232,Base
308:30,0.042635658914729646,0.5588235294117645,0.07894736842105265,0.2268021855825156,0.23964168286653717,1.3632348139585504,Medium,0.2396416828665371,Base
309:00,0.08527131782945574,0.5588235294117645,0.07894736842105265,0.2410140718874243,0.2481688146494824,1.3632348139585504,Medium,0.24816881464948232,Base
309:30,0.042635658914729646,0.5588235294117645,0.07894736842105265,0.2268021855825156,0.23964168286653717,1.3632348139585504,Medium,0.2396416828665371,Base
310:00,0.08527131782945574,0.44117647058823506,0.07894736842105265,0.2017983856129145,0.20699234406124709,1.2309479188385104,Medium,0.20699234406124706,Base
310:30,0.042635658914729646,0.44117647058823506,0.07894736842105265,0.18758649930800578,0.19846521227830186,1.2309479188385104,Medium,0.19846521227830183,Base
311:00,0.08527131782945574,0.44117647058823506,0.07894736842105265,0.2017983856129145,0.20699234406124709,1.2309479188385104,Medium,0.20699234406124706,Base
311:30,0.042635658914729646,0.44117647058823506,0.07894736842105265,0.18758649930800578,0.19846521227830186,1.2309479188385104,Medium,0.19846521227830183,Base
312:00,0.042635658914729646,0.44117647058823506,0.06578947368421062,0.18320053439572512,0.19254415964672295,1.2309479188385104,Medium,0.19254415964672292,Base
312:30,0.042635658914729646,0.44117647058823506,0.06578947368421062,0.18320053439572512,0.19254415964672295,1.2309479188385104,Medium,0.19254415964672292,Base
313:00,0.042635658914729646,0.44117647058823506,0.09210526315789469,0.19197246422028647,0.2043862649098808,1.2309479188385104,Medium,0.20438626490988074,Base
313:30,0.042635658914729646,0.44117647058823506,0.10526315789473673,0.19635842913256715,0.2103073175414597,1.2309479188385104,Medium,0.21030731754145968,Base
314:00,0.042635658914729646,0.5,0.10526315789473673,0.21596627226982212,0.23089555283557744,1.2954038201003124,Medium,0.2308955528355774,Base
314:30,0.042635658914729646,0.5,0.052631578947368585,0.1984224126206994,0.20721134230926178,1.2954038201003124,Medium,0.20721134230926172,Base
315:00,0.042635658914729646,0.5,0.013157894736842035,0.18526451788385723,0.18944818441452482,1.2954038201003124,Medium,0.18944818441452477,Base
315:30,0.042635658914729646,0.5,0.013157894736842035,0.18526451788385723,0.18944818441452482,1.2954038201003124,Medium,0.18944818441452477,Base
316:00,0.042635658914729646,0.5,0.013157894736842035,0.18526451788385723,0.18944818441452482,1.2954038201003124,Medium,0.18944818441452477,Base
316:30,0.042635658914729646,0.5,0.0,0.18087855297157654,0.1835271317829459,1.2954038201003124,Medium,0.18352713178294586,Base
317:00,0.042635658914729646,0.5,0.0,0.18087855297157654,0.1835271317829459,1.2954038201003124,Medium,0.18352713178294586,Base
317:30,0.042635658914729646,0.5,0.0,0.18087855297157654,0.1835271317829459,1.2954038201003124,Medium,0.18352713178294586,Base
318:00,0.042635658914729646,0.5,0.013157894736842035,0.18526451788385723,0.18944818441452482,1.2954038201003124,Medium,0.18944818441452477,Base
318:30,0.042635658914729646,0.2647058823529411,0.013157894736842035,0.1068331453348376,0.10709524323805422,1.0561927773986248,Low,0.10709524323805422,Base
319:00,0.042635658914729646,0.2647058823529411,0.013157894736842035,0.1068331453348376,0.10709524323805422,1.0561927773986248,Low,0.10709524323805422,Base
319:30,0.042635658914729646,0.2647058823529411,0.013157894736842035,0.1068331453348376,0.10709524323805422,1.0561927773986248,Low,0.10709524323805422,Base
320:00,0.042635658914729646,0.2647058823529411,0.013157894736842035,0.1068331453348376,0.10709524323805422,1.0561927773986248,Low,0.10709524323805422,Base
320:30,0.042635658914729646,0.2647058823529411,0.02631578947368407,0.11121911024711828,0.11301629586963315,1.0561927773986248,Low,0.11301629586963315,Base
321:00,0.042635658914729646,0.2647058823529411,0.03947368421052655,0.1156050751593991,0.11893734850121226,1.0561927773986248,Low,0.11893734850121226,Base
321:30,0.042635658914729646,0.2647058823529411,0.052631578947368585,0.11999104007167978,0.12485840113279117,1.0561927773986248,Low,0.12485840113279117,Base
322:00,0.042635658914729646,0.2647058823529411,0.06578947368421062,0.12437700498396047,0.13077945376437008,1.0561927773986248,Low,0.13077945376437008,Base
322:30,0.042635658914729646,0.2647058823529411,0.06578947368421062,0.12437700498396047,0.13077945376437008,1.0561927773986248,Low,0.13077945376437008,Base
323:00,0.042635658914729646,0.20588235294117663,0.06578947368421062,0.10476916184670564,0.11019121847025251,1.0036393910976937,Low,0.11019121847025252,Base
323:30,0.042635658914729646,0.20588235294117663,0.07894736842105265,0.10915512675898631,0.11611227110183144,1.0036393910976937,Low,0.11611227110183145,Base
324:00,0.042635658914729646,0.20588235294117663,0.07894736842105265,0.10915512675898631,0.11611227110183144,1.0036393910976937,Low,0.11611227110183145,Base
324:30,0.042635658914729646,0.20588235294117663,0.07894736842105265,0.10915512675898631,0.11611227110183144,1.0036393910976937,Low,0.11611227110183145,Base
325:00,0.042635658914729646,0.20588235294117663,0.09210526315789469,0.11354109167126698,0.12203332373341036,1.0036393910976937,Low,0.12203332373341036,Base
325:30,0.042635658914729646,0.20588235294117663,0.09210526315789469,0.11354109167126698,0.12203332373341036,1.0036393910976937,Low,0.12203332373341036,Base
326:00,0.042635658914729646,0.20588235294117663,0.07894736842105265,0.10915512675898631,0.11611227110183144,1.0036393910976937,Low,0.11611227110183145,Base
326:30,0.042635658914729646,0.20588235294117663,0.07894736842105265,0.10915512675898631,0.11611227110183144,1.0036393910976937,Low,0.11611227110183145,Base
327:00,0.042635658914729646,0.5588235294117645,0.06578947368421062,0.22241622067023492,0.23372063023495826,1.3632348139585504,Medium,0.23372063023495818,Base
327:30,0.042635658914729646,0.5588235294117645,0.052631578947368585,0.21803025575795423,0.22779957760337935,1.3632348139585504,Medium,0.22779957760337927,Base
328:00,0.042635658914729646,0.5588235294117645,0.052631578947368585,0.21803025575795423,0.22779957760337935,1.3632348139585504,Medium,0.22779957760337927,Base
328:30,0.042635658914729646,0.5588235294117645,0.03947368421052655,0.21364429084567357,0.22187852497180044,1.3632348139585504,Medium,0.22187852497180036,Base
329:00,0.042635658914729646,0.5588235294117645,0.03947368421052655,0.21364429084567357,0.22187852497180044,1.3632348139585504,Medium,0.22187852497180036,Base
329:30,0.042635658914729646,0.5588235294117645,0.03947368421052655,0.21364429084567357,0.22187852497180044,1.3632348139585504,Medium,0.22187852497180036,Base
330:00,0.042635658914729646,0.5588235294117645,0.052631578947368585,0.21803025575795423,0.22779957760337935,1.3632348139585504,Medium,0.22779957760337927,Base
330:30,0.042635658914729646,0.5588235294117645,0.06578947368421062,0.22241622067023492,0.23372063023495826,1.3632348139585504,Medium,0.23372063023495818,Base
331:00,0.042635658914729646,0.5588235294117645,0.052631578947368585,0.21803025575795423,0.22779957760337935,1.3632348139585504,Medium,0.22779957760337927,Base
331:30,0.042635658914729646,0.47058823529411775,0.052631578947368585,0.18861849105207198,0.196917224662203,1.262764679743592,Medium,0.19691722466220293,Base
332:00,0.042635658914729646,0.47058823529411775,0.052631578947368585,0.18861849105207198,0.196917224662203,1.262764679743592,Medium,0.19691722466220293,Base
332:30,0.042635658914729646,0.47058823529411775,0.03947368421052655,0.18423252613979132,0.19099617203062408,1.262764679743592,Medium,0.19099617203062402,Base
333:00,0.042635658914729646,0.47058823529411775,0.03947368421052655,0.18423252613979132,0.19099617203062408,1.262764679743592,Medium,0.19099617203062402,Base
333:30,0.042635658914729646,0.47058823529411775,0.052631578947368585,0.18861849105207198,0.196917224662203,1.262764679743592,Medium,0.19691722466220293,Base
334:00,0.042635658914729646,0.47058823529411775,0.06578947368421062,0.19300445596435267,0.2028382772937819,1.262764679743592,Medium,0.20283827729378184,Base
334:30,0.042635658914729646,0.47058823529411775,0.07894736842105265,0.19739042087663336,0.2087593299253608,1.262764679743592,Medium,0.20875932992536075,Base
335:00,0.042635658914729646,0.47058823529411775,0.07894736842105265,0.19739042087663336,0.2087593299253608,1.262764679743592,Medium,0.20875932992536075,Base
335:30,0.042635658914729646,0.47058823529411775,0.09210526315789469,0.20177638578891402,0.21468038255693975,1.262764679743592,Medium,0.2146803825569397,Base
336:00,0.0,0.11764705882352944,0.09210526315789469,0.06991744066047471,0.08262383900928791,1.0,Low,0.08262383900928794,Base
336:30,0.042635658914729646,0.11764705882352944,0.10526315789473673,0.08851529187766527,0.09707202342381274,1.0,Low,0.09707202342381277,Base
337:00,0.042635658914729646,0.11764705882352944,0.10526315789473673,0.08851529187766527,0.09707202342381274,1.0,Low,0.09707202342381277,Base
337:30,0.0,0.11764705882352944,0.10526315789473673,0.07430340557275539,0.08854489164086682,1.0,Low,0.08854489164086685,Base
338:00,0.042635658914729646,0.11764705882352944,0.1184210526315792,0.0929012567899461,0.10299307605539187,1.0,Low,0.10299307605539189,Base
338:30,0.0,0.11764705882352944,0.1184210526315792,0.07868937048503621,0.09446594427244595,1.0,Low,0.09446594427244596,Base
339:00,0.042635658914729646,0.11764705882352944,0.1184210526315792,0.0929012567899461,0.10299307605539187,1.0,Low,0.10299307605539189,Base
339:30,0.042635658914729646,0.11764705882352944,0.13157894736842124,0.09728722170222677,0.10891412868697078,1.0,Low,0.10891412868697081,Base
340:00,0.0,0.11764705882352944,0.14473684210526327,0.08746130030959758,0.10630804953560377,1.003102132519695,Low,0.1063080495356038,Base
340:30,0.042635658914729646,0.11764705882352944,0.14473684210526327,0.10167318661450746,0.1148351813185497,1.003102132519695,Low,0.11483518131854972,Base
341:00,0.0,0.1470588235294117,0.1578947368421053,0.10165118679050567,0.12252321981424148,1.024119738406912,Low,0.1225232198142415,Base
341:30,0.042635658914729646,0.1470588235294117,0.1578947368421053,0.11586307309541555,0.13105035159718742,1.024119738406912,Low,0.13105035159718742,Base
342:00,0.042635658914729646,0.1470588235294117,0.1578947368421053,0.11586307309541555,0.13105035159718742,1.024119738406912,Low,0.13105035159718742,Base
342:30,0.0,0.1470588235294117,0.17105263157894735,0.10603715170278634,0.1284442724458204,1.0455777179539085,Low,0.1284442724458204,Base
343:00,0.0,0.1470588235294117,0.17105263157894735,0.10603715170278634,0.1284442724458204,1.0455777179539085,Low,0.1284442724458204,Base
343:30,0.042635658914729646,0.1470588235294117,0.18421052631578938,0.12463500291997691,0.14289245686034524,1.0674852981374046,Low,0.14289245686034524,Base
344:00,0.042635658914729646,0.1470588235294117,0.18421052631578938,0.12463500291997691,0.14289245686034524,1.0674852981374046,Low,0.14289245686034524,Base
344:30,0.042635658914729646,0.1470588235294117,0.18421052631578938,0.12463500291997691,0.14289245686034524,1.0674852981374046,Low,0.14289245686034524,Base
345:00,0.042635658914729646,0.1470588235294117,0.19736842105263142,0.12902096783225758,0.14881350949192415,1.089851899263347,Low,0.14881350949192415,Base
345:30,0.042635658914729646,0.1470588235294117,0.19736842105263142,0.12902096783225758,0.14881350949192415,1.089851899263347,Low,0.14881350949192415,Base
346:00,0.042635658914729646,0.1470588235294117,0.19736842105263142,0.12902096783225758,0.14881350949192415,1.089851899263347,Low,0.14881350949192415,Base
346:30,0.0,0.1470588235294117,0.19736842105263142,0.1148090815273477,0.14028637770897823,1.089851899263347,Low,0.14028637770897823,Base
347:00,0.042635658914729646,0.1470588235294117,0.19736842105263142,0.12902096783225758,0.14881350949192415,1.089851899263347,Low,0.14881350949192415,Base
347:30,0.042635658914729646,0.1470588235294117,0.2105263157894739,0.1334069327445384,0.15473456212350326,1.1126871390176627,Low,0.15473456212350328,Base
348:00,0.042635658914729646,0.1470588235294117,0.2105263157894739,0.1334069327445384,0.15473456212350326,1.1126871390176627,Low,0.15473456212350328,Base
348:30,0.042635658914729646,0.1470588235294117,0.22368421052631593,0.1377928976568191,0.1606556147550822,1.1360008366018806,Low,0.1606556147550822,Base
349:00,0.0,0.1470588235294117,0.22368421052631593,0.1235810113519092,0.15212848297213627,1.1360008366018806,Low,0.15212848297213627,Base
349:30,0.0,0.1470588235294117,0.22368421052631593,0.1235810113519092,0.15212848297213627,1.1360008366018806,Low,0.15212848297213627,Base
350:00,0.042635658914729646,0.20588235294117663,0.23684210526315796,0.16178670570635476,0.18716490268077882,1.1640239937303993,Low,0.18716490268077882,Base
350:30,0.0,0.20588235294117663,0.23684210526315796,0.14757481940144487,0.1786377708978329,1.1640239937303993,Low,0.1786377708978329,Base
351:00,0.042635658914729646,0.20588235294117663,0.25,0.16617267061863542,0.19308595531235775,1.1884133323135366,Low,0.19308595531235775,Base
351:30,0.0,0.20588235294117663,0.25,0.15196078431372553,0.18455882352941183,1.1884133323135366,Low,0.18455882352941183,Base
352:00,0.042635658914729646,0.20588235294117663,0.25,0.16617267061863542,0.19308595531235775,1.1884133323135366,Low,0.19308595531235775,Base
352:30,0.0,0.20588235294117663,0.26315789473684204,0.15634674922600622,0.1904798761609907,1.213313691150317,Low,0.1904798761609907,Base
353:00,0.042635658914729646,0.20588235294117663,0.26315789473684204,0.1705586355309161,0.19900700794393664,1.213313691150317,Low,0.19900700794393664,Base
353:30,0.0,0.20588235294117663,0.26315789473684204,0.15634674922600622,0.1904798761609907,1.213313691150317,Low,0.1904798761609907,Base
354:00,0.0,0.20588235294117663,0.27631578947368407,0.1607327141382869,0.19640092879256965,1.238735777447857,Medium,0.19640092879256965,Base
354:30,0.042635658914729646,0.20588235294117663,0.27631578947368407,0.1749446004431968,0.20492806057551557,1.238735777447857,Medium,0.20492806057551557,Base
355:00,0.042635658914729646,0.23529411764705888,0.28947368421052655,0.18913448692410503,0.22114323085415347,1.297379441082388,Medium,0.22114323085415347,Base
355:30,0.0,0.23529411764705888,0.28947368421052655,0.17492260061919515,0.21261609907120754,1.297379441082388,Medium,0.21261609907120754,Base
356:00,0.0,0.23529411764705888,0.28947368421052655,0.17492260061919515,0.21261609907120754,1.297379441082388,Medium,0.21261609907120754,Base
356:30,1.0,0.9500000000000002,0.9090909090909092,0.9530303030303031,0.9415909090909091,2.718281828459045,High,0.9415909090909094,After_Lunch
357:00,1.0,0.9500000000000002,0.7532467532467537,0.9010822510822513,0.8714610389610391,2.718281828459045,High,0.8714610389610395,After_Lunch
357:30,1.0,0.9500000000000002,0.6883116883116891,0.8794372294372298,0.8422402597402601,2.718281828459045,High,0.8422402597402605,After_Lunch
358:00,1.0,0.9500000000000002,0.8831168831168839,0.9443722943722946,0.9299025974025978,2.718281828459045,High,0.9299025974025981,After_Lunch
358:30,0.9289940828402337,0.9500000000000002,0.9350649350649354,0.9380196726350564,0.9390780373472677,2.718281828459045,High,0.939078037347268,After_Lunch
359:00,1.0,0.9500000000000002,1.0,0.9833333333333334,0.9824999999999999,2.718281828459045,High,0.9825000000000004,After_Lunch
359:30,0.9289940828402337,0.9500000000000002,0.9740259740259747,0.9510066856220695,0.9566105048797354,2.718281828459045,High,0.9566105048797355,After_Lunch
360:00,0.9289940828402337,0.9500000000000002,0.9480519480519485,0.9423486769640608,0.9449221931914237,2.718281828459045,High,0.9449221931914238,After_Lunch
360:30,0.9289940828402337,0.9500000000000002,0.9350649350649354,0.9380196726350564,0.9390780373472677,2.718281828459045,High,0.939078037347268,After_Lunch
361:00,0.9289940828402337,0.9500000000000002,0.9220779220779223,0.9336906683060521,0.9332338815031118,2.718281828459045,High,0.933233881503112,After_Lunch
361:30,0.9289940828402337,0.34999999999999964,0.9220779220779223,0.7336906683060519,0.7232338815031116,2.178585327284934,Medium,0.7232338815031119,After_Lunch
362:00,0.8639053254437812,0.34999999999999964,0.9090909090909092,0.7076654115115634,0.7043719741796652,2.178585327284934,Medium,0.7043719741796655,After_Lunch
362:30,0.8639053254437812,0.34999999999999964,0.9090909090909092,0.7076654115115634,0.7043719741796652,2.178585327284934,Medium,0.7043719741796655,After_Lunch
363:00,0.8639053254437812,0.34999999999999964,0.9090909090909092,0.7076654115115634,0.7043719741796652,2.178585327284934,Medium,0.7043719741796655,After_Lunch
363:30,0.8639053254437812,0.34999999999999964,0.9090909090909092,0.7076654115115634,0.7043719741796652,2.178585327284934,Medium,0.7043719741796655,After_Lunch
364:00,0.8639053254437812,0.34999999999999964,0.8961038961038961,0.703336407182559,0.6985278183355094,2.178585327284934,Medium,0.6985278183355095,After_Lunch
364:30,0.8639053254437812,0.34999999999999964,0.8831168831168839,0.6990074028535549,0.6926836624913538,2.178585327284934,Medium,0.6926836624913539,After_Lunch
365:00,0.8639053254437812,0.7999999999999998,0.8701298701298708,0.8446783985245506,0.8443395066471979,2.718281828459045,High,0.8443395066471981,After_Lunch
365:30,0.7988165680473358,0.7999999999999998,0.8571428571428577,0.8186531417300644,0.8254775993237531,2.718281828459045,High,0.8254775993237533,After_Lunch
366:00,0.7988165680473358,0.7999999999999998,0.8571428571428577,0.8186531417300644,0.8254775993237531,2.718281828459045,High,0.8254775993237533,After_Lunch
366:30,0.7988165680473358,0.7999999999999998,0.8441558441558445,0.81432413740106,0.8196334434795971,2.718281828459045,High,0.8196334434795973,After_Lunch
367:00,0.7988165680473358,0.7999999999999998,0.8441558441558445,0.81432413740106,0.8196334434795971,2.718281828459045,High,0.8196334434795973,After_Lunch
367:30,0.7988165680473358,0.7999999999999998,0.8441558441558445,0.81432413740106,0.8196334434795971,2.718281828459045,High,0.8196334434795973,After_Lunch
368:00,0.7988165680473358,0.7999999999999998,0.8311688311688314,0.8099951330720557,0.8137892876354412,2.718281828459045,High,0.8137892876354416,After_Lunch
368:30,0.7988165680473358,0.7999999999999998,0.8311688311688314,0.8099951330720557,0.8137892876354412,2.718281828459045,High,0.8137892876354416,After_Lunch
369:00,0.7988165680473358,0.6500000000000004,0.8181818181818183,0.7556661287430515,0.7554451317912856,2.718281828459045,High,0.7554451317912858,After_Lunch
369:30,0.7337278106508833,0.6500000000000004,0.8051948051948052,0.729640871948563,0.7365832244678391,2.718281828459045,High,0.7365832244678392,After_Lunch
370:00,0.7337278106508833,0.6500000000000004,0.8051948051948052,0.729640871948563,0.7365832244678391,2.718281828459045,High,0.7365832244678392,After_Lunch
370:30,0.7337278106508833,0.6500000000000004,0.8051948051948052,0.729640871948563,0.7365832244678391,2.718281828459045,High,0.7365832244678392,After_Lunch
371:00,0.7337278106508833,0.6500000000000004,0.792207792207793,0.7253118676195589,0.7307390686236837,2.718281828459045,High,0.7307390686236839,After_Lunch
371:30,0.7337278106508833,0.6500000000000004,0.7792207792207799,0.7209828632905545,0.7248949127795278,2.718281828459045,High,0.7248949127795279,After_Lunch
372:00,0.7337278106508833,0.6500000000000004,0.7662337662337668,0.7166538589615502,0.7190507569353718,2.718281828459045,High,0.7190507569353719,After_Lunch
372:30,0.7337278106508833,0.7000000000000002,0.7532467532467537,0.7289915212992124,0.7307066010912159,2.718281828459045,High,0.730706601091216,After_Lunch
373:00,0.7337278106508833,0.7000000000000002,0.7532467532467537,0.7289915212992124,0.7307066010912159,2.718281828459045,High,0.730706601091216,After_Lunch
373:30,0.7337278106508833,0.7000000000000002,0.7532467532467537,0.7289915212992124,0.7307066010912159,2.718281828459045,High,0.730706601091216,After_Lunch
374:00,0.7337278106508833,0.7000000000000002,0.7532467532467537,0.7289915212992124,0.7307066010912159,2.718281828459045,High,0.730706601091216,After_Lunch
374:30,0.662721893491117,0.7000000000000002,0.7272727272727275,0.6966648735879483,0.7048171059709509,2.718281828459045,High,0.7048171059709509,After_Lunch
375:00,0.662721893491117,0.7000000000000002,0.7012987012987013,0.6880068649299395,0.6931287942826391,2.718281828459045,High,0.6931287942826392,After_Lunch
375:30,0.662721893491117,0.7000000000000002,0.6883116883116891,0.6836778606009354,0.6872846384384836,2.718281828459045,High,0.6872846384384836,After_Lunch
376:00,0.662721893491117,0.7000000000000002,0.675324675324676,0.6793488562719311,0.6814404825943277,2.718281828459045,High,0.6814404825943277,After_Lunch
376:30,0.662721893491117,0.5999999999999996,0.6623376623376629,0.6416865186095931,0.6405963267501715,2.706312404989024,High,0.6405963267501718,After_Lunch
377:00,0.662721893491117,0.5999999999999996,0.6363636363636367,0.6330285099515844,0.6289080150618598,2.706312404989024,High,0.6289080150618598,After_Lunch
377:30,0.662721893491117,0.5999999999999996,0.6233766233766236,0.62869950562258,0.6230638592177039,2.706312404989024,High,0.623063859217704,After_Lunch
378:00,0.662721893491117,0.5999999999999996,0.6103896103896105,0.6243705012935757,0.617219703373548,2.706312404989024,High,0.617219703373548,After_Lunch
378:30,0.662721893491117,0.5999999999999996,0.6103896103896105,0.6243705012935757,0.617219703373548,2.706312404989024,High,0.617219703373548,After_Lunch
379:00,0.5976331360946716,0.5999999999999996,0.5974025974025974,0.5983452444990895,0.598357796050103,2.706312404989024,High,0.5983577960501032,After_Lunch
379:30,0.662721893491117,0.5999999999999996,0.5844155844155852,0.6157124926355673,0.6055313916852366,2.706312404989024,High,0.6055313916852367,After_Lunch
380:00,0.5976331360946716,0.5999999999999996,0.5714285714285721,0.5896872358410811,0.5866694843617917,2.706312404989024,High,0.5866694843617917,After_Lunch
380:30,0.5976331360946716,0.5499999999999998,0.558441558441559,0.5686915648454102,0.5633253285176358,2.5914167254597573,High,0.5633253285176358,After_Lunch
381:00,0.5976331360946716,0.5499999999999998,0.5454545454545459,0.5643625605164058,0.55748117267348,2.5914167254597573,High,0.5574811726734801,After_Lunch
381:30,0.5976331360946716,0.5499999999999998,0.5324675324675328,0.5600335561874014,0.551637016829324,2.5914167254597573,High,0.5516370168293241,After_Lunch
382:00,0.5976331360946716,0.5499999999999998,0.5194805194805197,0.5557045518583971,0.5457928609851681,2.5914167254597573,High,0.5457928609851681,After_Lunch
382:30,0.5976331360946716,0.5499999999999998,0.5194805194805197,0.5557045518583971,0.5457928609851681,2.5914167254597573,High,0.5457928609851681,After_Lunch
383:00,0.5976331360946716,0.5499999999999998,0.5194805194805197,0.5557045518583971,0.5457928609851681,2.5914167254597573,High,0.5457928609851681,After_Lunch
383:30,0.5325443786982191,0.5499999999999998,0.5064935064935066,0.5296792950639085,0.5269309536617217,2.512374988026986,High,0.5269309536617217,After_Lunch
384:00,0.5325443786982191,0.9000000000000004,0.49350649350649345,0.6420169574015709,0.643586797817566,2.635370532702391,High,0.643586797817566,After_Lunch
384:30,0.5325443786982191,0.9000000000000004,0.46753246753246813,0.6333589487435626,0.6318984861292546,2.635370532702391,High,0.6318984861292547,After_Lunch
385:00,0.5325443786982191,0.9000000000000004,0.46753246753246813,0.6333589487435626,0.6318984861292546,2.635370532702391,High,0.6318984861292547,After_Lunch
385:30,0.5325443786982191,0.9000000000000004,0.45454545454545503,0.6290299444145582,0.6260543302850987,2.635370532702391,High,0.6260543302850987,After_Lunch
386:00,0.5325443786982191,0.9000000000000004,0.45454545454545503,0.6290299444145582,0.6260543302850987,2.635370532702391,High,0.6260543302850987,After_Lunch
386:30,0.5325443786982191,0.9000000000000004,0.45454545454545503,0.6290299444145582,0.6260543302850987,2.635370532702391,High,0.6260543302850987,After_Lunch
387:00,0.5325443786982191,0.9000000000000004,0.4415584415584419,0.6247009400855538,0.6202101744409428,2.635370532702391,High,0.620210174440943,After_Lunch
387:30,0.5325443786982191,1.0,0.4285714285714288,0.6537052690898827,0.6493660185967868,2.635370532702391,High,0.6493660185967869,After_Lunch
388:00,0.46745562130177376,1.0,0.4155844155844157,0.6276800122953965,0.6305041112733418,2.4994766472771186,High,0.630504111273342,After_Lunch
388:30,0.5325443786982191,1.0,0.4025974025974026,0.6450472604318739,0.637677706908475,2.5306982019405684,High,0.6376777069084751,After_Lunch
389:00,0.46745562130177376,1.0,0.3896103896103904,0.619022003637388,0.6188157995850304,2.3992296998629143,High,0.6188157995850305,After_Lunch
389:30,0.5325443786982191,1.0,0.3766233766233773,0.6363892517738655,0.6259893952201636,2.429199046168288,High,0.6259893952201638,After_Lunch
390:00,0.46745562130177376,1.0,0.3766233766233773,0.6146929993083837,0.6129716437408745,2.350624192537899,High,0.6129716437408748,After_Lunch
390:30,0.46745562130177376,1.0,0.3766233766233773,0.6146929993083837,0.6129716437408745,2.350624192537899,High,0.6129716437408748,After_Lunch
391:00,0.46745562130177376,0.75,0.3636363636363642,0.527030661646046,0.5196274878967186,2.303003374316414,High,0.5196274878967186,After_Lunch
391:30,0.46745562130177376,0.75,0.3636363636363642,0.527030661646046,0.5196274878967186,2.303003374316414,High,0.5196274878967186,After_Lunch
392:00,0.46745562130177376,0.75,0.3506493506493511,0.5227016573170417,0.5137833320525628,2.256347296581853,High,0.5137833320525629,After_Lunch
392:30,0.46745562130177376,0.75,0.337662337662338,0.5183726529880373,0.5079391762084068,2.210636414852582,Medium,0.5079391762084069,After_Lunch
393:00,0.46745562130177376,0.75,0.3246753246753249,0.5140436486590328,0.5020950203642509,2.1658515805946528,Medium,0.5020950203642511,After_Lunch
393:30,0.46745562130177376,0.75,0.2987012987012987,0.5053856400010242,0.49040670867593916,2.0789853921294084,Medium,0.4904067086759393,After_Lunch
394:00,0.4023668639053213,0.75,0.2857142857142865,0.4793603832065359,0.4715448013524931,1.9709831439217753,Medium,0.47154480135249327,After_Lunch
394:30,0.4023668639053213,0.75,0.2857142857142865,0.4793603832065359,0.4715448013524931,1.9709831439217753,Medium,0.47154480135249327,After_Lunch
395:00,0.4023668639053213,0.7999999999999998,0.2987012987012987,0.5003560542022066,0.4948889571966486,2.0117385466541586,Medium,0.4948889571966487,After_Lunch
395:30,0.4023668639053213,0.7999999999999998,0.2987012987012987,0.5003560542022066,0.4948889571966486,2.0117385466541586,Medium,0.4948889571966487,After_Lunch
396:00,0.4023668639053213,0.7999999999999998,0.2987012987012987,0.5003560542022066,0.4948889571966486,2.0117385466541586,Medium,0.4948889571966487,After_Lunch
396:30,0.4023668639053213,0.7999999999999998,0.2987012987012987,0.5003560542022066,0.4948889571966486,2.0117385466541586,Medium,0.4948889571966487,After_Lunch
397:00,0.4023668639053213,0.7999999999999998,0.2987012987012987,0.5003560542022066,0.4948889571966486,2.0117385466541586,Medium,0.4948889571966487,After_Lunch
397:30,0.4023668639053213,0.7999999999999998,0.2987012987012987,0.5003560542022066,0.4948889571966486,2.0117385466541586,Medium,0.4948889571966487,After_Lunch
398:00,0.4023668639053213,0.7999999999999998,0.2987012987012987,0.5003560542022066,0.4948889571966486,2.0117385466541586,Medium,0.4948889571966487,After_Lunch
398:30,0.4023668639053213,0.7999999999999998,0.2987012987012987,0.5003560542022066,0.4948889571966486,2.0117385466541586,Medium,0.4948889571966487,After_Lunch
399:00,0.33136094674556205,0.5,0.2857142857142865,0.3723584108199495,0.3698436179205413,1.7358290084129202,Medium,0.3698436179205413,After_Lunch
399:30,0.4023668639053213,0.5,0.2857142857142865,0.3960270498732026,0.3840448013524932,1.7992230859768696,Medium,0.3840448013524932,After_Lunch
400:00,0.33136094674556205,0.5,0.2987012987012987,0.3766874151489536,0.37568777376469675,1.771721963931382,Medium,0.37568777376469686,After_Lunch
400:30,0.33136094674556205,0.5,0.2857142857142865,0.3723584108199495,0.3698436179205413,1.7358290084129202,Medium,0.3698436179205413,After_Lunch
401:00,0.33136094674556205,0.5,0.2857142857142865,0.3723584108199495,0.3698436179205413,1.7358290084129202,Medium,0.3698436179205413,After_Lunch
401:30,0.33136094674556205,0.5,0.2857142857142865,0.3723584108199495,0.3698436179205413,1.7358290084129202,Medium,0.3698436179205413,After_Lunch
402:00,0.33136094674556205,0.5,0.2857142857142865,0.3723584108199495,0.3698436179205413,1.7358290084129202,Medium,0.3698436179205413,After_Lunch
402:30,0.33136094674556205,0.6500000000000004,0.2857142857142865,0.4223584108199496,0.4223436179205414,1.901537248481203,Medium,0.4223436179205415,After_Lunch
403:00,0.33136094674556205,0.6500000000000004,0.2727272727272734,0.4180294064909453,0.41649946207638555,1.8630143914720871,Medium,0.41649946207638555,After_Lunch
403:30,0.33136094674556205,0.6500000000000004,0.25974025974026027,0.41370040216194087,0.4106553062322297,1.8252719612010382,Medium,0.4106553062322297,After_Lunch
404:00,0.33136094674556205,0.6500000000000004,0.25974025974026027,0.41370040216194087,0.4106553062322297,1.8252719612010382,Medium,0.4106553062322297,After_Lunch
404:30,0.33136094674556205,0.6500000000000004,0.25974025974026027,0.41370040216194087,0.4106553062322297,1.8252719612010382,Medium,0.4106553062322297,After_Lunch
405:00,0.2662721893491167,0.6500000000000004,0.25974025974026027,0.3920041496964591,0.3976375547529406,1.7662317284077436,Medium,0.3976375547529406,After_Lunch
405:30,0.2662721893491167,0.6500000000000004,0.25974025974026027,0.3920041496964591,0.3976375547529406,1.7662317284077436,Medium,0.3976375547529406,After_Lunch
406:00,0.2662721893491167,0.6500000000000004,0.2727272727272734,0.3963331540254635,0.4034817105970965,1.8027533423200506,Medium,0.4034817105970965,After_Lunch
406:30,0.2662721893491167,0.4500000000000002,0.2727272727272734,0.3296664873587967,0.3334817105970964,1.5757878349620276,Medium,0.3334817105970964,After_Lunch
407:00,0.2662721893491167,0.4500000000000002,0.25974025974026027,0.3253374830297924,0.32763755475294054,1.543864269177854,Medium,0.3276375547529405,After_Lunch
407:30,0.2662721893491167,0.4500000000000002,0.25974025974026027,0.3253374830297924,0.32763755475294054,1.543864269177854,Medium,0.3276375547529405,After_Lunch
408:00,0.2662721893491167,0.4500000000000002,0.25974025974026027,0.3253374830297924,0.32763755475294054,1.543864269177854,Medium,0.3276375547529405,After_Lunch
408:30,0.2662721893491167,0.4500000000000002,0.25974025974026027,0.3253374830297924,0.32763755475294054,1.543864269177854,Medium,0.3276375547529405,After_Lunch
409:00,0.2662721893491167,0.4500000000000002,0.25974025974026027,0.3253374830297924,0.32763755475294054,1.543864269177854,Medium,0.3276375547529405,After_Lunch
409:30,0.2662721893491167,0.4500000000000002,0.24675324675324717,0.321008478700788,0.32179339890878467,1.5125874364308094,Medium,0.3217933989087846,After_Lunch
410:00,0.2662721893491167,0.4500000000000002,0.23376623376623407,0.3166794743717836,0.3159492430646287,1.4819442346876148,Medium,0.3159492430646287,After_Lunch
410:30,0.2662721893491167,0.39999999999999947,0.22077922077922096,0.2956838033761124,0.29260508722047257,1.390280922671552,Medium,0.29260508722047257,After_Lunch
411:00,0.2662721893491167,0.39999999999999947,0.20779220779220786,0.291354799047108,0.28676093137631664,1.3621155037562218,Medium,0.2867609313763167,After_Lunch
411:30,0.2662721893491167,0.39999999999999947,0.20779220779220786,0.291354799047108,0.28676093137631664,1.3621155037562218,Medium,0.2867609313763167,After_Lunch
412:00,0.2662721893491167,0.39999999999999947,0.19480519480519476,0.28702579471810363,0.28091677553216077,1.334520682343698,Medium,0.28091677553216077,After_Lunch
412:30,0.2662721893491167,0.39999999999999947,0.19480519480519476,0.28702579471810363,0.28091677553216077,1.334520682343698,Medium,0.28091677553216077,After_Lunch
413:00,0.2662721893491167,0.39999999999999947,0.19480519480519476,0.28702579471810363,0.28091677553216077,1.334520682343698,Medium,0.28091677553216077,After_Lunch
413:30,0.2662721893491167,0.39999999999999947,0.19480519480519476,0.28702579471810363,0.28091677553216077,1.334520682343698,Medium,0.28091677553216077,After_Lunch
414:00,0.2011834319526642,0.39999999999999947,0.18181818181818254,0.2610005379236154,0.26205486820871476,1.2651930023521245,Medium,0.26205486820871476,After_Lunch
414:30,0.2011834319526642,0.39999999999999947,0.18181818181818254,0.2610005379236154,0.26205486820871476,1.2651930023521245,Medium,0.26205486820871476,After_Lunch
415:00,0.2011834319526642,0.39999999999999947,0.18181818181818254,0.2610005379236154,0.26205486820871476,1.2651930023521245,Medium,0.26205486820871476,After_Lunch
415:30,0.2011834319526642,0.39999999999999947,0.18181818181818254,0.2610005379236154,0.26205486820871476,1.2651930023521245,Medium,0.26205486820871476,After_Lunch
416:00,0.2011834319526642,0.39999999999999947,0.18181818181818254,0.2610005379236154,0.26205486820871476,1.2651930023521245,Medium,0.26205486820871476,After_Lunch
416:30,0.2011834319526642,0.39999999999999947,0.19480519480519476,0.26532954225261945,0.2678990240528703,1.2913542866350813,Medium,0.26789902405287025,After_Lunch
417:00,0.2011834319526642,0.39999999999999947,0.19480519480519476,0.26532954225261945,0.2678990240528703,1.2913542866350813,Medium,0.26789902405287025,After_Lunch
417:30,0.2011834319526642,0.39999999999999947,0.18181818181818254,0.2610005379236154,0.26205486820871476,1.2651930023521245,Medium,0.26205486820871476,After_Lunch
418:00,0.2011834319526642,0.39999999999999947,0.18181818181818254,0.2610005379236154,0.26205486820871476,1.2651930023521245,Medium,0.26205486820871476,After_Lunch
418:30,0.2011834319526642,0.39999999999999947,0.16883116883116944,0.25667153359461103,0.2562107123645589,1.2395617142153954,Medium,0.25621071236455883,After_Lunch
419:00,0.2011834319526642,0.0,0.16883116883116944,0.12333820026127788,0.1162107123645591,1.043624634666534,Medium,0.11621071236455896,After_Lunch
419:30,0.2011834319526642,0.0,0.16883116883116944,0.12333820026127788,0.1162107123645591,1.043624634666534,Medium,0.11621071236455896,After_Lunch
420:00,0.2011834319526642,0.0,0.16883116883116944,0.12333820026127788,0.1162107123645591,1.043624634666534,Medium,0.11621071236455896,After_Lunch
420:30,0.2662721893491167,0.0,0.18181818181818254,0.1493634570557664,0.1350726196880055,1.1008112256206228,Medium,0.13507261968800538,After_Lunch
421:00,0.2662721893491167,0.0,0.18181818181818254,0.1493634570557664,0.1350726196880055,1.1008112256206228,Medium,0.13507261968800538,After_Lunch
421:30,0.2011834319526642,0.0,0.16883116883116944,0.12333820026127788,0.1162107123645591,1.043624634666534,Medium,0.11621071236455896,After_Lunch
422:00,0.2011834319526642,0.0,0.16883116883116944,0.12333820026127788,0.1162107123645591,1.043624634666534,Medium,0.11621071236455896,After_Lunch
422:30,0.2662721893491167,0.0,0.16883116883116944,0.14503445272676205,0.1292284638438496,1.0785101145209146,Medium,0.12922846384384948,After_Lunch
423:00,0.2011834319526642,0.0,0.16883116883116944,0.12333820026127788,0.1162107123645591,1.043624634666534,Medium,0.11621071236455896,After_Lunch
423:30,0.2011834319526642,0.0,0.16883116883116944,0.12333820026127788,0.1162107123645591,1.043624634666534,Medium,0.11621071236455896,After_Lunch
424:00,0.2662721893491167,0.0,0.16883116883116944,0.14503445272676205,0.1292284638438496,1.0785101145209146,Medium,0.12922846384384948,After_Lunch
424:30,0.2011834319526642,0.0,0.16883116883116944,0.12333820026127788,0.1162107123645591,1.043624634666534,Medium,0.11621071236455896,After_Lunch
425:00,0.2011834319526642,0.0,0.16883116883116944,0.12333820026127788,0.1162107123645591,1.043624634666534,Medium,0.11621071236455896,After_Lunch
425:30,0.2011834319526642,0.0,0.15584415584415634,0.1190091959322735,0.1103665565204032,1.0224820551012057,Medium,0.11036655652040309,After_Lunch
426:00,0.2011834319526642,0.0,0.15584415584415634,0.1190091959322735,0.1103665565204032,1.0224820551012057,Medium,0.11036655652040309,After_Lunch
426:30,0.2011834319526642,0.0,0.16883116883116944,0.12333820026127788,0.1162107123645591,1.043624634666534,Medium,0.11621071236455896,After_Lunch
427:00,0.2011834319526642,0.0,0.16883116883116944,0.12333820026127788,0.1162107123645591,1.043624634666534,Medium,0.11621071236455896,After_Lunch
427:30,0.2011834319526642,0.14999999999999947,0.16883116883116944,0.1733382002612777,0.16871071236455892,1.043624634666534,Medium,0.1687107123645588,After_Lunch
428:00,0.2011834319526642,0.14999999999999947,0.16883116883116944,0.1733382002612777,0.16871071236455892,1.043624634666534,Medium,0.1687107123645588,After_Lunch
428:30,0.2011834319526642,0.14999999999999947,0.16883116883116944,0.1733382002612777,0.16871071236455892,1.043624634666534,Medium,0.1687107123645588,After_Lunch
429:00,0.2011834319526642,0.14999999999999947,0.16883116883116944,0.1733382002612777,0.16871071236455892,1.043624634666534,Medium,0.1687107123645588,After_Lunch
429:30,0.2011834319526642,0.14999999999999947,0.16883116883116944,0.1733382002612777,0.16871071236455892,1.043624634666534,Medium,0.1687107123645588,After_Lunch
430:00,0.13609467455621882,0.14999999999999947,0.16883116883116944,0.1516419477957959,0.15569296088526985,1.041923651216447,Medium,0.1556929608852697,After_Lunch
430:30,0.2011834319526642,0.14999999999999947,0.16883116883116944,0.1733382002612777,0.16871071236455892,1.043624634666534,Medium,0.1687107123645588,After_Lunch
431:00,0.13609467455621882,0.14999999999999947,0.16883116883116944,0.1516419477957959,0.15569296088526985,1.041923651216447,Medium,0.1556929608852697,After_Lunch
431:30,0.13609467455621882,0.14999999999999947,0.16883116883116944,0.1516419477957959,0.15569296088526985,1.041923651216447,Medium,0.1556929608852697,After_Lunch
432:00,0.13609467455621882,0.14999999999999947,0.16883116883116944,0.1516419477957959,0.15569296088526985,1.041923651216447,Medium,0.1556929608852697,After_Lunch
432:30,0.13609467455621882,0.14999999999999947,0.18181818181818254,0.15597095212480028,0.16153711672942572,1.0634682383189176,Medium,0.1615371167294256,After_Lunch
433:00,0.13609467455621882,0.14999999999999947,0.18181818181818254,0.15597095212480028,0.16153711672942572,1.0634682383189176,Medium,0.1615371167294256,After_Lunch
433:30,0.13609467455621882,0.14999999999999947,0.18181818181818254,0.15597095212480028,0.16153711672942572,1.0634682383189176,Medium,0.1615371167294256,After_Lunch
434:00,0.13609467455621882,0.14999999999999947,0.18181818181818254,0.15597095212480028,0.16153711672942572,1.0634682383189176,Medium,0.1615371167294256,After_Lunch
434:30,0.13609467455621882,0.14999999999999947,0.18181818181818254,0.15597095212480028,0.16153711672942572,1.0634682383189176,Medium,0.1615371167294256,After_Lunch
435:00,0.13609467455621882,0.14999999999999947,0.15584415584415634,0.14731294346679155,0.14984880504111395,1.0208155315294485,Medium,0.14984880504111384,After_Lunch
435:30,0.13609467455621882,0.14999999999999947,0.12987012987013014,0.1386549348087828,0.13816049335280214,1.0,Medium,0.13816049335280203,After_Lunch
436:00,0.13609467455621882,0.2999999999999998,0.10389610389610393,0.1799969261507742,0.17897218166449047,1.0890366368530324,Medium,0.1789721816644904,After_Lunch
436:30,0.13609467455621882,0.2999999999999998,0.10389610389610393,0.1799969261507742,0.17897218166449047,1.0890366368530324,Medium,0.1789721816644904,After_Lunch
437:00,0.13609467455621882,0.2999999999999998,0.12987012987013014,0.18865493480878293,0.19066049335280227,1.0890366368530324,Medium,0.1906604933528022,After_Lunch
437:30,0.13609467455621882,0.2999999999999998,0.12987012987013014,0.18865493480878293,0.19066049335280227,1.0890366368530324,Medium,0.1906604933528022,After_Lunch
438:00,0.13609467455621882,0.2999999999999998,0.14285714285714324,0.1929839391377873,0.19650464919695815,1.0891836970423714,Medium,0.1965046491969581,After_Lunch
438:30,0.13609467455621882,0.2999999999999998,0.14285714285714324,0.1929839391377873,0.19650464919695815,1.0891836970423714,Medium,0.1965046491969581,After_Lunch
439:00,0.13609467455621882,0.2999999999999998,0.12987012987013014,0.18865493480878293,0.19066049335280227,1.0890366368530324,Medium,0.1906604933528022,After_Lunch
439:30,0.13609467455621882,0.2999999999999998,0.12987012987013014,0.18865493480878293,0.19066049335280227,1.0890366368530324,Medium,0.1906604933528022,After_Lunch
440:00,0.13609467455621882,0.2999999999999998,0.12987012987013014,0.18865493480878293,0.19066049335280227,1.0890366368530324,Medium,0.1906604933528022,After_Lunch
440:30,0.13609467455621882,0.14999999999999947,0.12987012987013014,0.1386549348087828,0.13816049335280214,1.0,Medium,0.13816049335280203,After_Lunch
441:00,0.13609467455621882,0.14999999999999947,0.14285714285714324,0.14298393913778717,0.14400464919695805,1.000135036953177,Medium,0.14400464919695793,After_Lunch
441:30,0.13609467455621882,0.14999999999999947,0.14285714285714324,0.14298393913778717,0.14400464919695805,1.000135036953177,Medium,0.14400464919695793,After_Lunch
442:00,0.06508875739645248,0.14999999999999947,0.14285714285714324,0.11931530008453173,0.12980346576500476,1.000135036953177,Medium,0.12980346576500468,After_Lunch
442:30,0.06508875739645248,0.14999999999999947,0.14285714285714324,0.11931530008453173,0.12980346576500476,1.000135036953177,Medium,0.12980346576500468,After_Lunch
443:00,0.06508875739645248,0.14999999999999947,0.14285714285714324,0.11931530008453173,0.12980346576500476,1.000135036953177,Medium,0.12980346576500468,After_Lunch
443:30,0.06508875739645248,0.14999999999999947,0.12987012987013014,0.11498629575552737,0.12395930992084886,1.0,Medium,0.12395930992084876,After_Lunch
444:00,0.06508875739645248,0.14999999999999947,0.14285714285714324,0.11931530008453173,0.12980346576500476,1.000135036953177,Medium,0.12980346576500468,After_Lunch
444:30,0.06508875739645248,0.14999999999999947,0.16883116883116944,0.12797330874254045,0.14149177745331656,1.041923651216447,Medium,0.14149177745331645,After_Lunch
445:00,0.06508875739645248,0.14999999999999947,0.18181818181818254,0.13230231307154483,0.14733593329747244,1.0634682383189176,Medium,0.14733593329747235,After_Lunch
445:30,0.06508875739645248,0.14999999999999947,0.19480519480519476,0.1366313174005489,0.15318008914162795,1.0854583179801498,Medium,0.15318008914162787,After_Lunch
446:00,0.13609467455621882,0.14999999999999947,0.20779220779220786,0.16462896078280873,0.17322542841773714,1.107903101962663,Medium,0.17322542841773703,After_Lunch
446:30,0.13609467455621882,0.14999999999999947,0.20779220779220786,0.16462896078280873,0.17322542841773714,1.107903101962663,Medium,0.17322542841773703,After_Lunch
447:00,0.13609467455621882,0.14999999999999947,0.22077922077922096,0.16895796511181307,0.179069584261893,1.1308119925070563,Medium,0.17906958426189293,After_Lunch
447:30,0.13609467455621882,0.14999999999999947,0.22077922077922096,0.16895796511181307,0.179069584261893,1.1308119925070563,Medium,0.17906958426189293,After_Lunch
448:00,0.13609467455621882,0.14999999999999947,0.22077922077922096,0.16895796511181307,0.179069584261893,1.1308119925070563,Medium,0.17906958426189293,After_Lunch
448:30,0.13609467455621882,0.4500000000000002,0.23376623376623407,0.2732869694408177,0.28991374010604914,1.4316720141199377,Medium,0.2899137401060491,After_Lunch
449:00,0.13609467455621882,0.4500000000000002,0.23376623376623407,0.2732869694408177,0.28991374010604914,1.4316720141199377,Medium,0.2899137401060491,After_Lunch
449:30,0.13609467455621882,0.4500000000000002,0.23376623376623407,0.2732869694408177,0.28991374010604914,1.4316720141199377,Medium,0.2899137401060491,After_Lunch
450:00,0.13609467455621882,0.4500000000000002,0.23376623376623407,0.2732869694408177,0.28991374010604914,1.4316720141199377,Medium,0.2899137401060491,After_Lunch
450:30,0.13609467455621882,0.4500000000000002,0.24675324675324717,0.27761597376982206,0.2957578959502051,1.4612757018511504,Medium,0.295757895950205,After_Lunch
451:00,0.13609467455621882,0.4500000000000002,0.23376623376623407,0.2732869694408177,0.28991374010604914,1.4316720141199377,Medium,0.2899137401060491,After_Lunch
451:30,0.13609467455621882,0.4500000000000002,0.23376623376623407,0.2732869694408177,0.28991374010604914,1.4316720141199377,Medium,0.2899137401060491,After_Lunch
452:00,0.13609467455621882,0.4500000000000002,0.22077922077922096,0.2689579651118133,0.28406958426189327,1.4026680614874314,Medium,0.2840695842618932,After_Lunch
452:30,0.13609467455621882,0.6500000000000004,0.22077922077922096,0.33562463177848006,0.35406958426189333,1.6046986021268452,Medium,0.35406958426189333,After_Lunch
453:00,0.13609467455621882,0.6500000000000004,0.20779220779220786,0.33129562744947566,0.34822542841773746,1.5721893389810218,Medium,0.3482254284177374,After_Lunch
453:30,0.13609467455621882,0.6500000000000004,0.20779220779220786,0.33129562744947566,0.34822542841773746,1.5721893389810218,Medium,0.3482254284177374,After_Lunch
454:00,0.13609467455621882,0.6500000000000004,0.19480519480519476,0.3269666231204713,0.34238127257358153,1.5403386743962513,Medium,0.34238127257358153,After_Lunch
454:30,0.13609467455621882,0.6500000000000004,0.20779220779220786,0.33129562744947566,0.34822542841773746,1.5721893389810218,Medium,0.3482254284177374,After_Lunch
455:00,0.13609467455621882,0.6500000000000004,0.19480519480519476,0.3269666231204713,0.34238127257358153,1.5403386743962513,Medium,0.34238127257358153,After_Lunch
455:30,0.06508875739645248,0.6500000000000004,0.18181818181818254,0.2989689797382118,0.3223359332974728,1.5091332659580163,Medium,0.3223359332974728,After_Lunch
456:00,0.06508875739645248,0.75,0.18181818181818254,0.332302313071545,0.3573359332974726,1.5091332659580163,Medium,0.3573359332974727,After_Lunch
456:30,0.06508875739645248,0.75,0.16883116883116944,0.32797330874254066,0.3514917774533167,1.4785600415530593,Medium,0.3514917774533168,After_Lunch
457:00,0.06508875739645248,0.75,0.16883116883116944,0.32797330874254066,0.3514917774533167,1.4785600415530593,Medium,0.3514917774533168,After_Lunch
457:30,0.06508875739645248,0.75,0.18181818181818254,0.332302313071545,0.3573359332974726,1.5091332659580163,Medium,0.3573359332974727,After_Lunch
458:00,0.06508875739645248,0.75,0.18181818181818254,0.332302313071545,0.3573359332974726,1.5091332659580163,Medium,0.3573359332974727,After_Lunch
458:30,0.06508875739645248,0.75,0.16883116883116944,0.32797330874254066,0.3514917774533167,1.4785600415530593,Medium,0.3514917774533168,After_Lunch
459:00,0.06508875739645248,0.75,0.15584415584415634,0.32364430441353625,0.34564762160916085,1.4486061938934172,Medium,0.3456476216091609,After_Lunch
459:30,0.06508875739645248,0.75,0.15584415584415634,0.32364430441353625,0.34564762160916085,1.4486061938934172,Medium,0.3456476216091609,After_Lunch
460:00,0.06508875739645248,0.75,0.14285714285714324,0.3193153000845319,0.3398034657650049,1.4192591751513717,Medium,0.33980346576500503,After_Lunch
460:30,0.06508875739645248,0.75,0.12987012987013014,0.31498629575552756,0.33395930992084905,1.4190675485932571,Medium,0.3339593099208491,After_Lunch
461:00,0.06508875739645248,0.75,0.14285714285714324,0.3193153000845319,0.3398034657650049,1.4192591751513717,Medium,0.33980346576500503,After_Lunch
461:30,0.0,0.75,0.14285714285714324,0.2976190476190477,0.3267857142857144,1.4192591751513717,Medium,0.3267857142857145,After_Lunch
462:00,0.0,0.75,0.15584415584415634,0.30194805194805213,0.33262987012987033,1.4486061938934172,Medium,0.3326298701298704,After_Lunch
462:30,0.0,0.75,0.15584415584415634,0.30194805194805213,0.33262987012987033,1.4486061938934172,Medium,0.3326298701298704,After_Lunch
463:00,0.0,0.75,0.14285714285714324,0.2976190476190477,0.3267857142857144,1.4192591751513717,Medium,0.3267857142857145,After_Lunch
463:30,0.0,0.75,0.15584415584415634,0.30194805194805213,0.33262987012987033,1.4486061938934172,Medium,0.3326298701298704,After_Lunch
464:00,0.0,0.4500000000000002,0.15584415584415634,0.20194805194805218,0.2276298701298704,1.2662275888781207,Medium,0.22762987012987035,After_Lunch
464:30,0.0,0.4500000000000002,0.15584415584415634,0.20194805194805218,0.2276298701298704,1.2662275888781207,Medium,0.22762987012987035,After_Lunch
465:00,0.0,0.4500000000000002,0.14285714285714324,0.1976190476190478,0.22178571428571453,1.2405753412630345,Medium,0.22178571428571445,After_Lunch
465:30,0.0,0.4500000000000002,0.14285714285714324,0.1976190476190478,0.22178571428571453,1.2405753412630345,Medium,0.22178571428571445,After_Lunch
466:00,0.0,0.4500000000000002,0.14285714285714324,0.1976190476190478,0.22178571428571453,1.2405753412630345,Medium,0.22178571428571445,After_Lunch
466:30,0.0,0.4500000000000002,0.14285714285714324,0.1976190476190478,0.22178571428571453,1.2405753412630345,Medium,0.22178571428571445,After_Lunch
467:00,0.0,0.4500000000000002,0.14285714285714324,0.1976190476190478,0.22178571428571453,1.2405753412630345,Medium,0.22178571428571445,After_Lunch
467:30,0.0,0.4500000000000002,0.14285714285714324,0.1976190476190478,0.22178571428571453,1.2405753412630345,Medium,0.22178571428571445,After_Lunch
468:00,0.0,0.2999999999999998,0.15584415584415634,0.15194805194805205,0.1751298701298703,1.1117055133041711,Medium,0.1751298701298702,After_Lunch
468:30,0.0,0.2999999999999998,0.15584415584415634,0.15194805194805205,0.1751298701298703,1.1117055133041711,Medium,0.1751298701298702,After_Lunch
469:00,0.0,0.2999999999999998,0.15584415584415634,0.15194805194805205,0.1751298701298703,1.1117055133041711,Medium,0.1751298701298702,After_Lunch
469:30,0.0,0.2999999999999998,0.14285714285714324,0.14761904761904768,0.16928571428571437,1.0891836970423714,Medium,0.16928571428571432,After_Lunch
470:00,0.0,0.2999999999999998,0.15584415584415634,0.15194805194805205,0.1751298701298703,1.1117055133041711,Medium,0.1751298701298702,After_Lunch
470:30,0.0,0.2999999999999998,0.15584415584415634,0.15194805194805205,0.1751298701298703,1.1117055133041711,Medium,0.1751298701298702,After_Lunch
471:00,0.0,0.2999999999999998,0.15584415584415634,0.15194805194805205,0.1751298701298703,1.1117055133041711,Medium,0.1751298701298702,After_Lunch
471:30,0.0,0.2999999999999998,0.15584415584415634,0.15194805194805205,0.1751298701298703,1.1117055133041711,Medium,0.1751298701298702,After_Lunch
472:00,0.0,0.25,0.15584415584415634,0.13528138528138545,0.15762987012987034,1.0645083899594872,Medium,0.15762987012987026,After_Lunch
472:30,0.0,0.25,0.16883116883116944,0.13961038961038982,0.16347402597402624,1.0865199775667147,Medium,0.16347402597402616,After_Lunch
473:00,0.0,0.25,0.15584415584415634,0.13528138528138545,0.15762987012987034,1.0645083899594872,Medium,0.15762987012987026,After_Lunch
473:30,0.0,0.25,0.15584415584415634,0.13528138528138545,0.15762987012987034,1.0645083899594872,Medium,0.15762987012987026,After_Lunch
474:00,0.0,0.25,0.15584415584415634,0.13528138528138545,0.15762987012987034,1.0645083899594872,Medium,0.15762987012987026,After_Lunch
474:30,0.0,0.25,0.15584415584415634,0.13528138528138545,0.15762987012987034,1.0645083899594872,Medium,0.15762987012987026,After_Lunch
475:00,0.0,0.25,0.12987012987013014,0.12662337662337672,0.14594155844155857,1.0428019138429208,Medium,0.14594155844155846,After_Lunch
475:30,0.0,0.25,0.11688311688311703,0.12229437229437234,0.14009740259740266,1.0428019138429208,Medium,0.14009740259740255,After_Lunch
476:00,0.0,0.39999999999999947,0.11688311688311703,0.17229437229437217,0.19259740259740246,1.1877466984204224,Medium,0.1925974025974024,After_Lunch
476:30,0.0,0.39999999999999947,0.12987012987013014,0.17662337662337654,0.19844155844155836,1.1877466984204224,Medium,0.1984415584415583,After_Lunch
477:00,0.0,0.39999999999999947,0.11688311688311703,0.17229437229437217,0.19259740259740246,1.1877466984204224,Medium,0.1925974025974024,After_Lunch
477:30,0.0,0.39999999999999947,0.11688311688311703,0.17229437229437217,0.19259740259740246,1.1877466984204224,Medium,0.1925974025974024,After_Lunch
478:00,0.0,0.39999999999999947,0.11688311688311703,0.17229437229437217,0.19259740259740246,1.1877466984204224,Medium,0.1925974025974024,After_Lunch
478:30,0.0,0.39999999999999947,0.11688311688311703,0.17229437229437217,0.19259740259740246,1.1877466984204224,Medium,0.1925974025974024,After_Lunch
479:00,0.0,0.39999999999999947,0.11688311688311703,0.17229437229437217,0.19259740259740246,1.1877466984204224,Medium,0.1925974025974024,After_Lunch
479:30,0.0,0.39999999999999947,0.10389610389610393,0.1679653679653678,0.18675324675324656,1.1877466984204224,Medium,0.1867532467532465,After_Lunch
480:00,0.0,0.4500000000000002,0.10389610389610393,0.1846320346320347,0.20425324675324683,1.2404078403675745,Medium,0.20425324675324674,After_Lunch
480:30,0.0,0.4500000000000002,0.10389610389610393,0.1846320346320347,0.20425324675324683,1.2404078403675745,Medium,0.20425324675324674,After_Lunch
481:00,0.0,0.4500000000000002,0.10389610389610393,0.1846320346320347,0.20425324675324683,1.2404078403675745,Medium,0.20425324675324674,After_Lunch
481:30,0.0,0.4500000000000002,0.11688311688311703,0.18896103896103908,0.21009740259740273,1.2404078403675745,Medium,0.21009740259740264,After_Lunch
482:00,0.0,0.4500000000000002,0.11688311688311703,0.18896103896103908,0.21009740259740273,1.2404078403675745,Medium,0.21009740259740264,After_Lunch
482:30,0.0,0.4500000000000002,0.10389610389610393,0.1846320346320347,0.20425324675324683,1.2404078403675745,Medium,0.20425324675324674,After_Lunch
483:00,0.0,0.4500000000000002,0.10389610389610393,0.1846320346320347,0.20425324675324683,1.2404078403675745,Medium,0.20425324675324674,After_Lunch
483:30,0.0,0.4500000000000002,0.09090909090909083,0.18030303030303033,0.19840909090909092,1.2404078403675745,Medium,0.19840909090909087,After_Lunch
484:00,0.0,0.4500000000000002,0.10389610389610393,0.1846320346320347,0.20425324675324683,1.2404078403675745,Medium,0.20425324675324674,After_Lunch
484:30,0.0,0.14999999999999947,0.09090909090909083,0.0803030303030301,0.09340909090909069,1.0,Medium,0.09340909090909055,After_Lunch
485:00,0.0,0.14999999999999947,0.09090909090909083,0.0803030303030301,0.09340909090909069,1.0,Medium,0.09340909090909055,After_Lunch
485:30,0.0,0.14999999999999947,0.09090909090909083,0.0803030303030301,0.09340909090909069,1.0,Medium,0.09340909090909055,After_Lunch
486:00,0.0,0.14999999999999947,0.09090909090909083,0.0803030303030301,0.09340909090909069,1.0,Medium,0.09340909090909055,After_Lunch
486:30,0.0,0.14999999999999947,0.10389610389610393,0.08463203463203446,0.09925324675324658,1.0,Medium,0.09925324675324645,After_Lunch
487:00,0.0,0.14999999999999947,0.09090909090909083,0.0803030303030301,0.09340909090909069,1.0,Medium,0.09340909090909055,After_Lunch
487:30,0.0,0.14999999999999947,0.09090909090909083,0.0803030303030301,0.09340909090909069,1.0,Medium,0.09340909090909055,After_Lunch
488:00,0.0,0.14999999999999947,0.09090909090909083,0.0803030303030301,0.09340909090909069,1.0,Medium,0.09340909090909055,After_Lunch
488:30,0.0,0.25,0.09090909090909083,0.1136363636363636,0.12840909090909086,1.0428019138429208,Medium,0.12840909090909075,After_Lunch
489:00,0.0,0.25,0.09090909090909083,0.1136363636363636,0.12840909090909086,1.0428019138429208,Medium,0.12840909090909075,After_Lunch
489:30,0.0,0.25,0.10389610389610393,0.11796536796536798,0.13425324675324676,1.0428019138429208,Medium,0.13425324675324668,After_Lunch
490:00,0.0,0.25,0.11688311688311703,0.12229437229437234,0.14009740259740266,1.0428019138429208,Medium,0.14009740259740255,After_Lunch
490:30,0.06508875739645248,0.25,0.09090909090909083,0.13533261610184777,0.14142684238838135,1.0428019138429208,Medium,0.14142684238838127,After_Lunch
491:00,0.0,0.25,0.05194805194805241,0.10064935064935081,0.11087662337662357,1.0428019138429208,Medium,0.11087662337662348,After_Lunch
491:30,0.0,0.25,0.03896103896103931,0.09632034632034643,0.10503246753246769,1.0428019138429208,Medium,0.10503246753246757,After_Lunch
492:00,0.06508875739645248,0.25,0.025974025974026205,0.11368759445682623,0.11220606316760229,1.0428019138429208,Medium,0.11220606316760218,After_Lunch
492:30,0.06508875739645248,0.20000000000000018,0.012987012987013102,0.09269192346115525,0.08886190732344645,1.0,Medium,0.08886190732344634,After_Lunch
493:00,0.06508875739645248,0.20000000000000018,0.012987012987013102,0.09269192346115525,0.08886190732344645,1.0,Medium,0.08886190732344634,After_Lunch
493:30,0.0,0.20000000000000018,0.0,0.06666666666666672,0.07000000000000006,1.0,Medium,0.06999999999999994,After_Lunch
494:00,0.06508875739645248,0.20000000000000018,0.0,0.08836291913215089,0.08301775147929055,1.0,Medium,0.08301775147929044,After_Lunch
494:30,0.06508875739645248,0.20000000000000018,0.012987012987013102,0.09269192346115525,0.08886190732344645,1.0,Medium,0.08886190732344634,After_Lunch
495:00,0.0,0.20000000000000018,0.025974025974026205,0.07532467532467546,0.08168831168831185,1.0,Medium,0.08168831168831173,After_Lunch
495:30,0.0,0.20000000000000018,0.025974025974026205,0.07532467532467546,0.08168831168831185,1.0,Medium,0.08168831168831173,After_Lunch
496:00,0.0,0.20000000000000018,0.03896103896103931,0.07965367965367982,0.08753246753246775,1.0,Medium,0.08753246753246763,After_Lunch
496:30,0.0,0.20000000000000018,0.03896103896103931,0.07965367965367982,0.08753246753246775,1.0,Medium,0.08753246753246763,After_Lunch
497:00,0.0,0.25,0.05194805194805241,0.10064935064935081,0.11087662337662357,1.0428019138429208,Medium,0.11087662337662348,After_Lunch
497:30,0.0,0.25,0.05194805194805241,0.10064935064935081,0.11087662337662357,1.0428019138429208,Medium,0.11087662337662348,After_Lunch
498:00,0.0,0.25,0.05194805194805241,0.10064935064935081,0.11087662337662357,1.0428019138429208,Medium,0.11087662337662348,After_Lunch
498:30,0.0,0.25,0.05194805194805241,0.10064935064935081,0.11087662337662357,1.0428019138429208,Medium,0.11087662337662348,After_Lunch
499:00,0.0,0.25,0.06493506493506551,0.10497835497835517,0.11672077922077947,1.0428019138429208,Medium,0.11672077922077936,After_Lunch
499:30,0.0,0.25,0.05194805194805241,0.10064935064935081,0.11087662337662357,1.0428019138429208,Medium,0.11087662337662348,After_Lunch
500:00,0.9673590504451042,0.047619047619047894,0.6744186046511629,0.5631322342384383,0.5136268488487109,1.9155408290138962,Medium,0.513626848848711,Stress_Induced
500:30,0.9673590504451042,0.047619047619047894,0.6744186046511629,0.5631322342384383,0.5136268488487109,1.9155408290138962,Medium,0.513626848848711,Stress_Induced
501:00,0.9673590504451042,0.047619047619047894,0.6976744186046511,0.5708841722229344,0.5240919651277806,1.9155408290138962,Medium,0.5240919651277807,Stress_Induced
501:30,1.0,0.047619047619047894,0.6744186046511629,0.574012550756737,0.52015503875969,1.9155408290138962,Medium,0.5201550387596902,Stress_Induced
502:00,0.9673590504451042,0.047619047619047894,0.627906976744186,0.547628358269446,0.4926966162905714,1.9155408290138962,Medium,0.4926966162905714,Stress_Induced
502:30,1.0,0.047619047619047894,0.6744186046511629,0.574012550756737,0.52015503875969,1.9155408290138962,Medium,0.5201550387596902,Stress_Induced
503:00,1.0,0.047619047619047894,0.7441860465116279,0.5972683647102253,0.5515503875968993,1.9155408290138962,Medium,0.5515503875968994,Stress_Induced
503:30,1.0,0.047619047619047894,0.7674418604651163,0.6050203026947214,0.5620155038759691,1.9155408290138962,Medium,0.5620155038759692,Stress_Induced
504:00,1.0,0.0,0.7906976744186047,0.5968992248062016,0.5558139534883721,1.9155408290138962,Medium,0.5558139534883721,Stress_Induced
504:30,1.0,0.0,0.8139534883720931,0.6046511627906977,0.5662790697674419,1.9155408290138962,Medium,0.566279069767442,Stress_Induced
505:00,1.0,0.0,0.8139534883720931,0.6046511627906977,0.5662790697674419,1.9155408290138962,Medium,0.566279069767442,Stress_Induced
505:30,1.0,0.0,0.8372093023255813,0.6124031007751938,0.5767441860465117,1.9155408290138962,Medium,0.5767441860465117,Stress_Induced
506:00,1.0,0.0,0.8837209302325582,0.627906976744186,0.5976744186046512,1.9155408290138962,Medium,0.5976744186046512,Stress_Induced
506:30,1.0,0.0,0.8604651162790697,0.6201550387596899,0.5872093023255813,1.9155408290138962,Medium,0.5872093023255816,Stress_Induced
507:00,1.0,0.0,0.8372093023255813,0.6124031007751938,0.5767441860465117,1.9155408290138962,Medium,0.5767441860465117,Stress_Induced
507:30,1.0,0.0,0.8372093023255813,0.6124031007751938,0.5767441860465117,1.9155408290138962,Medium,0.5767441860465117,Stress_Induced
508:00,1.0,0.1904761904761907,0.8837209302325582,0.6913990402362495,0.6643410852713179,1.9155408290138962,Medium,0.664341085271318,Stress_Induced
508:30,1.0,0.1904761904761907,0.9069767441860466,0.6991509782207457,0.6748062015503877,1.9155408290138962,Medium,0.6748062015503877,Stress_Induced
509:00,1.0,0.1904761904761907,0.8837209302325582,0.6913990402362495,0.6643410852713179,1.9155408290138962,Medium,0.664341085271318,Stress_Induced
509:30,1.0,0.1904761904761907,0.9069767441860466,0.6991509782207457,0.6748062015503877,1.9155408290138962,Medium,0.6748062015503877,Stress_Induced
510:00,1.0,0.1904761904761907,0.930232558139535,0.7069029162052418,0.6852713178294576,1.9155408290138962,Medium,0.6852713178294576,Stress_Induced
510:30,1.0,0.1904761904761907,0.930232558139535,0.7069029162052418,0.6852713178294576,1.9155408290138962,Medium,0.6852713178294576,Stress_Induced
511:00,1.0,0.1904761904761907,0.930232558139535,0.7069029162052418,0.6852713178294576,1.9155408290138962,Medium,0.6852713178294576,Stress_Induced
511:30,1.0,0.3333333333333335,0.930232558139535,0.7545219638242896,0.7352713178294574,2.1473080427264084,Medium,0.7352713178294576,Stress_Induced
512:00,1.0,0.3333333333333335,0.9069767441860466,0.7467700258397935,0.7248062015503878,2.1473080427264084,Medium,0.7248062015503878,Stress_Induced
512:30,1.0,0.3333333333333335,0.8837209302325582,0.7390180878552973,0.7143410852713179,2.1473080427264084,Medium,0.7143410852713179,Stress_Induced
513:00,1.0,0.3333333333333335,0.930232558139535,0.7545219638242896,0.7352713178294574,2.1473080427264084,Medium,0.7352713178294576,Stress_Induced
513:30,0.9673590504451042,0.3333333333333335,0.9767441860465116,0.7591455232749831,0.7496733604766178,2.1473080427264084,Medium,0.7496733604766178,Stress_Induced
514:00,1.0,0.3333333333333335,0.930232558139535,0.7545219638242896,0.7352713178294574,2.1473080427264084,Medium,0.7352713178294576,Stress_Induced
514:30,1.0,0.3333333333333335,0.930232558139535,0.7545219638242896,0.7352713178294574,2.1473080427264084,Medium,0.7352713178294576,Stress_Induced
515:00,0.9673590504451042,0.3333333333333335,0.9767441860465116,0.7591455232749831,0.7496733604766178,2.1473080427264084,Medium,0.7496733604766178,Stress_Induced
515:30,0.9673590504451042,0.3333333333333335,0.9767441860465116,0.7591455232749831,0.7496733604766178,2.1473080427264084,Medium,0.7496733604766178,Stress_Induced
516:00,0.9673590504451042,0.3333333333333335,1.0,0.7668974612594792,0.7601384767556876,2.1473080427264084,Medium,0.7601384767556876,Stress_Induced
516:30,0.9673590504451042,0.3333333333333335,1.0,0.7668974612594792,0.7601384767556876,2.1473080427264084,Medium,0.7601384767556876,Stress_Induced
517:00,0.9673590504451042,0.3333333333333335,0.9534883720930232,0.7513935852904869,0.7392082441975479,2.1473080427264084,Medium,0.739208244197548,Stress_Induced
517:30,0.9673590504451042,0.3333333333333335,0.9069767441860466,0.7358897093214948,0.7182780116394085,2.1473080427264084,Medium,0.7182780116394085,Stress_Induced
518:00,0.9673590504451042,0.4761904761904763,0.8604651162790697,0.76800488097155,0.7473477790812689,2.430663495644476,High,0.7473477790812689,Stress_Induced
518:30,0.9673590504451042,0.4761904761904763,0.8604651162790697,0.76800488097155,0.7473477790812689,2.430663495644476,High,0.7473477790812689,Stress_Induced
519:00,0.9673590504451042,0.4761904761904763,0.8604651162790697,0.76800488097155,0.7473477790812689,2.430663495644476,High,0.7473477790812689,Stress_Induced
519:30,0.9673590504451042,0.4761904761904763,0.9069767441860466,0.7835087569405422,0.7682780116394085,2.430663495644476,High,0.7682780116394085,Stress_Induced
520:00,0.9347181008902083,0.4761904761904763,0.8604651162790697,0.7571245644532514,0.7408195891702898,2.430663495644476,High,0.7408195891702898,Stress_Induced
520:30,0.9673590504451042,0.4761904761904763,0.8139534883720931,0.7525010050025579,0.7264175465231294,2.430663495644476,High,0.7264175465231295,Stress_Induced
521:00,0.9347181008902083,0.4761904761904763,0.7906976744186047,0.7338687504997631,0.7094242403330805,2.430663495644476,High,0.7094242403330805,Stress_Induced
521:30,0.9347181008902083,0.45238095238095255,0.7441860465116279,0.7104283665942629,0.6801606744416075,2.3809654349770786,High,0.6801606744416077,Stress_Induced
522:00,0.9347181008902083,0.45238095238095255,0.6976744186046511,0.6949244906252706,0.659230441883468,2.3809654349770786,High,0.6592304418834681,Stress_Induced
522:30,0.9347181008902083,0.45238095238095255,0.6744186046511629,0.6871725526407747,0.6487653256043984,2.3809654349770786,High,0.6487653256043984,Stress_Induced
523:00,0.9347181008902083,0.45238095238095255,0.6511627906976745,0.6794206146562786,0.6383002093253285,2.3809654349770786,High,0.6383002093253286,Stress_Induced
523:30,0.9347181008902083,0.45238095238095255,0.6046511627906976,0.6639167386872862,0.617369976767189,2.3809654349770786,High,0.6173699767671891,Stress_Induced
524:00,0.9347181008902083,0.45238095238095255,0.5813953488372092,0.65616480070279,0.6069048604881192,2.3809654349770786,High,0.6069048604881193,Stress_Induced
524:30,0.9347181008902083,0.45238095238095255,0.5813953488372092,0.65616480070279,0.6069048604881192,2.3809654349770786,High,0.6069048604881193,Stress_Induced
525:00,0.9347181008902083,0.3333333333333335,0.6046511627906976,0.6242341990047465,0.5757033101005223,2.1473080427264084,Medium,0.5757033101005224,Stress_Induced
525:30,0.9347181008902083,0.3333333333333335,0.627906976744186,0.6319861369892427,0.5861684263795921,2.1473080427264084,Medium,0.5861684263795921,Stress_Induced
526:00,0.9347181008902083,0.3333333333333335,0.6046511627906976,0.6242341990047465,0.5757033101005223,2.1473080427264084,Medium,0.5757033101005224,Stress_Induced
526:30,0.9020771513353125,0.3333333333333335,0.5813953488372092,0.6056019445019517,0.5587100039104733,2.1473080427264084,Medium,0.5587100039104734,Stress_Induced
527:00,0.9020771513353125,0.3333333333333335,0.5813953488372092,0.6056019445019517,0.5587100039104733,2.1473080427264084,Medium,0.5587100039104734,Stress_Induced
527:30,0.9020771513353125,0.3333333333333335,0.5813953488372092,0.6056019445019517,0.5587100039104733,2.1473080427264084,Medium,0.5587100039104734,Stress_Induced
528:00,0.9020771513353125,0.3333333333333335,0.558139534883721,0.5978500065174557,0.5482448876314037,2.1473080427264084,Medium,0.5482448876314038,Stress_Induced
528:30,0.9020771513353125,0.3571428571428572,0.5813953488372092,0.6135384524384596,0.5670433372438067,2.192128956046401,Medium,0.5670433372438067,Stress_Induced
529:00,0.9020771513353125,0.3571428571428572,0.6046511627906976,0.6212903904229558,0.5775084535228765,2.192128956046401,Medium,0.5775084535228765,Stress_Induced
529:30,0.9020771513353125,0.3571428571428572,0.627906976744186,0.6290423284074519,0.5879735698019463,2.192128956046401,Medium,0.5879735698019463,Stress_Induced
530:00,0.9020771513353125,0.3571428571428572,0.6511627906976745,0.636794266391948,0.598438686081016,2.192128956046401,Medium,0.5984386860810161,Stress_Induced
530:30,0.9020771513353125,0.3571428571428572,0.6511627906976745,0.636794266391948,0.598438686081016,2.192128956046401,Medium,0.5984386860810161,Stress_Induced
531:00,0.9020771513353125,0.3571428571428572,0.6976744186046511,0.6522981423609403,0.6193689186391556,2.192128956046401,Medium,0.6193689186391556,Stress_Induced
531:30,0.9020771513353125,0.5238095238095237,0.6744186046511629,0.7001017599319997,0.6672371356934191,2.5331933231360755,High,0.6672371356934191,Stress_Induced
532:00,0.8694362017804167,0.5238095238095237,0.6511627906976745,0.681469505429205,0.6502438295033701,2.5331933231360755,High,0.6502438295033701,Stress_Induced
532:30,0.9020771513353125,0.5238095238095237,0.6976744186046511,0.7078536979164958,0.6777022519724888,2.5331933231360755,High,0.6777022519724889,Stress_Induced
533:00,0.8694362017804167,0.5238095238095237,0.6976744186046511,0.6969733813981972,0.6711740620615096,2.5331933231360755,High,0.6711740620615096,Stress_Induced
533:30,0.8694362017804167,0.5238095238095237,0.6511627906976745,0.681469505429205,0.6502438295033701,2.5331933231360755,High,0.6502438295033701,Stress_Induced
534:00,0.8694362017804167,0.5238095238095237,0.6511627906976745,0.681469505429205,0.6502438295033701,2.5331933231360755,High,0.6502438295033701,Stress_Induced
534:30,0.8694362017804167,0.5714285714285716,0.6976744186046511,0.7128463972712131,0.6878407287281765,2.640048046091115,High,0.6878407287281765,Stress_Induced
535:00,0.8694362017804167,0.5714285714285716,0.7209302325581395,0.7205983352557093,0.6983058450072462,2.640048046091115,High,0.6983058450072461,Stress_Induced
535:30,0.8694362017804167,0.5714285714285716,0.6744186046511629,0.705094459286717,0.6773756124491068,2.640048046091115,High,0.6773756124491066,Stress_Induced
536:00,0.8338278931750764,0.5714285714285716,0.6511627906976745,0.6854730851004408,0.6597888344489689,2.640048046091115,High,0.6597888344489689,Stress_Induced
536:30,0.8694362017804167,0.5714285714285716,0.627906976744186,0.6895905833177247,0.6564453798909672,2.640048046091115,High,0.6564453798909671,Stress_Induced
537:00,0.8338278931750764,0.5714285714285716,0.627906976744186,0.6777211471159447,0.6493237181698991,2.640048046091115,High,0.6493237181698991,Stress_Induced
537:30,0.8338278931750764,0.7380952380952381,0.6511627906976745,0.7410286406559964,0.7181221677823022,2.718281828459045,High,0.7181221677823022,Stress_Induced
538:00,0.8338278931750764,0.7380952380952381,0.6511627906976745,0.7410286406559964,0.7181221677823022,2.718281828459045,High,0.7181221677823022,Stress_Induced
538:30,0.8338278931750764,0.7380952380952381,0.6511627906976745,0.7410286406559964,0.7181221677823022,2.718281828459045,High,0.7181221677823022,Stress_Induced
539:00,0.8338278931750764,0.7380952380952381,0.627906976744186,0.7332767026715002,0.7076570515032323,2.718281828459045,High,0.7076570515032324,Stress_Induced
539:30,0.8338278931750764,0.7380952380952381,0.6046511627906976,0.7255247646870041,0.6971919352241627,2.718281828459045,High,0.6971919352241626,Stress_Induced
540:00,0.8338278931750764,0.7380952380952381,0.6046511627906976,0.7255247646870041,0.6971919352241627,2.718281828459045,High,0.6971919352241626,Stress_Induced
540:30,0.8011869436201806,0.7380952380952381,0.5813953488372092,0.7068925101842094,0.6801986290341137,2.718281828459045,High,0.6801986290341138,Stress_Induced
541:00,0.8011869436201806,0.6190476190476191,0.5348837209302326,0.6517060945326775,0.6176017298093075,2.718281828459045,High,0.6176017298093075,Stress_Induced
541:30,0.8011869436201806,0.6190476190476191,0.4883720930232558,0.6362022185636852,0.596671497251168,2.718281828459045,High,0.596671497251168,Stress_Induced
542:00,0.8011869436201806,0.6190476190476191,0.4883720930232558,0.6362022185636852,0.596671497251168,2.718281828459045,High,0.596671497251168,Stress_Induced
542:30,0.8011869436201806,0.6190476190476191,0.4651162790697675,0.6284502805791891,0.5862063809720982,2.718281828459045,High,0.5862063809720982,Stress_Induced
543:00,0.8011869436201806,0.6190476190476191,0.4883720930232558,0.6362022185636852,0.596671497251168,2.718281828459045,High,0.596671497251168,Stress_Induced
543:30,0.8011869436201806,0.6190476190476191,0.4883720930232558,0.6362022185636852,0.596671497251168,2.718281828459045,High,0.596671497251168,Stress_Induced
544:00,0.8011869436201806,0.7619047619047619,0.4651162790697675,0.6760693281982366,0.6362063809720981,2.718281828459045,High,0.6362063809720983,Stress_Induced
544:30,0.8011869436201806,0.7619047619047619,0.41860465116279066,0.6605654522292443,0.6152761484139586,2.6770032766659875,High,0.6152761484139586,Stress_Induced
545:00,0.7685459940652848,0.7619047619047619,0.39534883720930236,0.6419331977264496,0.5982828422239097,2.580667535846661,High,0.5982828422239097,Stress_Induced
545:30,0.7685459940652848,0.7619047619047619,0.41860465116279066,0.6496851357109458,0.6087479585029794,2.6770032766659875,High,0.6087479585029794,Stress_Induced
546:00,0.7685459940652848,0.7619047619047619,0.41860465116279066,0.6496851357109458,0.6087479585029794,2.6770032766659875,High,0.6087479585029794,Stress_Induced
546:30,0.7685459940652848,0.7619047619047619,0.37209302325581395,0.6341812597419535,0.5878177259448398,2.487798572614086,High,0.5878177259448398,Stress_Induced
547:00,0.7685459940652848,0.6904761904761907,0.37209302325581395,0.6103717359324298,0.56281772594484,2.487798572614086,High,0.5628177259448399,Stress_Induced
547:30,0.7685459940652848,0.6904761904761907,0.37209302325581395,0.6103717359324298,0.56281772594484,2.487798572614086,High,0.5628177259448399,Stress_Induced
548:00,0.7685459940652848,0.6904761904761907,0.37209302325581395,0.6103717359324298,0.56281772594484,2.487798572614086,High,0.5628177259448399,Stress_Induced
548:30,0.7685459940652848,0.6904761904761907,0.39534883720930236,0.6181236739169259,0.5732828422239098,2.580667535846661,High,0.5732828422239098,Stress_Induced
549:00,0.7685459940652848,0.6904761904761907,0.41860465116279066,0.625875611901422,0.5837479585029796,2.6770032766659875,High,0.5837479585029794,Stress_Induced
549:30,0.7685459940652848,0.6904761904761907,0.39534883720930236,0.6181236739169259,0.5732828422239098,2.580667535846661,High,0.5732828422239098,Stress_Induced
550:00,0.735905044510389,0.5476190476190479,0.37209302325581395,0.5518723717950836,0.5062895360338608,2.366795936942858,High,0.5062895360338608,Stress_Induced
550:30,0.735905044510389,0.5476190476190479,0.39534883720930236,0.5596243097795798,0.5167546523129307,2.4551478989009334,High,0.5167546523129306,Stress_Induced
551:00,0.735905044510389,0.5476190476190479,0.41860465116279066,0.5673762477640758,0.5272197685920004,2.5467980198003843,High,0.5272197685920004,Stress_Induced
551:30,0.735905044510389,0.5476190476190479,0.4418604651162791,0.5751281857485719,0.5376848848710702,2.586068847327244,High,0.5376848848710701,Stress_Induced
552:00,0.735905044510389,0.5476190476190479,0.41860465116279066,0.5673762477640758,0.5272197685920004,2.5467980198003843,High,0.5272197685920004,Stress_Induced
552:30,0.735905044510389,0.5476190476190479,0.41860465116279066,0.5673762477640758,0.5272197685920004,2.5467980198003843,High,0.5272197685920004,Stress_Induced
553:00,0.735905044510389,0.5476190476190479,0.4651162790697675,0.5828801237330681,0.5481500011501399,2.586068847327244,High,0.5481500011501399,Stress_Induced
553:30,0.735905044510389,0.4761904761904763,0.5116279069767442,0.5745744758925365,0.5440802337082793,2.430663495644476,High,0.5440802337082794,Stress_Induced
554:00,0.7002967359050452,0.4761904761904763,0.5116279069767442,0.5627050396907552,0.5369585719872105,2.430663495644476,High,0.5369585719872106,Stress_Induced
554:30,0.7002967359050452,0.4761904761904763,0.5116279069767442,0.5627050396907552,0.5369585719872105,2.430663495644476,High,0.5369585719872106,Stress_Induced
555:00,0.7002967359050452,0.4761904761904763,0.5116279069767442,0.5627050396907552,0.5369585719872105,2.430663495644476,High,0.5369585719872106,Stress_Induced
555:30,0.7002967359050452,0.4761904761904763,0.5348837209302326,0.5704569776752514,0.5474236882662804,2.430663495644476,High,0.5474236882662804,Stress_Induced
556:00,0.7002967359050452,0.4761904761904763,0.5116279069767442,0.5627050396907552,0.5369585719872105,2.430663495644476,High,0.5369585719872106,Stress_Induced
556:30,0.7002967359050452,0.5,0.5116279069767442,0.5706415476272632,0.5452919053205438,2.48139890746272,High,0.545291905320544,Stress_Induced
557:00,0.7002967359050452,0.5,0.5348837209302326,0.5783934856117593,0.5557570215996137,2.48139890746272,High,0.5557570215996137,Stress_Induced
557:30,0.7002967359050452,0.5,0.5813953488372092,0.5938973615807515,0.5766872541577532,2.48139890746272,High,0.5766872541577532,Stress_Induced
558:00,0.6676557863501493,0.5,0.6046511627906976,0.590768983046949,0.5806241805258439,2.48139890746272,High,0.5806241805258439,Stress_Induced
558:30,0.7002967359050452,0.5,0.627906976744186,0.6094012375497437,0.5976174867158928,2.48139890746272,High,0.5976174867158928,Stress_Induced
559:00,0.6676557863501493,0.5,0.627906976744186,0.5985209210314452,0.5910892968049136,2.48139890746272,High,0.5910892968049136,Stress_Induced
559:30,0.6676557863501493,0.5,0.5813953488372092,0.5830170450624529,0.570159064246774,2.48139890746272,High,0.5701590642467741,Stress_Induced
560:00,0.6676557863501493,0.40476190476190466,0.558139534883721,0.543519075331925,0.526360614634371,2.2845969608136283,Medium,0.526360614634371,Stress_Induced
560:30,0.6676557863501493,0.40476190476190466,0.4883720930232558,0.5202632613784366,0.4949652657971616,2.2845969608136283,Medium,0.49496526579716166,Stress_Induced
561:00,0.6676557863501493,0.40476190476190466,0.4418604651162791,0.5047593854094443,0.4740350332390221,2.2845969608136283,Medium,0.47403503323902213,Stress_Induced
561:30,0.6676557863501493,0.40476190476190466,0.4418604651162791,0.5047593854094443,0.4740350332390221,2.2845969608136283,Medium,0.47403503323902213,Stress_Induced
562:00,0.6676557863501493,0.40476190476190466,0.4418604651162791,0.5047593854094443,0.4740350332390221,2.2845969608136283,Medium,0.47403503323902213,Stress_Induced
562:30,0.6676557863501493,0.40476190476190466,0.4418604651162791,0.5047593854094443,0.4740350332390221,2.2845969608136283,Medium,0.47403503323902213,Stress_Induced
563:00,0.6350148367952535,0.5238095238095237,0.41860465116279066,0.5258096705891893,0.4987083937156398,2.494725438498015,High,0.4987083937156398,Stress_Induced
563:30,0.6350148367952535,0.5238095238095237,0.34883720930232553,0.502553856635701,0.4673130448784305,2.2349727010610567,Medium,0.4673130448784305,Stress_Induced
564:00,0.6350148367952535,0.5238095238095237,0.32558139534883723,0.4948019186512049,0.45684792859936074,2.15454405431848,Medium,0.45684792859936085,Stress_Induced
564:30,0.6350148367952535,0.5238095238095237,0.32558139534883723,0.4948019186512049,0.45684792859936074,2.15454405431848,Medium,0.45684792859936085,Stress_Induced
565:00,0.6350148367952535,0.5238095238095237,0.3023255813953488,0.48704998066670874,0.446382812320291,2.077009745933491,Medium,0.446382812320291,Stress_Induced
565:30,0.6350148367952535,0.5238095238095237,0.3023255813953488,0.48704998066670874,0.446382812320291,2.077009745933491,Medium,0.446382812320291,Stress_Induced
566:00,0.6350148367952535,0.5238095238095237,0.3023255813953488,0.48704998066670874,0.446382812320291,2.077009745933491,Medium,0.446382812320291,Stress_Induced
566:30,0.6350148367952535,0.38095238095238093,0.2558139534883721,0.42392705707866885,0.37545257976215146,1.705196207152508,Medium,0.3754525797621515,Stress_Induced
567:00,0.6350148367952535,0.38095238095238093,0.2325581395348837,0.4161751190941727,0.36498746348308164,1.6438323151878589,Medium,0.36498746348308175,Stress_Induced
567:30,0.6350148367952535,0.38095238095238093,0.2325581395348837,0.4161751190941727,0.36498746348308164,1.6438323151878589,Medium,0.36498746348308175,Stress_Induced
568:00,0.5994065281899097,0.38095238095238093,0.2558139534883721,0.4120576208768876,0.3683309180410827,1.705196207152508,Medium,0.36833091804108276,Stress_Induced
568:30,0.5994065281899097,0.38095238095238093,0.2325581395348837,0.40430568289239144,0.3578658017620129,1.6438323151878589,Medium,0.35786580176201294,Stress_Induced
569:00,0.5994065281899097,0.38095238095238093,0.2325581395348837,0.40430568289239144,0.3578658017620129,1.6438323151878589,Medium,0.35786580176201294,Stress_Induced
569:30,0.5994065281899097,0.38095238095238093,0.2093023255813954,0.3965537449078953,0.3474006854829432,1.5846766894750668,Medium,0.34740068548294323,Stress_Induced
570:00,0.5994065281899097,0.38095238095238093,0.2093023255813954,0.3965537449078953,0.3474006854829432,1.5846766894750668,Medium,0.34740068548294323,Stress_Induced
570:30,0.5994065281899097,0.09523809523809534,0.18604651162790697,0.293563711685304,0.23693556920387343,1.3076074666157063,Low,0.2369355692038735,Stress_Induced
571:00,0.5994065281899097,0.09523809523809534,0.13953488372093026,0.27805983571631177,0.21600533664573393,1.2214027581601699,Low,0.21600533664573396,Stress_Induced
571:30,0.5994065281899097,0.09523809523809534,0.16279069767441867,0.2858117737008079,0.22647045292480372,1.2605513665745467,Low,0.22647045292480378,Stress_Induced
572:00,0.5994065281899097,0.09523809523809534,0.18604651162790697,0.293563711685304,0.23693556920387343,1.3076074666157063,Low,0.2369355692038735,Stress_Induced
572:30,0.5994065281899097,0.09523809523809534,0.2093023255813954,0.3013156496698001,0.24740068548294325,1.3564201603267465,Low,0.2474006854829433,Stress_Induced
573:00,0.5994065281899097,0.09523809523809534,0.2325581395348837,0.30906758765429626,0.25786580176201296,1.4070550209557333,Medium,0.257865801762013,Stress_Induced
573:30,0.5667655786350139,0.4285714285714288,0.2093023255813954,0.40154644426261266,0.3575391622386308,1.6290679486266273,Medium,0.3575391622386308,Stress_Induced
574:00,0.5667655786350139,0.4285714285714288,0.16279069767441867,0.38604256829362044,0.3366089296804913,1.5139290088326447,Medium,0.3366089296804913,Stress_Induced
574:30,0.5667655786350139,0.4285714285714288,0.16279069767441867,0.38604256829362044,0.3366089296804913,1.5139290088326447,Medium,0.3366089296804913,Stress_Induced
575:00,0.5667655786350139,0.4285714285714288,0.18604651162790697,0.3937945062781165,0.347074045959561,1.5704436394806849,Medium,0.34707404595956104,Stress_Induced
575:30,0.5667655786350139,0.4285714285714288,0.2558139534883721,0.41705032023160493,0.37846939479677033,1.7529635575771805,Medium,0.37846939479677033,Stress_Induced
576:00,0.5667655786350139,0.4285714285714288,0.2325581395348837,0.4092983822471088,0.36800427851770057,1.6898806900960468,Medium,0.36800427851770057,Stress_Induced
576:30,0.534124629080118,0.4285714285714288,0.2093023255813954,0.39066612774431403,0.3510109723276516,1.6024262924216268,Medium,0.35101097232765166,Stress_Induced
577:00,0.534124629080118,0.4761904761904763,0.2093023255813954,0.40653914361732985,0.3676776389943182,1.6700195613477442,Medium,0.36767763899431827,Stress_Induced
577:30,0.534124629080118,0.4761904761904763,0.2325581395348837,0.414291081601826,0.378142755273388,1.7323610173433224,Medium,0.37814275527338803,Stress_Induced
578:00,0.534124629080118,0.4761904761904763,0.2558139534883721,0.4220430195863221,0.38860787155245774,1.7970296659213114,Medium,0.3886078715524578,Stress_Induced
578:30,0.534124629080118,0.4761904761904763,0.2325581395348837,0.414291081601826,0.378142755273388,1.7323610173433224,Medium,0.37814275527338803,Stress_Induced
579:00,0.534124629080118,0.4761904761904763,0.2325581395348837,0.414291081601826,0.378142755273388,1.7323610173433224,Medium,0.37814275527338803,Stress_Induced
579:30,0.534124629080118,0.4761904761904763,0.2790697674418605,0.42979495757081826,0.3990729878315275,1.8641123806593183,Medium,0.39907298783152756,Stress_Induced
580:00,0.534124629080118,0.4761904761904763,0.2558139534883721,0.4220430195863221,0.38860787155245774,1.7970296659213114,Medium,0.3886078715524578,Stress_Induced
580:30,0.534124629080118,0.40476190476190466,0.2558139534883721,0.3982334957767983,0.36360787155245766,1.6890402643609093,Medium,0.36360787155245766,Stress_Induced
581:00,0.534124629080118,0.40476190476190466,0.2558139534883721,0.3982334957767983,0.36360787155245766,1.6890402643609093,Medium,0.36360787155245766,Stress_Induced
581:30,0.5014836795252222,0.40476190476190466,0.2790697674418605,0.3951051172429958,0.36754479792054834,1.7234381804785455,Medium,0.36754479792054834,Stress_Induced
582:00,0.534124629080118,0.40476190476190466,0.32558139534883723,0.4214893097302867,0.39500322038966695,1.8853437056068363,Medium,0.39500322038966706,Stress_Induced
582:30,0.5014836795252222,0.40476190476190466,0.32558139534883723,0.41060899321198807,0.3884750304786878,1.8545109347114395,Medium,0.38847503047868787,Stress_Induced
583:00,0.5014836795252222,0.40476190476190466,0.3023255813953488,0.40285705522749193,0.37800991419961805,1.7877737415558628,Medium,0.37800991419961805,Stress_Induced
583:30,0.5014836795252222,0.45238095238095255,0.32558139534883723,0.42648200908500405,0.4051416971453546,1.932737594451864,Medium,0.40514169714535464,Stress_Induced
584:00,0.5014836795252222,0.45238095238095255,0.34883720930232553,0.4342339470695001,0.41560681342442435,2.004886255751545,Medium,0.41560681342442435,Stress_Induced
584:30,0.5014836795252222,0.45238095238095255,0.34883720930232553,0.4342339470695001,0.41560681342442435,2.004886255751545,Medium,0.41560681342442435,Stress_Induced
585:00,0.5014836795252222,0.45238095238095255,0.34883720930232553,0.4342339470695001,0.41560681342442435,2.004886255751545,Medium,0.41560681342442435,Stress_Induced
585:30,0.5014836795252222,0.45238095238095255,0.34883720930232553,0.4342339470695001,0.41560681342442435,2.004886255751545,Medium,0.41560681342442435,Stress_Induced
586:00,0.4658753709198784,0.45238095238095255,0.34883720930232553,0.4223645108677188,0.4084851517033556,1.9691445109998271,Medium,0.4084851517033556,Stress_Induced
586:30,0.5014836795252222,0.45238095238095255,0.34883720930232553,0.4342339470695001,0.41560681342442435,2.004886255751545,Medium,0.41560681342442435,Stress_Induced
587:00,0.5014836795252222,0.4761904761904763,0.37209302325581395,0.4499223929905041,0.4344052630368274,2.123138525089172,Medium,0.4344052630368274,Stress_Induced
587:30,0.4658753709198784,0.4761904761904763,0.37209302325581395,0.43805295678872286,0.42728360131575865,2.0852886595326696,Medium,0.42728360131575865,Stress_Induced
588:00,0.4658753709198784,0.4761904761904763,0.39534883720930236,0.445804894773219,0.4377487175948284,2.16313201790712,Medium,0.4377487175948285,Stress_Induced
588:30,0.4658753709198784,0.4761904761904763,0.39534883720930236,0.445804894773219,0.4377487175948284,2.16313201790712,Medium,0.4377487175948285,Stress_Induced
589:00,0.4658753709198784,0.4761904761904763,0.37209302325581395,0.43805295678872286,0.42728360131575865,2.0852886595326696,Medium,0.42728360131575865,Stress_Induced
589:30,0.4658753709198784,0.4761904761904763,0.32558139534883723,0.4225490808197307,0.4063533687576191,1.9379050432596838,Medium,0.4063533687576192,Stress_Induced
590:00,0.4658753709198784,0.4761904761904763,0.32558139534883723,0.4225490808197307,0.4063533687576191,1.9379050432596838,Medium,0.4063533687576192,Stress_Induced
590:30,0.4658753709198784,0.4285714285714288,0.34883720930232553,0.4144280029312109,0.4001518183700223,1.9288828032209004,Medium,0.4001518183700223,Stress_Induced
591:00,0.4332344213649826,0.4285714285714288,0.34883720930232553,0.40354768641291233,0.3936236284590431,1.8973379971577333,Medium,0.3936236284590431,Stress_Induced
591:30,0.4332344213649826,0.4285714285714288,0.34883720930232553,0.40354768641291233,0.3936236284590431,1.8973379971577333,Medium,0.3936236284590431,Stress_Induced
592:00,0.4332344213649826,0.4285714285714288,0.37209302325581395,0.41129962439740847,0.40408874473811285,1.9681651994230116,Medium,0.40408874473811285,Stress_Induced
592:30,0.4332344213649826,0.4285714285714288,0.39534883720930236,0.4190515623819046,0.4145538610171826,2.0416363652774034,Medium,0.41455386101718267,Stress_Induced
593:00,0.4332344213649826,0.4285714285714288,0.37209302325581395,0.41129962439740847,0.40408874473811285,1.9681651994230116,Medium,0.40408874473811285,Stress_Induced
593:30,0.4332344213649826,0.4285714285714288,0.37209302325581395,0.41129962439740847,0.40408874473811285,1.9681651994230116,Medium,0.40408874473811285,Stress_Induced
594:00,0.4332344213649826,0.30952380952380976,0.34883720930232553,0.3638651467303726,0.35195696179237645,1.7111416575883376,Medium,0.3519569617923764,Stress_Induced
594:30,0.4332344213649826,0.30952380952380976,0.34883720930232553,0.3638651467303726,0.35195696179237645,1.7111416575883376,Medium,0.3519569617923764,Stress_Induced
595:00,0.4332344213649826,0.30952380952380976,0.32558139534883723,0.35611320874587654,0.3414918455133067,1.649563810199266,Medium,0.3414918455133067,Stress_Induced
595:30,0.4332344213649826,0.30952380952380976,0.2790697674418605,0.34060933277688427,0.32056161295516716,1.5329762679859507,Medium,0.32056161295516716,Stress_Induced
596:00,0.40059347181008675,0.30952380952380976,0.2790697674418605,0.3297290162585857,0.314033423044188,1.5079060879872974,Medium,0.314033423044188,Stress_Induced
596:30,0.4332344213649826,0.9523809523809526,0.2790697674418605,0.5548950470625985,0.5455616129551671,1.9811041636687283,Medium,0.5455616129551671,Stress_Induced
597:00,0.40059347181008675,0.9523809523809526,0.2790697674418605,0.5440147305442999,0.539033423044188,1.9487053333564304,Medium,0.539033423044188,Stress_Induced
597:30,0.40059347181008675,0.9523809523809526,0.3023255813953488,0.5517666685287961,0.5494985393232577,2.0214500667712576,Medium,0.5494985393232577,Stress_Induced
598:00,0.40059347181008675,0.9523809523809526,0.32558139534883723,0.5595186065132922,0.5599636556023275,2.0969103447833177,Medium,0.5599636556023275,Stress_Induced
598:30,0.40059347181008675,0.9523809523809526,0.3023255813953488,0.5517666685287961,0.5494985393232577,2.0214500667712576,Medium,0.5494985393232577,Stress_Induced
599:00,0.40059347181008675,0.9523809523809526,0.2558139534883721,0.5362627925598038,0.5285683067651181,1.8785784218342043,Medium,0.5285683067651181,Stress_Induced
599:30,0.40059347181008675,1.0,0.2790697674418605,0.5598877464173158,0.5557000897108546,1.9487053333564304,Medium,0.5557000897108546,Stress_Induced
600:00,0.40059347181008675,1.0,0.3023255813953488,0.5676396844018119,0.5661652059899243,2.0214500667712576,Medium,0.5661652059899243,Stress_Induced
600:30,0.36795252225519093,1.0,0.3023255813953488,0.5567593678835133,0.5596370160789451,1.9883914225570019,Medium,0.5596370160789451,Stress_Induced
601:00,0.40059347181008675,1.0,0.3023255813953488,0.5676396844018119,0.5661652059899243,2.0214500667712576,Medium,0.5661652059899243,Stress_Induced
601:30,0.36795252225519093,1.0,0.3023255813953488,0.5567593678835133,0.5596370160789451,1.9883914225570019,Medium,0.5596370160789451,Stress_Induced
602:00,0.36795252225519093,1.0,0.32558139534883723,0.5645113058680095,0.5701021323580149,2.0626176287885536,Medium,0.5701021323580149,Stress_Induced
602:30,0.36795252225519093,0.8809523809523809,0.34883720930232553,0.5325807041699658,0.538900581970418,2.139614682665607,Medium,0.5389005819704179,Stress_Induced
603:00,0.36795252225519093,0.8809523809523809,0.34883720930232553,0.5325807041699658,0.538900581970418,2.139614682665607,Medium,0.5389005819704179,Stress_Induced
603:30,0.36795252225519093,0.8809523809523809,0.32558139534883723,0.5248287661854697,0.5284354656913482,2.0626176287885536,Medium,0.5284354656913482,Stress_Induced
604:00,0.36795252225519093,0.8809523809523809,0.34883720930232553,0.5325807041699658,0.538900581970418,2.139614682665607,Medium,0.5389005819704179,Stress_Induced
604:30,0.36795252225519093,0.8809523809523809,0.34883720930232553,0.5325807041699658,0.538900581970418,2.139614682665607,Medium,0.5389005819704179,Stress_Induced
605:00,0.36795252225519093,0.8809523809523809,0.34883720930232553,0.5325807041699658,0.538900581970418,2.139614682665607,Medium,0.5389005819704179,Stress_Induced
605:30,0.3323442136498507,0.5714285714285716,0.34883720930232553,0.4175366647935826,0.42344558691601664,2.040989492225334,Medium,0.4234455869160167,Stress_Induced
606:00,0.3323442136498507,0.5714285714285716,0.32558139534883723,0.40978472680908656,0.412980470636947,1.9675416050106178,Medium,0.41298047063694693,Stress_Induced
606:30,0.3323442136498507,0.5714285714285716,0.32558139534883723,0.40978472680908656,0.412980470636947,1.9675416050106178,Medium,0.41298047063694693,Stress_Induced
607:00,0.3323442136498507,0.5714285714285716,0.34883720930232553,0.4175366647935826,0.42344558691601664,2.040989492225334,Medium,0.4234455869160167,Stress_Induced
607:30,0.3323442136498507,0.5714285714285716,0.34883720930232553,0.4175366647935826,0.42344558691601664,2.040989492225334,Medium,0.4234455869160167,Stress_Induced
608:00,0.3323442136498507,0.5714285714285716,0.34883720930232553,0.4175366647935826,0.42344558691601664,2.040989492225334,Medium,0.4234455869160167,Stress_Induced
608:30,0.3323442136498507,0.6666666666666665,0.32558139534883723,0.4415307585551182,0.4463138039702801,2.025846688493533,Medium,0.44631380397028014,Stress_Induced
609:00,0.3323442136498507,0.6666666666666665,0.34883720930232553,0.4492826965396142,0.45677892024934985,2.10147109140926,Medium,0.4567789202493499,Stress_Induced
609:30,0.3323442136498507,0.6666666666666665,0.34883720930232553,0.4492826965396142,0.45677892024934985,2.10147109140926,Medium,0.4567789202493499,Stress_Induced
610:00,0.3323442136498507,0.6666666666666665,0.34883720930232553,0.4492826965396142,0.45677892024934985,2.10147109140926,Medium,0.4567789202493499,Stress_Induced
610:30,0.3323442136498507,0.6666666666666665,0.34883720930232553,0.4492826965396142,0.45677892024934985,2.10147109140926,Medium,0.4567789202493499,Stress_Induced
611:00,0.3323442136498507,0.6666666666666665,0.34883720930232553,0.4492826965396142,0.45677892024934985,2.10147109140926,Medium,0.4567789202493499,Stress_Induced
611:30,0.3323442136498507,0.6666666666666665,0.34883720930232553,0.4492826965396142,0.45677892024934985,2.10147109140926,Medium,0.4567789202493499,Stress_Induced
612:00,0.3323442136498507,0.5238095238095237,0.34883720930232553,0.40166364892056666,0.4067789202493499,1.958381387017253,Medium,0.4067789202493499,Stress_Induced
612:30,0.3323442136498507,0.5238095238095237,0.37209302325581395,0.4094155869050628,0.4172440365284197,2.0314873253469625,Medium,0.4172440365284197,Stress_Induced
613:00,0.2997032640949513,0.5238095238095237,0.37209302325581395,0.398535270386763,0.4107158466174398,1.998264532551645,Medium,0.4107158466174398,Stress_Induced
613:30,0.2997032640949513,0.5238095238095237,0.37209302325581395,0.398535270386763,0.4107158466174398,1.998264532551645,Medium,0.4107158466174398,Stress_Induced
614:00,0.2997032640949513,0.5238095238095237,0.37209302325581395,0.398535270386763,0.4107158466174398,1.998264532551645,Medium,0.4107158466174398,Stress_Induced
614:30,0.2997032640949513,0.5238095238095237,0.37209302325581395,0.398535270386763,0.4107158466174398,1.998264532551645,Medium,0.4107158466174398,Stress_Induced
615:00,0.2997032640949513,0.5714285714285716,0.37209302325581395,0.41440828625977894,0.4273825132841066,2.082554981711816,Medium,0.4273825132841066,Stress_Induced
615:30,0.2997032640949513,0.5714285714285716,0.34883720930232553,0.4066563482752828,0.41691739700503677,2.0076113016988235,Medium,0.4169173970050368,Stress_Induced
616:00,0.2997032640949513,0.5714285714285716,0.3023255813953488,0.39115247230629063,0.3959871644468973,1.8657177502414442,Medium,0.3959871644468973,Stress_Induced
616:30,0.2997032640949513,0.5714285714285716,0.3023255813953488,0.39115247230629063,0.3959871644468973,1.8657177502414442,Medium,0.3959871644468973,Stress_Induced
617:00,0.2997032640949513,0.5714285714285716,0.34883720930232553,0.4066563482752828,0.41691739700503677,2.0076113016988235,Medium,0.4169173970050368,Stress_Induced
617:30,0.2997032640949513,0.5714285714285716,0.37209302325581395,0.41440828625977894,0.4273825132841066,2.082554981711816,Medium,0.4273825132841066,Stress_Induced
618:00,0.2997032640949513,0.7380952380952381,0.37209302325581395,0.46996384181533446,0.4857158466174399,2.1442683105467673,Medium,0.48571584661743983,Stress_Induced
618:30,0.2997032640949513,0.7380952380952381,0.34883720930232553,0.4622119038308383,0.4752507303383701,2.067103789302999,Medium,0.47525073033837006,Stress_Induced
619:00,0.2997032640949513,0.7380952380952381,0.34883720930232553,0.4622119038308383,0.4752507303383701,2.067103789302999,Medium,0.47525073033837006,Stress_Induced
619:30,0.26706231454005547,0.7380952380952381,0.34883720930232553,0.4513315873125397,0.468722540427391,2.033298527502169,Medium,0.46872254042739087,Stress_Induced
620:00,0.2997032640949513,0.7380952380952381,0.37209302325581395,0.46996384181533446,0.4857158466174399,2.1442683105467673,Medium,0.48571584661743983,Stress_Induced
620:30,0.26706231454005547,0.7380952380952381,0.34883720930232553,0.4513315873125397,0.468722540427391,2.033298527502169,Medium,0.46872254042739087,Stress_Induced
621:00,0.26706231454005547,0.7380952380952381,0.34883720930232553,0.4513315873125397,0.468722540427391,2.033298527502169,Medium,0.46872254042739087,Stress_Induced
621:30,0.26706231454005547,0.40476190476190466,0.37209302325581395,0.34797241418592467,0.362520990039794,1.7726912588057415,Medium,0.36252099003979393,Stress_Induced
622:00,0.26706231454005547,0.40476190476190466,0.37209302325581395,0.34797241418592467,0.362520990039794,1.7726912588057415,Medium,0.36252099003979393,Stress_Induced
622:30,0.26706231454005547,0.40476190476190466,0.34883720930232553,0.34022047620142853,0.35205587376072417,1.708898462155271,Medium,0.35205587376072417,Stress_Induced
623:00,0.26706231454005547,0.40476190476190466,0.37209302325581395,0.34797241418592467,0.362520990039794,1.7726912588057415,Medium,0.36252099003979393,Stress_Induced
623:30,0.26706231454005547,0.40476190476190466,0.37209302325581395,0.34797241418592467,0.362520990039794,1.7726912588057415,Medium,0.36252099003979393,Stress_Induced
624:00,0.26706231454005547,0.40476190476190466,0.34883720930232553,0.34022047620142853,0.35205587376072417,1.708898462155271,Medium,0.35205587376072417,Stress_Induced
624:30,0.26706231454005547,0.5476190476190479,0.34883720930232553,0.3878395238204763,0.4020558737607243,1.9344020639208488,Medium,0.4020558737607243,Stress_Induced
625:00,0.23442136498515964,0.5476190476190479,0.39534883720930236,0.39246308327116997,0.41645791640788477,2.047478256415447,Medium,0.4164579164078847,Stress_Induced
625:30,0.23442136498515964,0.5476190476190479,0.39534883720930236,0.39246308327116997,0.41645791640788477,2.047478256415447,Medium,0.4164579164078847,Stress_Induced
626:00,0.23442136498515964,0.5476190476190479,0.39534883720930236,0.39246308327116997,0.41645791640788477,2.047478256415447,Medium,0.4164579164078847,Stress_Induced
626:30,0.23442136498515964,0.5476190476190479,0.39534883720930236,0.39246308327116997,0.41645791640788477,2.047478256415447,Medium,0.4164579164078847,Stress_Induced
627:00,0.23442136498515964,0.5476190476190479,0.37209302325581395,0.38471114528667383,0.405992800128815,1.9737968618641106,Medium,0.40599280012881495,Stress_Induced
627:30,0.23442136498515964,0.5476190476190479,0.3023255813953488,0.36145533133318547,0.3745974512916057,1.768283609743525,Medium,0.37459745129160565,Stress_Induced
628:00,0.23442136498515964,0.38095238095238093,0.2790697674418605,0.2981478377931337,0.3057990016792025,1.475138647388654,Medium,0.3057990016792025,Stress_Induced
628:30,0.23442136498515964,0.38095238095238093,0.2790697674418605,0.2981478377931337,0.3057990016792025,1.475138647388654,Medium,0.3057990016792025,Stress_Induced
629:00,0.23442136498515964,0.38095238095238093,0.3023255813953488,0.3058997757776298,0.31626411795827225,1.5302052425364023,Medium,0.3162641179582722,Stress_Induced
629:30,0.23442136498515964,0.38095238095238093,0.37209302325581395,0.3291555897311182,0.34765946679548154,1.7080485783411365,Medium,0.3476594667954815,Stress_Induced
630:00,0.23442136498515964,0.38095238095238093,0.37209302325581395,0.3291555897311182,0.34765946679548154,1.7080485783411365,Medium,0.3476594667954815,Stress_Induced
630:30,0.23442136498515964,0.38095238095238093,0.37209302325581395,0.3291555897311182,0.34765946679548154,1.7080485783411365,Medium,0.3476594667954815,Stress_Induced
631:00,0.20178041543026382,0.38095238095238093,0.37209302325581395,0.31827527321281956,0.34113127688450234,1.6801152787854199,Medium,0.3411312768845023,Stress_Induced
631:30,0.20178041543026382,0.40476190476190466,0.37209302325581395,0.3262117811493275,0.34946461021783565,1.7151844443544288,Medium,0.3494646102178356,Stress_Induced
632:00,0.20178041543026382,0.40476190476190466,0.37209302325581395,0.3262117811493275,0.34946461021783565,1.7151844443544288,Medium,0.3494646102178356,Stress_Induced
632:30,0.20178041543026382,0.40476190476190466,0.37209302325581395,0.3262117811493275,0.34946461021783565,1.7151844443544288,Medium,0.3494646102178356,Stress_Induced
633:00,0.20178041543026382,0.40476190476190466,0.37209302325581395,0.3262117811493275,0.34946461021783565,1.7151844443544288,Medium,0.3494646102178356,Stress_Induced
633:30,0.20178041543026382,0.40476190476190466,0.37209302325581395,0.3262117811493275,0.34946461021783565,1.7151844443544288,Medium,0.3494646102178356,Stress_Induced
634:00,0.20178041543026382,0.40476190476190466,0.37209302325581395,0.3262117811493275,0.34946461021783565,1.7151844443544288,Medium,0.3494646102178356,Stress_Induced
634:30,0.20178041543026382,0.40476190476190466,0.37209302325581395,0.3262117811493275,0.34946461021783565,1.7151844443544288,Medium,0.3494646102178356,Stress_Induced
635:00,0.20178041543026382,0.30952380952380976,0.39534883720930236,0.302217687387792,0.32659639316357225,1.6381010229544624,Medium,0.32659639316357225,Stress_Induced
635:30,0.23442136498515964,0.30952380952380976,0.37209302325581395,0.30534606592159447,0.32265946679548163,1.6054063419278672,Medium,0.3226594667954816,Stress_Induced
636:00,0.20178041543026382,0.30952380952380976,0.34883720930232553,0.2867138114187997,0.30566616060543267,1.5223236453334608,Medium,0.3056661606054326,Stress_Induced
636:30,0.20178041543026382,0.30952380952380976,0.3023255813953488,0.2712099354498075,0.28473592804729314,1.4147291581331125,Medium,0.28473592804729314,Stress_Induced
637:00,0.20178041543026382,0.30952380952380976,0.2790697674418605,0.26345799746531134,0.27427081176822343,1.363818132847707,Low,0.27427081176822343,Stress_Induced
637:30,0.20178041543026382,0.30952380952380976,0.2790697674418605,0.26345799746531134,0.27427081176822343,1.363818132847707,Low,0.27427081176822343,Stress_Induced
638:00,0.20178041543026382,0.30952380952380976,0.3023255813953488,0.2712099354498075,0.28473592804729314,1.4147291581331125,Medium,0.28473592804729314,Stress_Induced
638:30,0.20178041543026382,0.26190476190476186,0.3023255813953488,0.2553369195767915,0.26806926138062637,1.3574686501387394,Low,0.26806926138062637,Stress_Induced
639:00,0.20178041543026382,0.26190476190476186,0.3023255813953488,0.2553369195767915,0.26806926138062637,1.3574686501387394,Low,0.26806926138062637,Stress_Induced
639:30,0.1661721068249271,0.26190476190476186,0.3023255813953488,0.2434674833750126,0.26094759965955905,1.3548474869479137,Low,0.26094759965955905,Stress_Induced
640:00,0.1661721068249271,0.26190476190476186,0.3023255813953488,0.2434674833750126,0.26094759965955905,1.3548474869479137,Low,0.26094759965955905,Stress_Induced
640:30,0.20178041543026382,0.26190476190476186,0.3023255813953488,0.2553369195767915,0.26806926138062637,1.3574686501387394,Low,0.26806926138062637,Stress_Induced
641:00,0.20178041543026382,0.26190476190476186,0.3023255813953488,0.2553369195767915,0.26806926138062637,1.3574686501387394,Low,0.26806926138062637,Stress_Induced
641:30,0.1661721068249271,0.26190476190476186,0.3023255813953488,0.2434674833750126,0.26094759965955905,1.3548474869479137,Low,0.26094759965955905,Stress_Induced
642:00,0.1661721068249271,0.38095238095238093,0.3023255813953488,0.28315002305755227,0.30261426632622573,1.5022739969775036,Medium,0.3026142663262257,Stress_Induced
642:30,0.1661721068249271,0.38095238095238093,0.32558139534883723,0.2909019610420484,0.3130793826052955,1.5583535486447273,Medium,0.3130793826052955,Stress_Induced
643:00,0.1661721068249271,0.38095238095238093,0.3023255813953488,0.28315002305755227,0.30261426632622573,1.5022739969775036,Medium,0.3026142663262257,Stress_Induced
643:30,0.1661721068249271,0.38095238095238093,0.2558139534883721,0.26764614708856005,0.2816840337680862,1.3960965748276912,Medium,0.28168403376808615,Stress_Induced
644:00,0.1661721068249271,0.38095238095238093,0.2093023255813954,0.25214227111956783,0.2607538012099467,1.2974235393590445,Low,0.2607538012099467,Stress_Induced
644:30,0.1661721068249271,0.38095238095238093,0.2325581395348837,0.2598942091040639,0.2712189174890164,1.345856069347678,Low,0.2712189174890164,Stress_Induced
645:00,0.1661721068249271,0.38095238095238093,0.2558139534883721,0.26764614708856005,0.2816840337680862,1.3960965748276912,Medium,0.28168403376808615,Stress_Induced
645:30,0.1661721068249271,0.45238095238095255,0.2558139534883721,0.29145567089808394,0.3066840337680863,1.485356515408927,Medium,0.30668403376808623,Stress_Induced
646:00,0.1661721068249271,0.45238095238095255,0.2325581395348837,0.2837037329135878,0.2962189174890165,1.4319038649994194,Medium,0.29621891748901646,Stress_Induced
646:30,0.1661721068249271,0.45238095238095255,0.18604651162790697,0.2681998569445955,0.27528868493087694,1.3307000490125358,Low,0.27528868493087694,Stress_Induced
647:00,0.1661721068249271,0.45238095238095255,0.16279069767441867,0.26044791896009944,0.26482356865180723,1.282812929804526,Low,0.2648235686518072,Stress_Induced
647:30,0.1661721068249271,0.45238095238095255,0.18604651162790697,0.2681998569445955,0.27528868493087694,1.3307000490125358,Low,0.27528868493087694,Stress_Induced
648:00,0.1661721068249271,0.45238095238095255,0.18604651162790697,0.2681998569445955,0.27528868493087694,1.3307000490125358,Low,0.27528868493087694,Stress_Induced
648:30,0.1335311572700313,0.38095238095238093,0.16279069767441867,0.22575807863227695,0.23329537874082795,1.205724497025363,Low,0.23329537874082798,Stress_Induced
649:00,0.1661721068249271,0.38095238095238093,0.18604651162790697,0.24439033313507166,0.25028868493087686,1.2507339223122358,Low,0.25028868493087686,Stress_Induced
649:30,0.1661721068249271,0.38095238095238093,0.2093023255813954,0.25214227111956783,0.2607538012099467,1.2974235393590445,Low,0.2607538012099467,Stress_Induced
650:00,0.1335311572700313,0.38095238095238093,0.18604651162790697,0.23351001661677306,0.24376049501989772,1.2507339223122358,Low,0.2437604950198977,Stress_Induced
650:30,0.1335311572700313,0.38095238095238093,0.18604651162790697,0.23351001661677306,0.24376049501989772,1.2507339223122358,Low,0.2437604950198977,Stress_Induced
651:00,0.1335311572700313,0.38095238095238093,0.18604651162790697,0.23351001661677306,0.24376049501989772,1.2507339223122358,Low,0.2437604950198977,Stress_Induced
651:30,0.1335311572700313,0.38095238095238093,0.18604651162790697,0.23351001661677306,0.24376049501989772,1.2507339223122358,Low,0.2437604950198977,Stress_Induced
652:00,0.1335311572700313,0.5476190476190479,0.18604651162790697,0.2890655721723287,0.3020938283532311,1.4453304912934546,Medium,0.30209382835323106,Stress_Induced
652:30,0.1335311572700313,0.5476190476190479,0.13953488372093026,0.2735616962033365,0.28116359579509165,1.3500463201604163,Low,0.28116359579509165,Stress_Induced
653:00,0.1335311572700313,0.5476190476190479,0.11627906976744184,0.26580975821884034,0.27069847951602183,1.3500463201604163,Low,0.2706984795160218,Stress_Induced
653:30,0.1335311572700313,0.5476190476190479,0.09302325581395354,0.25805782023434426,0.2602333632369521,1.3500463201604163,Low,0.26023336323695206,Stress_Induced
654:00,0.1335311572700313,0.5476190476190479,0.09302325581395354,0.25805782023434426,0.2602333632369521,1.3500463201604163,Low,0.26023336323695206,Stress_Induced
654:30,0.1335311572700313,0.5476190476190479,0.09302325581395354,0.25805782023434426,0.2602333632369521,1.3500463201604163,Low,0.26023336323695206,Stress_Induced
655:00,0.1335311572700313,0.5476190476190479,0.09302325581395354,0.25805782023434426,0.2602333632369521,1.3500463201604163,Low,0.26023336323695206,Stress_Induced
655:30,0.1335311572700313,0.5476190476190479,0.09302325581395354,0.25805782023434426,0.2602333632369521,1.3500463201604163,Low,0.26023336323695206,Stress_Induced
656:00,0.1335311572700313,0.023809523809523725,0.09302325581395354,0.08345464563116951,0.07690002990361866,1.0,Low,0.07690002990361866,Stress_Induced
656:30,0.10089020771513546,0.023809523809523725,0.09302325581395354,0.07257432911287091,0.07037183999263949,1.0,Low,0.07037183999263949,Stress_Induced
657:00,0.10089020771513546,0.023809523809523725,0.09302325581395354,0.07257432911287091,0.07037183999263949,1.0,Low,0.07037183999263949,Stress_Induced
657:30,0.10089020771513546,0.023809523809523725,0.09302325581395354,0.07257432911287091,0.07037183999263949,1.0,Low,0.07037183999263949,Stress_Induced
658:00,0.10089020771513546,0.023809523809523725,0.046511627906976716,0.05707045314387863,0.04944160743449992,1.0,Low,0.04944160743449993,Stress_Induced
658:30,0.10089020771513546,0.023809523809523725,0.023255813953488413,0.049318515159382535,0.038976491155430185,1.0,Low,0.03897649115543019,Stress_Induced
659:00,0.1335311572700313,0.6190476190476191,0.0,0.25085959210588343,0.24337289812067292,1.4190675485932571,Medium,0.2433728981206729,Stress_Induced
659:30,0.10089020771513546,0.6190476190476191,0.0,0.23997927558758483,0.23684470820969378,1.4190675485932571,Medium,0.23684470820969372,Stress_Induced
660:00,0.10089020771513546,0.6190476190476191,0.023255813953488413,0.24773121357208097,0.24730982448876357,1.4190675485932571,Medium,0.2473098244887635,Stress_Induced
660:30,0.10089020771513546,0.6190476190476191,0.046511627906976716,0.2554831515565771,0.2577749407678333,1.4190675485932571,Medium,0.25777494076783325,Stress_Induced
661:00,0.10089020771513546,0.6190476190476191,0.046511627906976716,0.2554831515565771,0.2577749407678333,1.4190675485932571,Medium,0.25777494076783325,Stress_Induced
661:30,0.10089020771513546,0.6190476190476191,0.046511627906976716,0.2554831515565771,0.2577749407678333,1.4190675485932571,Medium,0.25777494076783325,Stress_Induced
662:00,0.10089020771513546,0.6190476190476191,0.046511627906976716,0.2554831515565771,0.2577749407678333,1.4190675485932571,Medium,0.25777494076783325,Stress_Induced
662:30,0.10089020771513546,0.38095238095238093,0.06976744186046513,0.18387001017599383,0.18490672371356973,1.1682786321115546,Low,0.1849067237135697,Stress_Induced
663:00,0.10089020771513546,0.38095238095238093,0.046511627906976716,0.1761180721914977,0.17444160743449993,1.1682786321115546,Low,0.17444160743449993,Stress_Induced
663:30,0.10089020771513546,0.38095238095238093,0.046511627906976716,0.1761180721914977,0.17444160743449993,1.1682786321115546,Low,0.17444160743449993,Stress_Induced
664:00,0.10089020771513546,0.38095238095238093,0.06976744186046513,0.18387001017599383,0.18490672371356973,1.1682786321115546,Low,0.1849067237135697,Stress_Induced
664:30,0.06824925816023963,0.38095238095238093,0.046511627906976716,0.1652377556731991,0.16791341752352076,1.1682786321115546,Low,0.16791341752352076,Stress_Induced
665:00,0.10089020771513546,0.38095238095238093,0.046511627906976716,0.1761180721914977,0.17444160743449993,1.1682786321115546,Low,0.17444160743449993,Stress_Induced
665:30,0.06824925816023963,0.4761904761904763,0.09302325581395354,0.21248766338822314,0.22217698341499373,1.268917612628367,Low,0.22217698341499367,Stress_Induced
666:00,0.06824925816023963,0.4761904761904763,0.11627906976744184,0.22023960137271925,0.23264209969406344,1.268917612628367,Low,0.2326420996940634,Stress_Induced
666:30,0.06824925816023963,0.4761904761904763,0.09302325581395354,0.21248766338822314,0.22217698341499373,1.268917612628367,Low,0.22217698341499367,Stress_Induced
667:00,0.06824925816023963,0.4761904761904763,0.09302325581395354,0.21248766338822314,0.22217698341499373,1.268917612628367,Low,0.22217698341499367,Stress_Induced
667:30,0.06824925816023963,0.4761904761904763,0.09302325581395354,0.21248766338822314,0.22217698341499373,1.268917612628367,Low,0.22217698341499367,Stress_Induced
668:00,0.06824925816023963,0.4761904761904763,0.09302325581395354,0.21248766338822314,0.22217698341499373,1.268917612628367,Low,0.22217698341499367,Stress_Induced
668:30,0.06824925816023963,0.4761904761904763,0.09302325581395354,0.21248766338822314,0.22217698341499373,1.268917612628367,Low,0.22217698341499367,Stress_Induced
669:00,0.06824925816023963,0.5,0.09302325581395354,0.22042417132473105,0.23051031674832703,1.2954038201003124,Low,0.23051031674832698,Stress_Induced
669:30,0.06824925816023963,0.5,0.11627906976744184,0.22817610930922716,0.24097543302739674,1.2954038201003124,Low,0.2409754330273967,Stress_Induced
670:00,0.06824925816023963,0.5,0.13953488372093026,0.2359280472937233,0.25144054930646653,1.2954038201003124,Low,0.25144054930646653,Stress_Induced
670:30,0.06824925816023963,0.5,0.13953488372093026,0.2359280472937233,0.25144054930646653,1.2954038201003124,Low,0.25144054930646653,Stress_Induced
671:00,0.032640949554895826,0.5,0.13953488372093026,0.22405861109194203,0.2443188875853978,1.2954038201003124,Low,0.24431888758539774,Stress_Induced
671:30,0.06824925816023963,0.5,0.11627906976744184,0.22817610930922716,0.24097543302739674,1.2954038201003124,Low,0.2409754330273967,Stress_Induced
672:00,0.06824925816023963,0.5,0.11627906976744184,0.22817610930922716,0.24097543302739674,1.2954038201003124,Low,0.2409754330273967,Stress_Induced
672:30,0.032640949554895826,0.28571428571428603,0.11627906976744184,0.14487810167887458,0.1588537713063281,1.0756214183372532,Low,0.15885377130632808,Stress_Induced
673:00,0.032640949554895826,0.28571428571428603,0.11627906976744184,0.14487810167887458,0.1588537713063281,1.0756214183372532,Low,0.15885377130632808,Stress_Induced
673:30,0.032640949554895826,0.28571428571428603,0.09302325581395354,0.13712616369437847,0.14838865502725837,1.0756214183372532,Low,0.14838865502725834,Stress_Induced
674:00,0.032640949554895826,0.28571428571428603,0.09302325581395354,0.13712616369437847,0.14838865502725837,1.0756214183372532,Low,0.14838865502725834,Stress_Induced
674:30,0.032640949554895826,0.28571428571428603,0.11627906976744184,0.14487810167887458,0.1588537713063281,1.0756214183372532,Low,0.15885377130632808,Stress_Induced
675:00,0.032640949554895826,0.28571428571428603,0.13953488372093026,0.15263003966337071,0.1693188875853979,1.0756214183372532,Low,0.16931888758539787,Stress_Induced
675:30,0.032640949554895826,0.28571428571428603,0.13953488372093026,0.15263003966337071,0.1693188875853979,1.0756214183372532,Low,0.16931888758539787,Stress_Induced
676:00,0.032640949554895826,0.1428571428571428,0.13953488372093026,0.10501099204432296,0.11931888758539777,1.0,Low,0.11931888758539774,Stress_Induced
676:30,0.032640949554895826,0.1428571428571428,0.13953488372093026,0.10501099204432296,0.11931888758539777,1.0,Low,0.11931888758539774,Stress_Induced
677:00,0.032640949554895826,0.1428571428571428,0.13953488372093026,0.10501099204432296,0.11931888758539777,1.0,Low,0.11931888758539774,Stress_Induced
677:30,0.032640949554895826,0.1428571428571428,0.16279069767441867,0.1127629300288191,0.12978400386446753,1.0320521696490577,Low,0.12978400386446753,Stress_Induced
678:00,0.032640949554895826,0.1428571428571428,0.16279069767441867,0.1127629300288191,0.12978400386446753,1.0320521696490577,Low,0.12978400386446753,Stress_Induced
678:30,0.032640949554895826,0.1428571428571428,0.13953488372093026,0.10501099204432296,0.11931888758539777,1.0,Low,0.11931888758539774,Stress_Induced
679:00,0.032640949554895826,0.1428571428571428,0.13953488372093026,0.10501099204432296,0.11931888758539777,1.0,Low,0.11931888758539774,Stress_Induced
679:30,0.032640949554895826,0.1428571428571428,0.11627906976744184,0.09725905405982682,0.10885377130632798,1.0,Low,0.10885377130632796,Stress_Induced
680:00,0.032640949554895826,0.1428571428571428,0.13953488372093026,0.10501099204432296,0.11931888758539777,1.0,Low,0.11931888758539774,Stress_Induced
680:30,0.032640949554895826,0.1428571428571428,0.16279069767441867,0.1127629300288191,0.12978400386446753,1.0320521696490577,Low,0.12978400386446753,Stress_Induced
681:00,0.032640949554895826,0.1428571428571428,0.16279069767441867,0.1127629300288191,0.12978400386446753,1.0320521696490577,Low,0.12978400386446753,Stress_Induced
681:30,0.032640949554895826,0.1428571428571428,0.11627906976744184,0.09725905405982682,0.10885377130632798,1.0,Low,0.10885377130632796,Stress_Induced
682:00,0.032640949554895826,0.1428571428571428,0.09302325581395354,0.08950711607533073,0.09838865502725824,1.0,Low,0.09838865502725823,Stress_Induced
682:30,0.032640949554895826,0.1428571428571428,0.11627906976744184,0.09725905405982682,0.10885377130632798,1.0,Low,0.10885377130632796,Stress_Induced
683:00,0.032640949554895826,0.38095238095238093,0.11627906976744184,0.1766241334249062,0.1921871046396613,1.1682786321115546,Low,0.1921871046396613,Stress_Induced
683:30,0.0,0.38095238095238093,0.11627906976744184,0.16574381690660758,0.18565891472868212,1.1682786321115546,Low,0.18565891472868212,Stress_Induced
684:00,0.032640949554895826,0.38095238095238093,0.09302325581395354,0.1688721954404101,0.18172198836059159,1.1682786321115546,Low,0.18172198836059156,Stress_Induced
