Timestamp,Object Temperature(F),Heart Rate Ear(BPM),GSR,Feature_Mean,Weighted_Stress,QuantityIndex_Stress,StressIndex_Level,Predicted_Stress,Condition
00:00,0.0,0.20289855072463758,0.9775280898876406,0.39347554687075936,0.5109021332030614,1.9220667620017526,High,0.5109021332030614,Base
00:30,0.0,0.20289855072463758,0.9775280898876406,0.39347554687075936,0.5109021332030614,1.9220667620017526,High,0.5109021332030614,Base
01:00,0.0,0.20289855072463758,1.0000000000000002,0.40096618357487923,0.5210144927536233,1.9220667620017526,High,0.5210144927536233,Base
01:30,0.0,0.20289855072463758,1.0000000000000002,0.40096618357487923,0.5210144927536233,1.9220667620017526,High,0.5210144927536233,Base
02:00,0.0,0.20289855072463758,0.9775280898876406,0.39347554687075936,0.5109021332030614,1.9220667620017526,High,0.5109021332030614,Base
02:30,0.0,0.20289855072463758,0.9775280898876406,0.39347554687075936,0.5109021332030614,1.9220667620017526,High,0.5109021332030614,Base
03:00,0.0264423076923066,0.20289855072463758,0.955056179775281,0.3947990127307417,0.5060782351909608,1.897445057792032,Medium,0.506078235190961,Base
03:30,0.0264423076923066,0.20289855072463758,0.943820224719101,0.3910536943786817,0.5010220554156799,1.8827223313185706,Medium,0.5010220554156799,Base
04:00,0.0264423076923066,0.20289855072463758,0.9662921348314606,0.3985443310828016,0.5111344149662417,1.9122829147184583,High,0.5111344149662418,Base
04:30,0.0264423076923066,0.20289855072463758,0.9775280898876406,0.40228964943486156,0.5161905947415227,1.9220667620017526,High,0.5161905947415228,Base
05:00,0.0264423076923066,0.14492753623188415,0.9775280898876406,0.3829659779372771,0.495900739669059,1.7251024864785514,Medium,0.49590073966905907,Base
05:30,0.0264423076923066,0.14492753623188415,0.9662921348314606,0.37922065958521706,0.49084455989377807,1.7163212414097486,Medium,0.490844559893778,Base
06:00,0.0264423076923066,0.14492753623188415,0.8988764044943822,0.3567487494728576,0.46050748124209273,1.6379512224784074,Medium,0.4605074812420928,Base
06:30,0.0264423076923066,0.14492753623188415,0.853932584269663,0.3417674760646179,0.44028276214096906,1.5877028434524145,Medium,0.4402827621409691,Base
07:00,0.0264423076923066,0.14492753623188415,0.8202247191011238,0.3305315210084382,0.42511422281512645,1.5510307789529825,Medium,0.4251142228151265,Base
07:30,0.0264423076923066,0.14492753623188415,0.7752808988764046,0.31555024760019845,0.4048895037140028,1.5034489087530365,Medium,0.40488950371400284,Base
08:00,0.0552884615384599,0.14492753623188415,0.7977528089887642,0.33265626891970274,0.42077109403379537,1.5270545281879209,Medium,0.4207710940337953,Base
08:30,0.0552884615384599,0.14492753623188415,0.7977528089887642,0.33265626891970274,0.42077109403379537,1.5270545281879209,Medium,0.4207710940337953,Base
09:00,0.0552884615384599,0.14492753623188415,0.7977528089887642,0.33265626891970274,0.42077109403379537,1.5270545281879209,Medium,0.4207710940337953,Base
09:30,0.0552884615384599,0.2753623188405797,0.7977528089887642,0.376134529789268,0.4664232679468388,1.9476013724395482,High,0.46642326794683886,Base
10:00,0.0552884615384599,0.2753623188405797,0.8202247191011238,0.38362516649338785,0.4765356274974006,1.9781806202882815,High,0.47653562749740064,Base
10:30,0.0552884615384599,0.2753623188405797,0.8314606741573034,0.3873704848454477,0.4815918072726814,1.9936498223597354,High,0.48159180727268147,Base
11:00,0.0552884615384599,0.2753623188405797,0.8314606741573034,0.3873704848454477,0.4815918072726814,1.9936498223597354,High,0.48159180727268147,Base
11:30,0.0552884615384599,0.2753623188405797,0.8314606741573034,0.3873704848454477,0.4815918072726814,1.9936498223597354,High,0.48159180727268147,Base
12:00,0.0552884615384599,0.2753623188405797,0.842696629213483,0.39111580319750755,0.48664798704796225,2.0092399922590376,High,0.4866479870479623,Base
12:30,0.0552884615384599,0.2753623188405797,0.853932584269663,0.3948611215495676,0.4917041668232432,2.0249520759441832,High,0.49170416682324325,Base
13:00,0.0552884615384599,0.2753623188405797,0.853932584269663,0.3948611215495676,0.4917041668232432,2.0249520759441832,High,0.49170416682324325,Base
13:30,0.0552884615384599,0.3188405797101449,0.8651685393258426,0.4130991935248158,0.5119777379028718,2.0643001419720237,High,0.5119777379028718,Base
14:00,0.08173076923077005,0.3188405797101449,0.853932584269663,0.41816797773685926,0.5122100196660531,2.0482827473051413,High,0.5122100196660531,Base
14:30,0.08173076923077005,0.3188405797101449,0.8314606741573034,0.4106773410327394,0.5020976601154913,2.0166198419305044,High,0.5020976601154914,Base
15:00,0.08173076923077005,0.3188405797101449,0.8314606741573034,0.4106773410327394,0.5020976601154913,2.0166198419305044,High,0.5020976601154914,Base
15:30,0.08173076923077005,0.3188405797101449,0.8314606741573034,0.4106773410327394,0.5020976601154913,2.0166198419305044,High,0.5020976601154914,Base
16:00,0.08173076923077005,0.3188405797101449,0.8314606741573034,0.4106773410327394,0.5020976601154913,2.0166198419305044,High,0.5020976601154914,Base
16:30,0.08173076923077005,0.3188405797101449,0.842696629213483,0.4144226593847993,0.507153839890772,2.0323896354044595,High,0.5071538398907722,Base
17:00,0.08173076923077005,0.3188405797101449,0.8651685393258426,0.42191329608891914,0.5172661994413339,2.0643001419720237,High,0.5172661994413339,Base
17:30,0.08173076923077005,0.3188405797101449,0.8764044943820226,0.42565861444097913,0.522322379216615,2.080442791285636,High,0.522322379216615,Base
18:00,0.08173076923077005,0.2753623188405797,0.8764044943820226,0.41116586081779083,0.5071049879122671,2.0567458055483794,High,0.5071049879122671,Base
18:30,0.08173076923077005,0.2753623188405797,0.8651685393258426,0.40742054246573084,0.502048808136986,2.0407870267704764,High,0.502048808136986,Base
19:00,0.08173076923077005,0.2753623188405797,0.853932584269663,0.40367522411367096,0.4969926283617052,2.0249520759441832,High,0.49699262836170527,Base
19:30,0.08173076923077005,0.2753623188405797,0.8089887640449438,0.3886939507054312,0.47676790926058166,1.9628314474265927,High,0.4767679092605817,Base
20:00,0.08173076923077005,0.2753623188405797,0.7415730337078654,0.3662220405930718,0.4464308306088963,1.8732053716183692,Medium,0.4464308306088964,Base
20:30,0.08173076923077005,0.2753623188405797,0.7303370786516854,0.36247672224101174,0.4413746508336154,1.8586707266220877,Medium,0.44137465083361543,Base
21:00,0.08173076923077005,0.2753623188405797,0.752808988764045,0.3699673589451316,0.45148701038417716,1.8878536762866631,Medium,0.4514870103841772,Base
21:30,0.08173076923077005,0.2753623188405797,0.7752808988764046,0.3774579956492515,0.46159936993473893,1.9174948268250822,High,0.461599369934739,Base
22:00,0.08173076923077005,0.2753623188405797,0.7865168539325842,0.38120331400131136,0.46665554971001977,1.9324894712184755,High,0.4666555497100198,Base
22:30,0.08173076923077005,0.23188405797101452,0.7865168539325842,0.3667105603781229,0.451438158405672,1.781976452442571,Medium,0.45143815840567203,Base
23:00,0.08173076923077005,0.23188405797101452,0.7640449438202246,0.359219923674003,0.44132579885511014,1.754430181368544,Medium,0.4413257988551102,Base
23:30,0.08173076923077005,0.23188405797101452,0.7640449438202246,0.359219923674003,0.44132579885511014,1.754430181368544,Medium,0.4413257988551102,Base
24:00,0.08173076923077005,0.23188405797101452,0.7640449438202246,0.359219923674003,0.44132579885511014,1.754430181368544,Medium,0.4413257988551102,Base
24:30,0.10817307692307665,0.23188405797101452,0.7865168539325842,0.3755246629422251,0.45672661994413327,1.781976452442571,Medium,0.4567266199441333,Base
25:00,0.10817307692307665,0.23188405797101452,0.7977528089887642,0.3792699812942851,0.46178279971941427,1.7959113548203887,Medium,0.4617827997194143,Base
25:30,0.10817307692307665,0.23188405797101452,0.7977528089887642,0.3792699812942851,0.46178279971941427,1.7959113548203887,Medium,0.4617827997194143,Base
26:00,0.10817307692307665,0.23188405797101452,0.8089887640449438,0.38301529964634495,0.4668389794946951,1.8099552269345975,Medium,0.46683897949469516,Base
26:30,0.10817307692307665,0.23188405797101452,0.8089887640449438,0.38301529964634495,0.4668389794946951,1.8099552269345975,Medium,0.46683897949469516,Base
27:00,0.10817307692307665,0.23188405797101452,0.8089887640449438,0.38301529964634495,0.4668389794946951,1.8099552269345975,Medium,0.46683897949469516,Base
27:30,0.10817307692307665,0.23188405797101452,0.8202247191011238,0.38676061799840494,0.4718951592699761,1.824108920919152,Medium,0.47189515926997616,Base
28:00,0.13701923076922995,0.02898550724637683,0.8314606741573034,0.3324884707243034,0.41170607706086443,1.421087984098861,Medium,0.41170607706086443,Base
28:30,0.13701923076922995,0.02898550724637683,0.8314606741573034,0.3324884707243034,0.41170607706086443,1.421087984098861,Medium,0.41170607706086443,Base
29:00,0.13701923076922995,0.02898550724637683,0.842696629213483,0.3362337890763632,0.41676225683614526,1.432200769737281,Medium,0.4167622568361452,Base
29:30,0.13701923076922995,0.02898550724637683,0.8314606741573034,0.3324884707243034,0.41170607706086443,1.421087984098861,Medium,0.41170607706086443,Base
30:00,0.13701923076922995,0.02898550724637683,0.8202247191011238,0.32874315237224355,0.4066498972855836,1.4100614252013106,Medium,0.4066498972855836,Base
30:30,0.13701923076922995,0.02898550724637683,0.8202247191011238,0.32874315237224355,0.4066498972855836,1.4100614252013106,Medium,0.4066498972855836,Base
31:00,0.13701923076922995,0.02898550724637683,0.842696629213483,0.3362337890763632,0.41676225683614526,1.432200769737281,Medium,0.4167622568361452,Base
31:30,0.1634615384615401,0.02898550724637683,0.853932584269663,0.3487932099925266,0.4271068981498882,1.4434004564022582,Medium,0.4271068981498882,Base
32:00,0.13701923076922995,0.02898550724637683,0.8314606741573034,0.3324884707243034,0.41170607706086443,1.421087984098861,Medium,0.41170607706086443,Base
32:30,0.1634615384615401,0.02898550724637683,0.6853932584269662,0.2926134347116277,0.3512642015206747,1.2842299854817025,Low,0.35126420152067467,Base
33:00,0.1634615384615401,0.10144927536231874,0.5842696629213482,0.283060158915069,0.33112090238372627,1.2144051362935153,Low,0.3311209023837262,Base
33:30,0.1634615384615401,0.10144927536231874,0.5955056179775282,0.286805477267129,0.3361770821590073,1.2239016798635352,Low,0.33617708215900727,Base
34:00,0.1634615384615401,0.10144927536231874,0.5842696629213482,0.283060158915069,0.33112090238372627,1.2144051362935153,Low,0.3311209023837262,Base
34:30,0.1634615384615401,0.10144927536231874,0.6067415730337078,0.2905507956191889,0.3412332619342881,1.2334724855863424,Low,0.34123326193428805,Base
35:00,0.1634615384615401,0.10144927536231874,0.6404494382022474,0.30178675067536875,0.35640180126013093,1.2626363056494314,Low,0.3564018012601309,Base
35:30,0.1634615384615401,0.10144927536231874,0.6404494382022474,0.30178675067536875,0.35640180126013093,1.2626363056494314,Low,0.3564018012601309,Base
36:00,0.1634615384615401,0.10144927536231874,0.6179775280898878,0.2942961139712489,0.3462894417095691,1.2431181341855757,Low,0.34628944170956905,Base
36:30,0.1634615384615401,0.10144927536231874,0.6067415730337078,0.2905507956191889,0.3412332619342881,1.2334724855863424,Low,0.34123326193428805,Base
37:00,0.1634615384615401,0.10144927536231874,0.6292134831460674,0.29804143232330876,0.35134562148484993,1.2528392109260824,Low,0.3513456214848499,Base
37:30,0.1899038461538467,0.10144927536231874,0.6404494382022474,0.31060085323947095,0.3616902627985923,1.2626363056494314,Low,0.3616902627985922,Base
38:00,0.1899038461538467,0.10144927536231874,0.651685393258427,0.31434617159153083,0.3667464425738731,1.2725100128097,Low,0.366746442573873,Base
38:30,0.1899038461538467,0.10144927536231874,0.6629213483146066,0.31809148994359066,0.37180262234915384,1.282460931509547,Low,0.3718026223491538,Base
39:00,0.1899038461538467,0.10144927536231874,0.6741573033707866,0.3218368082956507,0.3768588021244349,1.2924896655365623,Low,0.37685880212443484,Base
39:30,0.1899038461538467,0.10144927536231874,0.6853932584269662,0.3255821266477105,0.38191498189971573,1.302596823399901,Low,0.3819149818997156,Base
40:00,0.1899038461538467,0.10144927536231874,0.6853932584269662,0.3255821266477105,0.38191498189971573,1.302596823399901,Low,0.3819149818997156,Base
40:30,0.1899038461538467,0.10144927536231874,0.6853932584269662,0.3255821266477105,0.38191498189971573,1.302596823399901,Low,0.3819149818997156,Base
41:00,0.1899038461538467,0.10144927536231874,0.6966292134831462,0.32932744499977057,0.3869711616749967,1.3127830183672096,Low,0.3869711616749966,Base
41:30,0.1899038461538467,0.10144927536231874,0.7078651685393258,0.3330727633518304,0.3920273414502775,1.323048868501833,Low,0.39202734145027746,Base
42:00,0.1899038461538467,0.10144927536231874,0.7078651685393258,0.3330727633518304,0.3920273414502775,1.323048868501833,Low,0.39202734145027746,Base
42:30,0.1899038461538467,0.10144927536231874,0.7078651685393258,0.3330727633518304,0.3920273414502775,1.323048868501833,Low,0.39202734145027746,Base
43:00,0.1899038461538467,0.20289855072463758,0.7191011235955058,0.3706345068246633,0.43259076760237014,1.6111187955433026,Medium,0.4325907676023701,Base
43:30,0.1899038461538467,0.20289855072463758,0.7191011235955058,0.3706345068246633,0.43259076760237014,1.6111187955433026,Medium,0.4325907676023701,Base
44:00,0.1899038461538467,0.20289855072463758,0.7191011235955058,0.3706345068246633,0.43259076760237014,1.6111187955433026,Medium,0.4325907676023701,Base
44:30,0.2163461538461533,0.20289855072463758,0.7191011235955058,0.3794486093887655,0.43787922914083144,1.6111187955433026,Medium,0.43787922914083144,Base
45:00,0.2163461538461533,0.20289855072463758,0.6966292134831462,0.37195797268464564,0.4277668695902696,1.586213688063536,Medium,0.42776686959026966,Base
45:30,0.2163461538461533,0.20289855072463758,0.6741573033707866,0.3644673359805258,0.4176545100397078,1.561693570430759,Medium,0.4176545100397079,Base
46:00,0.2163461538461533,0.20289855072463758,0.6404494382022474,0.3532313809243461,0.40248597071386516,1.525622256721544,Medium,0.40248597071386516,Base
46:30,0.2163461538461533,0.20289855072463758,0.5617977528089886,0.3270141524599265,0.3670927122868987,1.4446627254567201,Medium,0.36709271228689877,Base
47:00,0.2163461538461533,0.246376811594203,0.4943820224719102,0.3190349959707555,0.3519730249395613,1.4951474695236475,Medium,0.35197302493956134,Base
47:30,0.1899038461538467,0.246376811594203,0.4719101123595506,0.30273025670253345,0.3365722038505382,1.4720350779795899,Medium,0.33657220385053815,Base
48:00,0.2163461538461533,0.246376811594203,0.4831460674157304,0.3152896776186956,0.3469168451642804,1.4835462655041227,Medium,0.34691684516428045,Base
48:30,0.2163461538461533,0.246376811594203,0.5280898876404494,0.3302709510269352,0.36714156426540395,1.5304982473306146,Medium,0.367141564265404,Base
49:00,0.2163461538461533,0.246376811594203,0.5730337078651686,0.34525222443517495,0.3873662833665276,1.5789361879362123,Medium,0.3873662833665277,Base
49:30,0.2163461538461533,0.246376811594203,0.5955056179775282,0.3527428611392948,0.39747864291708945,1.6037270315408032,Medium,0.39747864291708945,Base
50:00,0.2163461538461533,0.246376811594203,0.5955056179775282,0.3527428611392948,0.39747864291708945,1.6037270315408032,Medium,0.39747864291708945,Base
50:30,0.2163461538461533,0.246376811594203,0.5617977528089886,0.3415069060831149,0.3823101035912466,1.566684847367181,Medium,0.3823101035912466,Base
51:00,0.2163461538461533,0.246376811594203,0.5280898876404494,0.3302709510269352,0.36714156426540395,1.5304982473306146,Medium,0.367141564265404,Base
51:30,0.2163461538461533,0.246376811594203,0.5168539325842698,0.3265256326748754,0.3620853844901231,1.5186227482372279,Medium,0.3620853844901232,Base
52:00,0.2163461538461533,0.246376811594203,0.4831460674157304,0.3152896776186956,0.3469168451642804,1.4835462655041227,Medium,0.34691684516428045,Base
52:30,0.2163461538461533,0.246376811594203,0.4943820224719102,0.3190349959707555,0.3519730249395613,1.4951474695236475,Medium,0.35197302493956134,Base
53:00,0.2163461538461533,0.246376811594203,0.5393258426966294,0.3340162693789952,0.37219774404068495,1.5424666118040842,Medium,0.372197744040685,Base
53:30,0.2163461538461533,0.246376811594203,0.5617977528089886,0.3415069060831149,0.3823101035912466,1.566684847367181,Medium,0.3823101035912466,Base
54:00,0.2163461538461533,0.246376811594203,0.5730337078651686,0.34525222443517495,0.3873662833665276,1.5789361879362123,Medium,0.3873662833665277,Base
54:30,0.2163461538461533,0.246376811594203,0.5730337078651686,0.34525222443517495,0.3873662833665276,1.5789361879362123,Medium,0.3873662833665277,Base
55:00,0.2163461538461533,0.246376811594203,0.5842696629213482,0.34899754278723477,0.3924224631418084,1.5912833329332938,Medium,0.3924224631418084,Base
55:30,0.2163461538461533,0.246376811594203,0.6179775280898878,0.3602334978434147,0.40759100246765123,1.6289071156551265,Medium,0.40759100246765123,Base
56:00,0.2163461538461533,0.246376811594203,0.6292134831460674,0.3639788161954745,0.41264718224293206,1.6416450290030118,Medium,0.41264718224293206,Base
56:30,0.2163461538461533,0.246376811594203,0.6292134831460674,0.3639788161954745,0.41264718224293206,1.6416450290030118,Medium,0.41264718224293206,Base
57:00,0.2163461538461533,0.246376811594203,0.6067415730337078,0.35648817949135464,0.40253482269237023,1.6162680387996562,Medium,0.4025348226923703,Base
57:30,0.2451923076923066,0.246376811594203,0.6067415730337078,0.3661035641067391,0.40830405346160087,1.6162680387996562,Medium,0.4083040534616009,Base
58:00,0.2163461538461533,0.246376811594203,0.6292134831460674,0.3639788161954745,0.41264718224293206,1.6416450290030118,Medium,0.41264718224293206,Base
58:30,0.2163461538461533,0.246376811594203,0.6292134831460674,0.3639788161954745,0.41264718224293206,1.6416450290030118,Medium,0.41264718224293206,Base
59:00,0.2163461538461533,0.246376811594203,0.6179775280898878,0.3602334978434147,0.40759100246765123,1.6289071156551265,Medium,0.40759100246765123,Base
59:30,0.2451923076923066,0.246376811594203,0.6067415730337078,0.3661035641067391,0.40830405346160087,1.6162680387996562,Medium,0.4083040534616009,Base
60:00,0.2163461538461533,0.246376811594203,0.6179775280898878,0.3602334978434147,0.40759100246765123,1.6289071156551265,Medium,0.40759100246765123,Base
60:30,0.2163461538461533,0.246376811594203,0.6179775280898878,0.3602334978434147,0.40759100246765123,1.6289071156551265,Medium,0.40759100246765123,Base
61:00,0.2451923076923066,0.14492753623188415,0.6067415730337078,0.3322871389859662,0.3727968070847893,1.3376566161499883,Low,0.37279680708478924,Base
61:30,0.2451923076923066,0.14492753623188415,0.6067415730337078,0.3322871389859662,0.3727968070847893,1.3376566161499883,Low,0.37279680708478924,Base
62:00,0.2163461538461533,0.14492753623188415,0.6067415730337078,0.32267175437058176,0.36702757631555866,1.3376566161499883,Low,0.3670275763155586,Base
62:30,0.2451923076923066,0.14492753623188415,0.6179775280898878,0.33603245733802617,0.37785298686007024,1.3481169756769293,Low,0.3778529868600703,Base
63:00,0.2163461538461533,0.14492753623188415,0.6292134831460674,0.33016239107470163,0.37713993586612043,1.3586591343144276,Low,0.3771399358661205,Base
63:30,0.2163461538461533,0.14492753623188415,0.6292134831460674,0.33016239107470163,0.37713993586612043,1.3586591343144276,Low,0.3771399358661205,Base
64:00,0.2451923076923066,0.14492753623188415,0.6404494382022474,0.34352309404214604,0.38796534641063213,1.3692837317244835,Low,0.3879653464106321,Base
64:30,0.2451923076923066,0.14492753623188415,0.6404494382022474,0.34352309404214604,0.38796534641063213,1.3692837317244835,Low,0.3879653464106321,Base
65:00,0.2451923076923066,0.14492753623188415,0.6404494382022474,0.34352309404214604,0.38796534641063213,1.3692837317244835,Low,0.3879653464106321,Base
65:30,0.2451923076923066,0.14492753623188415,0.6404494382022474,0.34352309404214604,0.38796534641063213,1.3692837317244835,Low,0.3879653464106321,Base
66:00,0.2451923076923066,0.13043478260869568,0.651685393258427,0.3424374945198097,0.387949062417797,1.3431916768562038,Low,0.387949062417797,Base
66:30,0.2451923076923066,0.13043478260869568,0.6179775280898878,0.33120153946363,0.3727805230919543,1.3121672241307418,Low,0.3727805230919543,Base
67:00,0.2451923076923066,0.13043478260869568,0.5730337078651686,0.3162202660553903,0.3525558039908307,1.2719131096499452,Low,0.3525558039908307,Base
67:30,0.2451923076923066,0.13043478260869568,0.5730337078651686,0.3162202660553903,0.3525558039908307,1.2719131096499452,Low,0.3525558039908307,Base
68:00,0.2451923076923066,0.13043478260869568,0.6067415730337078,0.32745622111157,0.3677243433166733,1.301985807257044,Low,0.3677243433166733,Base
68:30,0.2451923076923066,0.13043478260869568,0.6292134831460674,0.33494685781568984,0.37783670286723514,1.3224282588074738,Low,0.37783670286723514,Base
69:00,0.2451923076923066,0.13043478260869568,0.6292134831460674,0.33494685781568984,0.37783670286723514,1.3224282588074738,Low,0.37783670286723514,Base
69:30,0.2451923076923066,0.13043478260869568,0.6179775280898878,0.33120153946363,0.3727805230919543,1.3121672241307418,Low,0.3727805230919543,Base
70:00,0.2451923076923066,0.13043478260869568,0.5842696629213482,0.31996558440745015,0.3576119837661115,1.2818593606184938,Low,0.3576119837661115,Base
70:30,0.2451923076923066,0.13043478260869568,0.5842696629213482,0.31996558440745015,0.3576119837661115,1.2818593606184938,Low,0.3576119837661115,Base
71:00,0.2451923076923066,0.1159420289855072,0.6067415730337078,0.32262530323717387,0.3626518795485573,1.267266219022462,Low,0.3626518795485573,Base
71:30,0.2451923076923066,0.1159420289855072,0.5955056179775282,0.318879984885114,0.35759569977327654,1.257433199702558,Low,0.35759569977327654,Base
72:00,0.2451923076923066,0.1159420289855072,0.5280898876404494,0.2964080747727544,0.32725862112159104,1.200016754990469,Low,0.32725862112159104,Base
72:30,0.2451923076923066,0.1159420289855072,0.5056179775280898,0.2889174380686345,0.31714626157102926,1.1814665733755372,Low,0.31714626157102926,Base
73:00,0.2451923076923066,0.1159420289855072,0.5393258426966294,0.3001533931248144,0.3323148008968721,1.2094007826579594,Low,0.3323148008968721,Base
73:30,0.2451923076923066,0.1159420289855072,0.5617977528089886,0.30764402982893413,0.3424271604474337,1.2283895587004743,Low,0.3424271604474337,Base
74:00,0.2451923076923066,0.1159420289855072,0.5842696629213482,0.315134666533054,0.3525395199979955,1.2476764771129656,Low,0.3525395199979955,Base
74:30,0.2451923076923066,0.1159420289855072,0.5955056179775282,0.318879984885114,0.35759569977327654,1.257433199702558,Low,0.35759569977327654,Base
75:00,0.2451923076923066,0.1159420289855072,0.6067415730337078,0.32262530323717387,0.3626518795485573,1.267266219022462,Low,0.3626518795485573,Base
75:30,0.2451923076923066,0.1159420289855072,0.6179775280898878,0.32637062158923386,0.3677080593238383,1.277176131706537,Low,0.3677080593238383,Base
76:00,0.2451923076923066,0.17391304347826086,0.6292134831460674,0.3494396114388783,0.39305409417158294,1.434125957772489,Medium,0.393054094171583,Base
76:30,0.2451923076923066,0.17391304347826086,0.6179775280898878,0.3456942930868185,0.3879979143963021,1.4229982341432503,Medium,0.38799791439630216,Base
77:00,0.2451923076923066,0.17391304347826086,0.5842696629213482,0.33445833803063857,0.37282937507045927,1.39013044453118,Low,0.3728293750704593,Base
77:30,0.2451923076923066,0.17391304347826086,0.5280898876404494,0.31573174627033895,0.3475484761940548,1.3370291543203683,Low,0.3475484761940548,Base
78:00,0.2451923076923066,0.17391304347826086,0.5168539325842698,0.3119864279182791,0.34249229641877404,1.3266548278305106,Low,0.34249229641877404,Base
78:30,0.2451923076923066,0.17391304347826086,0.5393258426966294,0.31947706462239894,0.3526046559693359,1.3474846071498443,Low,0.3526046559693359,Base
79:00,0.2451923076923066,0.17391304347826086,0.5393258426966294,0.31947706462239894,0.3526046559693359,1.3474846071498443,Low,0.3526046559693359,Base
79:30,0.2451923076923066,0.17391304347826086,0.5280898876404494,0.31573174627033895,0.3475484761940548,1.3370291543203683,Low,0.3475484761940548,Base
80:00,0.2451923076923066,0.17391304347826086,0.5393258426966294,0.31947706462239894,0.3526046559693359,1.3474846071498443,Low,0.3526046559693359,Base
80:30,0.2451923076923066,0.17391304347826086,0.5617977528089886,0.3269677013265187,0.3627170155198975,1.368641434392564,Low,0.36271701551989755,Base
81:00,0.2451923076923066,0.17391304347826086,0.5617977528089886,0.3269677013265187,0.3627170155198975,1.368641434392564,Low,0.36271701551989755,Base
81:30,0.2451923076923066,0.17391304347826086,0.5730337078651686,0.3307130196785787,0.3677731952951785,1.3793440925294629,Low,0.3677731952951785,Base
82:00,0.2451923076923066,0.17391304347826086,0.5730337078651686,0.3307130196785787,0.3677731952951785,1.3793440925294629,Low,0.3677731952951785,Base
82:30,0.2451923076923066,0.17391304347826086,0.5842696629213482,0.33445833803063857,0.37282937507045927,1.39013044453118,Low,0.3728293750704593,Base
83:00,0.2451923076923066,0.17391304347826086,0.5617977528089886,0.3269677013265187,0.3627170155198975,1.368641434392564,Low,0.36271701551989755,Base
83:30,0.2451923076923066,0.17391304347826086,0.5393258426966294,0.31947706462239894,0.3526046559693359,1.3474846071498443,Low,0.3526046559693359,Base
84:00,0.2451923076923066,0.17391304347826086,0.550561797752809,0.3232223829744588,0.35766083574461666,1.3580218207199264,Low,0.3576608357446167,Base
84:30,0.2451923076923066,0.17391304347826086,0.5617977528089886,0.3269677013265187,0.3627170155198975,1.368641434392564,Low,0.36271701551989755,Base
85:00,0.2451923076923066,0.246376811594203,0.5280898876404494,0.3398863356423196,0.3729107950346346,1.5304982473306146,Medium,0.37291079503463465,Base
85:30,0.2451923076923066,0.246376811594203,0.5280898876404494,0.3398863356423196,0.3729107950346346,1.5304982473306146,Medium,0.37291079503463465,Base
86:00,0.2451923076923066,0.246376811594203,0.5617977528089886,0.3511222906984994,0.38807933436047726,1.566684847367181,Medium,0.38807933436047726,Base
86:30,0.2451923076923066,0.246376811594203,0.5617977528089886,0.3511222906984994,0.38807933436047726,1.566684847367181,Medium,0.38807933436047726,Base
87:00,0.2451923076923066,0.246376811594203,0.5617977528089886,0.3511222906984994,0.38807933436047726,1.566684847367181,Medium,0.38807933436047726,Base
87:30,0.2451923076923066,0.246376811594203,0.5842696629213482,0.35861292740261924,0.39819169391103904,1.5912833329332938,Medium,0.39819169391103904,Base
88:00,0.2451923076923066,0.246376811594203,0.5842696629213482,0.35861292740261924,0.39819169391103904,1.5912833329332938,Medium,0.39819169391103904,Base
88:30,0.2716346153846132,0.246376811594203,0.5730337078651686,0.36368171161466156,0.3984239756742196,1.588274881909502,Medium,0.39842397567421967,Base
89:00,0.2451923076923066,0.246376811594203,0.5842696629213482,0.35861292740261924,0.39819169391103904,1.5912833329332938,Medium,0.39819169391103904,Base
89:30,0.2716346153846132,0.246376811594203,0.5730337078651686,0.36368171161466156,0.3984239756742196,1.588274881909502,Medium,0.39842397567421967,Base
90:00,0.2451923076923066,0.20289855072463758,0.5393258426966294,0.3291389003711912,0.3627495835055677,1.4223307406589274,Medium,0.36274958350556774,Base
90:30,0.2716346153846132,0.20289855072463758,0.550561797752809,0.3416983212873532,0.37309422481930987,1.441931472658752,Medium,0.3730942248193099,Base
91:00,0.2716346153846132,0.20289855072463758,0.4943820224719102,0.32297172952705366,0.34781332594290537,1.3868514462518935,Low,0.3478133259429054,Base
91:30,0.2716346153846132,0.20289855072463758,0.4269662921348314,0.30049981941469406,0.3174762472912199,1.3235255539448996,Low,0.31747624729122,Base
92:00,0.2716346153846132,0.20289855072463758,0.4606741573033708,0.31173577447087386,0.33264478661706265,1.3548185593059399,Low,0.3326447866170627,Base
92:30,0.2451923076923066,0.20289855072463758,0.4943820224719102,0.31415762696295146,0.342524864404444,1.3786970761296446,Low,0.3425248644044441,Base
93:00,0.2716346153846132,0.20289855072463758,0.4831460674157304,0.31922641117499373,0.34275714616762454,1.3760905367759422,Low,0.3427571461676245,Base
93:30,0.2716346153846132,0.20289855072463758,0.4831460674157304,0.31922641117499373,0.34275714616762454,1.3760905367759422,Low,0.3427571461676245,Base
94:00,0.2451923076923066,0.33333333333333337,0.4943820224719102,0.3576358878325167,0.38817703831748757,1.5963788727733184,Medium,0.3881770383174876,Base
94:30,0.2451923076923066,0.33333333333333337,0.5056179775280898,0.36138120618457653,0.3932332180927684,1.608862418063501,Medium,0.39323321809276846,Base
95:00,0.2716346153846132,0.33333333333333337,0.5168539325842698,0.3739406271007388,0.40357785940651075,1.631033689610683,Medium,0.40357785940651086,Base
95:30,0.2716346153846132,0.33333333333333337,0.5280898876404494,0.3776859454527986,0.40863403918179153,1.6437882325837405,Medium,0.4086340391817916,Base
96:00,0.2716346153846132,0.33333333333333337,0.5280898876404494,0.3776859454527986,0.40863403918179153,1.6437882325837405,Medium,0.4086340391817916,Base
96:30,0.2716346153846132,0.33333333333333337,0.550561797752809,0.38517658215691847,0.4187463987323534,1.6695973167661196,Medium,0.4187463987323535,Base
97:00,0.2716346153846132,0.33333333333333337,0.5617977528089886,0.38892190050897835,0.42380257850763425,1.6826534239820767,Medium,0.4238025785076343,Base
97:30,0.2716346153846132,0.33333333333333337,0.5617977528089886,0.38892190050897835,0.42380257850763425,1.6826534239820767,Medium,0.4238025785076343,Base
98:00,0.2716346153846132,0.33333333333333337,0.5730337078651686,0.39266721886103834,0.4288587582829152,1.6958116288319507,Medium,0.42885875828291525,Base
98:30,0.2716346153846132,0.21739130434782605,0.5842696629213482,0.35776519421792913,0.39333522791326847,1.5164630034890676,Medium,0.3933352279132684,Base
99:00,0.2716346153846132,0.21739130434782605,0.5955056179775282,0.3615105125699891,0.3983914076885495,1.5283216135645412,Medium,0.39839140768854947,Base
99:30,0.2716346153846132,0.21739130434782605,0.5955056179775282,0.3615105125699891,0.3983914076885495,1.5283216135645412,Medium,0.39839140768854947,Base
100:00,0.2716346153846132,0.21739130434782605,0.6067415730337078,0.365255830922049,0.40344758746383025,1.5402729569494316,Medium,0.4034475874638303,Base
100:30,0.2716346153846132,0.21739130434782605,0.6067415730337078,0.365255830922049,0.40344758746383025,1.5402729569494316,Medium,0.4034475874638303,Base
101:00,0.2716346153846132,0.21739130434782605,0.6179775280898878,0.369001149274109,0.4085037672391113,1.552317758810232,Medium,0.40850376723911125,Base
101:30,0.2716346153846132,0.21739130434782605,0.651685393258427,0.38023710433028873,0.4236723065649539,1.589020252240524,Medium,0.42367230656495397,Base
102:00,0.2716346153846132,0.21739130434782605,0.651685393258427,0.38023710433028873,0.4236723065649539,1.589020252240524,Medium,0.42367230656495397,Base
102:30,0.2716346153846132,0.21739130434782605,0.6292134831460674,0.37274646762616886,0.41355994701439214,1.5644567499841737,Medium,0.4135599470143921,Base
103:00,0.2716346153846132,0.21739130434782605,0.6292134831460674,0.37274646762616886,0.41355994701439214,1.5644567499841737,Medium,0.4135599470143921,Base
103:30,0.2716346153846132,0.13043478260869568,0.6404494382022474,0.3475062787318521,0.3881813441809775,1.3406522633578308,Low,0.38818134418097744,Base
104:00,0.2716346153846132,0.13043478260869568,0.651685393258427,0.3512515970839119,0.39323752395625833,1.3511360485879236,Low,0.3932375239562583,Base
104:30,0.2716346153846132,0.13043478260869568,0.6629213483146066,0.3549969154359718,0.3982937037315391,1.3617018161155554,Low,0.3982937037315391,Base
105:00,0.2716346153846132,0.13043478260869568,0.6629213483146066,0.3549969154359718,0.3982937037315391,1.3617018161155554,Low,0.3982937037315391,Base
105:30,0.2716346153846132,0.13043478260869568,0.6629213483146066,0.3549969154359718,0.3982937037315391,1.3617018161155554,Low,0.3982937037315391,Base
106:00,0.2980769230769198,0.13043478260869568,0.6741573033707866,0.36755633635213397,0.40863834504528146,1.3865703435970809,Low,0.40863834504528146,Base
106:30,0.2716346153846132,0.13043478260869568,0.6853932584269662,0.36248755214009165,0.40840606328210094,1.3830818674547625,Low,0.4084060632821009,Base
107:00,0.2716346153846132,0.13043478260869568,0.6966292134831462,0.36623287049215164,0.41346224305738194,1.3938974485344642,Medium,0.41346224305738194,Base
107:30,0.2980769230769198,0.13043478260869568,0.6966292134831462,0.37504697305625384,0.41875070459584324,1.4083408551589247,Medium,0.41875070459584324,Base
108:00,0.2980769230769198,0.13043478260869568,0.6966292134831462,0.37504697305625384,0.41875070459584324,1.4083408551589247,Medium,0.41875070459584324,Base
108:30,0.2980769230769198,0.13043478260869568,0.6853932584269662,0.37130165470419385,0.41369452482056224,1.3974132042597551,Medium,0.41369452482056224,Base
109:00,0.2980769230769198,0.13043478260869568,0.7078651685393258,0.3787922914083137,0.42380688437112407,1.419353959346935,Medium,0.42380688437112407,Base
109:30,0.2980769230769198,0.13043478260869568,0.6966292134831462,0.37504697305625384,0.41875070459584324,1.4083408551589247,Medium,0.41875070459584324,Base
110:00,0.2980769230769198,0.13043478260869568,0.7078651685393258,0.3787922914083137,0.42380688437112407,1.419353959346935,Medium,0.42380688437112407,Base
110:30,0.2980769230769198,0.13043478260869568,0.7191011235955058,0.3825376097603737,0.42886306414640507,1.4304531850611457,Medium,0.42886306414640507,Base
111:00,0.2980769230769198,0.13043478260869568,0.6853932584269662,0.37130165470419385,0.41369452482056224,1.3974132042597551,Medium,0.41369452482056224,Base
111:30,0.2980769230769198,0.13043478260869568,0.6629213483146066,0.363811018000074,0.4035821652700004,1.3758116152633348,Low,0.4035821652700004,Base
112:00,0.2980769230769198,0.13043478260869568,0.6629213483146066,0.363811018000074,0.4035821652700004,1.3758116152633348,Low,0.4035821652700004,Base
112:30,0.2980769230769198,0.13043478260869568,0.6741573033707866,0.36755633635213397,0.40863834504528146,1.3865703435970809,Low,0.40863834504528146,Base
113:00,0.2980769230769198,0.13043478260869568,0.6853932584269662,0.37130165470419385,0.41369452482056224,1.3974132042597551,Medium,0.41369452482056224,Base
113:30,0.2980769230769198,0.1594202898550724,0.7078651685393258,0.38845412715710603,0.43395181190735593,1.4981920814109986,Medium,0.43395181190735593,Base
114:00,0.2980769230769198,0.1594202898550724,0.7191011235955058,0.392199445509166,0.43900799168263693,1.5099078144494824,Medium,0.43900799168263693,Base
114:30,0.2980769230769198,0.1594202898550724,0.7191011235955058,0.392199445509166,0.43900799168263693,1.5099078144494824,Medium,0.43900799168263693,Base
115:00,0.2980769230769198,0.1594202898550724,0.7303370786516854,0.3959447638612259,0.44406417145791777,1.5217151635112596,Medium,0.44406417145791777,Base
115:30,0.2980769230769198,0.1594202898550724,0.7303370786516854,0.3959447638612259,0.44406417145791777,1.5217151635112596,Medium,0.44406417145791777,Base
116:00,0.2980769230769198,0.1594202898550724,0.7415730337078654,0.3996900822132859,0.44912035123319877,1.533614845025742,Medium,0.44912035123319877,Base
116:30,0.2980769230769198,0.1594202898550724,0.7415730337078654,0.3996900822132859,0.44912035123319877,1.533614845025742,Medium,0.44912035123319877,Base
117:00,0.2980769230769198,0.1594202898550724,0.7415730337078654,0.3996900822132859,0.44912035123319877,1.533614845025742,Medium,0.44912035123319877,Base
117:30,0.2980769230769198,0.1594202898550724,0.7415730337078654,0.3996900822132859,0.44912035123319877,1.533614845025742,Medium,0.44912035123319877,Base
118:00,0.2980769230769198,0.1594202898550724,0.7640449438202246,0.40718071891740565,0.4592327107837604,1.5576940991863588,Medium,0.4592327107837604,Base
118:30,0.2980769230769198,0.1594202898550724,0.7640449438202246,0.40718071891740565,0.4592327107837604,1.5576940991863588,Medium,0.4592327107837604,Base
119:00,0.2980769230769198,0.1594202898550724,0.752808988764045,0.40343540056534577,0.4541765310084796,1.545607581024757,Medium,0.4541765310084796,Base
119:30,0.2980769230769198,0.1594202898550724,0.7303370786516854,0.3959447638612259,0.44406417145791777,1.5217151635112596,Medium,0.44406417145791777,Base
120:00,0.2980769230769198,0.1594202898550724,0.7078651685393258,0.38845412715710603,0.43395181190735593,1.4981920814109986,Medium,0.43395181190735593,Base
120:30,0.3245192307692264,0.1594202898550724,0.7078651685393258,0.39726822972120823,0.4392402734458173,1.5137161771442371,Medium,0.43924027344581723,Base
121:00,0.2980769230769198,0.1594202898550724,0.6629213483146066,0.3734728537488663,0.41372709280623227,1.4522311745614214,Medium,0.41372709280623227,Base
121:30,0.2980769230769198,0.1594202898550724,0.6404494382022474,0.3659822170447466,0.40361473325567065,1.4297821946426423,Medium,0.40361473325567065,Base
122:00,0.3245192307692264,0.1594202898550724,0.6629213483146066,0.3822869563129685,0.4190155543446936,1.4672790286119197,Medium,0.41901555434469356,Base
122:30,0.2980769230769198,0.33333333333333337,0.6741573033707866,0.4351891865936799,0.47965283779890466,1.8378115787328957,Medium,0.4796528377989047,Base
123:00,0.2980769230769198,0.33333333333333337,0.6741573033707866,0.4351891865936799,0.47965283779890466,1.8378115787328957,Medium,0.4796528377989047,Base
123:30,0.2980769230769198,0.33333333333333337,0.6292134831460674,0.42020791318544015,0.459428118697781,1.7814319677168868,Medium,0.45942811869778105,Base
124:00,0.2980769230769198,0.33333333333333337,0.6179775280898878,0.4164625948333803,0.45437193892250016,1.7676094143396128,Medium,0.4543719389225002,Base
124:30,0.2980769230769198,0.33333333333333337,0.6404494382022474,0.42395323153750014,0.46448429847306194,1.7953626122710458,Medium,0.46448429847306205,Base
125:00,0.2980769230769198,0.33333333333333337,0.6629213483146066,0.4314438682416199,0.4745966580236236,1.8235515625746779,Medium,0.47459665802362366,Base
125:30,0.3245192307692264,0.33333333333333337,0.7303370786516854,0.4627298809180817,0.5102221982137704,1.9306013954215298,High,0.5102221982137705,Base
126:00,0.2980769230769198,0.33333333333333337,0.752808988764045,0.4614064150580994,0.5150460962258709,1.9408033437625096,High,0.5150460962258709,Base
126:30,0.3245192307692264,0.26086956521739124,0.7191011235955058,0.4348299731940412,0.4798036995979098,1.84330045713021,Medium,0.47980369959790986,Base
127:00,0.2980769230769198,0.26086956521739124,0.651685393258427,0.4035439605175794,0.44417815940776306,1.7410913702154924,Medium,0.4441781594077631,Base
127:30,0.2980769230769198,0.26086956521739124,0.5730337078651686,0.3773267320531599,0.4087849009807968,1.6486976334298322,Medium,0.40878490098079684,Base
128:00,0.3245192307692264,0.26086956521739124,0.5842696629213482,0.389886152969322,0.4191295422945389,1.678807516460344,Medium,0.4191295422945389,Base
128:30,0.2980769230769198,0.26086956521739124,0.5955056179775282,0.3848173687572798,0.4188972605313586,1.674583800010789,Medium,0.4188972605313587,Base
129:00,0.3245192307692264,0.26086956521739124,0.5955056179775282,0.393631471321382,0.42418572206981997,1.691935646644643,Medium,0.42418572206981997,Base
129:30,0.3245192307692264,0.26086956521739124,0.6067415730337078,0.39737678967344187,0.4292419018451007,1.7051664376762667,Medium,0.42924190184510075,Base
130:00,0.2980769230769198,0.26086956521739124,0.6179775280898878,0.39230800546139966,0.4290096200819204,1.700876404744304,Medium,0.42900962008192045,Base
130:30,0.3245192307692264,0.26086956521739124,0.6292134831460674,0.40486742637756173,0.4393542613956626,1.7319392197552457,Medium,0.4393542613956626,Base
131:00,0.3245192307692264,0.2753623188405797,0.6292134831460674,0.4096983442519579,0.44442672516377846,1.7793895625913465,Medium,0.4444267251637785,Base
131:30,0.3245192307692264,0.2753623188405797,0.651685393258427,0.41718898095607776,0.45453908471434035,1.8073277203806755,Medium,0.4545390847143404,Base
132:00,0.3245192307692264,0.2753623188405797,0.6853932584269662,0.42842493601225745,0.46970762404018296,1.8500595859456856,Medium,0.469707624040183,Base
132:30,0.3245192307692264,0.2753623188405797,0.6966292134831462,0.4321702543643175,0.4747638038154639,1.8645268925635488,Medium,0.47476380381546396,Base
133:00,0.3245192307692264,0.2753623188405797,0.7078651685393258,0.4359155727163773,0.47981998359074474,1.879107332273105,Medium,0.4798199835907448,Base
133:30,0.3245192307692264,0.2753623188405797,0.7078651685393258,0.4359155727163773,0.47981998359074474,1.879107332273105,Medium,0.4798199835907448,Base
134:00,0.3245192307692264,0.2753623188405797,0.7191011235955058,0.43966089106843737,0.4848761633660258,1.893801789765388,Medium,0.48487616336602585,Base
134:30,0.3245192307692264,0.2753623188405797,0.7191011235955058,0.43966089106843737,0.4848761633660258,1.893801789765388,Medium,0.48487616336602585,Base
135:00,0.3245192307692264,0.34782608695652184,0.7415730337078654,0.47130611714453785,0.5203508417571674,1.9456985320524889,High,0.5203508417571674,Base
135:30,0.3245192307692264,0.34782608695652184,0.7752808988764046,0.4825420722007176,0.53551938108301,1.991701991836856,High,0.5355193810830101,Base
136:00,0.3245192307692264,0.34782608695652184,0.7752808988764046,0.4825420722007176,0.53551938108301,1.991701991836856,High,0.5355193810830101,Base
136:30,0.3245192307692264,0.34782608695652184,0.7752808988764046,0.4825420722007176,0.53551938108301,1.991701991836856,High,0.5355193810830101,Base
137:00,0.3245192307692264,0.34782608695652184,0.7865168539325842,0.4862873905527774,0.5405755608582908,2.007276929869234,High,0.540575560858291,Base
137:30,0.3245192307692264,0.34782608695652184,0.7865168539325842,0.4862873905527774,0.5405755608582908,2.007276929869234,High,0.540575560858291,Base
138:00,0.35096153846153655,0.34782608695652184,0.7977528089887642,0.49884681146894083,0.5509202021720339,2.043935485290631,High,0.5509202021720339,Base
138:30,0.3245192307692264,0.34782608695652184,0.7977528089887642,0.49003270890483747,0.5456317406335718,2.0229736625755685,High,0.5456317406335718,Base
139:00,0.35096153846153655,0.34782608695652184,0.8089887640449438,0.5025921298210007,0.5559763819473147,2.0599188847429866,High,0.5559763819473147,Base
139:30,0.35096153846153655,0.34782608695652184,0.8202247191011238,0.5063374481730607,0.5610325617225956,2.076027273002422,High,0.5610325617225957,Base
140:00,0.35096153846153655,0.34782608695652184,0.8202247191011238,0.5063374481730607,0.5610325617225956,2.076027273002422,High,0.5610325617225957,Base
140:30,0.35096153846153655,0.1159420289855072,0.8202247191011238,0.42904276218272247,0.47987314143274057,1.5245286364638815,Medium,0.47987314143274057,Base
141:00,0.35096153846153655,0.1159420289855072,0.8314606741573034,0.43278808053478235,0.4849293212080214,1.536450319094531,Medium,0.4849293212080214,Base
141:30,0.35096153846153655,0.1159420289855072,0.8314606741573034,0.43278808053478235,0.4849293212080214,1.536450319094531,Medium,0.4849293212080214,Base
142:00,0.35096153846153655,0.1159420289855072,0.853932584269663,0.4402787172389022,0.4950416807585832,1.5605740929733745,Medium,0.4950416807585832,Base
142:30,0.35096153846153655,0.1159420289855072,0.842696629213483,0.4365333988868422,0.4899855009833022,1.5484652282565463,Medium,0.4899855009833021,Base
143:00,0.35096153846153655,0.1159420289855072,0.8314606741573034,0.43278808053478235,0.4849293212080214,1.536450319094531,Medium,0.4849293212080214,Base
143:30,0.37980769230768985,0.1159420289855072,0.842696629213483,0.44614878350222664,0.4957547317525328,1.5659771051999851,Medium,0.4957547317525328,Base
144:00,0.35096153846153655,0.1159420289855072,0.8314606741573034,0.43278808053478235,0.4849293212080214,1.536450319094531,Medium,0.4849293212080214,Base
144:30,0.37980769230768985,0.1159420289855072,0.8202247191011238,0.43865814679810694,0.4856423722019712,1.5417698101055803,Medium,0.4856423722019712,Base
145:00,0.37980769230768985,0.1159420289855072,0.8202247191011238,0.43865814679810694,0.4856423722019712,1.5417698101055803,Medium,0.4856423722019712,Base
145:30,0.37980769230768985,0.10144927536231874,0.842696629213483,0.4413178656278305,0.4906822679844169,1.5242177557706158,Medium,0.49068226798441683,Base
146:00,0.37980769230768985,0.10144927536231874,0.8651685393258426,0.44880850233195035,0.5007946275349787,1.5481494664321087,Medium,0.5007946275349786,Base
146:30,0.37980769230768985,0.10144927536231874,0.853932584269663,0.4450631839798905,0.4957384477596979,1.5361370073410203,Medium,0.49573844775969783,Base
147:00,0.37980769230768985,0.10144927536231874,0.8314606741573034,0.4375725472757706,0.4856260882091361,1.512390988501625,Medium,0.48562608820913605,Base
147:30,0.37980769230768985,0.10144927536231874,0.8202247191011238,0.4338272289237108,0.4805699084338553,1.5006559879264054,Medium,0.4805699084338552,Base
148:00,0.37980769230768985,0.10144927536231874,0.8314606741573034,0.4375725472757706,0.4856260882091361,1.512390988501625,Medium,0.48562608820913605,Base
148:30,0.40624999999999645,0.10144927536231874,0.8202247191011238,0.442641331487813,0.4858583699723166,1.5162056143783667,Medium,0.4858583699723165,Base
149:00,0.40624999999999645,0.10144927536231874,0.7865168539325842,0.43140537643163307,0.47068983064647374,1.4811849615438732,Medium,0.4706898306464737,Base
149:30,0.37980769230768985,0.10144927536231874,0.7865168539325842,0.42259127386753087,0.46540136910801244,1.4659944935493905,Medium,0.4654013691080124,Base
150:00,0.37980769230768985,0.2753623188405797,0.8089887640449438,0.4880529250644045,0.5363832938759656,2.059486323914006,High,0.5363832938759656,Base
150:30,0.37980769230768985,0.2753623188405797,0.7977528089887642,0.48430760671234463,0.5313271141006848,2.0435062808037707,High,0.5313271141006848,Base
151:00,0.40624999999999645,0.2753623188405797,0.7865168539325842,0.48937639092438684,0.531559395863865,2.048660511420921,High,0.5315593958638651,Base
151:30,0.40624999999999645,0.2753623188405797,0.7977528089887642,0.49312170927644683,0.5366155756391461,2.064680860170653,High,0.5366155756391462,Base
152:00,0.40624999999999645,0.2753623188405797,0.8089887640449438,0.4968670276285067,0.5416717554144269,2.080826486667787,High,0.541671755414427,Base
152:30,0.40624999999999645,0.2753623188405797,0.8202247191011238,0.5006123459805667,0.5467279351897079,2.0970983705735184,High,0.5467279351897079,Base
153:00,0.40624999999999645,0.2753623188405797,0.8314606741573034,0.5043576643326265,0.5517841149649887,2.113497499209907,High,0.5517841149649887,Base
153:30,0.40624999999999645,0.2753623188405797,0.842696629213483,0.5081029826846865,0.5568402947402695,2.1300248676197877,High,0.5568402947402695,Base
154:00,0.40624999999999645,0.2753623188405797,0.842696629213483,0.5081029826846865,0.5568402947402695,2.1300248676197877,High,0.5568402947402695,Base
154:30,0.40624999999999645,0.1594202898550724,0.8314606741573034,0.46571032133745743,0.5112044048200612,1.7025293339885474,Medium,0.5112044048200612,Base
155:00,0.40624999999999645,0.1594202898550724,0.8202247191011238,0.4619650029853976,0.5061482250447804,1.6893190048702305,Medium,0.5061482250447804,Base
155:30,0.40624999999999645,0.1594202898550724,0.8089887640449438,0.45821968463333757,0.5010920452694994,1.6762111778303967,Medium,0.5010920452694994,Base
156:00,0.40624999999999645,0.1594202898550724,0.8089887640449438,0.45821968463333757,0.5010920452694994,1.6762111778303967,Medium,0.5010920452694994,Base
156:30,0.40624999999999645,0.1594202898550724,0.8089887640449438,0.45821968463333757,0.5010920452694994,1.6762111778303967,Medium,0.5010920452694994,Base
157:00,0.40624999999999645,0.1594202898550724,0.8089887640449438,0.45821968463333757,0.5010920452694994,1.6762111778303967,Medium,0.5010920452694994,Base
157:30,0.40624999999999645,0.1594202898550724,0.8089887640449438,0.45821968463333757,0.5010920452694994,1.6762111778303967,Medium,0.5010920452694994,Base
158:00,0.40624999999999645,0.1594202898550724,0.8089887640449438,0.45821968463333757,0.5010920452694994,1.6762111778303967,Medium,0.5010920452694994,Base
158:30,0.40624999999999645,0.1594202898550724,0.8089887640449438,0.45821968463333757,0.5010920452694994,1.6762111778303967,Medium,0.5010920452694994,Base
159:00,0.40624999999999645,0.33333333333333337,0.8089887640449438,0.5161906991260912,0.5619616104868906,2.1048009201846822,High,0.5619616104868908,Base
159:30,0.40624999999999645,0.33333333333333337,0.7977528089887642,0.5124453807740313,0.5569054307116098,2.0884692703686776,High,0.5569054307116099,Base
160:00,0.40624999999999645,0.33333333333333337,0.7865168539325842,0.5087000624219713,0.5518492509363289,2.0722643416991495,High,0.5518492509363289,Base
160:30,0.40624999999999645,0.33333333333333337,0.7752808988764046,0.5049547440699115,0.546793071161048,2.056185150916653,High,0.546793071161048,Base
161:00,0.40624999999999645,0.33333333333333337,0.7303370786516854,0.4899734706616717,0.5265683520599244,1.9931063672551081,High,0.5265683520599245,Base
161:30,0.4326923076923066,0.33333333333333337,0.7078651685393258,0.49129693652165524,0.5217444540478247,1.9826294849567756,High,0.5217444540478247,Base
162:00,0.40624999999999645,0.33333333333333337,0.7303370786516854,0.4899734706616717,0.5265683520599244,1.9931063672551081,High,0.5265683520599245,Base
162:30,0.40624999999999645,0.33333333333333337,0.752808988764045,0.49746410736579155,0.5366807116104862,2.0244000880624826,High,0.5366807116104864,Base
163:00,0.40624999999999645,0.33333333333333337,0.7415730337078654,0.49371878901373173,0.5316245318352054,2.0086922873823,High,0.5316245318352055,Base
163:30,0.4326923076923066,0.17391304347826086,0.7415730337078654,0.44939279495947765,0.4811158919243921,1.6605290064990714,Medium,0.48111589192439214,Base
164:00,0.40624999999999645,0.17391304347826086,0.752808988764045,0.44432401074743416,0.48088361016121084,1.656351277003015,Medium,0.4808836101612109,Base
164:30,0.4326923076923066,0.17391304347826086,0.7640449438202246,0.4568834316635974,0.4912282514749537,1.6866009372176975,Medium,0.4912282514749537,Base
165:00,0.4326923076923066,0.17391304347826086,0.7752808988764046,0.4606287500156574,0.4962844312502347,1.6997900112810775,Medium,0.49628443125023475,Base
165:30,0.4326923076923066,0.17391304347826086,0.7865168539325842,0.4643740683677173,0.5013406110255155,1.7130822227676679,Medium,0.5013406110255156,Base
166:00,0.4326923076923066,0.17391304347826086,0.7752808988764046,0.4606287500156574,0.4962844312502347,1.6997900112810775,Medium,0.49628443125023475,Base
166:30,0.40624999999999645,0.17391304347826086,0.7640449438202246,0.448069329099494,0.4859397899364917,1.6693038013288963,Medium,0.4859397899364916,Base
167:00,0.4326923076923066,0.17391304347826086,0.752808988764045,0.4531381133115375,0.4861720716996729,1.6735142003097871,Medium,0.48617207169967297,Base
167:30,0.4326923076923066,0.17391304347826086,0.752808988764045,0.4531381133115375,0.4861720716996729,1.6735142003097871,Medium,0.48617207169967297,Base
168:00,0.4326923076923066,0.2753623188405797,0.7640449438202246,0.49069985678437034,0.5267354978517653,2.037891605455828,High,0.5267354978517653,Base
168:30,0.4326923076923066,0.2753623188405797,0.7640449438202246,0.49069985678437034,0.5267354978517653,2.037891605455828,High,0.5267354978517653,Base
169:00,0.4326923076923066,0.2753623188405797,0.7640449438202246,0.49069985678437034,0.5267354978517653,2.037891605455828,High,0.5267354978517653,Base
169:30,0.4326923076923066,0.2753623188405797,0.7640449438202246,0.49069985678437034,0.5267354978517653,2.037891605455828,High,0.5267354978517653,Base
170:00,0.4326923076923066,0.2753623188405797,0.7752808988764046,0.4944451751364303,0.5317916776270463,2.053827742288431,High,0.5317916776270464,Base
170:30,0.4326923076923066,0.2753623188405797,0.7640449438202246,0.49069985678437034,0.5267354978517653,2.037891605455828,High,0.5267354978517653,Base
171:00,0.4326923076923066,0.2753623188405797,0.7415730337078654,0.48320922008025063,0.5166231383012037,2.0063893291454855,High,0.5166231383012037,Base
171:30,0.4326923076923066,0.2753623188405797,0.7303370786516854,0.4794639017281906,0.5115669585259227,1.990821278217753,High,0.5115669585259228,Base
172:00,0.4326923076923066,0.2753623188405797,0.7415730337078654,0.48320922008025063,0.5166231383012037,2.0063893291454855,High,0.5166231383012037,Base
172:30,0.4326923076923066,0.20289855072463758,0.7415730337078654,0.45905463070826985,0.49126081946062394,1.7527632146352343,Medium,0.491260819460624,Base
173:00,0.4326923076923066,0.20289855072463758,0.7415730337078654,0.45905463070826985,0.49126081946062394,1.7527632146352343,Medium,0.491260819460624,Base
173:30,0.4326923076923066,0.20289855072463758,0.752808988764045,0.4627999490603297,0.4963169992359048,1.7664696720095119,Medium,0.49631699923590483,Base
174:00,0.4326923076923066,0.20289855072463758,0.7640449438202246,0.46654526741238955,0.5013731790111855,1.7802833126999298,Medium,0.5013731790111855,Base
174:30,0.4326923076923066,0.20289855072463758,0.7977528089887642,0.4777812224685694,0.5165417183370283,1.8223757491341486,Medium,0.5165417183370284,Base
175:00,0.4326923076923066,0.20289855072463758,0.7865168539325842,0.4740359041165094,0.5114855385617474,1.8082355032407613,Medium,0.5114855385617474,Base
175:30,0.4326923076923066,0.20289855072463758,0.752808988764045,0.4627999490603297,0.4963169992359048,1.7664696720095119,Medium,0.49631699923590483,Base
176:00,0.4326923076923066,0.20289855072463758,0.752808988764045,0.4627999490603297,0.4963169992359048,1.7664696720095119,Medium,0.49631699923590483,Base
176:30,0.4326923076923066,0.20289855072463758,0.752808988764045,0.4627999490603297,0.4963169992359048,1.7664696720095119,Medium,0.49631699923590483,Base
177:00,0.4591346153846132,0.20289855072463758,0.7752808988764046,0.47910468832855174,0.5117178203249279,1.8127963224960646,Medium,0.511717820324928,Base
177:30,0.4591346153846132,0.14492753623188415,0.7865168539325842,0.46352633518302716,0.49648414502774496,1.6397527938279246,Medium,0.496484145027745,Base
178:00,0.4326923076923066,0.14492753623188415,0.7865168539325842,0.45471223261892496,0.49119568348928366,1.6229361146283574,Medium,0.4911956834892837,Base
178:30,0.4591346153846132,0.14492753623188415,0.7752808988764046,0.4597810168309673,0.4914279652524641,1.6270295627817963,Medium,0.4914279652524642,Base
179:00,0.4591346153846132,0.14492753623188415,0.7640449438202246,0.4560356984789073,0.4863717854771832,1.6144050543046198,Medium,0.4863717854771831,Base
179:30,0.4591346153846132,0.14492753623188415,0.7640449438202246,0.4560356984789073,0.4863717854771832,1.6144050543046198,Medium,0.4863717854771831,Base
180:00,0.4591346153846132,0.14492753623188415,0.7752808988764046,0.4597810168309673,0.4914279652524641,1.6270295627817963,Medium,0.4914279652524642,Base
180:30,0.4591346153846132,0.14492753623188415,0.7752808988764046,0.4597810168309673,0.4914279652524641,1.6270295627817963,Medium,0.4914279652524642,Base
181:00,0.4591346153846132,0.14492753623188415,0.7865168539325842,0.46352633518302716,0.49648414502774496,1.6397527938279246,Medium,0.496484145027745,Base
181:30,0.4591346153846132,0.14492753623188415,0.7865168539325842,0.46352633518302716,0.49648414502774496,1.6397527938279246,Medium,0.496484145027745,Base
182:00,0.4591346153846132,0.14492753623188415,0.7977528089887642,0.46727165353508715,0.501540324803026,1.6525755194449918,Medium,0.5015403248030259,Base
182:30,0.4879807692307665,0.18840579710144933,0.7977528089887642,0.49137979177366004,0.5225269468766045,1.8124266584805744,Medium,0.5225269468766045,Base
183:00,0.4591346153846132,0.18840579710144933,0.7865168539325842,0.47801908880621563,0.5117015363320928,1.7782530207568312,Medium,0.5117015363320927,Base
183:30,0.4879807692307665,0.18840579710144933,0.7865168539325842,0.48763447342160005,0.5174707671013234,1.7983636099425206,Medium,0.5174707671013234,Base
184:00,0.4591346153846132,0.18840579710144933,0.7865168539325842,0.47801908880621563,0.5117015363320928,1.7782530207568312,Medium,0.5117015363320927,Base
184:30,0.4879807692307665,0.18840579710144933,0.7977528089887642,0.49137979177366004,0.5225269468766045,1.8124266584805744,Medium,0.5225269468766045,Base
185:00,0.4591346153846132,0.18840579710144933,0.7977528089887642,0.4817644071582756,0.5167577161073738,1.792158806219563,Medium,0.5167577161073738,Base
185:30,0.4879807692307665,0.18840579710144933,0.8089887640449438,0.4951251101257199,0.5275831266518853,1.8265996788469554,Medium,0.5275831266518853,Base
186:00,0.4879807692307665,0.18840579710144933,0.8089887640449438,0.4951251101257199,0.5275831266518853,1.8265996788469554,Medium,0.5275831266518853,Base
186:30,0.4879807692307665,0.18840579710144933,0.7977528089887642,0.49137979177366004,0.5225269468766045,1.8124266584805744,Medium,0.5225269468766045,Base
187:00,0.4879807692307665,0.18840579710144933,0.8202247191011238,0.4988704284777799,0.5326393064271663,1.8408835310118905,Medium,0.5326393064271664,Base
187:30,0.4879807692307665,0.1159420289855072,0.8314606741573034,0.478461157457859,0.5123331673618674,1.6207546960086978,Medium,0.5123331673618674,Base
188:00,0.4879807692307665,0.1159420289855072,0.7865168539325842,0.46347988404961926,0.49210844826074374,1.5710338647925066,Medium,0.4921084482607437,Base
188:30,0.4879807692307665,0.1159420289855072,0.7640449438202246,0.4559892473454994,0.48199608871018185,1.546748400948845,Medium,0.48199608871018185,Base
189:00,0.4879807692307665,0.1159420289855072,0.7640449438202246,0.4559892473454994,0.48199608871018185,1.546748400948845,Medium,0.48199608871018185,Base
189:30,0.4879807692307665,0.1159420289855072,0.6853932584269662,0.4297720188810799,0.44660283028321557,1.4646677777973898,Medium,0.44660283028321557,Base
190:00,0.4879807692307665,0.1159420289855072,0.6629213483146066,0.42228138217696004,0.4364904707326538,1.442026549522293,Medium,0.43649047073265373,Base
190:30,0.4879807692307665,0.1159420289855072,0.7191011235955058,0.4410079739372598,0.4617713696090584,1.4992979037410443,Medium,0.4617713696090584,Base
191:00,0.5144230769230766,0.1159420289855072,0.7191011235955058,0.4498220765013632,0.4670598311475205,1.5148334578793377,Medium,0.4670598311475204,Base
191:30,0.5144230769230766,0.1159420289855072,0.7303370786516854,0.45356739485342307,0.4721160109228013,1.5266793250484942,Medium,0.47211601092280125,Base
192:00,0.4879807692307665,0.1159420289855072,0.7415730337078654,0.4484986106413797,0.4718837291596203,1.5228383483342598,Medium,0.47188372915962024,Base
192:30,0.5144230769230766,0.14492753623188415,0.752808988764045,0.47071986730633525,0.49237329800959506,1.6367806377306715,Medium,0.4923732980095951,Base
193:00,0.5144230769230766,0.14492753623188415,0.752808988764045,0.47071986730633525,0.49237329800959506,1.6367806377306715,Medium,0.4923732980095951,Base
193:30,0.5144230769230766,0.14492753623188415,0.7752808988764046,0.4782105040104551,0.5024856575601568,1.6624796958148622,Medium,0.5024856575601568,Base
194:00,0.5144230769230766,0.14492753623188415,0.7865168539325842,0.48195582236251494,0.5075418373354377,1.675480143848016,Medium,0.5075418373354377,Base
194:30,0.5144230769230766,0.14492753623188415,0.7865168539325842,0.48195582236251494,0.5075418373354377,1.675480143848016,Medium,0.5075418373354377,Base
195:00,0.5144230769230766,0.14492753623188415,0.7752808988764046,0.4782105040104551,0.5024856575601568,1.6624796958148622,Medium,0.5024856575601568,Base
195:30,0.5144230769230766,0.14492753623188415,0.7865168539325842,0.48195582236251494,0.5075418373354377,1.675480143848016,Medium,0.5075418373354377,Base
196:00,0.5144230769230766,0.14492753623188415,0.8651685393258426,0.5081730508269344,0.542935095762404,1.7693747842365333,Medium,0.542935095762404,Base
196:30,0.5144230769230766,0.3188405797101449,0.8314606741573034,0.5549081102635083,0.5886361216539526,2.2299324718440117,High,0.5886361216539526,Base
197:00,0.5144230769230766,0.3188405797101449,0.7752808988764046,0.5361815185032087,0.5633552227775481,2.1447517668218756,High,0.5633552227775482,Base
197:30,0.5144230769230766,0.3188405797101449,0.7977528089887642,0.5436721552073286,0.5734675823281099,2.1784264688321247,High,0.5734675823281099,Base
198:00,0.5408653846153832,0.3188405797101449,0.752808988764045,0.537504984363191,0.5585313247654476,2.133477751451043,High,0.5585313247654478,Base
198:30,0.5408653846153832,0.3188405797101449,0.6179775280898878,0.49256116413847195,0.49785716746207687,1.9430898915487629,High,0.4978571674620769,Base
199:00,0.5408653846153832,0.3188405797101449,0.4943820224719102,0.45136266226581273,0.4422391899339869,1.7835307529107782,Medium,0.44223918993398703,Base
199:30,0.5408653846153832,0.3188405797101449,0.4831460674157304,0.4476173439137529,0.4371830101587061,1.7696919145611358,Medium,0.43718301015870614,Base
200:00,0.5408653846153832,0.3188405797101449,0.5056179775280898,0.4551079806178726,0.44729536970926775,1.7974778097843862,Medium,0.44729536970926786,Base
200:30,0.5408653846153832,0.3188405797101449,0.550561797752809,0.47008925402611235,0.4675200888103914,1.854365247285259,Medium,0.4675200888103915,Base
201:00,0.5408653846153832,0.3188405797101449,0.5842696629213482,0.4813252090822921,0.48268862813623403,1.8982092527535808,Medium,0.4826886281362341,Base
201:30,0.5408653846153832,0.1594202898550724,0.5955056179775282,0.43193043081599464,0.43194770646223973,1.5235079646467362,Medium,0.43194770646223973,Base
202:00,0.5408653846153832,0.1594202898550724,0.6179775280898878,0.4394210675201145,0.4420600660128015,1.5474285308928446,Medium,0.4420600660128015,Base
202:30,0.5408653846153832,0.1594202898550724,0.6404494382022474,0.4469117042242344,0.45217242556336334,1.5717246734423345,Medium,0.45217242556336334,Base
203:00,0.5408653846153832,0.1594202898550724,0.6629213483146066,0.45440234092835413,0.46228478511392496,1.5964022892107805,Medium,0.46228478511392496,Base
203:30,0.5673076923076898,0.1594202898550724,0.6966292134831462,0.4744523985486362,0.48274178597822914,1.6510799490436932,Medium,0.4827417859782291,Base
204:00,0.5408653846153832,0.1594202898550724,0.7191011235955058,0.47312893268865386,0.4875656839903296,1.6598048118698148,Medium,0.4875656839903296,Base
204:30,0.5408653846153832,0.1594202898550724,0.7191011235955058,0.47312893268865386,0.4875656839903296,1.6598048118698148,Medium,0.4875656839903296,Base
205:00,0.5408653846153832,0.1594202898550724,0.7415730337078654,0.4806195693927737,0.49767804354089146,1.685865372023924,Medium,0.49767804354089146,Base
205:30,0.5673076923076898,0.1594202898550724,0.7640449438202246,0.49692430866099563,0.5130788646299144,1.7300781298734755,Medium,0.5130788646299145,Base
206:00,0.5673076923076898,0.1594202898550724,0.7865168539325842,0.5044149453651156,0.5231912241804763,1.757242049903377,Medium,0.5231912241804761,Base
206:30,0.5673076923076898,0.1594202898550724,0.8202247191011238,0.5156509004212954,0.5383597635063191,1.7987897062552853,Medium,0.5383597635063191,Base
207:00,0.5673076923076898,0.1594202898550724,0.8202247191011238,0.5156509004212954,0.5383597635063191,1.7987897062552853,Medium,0.5383597635063191,Base
207:30,0.5673076923076898,0.1594202898550724,0.8089887640449438,0.5119055820692354,0.533303583731038,1.7848324700656417,Medium,0.533303583731038,Base
208:00,0.5673076923076898,0.1594202898550724,0.7865168539325842,0.5044149453651156,0.5231912241804763,1.757242049903377,Medium,0.5231912241804761,Base
208:30,0.5673076923076898,0.1594202898550724,0.7752808988764046,0.5006696270130556,0.5181350444051954,1.7436071918387661,Medium,0.5181350444051953,Base
209:00,0.5673076923076898,0.1594202898550724,0.752808988764045,0.4931789903089358,0.5080226848546336,1.7166540431104658,Medium,0.5080226848546336,Base
209:30,0.5673076923076898,0.1594202898550724,0.752808988764045,0.4931789903089358,0.5080226848546336,1.7166540431104658,Medium,0.5080226848546336,Base
210:00,0.5673076923076898,0.1594202898550724,0.7640449438202246,0.49692430866099563,0.5130788646299144,1.7300781298734755,Medium,0.5130788646299145,Base
210:30,0.5673076923076898,0.1594202898550724,0.7752808988764046,0.5006696270130556,0.5181350444051954,1.7436071918387661,Medium,0.5181350444051953,Base
211:00,0.5673076923076898,0.18840579710144933,0.7415730337078654,0.49909550770566824,0.5131114326155847,1.797945938230995,Medium,0.5131114326155848,Base
211:30,0.5673076923076898,0.18840579710144933,0.7078651685393258,0.4878595526494884,0.49794289328974184,1.7564177708631472,Medium,0.49794289328974184,Base
212:00,0.5961538461538467,0.18840579710144933,0.6966292134831462,0.49372961891281414,0.4986559442836924,1.7624988321429316,Medium,0.49865594428369237,Base
212:30,0.5961538461538467,0.18840579710144933,0.6853932584269662,0.4899843005607541,0.4935997645084114,1.7488231854574714,Medium,0.4935997645084114,Base
213:00,0.5961538461538467,0.18840579710144933,0.7078651685393258,0.49747493726487396,0.5037121240589733,1.776281421207598,Medium,0.5037121240589733,Base
213:30,0.5961538461538467,0.18840579710144933,0.752808988764045,0.5124562106731138,0.5239368431600969,1.8324980252640508,Medium,0.5239368431600968,Base
214:00,0.5961538461538467,0.18840579710144933,0.8089887640449438,0.5311828024334133,0.5492177420365013,1.9052772979791242,Medium,0.5492177420365014,Base
214:30,0.5961538461538467,0.18840579710144933,0.8202247191011238,0.5349281207854734,0.5542739218117824,1.9201764023492291,High,0.5542739218117823,Base
215:00,0.5961538461538467,0.33333333333333337,0.7752808988764046,0.5682560261211949,0.5847738403918181,2.2141900512306303,High,0.5847738403918181,Base
215:30,0.5961538461538467,0.33333333333333337,0.7415730337078654,0.5570200710650152,0.5696053010659755,2.1630476597512738,High,0.5696053010659756,Base
216:00,0.6225961538461533,0.33333333333333337,0.7752808988764046,0.5770701286852971,0.5900623019302794,2.237133236389182,High,0.5900623019302795,Base
216:30,0.6225961538461533,0.33333333333333337,0.8764044943820226,0.6107779938538364,0.6355679199078075,2.3995967738879607,High,0.6355679199078077,Base
217:00,0.6225961538461533,0.33333333333333337,0.9325842696629214,0.629504585614136,0.660848818784212,2.4948988727744448,High,0.6608488187842121,Base
217:30,0.6225961538461533,0.33333333333333337,0.8876404494382022,0.6145233122058963,0.6406240996830883,2.4183614139843095,High,0.6406240996830885,Base
218:00,0.6225961538461533,0.33333333333333337,0.842696629213483,0.5995420387976566,0.6203993805819646,2.344171939179408,High,0.6203993805819648,Base
218:30,0.6490384615384599,0.33333333333333337,0.842696629213483,0.6083561413617588,0.6256878421204259,2.3684619818585277,High,0.6256878421204262,Base
219:00,0.6490384615384599,0.33333333333333337,0.853932584269663,0.6121014597138187,0.630744021895707,2.386983150562823,High,0.630744021895707,Base
219:30,0.6490384615384599,0.20289855072463758,0.8314606741573034,0.5611325621401336,0.5749794884321017,2.0296276254889136,High,0.5749794884321018,Base
220:00,0.6490384615384599,0.20289855072463758,0.8089887640449438,0.5536419254360138,0.5648671288815399,1.998253096002614,High,0.5648671288815399,Base
220:30,0.6490384615384599,0.20289855072463758,0.8202247191011238,0.5573872437880737,0.5699233086568208,2.0138792631053275,High,0.569923308656821,Base
221:00,0.6490384615384599,0.20289855072463758,0.8202247191011238,0.5573872437880737,0.5699233086568208,2.0138792631053275,High,0.569923308656821,Base
221:30,0.6490384615384599,0.20289855072463758,0.8089887640449438,0.5536419254360138,0.5648671288815399,1.998253096002614,High,0.5648671288815399,Base
222:00,0.6490384615384599,0.20289855072463758,0.8089887640449438,0.5536419254360138,0.5648671288815399,1.998253096002614,High,0.5648671288815399,Base
222:30,0.6778846153846168,0.20289855072463758,0.8089887640449438,0.5632573100513993,0.5706363596507712,2.0208517063430262,High,0.5706363596507713,Base
223:00,0.6778846153846168,0.20289855072463758,0.7752808988764046,0.5520213549952196,0.5554678203249286,1.9741749592272684,High,0.5554678203249286,Base
223:30,0.6778846153846168,0.20289855072463758,0.7303370786516854,0.5370400815869799,0.5352431012238049,1.9136120497501616,High,0.535243101223805,Base
224:00,0.6778846153846168,0.2898550724637682,0.7191011235955058,0.5622802704812969,0.5606217040572198,2.198558765734521,High,0.5606217040572199,Base
224:30,0.6778846153846168,0.2898550724637682,0.7415730337078654,0.5697709071854168,0.5707340636077817,2.233078290293691,High,0.5707340636077818,Base
225:00,0.6778846153846168,0.2898550724637682,0.752808988764045,0.5735162255374767,0.5757902433830625,2.2505407701904443,High,0.5757902433830626,Base
225:30,0.6778846153846168,0.2898550724637682,0.752808988764045,0.5735162255374767,0.5757902433830625,2.2505407701904443,High,0.5757902433830626,Base
226:00,0.6778846153846168,0.2898550724637682,0.7640449438202246,0.5772615438895365,0.5808464231583432,2.2681398051759594,High,0.5808464231583432,Base
226:30,0.6778846153846168,0.2898550724637682,0.7415730337078654,0.5697709071854168,0.5707340636077817,2.233078290293691,High,0.5707340636077818,Base
227:00,0.6778846153846168,0.2898550724637682,0.6292134831460674,0.5323177236648174,0.5201722658549726,2.0657349367994664,High,0.5201722658549726,Base
227:30,0.7043269230769234,0.2898550724637682,0.5393258426966294,0.5111692794124404,0.4850112891911868,1.9610472856423433,High,0.48501128919118686,Base
228:00,0.7043269230769234,0.2898550724637682,0.5730337078651686,0.5224052344686201,0.5001798285170294,2.007413646337041,High,0.5001798285170296,Base
228:30,0.7043269230769234,0.18840579710144933,0.6067415730337078,0.49982476440402684,0.47984112146606045,1.7273493058528244,Medium,0.47984112146606045,Base
229:00,0.7043269230769234,0.18840579710144933,0.6292134831460674,0.5073154011081468,0.4899534810166223,1.7544703806746433,Medium,0.4899534810166223,Base
229:30,0.7043269230769234,0.18840579710144933,0.5842696629213482,0.492334127699907,0.4697287619154986,1.7006474758969161,Medium,0.4697287619154986,Base
230:00,0.7043269230769234,0.18840579710144933,0.5393258426966294,0.4773528542916674,0.44950404281437517,1.6484757275653859,Medium,0.4495040428143752,Base
230:30,0.7043269230769234,0.18840579710144933,0.5617977528089886,0.4848434909957871,0.45961640236493684,1.6743584100070705,Medium,0.45961640236493684,Base
231:00,0.7043269230769234,0.18840579710144933,0.5955056179775282,0.496079446051967,0.47478494169077967,1.71394639268295,Medium,0.47478494169077967,Base
231:30,0.7043269230769234,0.18840579710144933,0.6179775280898878,0.5035700827560868,0.48489730124134145,1.7408570286493048,Medium,0.48489730124134145,Base
232:00,0.7043269230769234,0.18840579710144933,0.6404494382022474,0.5110607194602067,0.4950096607919033,1.768190187940313,Medium,0.4950096607919033,Base
232:30,0.73076923076923,0.18840579710144933,0.651685393258427,0.5236201403763688,0.5053543021056455,1.8004823430663106,Medium,0.5053543021056455,Base
233:00,0.7043269230769234,0.18840579710144933,0.651685393258427,0.5148060378122666,0.5000658405671841,1.7820172829171228,Medium,0.5000658405671841,Base
233:30,0.73076923076923,0.13043478260869568,0.6629213483146066,0.508041787230844,0.49012062680846247,1.6286142660614533,Medium,0.4901206268084624,Base
234:00,0.73076923076923,0.13043478260869568,0.6741573033707866,0.5117871055829041,0.4951768065837435,1.6413498893507397,Medium,0.49517680658374347,Base
234:30,0.73076923076923,0.13043478260869568,0.6741573033707866,0.5117871055829041,0.4951768065837435,1.6413498893507397,Medium,0.49517680658374347,Base
235:00,0.73076923076923,0.13043478260869568,0.6853932584269662,0.5155324239349639,0.5002329863590242,1.6541851041172382,Medium,0.5002329863590242,Base
235:30,0.73076923076923,0.13043478260869568,0.6966292134831462,0.519277742287024,0.5052891661343053,1.6671206891577237,Medium,0.5052891661343053,Base
236:00,0.73076923076923,0.13043478260869568,0.6853932584269662,0.5155324239349639,0.5002329863590242,1.6541851041172382,Medium,0.5002329863590242,Base
236:30,0.73076923076923,0.13043478260869568,0.6404494382022474,0.5005511505267243,0.4800082672579008,1.60343870889488,Medium,0.4800082672579008,Base
237:00,0.7572115384615401,0.13043478260869568,0.5955056179775282,0.49438397968258796,0.46507200969523926,1.57035404232698,Medium,0.46507200969523926,Base
237:30,0.7572115384615401,0.13043478260869568,0.5617977528089886,0.4831480246264081,0.44990347036939643,1.5340826928331819,Medium,0.44990347036939643,Base
238:00,0.7572115384615401,0.246376811594203,0.5280898876404494,0.5105594125653975,0.4753146411884813,1.8604032897285938,Medium,0.4753146411884814,Base
238:30,0.7572115384615401,0.246376811594203,0.5168539325842698,0.5068140942133376,0.4702584614132005,1.8459679791236723,Medium,0.47025846141320055,Base
239:00,0.7572115384615401,0.246376811594203,0.5730337078651686,0.5255406859736372,0.495539360289605,1.9192822229175097,High,0.49553936028960505,Base
239:30,0.7572115384615401,0.246376811594203,0.6067415730337078,0.5367766410298169,0.5107078996154476,1.964661104127692,High,0.5107078996154477,Base
240:00,0.7572115384615401,0.246376811594203,0.6179775280898878,0.540521959381877,0.5157640793907285,1.9800245847471967,High,0.5157640793907285,Base
240:30,0.7572115384615401,0.246376811594203,0.6853932584269662,0.5629938694942364,0.5461011580424139,2.074761572065025,High,0.546101158042414,Base
241:00,0.7572115384615401,0.246376811594203,0.6741573033707866,0.5592485511421765,0.5410449782671332,2.0586630046795187,High,0.5410449782671332,Base
241:30,0.7572115384615401,0.246376811594203,0.6067415730337078,0.5367766410298169,0.5107078996154476,1.964661104127692,High,0.5107078996154477,Base
242:00,0.7572115384615401,0.246376811594203,0.5955056179775282,0.5330313226777571,0.5056517198401669,1.9494168324001202,High,0.5056517198401669,Base
242:30,0.7572115384615401,0.246376811594203,0.5955056179775282,0.5330313226777571,0.5056517198401669,1.9494168324001202,High,0.5056517198401669,Base
243:00,0.7572115384615401,0.14492753623188415,0.5393258426966294,0.4804883057966845,0.44486357458695075,1.5517483463639816,Medium,0.44486357458695075,Base
243:30,0.7860576923076898,0.14492753623188415,0.4831460674157304,0.4713770986517682,0.42535190647977617,1.4996546138581472,Medium,0.4253519064797761,Base
244:00,0.7860576923076898,0.14492753623188415,0.4943820224719102,0.475122417003828,0.430408086255057,1.5113817837744006,Medium,0.430408086255057,Base
244:30,0.7860576923076898,0.14492753623188415,0.5056179775280898,0.4788677353558879,0.43546426603033783,1.5232006591493468,Medium,0.43546426603033783,Base
245:00,0.7860576923076898,0.14492753623188415,0.5056179775280898,0.4788677353558879,0.43546426603033783,1.5232006591493468,Medium,0.43546426603033783,Base
245:30,0.7860576923076898,0.14492753623188415,0.5056179775280898,0.4788677353558879,0.43546426603033783,1.5232006591493468,Medium,0.43546426603033783,Base
246:00,0.7860576923076898,0.14492753623188415,0.5056179775280898,0.4788677353558879,0.43546426603033783,1.5232006591493468,Medium,0.43546426603033783,Base
246:30,0.7860576923076898,0.14492753623188415,0.5168539325842698,0.4826130537079479,0.4405204458056189,1.5351119571117746,Medium,0.44052044580561883,Base
247:00,0.7860576923076898,0.14492753623188415,0.5168539325842698,0.4826130537079479,0.4405204458056189,1.5351119571117746,Medium,0.44052044580561883,Base
247:30,0.7860576923076898,0.1594202898550724,0.5393258426966294,0.4949346082864639,0.45570526912429654,1.601932886748774,Medium,0.45570526912429654,Base
248:00,0.7860576923076898,0.1594202898550724,0.550561797752809,0.4986799266385238,0.4607614488995774,1.6144598639498817,Medium,0.4607614488995774,Base
248:30,0.7860576923076898,0.1594202898550724,0.5280898876404494,0.4911892899344039,0.4506490893490156,1.5895031093364629,Medium,0.45064908934901554,Base
249:00,0.8124999999999964,0.1594202898550724,0.5056179775280898,0.49251275579438625,0.44582519133691506,1.5649321429453107,Medium,0.44582519133691506,Base
249:30,0.8124999999999964,0.1594202898550724,0.5280898876404494,0.5000033924985061,0.4559375508874769,1.5895031093364629,Medium,0.45593755088747684,Base
250:00,0.8124999999999964,0.1594202898550724,0.550561797752809,0.507494029202626,0.46604991043803873,1.6144598639498817,Medium,0.46604991043803873,Base
250:30,0.8124999999999964,0.1594202898550724,0.5617977528089886,0.5112393475546858,0.47110609021331956,1.627084801033763,Medium,0.47110609021331956,Base
251:00,0.8124999999999964,0.1594202898550724,0.5617977528089886,0.5112393475546858,0.47110609021331956,1.627084801033763,Medium,0.47110609021331956,Base
251:30,0.8124999999999964,0.1594202898550724,0.5617977528089886,0.5112393475546858,0.47110609021331956,1.627084801033763,Medium,0.47110609021331956,Base
252:00,0.8124999999999964,0.1594202898550724,0.5730337078651686,0.5149846659067459,0.47616226998860056,1.6398084640382646,Medium,0.4761622699886005,Base
252:30,0.8124999999999964,0.1594202898550724,0.5730337078651686,0.5149846659067459,0.47616226998860056,1.6398084640382646,Medium,0.4761622699886005,Base
253:00,0.8124999999999964,0.02898550724637683,0.5730337078651686,0.4715064050371806,0.4305100960755571,1.4510164886862658,Medium,0.43051009607555707,Base
253:30,0.8124999999999964,0.02898550724637683,0.5730337078651686,0.4715064050371806,0.4305100960755571,1.4510164886862658,Medium,0.43051009607555707,Base
254:00,0.8124999999999964,0.02898550724637683,0.5730337078651686,0.4715064050371806,0.4305100960755571,1.4510164886862658,Medium,0.43051009607555707,Base
254:30,0.8124999999999964,0.02898550724637683,0.5842696629213482,0.47525172338924043,0.43556627585083785,1.46236331265284,Medium,0.4355662758508378,Base
255:00,0.8124999999999964,0.02898550724637683,0.5842696629213482,0.47525172338924043,0.43556627585083785,1.46236331265284,Medium,0.4355662758508378,Base
255:30,0.8124999999999964,0.02898550724637683,0.5955056179775282,0.4789970417413005,0.4406224556261189,1.4737988678055396,Medium,0.44062245562611885,Base
256:00,0.8124999999999964,0.02898550724637683,0.6067415730337078,0.4827423600933603,0.44567863540139974,1.4853238480145974,Medium,0.4456786354013997,Base
256:30,0.8124999999999964,0.02898550724637683,0.6067415730337078,0.4827423600933603,0.44567863540139974,1.4853238480145974,Medium,0.4456786354013997,Base
257:00,0.8124999999999964,0.02898550724637683,0.6179775280898878,0.48648767844542035,0.4507348151766807,1.4969389525762526,Medium,0.4507348151766806,Base
257:30,0.8124999999999964,0.02898550724637683,0.6179775280898878,0.48648767844542035,0.4507348151766807,1.4969389525762526,Medium,0.4507348151766806,Base
258:00,0.8124999999999964,0.02898550724637683,0.6292134831460674,0.49023299679748017,0.4557909949519615,1.5086448862551793,Medium,0.45579099495196146,Base
258:30,0.8124999999999964,0.07246376811594202,0.6067415730337078,0.49723511371654877,0.46089602670574753,1.4853238480145974,Medium,0.4608960267057474,Base
259:00,0.8124999999999964,0.07246376811594202,0.5730337078651686,0.4859991586603691,0.4457274873799049,1.4510164886862658,Medium,0.4457274873799048,Base
259:30,0.8124999999999964,0.07246376811594202,0.5617977528089886,0.48225384030830903,0.4406713076046239,1.4397577074194872,Medium,0.44067130760462386,Base
260:00,0.8124999999999964,0.07246376811594202,0.5617977528089886,0.48225384030830903,0.4406713076046239,1.4397577074194872,Medium,0.44067130760462386,Base
260:30,0.8124999999999964,0.07246376811594202,0.5168539325842698,0.46727256690006946,0.4204465885035004,1.3955894257300354,Medium,0.4204465885035004,Base
261:00,0.8124999999999964,0.07246376811594202,0.449438202247191,0.44480065678770986,0.390109509851815,1.3318645430705356,Low,0.3901095098518149,Base
261:30,0.8124999999999964,0.07246376811594202,0.3595505617977528,0.4148381099712304,0.3496600716495678,1.2514012181912648,Low,0.34966007164956775,Base
262:00,0.8124999999999964,0.07246376811594202,0.2921348314606742,0.39236619985887095,0.3193229929978824,1.2214027581601699,Low,0.31932299299788236,Base
262:30,0.8124999999999964,0.07246376811594202,0.3146067415730338,0.3998568365629908,0.32943535254844425,1.2214027581601699,Low,0.3294353525484442,Base
263:00,0.8124999999999964,0.07246376811594202,0.3820224719101124,0.42232874667535025,0.3597724312001296,1.2710494421814464,Low,0.3597724312001295,Base
263:30,0.8124999999999964,0.1159420289855072,0.4382022471910112,0.45554809205883834,0.4002707213808819,1.3771546801169354,Low,0.4002707213808818,Base
264:00,0.8124999999999964,0.1159420289855072,0.4719101123595506,0.46678404711501803,0.4154392607067246,1.409715674998697,Medium,0.4154392607067246,Base
264:30,0.8124999999999964,0.1159420289855072,0.4943820224719102,0.4742746838191379,0.42555162025728643,1.4318495909180686,Medium,0.4255516202572864,Base
265:00,0.8124999999999964,0.1159420289855072,0.5168539325842698,0.48176532052325777,0.43566397980784827,1.4543310309819284,Medium,0.43566397980784827,Base
265:30,0.8124999999999964,0.1159420289855072,0.5280898876404494,0.48551063887531765,0.44072015958312905,1.4657037743837755,Medium,0.440720159583129,Base
266:00,0.8124999999999964,0.1159420289855072,0.5393258426966294,0.48925595722737764,0.4457763393584101,1.4771654516594999,Medium,0.44577633935841005,Base
266:30,0.8124999999999964,0.1159420289855072,0.550561797752809,0.4930012755794375,0.4508325191336909,1.4887167582643341,Medium,0.4508325191336909,Base
267:00,0.8124999999999964,0.1159420289855072,0.5617977528089886,0.4967465939314974,0.4558886989089717,1.500358395091913,Medium,0.4558886989089717,Base
267:30,0.8124999999999964,0.1159420289855072,0.5730337078651686,0.5004919122835574,0.4609448786842527,1.5120910685167985,Medium,0.46094487868425266,Base
268:00,0.8124999999999964,0.1159420289855072,0.5730337078651686,0.5004919122835574,0.4609448786842527,1.5120910685167985,Medium,0.46094487868425266,Base
268:30,0.8124999999999964,0.1159420289855072,0.5842696629213482,0.5042372306356172,0.4660010584595335,1.5239154904373402,Medium,0.4660010584595335,Base
269:00,0.8124999999999964,0.04347826086956519,0.5955056179775282,0.48382795961569663,0.44569491939423483,1.4737988678055396,Medium,0.44569491939423483,Base
269:30,0.8124999999999964,0.04347826086956519,0.6179775280898878,0.4913185963198165,0.4558072789447966,1.4969389525762526,Medium,0.4558072789447966,Base
270:00,0.8124999999999964,0.04347826086956519,0.6292134831460674,0.4950639146718763,0.46086345872007745,1.5086448862551793,Medium,0.46086345872007745,Base
270:30,0.8124999999999964,0.04347826086956519,0.6404494382022474,0.49880923302393637,0.46591963849535845,1.5204423593272525,Medium,0.4659196384953584,Base
271:00,0.8124999999999964,0.04347826086956519,0.651685393258427,0.5025545513759963,0.4709758182706393,1.5323320876226414,Medium,0.4709758182706392,Base
271:30,0.8124999999999964,0.04347826086956519,0.6629213483146066,0.5062998697280561,0.47603199804592006,1.5443147925692469,Medium,0.47603199804592006,Base
272:00,0.8124999999999964,0.04347826086956519,0.6741573033707866,0.5100451880801161,0.4810881778212011,1.556391201236474,Medium,0.4810881778212011,Base
272:30,0.8124999999999964,0.04347826086956519,0.6853932584269662,0.5137905064321759,0.4861443575964819,1.5685620463793464,Medium,0.48614435759648184,Base
273:00,0.8124999999999964,0.04347826086956519,0.6853932584269662,0.5137905064321759,0.4861443575964819,1.5685620463793464,Medium,0.48614435759648184,Base
273:30,0.8124999999999964,0.04347826086956519,0.6853932584269662,0.5137905064321759,0.4861443575964819,1.5685620463793464,Medium,0.48614435759648184,Base
274:00,0.8124999999999964,0.07246376811594202,0.6966292134831462,0.5271976605330283,0.5013454649079948,1.5808280664829708,Medium,0.5013454649079947,Base
274:30,0.8124999999999964,0.07246376811594202,0.7078651685393258,0.5309429788850881,0.5064016446832756,1.5931900058073423,Medium,0.5064016446832755,Base
275:00,0.8124999999999964,0.07246376811594202,0.7078651685393258,0.5309429788850881,0.5064016446832756,1.5931900058073423,Medium,0.5064016446832755,Base
275:30,0.8124999999999964,0.07246376811594202,0.7303370786516854,0.538433615589208,0.5165140042338374,1.6182046483040677,Medium,0.5165140042338374,Base
276:00,0.7860576923076898,0.07246376811594202,0.7303370786516854,0.5296195130251058,0.5112255426953761,1.6182046483040677,Medium,0.511225542695376,Base
276:30,0.8124999999999964,0.07246376811594202,0.7191011235955058,0.5346882972371482,0.5114578244585566,1.6056486144325062,Medium,0.5114578244585566,Base
277:00,0.8124999999999964,0.07246376811594202,0.7191011235955058,0.5346882972371482,0.5114578244585566,1.6056486144325062,Medium,0.5114578244585566,Base
277:30,0.8124999999999964,0.07246376811594202,0.7191011235955058,0.5346882972371482,0.5114578244585566,1.6056486144325062,Medium,0.5114578244585566,Base
278:00,0.8124999999999964,0.07246376811594202,0.7303370786516854,0.538433615589208,0.5165140042338374,1.6182046483040677,Medium,0.5165140042338374,Base
278:30,0.8124999999999964,0.07246376811594202,0.7303370786516854,0.538433615589208,0.5165140042338374,1.6182046483040677,Medium,0.5165140042338374,Base
279:00,0.8124999999999964,0.07246376811594202,0.7415730337078654,0.542178933941268,0.5215701840091185,1.630858869279064,Medium,0.5215701840091185,Base
279:30,0.8124999999999964,0.07246376811594202,0.7415730337078654,0.542178933941268,0.5215701840091185,1.630858869279064,Medium,0.5215701840091185,Base
280:00,0.8124999999999964,0.07246376811594202,0.7415730337078654,0.542178933941268,0.5215701840091185,1.630858869279064,Medium,0.5215701840091185,Base
280:30,0.8124999999999964,0.07246376811594202,0.752808988764045,0.5459242522933279,0.5266263637843993,1.6436120451721854,Medium,0.5266263637843993,Base
281:00,0.8124999999999964,0.07246376811594202,0.752808988764045,0.5459242522933279,0.5266263637843993,1.6436120451721854,Medium,0.5266263637843993,Base
281:30,0.8124999999999964,0.07246376811594202,0.7640449438202246,0.5496695706453877,0.5316825435596801,1.65646494980237,Medium,0.5316825435596799,Base
282:00,0.8124999999999964,0.07246376811594202,0.7752808988764046,0.5534148889974477,0.5367387233349611,1.6694183630397519,Medium,0.536738723334961,Base
282:30,0.8124999999999964,0.07246376811594202,0.7752808988764046,0.5534148889974477,0.5367387233349611,1.6694183630397519,Medium,0.536738723334961,Base
283:00,0.8124999999999964,0.07246376811594202,0.7752808988764046,0.5534148889974477,0.5367387233349611,1.6694183630397519,Medium,0.536738723334961,Base
283:30,0.8124999999999964,0.07246376811594202,0.7865168539325842,0.5571602073495076,0.5417949031102419,1.682473070852982,Medium,0.5417949031102418,Base
284:00,0.8124999999999964,0.07246376811594202,0.7865168539325842,0.5571602073495076,0.5417949031102419,1.682473070852982,Medium,0.5417949031102418,Base
284:30,0.8124999999999964,0.07246376811594202,0.7865168539325842,0.5571602073495076,0.5417949031102419,1.682473070852982,Medium,0.5417949031102418,Base
285:00,0.8124999999999964,0.01449275362318836,0.7977528089887642,0.541581854203983,0.5265612278130591,1.69562986535692,Medium,0.5265612278130591,Base
285:30,0.8124999999999964,0.01449275362318836,0.7977528089887642,0.541581854203983,0.5265612278130591,1.69562986535692,Medium,0.5265612278130591,Base
286:00,0.8124999999999964,0.01449275362318836,0.8089887640449438,0.5453271725560428,0.53161740758834,1.7088895448606933,Medium,0.53161740758834,Base
286:30,0.8389423076923066,0.01449275362318836,0.8089887640449438,0.5541412751201462,0.536905869126802,1.7088895448606933,Medium,0.5369058691268018,Base
287:00,0.8124999999999964,0.01449275362318836,0.8089887640449438,0.5453271725560428,0.53161740758834,1.7088895448606933,Medium,0.53161740758834,Base
287:30,0.8124999999999964,0.01449275362318836,0.8089887640449438,0.5453271725560428,0.53161740758834,1.7088895448606933,Medium,0.53161740758834,Base
288:00,0.8124999999999964,0.01449275362318836,0.7865168539325842,0.5378365358519229,0.5215050480377781,1.682473070852982,Medium,0.5215050480377781,Base
288:30,0.8124999999999964,0.01449275362318836,0.7640449438202246,0.5303458991478031,0.5113926884872163,1.65646494980237,Medium,0.5113926884872162,Base
289:00,0.8389423076923066,0.01449275362318836,0.752808988764045,0.5354146833598467,0.5116249702503975,1.6436120451721854,Medium,0.5116249702503974,Base
289:30,0.8124999999999964,0.23188405797101452,0.7303370786516854,0.5915737122075654,0.5723111056831128,2.0933708858980173,High,0.5723111056831129,Base
290:00,0.8124999999999964,0.23188405797101452,0.7078651685393258,0.5840830755034455,0.562198746132551,2.0610109959553746,High,0.562198746132551,Base
290:30,0.8389423076923066,0.23188405797101452,0.6966292134831462,0.5891518597154891,0.5624310278957322,2.045019122552961,High,0.5624310278957323,Base
291:00,0.8389423076923066,0.23188405797101452,0.6966292134831462,0.5891518597154891,0.5624310278957322,2.045019122552961,High,0.5624310278957323,Base
291:30,0.8389423076923066,0.23188405797101452,0.7078651685393258,0.5928971780675489,0.567487207671013,2.0610109959553746,High,0.5674872076710131,Base
292:00,0.8389423076923066,0.23188405797101452,0.7191011235955058,0.596642496419609,0.572543387446294,2.077127924430429,High,0.572543387446294,Base
292:30,0.8389423076923066,0.23188405797101452,0.7303370786516854,0.6003878147716688,0.5775995672215748,2.0933708858980173,High,0.5775995672215748,Base
293:00,0.8389423076923066,0.23188405797101452,0.7415730337078654,0.6041331331237288,0.5826557469968559,2.10974086592529,High,0.5826557469968559,Base
293:30,0.8389423076923066,0.23188405797101452,0.752808988764045,0.6078784514757887,0.5877119267721367,2.126238857786441,High,0.5877119267721367,Base
294:00,0.8389423076923066,0.23188405797101452,0.7640449438202246,0.6116237698278485,0.5927681065474175,2.1428658625229864,High,0.5927681065474175,Base
294:30,0.8389423076923066,0.23188405797101452,0.7640449438202246,0.6116237698278485,0.5927681065474175,2.1428658625229864,High,0.5927681065474175,Base
295:00,0.8389423076923066,0.08695652173913049,0.7752808988764046,0.5670599094359473,0.547099648641539,1.6694183630397519,Medium,0.5470996486415389,Base
295:30,0.8389423076923066,0.08695652173913049,0.7865168539325842,0.5708052277880071,0.5521558284168199,1.682473070852982,Medium,0.5521558284168198,Base
296:00,0.8389423076923066,0.08695652173913049,0.7977528089887642,0.5745505461400672,0.5572120081921008,1.69562986535692,Medium,0.5572120081921008,Base
296:30,0.8389423076923066,0.08695652173913049,0.7977528089887642,0.5745505461400672,0.5572120081921008,1.69562986535692,Medium,0.5572120081921008,Base
297:00,0.8389423076923066,0.08695652173913049,0.8089887640449438,0.578295864492127,0.5622681879673816,1.7088895448606933,Medium,0.5622681879673816,Base
297:30,0.8389423076923066,0.08695652173913049,0.8089887640449438,0.578295864492127,0.5622681879673816,1.7088895448606933,Medium,0.5622681879673816,Base
298:00,0.8389423076923066,0.08695652173913049,0.8202247191011238,0.582041182844187,0.5673243677426627,1.7222529139161409,Medium,0.5673243677426627,Base
298:30,0.8389423076923066,0.08695652173913049,0.8202247191011238,0.582041182844187,0.5673243677426627,1.7222529139161409,Medium,0.5673243677426627,Base
299:00,0.8389423076923066,0.08695652173913049,0.8314606741573034,0.5857865011962469,0.5723805475179435,1.7357207833666244,Medium,0.5723805475179435,Base
299:30,0.8389423076923066,0.08695652173913049,0.8764044943820226,0.6007677746044866,0.5926052666190671,1.7906537049555586,Medium,0.5926052666190671,Base
300:00,0.8389423076923066,0.02898550724637683,0.8651685393258426,0.5776987847548419,0.5672592317713223,1.7767595979307003,Medium,0.5672592317713223,Base
300:30,0.8653846153846132,0.02898550724637683,0.7865168539325842,0.5602956588545247,0.5371544348828174,1.682473070852982,Medium,0.5371544348828174,Base
301:00,0.8653846153846132,0.02898550724637683,0.7865168539325842,0.5602956588545247,0.5371544348828174,1.682473070852982,Medium,0.5371544348828174,Base
301:30,0.8653846153846132,0.02898550724637683,0.7865168539325842,0.5602956588545247,0.5371544348828174,1.682473070852982,Medium,0.5371544348828174,Base
302:00,0.8653846153846132,0.02898550724637683,0.7752808988764046,0.5565503405024649,0.5320982551075366,1.6694183630397519,Medium,0.5320982551075366,Base
302:30,0.8653846153846132,0.02898550724637683,0.7752808988764046,0.5565503405024649,0.5320982551075366,1.6694183630397519,Medium,0.5320982551075366,Base
303:00,0.8653846153846132,0.02898550724637683,0.7977528089887642,0.5640409772065847,0.5422106146580985,1.69562986535692,Medium,0.5422106146580985,Base
303:30,0.8653846153846132,0.02898550724637683,0.8202247191011238,0.5715316139107046,0.5523229742086603,1.7222529139161409,Medium,0.5523229742086602,Base
304:00,0.8653846153846132,0.02898550724637683,0.8089887640449438,0.5677862955586446,0.5472667944333793,1.7088895448606933,Medium,0.5472667944333793,Base
304:30,0.8653846153846132,0.02898550724637683,0.7865168539325842,0.5602956588545247,0.5371544348828174,1.682473070852982,Medium,0.5371544348828174,Base
305:00,0.8653846153846132,0.1594202898550724,0.7415730337078654,0.5887926463158504,0.5625818896947374,1.8430501640384258,Medium,0.5625818896947374,Base
305:30,0.8653846153846132,0.1594202898550724,0.7415730337078654,0.5887926463158504,0.5625818896947374,1.8430501640384258,Medium,0.5625818896947374,Base
306:00,0.8653846153846132,0.1594202898550724,0.7752808988764046,0.6000286013720301,0.57775042902058,1.8866266393788644,Medium,0.5777504290205802,Base
306:30,0.8653846153846132,0.1594202898550724,0.7865168539325842,0.60377391972409,0.5828066087958609,1.901379897205082,Medium,0.582806608795861,Base
307:00,0.8653846153846132,0.1594202898550724,0.7977528089887642,0.6075192380761499,0.5878627885711419,1.916248524236814,High,0.5878627885711418,Base
307:30,0.8653846153846132,0.1594202898550724,0.7977528089887642,0.6075192380761499,0.5878627885711419,1.916248524236814,High,0.5878627885711418,Base
308:00,0.8653846153846132,0.1594202898550724,0.7752808988764046,0.6000286013720301,0.57775042902058,1.8866266393788644,Medium,0.5777504290205802,Base
308:30,0.8653846153846132,0.1594202898550724,0.7415730337078654,0.5887926463158504,0.5625818896947374,1.8430501640384258,Medium,0.5625818896947374,Base
309:00,0.8918269230769198,0.1594202898550724,0.7415730337078654,0.5976067488799526,0.5678703512331988,1.8430501640384258,Medium,0.5678703512331988,Base
309:30,0.8918269230769198,0.3188405797101449,0.7415730337078654,0.65074684549831,0.6236674526824741,2.314298897729412,High,0.6236674526824741,Base
310:00,0.8918269230769198,0.3188405797101449,0.7303370786516854,0.64700152714625,0.6186112729071931,2.296341703391067,High,0.6186112729071931,Base
310:30,0.8918269230769198,0.3188405797101449,0.7415730337078654,0.65074684549831,0.6236674526824741,2.314298897729412,High,0.6236674526824741,Base
311:00,0.8918269230769198,0.3188405797101449,0.6966292134831462,0.6357655720900702,0.6034427335813505,2.243301809051408,High,0.6034427335813506,Base
311:30,0.8918269230769198,0.3188405797101449,0.6292134831460674,0.6132936619777106,0.573105654929665,2.1408690004358903,High,0.5731056549296651,Base
312:00,0.8918269230769198,0.3188405797101449,0.5617977528089886,0.590821751865351,0.5427685762779796,2.0431134404360196,High,0.5427685762779797,Base
312:30,0.9206730769230766,0.3188405797101449,0.4382022471910112,0.5592386346080777,0.4929198295191211,1.8753407490574339,Medium,0.4929198295191211,Base
313:00,0.8918269230769198,0.5217391304347826,0.2359550561797754,0.5498403698971592,0.4671538555484568,1.7332530178673953,Medium,0.46715385554845695,Base
313:30,0.9206730769230766,0.5217391304347826,0.0786516853932584,0.507021297583706,0.40213656946375553,1.7332530178673953,Medium,0.40213656946375564,Base
314:00,0.9206730769230766,0.5217391304347826,0.011235955056179803,0.4845493874713463,0.37179949081207014,1.7332530178673953,Medium,0.37179949081207025,Base
314:30,0.9206730769230766,0.5217391304347826,0.0,0.48080406911928647,0.36674331103678925,1.7332530178673953,Medium,0.36674331103678937,Base
315:00,0.9206730769230766,0.5217391304347826,0.011235955056179803,0.4845493874713463,0.37179949081207014,1.7332530178673953,Medium,0.37179949081207025,Base
315:30,0.9206730769230766,0.5217391304347826,0.0898876404494382,0.5107666159357658,0.4071927492390364,1.7332530178673953,Medium,0.40719274923903653,Base
316:00,0.9206730769230766,1.0,0.15730337078651702,0.6926588159031978,0.6049211322385479,1.7332530178673953,Medium,0.6049211322385484,Base
316:30,0.9206730769230766,1.0,0.1910112359550562,0.7038947709593776,0.6200896715643907,1.7332530178673953,Medium,0.6200896715643909,Base
317:00,0.9206730769230766,1.0,0.2134831460674158,0.7113854076634976,0.6302020311149524,1.7332530178673953,Medium,0.6302020311149528,Base
317:30,0.9206730769230766,1.0,0.2359550561797754,0.7188760443676173,0.6403143906655142,1.7332530178673953,Medium,0.6403143906655147,Base
318:00,0.9206730769230766,1.0,0.2696629213483146,0.730111999423797,0.6554829299913569,1.7332530178673953,Medium,0.6554829299913572,Base
318:30,0.9206730769230766,1.0,0.2359550561797754,0.7188760443676173,0.6403143906655142,1.7332530178673953,Medium,0.6403143906655147,Base
319:00,0.9471153846153832,1.0,0.2134831460674158,0.7201995102275998,0.6354904926534137,1.7332530178673953,Medium,0.6354904926534142,Base
319:30,0.9206730769230766,0.37681159420289856,0.2359550561797754,0.5111465757685836,0.4221984486365288,1.7332530178673953,Medium,0.42219844863652883,Base
320:00,0.9471153846153832,0.37681159420289856,0.202247191011236,0.5087247232765059,0.41231837084914735,1.7332530178673953,Medium,0.4123183708491474,Base
320:30,0.9471153846153832,0.37681159420289856,0.12359550561797761,0.48250749481208643,0.3769251124221811,1.7332530178673953,Medium,0.37692511242218113,Base
321:00,0.9471153846153832,0.37681159420289856,0.15730337078651702,0.4937434498682663,0.3920936517480238,1.7332530178673953,Medium,0.39209365174802385,Base
321:30,0.9471153846153832,0.37681159420289856,0.15730337078651702,0.4937434498682663,0.3920936517480238,1.7332530178673953,Medium,0.39209365174802385,Base
322:00,0.9471153846153832,0.37681159420289856,0.056179775280899014,0.460035584699727,0.34658803377049574,1.7332530178673953,Medium,0.3465880337704958,Base
322:30,0.9471153846153832,0.37681159420289856,0.1123595505617978,0.47876217646002656,0.37186893264690013,1.7332530178673953,Medium,0.37186893264690024,Base
323:00,0.9471153846153832,0.37681159420289856,0.202247191011236,0.5087247232765059,0.41231837084914735,1.7332530178673953,Medium,0.4123183708491474,Base
323:30,0.9471153846153832,0.37681159420289856,0.2359550561797754,0.5199606783326858,0.4274869101749901,1.7332530178673953,Medium,0.42748691017499013,Base
324:00,0.9471153846153832,0.37681159420289856,0.2134831460674158,0.5124700416285659,0.4173745506244283,1.7332530178673953,Medium,0.41737455062442835,Base
324:30,0.9471153846153832,0.246376811594203,0.1348314606741574,0.4427745522945812,0.3363291182844186,1.6233419947525474,Medium,0.3363291182844185,Base
325:00,0.9471153846153832,0.246376811594203,0.03370786516853941,0.40906668712604183,0.2908235003068904,1.6233419947525474,Medium,0.29082350030689047,Base
325:30,0.9471153846153832,0.246376811594203,0.04494382022471921,0.4128120054781019,0.29587968008217136,1.6233419947525474,Medium,0.29587968008217136,Base
326:00,0.9471153846153832,0.246376811594203,0.1348314606741574,0.4427745522945812,0.3363291182844186,1.6233419947525474,Medium,0.3363291182844185,Base
326:30,0.9471153846153832,0.246376811594203,0.1460674157303372,0.44651987064664117,0.3413852980596994,1.6233419947525474,Medium,0.34138529805969947,Base
327:00,0.9735576923076898,0.246376811594203,0.12359550561797761,0.4478433365066235,0.33656140004759894,1.6233419947525474,Medium,0.336561400047599,Base
327:30,0.9735576923076898,0.246376811594203,0.1460674157303372,0.45533397321074337,0.34667375959816077,1.6233419947525474,Medium,0.34667375959816077,Base
328:00,0.9735576923076898,0.246376811594203,0.1797752808988764,0.4665699282669231,0.36184229892400344,1.6233419947525474,Medium,0.3618422989240034,Base
328:30,0.9735576923076898,0.246376811594203,0.202247191011236,0.474060564971043,0.3719546584745652,1.6233419947525474,Medium,0.37195465847456527,Base
329:00,0.9471153846153832,0.14492753623188415,0.2247191011235956,0.4389206739902877,0.3412713101098541,1.3435111673479234,Low,0.3412713101098541,Base
329:30,0.9735576923076898,0.14492753623188415,0.2359550561797754,0.45148009490644975,0.35161595142359636,1.3435111673479234,Low,0.3516159514235963,Base
330:00,0.9471153846153832,0.14492753623188415,0.247191011235955,0.4464113106944074,0.3513836696604159,1.3435111673479234,Low,0.35138366966041584,Base
330:30,0.9471153846153832,0.14492753623188415,0.2584269662921348,0.4501566290464674,0.35643984943569673,1.3435111673479234,Low,0.35643984943569673,Base
331:00,0.9735576923076898,0.14492753623188415,0.2696629213483146,0.4627160499626295,0.36678449074943903,1.3435111673479234,Low,0.36678449074943903,Base
331:30,0.9735576923076898,0.14492753623188415,0.2808988764044944,0.4664613683146895,0.3718406705247199,1.3435111673479234,Low,0.37184067052471986,Base
332:00,0.9735576923076898,0.14492753623188415,0.2921348314606742,0.47020668666674936,0.37689685030000086,1.3435111673479234,Low,0.3768968503000008,Base
332:30,0.9735576923076898,0.14492753623188415,0.2696629213483146,0.4627160499626295,0.36678449074943903,1.3435111673479234,Low,0.36678449074943903,Base
333:00,0.9735576923076898,0.14492753623188415,0.2247191011235956,0.4477347765543899,0.3465597716483155,1.3435111673479234,Low,0.3465597716483155,Base
333:30,0.9735576923076898,0.14492753623188415,0.1797752808988764,0.4327535031461502,0.3263350525471918,1.3435111673479234,Low,0.3263350525471918,Base
334:00,0.9735576923076898,0.14492753623188415,0.15730337078651702,0.4252628664420303,0.3162226929966301,1.3435111673479234,Low,0.3162226929966301,Base
334:30,0.9735576923076898,0.14492753623188415,0.202247191011236,0.44024413985027006,0.33644741209775364,1.3435111673479234,Low,0.3364474120977536,Base
335:00,0.9735576923076898,0.0,0.2359550561797754,0.4031709161624884,0.30089131374243694,1.2214027581601699,Low,0.30089131374243683,Base
335:30,0.9735576923076898,0.0,0.2584269662921348,0.4106615528666082,0.31100367329299866,1.2214027581601699,Low,0.31100367329299855,Base
336:00,0.9735576923076898,0.0,0.2696629213483146,0.41440687121866815,0.31605985306827955,1.2214027581601699,Low,0.3160598530682795,Base
336:30,0.9735576923076898,0.0,0.2808988764044944,0.4181521895707281,0.3211160328435605,1.2214027581601699,Low,0.3211160328435604,Base
337:00,0.9735576923076898,0.0,0.2921348314606742,0.421897507922788,0.3261722126188414,1.2214027581601699,Low,0.3261722126188413,Base
337:30,0.9735576923076898,0.0,0.303370786516854,0.42564282627484795,0.3312283923941223,1.2214027581601699,Low,0.3312283923941222,Base
338:00,0.9735576923076898,0.0,0.303370786516854,0.42564282627484795,0.3312283923941223,1.2214027581601699,Low,0.3312283923941222,Base
338:30,0.9735576923076898,0.0,0.3146067415730338,0.4293881446269079,0.3362845721694032,1.2214027581601699,Low,0.33628457216940316,Base
339:00,0.9735576923076898,0.0,0.3258426966292136,0.4331334629789678,0.34134075194468416,1.2224969012547353,Low,0.34134075194468405,Base
339:30,0.9735576923076898,0.0,0.3370786516853934,0.43687878133102775,0.346396931719965,1.2320567217298142,Low,0.34639693171996494,Base
340:00,0.9735576923076898,0.05797101449275366,0.348314606741573,0.45994777118067215,0.37174296656770967,1.2416912991776279,Low,0.3717429665677096,Base
340:30,0.9735576923076898,0.05797101449275366,0.3595505617977528,0.4636930895327321,0.3767991463429905,1.2514012181912648,Low,0.37679914634299044,Base
341:00,0.9735576923076898,0.05797101449275366,0.3707865168539326,0.467438407884792,0.38185532611827144,1.2611870679352803,Low,0.3818553261182714,Base
341:30,0.9735576923076898,0.05797101449275366,0.3820224719101124,0.47118372623685195,0.3869115058935524,1.2710494421814464,Low,0.38691150589355233,Base
342:00,0.9735576923076898,0.05797101449275366,0.3932584269662922,0.4749290445889119,0.3919676856688333,1.2809889393447786,Low,0.3919676856688332,Base
342:30,0.9735576923076898,0.05797101449275366,0.404494382022472,0.4786743629409718,0.39702386544411417,1.2910061625198466,Low,0.3970238654441141,Base
343:00,0.9735576923076898,0.05797101449275366,0.4157303370786518,0.48241968129303175,0.4020800452193951,1.301101719517368,Low,0.40208004521939505,Base
343:30,0.9735576923076898,0.05797101449275366,0.4157303370786518,0.48241968129303175,0.4020800452193951,1.301101719517368,Low,0.40208004521939505,Base
344:00,0.9735576923076898,0.05797101449275366,0.4269662921348314,0.48616499964509163,0.40713622499467594,1.3112762229010868,Low,0.4071362249946759,Base
344:30,0.9735576923076898,0.05797101449275366,0.4382022471910112,0.48991031799715157,0.4121924047699568,1.3215302900249444,Low,0.4121924047699567,Base
345:00,0.9735576923076898,0.05797101449275366,0.4382022471910112,0.48991031799715157,0.4121924047699568,1.3215302900249444,Low,0.4121924047699567,Base
345:30,0.9735576923076898,0.05797101449275366,0.449438202247191,0.4936556363492115,0.4172485845452377,1.3318645430705356,Low,0.41724858454523767,Base
346:00,0.9735576923076898,0.05797101449275366,0.4382022471910112,0.48991031799715157,0.4121924047699568,1.3215302900249444,Low,0.4121924047699567,Base
346:30,0.9735576923076898,0.05797101449275366,0.4269662921348314,0.48616499964509163,0.40713622499467594,1.3112762229010868,Low,0.4071362249946759,Base
347:00,0.9735576923076898,0.05797101449275366,0.4382022471910112,0.48991031799715157,0.4121924047699568,1.3215302900249444,Low,0.4121924047699567,Base
347:30,0.9735576923076898,0.05797101449275366,0.4269662921348314,0.48616499964509163,0.40713622499467594,1.3112762229010868,Low,0.4071362249946759,Base
348:00,0.9735576923076898,0.05797101449275366,0.4269662921348314,0.48616499964509163,0.40713622499467594,1.3112762229010868,Low,0.4071362249946759,Base
348:30,1.0,0.05797101449275366,0.4382022471910112,0.49872442056125493,0.41748086630841885,1.3215302900249444,Low,0.4174808663084188,Base
349:00,0.9735576923076898,0.05797101449275366,0.4382022471910112,0.48991031799715157,0.4121924047699568,1.3215302900249444,Low,0.4121924047699567,Base
349:30,0.9735576923076898,0.05797101449275366,0.4382022471910112,0.48991031799715157,0.4121924047699568,1.3215302900249444,Low,0.4121924047699567,Base
350:00,1.0,0.05797101449275366,0.4382022471910112,0.49872442056125493,0.41748086630841885,1.3215302900249444,Low,0.4174808663084188,Base
350:30,1.0,0.07246376811594202,0.449438202247191,0.5073006567877111,0.4276095098518157,1.3318645430705356,Low,0.4276095098518156,Base
351:00,1.0,0.07246376811594202,0.4606741573033708,0.5110459751397709,0.4326656896270966,1.3422796090848617,Low,0.43266568962709656,Base
351:30,1.0,0.07246376811594202,0.4606741573033708,0.5110459751397709,0.4326656896270966,1.3422796090848617,Low,0.43266568962709656,Base
352:00,1.0,0.07246376811594202,0.4606741573033708,0.5110459751397709,0.4326656896270966,1.3422796090848617,Low,0.43266568962709656,Base
352:30,1.0,0.07246376811594202,0.4719101123595506,0.514791293491831,0.4377218694023775,1.352776120018378,Low,0.43772186940237745,Base
353:00,1.0,0.07246376811594202,0.4831460674157304,0.5185366118438908,0.4427780491776584,1.3633547127633383,Low,0.44277804917765834,Base
353:30,1.0,0.07246376811594202,0.4831460674157304,0.5185366118438908,0.4427780491776584,1.3633547127633383,Low,0.44277804917765834,Base
354:00,1.0,0.07246376811594202,0.4831460674157304,0.5185366118438908,0.4427780491776584,1.3633547127633383,Low,0.44277804917765834,Base
354:30,0.0,0.15625,0.25,0.13541666666666666,0.1671875,1.1234480711263044,Low,0.1671875000000004,After_Lunch
355:00,0.0,0.15625,0.23913043478260865,0.13179347826086954,0.1622961956521739,1.1234480711263044,Low,0.1622961956521743,After_Lunch
355:30,0.0,0.15625,0.21739130434782616,0.12454710144927539,0.15251358695652178,1.1234480711263044,Low,0.15251358695652217,After_Lunch
356:00,0.0,0.15625,0.2065217391304348,0.12092391304347827,0.14762228260869567,1.1234480711263044,Low,0.1476222826086961,After_Lunch
356:30,0.017770597738286042,0.15625,0.23913043478260865,0.13771701084029822,0.16585031519983112,1.1234480711263044,Low,0.1658503151998315,After_Lunch
357:00,0.017770597738286042,0.15625,0.21739130434782616,0.13047063402870407,0.156067706504179,1.1234480711263044,Low,0.1560677065041794,After_Lunch
357:30,0.017770597738286042,0.15625,0.19565217391304346,0.12322425721710983,0.14628509780852678,1.1234480711263044,Low,0.14628509780852716,After_Lunch
358:00,0.017770597738286042,0.15625,0.21739130434782616,0.13047063402870407,0.156067706504179,1.1234480711263044,Low,0.1560677065041794,After_Lunch
358:30,0.03715670436187324,0.15625,0.19565217391304346,0.12968629275830557,0.1501623191332442,1.1234480711263044,Low,0.15016231913324463,After_Lunch
359:00,0.03715670436187324,0.09375,0.1847826086956521,0.10522977101917512,0.1233960147854181,1.0,Low,0.12339601478541855,After_Lunch
359:30,0.03715670436187324,0.09375,0.19565217391304346,0.10885295942497224,0.1282873191332442,1.0,Low,0.12828731913324465,After_Lunch
360:00,0.03715670436187324,0.09375,0.21739130434782616,0.11609933623656647,0.1380699278288964,1.0,Low,0.13806992782889688,After_Lunch
360:30,0.03715670436187324,0.09375,0.2065217391304348,0.11247614783076935,0.13317862348107032,1.0,Low,0.13317862348107076,After_Lunch
361:00,0.03715670436187324,0.09375,0.1847826086956521,0.10522977101917512,0.1233960147854181,1.0,Low,0.12339601478541855,After_Lunch
361:30,0.05492730210016106,0.09375,0.17391304347826098,0.10753011519280735,0.12205882998524964,1.0,Low,0.1220588299852501,After_Lunch
362:00,0.05492730210016106,0.09375,0.19565217391304346,0.1147764920044015,0.13184143868090176,1.0,Low,0.1318414386809022,After_Lunch
362:30,0.05492730210016106,0.09375,0.17391304347826098,0.10753011519280735,0.12205882998524964,1.0,Low,0.1220588299852501,After_Lunch
363:00,0.05492730210016106,0.3125,0.1304347826086958,0.1659540282362856,0.1790561125939453,1.4190675485932571,Medium,0.17905611259394563,After_Lunch
363:30,0.05492730210016106,0.3125,0.14130434782608692,0.16957721664208267,0.18394741694177133,1.4190675485932571,Medium,0.18394741694177166,After_Lunch
364:00,0.07269789983844888,0.3125,0.17391304347826098,0.18637031443890328,0.20217544953290723,1.4190675485932571,Medium,0.20217544953290753,After_Lunch
364:30,0.07269789983844888,0.3125,0.19565217391304346,0.19361669125049744,0.21195805822855934,1.4190675485932571,Medium,0.21195805822855965,After_Lunch
365:00,0.07269789983844888,0.3125,0.19565217391304346,0.19361669125049744,0.21195805822855934,1.4190675485932571,Medium,0.21195805822855965,After_Lunch
365:30,0.07269789983844888,0.3125,0.19565217391304346,0.19361669125049744,0.21195805822855934,1.4190675485932571,Medium,0.21195805822855965,After_Lunch
366:00,0.07269789983844888,0.3125,0.21739130434782616,0.20086306806209167,0.22174066692421157,1.4190675485932571,Medium,0.22174066692421185,After_Lunch
366:30,0.07269789983844888,0.3125,0.21739130434782616,0.20086306806209167,0.22174066692421157,1.4190675485932571,Medium,0.22174066692421185,After_Lunch
367:00,0.0904684975767367,0.25,0.21739130434782616,0.18595326730818762,0.2034197864718691,1.3380912330505697,Low,0.20341978647186948,After_Lunch
367:30,0.0904684975767367,0.25,0.23913043478260865,0.19319964411978177,0.2132023951675212,1.3380912330505697,Low,0.2132023951675216,After_Lunch
368:00,0.0904684975767367,0.25,0.26086956521739135,0.200446020931376,0.22298500386317344,1.3380912330505697,Low,0.22298500386317377,After_Lunch
368:30,0.0904684975767367,0.25,0.28260869565217406,0.20769239774297024,0.23276761255882567,1.3380912330505697,Low,0.232767612558826,After_Lunch
369:00,0.0904684975767367,0.25,0.2934782608695652,0.2113155861487673,0.23765891690665167,1.3380912330505697,Low,0.23765891690665203,After_Lunch
369:30,0.10985460420032034,0.25,0.30434782608695654,0.22140081009575896,0.24642744257919452,1.3380912330505697,Low,0.24642744257919483,After_Lunch
370:00,0.10985460420032034,0.25,0.30434782608695654,0.22140081009575896,0.24642744257919452,1.3380912330505697,Low,0.24642744257919483,After_Lunch
370:30,0.10985460420032034,0.25,0.30434782608695654,0.22140081009575896,0.24642744257919452,1.3380912330505697,Low,0.24642744257919483,After_Lunch
371:00,0.10985460420032034,0.40625,0.3152173913043479,0.2771073318348894,0.30600624692702066,1.4190675485932571,Medium,0.30600624692702083,After_Lunch
371:30,0.10985460420032034,0.40625,0.3152173913043479,0.2771073318348894,0.30600624692702066,1.4190675485932571,Medium,0.30600624692702083,After_Lunch
372:00,0.10985460420032034,0.40625,0.32608695652173925,0.2807305202406865,0.31089755127484675,1.4205792976169374,Medium,0.310897551274847,After_Lunch
372:30,0.12762520193860816,0.40625,0.34782608695652173,0.29390042963171,0.3242342795181564,1.4421509688536505,Medium,0.32423427951815664,After_Lunch
373:00,0.10985460420032034,0.40625,0.3586956521739131,0.2916000854580778,0.32557146431832495,1.4530593335231787,Medium,0.3255714643183252,After_Lunch
373:30,0.10985460420032034,0.40625,0.3586956521739131,0.2916000854580778,0.32557146431832495,1.4530593335231787,Medium,0.3255714643183252,After_Lunch
374:00,0.12762520193860816,0.40625,0.32608695652173925,0.2866540528201158,0.3144516708225043,1.4205792976169374,Medium,0.3144516708225045,After_Lunch
374:30,0.12762520193860816,0.40625,0.2934782608695652,0.27578448760272445,0.29977775777902593,1.4190675485932571,Medium,0.2997777577790262,After_Lunch
375:00,0.10985460420032034,0.3125,0.2934782608695652,0.23861095502329518,0.2634111382313684,1.4190675485932571,Medium,0.2634111382313687,After_Lunch
375:30,0.12762520193860816,0.3125,0.30434782608695654,0.24815767600852157,0.27185656212685205,1.4190675485932571,Medium,0.27185656212685233,After_Lunch
376:00,0.12762520193860816,0.3125,0.3152173913043479,0.2517808644143187,0.2767478664746782,1.4190675485932571,Medium,0.27674786647467847,After_Lunch
376:30,0.12762520193860816,0.3125,0.28260869565217406,0.24091129919692741,0.2620739534312,1.4190675485932571,Medium,0.26207395343120027,After_Lunch
377:00,0.12762520193860816,0.3125,0.25,0.23004173397953606,0.24740004038772162,1.4190675485932571,Medium,0.24740004038772193,After_Lunch
377:30,0.12762520193860816,0.3125,0.1847826086956521,0.2083026035447534,0.2180522143007651,1.4190675485932571,Medium,0.21805221430076538,After_Lunch
378:00,0.12762520193860816,0.3125,0.16304347826086962,0.20105622673315926,0.20826960560511298,1.4190675485932571,Medium,0.20826960560511326,After_Lunch
378:30,0.12762520193860816,0.3125,0.17391304347826098,0.20467941513895638,0.21316090995293907,1.4190675485932571,Medium,0.21316090995293938,After_Lunch
379:00,0.12762520193860816,0.40625,0.19565217391304346,0.24317579195055053,0.2557560186485912,1.4190675485932571,Medium,0.25575601864859143,After_Lunch
379:30,0.12762520193860816,0.40625,0.1847826086956521,0.2395526035447534,0.25086471430076507,1.4190675485932571,Medium,0.25086471430076535,After_Lunch
380:00,0.14539579967689598,0.40625,0.16304347826086962,0.23822975931258852,0.2446362251527705,1.4190675485932571,Medium,0.24463622515277078,After_Lunch
380:30,0.14539579967689598,0.40625,0.16304347826086962,0.23822975931258852,0.2446362251527705,1.4190675485932571,Medium,0.24463622515277078,After_Lunch
381:00,0.14539579967689598,0.40625,0.16304347826086962,0.23822975931258852,0.2446362251527705,1.4190675485932571,Medium,0.24463622515277078,After_Lunch
381:30,0.14539579967689598,0.40625,0.16304347826086962,0.23822975931258852,0.2446362251527705,1.4190675485932571,Medium,0.24463622515277078,After_Lunch
382:00,0.14539579967689598,0.40625,0.1847826086956521,0.2454761361241827,0.2544188338484226,1.4190675485932571,Medium,0.2544188338484229,After_Lunch
382:30,0.14539579967689598,0.65625,0.19565217391304346,0.33243265786331316,0.34681013819624873,1.4190675485932571,Medium,0.34681013819624884,After_Lunch
383:00,0.1631663974151838,0.65625,0.21739130434782616,0.34560256725433663,0.3601468664395585,1.4190675485932571,Medium,0.3601468664395586,After_Lunch
383:30,0.1631663974151838,0.65625,0.23913043478260865,0.3528489440659308,0.36992947513521063,1.4190675485932571,Medium,0.3699294751352107,After_Lunch
384:00,0.1631663974151838,0.65625,0.25,0.35647213247172793,0.3748207794830367,1.4190675485932571,Medium,0.3748207794830368,After_Lunch
384:30,0.1631663974151838,0.65625,0.26086956521739135,0.36009532087752505,0.37971208383086286,1.4190675485932571,Medium,0.3797120838308629,After_Lunch
385:00,0.1631663974151838,0.65625,0.32608695652173925,0.3818344513123077,0.4090599099178194,1.4205792976169374,Medium,0.4090599099178195,After_Lunch
385:30,0.1631663974151838,0.65625,0.3369565217391304,0.3854576397181047,0.4139512142656454,1.4313244951413722,Medium,0.41395121426564546,After_Lunch
386:00,0.1809369951534716,0.65625,0.2934782608695652,0.3768884186743456,0.39794011642199867,1.4190675485932571,Medium,0.3979401164219987,After_Lunch
386:30,0.1809369951534716,0.65625,0.2717391304347827,0.36964204186275146,0.38815750772634655,1.4190675485932571,Medium,0.38815750772634655,After_Lunch
387:00,0.1809369951534716,0.65625,0.2717391304347827,0.36964204186275146,0.38815750772634655,1.4190675485932571,Medium,0.38815750772634655,After_Lunch
387:30,0.1809369951534716,0.65625,0.28260869565217406,0.3732652302685486,0.39304881207417264,1.4190675485932571,Medium,0.3930488120741727,After_Lunch
388:00,0.1809369951534716,0.65625,0.28260869565217406,0.3732652302685486,0.39304881207417264,1.4190675485932571,Medium,0.3930488120741727,After_Lunch
388:30,0.1809369951534716,0.65625,0.30434782608695654,0.3805116070801427,0.4028314207698248,1.4190675485932571,Medium,0.40283142076982476,After_Lunch
389:00,0.1809369951534716,0.65625,0.3152173913043479,0.3841347954859398,0.4077227251176509,1.4190675485932571,Medium,0.4077227251176509,After_Lunch
389:30,0.2003231017770588,1.0,0.3369565217391304,0.5124265411720631,0.5416950551380204,1.4313244951413722,Medium,0.5416950551380202,After_Lunch
390:00,0.2003231017770588,1.0,0.36956521739130443,0.5232961063894545,0.5563689681814987,1.4640502085694522,Medium,0.5563689681814985,After_Lunch
390:30,0.2003231017770588,1.0,0.36956521739130443,0.5232961063894545,0.5563689681814987,1.4640502085694522,Medium,0.5563689681814985,After_Lunch
391:00,0.2003231017770588,1.0,0.3804347826086958,0.5269192947952516,0.5612602725293249,1.4751242180972266,Medium,0.5612602725293246,After_Lunch
391:30,0.2003231017770588,1.0,0.34782608695652173,0.5160497295778602,0.5465863594858466,1.4421509688536505,Medium,0.5465863594858463,After_Lunch
392:00,0.2003231017770588,1.0,0.32608695652173925,0.508803352766266,0.5368037507901945,1.4205792976169374,Medium,0.5368037507901943,After_Lunch
392:30,0.21809369951534485,1.0,0.36956521739130443,0.5292196389688831,0.5599230877291559,1.4640502085694522,Medium,0.5599230877291558,After_Lunch
393:00,0.21809369951534485,0.84375,0.3804347826086958,0.4807594940413469,0.510126892076982,1.4751242180972266,Medium,0.510126892076982,After_Lunch
393:30,0.21809369951534485,0.84375,0.3804347826086958,0.4807594940413469,0.510126892076982,1.4751242180972266,Medium,0.510126892076982,After_Lunch
394:00,0.21809369951534485,0.84375,0.36956521739130443,0.47713630563554976,0.5052355877291559,1.4640502085694522,Medium,0.5052355877291559,After_Lunch
394:30,0.21809369951534485,0.84375,0.3804347826086958,0.4807594940413469,0.510126892076982,1.4751242180972266,Medium,0.510126892076982,After_Lunch
395:00,0.23586429725363267,0.84375,0.40217391304347827,0.4939294034323703,0.5234636203202918,1.4975241606555107,Medium,0.5234636203202917,After_Lunch
395:30,0.23586429725363267,0.84375,0.3804347826086958,0.48668302662077617,0.5136810116246396,1.4751242180972266,Medium,0.5136810116246395,After_Lunch
396:00,0.23586429725363267,0.84375,0.3369565217391304,0.4721902729975877,0.4941157942333352,1.4313244951413722,Medium,0.49411579423333507,After_Lunch
396:30,0.2536348949919205,0.65625,0.3913043478260869,0.43372974760600247,0.45650143552012323,1.4862819909319582,Medium,0.45650143552012323,After_Lunch
397:00,0.2536348949919205,0.65625,0.46739130434782616,0.45909206644658224,0.4907405659549059,1.566785602677394,Medium,0.4907405659549059,After_Lunch
397:30,0.2730210016155077,0.65625,0.44565217391304346,0.45830772517618373,0.48483517858397107,1.5533171813701243,Medium,0.48483517858397107,After_Lunch
398:00,0.2730210016155077,0.65625,0.4782608695652175,0.4691772903935751,0.4995090916274494,1.5888321279199704,Medium,0.4995090916274494,After_Lunch
398:30,0.2730210016155077,0.65625,0.48913043478260865,0.4728004787993721,0.5044003959752754,1.6008499822391962,Medium,0.5044003959752754,After_Lunch
399:00,0.2907915993537955,0.65625,0.4565217391304348,0.4678544461614101,0.49328060247945477,1.5759466580326782,Medium,0.4932806024794547,After_Lunch
399:30,0.2907915993537955,0.65625,0.423913043478261,0.45698488094401885,0.47860668943597656,1.5407197386231921,Medium,0.4786066894359765,After_Lunch
400:00,0.2907915993537955,0.4375,0.4347826086956521,0.3876914026831492,0.4069354937838025,1.5523736730069144,Medium,0.40693549378380267,After_Lunch
400:30,0.3085621970920833,0.4375,0.423913043478261,0.38999174685678145,0.40559830898363414,1.5514307377449632,Medium,0.40559830898363425,After_Lunch
401:00,0.3085621970920833,0.4375,0.40217391304347827,0.3827453700451872,0.39581570028798185,1.5282244614646314,Medium,0.3958157002879821,After_Lunch
401:30,0.3085621970920833,0.4375,0.3913043478260869,0.3791221816393901,0.3909243959401557,1.5167518193378096,Medium,0.39092439594015593,After_Lunch
402:00,0.32633279483037114,0.4375,0.34782608695652173,0.370552960595631,0.37491329809650903,1.4819473696745105,Medium,0.3749132980965092,After_Lunch
402:30,0.32633279483037114,0.4375,0.3152173913043479,0.3596833953782397,0.36023938505303077,1.4582269585131373,Medium,0.36023938505303094,After_Lunch
403:00,0.32633279483037114,0.4375,0.3152173913043479,0.3596833953782397,0.36023938505303077,1.4582269585131373,Medium,0.36023938505303094,After_Lunch
403:30,0.34571890145395656,0.4375,0.32608695652173925,0.3697686193252319,0.369007910725574,1.4708548029342037,Medium,0.36900791072557415,After_Lunch
404:00,0.34571890145395656,0.625,0.3152173913043479,0.4286454309194348,0.4297416063777479,1.4692895518313325,Medium,0.42974160637774794,After_Lunch
404:30,0.34571890145395656,0.625,0.32608695652173925,0.4322686193252319,0.43463291072557403,1.4708548029342037,Medium,0.43463291072557403,After_Lunch
405:00,0.34571890145395656,0.625,0.32608695652173925,0.4322686193252319,0.43463291072557403,1.4708548029342037,Medium,0.43463291072557403,After_Lunch
405:30,0.3634894991922444,0.625,0.3152173913043479,0.4345689634988641,0.43329572592540544,1.479503972212132,Medium,0.4332957259254055,After_Lunch
406:00,0.3634894991922444,0.625,0.30434782608695654,0.430945775093067,0.4284044215775793,1.479503972212132,Medium,0.42840442157757935,After_Lunch
406:30,0.3634894991922444,0.625,0.3586956521739131,0.4490617171220525,0.4528609433167098,1.5149434274207676,Medium,0.4528609433167098,After_Lunch
407:00,0.3812600969305322,0.625,0.40217391304347827,0.46947800332467016,0.4759802802556717,1.5721560450158008,Medium,0.4759802802556717,After_Lunch
407:30,0.3812600969305322,0.75,0.3586956521739131,0.4966519163681484,0.5001650628643673,1.5254752310407673,Medium,0.5001650628643672,After_Lunch
408:00,0.3812600969305322,0.75,0.3369565217391304,0.4894055395565542,0.49038245416871507,1.5026571968165707,Medium,0.49038245416871507,After_Lunch
408:30,0.4006462035541194,0.75,0.3369565217391304,0.4958675750977499,0.4942596754934325,1.5140568526575189,Medium,0.4942596754934325,After_Lunch
409:00,0.4006462035541194,0.75,0.3804347826086958,0.5103603287209384,0.5138248928847369,1.5603882547336514,Medium,0.5138248928847369,After_Lunch
409:30,0.4006462035541194,0.75,0.3586956521739131,0.5031139519093442,0.5040422841890848,1.5370479920567839,Medium,0.5040422841890847,After_Lunch
410:00,0.4184168012924072,0.75,0.2717391304347827,0.4800519772423966,0.4684659689541336,1.5115269445277417,Medium,0.4684659689541336,After_Lunch
410:30,0.4184168012924072,0.75,0.2717391304347827,0.4800519772423966,0.4684659689541336,1.5115269445277417,Medium,0.4684659689541336,After_Lunch
411:00,0.43618739903069503,0.875,0.26086956521739135,0.5240189880826954,0.5108787841539651,1.522034996946047,Medium,0.510878784153965,After_Lunch
411:30,0.43618739903069503,0.875,0.2717391304347827,0.5276421764884925,0.5157700885017912,1.522034996946047,Medium,0.5157700885017912,After_Lunch
412:00,0.45395799676898285,0.875,0.30434782608695654,0.5444352742853131,0.533998121092927,1.5326161007684473,Medium,0.5339981210929269,After_Lunch
412:30,0.45395799676898285,0.875,0.2934782608695652,0.540812085879516,0.5291068167451008,1.5326161007684473,Medium,0.5291068167451008,After_Lunch
413:00,0.45395799676898285,0.875,0.25,0.5263193322563277,0.5095415993537965,1.5326161007684473,Medium,0.5095415993537965,After_Lunch
413:30,0.45395799676898285,0.875,0.22826086956521752,0.5190729554447334,0.49975899065814444,1.5326161007684473,Medium,0.49975899065814433,After_Lunch
414:00,0.4733441033925665,0.875,0.36956521739130443,0.5726364402612903,0.5672231685046003,1.5931936005499354,Medium,0.5672231685046002,After_Lunch
414:30,0.4733441033925665,0.75,0.40217391304347827,0.541839338812015,0.5381470815480786,1.629620279045295,Medium,0.5381470815480784,After_Lunch
415:00,0.4911147011308543,0.75,0.23913043478260865,0.49341504530448765,0.4683316358783447,1.5549785276739259,Medium,0.4683316358783447,After_Lunch
415:30,0.4911147011308543,0.75,0.16304347826086962,0.468052726463908,0.43409250544356215,1.5549785276739259,Medium,0.43409250544356215,After_Lunch
416:00,0.5088852988691421,0.75,0.17391304347826098,0.47759944744913435,0.44253792933904584,1.5657886531151508,Medium,0.4425379293390458,After_Lunch
416:30,0.5088852988691421,0.75,0.19565217391304346,0.48484582426072853,0.45232053803469796,1.5657886531151508,Medium,0.4523205380346979,After_Lunch
417:00,0.5088852988691421,0.75,0.14130434782608692,0.466729882231743,0.42786401629556753,1.5657886531151508,Medium,0.4278640162955675,After_Lunch
417:30,0.52665589660743,0.75,0.11956521739130443,0.4654070379995781,0.42163552714757296,1.5766739299555594,Medium,0.4216355271475729,After_Lunch
418:00,0.52665589660743,0.71875,0.17391304347826098,0.47310631336189696,0.4351545488867034,1.5766739299555594,Medium,0.43515454888670335,After_Lunch
418:30,0.52665589660743,0.71875,0.19565217391304346,0.48035269017349114,0.4449371575823555,1.5766739299555594,Medium,0.44493715758235547,After_Lunch
419:00,0.52665589660743,0.71875,0.2065217391304348,0.48397587857928825,0.4498284619301816,1.5766739299555594,Medium,0.4498284619301816,After_Lunch
419:30,0.52665589660743,0.71875,0.1847826086956521,0.476729501767694,0.44004585323452944,1.5766739299555594,Medium,0.4400458532345294,After_Lunch
420:00,0.544426494345716,0.71875,0.25,0.5043921647819053,0.4729477988691432,1.5876348806435558,Medium,0.4729477988691431,After_Lunch
420:30,0.544426494345716,0.71875,0.28260869565217406,0.5152617299992966,0.4876217119126215,1.5876348806435558,Medium,0.4876217119126215,After_Lunch
421:00,0.544426494345716,0.71875,0.2065217391304348,0.48989941115871694,0.45338258147783883,1.5876348806435558,Medium,0.45338258147783883,After_Lunch
421:30,0.544426494345716,0.625,0.2065217391304348,0.45864941115871694,0.4205700814778389,1.5876348806435558,Medium,0.4205700814778389,After_Lunch
422:00,0.544426494345716,0.625,0.19565217391304346,0.4550262227529198,0.4156787771300128,1.5876348806435558,Medium,0.4156787771300128,After_Lunch
422:30,0.5638126009693032,0.625,0.1304347826086958,0.439749127859333,0.3902081723677737,1.5996792053762783,Medium,0.39020817236777383,After_Lunch
423:00,0.5638126009693032,0.625,0.08695652173913038,0.42525637423614454,0.3706429549764693,1.5996792053762783,Medium,0.3706429549764694,After_Lunch
423:30,0.5638126009693032,0.625,0.1304347826086958,0.439749127859333,0.3902081723677737,1.5996792053762783,Medium,0.39020817236777383,After_Lunch
424:00,0.581583198707591,0.625,0.21739130434782616,0.4746581676851391,0.43289272669804,1.610800087477271,Medium,0.43289272669804,After_Lunch
424:30,0.581583198707591,0.625,0.16304347826086962,0.45654222565615354,0.40843620495890953,1.610800087477271,Medium,0.4084362049589096,After_Lunch
425:00,0.5993537964458788,0.875,0.0434782608695653,0.5059440191051481,0.44568597668048016,1.6219982813407021,Medium,0.4456859766804801,After_Lunch
425:30,0.581583198707591,0.875,0.021739130434782705,0.49277410971412455,0.4323492484371704,1.610800087477271,Medium,0.4323492484371704,After_Lunch
426:00,0.5993537964458788,0.875,0.010869565217391353,0.4950744538877567,0.43101206363700184,1.6219982813407021,Medium,0.4310120636370018,After_Lunch
426:30,0.5993537964458788,0.875,0.0,0.4914512654819596,0.42612075928917575,1.6219982813407021,Medium,0.4261207592891757,After_Lunch
427:00,0.5993537964458788,0.875,0.16304347826086962,0.5457990915689162,0.4994903245065671,1.6219982813407021,Medium,0.499490324506567,After_Lunch
427:30,0.6171243941841666,0.875,0.2934782608695652,0.5952008850179106,0.5617400962281376,1.6332743244337045,Medium,0.5617400962281375,After_Lunch
428:00,0.6171243941841666,0.875,0.19565217391304346,0.5625921893657367,0.5177183570977029,1.6332743244337045,Medium,0.5177183570977028,After_Lunch
428:30,0.6171243941841666,0.875,0.0652173913043479,0.5191139284961716,0.4590227049237899,1.6332743244337045,Medium,0.45902270492378977,After_Lunch
429:00,0.6365105008077538,0.875,0.0652173913043479,0.5255759640373673,0.4628999262485073,1.6456648851230258,Medium,0.4628999262485072,After_Lunch
429:30,0.6365105008077538,0.875,0.1847826086956521,0.5654310365011354,0.5167042740745942,1.6456648851230258,Medium,0.5167042740745941,After_Lunch
430:00,0.6542810985460417,0.875,0.21739130434782616,0.5822241342979559,0.5349323066657301,1.6571054571475226,Medium,0.53493230666573,After_Lunch
430:30,0.6542810985460417,0.875,0.1847826086956521,0.5713545690805646,0.5202583936222518,1.6571054571475226,Medium,0.5202583936222517,After_Lunch
431:00,0.6542810985460417,0.875,0.19565217391304346,0.5749777574863617,0.5251496979700778,1.6571054571475226,Medium,0.5251496979700777,After_Lunch
431:30,0.6720516962843277,0.71875,0.21739130434782616,0.5360643335440513,0.48379892621338727,1.6686255634012712,Medium,0.48379892621338727,After_Lunch
432:00,0.6898222940226155,0.71875,0.22826086956521752,0.5456110545292777,0.4922443501088709,1.6802257568018744,Medium,0.4922443501088709,After_Lunch
432:30,0.6898222940226155,0.71875,0.22826086956521752,0.5456110545292777,0.4922443501088709,1.6802257568018744,Medium,0.4922443501088709,After_Lunch
433:00,0.6898222940226155,0.71875,0.23913043478260865,0.5492342429350747,0.49713565445669694,1.6802257568018744,Medium,0.49713565445669694,After_Lunch
433:30,0.7092084006462027,0.71875,0.25,0.5593194668820676,0.5059041801292405,1.6929725066282595,Medium,0.5059041801292404,After_Lunch
434:00,0.7092084006462027,0.71875,0.25,0.5593194668820676,0.5059041801292405,1.6929725066282595,Medium,0.5059041801292404,After_Lunch
434:30,0.7092084006462027,0.71875,0.25,0.5593194668820676,0.5059041801292405,1.6929725066282595,Medium,0.5059041801292404,After_Lunch
435:00,0.7269789983844905,0.71875,0.23913043478260865,0.5616198110556997,0.504566995329072,1.7047419586428627,Medium,0.5045669953290719,After_Lunch
435:30,0.7269789983844905,0.625,0.25,0.5339929994614968,0.47664579967689813,1.7047419586428627,Medium,0.47664579967689813,After_Lunch
436:00,0.7269789983844905,0.625,0.2717391304347827,0.541239376273091,0.4864284083725503,1.7047419586428627,Medium,0.4864284083725503,After_Lunch
436:30,0.7269789983844905,0.625,0.2934782608695652,0.5484857530846853,0.4962110170682025,1.7047419586428627,Medium,0.4962110170682025,After_Lunch
437:00,0.7447495961227784,0.625,0.2934782608695652,0.5544092856641145,0.49976513661586,1.716593231242373,Medium,0.49976513661586,After_Lunch
437:30,0.7447495961227784,0.625,0.2934782608695652,0.5544092856641145,0.49976513661586,1.716593231242373,Medium,0.49976513661586,After_Lunch
438:00,0.7447495961227784,0.625,0.2934782608695652,0.5544092856641145,0.49976513661586,1.716593231242373,Medium,0.49976513661586,After_Lunch
438:30,0.7447495961227784,0.625,0.30434782608695654,0.5580324740699116,0.5046564409636861,1.716593231242373,Medium,0.5046564409636861,After_Lunch
439:00,0.7641357027463656,0.53125,0.2717391304347827,0.5223749443937161,0.46104724924492535,1.729615876790886,Medium,0.4610472492449254,After_Lunch
439:30,0.7641357027463656,0.53125,0.21739130434782616,0.5042590023647305,0.43659072750579486,1.729615876790886,Medium,0.4365907275057949,After_Lunch
440:00,0.7641357027463656,0.53125,0.21739130434782616,0.5042590023647305,0.43659072750579486,1.729615876790886,Medium,0.4365907275057949,After_Lunch
440:30,0.7641357027463656,0.53125,0.25,0.5151285675821219,0.45126464054927307,1.729615876790886,Medium,0.4512646405492732,After_Lunch
441:00,0.7641357027463656,0.53125,0.26086956521739135,0.518751755987919,0.4561559448970992,1.729615876790886,Medium,0.45615594489709926,After_Lunch
441:30,0.7641357027463656,0.53125,0.2717391304347827,0.5223749443937161,0.46104724924492535,1.729615876790886,Medium,0.4610472492449254,After_Lunch
442:00,0.7819063004846534,0.53125,0.28260869565217406,0.5319216653789425,0.469492673140409,1.7332530178673953,Medium,0.46949267314040904,After_Lunch
442:30,0.7996768982229394,0.53125,0.2934782608695652,0.5414683863641682,0.4779380970358922,1.7332530178673953,Medium,0.47793809703589224,After_Lunch
443:00,0.7819063004846534,0.375,0.30434782608695654,0.4870847088572033,0.42458778183606105,1.7332530178673953,Medium,0.4245877818360612,After_Lunch
443:30,0.7996768982229394,0.375,0.3152173913043479,0.4966314298424291,0.43303320573154447,1.7332530178673953,Medium,0.4330332057315445,After_Lunch
444:00,0.7996768982229394,0.375,0.30434782608695654,0.49300824143663197,0.4281419013837183,1.7332530178673953,Medium,0.42814190138371844,After_Lunch
444:30,0.7996768982229394,0.375,0.3369565217391304,0.5038778066540233,0.44281581442719653,1.7482236861878846,Medium,0.4428158144271967,After_Lunch
445:00,0.7996768982229394,0.375,0.3804347826086958,0.5183705602772117,0.462381031818501,1.8017207886128166,Medium,0.4623810318185011,After_Lunch
445:30,0.8174474959612272,0.375,0.3804347826086958,0.524294092856641,0.4659351513661585,1.8017207886128166,Medium,0.46593515136615865,After_Lunch
446:00,0.8174474959612272,0.375,0.3913043478260869,0.5279172812624381,0.4708264557139845,1.8153489231280824,Medium,0.4708264557139846,After_Lunch
446:30,0.8174474959612272,0.375,0.3804347826086958,0.524294092856641,0.4659351513661585,1.8017207886128166,Medium,0.46593515136615865,After_Lunch
447:00,0.8368336025848127,0.4375,0.3913043478260869,0.5552126501369665,0.4965786770387016,1.8153489231280824,Medium,0.49657867703870173,After_Lunch
447:30,0.8368336025848127,0.4375,0.40217391304347827,0.5588358385427636,0.5014699813865278,1.829080140236134,Medium,0.5014699813865279,After_Lunch
448:00,0.8368336025848127,0.4375,0.4347826086956521,0.5697054037601549,0.516143894430006,1.8709001137708197,Medium,0.5161438944300061,After_Lunch
448:30,0.8368336025848127,0.4375,0.46739130434782616,0.5805749689775462,0.5308178074734843,1.9136762565558132,Medium,0.5308178074734844,After_Lunch
449:00,0.8368336025848127,0.4375,0.4347826086956521,0.5697054037601549,0.516143894430006,1.8709001137708197,Medium,0.5161438944300061,After_Lunch
449:30,0.8368336025848127,0.4375,0.3913043478260869,0.5552126501369665,0.4965786770387016,1.8153489231280824,Medium,0.49657867703870173,After_Lunch
450:00,0.8546042003231005,0.4375,0.4130434782608696,0.56838255952799,0.5099154052820114,1.8429152196490388,Medium,0.5099154052820115,After_Lunch
450:30,0.8546042003231005,0.4375,0.36956521739130443,0.5538898059048016,0.4903501878907071,1.7881949628317009,Medium,0.49035018789070717,After_Lunch
451:00,0.8546042003231005,0.4375,0.2717391304347827,0.5212811102526277,0.4463284487602723,1.7332530178673953,Medium,0.44632844876027244,After_Lunch
451:30,0.8546042003231005,0.4375,0.23913043478260865,0.5104115450352363,0.43165453571679396,1.7332530178673953,Medium,0.43165453571679413,After_Lunch
452:00,0.8723747980613883,0.4375,0.14130434782608692,0.48372638196249174,0.39118691613401674,1.7332530178673953,Medium,0.3911869161340169,After_Lunch
452:30,0.8723747980613883,0.4375,0.0652173913043479,0.4583640631219121,0.3569477856992342,1.7332530178673953,Medium,0.35694778569923435,After_Lunch
453:00,0.8723747980613883,0.4375,0.10869565217391308,0.47285681674510044,0.37651300309053853,1.7332530178673953,Medium,0.3765130030905387,After_Lunch
453:30,0.8723747980613883,0.4375,0.11956521739130443,0.47648000515089756,0.3814043074383646,1.7332530178673953,Medium,0.3814043074383648,After_Lunch
454:00,0.8901453957996743,0.4375,0.14130434782608692,0.4896499145419204,0.39474103568167396,1.7332530178673953,Medium,0.39474103568167407,After_Lunch
454:30,0.8901453957996743,0.4375,0.16304347826086962,0.49689629135351465,0.4045236443773262,1.7332530178673953,Medium,0.40452364437732635,After_Lunch
455:00,0.8901453957996743,0.4375,0.17391304347826098,0.5005194797593118,0.4094149487251523,1.7332530178673953,Medium,0.4094149487251524,After_Lunch
455:30,0.8901453957996743,0.4375,0.1847826086956521,0.5041426681651088,0.4143062530729783,1.7332530178673953,Medium,0.4143062530729784,After_Lunch
456:00,0.8901453957996743,0.4375,0.1847826086956521,0.5041426681651088,0.4143062530729783,1.7332530178673953,Medium,0.4143062530729784,After_Lunch
456:30,0.9079159935379622,0.4375,0.19565217391304346,0.5136893891503352,0.42275167696846194,1.7332530178673953,Medium,0.42275167696846205,After_Lunch
457:00,0.8901453957996743,0.4375,0.2065217391304348,0.511389044976703,0.42408886176863053,1.7332530178673953,Medium,0.42408886176863064,After_Lunch
457:30,0.9079159935379622,0.4375,0.2065217391304348,0.5173125775561324,0.4276429813162881,1.7332530178673953,Medium,0.4276429813162882,After_Lunch
458:00,0.9079159935379622,0.4375,0.21739130434782616,0.5209357659619295,0.43253428566411417,1.7332530178673953,Medium,0.43253428566411434,After_Lunch
458:30,0.9079159935379622,0.40625,0.21739130434782616,0.5105190992952627,0.4215967856641142,1.7332530178673953,Medium,0.4215967856641143,After_Lunch
459:00,0.9079159935379622,0.40625,0.21739130434782616,0.5105190992952627,0.4215967856641142,1.7332530178673953,Medium,0.4215967856641143,After_Lunch
459:30,0.9079159935379622,0.40625,0.21739130434782616,0.5105190992952627,0.4215967856641142,1.7332530178673953,Medium,0.4215967856641143,After_Lunch
460:00,0.9079159935379622,0.40625,0.30434782608695654,0.5395046065416396,0.4607272204467229,1.7332530178673953,Medium,0.460727220446723,After_Lunch
460:30,0.9273021001615493,0.40625,0.3369565217391304,0.5568362073002265,0.47927835481491854,1.7482236861878846,Medium,0.4792783548149186,After_Lunch
461:00,0.9273021001615493,0.40625,0.30434782608695654,0.5459666420828353,0.46460444177144034,1.7332530178673953,Medium,0.4646044417714404,After_Lunch
461:30,0.9273021001615493,0.40625,0.3913043478260869,0.5749521493292121,0.503734876554049,1.8153489231280824,Medium,0.5037348765540491,After_Lunch
462:00,0.9273021001615493,0.40625,0.3913043478260869,0.5749521493292121,0.503734876554049,1.8153489231280824,Medium,0.5037348765540491,After_Lunch
462:30,0.9450726978998372,0.4375,0.3369565217391304,0.5731764065463225,0.49376997436257614,1.7482236861878846,Medium,0.4937699743625762,After_Lunch
463:00,0.9450726978998372,0.4375,0.34782608695652173,0.5767995949521196,0.4986612787104022,1.7614471710412098,Medium,0.4986612787104023,After_Lunch
463:30,0.9450726978998372,0.4375,0.36956521739130443,0.5840459717637139,0.5084438874060544,1.7881949628317009,Medium,0.5084438874060545,After_Lunch
464:00,0.9450726978998372,0.4375,0.36956521739130443,0.5840459717637139,0.5084438874060544,1.7881949628317009,Medium,0.5084438874060545,After_Lunch
464:30,0.9450726978998372,0.4375,0.3913043478260869,0.591292348575308,0.5182264961017065,1.8153489231280824,Medium,0.5182264961017066,After_Lunch
465:00,0.9450726978998372,0.4375,0.4565217391304348,0.6130314790100907,0.5475743221886631,1.8993099619494438,Medium,0.5475743221886632,After_Lunch
465:30,0.9450726978998372,0.4375,0.44565217391304346,0.6094082906042936,0.5426830178408371,1.885051517571142,Medium,0.5426830178408371,After_Lunch
466:00,0.9450726978998372,0.4375,0.3586956521739131,0.5804227833579167,0.5035525830582284,1.7747706777355887,Medium,0.5035525830582284,After_Lunch
466:30,0.962843295638125,0.4375,0.30434782608695654,0.5682303739083605,0.48265018086675543,1.7332530178673953,Medium,0.4826501808667555,After_Lunch
467:00,0.962843295638125,0.4375,0.2934782608695652,0.5646071855025634,0.47775887651892934,1.7332530178673953,Medium,0.47775887651892945,After_Lunch
467:30,0.962843295638125,0.4375,0.32608695652173925,0.5754767507199547,0.49243278956240766,1.735099472294564,Medium,0.49243278956240777,After_Lunch
468:00,0.962843295638125,0.4375,0.3369565217391304,0.5790999391257518,0.4973240939102337,1.7482236861878846,Medium,0.4973240939102338,After_Lunch
468:30,0.962843295638125,0.4375,0.3369565217391304,0.5790999391257518,0.4973240939102337,1.7482236861878846,Medium,0.4973240939102338,After_Lunch
469:00,0.962843295638125,0.4375,0.34782608695652173,0.5827231275315489,0.5022153982580597,1.7614471710412098,Medium,0.5022153982580598,After_Lunch
469:30,0.962843295638125,0.4375,0.36956521739130443,0.5899695043431431,0.511998006953712,1.7881949628317009,Medium,0.5119980069537121,After_Lunch
470:00,0.962843295638125,0.4375,0.3804347826086958,0.5935926927489402,0.516889311301538,1.8017207886128166,Medium,0.5168893113015381,After_Lunch
470:30,0.962843295638125,0.3125,0.3586956521739131,0.5446796492706794,0.4633567026058859,1.7747706777355887,Medium,0.463356702605886,After_Lunch
471:00,0.962843295638125,0.3125,0.32608695652173925,0.5338100840532881,0.4486827895624077,1.735099472294564,Medium,0.4486827895624078,After_Lunch
471:30,0.962843295638125,0.3125,0.34782608695652173,0.5410564608648822,0.45846539825805976,1.7614471710412098,Medium,0.45846539825806,After_Lunch
472:00,0.9806138933764128,0.3125,0.3586956521739131,0.5506031818501086,0.4669108221535435,1.7747706777355887,Medium,0.4669108221535435,After_Lunch
472:30,0.9806138933764128,0.3125,0.36956521739130443,0.5542263702559057,0.47180212650136955,1.7881949628317009,Medium,0.47180212650136966,After_Lunch
473:00,0.9806138933764128,0.3125,0.3804347826086958,0.5578495586617028,0.4766934308491957,1.8017207886128166,Medium,0.4766934308491958,After_Lunch
473:30,0.9806138933764128,0.3125,0.3913043478260869,0.5614727470674999,0.4815847351970217,1.8153489231280824,Medium,0.48158473519702183,After_Lunch
474:00,0.9806138933764128,0.3125,0.4130434782608696,0.5687191238790942,0.4913673438926739,1.8429152196490388,Medium,0.491367343892674,After_Lunch
474:30,0.9806138933764128,0.125,0.423913043478261,0.5098423122848913,0.4306336482405,1.3868101316749704,Medium,0.4306336482405002,After_Lunch
475:00,0.9806138933764128,0.125,0.423913043478261,0.5098423122848913,0.4306336482405,1.3868101316749704,Medium,0.4306336482405002,After_Lunch
475:30,0.9806138933764128,0.125,0.4130434782608696,0.5062191238790942,0.42574234389267396,1.3763991110822826,Medium,0.4257423438926741,After_Lunch
476:00,0.9806138933764128,0.125,0.40217391304347827,0.5025959354732971,0.4208510395448478,1.3660662477998895,Medium,0.42085103954484804,After_Lunch
476:30,0.9806138933764128,0.125,0.3586956521739131,0.48810318185010865,0.40128582215354347,1.3255046988408752,Low,0.4012858221535437,After_Lunch
477:00,0.9806138933764128,0.125,0.34782608695652173,0.48447999344431153,0.39639451780571733,1.315553908606404,Low,0.3963945178057176,After_Lunch
477:30,0.9806138933764128,0.125,0.36956521739130443,0.49172637025590576,0.4061771265013696,1.3355307564023957,Low,0.40617712650136983,After_Lunch
478:00,0.9806138933764128,0.125,0.3804347826086958,0.4953495586617029,0.41106843084919564,1.345632650609622,Low,0.4110684308491959,After_Lunch
478:30,0.9806138933764128,0.46875,0.36956521739130443,0.6063097035892391,0.5264896265013695,1.7881949628317009,Medium,0.5264896265013695,After_Lunch
479:00,0.9806138933764128,0.46875,0.3804347826086958,0.6099328919950362,0.5313809308491957,1.8017207886128166,Medium,0.5313809308491957,After_Lunch
479:30,0.962843295638125,0.46875,0.3913043478260869,0.607632547821404,0.5327181156493641,1.8153489231280824,Medium,0.5327181156493641,After_Lunch
480:00,0.9806138933764128,0.46875,0.40217391304347827,0.6171792688066303,0.5411635395448479,1.829080140236134,Medium,0.5411635395448477,After_Lunch
480:30,0.962843295638125,0.46875,0.4130434782608696,0.6148789246329982,0.5425007243450164,1.8429152196490388,Medium,0.5425007243450164,After_Lunch
481:00,0.9806138933764128,0.46875,0.4347826086956521,0.6280488340240217,0.5558374525883261,1.8709001137708197,Medium,0.555837452588326,After_Lunch
481:30,0.9806138933764128,0.46875,0.44565217391304346,0.6316720224298188,0.5607287569361522,1.885051517571142,Medium,0.5607287569361521,After_Lunch
482:00,0.962843295638125,0.46875,0.46739130434782616,0.6329948666619837,0.5669572460841468,1.9136762565558132,Medium,0.5669572460841468,After_Lunch
482:30,0.962843295638125,0.46875,0.4782608695652175,0.6366180550677808,0.5718485504319729,1.9281512171644948,Medium,0.5718485504319729,After_Lunch
483:00,0.962843295638125,0.1875,0.48913043478260865,0.5464912434735779,0.4783023547797989,1.6303263766902494,Medium,0.4783023547797991,After_Lunch
483:30,0.962843295638125,0.1875,0.5,0.550114431879375,0.483193659127625,1.6426580916295146,Medium,0.48319365912762524,After_Lunch
484:00,0.962843295638125,0.1875,0.5108695652173914,0.5537376202851721,0.4880849634754511,1.6550830831025567,Medium,0.4880849634754513,After_Lunch
484:30,0.962843295638125,0.1875,0.5217391304347827,0.5573608086909693,0.4929762678232772,1.6676020566488567,Medium,0.4929762678232774,After_Lunch
485:00,0.962843295638125,0.1875,0.5326086956521738,0.5609839970967663,0.4978675721711032,1.680215723144564,Medium,0.49786757217110345,After_Lunch
485:30,0.962843295638125,0.1875,0.5434782608695652,0.5646071855025634,0.5027588765189294,1.6929247988428626,Medium,0.5027588765189295,After_Lunch
486:00,0.962843295638125,0.1875,0.5543478260869565,0.5682303739083605,0.5076501808667554,1.7057300054146443,Medium,0.5076501808667556,After_Lunch
486:30,0.962843295638125,0.1875,0.5652173913043479,0.5718535623141576,0.5125414852145815,1.7186320699894853,Medium,0.5125414852145818,After_Lunch
487:00,0.962843295638125,0.15625,0.5652173913043479,0.561436895647491,0.5016039852145815,1.6213321855414704,Medium,0.5016039852145817,After_Lunch
487:30,0.962843295638125,0.15625,0.5760869565217392,0.5650600840532881,0.5064952895624077,1.633595868825883,Medium,0.5064952895624079,After_Lunch
488:00,0.962843295638125,0.15625,0.5760869565217392,0.5650600840532881,0.5064952895624077,1.633595868825883,Medium,0.5064952895624079,After_Lunch
488:30,0.962843295638125,0.15625,0.5869565217391304,0.5686832724590851,0.5113865939102337,1.6459523140557135,Medium,0.5113865939102339,After_Lunch
489:00,0.962843295638125,0.15625,0.5978260869565217,0.5723064608648822,0.5162778982580598,1.6584022228781206,Medium,0.5162778982580599,After_Lunch
489:30,0.962843295638125,0.15625,0.6086956521739131,0.5759296492706794,0.5211692026058858,1.6709463022474884,Medium,0.5211692026058861,After_Lunch
490:00,0.962843295638125,0.15625,0.6086956521739131,0.5759296492706794,0.5211692026058858,1.6709463022474884,Medium,0.5211692026058861,After_Lunch
490:30,0.962843295638125,0.15625,0.6195652173913044,0.5795528376764765,0.526060506953712,1.6835852644655729,Medium,0.5260605069537122,After_Lunch
491:00,0.962843295638125,0.25,0.6304347826086956,0.6144260260822735,0.563764311301538,2.0204144255461176,Medium,0.5637643113015381,After_Lunch
491:30,0.962843295638125,0.25,0.6413043478260869,0.6180492144880706,0.5686556156493641,2.0356967488350253,Medium,0.5686556156493643,After_Lunch
492:00,0.962843295638125,0.25,0.6413043478260869,0.6180492144880706,0.5686556156493641,2.0356967488350253,Medium,0.5686556156493643,After_Lunch
492:30,0.962843295638125,0.25,0.6521739130434783,0.6216724028938677,0.5735469199971902,2.0510946669257484,Medium,0.5735469199971903,After_Lunch
493:00,0.962843295638125,0.25,0.6630434782608696,0.6252955912996648,0.5784382243450163,2.0666090541721376,Medium,0.5784382243450165,After_Lunch
493:30,0.962843295638125,0.25,0.673913043478261,0.628918779705462,0.5833295286928425,2.082240791541616,Medium,0.5833295286928426,After_Lunch
494:00,0.962843295638125,0.25,0.673913043478261,0.628918779705462,0.5833295286928425,2.082240791541616,Medium,0.5833295286928426,After_Lunch
494:30,0.962843295638125,0.25,0.6847826086956521,0.6325419681112591,0.5882208330406684,2.097990766665203,Medium,0.5882208330406685,After_Lunch
495:00,0.962843295638125,0.40625,0.7065217391304348,0.6918716782561866,0.6526909417363207,2.2587395724384276,High,0.6526909417363207,After_Lunch
495:30,0.962843295638125,0.40625,0.7173913043478262,0.6954948666619837,0.6575822460841467,2.2758245763539597,High,0.6575822460841467,After_Lunch
496:00,0.962843295638125,0.40625,0.7173913043478262,0.6954948666619837,0.6575822460841467,2.2758245763539597,High,0.6575822460841467,After_Lunch
496:30,0.962843295638125,0.40625,0.7173913043478262,0.6954948666619837,0.6575822460841467,2.2758245763539597,High,0.6575822460841467,After_Lunch
497:00,0.9806138933764128,0.40625,0.7282608695652175,0.7050415876472101,0.6660276699796305,2.2930388104659936,High,0.6660276699796305,After_Lunch
497:30,0.962843295638125,0.40625,0.7282608695652175,0.6991180550677809,0.6624735504319729,2.2930388104659936,High,0.6624735504319729,After_Lunch
498:00,0.962843295638125,0.40625,0.6956521739130435,0.6882484898503894,0.6477996373884946,2.2417828285662345,High,0.6477996373884946,After_Lunch
498:30,0.9806138933764128,0.40625,0.7065217391304348,0.6977952108356158,0.6562450612839783,2.2587395724384276,High,0.6562450612839782,After_Lunch
499:00,0.962843295638125,0.34375,0.7282608695652175,0.6782847217344475,0.6405985504319729,2.2930388104659936,High,0.6405985504319729,After_Lunch
499:30,0.962843295638125,0.34375,0.7391304347826086,0.6819079101402444,0.6454898547797989,2.310383252265889,High,0.6454898547797989,After_Lunch
500:00,0.9806138933764128,0.34375,0.75,0.6914546311254709,0.6539352786752826,2.3278588866387038,High,0.6539352786752826,After_Lunch
500:30,0.962843295638125,0.34375,0.7608695652173914,0.6891542869518389,0.6552724634754511,2.345466705919123,High,0.6552724634754511,After_Lunch
501:00,0.9806138933764128,0.34375,0.7717391304347827,0.6987010079370651,0.6637178873709348,2.363207709947807,High,0.6637178873709347,After_Lunch
501:30,0.962843295638125,0.34375,0.7826086956521738,0.6964006637634329,0.6650550721711033,2.381082906128164,High,0.6650550721711033,After_Lunch
502:00,0.9806138933764128,0.34375,0.7934782608695652,0.7059473847486594,0.6735004960665869,2.399093309483558,High,0.6735004960665869,After_Lunch
502:30,0.962843295638125,0.34375,0.8043478260869565,0.7036470405750271,0.6748376808667554,2.417239942714942,High,0.6748376808667554,After_Lunch
503:00,0.962843295638125,0.34375,0.8152173913043479,0.7072702289808243,0.6797289852145816,2.4355238362589335,High,0.6797289852145816,After_Lunch
503:30,0.962843295638125,0.0,0.8260869565217392,0.5963100840532881,0.5643077895624077,1.7292665389881963,Medium,0.5643077895624079,After_Lunch
504:00,0.962843295638125,0.0,0.8369565217391304,0.5999332724590851,0.5691990939102336,1.742346632837934,Medium,0.5691990939102339,After_Lunch
504:30,0.962843295638125,0.0,0.8478260869565217,0.6035564608648822,0.5740903982580599,1.7555256639256631,Medium,0.57409039825806,After_Lunch
505:00,0.962843295638125,0.0,0.8586956521739131,0.6071796492706794,0.5789817026058859,1.7688043806081746,Medium,0.5789817026058861,After_Lunch
505:30,0.962843295638125,0.0,0.8695652173913044,0.6108028376764765,0.583873006953712,1.782183536902796,Medium,0.5838730069537122,After_Lunch
506:00,0.962843295638125,0.0,0.8804347826086956,0.6144260260822735,0.588764311301538,1.795663892530209,Medium,0.5887643113015383,After_Lunch
506:30,0.962843295638125,0.0,0.8913043478260869,0.6180492144880706,0.5936556156493642,1.8092462129575873,Medium,0.5936556156493643,After_Lunch
507:00,0.962843295638125,0.0,0.9021739130434783,0.6216724028938677,0.5985469199971902,1.8229312694420639,Medium,0.5985469199971905,After_Lunch
507:30,0.962843295638125,0.28125,0.9021739130434783,0.7154224028938678,0.6969844199971902,2.585633270297868,High,0.6969844199971903,After_Lunch
508:00,0.962843295638125,0.28125,0.9130434782608696,0.7190455912996648,0.7018757243450163,2.605190883351718,High,0.7018757243450164,After_Lunch
508:30,0.962843295638125,0.28125,0.923913043478261,0.722668779705462,0.7067670286928425,2.624896429305704,High,0.7067670286928425,After_Lunch
509:00,0.962843295638125,0.28125,0.9347826086956521,0.7262919681112591,0.7116583330406684,2.644751027117588,High,0.7116583330406685,After_Lunch
509:30,0.962843295638125,0.28125,0.9347826086956521,0.7262919681112591,0.7116583330406684,2.644751027117588,High,0.7116583330406685,After_Lunch
510:00,0.962843295638125,0.28125,0.9456521739130435,0.7299151565170562,0.7165496373884945,2.6647558042088804,High,0.7165496373884946,After_Lunch
510:30,0.962843295638125,0.28125,0.9565217391304348,0.7335383449228532,0.7214409417363207,2.6849118965288534,High,0.7214409417363207,After_Lunch
511:00,0.962843295638125,0.28125,0.9565217391304348,0.7335383449228532,0.7214409417363207,2.6849118965288534,High,0.7214409417363207,After_Lunch
511:30,0.962843295638125,0.4375,0.9565217391304348,0.7856216782561866,0.7761284417363207,2.686188435963742,High,0.7761284417363206,After_Lunch
512:00,0.962843295638125,0.4375,0.9456521739130435,0.7819984898503894,0.7712371373884945,2.666022760444137,High,0.7712371373884945,After_Lunch
512:30,0.962843295638125,0.4375,0.9347826086956521,0.7783753014445924,0.7663458330406684,2.646008472095929,High,0.7663458330406685,After_Lunch
513:00,0.962843295638125,0.4375,0.923913043478261,0.7747521130387952,0.7614545286928425,2.62614443442976,High,0.7614545286928425,After_Lunch
513:30,0.962843295638125,0.4375,0.923913043478261,0.7747521130387952,0.7614545286928425,2.62614443442976,High,0.7614545286928425,After_Lunch
514:00,0.962843295638125,0.4375,0.923913043478261,0.7747521130387952,0.7614545286928425,2.62614443442976,High,0.7614545286928425,After_Lunch
514:30,0.962843295638125,0.4375,0.923913043478261,0.7747521130387952,0.7614545286928425,2.62614443442976,High,0.7614545286928425,After_Lunch
515:00,0.962843295638125,0.4375,0.9347826086956521,0.7783753014445924,0.7663458330406684,2.646008472095929,High,0.7663458330406685,After_Lunch
515:30,0.962843295638125,0.4375,0.9456521739130435,0.7819984898503894,0.7712371373884945,2.666022760444137,High,0.7712371373884945,After_Lunch
516:00,0.962843295638125,0.25,0.9456521739130435,0.7194984898503894,0.7056121373884946,2.513891383394664,High,0.7056121373884946,After_Lunch
516:30,0.962843295638125,0.25,0.9456521739130435,0.7194984898503894,0.7056121373884946,2.513891383394664,High,0.7056121373884946,After_Lunch
517:00,0.962843295638125,0.25,0.9565217391304348,0.7231216782561866,0.7105034417363206,2.5329063440623756,High,0.7105034417363207,After_Lunch
517:30,0.962843295638125,0.25,0.9456521739130435,0.7194984898503894,0.7056121373884946,2.513891383394664,High,0.7056121373884946,After_Lunch
518:00,0.962843295638125,0.25,0.9565217391304348,0.7231216782561866,0.7105034417363206,2.5329063440623756,High,0.7105034417363207,After_Lunch
518:30,0.962843295638125,0.25,0.9673913043478262,0.7267448666619837,0.7153947460841468,2.55206513303213,High,0.7153947460841469,After_Lunch
519:00,0.962843295638125,0.25,0.9782608695652175,0.7303680550677809,0.7202860504319729,2.5631683898539146,High,0.7202860504319729,After_Lunch
519:30,0.962843295638125,0.25,0.9891304347826086,0.7339912434735778,0.7251773547797989,2.5631683898539146,High,0.7251773547797989,After_Lunch
520:00,0.962843295638125,0.34375,0.9782608695652175,0.7616180550677809,0.7530985504319729,2.718281828459045,High,0.7530985504319729,After_Lunch
520:30,0.962843295638125,0.34375,0.9782608695652175,0.7616180550677809,0.7530985504319729,2.718281828459045,High,0.7530985504319729,After_Lunch
521:00,0.962843295638125,0.34375,0.9891304347826086,0.7652412434735778,0.757989854779799,2.718281828459045,High,0.757989854779799,After_Lunch
521:30,0.9806138933764128,0.34375,1.0,0.7747879644588043,0.7664352786752826,2.718281828459045,High,0.7664352786752825,After_Lunch
522:00,0.962843295638125,0.34375,0.9782608695652175,0.7616180550677809,0.7530985504319729,2.718281828459045,High,0.7530985504319729,After_Lunch
522:30,0.962843295638125,0.34375,0.9456521739130435,0.7507484898503894,0.7384246373884946,2.666022760444137,High,0.7384246373884946,After_Lunch
523:00,0.962843295638125,0.34375,0.9456521739130435,0.7507484898503894,0.7384246373884946,2.666022760444137,High,0.7384246373884946,After_Lunch
523:30,0.962843295638125,0.34375,0.9565217391304348,0.7543716782561866,0.7433159417363207,2.686188435963742,High,0.7433159417363207,After_Lunch
524:00,0.9806138933764128,0.15625,0.9565217391304348,0.6977952108356158,0.6812450612839782,2.1266029372998023,Medium,0.6812450612839783,After_Lunch
524:30,0.9806138933764128,0.15625,0.9130434782608696,0.6833024572124274,0.6616798438926739,2.063459360407691,Medium,0.661679843892674,After_Lunch
525:00,0.9806138933764128,0.15625,0.8804347826086956,0.6724328919950361,0.6470059308491956,2.0173351364542147,Medium,0.6470059308491957,After_Lunch
525:30,0.9806138933764128,0.15625,0.8913043478260869,0.6760560804008332,0.6518972351970217,2.0325941681397723,Medium,0.6518972351970218,After_Lunch
526:00,0.9806138933764128,0.15625,0.9021739130434783,0.6796792688066304,0.6567885395448478,2.0479686184505117,Medium,0.6567885395448478,After_Lunch
526:30,0.9806138933764128,0.15625,0.9130434782608696,0.6833024572124274,0.6616798438926739,2.063459360407691,Medium,0.661679843892674,After_Lunch
527:00,0.9806138933764128,0.15625,0.9130434782608696,0.6833024572124274,0.6616798438926739,2.063459360407691,Medium,0.661679843892674,After_Lunch
527:30,0.9806138933764128,0.15625,0.923913043478261,0.6869256456182246,0.6665711482405,2.079067273636062,Medium,0.6665711482405001,After_Lunch
528:00,0.9806138933764128,0.25,0.923913043478261,0.7181756456182246,0.6993836482405,2.4762886360966463,High,0.6993836482405,After_Lunch
528:30,0.9806138933764128,0.25,0.9347826086956521,0.7217988340240217,0.7042749525883261,2.4950191712853598,High,0.7042749525883261,After_Lunch
529:00,0.9806138933764128,0.25,0.9456521739130435,0.7254220224298188,0.7091662569361522,2.513891383394664,High,0.7091662569361521,After_Lunch
529:30,0.9806138933764128,0.25,0.9456521739130435,0.7254220224298188,0.7091662569361522,2.513891383394664,High,0.7091662569361521,After_Lunch
530:00,0.9806138933764128,0.25,0.9565217391304348,0.7290452108356158,0.7140575612839782,2.5329063440623756,High,0.7140575612839782,After_Lunch
530:30,0.9806138933764128,0.25,0.9673913043478262,0.732668399241413,0.7189488656318044,2.55206513303213,High,0.7189488656318044,After_Lunch
531:00,0.9806138933764128,0.25,0.9673913043478262,0.732668399241413,0.7189488656318044,2.55206513303213,High,0.7189488656318044,After_Lunch
531:30,0.9806138933764128,0.25,0.9782608695652175,0.7362915876472101,0.7238401699796305,2.5631683898539146,High,0.7238401699796304,After_Lunch
532:00,1.0,0.25,0.9782608695652175,0.7427536231884059,0.727717391304348,2.5631683898539146,High,0.7277173913043479,After_Lunch
532:30,0.9806138933764128,0.21875,0.9782608695652175,0.7258749209805435,0.7129026699796305,2.4180553127104654,High,0.7129026699796305,After_Lunch
533:00,1.0,0.21875,0.9782608695652175,0.7323369565217392,0.7167798913043479,2.4180553127104654,High,0.7167798913043479,After_Lunch
533:30,1.0,0.21875,0.9782608695652175,0.7323369565217392,0.7167798913043479,2.4180553127104654,High,0.7167798913043479,After_Lunch
534:00,0.0,0.0,1.0,0.3333333333333333,0.45,1.568312185490169,Medium,0.4499999999999998,Stress_Induced
534:30,0.0,0.0,0.8636363636363638,0.2878787878787879,0.3886363636363637,1.4531433687273525,Medium,0.38863636363636356,Stress_Induced
535:00,0.26666666666667993,0.0,0.7363636363636363,0.3343434343434388,0.38469696969697237,1.3357002149582213,Low,0.38469696969697215,Stress_Induced
535:30,0.26666666666667993,0.0,0.6545454545454545,0.3070707070707115,0.34787878787879056,1.2620456805425886,Low,0.3478787878787904,Stress_Induced
536:00,0.26666666666667993,0.0,0.5818181818181818,0.28282828282828726,0.31515151515151785,1.1999917382028227,Low,0.3151515151515177,Stress_Induced
536:30,0.26666666666667993,0.0,0.49090909090909096,0.252525252525257,0.27424242424242695,1.126697245409129,Low,0.27424242424242684,Stress_Induced
537:00,0.26666666666667993,0.0,0.49090909090909096,0.252525252525257,0.27424242424242695,1.126697245409129,Low,0.27424242424242684,Stress_Induced
537:30,0.26666666666667993,0.28125,0.47272727272727266,0.3402146464646509,0.36449810606060873,1.5780823430106976,Medium,0.3644981060606088,Stress_Induced
538:00,0.26666666666667993,0.28125,0.47272727272727266,0.3402146464646509,0.36449810606060873,1.5780823430106976,Medium,0.3644981060606088,Stress_Induced
538:30,0.26666666666667993,0.28125,0.5,0.34930555555556,0.376770833333336,1.6082033691639401,Medium,0.37677083333333605,Stress_Induced
539:00,0.26666666666667993,0.28125,0.4636363636363636,0.33718434343434783,0.36040719696969964,1.568167894682382,Medium,0.3604071969696997,Stress_Induced
539:30,0.26666666666667993,0.28125,0.4181818181818182,0.3220328282828327,0.3399526515151542,1.519522189753389,Medium,0.3399526515151543,Stress_Induced
540:00,0.26666666666667993,0.28125,0.3363636363636364,0.29476010101010547,0.3031344696969724,1.4357311577784415,Medium,0.30313446969697255,Stress_Induced
540:30,0.26666666666667993,0.28125,0.3090909090909091,0.2856691919191963,0.2908617424242451,1.4240216662003589,Medium,0.29086174242424523,Stress_Induced
541:00,0.26666666666667993,0.28125,0.34545454545454546,0.29779040404040846,0.3072253787878815,1.4448082995981508,Medium,0.3072253787878816,Stress_Induced
541:30,0.51111111111112,0.28125,0.34545454545454546,0.37927188552188845,0.35611426767676946,1.5892681839896794,Medium,0.3561142676767695,Stress_Induced
542:00,0.51111111111112,0.28125,0.3727272727272728,0.3883627946127976,0.3683869949494967,1.6196027154838606,Medium,0.36838699494949684,Stress_Induced
542:30,0.51111111111112,0.28125,0.4181818181818182,0.40351430976431274,0.3888415404040422,1.671452380023745,Medium,0.38884154040404223,Stress_Induced
543:00,0.51111111111112,0.46875,0.42727272727272725,0.46904461279461573,0.45855744949495125,1.6828195403195987,Medium,0.4585574494949513,Stress_Induced
543:30,0.26666666666667993,0.46875,0.4363636363636365,0.3905934343434388,0.4137594696969724,1.53952833725339,Medium,0.4137594696969726,Stress_Induced
544:00,0.51111111111112,0.46875,0.4363636363636365,0.47207491582491884,0.4626483585858604,1.6934588522421006,Medium,0.46264835858586045,Stress_Induced
544:30,0.51111111111112,0.46875,0.42727272727272725,0.46904461279461573,0.45855744949495125,1.6828195403195987,Medium,0.4585574494949513,Stress_Induced
545:00,0.51111111111112,0.46875,0.4545454545454546,0.47813552188552483,0.4708301767676786,1.7149396965393624,Medium,0.47083017676767863,Stress_Induced
545:30,0.51111111111112,0.46875,0.5,0.49328703703703997,0.49128472222222397,1.7698414617201723,Medium,0.491284722222224,Stress_Induced
546:00,0.26666666666667993,0.46875,0.509090909090909,0.41483585858586297,0.4464867424242451,1.6191403875941983,Medium,0.4464867424242452,Stress_Induced
546:30,0.26666666666667993,0.46875,0.509090909090909,0.41483585858586297,0.4464867424242451,1.6191403875941983,Medium,0.4464867424242452,Stress_Induced
547:00,0.26666666666667993,0.46875,0.5181818181818183,0.4178661616161661,0.4505776515151543,1.6293770999790946,Medium,0.4505776515151544,Stress_Induced
547:30,0.26666666666667993,0.90625,0.5272727272727273,0.5667297979798024,0.6077935606060633,1.639678532064181,Medium,0.6077935606060636,Stress_Induced
548:00,0.51111111111112,0.90625,0.5636363636363637,0.6603324915824945,0.6730460858585876,1.849669270367362,High,0.6730460858585878,Stress_Induced
548:30,0.51111111111112,0.90625,0.5636363636363637,0.6603324915824945,0.6730460858585876,1.849669270367362,High,0.6730460858585878,Stress_Induced
549:00,0.26666666666667993,0.90625,0.5545454545454547,0.5758207070707115,0.6200662878787906,1.6709752512537452,Medium,0.620066287878791,Stress_Induced
549:30,0.51111111111112,0.90625,0.5727272727272728,0.6633627946127976,0.6771369949494968,1.8613634585137435,High,0.677136994949497,Stress_Induced
550:00,0.26666666666667993,0.90625,0.5909090909090908,0.5879419191919236,0.6364299242424268,1.71363540725983,Medium,0.6364299242424272,Stress_Induced
550:30,0.51111111111112,0.90625,0.5818181818181818,0.6663930976431006,0.6812279040404058,1.8731315809783264,High,0.6812279040404059,Stress_Induced
551:00,0.51111111111112,0.90625,0.5727272727272728,0.6633627946127976,0.6771369949494968,1.8613634585137435,High,0.677136994949497,Stress_Induced
551:30,0.51111111111112,1.0,0.5909090909090908,0.7006734006734036,0.7181313131313148,1.8849741051970148,High,0.7181313131313152,Stress_Induced
552:00,0.26666666666667993,1.0,0.6090909090909091,0.6252525252525297,0.677424242424245,1.7353721830408817,Medium,0.6774242424242454,Stress_Induced
552:30,0.26666666666667993,1.0,0.6000000000000001,0.6222222222222267,0.6733333333333361,1.7244695467397047,Medium,0.6733333333333364,Stress_Induced
553:00,0.26666666666667993,1.0,0.6090909090909091,0.6252525252525297,0.677424242424245,1.7353721830408817,Medium,0.6774242424242454,Stress_Induced
553:30,0.26666666666667993,1.0,0.6090909090909091,0.6252525252525297,0.677424242424245,1.7353721830408817,Medium,0.6774242424242454,Stress_Induced
554:00,0.26666666666667993,1.0,0.5818181818181818,0.6161616161616206,0.6651515151515178,1.7028693342636414,Medium,0.6651515151515182,Stress_Induced
554:30,0.26666666666667993,1.0,0.5818181818181818,0.6161616161616206,0.6651515151515178,1.7028693342636414,Medium,0.6651515151515182,Stress_Induced
555:00,0.26666666666667993,1.0,0.6090909090909091,0.6252525252525297,0.677424242424245,1.7353721830408817,Medium,0.6774242424242454,Stress_Induced
555:30,0.26666666666667993,1.0,0.6363636363636365,0.6343434343434388,0.6896969696969725,1.7684954171626577,Medium,0.6896969696969728,Stress_Induced
556:00,0.26666666666667993,1.0,0.6272727272727272,0.6313131313131357,0.6856060606060632,1.7573846810784608,Medium,0.6856060606060637,Stress_Induced
556:30,0.26666666666667993,1.0,0.6181818181818182,0.6282828282828327,0.6815151515151542,1.7463437492217082,Medium,0.6815151515151545,Stress_Induced
557:00,0.26666666666667993,1.0,0.6454545454545455,0.6373737373737418,0.6937878787878814,1.779676398798475,High,0.6937878787878817,Stress_Induced
557:30,0.26666666666667993,0.21875,0.6545454545454545,0.3799873737373782,0.42444128787879054,1.5931251459099873,Medium,0.4244412878787905,Stress_Induced
558:00,0.26666666666667993,0.21875,0.6363636363636365,0.37392676767677213,0.4162594696969724,1.5731701158442644,Medium,0.41625946969697236,Stress_Induced
558:30,0.26666666666667993,0.21875,0.6272727272727272,0.370896464646469,0.4121685606060632,1.563286529037614,Medium,0.4121685606060632,Stress_Induced
559:00,0.26666666666667993,0.21875,0.6454545454545455,0.3769570707070751,0.42035037878788145,1.583116189780657,Medium,0.42035037878788145,Stress_Induced
559:30,0.26666666666667993,0.21875,0.6272727272727272,0.370896464646469,0.4121685606060632,1.563286529037614,Medium,0.4121685606060632,Stress_Induced
560:00,0.26666666666667993,0.21875,0.6181818181818182,0.36786616161616603,0.4080776515151542,1.553465036779532,Medium,0.4080776515151541,Stress_Induced
560:30,0.51111111111112,0.21875,0.6090909090909091,0.446317340067343,0.4528756313131331,1.6980533945609546,Medium,0.45287563131313296,Stress_Induced
561:00,0.26666666666667993,0.21875,0.6181818181818182,0.36786616161616603,0.4080776515151542,1.553465036779532,Medium,0.4080776515151541,Stress_Induced
561:30,0.51111111111112,0.21875,0.6181818181818182,0.449347643097646,0.45696654040404217,1.7087890196787647,Medium,0.456966540404042,Stress_Induced
562:00,0.26666666666667993,0.21875,0.6181818181818182,0.36786616161616603,0.4080776515151542,1.553465036779532,Medium,0.4080776515151541,Stress_Induced
562:30,0.51111111111112,0.21875,0.6272727272727272,0.45237794612794907,0.4610574494949512,1.7195925187792418,Medium,0.46105744949495114,Stress_Induced
563:00,0.51111111111112,0.21875,0.6181818181818182,0.449347643097646,0.45696654040404217,1.7087890196787647,Medium,0.456966540404042,Stress_Induced
563:30,0.51111111111112,0.21875,0.6181818181818182,0.449347643097646,0.45696654040404217,1.7087890196787647,Medium,0.456966540404042,Stress_Induced
564:00,0.51111111111112,0.09375,0.6363636363636365,0.4137415824915855,0.4213983585858604,1.3708433560516982,Low,0.4213983585858602,Stress_Induced
564:30,0.51111111111112,0.09375,0.6636363636363636,0.42283249158249453,0.4336710858585876,1.3970087895365284,Low,0.43367108585858744,Stress_Induced
565:00,0.51111111111112,0.09375,0.6545454545454545,0.4198021885521915,0.42958017676767857,1.388231952561318,Low,0.4295801767676783,Stress_Induced
565:30,0.51111111111112,0.09375,0.6363636363636365,0.4137415824915855,0.4213983585858604,1.3708433560516982,Low,0.4213983585858602,Stress_Induced
566:00,0.51111111111112,0.09375,0.6363636363636365,0.4137415824915855,0.4213983585858604,1.3708433560516982,Low,0.4213983585858602,Stress_Induced
566:30,0.51111111111112,0.09375,0.6181818181818182,0.4076809764309794,0.4132165404040422,1.3536725641301486,Low,0.41321654040404193,Stress_Induced
567:00,0.75555555555556,0.09375,0.5545454545454547,0.4679503367003382,0.4334690656565666,1.424757237825917,Medium,0.43346906565656634,Stress_Induced
567:30,0.51111111111112,0.09375,0.5,0.36828703703703997,0.360034722222224,1.2471861987645638,Low,0.3600347222222238,Stress_Induced
568:00,0.75555555555556,0.09375,0.5,0.44976851851852,0.408923611111112,1.3718867380252737,Low,0.4089236111111118,Stress_Induced
568:30,0.75555555555556,0.09375,0.5272727272727273,0.4588594276094291,0.4211963383838393,1.3980720866532228,Low,0.42119633838383913,Stress_Induced
569:00,0.75555555555556,0.09375,0.5,0.44976851851852,0.408923611111112,1.3718867380252737,Low,0.4089236111111118,Stress_Induced
569:30,0.75555555555556,0.09375,0.4545454545454546,0.4346170033670049,0.3884690656565666,1.3293298168688863,Low,0.3884690656565664,Stress_Induced
570:00,0.75555555555556,0.1875,0.4818181818181819,0.47495791245791397,0.4335542929292938,1.6132733642622707,Medium,0.43355429292929376,Stress_Induced
570:30,0.75555555555556,0.1875,0.5181818181818183,0.4870791245791261,0.4499179292929302,1.6544603856428999,Medium,0.4499179292929301,Stress_Induced
571:00,0.75555555555556,0.1875,0.5454545454545454,0.49617003367003515,0.4621906565656574,1.6860392476497954,Medium,0.4621906565656572,Stress_Induced
571:30,0.75555555555556,0.1875,0.5454545454545454,0.49617003367003515,0.4621906565656574,1.6860392476497954,Medium,0.4621906565656572,Stress_Induced
572:00,0.75555555555556,0.1875,0.509090909090909,0.484048821548823,0.44582702020202103,1.6440660851950488,Medium,0.44582702020202086,Stress_Induced
572:30,0.75555555555556,0.1875,0.509090909090909,0.484048821548823,0.44582702020202103,1.6440660851950488,Medium,0.44582702020202086,Stress_Induced
573:00,0.75555555555556,0.1875,0.5363636363636364,0.4931397306397321,0.45809974747474835,1.6754465500796265,Medium,0.4580997474747482,Stress_Induced
573:30,0.75555555555556,0.1875,0.5,0.48101851851852,0.441736111111112,1.6337370879014697,Medium,0.44173611111111183,Stress_Induced
574:00,0.75555555555556,0.1875,0.4545454545454546,0.4658670033670049,0.4212815656565665,1.583057379064742,Medium,0.42128156565656644,Stress_Induced
574:30,0.75555555555556,0.1875,0.4363636363636365,0.45980639730639883,0.4130997474747484,1.5632284549679112,Medium,0.41309974747474826,Stress_Induced
575:00,0.75555555555556,0.1875,0.4181818181818182,0.45374579124579273,0.40491792929293013,1.5436479023047616,Medium,0.4049179292929301,Stress_Induced
575:30,0.75555555555556,0.28125,0.42727272727272725,0.4880260942760957,0.4418213383838393,1.8501974232668228,High,0.44182133838383914,Stress_Induced
576:00,0.75555555555556,0.28125,0.40000000000000013,0.4789351851851867,0.4295486111111121,1.8155439422186805,High,0.42954861111111203,Stress_Induced
576:30,0.75555555555556,0.28125,0.3363636363636364,0.45772306397306545,0.4009122474747484,1.737188910466862,Medium,0.40091224747474835,Stress_Induced
577:00,0.75555555555556,0.28125,0.3363636363636364,0.45772306397306545,0.4009122474747484,1.737188910466862,Medium,0.40091224747474835,Stress_Induced
577:30,0.75555555555556,0.28125,0.38181818181818183,0.4728745791245806,0.4213667929292938,1.7928029579051592,High,0.42136679292929374,Stress_Induced
578:00,0.75555555555556,0.28125,0.3545454545454545,0.4637836700336715,0.4090940656565665,1.759224452961008,Medium,0.40909406565656653,Stress_Induced
578:30,0.75555555555556,0.28125,0.28181818181818197,0.4395412457912473,0.37636679292929387,1.7230207991136717,Medium,0.3763667929292939,Stress_Induced
579:00,0.75555555555556,0.28125,0.30000000000000004,0.44560185185185336,0.38454861111111205,1.7230207991136717,Medium,0.384548611111112,Stress_Induced
579:30,0.75555555555556,0.28125,0.34545454545454546,0.4607533670033685,0.40500315656565744,1.7481719625671825,Medium,0.4050031565656574,Stress_Induced
580:00,0.75555555555556,0.28125,0.36363636363636376,0.4668139730639746,0.41318497474747573,1.770346820658967,Medium,0.4131849747474757,Stress_Induced
580:30,0.75555555555556,0.5625,0.34545454545454546,0.5545033670033684,0.5034406565656574,1.7490031296725421,Medium,0.5034406565656575,Stress_Induced
581:00,0.75555555555556,0.5625,0.3272727272727274,0.5484427609427625,0.49525883838383933,1.7270956165513909,Medium,0.4952588383838395,Stress_Induced
581:30,0.75555555555556,0.5625,0.290909090909091,0.5363215488215504,0.47889520202020297,1.7238400081164122,Medium,0.47889520202020314,Stress_Induced
582:00,0.75555555555556,0.5625,0.2272727272727273,0.5151094276094291,0.4502588383838393,1.7238400081164122,Medium,0.45025883838383945,Stress_Induced
582:30,0.75555555555556,0.5625,0.23636363636363633,0.5181397306397321,0.4543497474747483,1.7238400081164122,Medium,0.4543497474747485,Stress_Induced
583:00,0.75555555555556,0.5625,0.2272727272727273,0.5151094276094291,0.4502588383838393,1.7238400081164122,Medium,0.45025883838383945,Stress_Induced
583:30,0.75555555555556,0.5625,0.20909090909090922,0.509048821548823,0.4420770202020211,1.7238400081164122,Medium,0.4420770202020213,Stress_Induced
584:00,0.75555555555556,0.5625,0.19999999999999996,0.50601851851852,0.43798611111111196,1.7238400081164122,Medium,0.43798611111111213,Stress_Induced
584:30,0.75555555555556,0.5625,0.20909090909090922,0.509048821548823,0.4420770202020211,1.7238400081164122,Medium,0.4420770202020213,Stress_Induced
585:00,0.75555555555556,0.78125,0.21818181818181825,0.5849957912457927,0.5227304292929302,1.7238400081164122,Medium,0.5227304292929305,Stress_Induced
585:30,0.75555555555556,0.78125,0.21818181818181825,0.5849957912457927,0.5227304292929302,1.7238400081164122,Medium,0.5227304292929305,Stress_Induced
586:00,0.75555555555556,0.78125,0.2454545454545456,0.5940867003367019,0.5350031565656576,1.7238400081164122,Medium,0.5350031565656579,Stress_Induced
586:30,0.75555555555556,0.78125,0.2727272727272727,0.6031776094276109,0.5472758838383848,1.7238400081164122,Medium,0.5472758838383849,Stress_Induced
587:00,0.75555555555556,0.78125,0.2727272727272727,0.6031776094276109,0.5472758838383848,1.7238400081164122,Medium,0.5472758838383849,Stress_Induced
587:30,0.75555555555556,0.78125,0.290909090909091,0.609238215488217,0.555457702020203,1.7238400081164122,Medium,0.5554577020202032,Stress_Induced
588:00,0.75555555555556,0.78125,0.3090909090909091,0.615298821548823,0.5636395202020211,1.7238400081164122,Medium,0.5636395202020212,Stress_Induced
588:30,0.75555555555556,0.78125,0.3181818181818181,0.618329124579126,0.5677304292929302,1.7238400081164122,Medium,0.5677304292929304,Stress_Induced
589:00,0.75555555555556,0.78125,0.2727272727272727,0.6031776094276109,0.5472758838383848,1.7238400081164122,Medium,0.5472758838383849,Stress_Induced
589:30,0.75555555555556,0.78125,0.26363636363636367,0.6001473063973078,0.5431849747474756,1.7238400081164122,Medium,0.543184974747476,Stress_Induced
590:00,0.75555555555556,0.78125,0.30000000000000004,0.61226851851852,0.559548611111112,1.7238400081164122,Medium,0.5595486111111123,Stress_Induced
590:30,0.75555555555556,0.40625,0.3272727272727274,0.49635942760942914,0.44057133838383933,1.7270956165513909,Medium,0.4405713383838394,Stress_Induced
591:00,0.75555555555556,0.40625,0.3272727272727274,0.49635942760942914,0.44057133838383933,1.7270956165513909,Medium,0.4405713383838394,Stress_Induced
591:30,0.75555555555556,0.40625,0.3363636363636364,0.49938973063973213,0.44466224747474836,1.7380148556879804,Medium,0.4446622474747484,Stress_Induced
592:00,0.75555555555556,0.40625,0.3545454545454545,0.5054503367003381,0.45284406565656654,1.7600608749649955,Medium,0.4528440656565666,Stress_Induced
592:30,0.75555555555556,0.40625,0.3727272727272728,0.5115109427609442,0.4610258838383847,1.782386539127883,High,0.4610258838383848,Stress_Induced
593:00,0.75555555555556,0.40625,0.3272727272727274,0.49635942760942914,0.44057133838383933,1.7270956165513909,Medium,0.4405713383838394,Stress_Induced
593:30,0.75555555555556,0.40625,0.3272727272727274,0.49635942760942914,0.44057133838383933,1.7270956165513909,Medium,0.4405713383838394,Stress_Induced
594:00,0.75555555555556,0.40625,0.36363636363636376,0.5084806397306413,0.4569349747474757,1.7711885307846968,Medium,0.45693497474747574,Stress_Induced
594:30,0.75555555555556,0.40625,0.3727272727272728,0.5115109427609442,0.4610258838383847,1.782386539127883,High,0.4610258838383848,Stress_Induced
595:00,0.75555555555556,0.40625,0.38181818181818183,0.5145412457912473,0.46511679292929387,1.7936553447852313,High,0.4651167929292938,Stress_Induced
595:30,0.75555555555556,0.40625,0.40909090909090917,0.5236321548821564,0.4773895202020211,1.8278910358373888,High,0.47738952020202113,Stress_Induced
596:00,0.51111111111112,0.40625,0.4181818181818182,0.44518097643097937,0.4325915404040422,1.6722470708586277,Medium,0.4325915404040422,Stress_Induced
596:30,0.75555555555556,0.25,0.4363636363636365,0.48063973063973214,0.4349747474747484,1.7564842773243692,Medium,0.43497474747474835,Stress_Induced
597:00,0.51111111111112,0.25,0.44545454545454555,0.40218855218855515,0.39017676767676945,1.6069205604585135,Medium,0.3901767676767695,Stress_Induced
597:30,0.75555555555556,0.25,0.4363636363636365,0.48063973063973214,0.4349747474747484,1.7564842773243692,Medium,0.43497474747474835,Stress_Induced
598:00,0.51111111111112,0.25,0.44545454545454555,0.40218855218855515,0.39017676767676945,1.6069205604585135,Medium,0.3901767676767695,Stress_Induced
598:30,0.75555555555556,0.25,0.47272727272727266,0.49276094276094423,0.45133838383838465,1.801327486843284,High,0.4513383838383846,Stress_Induced
599:00,0.75555555555556,0.25,0.4545454545454546,0.4867003367003382,0.4431565656565666,1.778764573784976,High,0.4431565656565664,Stress_Induced
599:30,0.51111111111112,0.25,0.4545454545454546,0.4052188552188582,0.39426767676767854,1.6170800152709721,Medium,0.39426767676767854,Stress_Induced
600:00,0.75555555555556,0.25,0.47272727272727266,0.49276094276094423,0.45133838383838465,1.801327486843284,High,0.4513383838383846,Stress_Induced
600:30,0.51111111111112,0.25,0.47272727272727266,0.4112794612794642,0.40244949494949667,1.6375920247468796,Medium,0.4024494949494966,Stress_Induced
601:00,0.75555555555556,0.25,0.49090909090909096,0.49882154882155033,0.45952020202020294,1.8241766013771437,High,0.4595202020202028,Stress_Induced
601:30,0.75555555555556,0.25,0.40909090909090917,0.47154882154882305,0.4227020202020211,1.7235860071991476,Medium,0.422702020202021,Stress_Induced
602:00,0.75555555555556,0.28125,0.34545454545454546,0.4607533670033685,0.40500315656565744,1.7481719625671825,Medium,0.4050031565656574,Stress_Induced
602:30,0.51111111111112,0.28125,0.3545454545454545,0.3823021885521915,0.3602051767676785,1.5993160349522149,Medium,0.36020517676767855,Stress_Induced
603:00,0.51111111111112,0.28125,0.3545454545454545,0.3823021885521915,0.3602051767676785,1.5993160349522149,Medium,0.36020517676767855,Stress_Induced
603:30,0.75555555555556,0.28125,0.38181818181818183,0.4728745791245806,0.4213667929292938,1.7928029579051592,High,0.42136679292929374,Stress_Induced
604:00,0.51111111111112,0.28125,0.40909090909090917,0.4004840067340097,0.38475063131313314,1.6609513257990522,Medium,0.3847506313131331,Stress_Induced
604:30,0.51111111111112,0.28125,0.42727272727272725,0.40654461279461573,0.39293244949495126,1.6820198252004888,Medium,0.39293244949495126,Stress_Induced
605:00,0.75555555555556,0.28125,0.4363636363636365,0.49105639730639883,0.44591224747474845,1.8618949505611675,High,0.4459122474747484,Stress_Induced
605:30,0.51111111111112,0.28125,0.4545454545454546,0.41563552188552483,0.40520517676767853,1.7141247171723981,Medium,0.4052051767676786,Stress_Induced
606:00,0.75555555555556,0.28125,0.4818181818181819,0.506207912457914,0.46636679292929384,1.9215013143145523,High,0.4663667929292938,Stress_Induced
606:30,0.75555555555556,0.28125,0.49090909090909096,0.509238215488217,0.470457702020203,1.9336496471290185,High,0.4704577020202028,Stress_Induced
607:00,0.51111111111112,0.28125,0.4818181818181819,0.424726430976434,0.41747790404040586,1.7468423986448152,Medium,0.4174779040404058,Stress_Induced
607:30,0.51111111111112,0.28125,0.4818181818181819,0.424726430976434,0.41747790404040586,1.7468423986448152,Medium,0.4174779040404058,Stress_Induced
608:00,0.51111111111112,0.28125,0.4818181818181819,0.424726430976434,0.41747790404040586,1.7468423986448152,Medium,0.4174779040404058,Stress_Induced
608:30,0.75555555555556,0.125,0.49090909090909096,0.45715488215488365,0.415770202020203,1.4448516257302506,Medium,0.4157702020202027,Stress_Induced
609:00,0.75555555555556,0.125,0.49090909090909096,0.45715488215488365,0.415770202020203,1.4448516257302506,Medium,0.4157702020202027,Stress_Induced
609:30,0.51111111111112,0.125,0.4545454545454546,0.3635521885521915,0.35051767676767853,1.2808193500762426,Low,0.3505176767676785,Stress_Induced
610:00,0.51111111111112,0.125,0.4636363636363636,0.3665824915824945,0.3546085858585876,1.2889170909541794,Low,0.3546085858585875,Stress_Induced
610:30,0.75555555555556,0.125,0.509090909090909,0.4632154882154897,0.42395202020202105,1.4631789873687486,Medium,0.4239520202020209,Stress_Induced
611:00,0.75555555555556,0.125,0.5272727272727273,0.4692760942760958,0.43213383838383934,1.4817388242169134,Medium,0.43213383838383906,Stress_Induced
611:30,0.75555555555556,0.125,0.5181818181818183,0.46624579124579274,0.4280429292929302,1.4724296629593767,Medium,0.42804292929293003,Stress_Induced
612:00,0.51111111111112,0.125,0.5181818181818183,0.38476430976431275,0.3791540404040422,1.3385900624258835,Low,0.37915404040404216,Stress_Induced
612:30,0.75555555555556,0.125,0.5181818181818183,0.46624579124579274,0.4280429292929302,1.4724296629593767,Medium,0.42804292929293003,Stress_Induced
613:00,0.75555555555556,0.125,0.5181818181818183,0.46624579124579274,0.4280429292929302,1.4724296629593767,Medium,0.42804292929293003,Stress_Induced
613:30,0.75555555555556,0.125,0.5454545454545454,0.4753367003367018,0.4403156565656574,1.5005340851292588,Medium,0.44031565656565724,Stress_Induced
614:00,0.75555555555556,0.125,0.5545454545454547,0.4783670033670049,0.44440656565656655,1.5100209313415414,Medium,0.4444065656565664,Stress_Induced
614:30,0.75555555555556,0.1875,0.5454545454545454,0.49617003367003515,0.4621906565656574,1.6860392476497954,Medium,0.4621906565656572,Stress_Induced
615:00,0.75555555555556,0.1875,0.5363636363636364,0.4931397306397321,0.45809974747474835,1.6754465500796265,Medium,0.4580997474747482,Stress_Induced
615:30,0.75555555555556,0.1875,0.5363636363636364,0.4931397306397321,0.45809974747474835,1.6754465500796265,Medium,0.4580997474747482,Stress_Induced
616:00,0.75555555555556,0.1875,0.5181818181818183,0.4870791245791261,0.4499179292929302,1.6544603856428999,Medium,0.4499179292929301,Stress_Induced
616:30,0.75555555555556,0.1875,0.5181818181818183,0.4870791245791261,0.4499179292929302,1.6544603856428999,Medium,0.4499179292929301,Stress_Induced
617:00,0.75555555555556,0.1875,0.509090909090909,0.484048821548823,0.44582702020202103,1.6440660851950488,Medium,0.44582702020202086,Stress_Induced
617:30,0.75555555555556,0.1875,0.5181818181818183,0.4870791245791261,0.4499179292929302,1.6544603856428999,Medium,0.4499179292929301,Stress_Induced
618:00,0.75555555555556,0.1875,0.5363636363636364,0.4931397306397321,0.45809974747474835,1.6754465500796265,Medium,0.4580997474747482,Stress_Induced
618:30,0.75555555555556,0.1875,0.5363636363636364,0.4931397306397321,0.45809974747474835,1.6754465500796265,Medium,0.4580997474747482,Stress_Induced
619:00,0.75555555555556,0.1875,0.5363636363636364,0.4931397306397321,0.45809974747474835,1.6754465500796265,Medium,0.4580997474747482,Stress_Induced
619:30,0.75555555555556,0.1875,0.5454545454545454,0.49617003367003515,0.4621906565656574,1.6860392476497954,Medium,0.4621906565656572,Stress_Induced
620:00,0.75555555555556,0.21875,0.5545454545454547,0.5096170033670049,0.4772190656565666,1.798521731338494,High,0.4772190656565664,Stress_Induced
620:30,0.75555555555556,0.21875,0.5636363636363637,0.5126473063973079,0.4813099747474756,1.8098925487319466,High,0.48130997474747544,Stress_Induced
621:00,0.75555555555556,0.21875,0.5545454545454547,0.5096170033670049,0.4772190656565666,1.798521731338494,High,0.4772190656565664,Stress_Induced
621:30,0.75555555555556,0.21875,0.5454545454545454,0.5065867003367018,0.47312815656565743,1.7872223521573738,High,0.47312815656565727,Stress_Induced
622:00,0.75555555555556,0.21875,0.5454545454545454,0.5065867003367018,0.47312815656565743,1.7872223521573738,High,0.47312815656565727,Stress_Induced
622:30,0.75555555555556,0.21875,0.5272727272727273,0.5005260942760957,0.46494633838383925,1.764836115983152,Medium,0.4649463383838392,Stress_Induced
623:00,0.75555555555556,0.21875,0.5363636363636364,0.5035563973063988,0.4690372474747484,1.7759939623714076,High,0.46903724747474823,Stress_Induced
623:30,0.75555555555556,0.21875,0.5545454545454547,0.5096170033670049,0.4772190656565666,1.798521731338494,High,0.4772190656565664,Stress_Induced
624:00,0.75555555555556,0.21875,0.5363636363636364,0.5035563973063988,0.4690372474747484,1.7759939623714076,High,0.46903724747474823,Stress_Induced
624:30,0.75555555555556,0.21875,0.5363636363636364,0.5035563973063988,0.4690372474747484,1.7759939623714076,High,0.46903724747474823,Stress_Induced
625:00,0.75555555555556,0.21875,0.5272727272727273,0.5005260942760957,0.46494633838383925,1.764836115983152,Medium,0.4649463383838392,Stress_Induced
625:30,0.75555555555556,0.21875,0.5181818181818183,0.49749579124579274,0.4608554292929302,1.753748369797184,Medium,0.46085542929293005,Stress_Induced
626:00,1.0,0.1875,0.5272727272727273,0.5715909090909091,0.5028977272727273,1.6740116819905928,Medium,0.5028977272727271,Stress_Induced
626:30,1.0,0.1875,0.5454545454545454,0.5776515151515151,0.5110795454545454,1.6952458467564082,Medium,0.5110795454545451,Stress_Induced
627:00,0.75555555555556,0.1875,0.5636363636363637,0.5022306397306412,0.4703724747474757,1.7074259772475573,Medium,0.4703724747474755,Stress_Induced
627:30,1.0,0.1875,0.5818181818181818,0.5897727272727272,0.5274431818181818,1.7385256333582948,Medium,0.5274431818181815,Stress_Induced
628:00,1.0,0.1875,0.5818181818181818,0.5897727272727272,0.5274431818181818,1.7385256333582948,Medium,0.5274431818181815,Stress_Induced
628:30,1.0,0.1875,0.5727272727272728,0.5867424242424243,0.5233522727272728,1.7276031852137328,Medium,0.5233522727272724,Stress_Induced
629:00,1.0,0.1875,0.5727272727272728,0.5867424242424243,0.5233522727272728,1.7276031852137328,Medium,0.5233522727272724,Stress_Induced
629:30,1.0,0.1875,0.5818181818181818,0.5897727272727272,0.5274431818181818,1.7385256333582948,Medium,0.5274431818181815,Stress_Induced
630:00,1.0,0.1875,0.5909090909090908,0.5928030303030303,0.5315340909090909,1.7495171366391817,Medium,0.5315340909090907,Stress_Induced
630:30,1.0,0.1875,0.5818181818181818,0.5897727272727272,0.5274431818181818,1.7385256333582948,Medium,0.5274431818181815,Stress_Induced
631:00,1.0,0.1875,0.5545454545454547,0.5806818181818182,0.5151704545454545,1.7059637216781252,Medium,0.5151704545454543,Stress_Induced
631:30,1.0,0.1875,0.5,0.5625,0.49062500000000003,1.6426580916295146,Medium,0.49062499999999976,Stress_Induced
632:00,1.0,0.21875,0.47272727272727266,0.5638257575757576,0.4892897727272727,1.7086250835174999,Medium,0.4892897727272725,Stress_Induced
632:30,1.0,0.21875,0.509090909090909,0.5759469696969697,0.5056534090909091,1.7522464432977098,Medium,0.5056534090909088,Stress_Induced
633:00,1.0,0.21875,0.5272727272727273,0.5820075757575758,0.5138352272727273,1.7744729845384817,High,0.5138352272727271,Stress_Induced
633:30,1.0,0.21875,0.5181818181818183,0.5789772727272727,0.5097443181818182,1.7633246938341864,Medium,0.509744318181818,Stress_Induced
634:00,1.0,0.21875,0.5181818181818183,0.5789772727272727,0.5097443181818182,1.7633246938341864,Medium,0.509744318181818,Stress_Induced
634:30,1.0,0.21875,0.5272727272727273,0.5820075757575758,0.5138352272727273,1.7744729845384817,High,0.5138352272727271,Stress_Induced
635:00,1.0,0.21875,0.49090909090909096,0.5698863636363637,0.49747159090909093,1.7302983053574292,Medium,0.4974715909090907,Stress_Induced
635:30,1.0,0.21875,0.40909090909090917,0.5426136363636364,0.4606534090909091,1.63488444328416,Medium,0.4606534090909089,Stress_Induced
636:00,1.0,0.21875,0.40000000000000013,0.5395833333333334,0.4565625000000001,1.6246131305053961,Medium,0.45656249999999987,Stress_Induced
636:30,1.0,0.21875,0.40909090909090917,0.5426136363636364,0.4606534090909091,1.63488444328416,Medium,0.4606534090909089,Stress_Induced
637:00,1.0,0.21875,0.3909090909090909,0.5365530303030303,0.4524715909090909,1.6144063481994932,Medium,0.4524715909090907,Stress_Induced
637:30,1.0,0.21875,0.4181818181818182,0.5456439393939394,0.4647443181818182,1.645220694517636,Medium,0.464744318181818,Stress_Induced
638:00,1.0,0.21875,0.3909090909090909,0.5365530303030303,0.4524715909090909,1.6144063481994932,Medium,0.4524715909090907,Stress_Induced
638:30,1.0,0.21875,0.3727272727272728,0.5304924242424243,0.44428977272727277,1.5941847558786881,Medium,0.4442897727272726,Stress_Induced
639:00,1.0,0.21875,0.42727272727272725,0.5486742424242425,0.46883522727272725,1.6556222947670622,Medium,0.46883522727272703,Stress_Induced
639:30,1.0,0.21875,0.3909090909090909,0.5365530303030303,0.4524715909090909,1.6144063481994932,Medium,0.4524715909090907,Stress_Induced
640:00,1.0,0.21875,0.3545454545454545,0.5244318181818182,0.43610795454545453,1.5742164534414644,Medium,0.43610795454545437,Stress_Induced
640:30,1.0,0.21875,0.38181818181818183,0.5335227272727273,0.44838068181818186,1.604263690947786,Medium,0.44838068181818164,Stress_Induced
641:00,1.0,0.21875,0.4181818181818182,0.5456439393939394,0.4647443181818182,1.645220694517636,Medium,0.464744318181818,Stress_Induced
641:30,1.0,0.21875,0.4181818181818182,0.5456439393939394,0.4647443181818182,1.645220694517636,Medium,0.464744318181818,Stress_Induced
642:00,1.0,0.21875,0.4181818181818182,0.5456439393939394,0.4647443181818182,1.645220694517636,Medium,0.464744318181818,Stress_Induced
642:30,1.0,0.21875,0.4181818181818182,0.5456439393939394,0.4647443181818182,1.645220694517636,Medium,0.464744318181818,Stress_Induced
643:00,1.0,0.21875,0.4363636363636365,0.5517045454545455,0.47292613636363645,1.666089657189375,Medium,0.47292613636363623,Stress_Induced
643:30,1.0,0.21875,0.44545454545454555,0.5547348484848486,0.4770170454545455,1.676623197553617,Medium,0.47701704545454526,Stress_Induced
644:00,1.0,0.21875,0.44545454545454555,0.5547348484848486,0.4770170454545455,1.676623197553617,Medium,0.47701704545454526,Stress_Induced
644:30,1.0,0.09375,0.44545454545454555,0.5130681818181818,0.43326704545454553,1.3281913663859775,Low,0.43326704545454525,Stress_Induced
645:00,1.0,0.09375,0.44545454545454555,0.5130681818181818,0.43326704545454553,1.3281913663859775,Low,0.43326704545454525,Stress_Induced
645:30,1.0,0.09375,0.4545454545454546,0.5160984848484849,0.43735795454545456,1.3365886079803257,Low,0.4373579545454543,Stress_Induced
646:00,1.0,0.09375,0.4636363636363636,0.5191287878787879,0.44144886363636365,1.3450389395647,Low,0.4414488636363633,Stress_Induced
646:30,1.0,0.09375,0.4818181818181819,0.525189393939394,0.4496306818181819,1.3621002174317651,Low,0.4496306818181816,Stress_Induced
647:00,1.0,0.09375,0.4818181818181819,0.525189393939394,0.4496306818181819,1.3621002174317651,Low,0.4496306818181816,Stress_Induced
647:30,1.0,0.09375,0.4636363636363636,0.5191287878787879,0.44144886363636365,1.3450389395647,Low,0.4414488636363633,Stress_Induced
648:00,1.0,0.09375,0.40909090909090917,0.5009469696969697,0.41690340909090917,1.295126660407146,Low,0.4169034090909089,Stress_Induced
648:30,1.0,0.09375,0.40000000000000013,0.49791666666666673,0.4128125000000001,1.2869899073345952,Low,0.4128124999999998,Stress_Induced
649:00,1.0,0.09375,0.38181818181818183,0.49185606060606063,0.40463068181818185,1.2708694397360032,Low,0.40463068181818157,Stress_Induced
649:30,1.0,0.09375,0.36363636363636376,0.4857954545454546,0.39644886363636367,1.2549508925053305,Low,0.3964488636363635,Stress_Induced
650:00,1.0,0.09375,0.3909090909090909,0.4948863636363636,0.4087215909090909,1.2789042741660563,Low,0.40872159090909066,Stress_Induced
650:30,1.0,0.15625,0.3545454545454545,0.5035984848484848,0.4142329545454545,1.4010145072559164,Medium,0.41423295454545433,Stress_Induced
651:00,0.75555555555556,0.15625,0.34545454545454546,0.4190867003367018,0.3612531565656575,1.3846516287208004,Low,0.3612531565656574,Stress_Induced
651:30,1.0,0.15625,0.3727272727272728,0.5096590909090909,0.4224147727272728,1.4187858126813329,Medium,0.42241477272727257,Stress_Induced
652:00,1.0,0.15625,0.3909090909090909,0.515719696969697,0.4305965909090909,1.4367825399670424,Medium,0.4305965909090907,Stress_Induced
652:30,0.75555555555556,0.15625,0.3909090909090909,0.43423821548821695,0.3817077020202029,1.4289796122240446,Medium,0.3817077020202028,Stress_Induced
653:00,0.75555555555556,0.15625,0.3090909090909091,0.40696548821548967,0.3448895202020211,1.3647304766912336,Low,0.344889520202021,Stress_Induced
653:30,1.0,0.15625,0.290909090909091,0.48238636363636367,0.38559659090909093,1.372182572723391,Low,0.38559659090909076,Stress_Induced
654:00,0.75555555555556,0.15625,0.3363636363636364,0.4160563973063988,0.3571622474747484,1.3759524267517322,Low,0.3571622474747483,Stress_Induced
654:30,0.75555555555556,0.15625,0.36363636363636376,0.4251473063973079,0.36943497474747566,1.4022153776144461,Medium,0.3694349747474756,Stress_Induced
655:00,0.75555555555556,0.15625,0.40000000000000013,0.43726851851852006,0.3857986111111121,1.4380140686592604,Medium,0.38579861111111197,Stress_Induced
655:30,0.75555555555556,0.15625,0.4181818181818182,0.44332912457912604,0.3939804292929302,1.4562546986369207,Medium,0.39398042929293003,Stress_Induced
656:00,0.75555555555556,0.3125,0.4363636363636365,0.5014730639730655,0.4568497474747484,1.862780187179577,High,0.4568497474747483,Stress_Induced
656:30,0.75555555555556,0.3125,0.44545454545454555,0.5045033670033685,0.4609406565656575,1.874557266646277,High,0.46094065656565747,Stress_Induced
657:00,0.75555555555556,0.3125,0.4636363636363636,0.5105639730639745,0.4691224747474756,1.8983352714781139,High,0.46912247474747554,Stress_Induced
657:30,0.75555555555556,0.3125,0.4818181818181819,0.5166245791245806,0.4773042929292939,1.9224148907358436,High,0.4773042929292938,Stress_Induced
658:00,0.75555555555556,0.3125,0.49090909090909096,0.5196548821548836,0.4813952020202029,1.9345689994664304,High,0.48139520202020286,Stress_Induced
658:30,0.75555555555556,0.3125,0.5,0.5226851851851867,0.48548611111111195,1.9467999502771252,High,0.4854861111111119,Stress_Induced
659:00,0.75555555555556,0.3125,0.509090909090909,0.5257154882154896,0.4895770202020211,1.9591082289876134,High,0.48957702020202093,Stress_Induced
659:30,0.75555555555556,0.3125,0.509090909090909,0.5257154882154896,0.4895770202020211,1.9591082289876134,High,0.48957702020202093,Stress_Induced
660:00,0.75555555555556,0.3125,0.5181818181818183,0.5287457912457928,0.49366792929293024,1.971494324489084,High,0.4936679292929302,Stress_Induced
660:30,0.75555555555556,0.3125,0.49090909090909096,0.5196548821548836,0.4813952020202029,1.9345689994664304,High,0.48139520202020286,Stress_Induced
661:00,0.75555555555556,0.3125,0.4636363636363636,0.5105639730639745,0.4691224747474756,1.8983352714781139,High,0.46912247474747554,Stress_Induced
661:30,0.75555555555556,0.3125,0.5,0.5226851851851867,0.48548611111111195,1.9467999502771252,High,0.4854861111111119,Stress_Induced
662:00,0.51111111111112,0.09375,0.5181818181818183,0.37434764309764607,0.3682165404040422,1.2630062539787106,Low,0.3682165404040421,Stress_Induced
662:30,0.51111111111112,0.09375,0.5363636363636364,0.3804082491582521,0.37639835858586035,1.279026980229168,Low,0.3763983585858602,Stress_Induced
663:00,0.75555555555556,0.09375,0.5363636363636364,0.4618897306397321,0.42528724747474833,1.4069111360365105,Medium,0.42528724747474816,Stress_Induced
663:30,0.51111111111112,0.09375,0.47272727272727266,0.35919612794613087,0.34776199494949667,1.2238268843698425,Low,0.3477619949494966,Stress_Induced
664:00,0.51111111111112,0.09375,0.3545454545454545,0.3198021885521915,0.2945801767676785,1.1275548018836508,Low,0.2945801767676785,Stress_Induced
664:30,0.51111111111112,0.09375,0.2727272727272727,0.2925294612794642,0.2577619949494967,1.1043504838260034,Low,0.2577619949494967,Stress_Induced
665:00,0.51111111111112,0.09375,0.25454545454545463,0.2864688552188582,0.24958017676767857,1.1043504838260034,Low,0.24958017676767857,Stress_Induced
665:30,0.51111111111112,0.09375,0.2272727272727273,0.2773779461279491,0.23730744949495125,1.1043504838260034,Low,0.23730744949495128,Stress_Induced
666:00,0.51111111111112,0.09375,0.19999999999999996,0.26828703703704,0.22503472222222398,1.1043504838260034,Low,0.225034722222224,Stress_Induced
666:30,0.51111111111112,0.09375,0.19999999999999996,0.26828703703704,0.22503472222222398,1.1043504838260034,Low,0.225034722222224,Stress_Induced
667:00,0.51111111111112,0.09375,0.20909090909090922,0.27131734006734304,0.22912563131313313,1.1043504838260034,Low,0.22912563131313315,Stress_Induced
667:30,0.51111111111112,0.375,0.25454545454545463,0.3802188552188582,0.3480176767676786,1.5671479338707444,Medium,0.34801767676767875,Stress_Induced
668:00,0.51111111111112,0.375,0.30000000000000004,0.3953703703703733,0.368472222222224,1.5671479338707444,Medium,0.36847222222222414,Stress_Induced
668:30,0.51111111111112,0.375,0.28181818181818197,0.3893097643097673,0.36029040404040585,1.5671479338707444,Medium,0.36029040404040596,Stress_Induced
669:00,0.51111111111112,0.375,0.28181818181818197,0.3893097643097673,0.36029040404040585,1.5671479338707444,Medium,0.36029040404040596,Stress_Induced
669:30,0.51111111111112,0.375,0.3363636363636364,0.40749158249158546,0.38483585858586034,1.580034328768255,Medium,0.3848358585858605,Stress_Induced
670:00,0.51111111111112,0.375,0.28181818181818197,0.3893097643097673,0.36029040404040585,1.5671479338707444,Medium,0.36029040404040596,Stress_Induced
670:30,0.51111111111112,0.375,0.2272727272727273,0.3711279461279491,0.33574494949495126,1.5671479338707444,Medium,0.33574494949495143,Stress_Induced
671:00,0.51111111111112,0.375,0.23636363636363633,0.3741582491582521,0.3398358585858603,1.5671479338707444,Medium,0.33983585858586046,Stress_Induced
671:30,0.51111111111112,0.375,0.21818181818181825,0.3680976430976461,0.33165404040404217,1.5671479338707444,Medium,0.3316540404040424,Stress_Induced
672:00,0.51111111111112,0.375,0.23636363636363633,0.3741582491582521,0.3398358585858603,1.5671479338707444,Medium,0.33983585858586046,Stress_Induced
672:30,0.51111111111112,0.375,0.2727272727272727,0.3862794612794642,0.3561994949494967,1.5671479338707444,Medium,0.3561994949494968,Stress_Induced
673:00,0.26666666666667993,0.375,0.290909090909091,0.31085858585859033,0.31549242424242696,1.4246987162798757,Medium,0.3154924242424271,Stress_Induced
673:30,0.51111111111112,0.25,0.3090909090909091,0.3567340067340097,0.32881313131313306,1.4777217006227303,Medium,0.3288131313131331,Stress_Induced
674:00,0.51111111111112,0.25,0.3181818181818181,0.3597643097643127,0.33290404040404215,1.4777217006227303,Medium,0.33290404040404215,Stress_Induced
674:30,0.51111111111112,0.25,0.3363636363636364,0.3658249158249188,0.3410858585858604,1.4898727585868703,Medium,0.34108585858586044,Stress_Induced
675:00,0.26666666666667993,0.25,0.3545454545454545,0.2904040404040448,0.3003787878787905,1.3716282544113816,Low,0.30037878787879063,Stress_Induced
675:30,0.26666666666667993,0.25,0.34545454545454546,0.2873737373737418,0.29628787878788143,1.3630108729963692,Low,0.2962878787878816,Stress_Induced
676:00,0.26666666666667993,0.25,0.3181818181818181,0.2782828282828327,0.28401515151515416,1.3434010691614522,Low,0.2840151515151543,Stress_Induced
676:30,0.26666666666667993,0.25,0.3181818181818181,0.2782828282828327,0.28401515151515416,1.3434010691614522,Low,0.2840151515151543,Stress_Induced
677:00,0.26666666666667993,0.25,0.34545454545454546,0.2873737373737418,0.29628787878788143,1.3630108729963692,Low,0.2962878787878816,Stress_Induced
677:30,0.26666666666667993,0.25,0.36363636363636376,0.2934343434343479,0.3044696969696997,1.3803001176092784,Low,0.30446969696969983,Stress_Induced
678:00,0.26666666666667993,0.25,0.36363636363636376,0.2934343434343479,0.3044696969696997,1.3803001176092784,Low,0.30446969696969983,Stress_Induced
678:30,0.26666666666667993,0.5,0.3545454545454545,0.37373737373737814,0.3878787878787905,1.4546341060253005,Medium,0.38787878787879077,Stress_Induced
679:00,0.26666666666667993,0.5,0.3545454545454545,0.37373737373737814,0.3878787878787905,1.4546341060253005,Medium,0.38787878787879077,Stress_Induced
679:30,0.26666666666667993,0.5,0.38181818181818183,0.38282828282828724,0.4001515151515178,1.482398862500172,Medium,0.4001515151515181,Stress_Induced
680:00,0.26666666666667993,0.5,0.38181818181818183,0.38282828282828724,0.4001515151515178,1.482398862500172,Medium,0.4001515151515181,Stress_Induced
680:30,0.26666666666667993,0.5,0.3727272727272728,0.37979797979798424,0.3960606060606088,1.4730855544910526,Medium,0.396060606060609,Stress_Induced
681:00,0.26666666666667993,0.5,0.3909090909090909,0.3858585858585903,0.4042424242424269,1.4917710521579566,Medium,0.4042424242424271,Stress_Induced
681:30,0.26666666666667993,0.5,0.40909090909090917,0.3919191919191964,0.41242424242424514,1.5106935678459767,Medium,0.4124242424242453,Stress_Induced
682:00,0.26666666666667993,0.5,0.4181818181818182,0.3949494949494994,0.41651515151515417,1.5202446454883112,Medium,0.4165151515151544,Stress_Induced
682:30,0.26666666666667993,0.5,0.4363636363636365,0.4010101010101055,0.42469696969697246,1.53952833725339,Medium,0.4246969696969726,Stress_Induced
683:00,0.26666666666667993,0.5,0.4181818181818182,0.3949494949494994,0.41651515151515417,1.5202446454883112,Medium,0.4165151515151544,Stress_Induced
683:30,0.26666666666667993,0.5,0.3909090909090909,0.3858585858585903,0.4042424242424269,1.4917710521579566,Medium,0.4042424242424271,Stress_Induced
684:00,0.26666666666667993,0.40625,0.40000000000000013,0.35763888888889334,0.3755208333333361,1.501202495732621,Medium,0.37552083333333625,Stress_Induced
684:30,0.26666666666667993,0.40625,0.4181818181818182,0.3636994949494994,0.3837026515151542,1.5202446454883112,Medium,0.3837026515151543,Stress_Induced
685:00,0.26666666666667993,0.40625,0.4181818181818182,0.3636994949494994,0.3837026515151542,1.5202446454883112,Medium,0.3837026515151543,Stress_Induced
685:30,0.26666666666667993,0.40625,0.42727272727272725,0.3667297979798024,0.3877935606060633,1.529856108033363,Medium,0.3877935606060634,Stress_Induced
686:00,0.26666666666667993,0.40625,0.4363636363636365,0.3697601010101055,0.39188446969697244,1.53952833725339,Medium,0.3918844696969726,Stress_Induced
686:30,0.26666666666667993,0.40625,0.4363636363636365,0.3697601010101055,0.39188446969697244,1.53952833725339,Medium,0.3918844696969726,Stress_Induced
687:00,0.26666666666667993,0.40625,0.44545454545454555,0.3727904040404085,0.39597537878788147,1.5492617173343333,Medium,0.39597537878788164,Stress_Induced
687:30,0.26666666666667993,0.40625,0.4636363636363636,0.3788510101010145,0.40415719696969965,1.5689134789828114,Medium,0.40415719696969976,Stress_Induced
688:00,0.26666666666667993,0.40625,0.47272727272727266,0.3818813131313175,0.4082481060606087,1.5788326411284714,Medium,0.40824810606060885,Stress_Induced
688:30,0.26666666666667993,0.40625,0.49090909090909096,0.3879419191919236,0.416429924242427,1.5988594980495083,Medium,0.41642992424242703,Stress_Induced
689:00,0.26666666666667993,0.40625,0.5181818181818183,0.39703282828283276,0.42870265151515424,1.6293770999790946,Medium,0.42870265151515435,Stress_Induced
689:30,0.26666666666667993,0.40625,0.5363636363636364,0.40309343434343875,0.43688446969697237,1.650045093027662,Medium,0.4368844696969725,Stress_Induced
690:00,0.26666666666667993,0.15625,0.5363636363636364,0.31976010101010544,0.34938446969697234,1.3063084832508436,Low,0.34938446969697234,Stress_Induced
690:30,0.26666666666667993,0.15625,0.5363636363636364,0.31976010101010544,0.34938446969697234,1.3063084832508436,Low,0.34938446969697234,Stress_Induced
691:00,0.26666666666667993,0.15625,0.5363636363636364,0.31976010101010544,0.34938446969697234,1.3063084832508436,Low,0.34938446969697234,Stress_Induced
691:30,0.26666666666667993,0.15625,0.5363636363636364,0.31976010101010544,0.34938446969697234,1.3063084832508436,Low,0.34938446969697234,Stress_Induced
692:00,0.26666666666667993,0.15625,0.5363636363636364,0.31976010101010544,0.34938446969697234,1.3063084832508436,Low,0.34938446969697234,Stress_Induced
692:30,0.26666666666667993,0.15625,0.5363636363636364,0.31976010101010544,0.34938446969697234,1.3063084832508436,Low,0.34938446969697234,Stress_Induced
693:00,0.26666666666667993,0.15625,0.5363636363636364,0.31976010101010544,0.34938446969697234,1.3063084832508436,Low,0.34938446969697234,Stress_Induced
693:30,0.26666666666667993,0.15625,0.5272727272727273,0.31672979797980244,0.3452935606060633,1.2981014793417052,Low,0.3452935606060633,Stress_Induced
694:00,0.26666666666667993,0.15625,0.5181818181818183,0.3136994949494994,0.3412026515151543,1.28994603669396,Low,0.3412026515151542,Stress_Induced
694:30,0.26666666666667993,0.15625,0.5,0.3076388888888933,0.333020833333336,1.2737885414642394,Low,0.333020833333336,Stress_Induced
695:00,0.51111111111112,0.15625,0.49090909090909096,0.3860900673400703,0.37781881313131493,1.392346081550831,Low,0.3778188131313149,Stress_Induced
695:30,0.26666666666667993,0.15625,0.5,0.3076388888888933,0.333020833333336,1.2737885414642394,Low,0.333020833333336,Stress_Induced
696:00,0.26666666666667993,0.1875,0.49090909090909096,0.315025252525257,0.33986742424242694,1.341748575622871,Low,0.33986742424242694,Stress_Induced
696:30,0.51111111111112,0.1875,0.47272727272727266,0.39044612794613087,0.3805744949494967,1.4574172304077488,Medium,0.38057449494949663,Stress_Induced
697:00,0.51111111111112,0.1875,0.44545454545454555,0.38135521885522183,0.3683017676767695,1.4301203702251217,Medium,0.3683017676767694,Stress_Induced
697:30,0.51111111111112,0.1875,0.4545454545454546,0.38438552188552483,0.3723926767676785,1.4391620388895223,Medium,0.37239267676767845,Stress_Induced
698:00,0.51111111111112,0.1875,0.4636363636363636,0.3874158249158279,0.37648358585858765,1.4482608718136165,Medium,0.3764835858585876,Stress_Induced
698:30,0.51111111111112,0.1875,0.4818181818181819,0.393476430976434,0.38466540404040583,1.4666314783672132,Medium,0.3846654040404058,Stress_Induced
699:00,0.51111111111112,0.1875,0.49090909090909096,0.39650673400673697,0.3887563131313149,1.4759039816866986,Medium,0.3887563131313148,Stress_Induced
699:30,0.51111111111112,0.1875,0.5,0.39953703703703997,0.392847222222224,1.4852351086748274,Medium,0.39284722222222396,Stress_Induced
700:00,0.51111111111112,0.1875,0.509090909090909,0.402567340067343,0.39693813131313305,1.4946252299687846,Medium,0.396938131313133,Stress_Induced
700:30,0.75555555555556,0.1875,0.4818181818181819,0.47495791245791397,0.4335542929292938,1.6132733642622707,Medium,0.43355429292929376,Stress_Induced
701:00,0.51111111111112,0.1875,0.4636363636363636,0.3874158249158279,0.37648358585858765,1.4482608718136165,Medium,0.3764835858585876,Stress_Induced
701:30,0.51111111111112,0.1875,0.4818181818181819,0.393476430976434,0.38466540404040583,1.4666314783672132,Medium,0.3846654040404058,Stress_Induced
702:00,0.51111111111112,0.15625,0.49090909090909096,0.3860900673400703,0.37781881313131493,1.392346081550831,Low,0.3778188131313149,Stress_Induced
702:30,0.75555555555556,0.15625,0.47272727272727266,0.46151094276094423,0.41852588383838474,1.5123766157164564,Medium,0.41852588383838457,Stress_Induced
703:00,0.75555555555556,0.15625,0.4636363636363636,0.4584806397306412,0.4144349747474756,1.5028749696991344,Medium,0.4144349747474754,Stress_Induced
703:30,0.75555555555556,0.15625,0.3727272727272728,0.4281776094276109,0.37352588383838475,1.4110806221802035,Medium,0.37352588383838464,Stress_Induced
704:00,0.75555555555556,0.15625,0.2272727272727273,0.37969276094276244,0.30807133838383927,1.3647304766912336,Low,0.3080713383838392,Stress_Induced
704:30,0.75555555555556,0.15625,0.16363636363636358,0.3584806397306412,0.2794349747474756,1.3647304766912336,Low,0.27943497474747564,Stress_Induced
705:00,0.75555555555556,0.15625,0.16363636363636358,0.3584806397306412,0.2794349747474756,1.3647304766912336,Low,0.27943497474747564,Stress_Induced
705:30,0.75555555555556,0.15625,0.17272727272727284,0.36151094276094425,0.2835258838383848,1.3647304766912336,Low,0.2835258838383848,Stress_Induced
706:00,0.75555555555556,0.15625,0.08181818181818179,0.3312079124579139,0.2426167929292938,1.3647304766912336,Low,0.24261679292929383,Stress_Induced
706:30,0.75555555555556,0.15625,0.0,0.30393518518518664,0.205798611111112,1.3647304766912336,Low,0.20579861111111208,Stress_Induced
707:00,0.75555555555556,0.15625,0.07272727272727275,0.32817760942761093,0.23852588383838474,1.3647304766912336,Low,0.23852588383838477,Stress_Induced
707:30,1.0,0.15625,0.18181818181818188,0.4460227272727273,0.33650568181818186,1.372182572723391,Low,0.33650568181818175,Stress_Induced
708:00,0.75555555555556,0.25,0.2454545454545456,0.41700336700336854,0.34906565656565747,1.6254724479669878,Medium,0.3490656565656575,Stress_Induced
708:30,0.75555555555556,0.25,0.28181818181818197,0.42912457912458063,0.3654292929292939,1.6254724479669878,Medium,0.3654292929292939,Stress_Induced
709:00,0.75555555555556,0.25,0.3090909090909091,0.43821548821548967,0.3777020202020211,1.6254724479669878,Medium,0.3777020202020211,Stress_Induced
709:30,1.0,0.25,0.3272727272727274,0.5257575757575758,0.4347727272727273,1.637434919014596,Medium,0.4347727272727272,Stress_Induced
710:00,1.0,0.25,0.3090909090909091,0.5196969696969697,0.42659090909090913,1.6343483227179085,Medium,0.42659090909090897,Stress_Induced
710:30,1.0,0.25,0.30000000000000004,0.5166666666666667,0.42250000000000004,1.6343483227179085,Medium,0.4224999999999999,Stress_Induced
711:00,1.0,0.25,0.30000000000000004,0.5166666666666667,0.42250000000000004,1.6343483227179085,Medium,0.4224999999999999,Stress_Induced
711:30,1.0,0.25,0.30000000000000004,0.5166666666666667,0.42250000000000004,1.6343483227179085,Medium,0.4224999999999999,Stress_Induced
712:00,1.0,0.25,0.3272727272727274,0.5257575757575758,0.4347727272727273,1.637434919014596,Medium,0.4347727272727272,Stress_Induced
712:30,1.0,0.25,0.3545454545454545,0.5348484848484848,0.4470454545454545,1.66868881412236,Medium,0.44704545454545436,Stress_Induced
713:00,1.0,0.25,0.3727272727272728,0.5409090909090909,0.45522727272727276,1.6898554604505462,Medium,0.4552272727272726,Stress_Induced
713:30,1.0,0.28125,0.38181818181818183,0.5543560606060606,0.47025568181818184,1.802592539098829,High,0.47025568181818167,Stress_Induced
714:00,1.0,0.28125,0.36363636363636376,0.5482954545454546,0.4620738636363637,1.7800137803576765,High,0.46207386363636355,Stress_Induced
