Timestamp,Object Temperature(F),Heart Rate Ear(BPM),GSR,Weighted_Stress,QuantityIndex_Stress,StressIndex_Level,Condition
0 days 00:00:00,86.22,79.0,170.0,0.52544,2.0127001022407267,High,Base
0 days 00:01:00,86.11,79.0,175.0,0.52747,2.0121850973747266,High,Base
0 days 00:02:00,86.22,79.0,179.0,0.52949,2.0127001022407267,High,Base
0 days 00:03:00,86.11,79.0,180.0,0.52972,2.0121850973747266,High,Base
0 days 00:04:00,86.11,79.0,180.0,0.52972,2.0121850973747266,High,Base
0 days 00:05:00,86.11,79.0,182.0,0.53062,2.0121850973747266,High,Base
0 days 00:06:00,86.11,79.0,185.0,0.5319699999999999,2.0121850973747266,High,Base
0 days 00:07:00,86.11,79.0,186.0,0.53242,2.0121850973747266,High,Base
0 days 00:08:00,86.11,79.0,184.0,0.53152,2.0121850973747266,High,Base
0 days 00:09:00,86.11,80.0,185.0,0.53547,2.0204517355132414,High,Base
0 days 00:10:00,86.11,80.0,186.0,0.53592,2.0204517355132414,High,Base
0 days 00:11:00,86.11,80.0,186.0,0.53592,2.0204517355132414,High,Base
0 days 00:12:00,86.11,80.0,184.0,0.5350199999999999,2.0204517355132414,High,Base
0 days 00:13:00,86.0,80.0,181.0,0.53345,2.019934747177945,High,Base
0 days 00:14:00,86.0,80.0,183.0,0.53435,2.019934747177945,High,Base
0 days 00:15:00,86.0,80.0,187.0,0.53615,2.019934747177945,High,Base
0 days 00:22:00,86.0,77.0,188.0,0.5261,1.995242482548753,High,Base
0 days 00:23:00,86.0,77.0,187.0,0.52565,1.995242482548753,High,Base
0 days 00:24:00,85.89,77.0,184.0,0.52408,1.9947319446965317,High,Base
0 days 00:25:00,86.0,77.0,175.0,0.52025,1.995242482548753,High,Base
0 days 00:26:00,86.0,77.0,168.0,0.5171,1.995242482548753,High,Base
0 days 00:27:00,86.0,86.0,154.0,0.5423,2.0702398007822738,High,Base
0 days 00:28:00,86.0,86.0,141.0,0.53645,2.0702398007822738,High,Base
0 days 00:29:00,86.0,86.0,138.0,0.5351,2.0702398007822738,High,Base
0 days 00:30:00,85.89,86.0,133.0,0.53263,2.0697100727964686,High,Base
0 days 00:31:00,85.89,86.0,128.0,0.53038,2.0697100727964686,High,Base
0 days 00:32:00,85.89,86.0,126.0,0.5294800000000001,2.0694995886531,High,Base
0 days 00:33:00,85.89,86.0,125.0,0.52903,2.0584442885190457,High,Base
0 days 00:34:00,85.89,86.0,123.0,0.52813,2.0365105455384525,High,Base
0 days 00:35:00,85.89,91.0,120.0,0.54428,2.045553033530876,High,Base
0 days 00:36:00,85.89,91.0,121.0,0.54473,2.0565390985178857,High,Base
0 days 00:37:00,85.89,91.0,125.0,0.5465300000000001,2.1010765651659393,High,Base
0 days 00:38:00,85.89,91.0,125.0,0.5465300000000001,2.1010765651659393,High,Base
0 days 00:39:00,85.89,91.0,125.0,0.5465300000000001,2.1010765651659393,High,Base
0 days 00:40:00,85.77,91.0,129.0,0.54809,2.111985978391482,High,Base
0 days 00:41:00,85.77,91.0,129.0,0.54809,2.111985978391482,High,Base
0 days 00:42:00,85.77,91.0,125.0,0.54629,2.1004900791627787,High,Base
0 days 00:43:00,85.77,91.0,125.0,0.54629,2.1004900791627787,High,Base
0 days 00:44:00,85.77,91.0,125.0,0.54629,2.1004900791627787,High,Base
0 days 00:45:00,85.77,91.0,128.0,0.54764,2.111985978391482,High,Base
0 days 00:46:00,85.77,91.0,132.0,0.54944,2.111985978391482,High,Base
0 days 00:47:00,85.77,91.0,135.0,0.55079,2.111985978391482,High,Base
0 days 00:48:00,85.77,91.0,137.0,0.55169,2.111985978391482,High,Base
0 days 00:49:00,85.77,91.0,138.0,0.55214,2.111985978391482,High,Base
0 days 00:50:00,85.66,91.0,138.0,0.55192,2.1114455684940583,High,Base
0 days 00:51:00,85.66,91.0,137.0,0.55147,2.1114455684940583,High,Base
0 days 00:52:00,85.66,91.0,133.0,0.54967,2.1114455684940583,High,Base
0 days 00:53:00,85.66,91.0,127.0,0.54697,2.1114455684940583,High,Base
0 days 00:54:00,85.66,91.0,119.0,0.54337,2.033537249312705,High,Base
0 days 00:55:00,85.66,91.0,114.0,0.54112,1.9797985271427316,High,Base
0 days 00:56:00,85.66,91.0,114.0,0.54112,1.9797985271427316,High,Base
0 days 00:57:00,85.66,91.0,115.0,0.54157,1.9904314439744368,High,Base
0 days 00:58:00,85.66,91.0,114.0,0.54112,1.9797985271427316,High,Base
0 days 00:59:00,85.55,91.0,111.0,0.53955,1.947740861005211,High,Base
0 days 01:00:00,85.55,85.0,112.0,0.519,1.910618984079274,High,Base
0 days 01:01:00,85.55,85.0,112.0,0.519,1.910618984079274,High,Base
0 days 01:02:00,85.55,85.0,113.0,0.51945,1.9208803578889169,High,Base
0 days 01:03:00,85.55,85.0,116.0,0.5208,1.9519963298063232,High,Base
0 days 01:04:00,85.55,85.0,115.0,0.52035,1.9415687339735421,High,Base
0 days 01:05:00,85.55,85.0,114.0,0.5199,1.931196842525647,High,Base
0 days 01:06:00,85.55,85.0,113.0,0.51945,1.9208803578889169,High,Base
0 days 01:07:00,85.55,85.0,106.0,0.5163,1.8501916916465346,High,Base
0 days 01:08:00,85.55,91.0,99.0,0.53415,1.826486433832392,High,Base
0 days 01:09:00,85.44,91.0,94.0,0.53168,1.777764277565315,Medium,Base
0 days 01:10:00,85.44,91.0,93.0,0.53123,1.7682674321617957,Medium,Base
0 days 01:11:00,85.44,91.0,93.0,0.53123,1.7682674321617957,Medium,Base
0 days 01:12:00,85.44,91.0,93.0,0.53123,1.7682674321617957,Medium,Base
0 days 01:13:00,85.44,91.0,92.0,0.53078,1.758821319059379,Medium,Base
0 days 01:14:00,85.44,91.0,92.0,0.53078,1.758821319059379,Medium,Base
0 days 01:15:00,85.44,91.0,94.0,0.53168,1.777764277565315,Medium,Base
0 days 01:16:00,85.44,91.0,99.0,0.53393,1.8260190768724256,High,Base
0 days 01:17:00,85.44,84.0,100.0,0.50988,1.7838883590392092,Medium,Base
0 days 01:18:00,85.44,84.0,97.0,0.50853,1.7554521272512325,Medium,Base
0 days 01:19:00,85.44,84.0,96.0,0.50808,1.7460744737140517,Medium,Base
0 days 01:20:00,85.32,84.0,97.0,0.50829,1.7549621174539123,Medium,Base
0 days 01:21:00,85.44,84.0,99.0,0.50943,1.7743587986938214,Medium,Base
0 days 01:22:00,85.44,84.0,103.0,0.51123,1.812785223883335,High,Base
0 days 01:23:00,85.32,84.0,106.0,0.51234,1.8416359731483831,High,Base
0 days 01:24:00,85.44,84.0,102.0,0.51078,1.8031012960205357,High,Base
0 days 01:25:00,85.32,87.0,99.0,0.51969,1.7958160848599014,Medium,Base
0 days 01:26:00,85.32,87.0,99.0,0.51969,1.7958160848599014,Medium,Base
0 days 01:27:00,85.32,87.0,101.0,0.52059,1.815157486519728,High,Base
0 days 01:28:00,85.32,87.0,100.0,0.52014,1.8054608859917174,High,Base
0 days 01:29:00,85.32,87.0,96.0,0.51834,1.7671897180926688,Medium,Base
0 days 01:30:00,85.32,87.0,94.0,0.51744,1.7483594367531248,Medium,Base
0 days 01:31:00,85.32,87.0,96.0,0.51834,1.7671897180926688,Medium,Base
0 days 01:32:00,85.32,87.0,99.0,0.51969,1.7958160848599014,Medium,Base
0 days 01:33:00,85.32,90.0,104.0,0.53244,1.8673883676651333,High,Base
0 days 01:34:00,85.32,90.0,103.0,0.53199,1.8574127489288108,High,Base
0 days 01:35:00,85.32,90.0,101.0,0.5310900000000001,1.8376210965284476,High,Base
0 days 01:36:00,85.32,90.0,104.0,0.53244,1.8673883676651333,High,Base
0 days 01:37:00,85.32,90.0,107.0,0.53379,1.8976378331086856,High,Base
0 days 01:38:00,85.32,90.0,107.0,0.53379,1.8976378331086856,High,Base
0 days 01:39:00,85.32,90.0,103.0,0.53199,1.8574127489288108,High,Base
0 days 01:40:00,85.32,90.0,104.0,0.53244,1.8673883676651333,High,Base
0 days 01:41:00,85.32,90.0,104.0,0.53244,1.8673883676651333,High,Base
0 days 01:42:00,85.32,87.0,103.0,0.52149,1.834707200055877,High,Base
0 days 01:43:00,85.32,87.0,102.0,0.52104,1.8249061646432871,High,Base
0 days 01:44:00,85.32,87.0,97.0,0.5187900000000001,1.7766807754102247,Medium,Base
0 days 01:45:00,85.32,87.0,93.0,0.5169900000000001,1.7390196724828204,Medium,Base
0 days 01:46:00,85.32,87.0,92.0,0.51654,1.7297298013836748,Medium,Base
0 days 01:47:00,85.32,87.0,92.0,0.51654,1.7297298013836748,Medium,Base
0 days 01:48:00,85.32,87.0,92.0,0.51654,1.7297298013836748,Medium,Base
0 days 01:49:00,85.32,87.0,87.0,0.51429,1.684019564574835,Medium,Base
0 days 01:50:00,85.32,88.0,85.0,0.5168900000000001,1.6729202222524782,Medium,Base
0 days 01:51:00,85.32,88.0,87.0,0.51779,1.6909380038261161,Medium,Base
0 days 01:52:00,85.32,88.0,88.0,0.51824,1.7000195355657124,Medium,Base
0 days 01:53:00,85.32,88.0,92.0,0.5200400000000001,1.736836031503409,Medium,Base
0 days 01:54:00,85.32,88.0,93.0,0.52049,1.746164068078897,Medium,Base
0 days 01:55:00,85.32,88.0,92.0,0.5200400000000001,1.736836031503409,Medium,Base
0 days 01:56:00,85.32,88.0,93.0,0.52049,1.746164068078897,Medium,Base
0 days 01:57:00,85.32,88.0,96.0,0.5218400000000001,1.7744498443805719,Medium,Base
0 days 01:58:00,85.32,88.0,99.0,0.52319,1.803193816538876,High,Base
0 days 01:59:00,85.32,89.0,98.0,0.52624,1.8009295937851482,Medium,Base
0 days 02:00:00,85.32,89.0,98.0,0.52624,1.8009295937851482,Medium,Base
0 days 02:01:00,85.32,89.0,99.0,0.52669,1.810601858072621,High,Base
0 days 02:02:00,85.32,89.0,95.0,0.5248900000000001,1.7722217146719714,Medium,Base
0 days 02:03:00,85.32,89.0,94.0,0.52444,1.7627544777286972,Medium,Base
0 days 02:04:00,85.32,89.0,98.0,0.52624,1.8009295937851482,Medium,Base
0 days 02:05:00,85.32,89.0,99.0,0.52669,1.810601858072621,High,Base
0 days 02:06:00,85.32,89.0,98.0,0.52624,1.8009295937851482,Medium,Base
0 days 02:07:00,85.32,89.0,98.0,0.52624,1.8009295937851482,Medium,Base
0 days 02:08:00,85.44,89.0,97.0,0.52603,1.7918091572407084,Medium,Base
0 days 02:09:00,85.44,89.0,98.0,0.5264800000000001,1.801432438340288,Medium,Base
0 days 02:10:00,85.32,89.0,98.0,0.52624,1.8009295937851482,Medium,Base
0 days 02:11:00,85.44,89.0,96.0,0.52558,1.7822372838637557,Medium,Base
0 days 02:12:00,85.44,89.0,94.0,0.52468,1.7632466632612316,Medium,Base
0 days 02:13:00,85.44,89.0,93.0,0.52423,1.7538273711871464,Medium,Base
0 days 02:14:00,85.44,89.0,89.0,0.5224300000000001,1.7166507021662714,Medium,Base
0 days 02:15:00,85.44,91.0,85.0,0.52763,1.6940964481467449,Medium,Base
0 days 02:16:00,85.44,91.0,86.0,0.52808,1.7031949429638051,Medium,Base
0 days 02:17:00,85.44,91.0,85.0,0.52763,1.6940964481467449,Medium,Base
0 days 02:18:00,85.44,91.0,85.0,0.52763,1.6940964481467449,Medium,Base
0 days 02:19:00,85.44,91.0,85.0,0.52763,1.6940964481467449,Medium,Base
0 days 02:20:00,85.55,91.0,85.0,0.52785,1.6945300404218333,Medium,Base
0 days 02:21:00,85.44,91.0,82.0,0.52628,1.6670915523377747,Medium,Base
0 days 02:22:00,85.55,91.0,79.0,0.52515,1.6409370095026017,Medium,Base
0 days 02:23:00,85.55,89.0,79.0,0.51815,1.6275367567796253,Medium,Base
0 days 02:24:00,85.55,89.0,83.0,0.51995,1.662783528443628,Medium,Base
0 days 02:25:00,85.55,89.0,83.0,0.51995,1.662783528443628,Medium,Base
0 days 02:26:00,85.55,89.0,85.0,0.52085,1.680692135214728,Medium,Base
0 days 02:27:00,85.55,89.0,88.0,0.5222,1.7079173442530575,Medium,Base
0 days 02:28:00,85.55,89.0,87.0,0.52175,1.698793622292251,Medium,Base
0 days 02:29:00,85.55,89.0,81.0,0.51905,1.6450657467437964,Medium,Base
0 days 02:30:00,85.55,89.0,80.0,0.5186000000000001,1.6362777790291754,Medium,Base
0 days 02:31:00,85.55,89.0,86.0,0.5213,1.6897186394011061,Medium,Base
0 days 02:32:00,85.55,89.0,88.0,0.5222,1.7079173442530575,Medium,Base
0 days 02:33:00,85.55,89.0,88.0,0.5222,1.7079173442530575,Medium,Base
0 days 02:34:00,85.55,89.0,92.0,0.524,1.7449048791908193,Medium,Base
0 days 02:35:00,85.66,89.0,92.0,0.52422,1.745351475532609,Medium,Base
0 days 02:36:00,85.66,89.0,89.0,0.5228700000000001,1.717529544379662,Medium,Base
0 days 02:37:00,85.66,89.0,92.0,0.52422,1.745351475532609,Medium,Base
0 days 02:38:00,85.66,89.0,96.0,0.52602,1.783149703237925,Medium,Base
0 days 02:39:00,85.66,89.0,97.0,0.52647,1.7927264769515476,Medium,Base
0 days 02:40:00,85.66,86.0,97.0,0.51597,1.7708116717141544,Medium,Base
0 days 02:41:00,85.66,86.0,97.0,0.51597,1.7708116717141544,Medium,Base
0 days 02:42:00,85.66,86.0,96.0,0.51552,1.7613519672430715,Medium,Base
0 days 02:43:00,85.66,86.0,95.0,0.51507,1.7519427966656311,Medium,Base
0 days 02:44:00,85.66,86.0,94.0,0.51462,1.7425838900289603,Medium,Base
0 days 02:45:00,85.66,86.0,96.0,0.51552,1.7613519672430715,Medium,Base
0 days 02:46:00,85.66,86.0,94.0,0.51462,1.7425838900289603,Medium,Base
0 days 02:47:00,85.77,86.0,91.0,0.51349,1.7152449685811655,Medium,Base
0 days 02:48:00,85.66,86.0,92.0,0.51372,1.7240157959691909,Medium,Base
0 days 02:49:00,85.77,87.0,92.0,0.51744,1.7315416140102675,Medium,Base
0 days 02:50:00,85.66,87.0,95.0,0.51857,1.7591402841921555,Medium,Base
0 days 02:51:00,85.77,87.0,94.0,0.51834,1.7501907630682512,Medium,Base
0 days 02:52:00,85.77,87.0,88.0,0.51564,1.6948373462257145,Medium,Base
0 days 02:53:00,85.77,87.0,88.0,0.51564,1.6948373462257145,Medium,Base
0 days 02:54:00,85.77,87.0,92.0,0.51744,1.7315416140102675,Medium,Base
0 days 02:55:00,85.77,87.0,96.0,0.51924,1.769040768263779,Medium,Base
0 days 02:56:00,85.89,87.0,98.0,0.5203800000000001,1.7885930534904246,Medium,Base
0 days 02:57:00,85.89,85.0,101.0,0.51473,1.8027234837963595,Medium,Base
0 days 02:58:00,85.89,85.0,102.0,0.51518,1.8124053825405877,High,Base
0 days 02:59:00,85.89,85.0,103.0,0.51563,1.8221392799213993,High,Base
0 days 03:00:00,85.89,85.0,105.0,0.51653,1.8417641891703085,High,Base
0 days 03:01:00,85.89,85.0,101.0,0.51473,1.8027234837963595,Medium,Base
0 days 03:02:00,86.0,85.0,94.0,0.5118,1.73682742229923,Medium,Base
0 days 03:03:00,86.0,85.0,91.0,0.51045,1.7091413695785231,Medium,Base
0 days 03:04:00,86.0,85.0,87.0,0.50865,1.672911929868219,Medium,Base
0 days 03:05:00,86.0,85.0,84.0,0.5073,1.6462447277658263,Medium,Base
0 days 03:06:00,86.11,86.0,85.0,0.51147,1.6623111459459816,Medium,Base
0 days 03:07:00,86.11,86.0,87.0,0.51237,1.6802146650359424,Medium,Base
0 days 03:08:00,86.11,86.0,87.0,0.51237,1.6802146650359424,Medium,Base
0 days 03:09:00,86.11,86.0,92.0,0.51462,1.7258216234372057,Medium,Base
0 days 03:10:00,86.11,86.0,99.0,0.5177700000000001,1.791758590554635,Medium,Base
0 days 03:11:00,86.22,86.0,101.0,0.51889,1.8115198192945825,High,Base
0 days 03:12:00,86.22,86.0,103.0,0.51979,1.8310303542180104,High,Base
0 days 03:13:00,86.22,86.0,108.0,0.52204,1.8807309829138592,High,Base
0 days 03:14:00,86.22,89.0,112.0,0.53434,1.945240236135952,High,Base
0 days 03:15:00,86.22,89.0,104.0,0.53074,1.8636460271177584,High,Base
0 days 03:16:00,86.22,89.0,94.0,0.52624,1.7664492206732116,Medium,Base
0 days 03:17:00,86.34,89.0,91.0,0.52513,1.7387763340125773,Medium,Base
0 days 03:18:00,86.34,89.0,89.0,0.5242300000000001,1.720248811347192,Medium,Base
0 days 03:19:00,86.34,89.0,93.0,0.52603,1.7575034028679393,Medium,Base
0 days 03:20:00,86.34,89.0,92.0,0.52558,1.7481147913833763,Medium,Base
0 days 03:21:00,86.34,89.0,88.0,0.52378,1.7110592144905572,Medium,Base
0 days 03:22:00,86.45,88.0,89.0,0.52095,1.7136489318803088,Medium,Base
0 days 03:23:00,86.45,88.0,89.0,0.52095,1.7136489318803088,Medium,Base
0 days 03:24:00,86.45,88.0,84.0,0.5187,1.6683636518204958,Medium,Base
0 days 03:25:00,86.45,88.0,83.0,0.51825,1.6594512263217176,Medium,Base
0 days 03:26:00,86.45,88.0,86.0,0.5196000000000001,1.6863323579572562,Medium,Base
0 days 03:27:00,86.56,88.0,87.0,0.52027,1.6958230772588643,Medium,Base
0 days 03:28:00,86.56,88.0,83.0,0.51847,1.6598759513917727,Medium,Base
0 days 03:29:00,86.56,88.0,79.0,0.5166700000000001,1.6246908129486246,Medium,Base
0 days 03:30:00,86.68,88.0,77.0,0.5160100000000001,1.6078277305122672,Medium,Base
0 days 03:31:00,86.68,91.0,76.0,0.52606,1.6190301805190768,Medium,Base
0 days 03:32:00,86.68,91.0,74.0,0.5251600000000001,1.6017786124026148,Medium,Base
0 days 03:33:00,86.68,91.0,71.0,0.52381,1.576245317303455,Medium,Base
0 days 03:34:00,86.68,91.0,72.0,0.52426,1.5847108682852715,Medium,Base
0 days 03:35:00,86.68,91.0,75.0,0.52561,1.6103812952185583,Medium,Base
0 days 03:36:00,86.79,91.0,75.0,0.52583,1.6107934611789543,Medium,Base
0 days 03:37:00,86.79,91.0,72.0,0.5244800000000001,1.5851164640773463,Medium,Base
0 days 03:38:00,86.79,91.0,69.0,0.5231300000000001,1.5598487734424242,Medium,Base
0 days 03:39:00,86.79,89.0,67.0,0.5152300000000001,1.530625474599076,Medium,Base
0 days 03:40:00,86.79,89.0,67.0,0.5152300000000001,1.530625474599076,Medium,Base
0 days 03:41:00,86.79,89.0,71.0,0.51703,1.5637734857770529,Medium,Base
0 days 03:42:00,86.9,89.0,75.0,0.51905,1.5980482720569833,Medium,Base
0 days 03:43:00,86.9,89.0,77.0,0.51995,1.6152596634473535,Medium,Base
0 days 03:44:00,86.9,89.0,76.0,0.5195000000000001,1.6066309203097604,Medium,Base
0 days 03:45:00,86.9,89.0,74.0,0.5186000000000001,1.589511472449405,Medium,Base
0 days 03:46:00,86.9,89.0,76.0,0.5195000000000001,1.6066309203097604,Medium,Base
0 days 03:47:00,86.9,89.0,80.0,0.5213000000000001,1.6414249444450646,Medium,Base
0 days 03:48:00,86.9,80.0,82.0,0.4907,1.5990001797676892,Medium,Base
0 days 03:49:00,86.9,80.0,82.0,0.4907,1.5990001797676892,Medium,Base
0 days 03:50:00,86.9,80.0,77.0,0.48845000000000005,1.5567446339500186,Medium,Base
0 days 03:51:00,87.01,80.0,72.0,0.48641999999999996,1.5159936516992591,Medium,Base
0 days 03:52:00,87.01,80.0,71.0,0.48597,1.5078951891952082,Medium,Base
0 days 03:53:00,87.01,80.0,72.0,0.48641999999999996,1.5159936516992591,Medium,Base
0 days 03:54:00,87.01,80.0,70.0,0.48552000000000006,1.4998399888082878,Medium,Base
0 days 03:55:00,87.01,80.0,70.0,0.48552000000000006,1.4998399888082878,Medium,Base
0 days 03:56:00,87.01,88.0,73.0,0.51487,1.5749545590973137,Medium,Base
0 days 03:57:00,87.13,88.0,74.0,0.51556,1.5838552887464115,Medium,Base
0 days 03:58:00,87.01,88.0,72.0,0.51442,1.566541126476315,Medium,Base
0 days 03:59:00,87.01,88.0,69.0,0.51307,1.5415695376702356,Medium,Base
0 days 04:00:00,87.13,88.0,69.0,0.51331,1.5419999652955363,Medium,Base
0 days 04:01:00,87.13,88.0,67.0,0.51241,1.525569192258094,Medium,Base
0 days 04:02:00,87.13,88.0,66.0,0.51196,1.5174195770621535,Medium,Base
0 days 04:03:00,87.13,88.0,68.0,0.51286,1.5337625766453948,Medium,Base
0 days 04:04:00,87.13,88.0,70.0,0.51376,1.5502815945424995,Medium,Base
0 days 04:05:00,87.13,87.0,72.0,0.51116,1.5605672650036457,Medium,Base
0 days 04:06:00,87.13,87.0,70.0,0.51026,1.5439386481955886,Medium,Base
0 days 04:07:00,87.13,87.0,67.0,0.50891,1.5193273562142051,Medium,Base
0 days 04:08:00,87.13,87.0,67.0,0.50891,1.5193273562142051,Medium,Base
0 days 04:09:00,87.13,87.0,69.0,0.50981,1.5356909030701706,Medium,Base
0 days 04:10:00,87.13,87.0,66.0,0.50846,1.5112110850069422,Medium,Base
0 days 04:11:00,87.13,87.0,62.0,0.50666,1.4791772627214845,Medium,Base
0 days 04:12:00,87.13,87.0,62.0,0.50666,1.4791772627214845,Medium,Base
0 days 04:13:00,87.13,87.0,62.0,0.50666,1.4791772627214845,Medium,Base
0 days 04:14:00,87.24,87.0,64.0,0.50778,1.495491045387106,Medium,Base
0 days 04:15:00,87.24,87.0,66.0,0.50868,1.5115978690375704,Medium,Base
0 days 04:16:00,87.24,87.0,65.0,0.50823,1.5035228888752967,Medium,Base
0 days 04:17:00,87.24,87.0,67.0,0.50913,1.5197162175483432,Medium,Base
0 days 04:18:00,87.24,87.0,71.0,0.51093,1.5526279722542686,Medium,Base
0 days 04:19:00,87.24,87.0,71.0,0.51093,1.5526279722542686,Medium,Base
0 days 04:20:00,87.24,87.0,70.0,0.51048,1.5443338086197784,Medium,Base
0 days 04:21:00,87.24,87.0,71.0,0.51093,1.5526279722542686,Medium,Base
0 days 04:22:00,87.24,86.0,72.0,0.50788,1.5545800172398052,Medium,Base
0 days 04:23:00,87.24,86.0,71.0,0.5074299999999999,1.5462754257495623,Medium,Base
0 days 04:24:00,87.24,86.0,71.0,0.5074299999999999,1.5462754257495623,Medium,Base
0 days 04:25:00,87.35,86.0,75.0,0.50945,1.5801666895607909,Medium,Base
0 days 04:26:00,87.35,86.0,75.0,0.50945,1.5801666895607909,Medium,Base
0 days 04:27:00,87.35,86.0,70.0,0.5072,1.5384088418787512,Medium,Base
0 days 04:28:00,87.35,86.0,68.0,0.5063,1.5220163340391941,Medium,Base
0 days 04:29:00,87.35,86.0,70.0,0.5072,1.5384088418787512,Medium,Base
0 days 04:30:00,87.35,88.0,70.0,0.5142,1.5510752638115053,Medium,Base
0 days 04:31:00,87.35,88.0,69.0,0.51375,1.5427893947705242,Medium,Base
0 days 04:32:00,87.35,88.0,71.0,0.5146499999999999,1.5594056338232585,Medium,Base
0 days 04:33:00,87.35,88.0,72.0,0.5151,1.5677807438074371,Medium,Base
0 days 04:34:00,87.46,88.0,73.0,0.51577,1.5766042517569419,Medium,Base
0 days 04:35:00,87.46,88.0,75.0,0.51667,1.5935846855268065,Medium,Base
0 days 04:36:00,87.46,88.0,75.0,0.51667,1.5935846855268065,Medium,Base
0 days 04:37:00,87.46,88.0,74.0,0.51622,1.5850717304703634,Medium,Base
0 days 04:38:00,87.46,89.0,75.0,0.52017,1.6001315921486263,Medium,Base
0 days 04:39:00,87.46,89.0,74.0,0.51972,1.5915836634115645,Medium,Base
0 days 04:40:00,87.57,89.0,74.0,0.51994,1.5919910182480421,Medium,Base
0 days 04:41:00,87.57,89.0,76.0,0.52084,1.6091371714551361,Medium,Base
0 days 04:42:00,87.57,89.0,80.0,0.52264,1.64398547225208,Medium,Base
0 days 04:43:00,87.57,89.0,80.0,0.52264,1.64398547225208,Medium,Base
0 days 04:44:00,87.57,89.0,79.0,0.5221899999999999,1.6352032753811925,Medium,Base
0 days 04:45:00,87.69,89.0,78.0,0.52198,1.6269221256006343,Medium,Base
0 days 04:46:00,87.69,89.0,77.0,0.52153,1.6182310814023824,Medium,Base
0 days 04:47:00,87.69,86.0,77.0,0.51103,1.5984493581813737,Medium,Base
0 days 04:48:00,87.69,86.0,77.0,0.51103,1.5984493581813737,Medium,Base
0 days 04:49:00,87.69,86.0,77.0,0.51103,1.5984493581813737,Medium,Base
0 days 04:50:00,87.8,86.0,77.0,0.51125,1.598858470244967,Medium,Base
0 days 04:51:00,87.8,86.0,77.0,0.51125,1.598858470244967,Medium,Base
0 days 04:52:00,87.8,86.0,78.0,0.5117,1.607445469834424,Medium,Base
0 days 04:53:00,87.8,86.0,79.0,0.51215,1.6160785876784494,Medium,Base
0 days 04:54:00,87.8,86.0,80.0,0.5126,1.6247580714646528,Medium,Base
0 days 04:55:00,87.8,88.0,81.0,0.52005,1.646933390702314,Medium,Base
0 days 04:56:00,87.91,88.0,78.0,0.51892,1.6210951037447705,Medium,Base
0 days 04:57:00,87.91,88.0,72.0,0.51622,1.5698246051725642,Medium,Base
0 days 04:58:00,87.91,88.0,69.0,0.51487,1.5448006757809294,Medium,Base
0 days 04:59:00,87.91,88.0,66.0,0.51352,1.5201756425717947,Medium,Base
0 days 05:00:00,87.91,88.0,62.0,0.51172,1.4879517945204137,Medium,Base
0 days 05:01:00,87.91,88.0,60.0,0.51082,1.4720969315005341,Low,Base
0 days 05:02:00,88.02,88.0,56.0,0.50924,1.441261015956548,Low,Base
0 days 05:03:00,88.02,92.0,54.0,0.52234,1.4494805590030762,Low,Base
0 days 05:04:00,88.02,92.0,53.0,0.52189,1.4417374105114715,Low,Base
0 days 05:05:00,88.02,92.0,51.0,0.52099,1.4263749846328408,Low,Base
0 days 05:06:00,88.02,92.0,53.0,0.52189,1.4417374105114715,Low,Base
0 days 05:07:00,88.02,92.0,58.0,0.52414,1.4808712542250277,Medium,Base
0 days 05:08:00,88.14,92.0,62.0,0.52618,1.5133641968131266,Medium,Base
0 days 05:09:00,88.02,92.0,64.0,0.52684,1.5292365348272001,Medium,Base
0 days 05:10:00,88.02,92.0,61.0,0.52549,1.5048596031976842,Medium,Base
0 days 05:11:00,88.14,91.0,59.0,0.5213300000000001,1.4831470825865427,Medium,Base
0 days 05:12:00,88.02,91.0,62.0,0.52244,1.506751591294545,Medium,Base
0 days 05:13:00,88.14,91.0,63.0,0.52313,1.5152668773293034,Medium,Base
0 days 05:14:00,88.14,91.0,63.0,0.52313,1.5152668773293034,Medium,Base
0 days 05:15:00,88.14,91.0,65.0,0.52403,1.5315866917820977,Medium,Base
0 days 05:16:00,88.14,91.0,63.0,0.52313,1.5152668773293034,Medium,Base
0 days 05:17:00,88.14,91.0,59.0,0.5213300000000001,1.4831470825865427,Medium,Base
0 days 05:18:00,88.14,91.0,59.0,0.5213300000000001,1.4831470825865427,Medium,Base
0 days 05:19:00,88.14,91.0,60.0,0.52178,1.491112630273402,Medium,Base
0 days 05:20:00,88.14,91.0,62.0,0.52268,1.507172297265642,Medium,Base
0 days 05:21:00,88.14,91.0,64.0,0.5235799999999999,1.5234049310067819,Medium,Base
0 days 05:22:00,88.02,91.0,66.0,0.52424,1.5393825773976275,Medium,Base
0 days 05:23:00,88.14,91.0,65.0,0.52403,1.5315866917820977,Medium,Base
0 days 05:24:00,88.02,91.0,66.0,0.52424,1.5393825773976275,Medium,Base
0 days 05:25:00,88.14,91.0,66.0,0.5244800000000001,1.5398123943932462,Medium,Base
0 days 05:26:00,88.02,91.0,61.0,0.52199,1.498702500026029,Medium,Base
0 days 05:27:00,88.02,92.0,57.0,0.52369,1.472960416133967,Low,Base
0 days 05:28:00,88.02,92.0,56.0,0.52324,1.4650918378674014,Low,Base
0 days 05:29:00,88.14,92.0,58.0,0.5243800000000001,1.481284734046571,Medium,Base
0 days 05:30:00,88.02,92.0,58.0,0.52414,1.4808712542250277,Medium,Base
0 days 05:31:00,88.02,92.0,58.0,0.52414,1.4808712542250277,Medium,Base
0 days 05:32:00,88.02,92.0,63.0,0.52639,1.521067328628189,Medium,Base
0 days 05:33:00,88.02,92.0,65.0,0.52729,1.5374496154350992,Medium,Base
0 days 05:34:00,88.02,92.0,62.0,0.52594,1.5129417624602668,Medium,Base
0 days 05:35:00,88.02,92.0,61.0,0.52549,1.5048596031976842,Medium,Base
0 days 05:36:00,88.02,89.0,60.0,0.51454,1.4785230522305197,Medium,Base
0 days 05:37:00,88.02,89.0,60.0,0.51454,1.4785230522305197,Medium,Base
0 days 05:38:00,87.91,89.0,61.0,0.51477,1.4860834128308233,Medium,Base
0 days 05:39:00,88.02,89.0,60.0,0.51454,1.4785230522305197,Medium,Base
0 days 05:40:00,87.91,89.0,60.0,0.51432,1.4781447313045435,Medium,Base
0 days 05:41:00,87.91,89.0,60.0,0.51432,1.4781447313045435,Medium,Base
0 days 05:42:00,88.02,89.0,61.0,0.51499,1.4864637656074586,Medium,Base
0 days 05:43:00,87.91,89.0,59.0,0.51387,1.4702484583428375,Low,Base
0 days 05:44:00,87.91,92.0,55.0,0.52257,1.4568924121308722,Low,Base
0 days 05:45:00,87.91,92.0,53.0,0.52167,1.4413685022071088,Low,Base
0 days 05:46:00,87.91,92.0,55.0,0.52257,1.4568924121308722,Low,Base
0 days 05:47:00,87.91,92.0,59.0,0.52437,1.488443622249777,Medium,Base
0 days 05:48:00,87.8,92.0,64.0,0.5264,1.5284540402113356,Medium,Base
0 days 05:49:00,87.8,92.0,68.0,0.5282,1.5615550256912882,Medium,Base
0 days 05:50:00,87.8,92.0,68.0,0.5282,1.5615550256912882,Medium,Base
0 days 05:51:00,87.8,92.0,65.0,0.52685,1.5366629182703095,Medium,Base
0 days 05:52:00,87.8,92.0,65.0,0.52685,1.5366629182703095,Medium,Base
0 days 05:53:00,87.8,83.0,65.0,0.49534999999999996,1.4809951652613964,Medium,Base
0 days 05:54:00,87.8,83.0,62.0,0.494,1.4573872294940884,Low,Base
0 days 05:55:00,87.69,83.0,62.0,0.49378,1.457014316751648,Low,Base
0 days 05:56:00,87.69,83.0,63.0,0.49422999999999995,1.4648395130229994,Low,Base
0 days 05:57:00,87.69,83.0,64.0,0.49468,1.4727067361268815,Low,Base
0 days 05:58:00,87.69,83.0,63.0,0.49422999999999995,1.4648395130229994,Low,Base
0 days 05:59:00,87.69,83.0,61.0,0.49332999999999994,1.4492309228048115,Low,Base
0 days 06:00:00,87.69,83.0,61.0,0.49332999999999994,1.4492309228048115,Low,Base
0 days 06:01:00,87.69,89.0,62.0,0.51478,1.4933002331204155,Medium,Base
0 days 06:02:00,87.69,89.0,62.0,0.51478,1.4933002331204155,Medium,Base
0 days 06:03:00,87.69,89.0,68.0,0.51748,1.5420714443868229,Medium,Base
0 days 06:04:00,87.69,89.0,67.0,0.51703,1.5338336738942244,Medium,Base
0 days 06:05:00,87.57,89.0,66.0,0.51634,1.525214048758635,Medium,Base
0 days 06:06:00,87.57,89.0,70.0,0.51814,1.5582448673201137,Medium,Base
0 days 06:07:00,87.57,89.0,70.0,0.51814,1.5582448673201137,Medium,Base
0 days 06:08:00,87.57,89.0,67.0,0.51679,1.5334055257744323,Medium,Base
0 days 06:09:00,87.57,89.0,63.0,0.51499,1.5009012379277273,Medium,Base
0 days 06:10:00,87.57,83.0,62.0,0.49354,1.4566076116760949,Low,Base
0 days 06:11:00,87.46,83.0,63.0,0.49376999999999993,1.4640559086646368,Low,Base
0 days 06:12:00,87.46,83.0,65.0,0.49466999999999994,1.4798241677979957,Medium,Base
0 days 06:13:00,87.46,83.0,67.0,0.49556999999999995,1.4957622551425762,Medium,Base
0 days 06:14:00,87.46,83.0,70.0,0.49692000000000003,1.519991820578543,Medium,Base
0 days 06:15:00,87.46,83.0,74.0,0.49871999999999994,1.5529095438851992,Medium,Base
0 days 06:16:00,87.46,83.0,75.0,0.49917,1.561249765276879,Medium,Base
0 days 06:17:00,87.46,83.0,75.0,0.49917,1.561249765276879,Medium,Base
0 days 06:18:00,87.46,83.0,75.0,0.49917,1.561249765276879,Medium,Base
0 days 06:19:00,87.35,83.0,75.0,0.49895,1.560850276438346,Medium,Base
0 days 06:20:00,87.35,83.0,73.0,0.49805,1.54421864400334,Medium,Base
0 days 06:21:00,87.35,83.0,70.0,0.49670000000000003,1.5196028887237638,Medium,Base
0 days 06:22:00,87.35,83.0,68.0,0.4958,1.5034107676254498,Medium,Base
0 days 06:23:00,87.35,83.0,69.0,0.49624999999999997,1.5114851456173974,Medium,Base
0 days 06:24:00,87.35,83.0,68.0,0.4958,1.5034107676254498,Medium,Base
0 days 06:25:00,87.24,83.0,67.0,0.49512999999999996,1.4949968889715444,Medium,Base
0 days 06:26:00,87.24,83.0,70.0,0.49648000000000003,1.5192140563879333,Medium,Base
0 days 06:27:00,87.24,83.0,72.0,0.49737999999999993,1.5355763829755948,Medium,Base
0 days 06:28:00,87.24,81.0,72.0,0.4903799999999999,1.5230365283144192,Medium,Base
0 days 06:29:00,87.24,81.0,72.0,0.4903799999999999,1.5230365283144192,Medium,Base
0 days 06:30:00,87.24,81.0,71.0,0.48993,1.5149004426500567,Medium,Base
0 days 06:31:00,87.24,81.0,73.0,0.49083,1.531216310506998,Medium,Base
0 days 06:32:00,87.13,81.0,74.0,0.49105999999999994,1.5390461156947055,Medium,Base
0 days 06:33:00,87.24,81.0,70.0,0.48948,1.5068078200863537,Medium,Base
0 days 06:34:00,87.24,81.0,66.0,0.48768,1.4748673357914264,Low,Base
0 days 06:35:00,87.13,81.0,66.0,0.48746,1.4744899502813884,Low,Base
0 days 06:36:00,87.13,85.0,68.0,0.50236,1.515013420775983,Medium,Base
0 days 06:37:00,87.13,85.0,69.0,0.50281,1.5231501132127012,Medium,Base
0 days 06:38:00,87.13,85.0,70.0,0.50326,1.5313305054364326,Medium,Base
0 days 06:39:00,87.13,85.0,70.0,0.50326,1.5313305054364326,Medium,Base
0 days 06:40:00,87.13,85.0,70.0,0.50326,1.5313305054364326,Medium,Base
0 days 06:41:00,87.13,85.0,70.0,0.50326,1.5313305054364326,Medium,Base
0 days 06:42:00,87.13,85.0,70.0,0.50326,1.5313305054364326,Medium,Base
0 days 06:43:00,87.01,85.0,71.0,0.50347,1.5391250870451714,Medium,Base
0 days 06:44:00,87.01,85.0,72.0,0.50392,1.5473912761648094,Medium,Base
0 days 06:45:00,87.13,85.0,72.0,0.5041599999999999,1.547823329300354,Medium,Base
0 days 06:46:00,87.01,85.0,72.0,0.50392,1.5473912761648094,Medium,Base
0 days 06:47:00,87.01,85.0,73.0,0.50437,1.5557018605601378,Medium,Base
0 days 06:48:00,87.01,85.0,73.0,0.50437,1.5557018605601378,Medium,Base
0 days 06:49:00,87.01,85.0,70.0,0.50302,1.5309030560409462,Medium,Base
0 days 06:50:00,87.01,85.0,67.0,0.5016700000000001,1.506499559081109,Medium,Base
0 days 06:51:00,87.01,85.0,68.0,0.50212,1.5145905260654255,Medium,Base
0 days 06:52:00,86.9,85.0,71.0,0.50325,1.5387312594161424,Medium,Base
0 days 06:53:00,86.9,85.0,75.0,0.50505,1.5720548136320354,Medium,Base
0 days 06:54:00,86.9,86.0,76.0,0.509,1.5869910008018868,Medium,Base
0 days 06:55:00,86.9,86.0,75.0,0.5085500000000001,1.5785132693154424,Medium,Base
0 days 06:56:00,86.9,86.0,74.0,0.5081,1.5700808260071415,Medium,Base
0 days 06:57:00,86.9,86.0,74.0,0.5081,1.5700808260071415,Medium,Base
0 days 06:58:00,86.79,86.0,75.0,0.5083300000000001,1.578109363132977,Medium,Base
0 days 06:59:00,86.79,86.0,79.0,0.5101300000000001,1.6122857097816596,Medium,Base
0 days 07:00:00,86.79,86.0,78.0,0.50968,1.6036728535524474,Medium,Base
0 days 07:01:00,86.79,86.0,75.0,0.5083300000000001,1.578109363132977,Medium,Base
0 days 07:02:00,86.79,90.0,71.0,0.52053,1.5701979193713527,Medium,Base
0 days 07:03:00,86.79,90.0,64.0,0.5173800000000001,1.5124144159891273,Medium,Base
0 days 07:04:00,86.79,90.0,62.0,0.51648,1.4962988916266413,Medium,Base
0 days 07:05:00,86.68,90.0,63.0,0.51671,1.5039501481758482,Medium,Base
0 days 07:06:00,86.68,90.0,67.0,0.51851,1.5365204647883504,Medium,Base
0 days 07:07:00,86.68,90.0,70.0,0.51986,1.56141026463274,Medium,Base
0 days 07:08:00,86.68,90.0,69.0,0.51941,1.5530691858509158,Medium,Base
0 days 07:09:00,86.68,90.0,72.0,0.52076,1.578227055248798,Medium,Base
0 days 07:10:00,86.56,90.0,74.0,0.52142,1.5947796823934182,Medium,Base
0 days 07:11:00,86.56,82.0,76.0,0.49432,1.5599430010413913,Medium,Base
0 days 07:12:00,86.56,82.0,79.0,0.49567000000000005,1.5852122180510877,Medium,Base
0 days 07:13:00,86.56,82.0,80.0,0.49612,1.5937259276250948,Medium,Base
0 days 07:14:00,86.56,82.0,78.0,0.49522,1.576743988850747,Medium,Base
0 days 07:15:00,86.45,82.0,78.0,0.495,1.5763405353875157,Medium,Base
0 days 07:16:00,86.56,82.0,81.0,0.49656999999999996,1.6022853618345074,Medium,Base
0 days 07:17:00,86.45,82.0,81.0,0.49634999999999996,1.6018753729061284,Medium,Base
0 days 07:18:00,86.45,82.0,82.0,0.4968,1.6104785753943376,Medium,Base
0 days 07:19:00,86.45,87.0,83.0,0.51475,1.6526616145950943,Medium,Base
0 days 07:20:00,86.45,87.0,77.0,0.51205,1.6003927595749892,Medium,Base
0 days 07:21:00,86.45,87.0,70.0,0.5089,1.541498081843653,Medium,Base
0 days 07:22:00,86.45,87.0,73.0,0.51025,1.566468513150524,Medium,Base
0 days 07:23:00,86.45,87.0,78.0,0.5125000000000001,1.6089879993821339,Medium,Base
0 days 07:24:00,86.34,87.0,80.0,0.5131800000000001,1.6259010763117128,Medium,Base
0 days 07:25:00,86.34,87.0,80.0,0.5131800000000001,1.6259010763117128,Medium,Base
0 days 07:26:00,86.34,87.0,81.0,0.51363,1.634633313801531,Medium,Base
0 days 07:27:00,86.34,87.0,83.0,0.51453,1.6522387355122041,Medium,Base
0 days 07:28:00,86.34,81.0,82.0,0.49307999999999996,1.603478934947118,Medium,Base
0 days 07:29:00,86.34,81.0,77.0,0.49083,1.561105032516931,Medium,Base
0 days 07:30:00,86.22,81.0,73.0,0.48878999999999995,1.5275870622210943,Medium,Base
0 days 07:31:00,86.22,81.0,75.0,0.48968999999999996,1.5440395682376433,Medium,Base
0 days 07:32:00,86.22,81.0,76.0,0.49014,1.5523321515933985,Medium,Base
0 days 07:33:00,86.22,81.0,76.0,0.49014,1.5523321515933985,Medium,Base
0 days 07:34:00,86.11,81.0,79.0,0.49127,1.5770744406137265,Medium,Base
0 days 07:35:00,86.22,81.0,79.0,0.49149,1.5774780819149272,Medium,Base
0 days 07:36:00,86.11,81.0,76.0,0.48992,1.5519349445724275,Medium,Base
0 days 07:37:00,86.11,82.0,75.0,0.49297,1.5499862209346373,Medium,Base
0 days 07:38:00,86.11,82.0,78.0,0.49432,1.5750941499760764,Medium,Base
0 days 07:39:00,86.11,82.0,80.0,0.49522,1.5920583195609075,Medium,Base
0 days 07:40:00,86.11,82.0,81.0,0.49566999999999994,1.6006087975368388,Medium,Base
0 days 07:41:00,86.11,82.0,82.0,0.49612,1.6092051976204713,Medium,Base
0 days 07:42:00,86.11,82.0,82.0,0.49612,1.6092051976204713,Medium,Base
0 days 07:43:00,86.0,82.0,77.0,0.49365000000000003,1.5662790933516606,Medium,Base
0 days 07:44:00,86.0,82.0,72.0,0.49139999999999995,1.5248882424750858,Medium,Base
0 days 07:45:00,86.0,82.0,73.0,0.49185,1.533077969680956,Medium,Base
0 days 07:46:00,85.89,82.0,72.0,0.49117999999999995,1.524498057735637,Medium,Base
0 days 07:47:00,85.89,82.0,71.0,0.49073,1.516354164557567,Medium,Base
0 days 07:48:00,85.89,82.0,74.0,0.49207999999999996,1.5409172943784533,Medium,Base
0 days 07:49:00,85.89,82.0,72.0,0.49117999999999995,1.524498057735637,Medium,Base
0 days 07:50:00,85.89,82.0,69.0,0.48983,1.5001966602236092,Medium,Base
0 days 07:51:00,85.89,82.0,71.0,0.49073,1.516354164557567,Medium,Base
0 days 07:52:00,85.89,82.0,69.0,0.48983,1.5001966602236092,Medium,Base
0 days 07:53:00,85.77,82.0,65.0,0.48778999999999995,1.4679864334624944,Low,Base
0 days 07:54:00,85.77,82.0,60.0,0.48553999999999997,1.4291930869802534,Low,Base
0 days 07:55:00,85.77,86.0,57.0,0.49819,1.4296654926007717,Low,Base
0 days 07:56:00,85.77,86.0,60.0,0.49954,1.4528243692774747,Low,Base
0 days 07:57:00,85.77,86.0,63.0,0.50089,1.4763583921486565,Low,Base
0 days 07:58:00,85.66,86.0,63.0,0.50067,1.4759806251107006,Low,Base
0 days 07:59:00,85.77,86.0,61.0,0.49998999999999993,1.4606270625706637,Low,Base
0 days 08:00:00,85.66,86.0,62.0,0.50022,1.4680959128391373,Low,Base
0 days 08:01:00,85.66,86.0,63.0,0.50067,1.4759806251107006,Low,Base
0 days 08:02:00,85.66,86.0,62.0,0.50022,1.4680959128391373,Low,Base
0 days 08:03:00,85.66,86.0,61.0,0.49976999999999994,1.4602533208275206,Low,Base
0 days 08:04:00,85.66,84.0,61.0,0.49276999999999993,1.448328570867383,Low,Base
0 days 08:05:00,85.66,84.0,65.0,0.49456999999999995,1.4796943180427795,Medium,Base
0 days 08:06:00,85.66,84.0,69.0,0.49637,1.5117393379437574,Medium,Base
0 days 08:07:00,85.55,84.0,71.0,0.49705,1.5276301735061928,Medium,Base
0 days 08:08:00,85.66,84.0,72.0,0.49771999999999994,1.536227713074832,Medium,Base
0 days 08:09:00,85.55,84.0,74.0,0.49839999999999995,1.5523759612299226,Medium,Base
0 days 08:10:00,85.66,84.0,74.0,0.49861999999999995,1.5527732811260586,Medium,Base
0 days 08:11:00,85.55,84.0,70.0,0.49660000000000004,1.5194695485152305,Medium,Base
0 days 08:12:00,85.55,85.0,71.0,0.5005499999999999,1.5339061199240094,Medium,Base
0 days 08:13:00,85.55,85.0,71.0,0.5005499999999999,1.5339061199240094,Medium,Base
0 days 08:14:00,85.55,85.0,69.0,0.49965000000000004,1.5175615908160698,Medium,Base
0 days 08:15:00,85.55,85.0,70.0,0.5001,1.5257119687262024,Medium,Base
0 days 08:16:00,85.55,85.0,74.0,0.5019,1.5587535704981557,Medium,Base
0 days 08:17:00,85.55,85.0,77.0,0.50325,1.5840035201509715,Medium,Base
0 days 08:18:00,85.55,85.0,78.0,0.5037,1.5925107381633017,Medium,Base
0 days 08:19:00,85.55,85.0,79.0,0.50415,1.6010636459467649,Medium,Base
0 days 08:20:00,85.55,85.0,78.0,0.5037,1.5925107381633017,Medium,Base
0 days 08:21:00,85.44,81.0,76.0,0.48858,1.5495177866064187,Medium,Base
0 days 08:22:00,85.55,81.0,75.0,0.48834999999999995,1.5416347074184118,Medium,Base
0 days 08:23:00,85.44,81.0,76.0,0.48858,1.5495177866064187,Medium,Base
0 days 08:24:00,85.44,81.0,75.0,0.48812999999999995,1.5412402376337522,Medium,Base
0 days 08:25:00,85.44,81.0,73.0,0.48722999999999994,1.5248175598706692,Medium,Base
0 days 08:26:00,85.44,81.0,75.0,0.48812999999999995,1.5412402376337522,Medium,Base
0 days 08:27:00,85.44,81.0,78.0,0.48948,1.5662064921717986,Medium,Base
0 days 08:28:00,85.44,81.0,79.0,0.48993,1.5746181275701612,Medium,Base
0 days 08:29:00,85.44,81.0,79.0,0.48993,1.5746181275701612,Medium,Base
0 days 08:30:00,85.44,81.0,79.0,0.48993,1.5746181275701612,Medium,Base
0 days 08:31:00,85.44,81.0,77.0,0.48902999999999996,1.5578397918652127,Medium,Base
0 days 08:32:00,85.44,81.0,77.0,0.48902999999999996,1.5578397918652127,Medium,Base
0 days 08:33:00,85.32,81.0,80.0,0.49014,1.5826330462662705,Medium,Base
0 days 08:34:00,85.44,81.0,81.0,0.49083,1.5915771702711037,Medium,Base
0 days 08:35:00,85.32,81.0,80.0,0.49014,1.5826330462662705,Medium,Base
0 days 08:36:00,85.32,81.0,81.0,0.49058999999999997,1.5911329038655908,Medium,Base
0 days 08:37:00,85.32,81.0,77.0,0.48879,1.5574049427748737,Medium,Base
0 days 08:38:00,85.32,81.0,72.0,0.48654,1.5162486022385946,Medium,Base
0 days 08:39:00,85.32,81.0,73.0,0.48699,1.524391928472431,Medium,Base
0 days 08:40:00,85.32,78.0,72.0,0.47603999999999996,1.497713542241025,Medium,Base
0 days 08:41:00,85.32,78.0,72.0,0.47603999999999996,1.497713542241025,Medium,Base
0 days 08:42:00,85.32,78.0,71.0,0.47558999999999996,1.4897127323761201,Medium,Base
0 days 08:43:00,85.32,78.0,71.0,0.47558999999999996,1.4897127323761201,Medium,Base
0 days 08:44:00,85.32,78.0,74.0,0.47694,1.5138443027549033,Medium,Base
0 days 08:45:00,85.32,78.0,73.0,0.47648999999999997,1.5057573221075302,Medium,Base
0 days 08:46:00,85.32,78.0,69.0,0.47469,1.47383910569159,Low,Base
0 days 08:47:00,85.32,78.0,64.0,0.47243999999999997,1.4348910951494813,Low,Base
0 days 08:48:00,85.32,78.0,61.0,0.47108999999999995,1.412018085431457,Low,Base
0 days 08:49:00,85.32,84.0,58.0,0.49074,1.4241144459807553,Low,Base
0 days 08:50:00,85.32,84.0,56.0,0.48984,1.4089398015139067,Low,Base
0 days 08:51:00,85.32,84.0,58.0,0.49074,1.4241144459807553,Low,Base
0 days 08:52:00,85.32,84.0,59.0,0.49119,1.4317629467020871,Low,Base
0 days 08:53:00,85.32,84.0,54.0,0.48894,1.3939268503964553,Low,Base
0 days 08:54:00,85.32,84.0,50.0,0.48714,1.364379154877584,Low,Base
0 days 08:55:00,85.32,84.0,49.0,0.48669,1.3570906194574655,Low,Base
0 days 08:56:00,85.32,84.0,52.0,0.48804,1.3790738697057123,Low,Base
0 days 08:57:00,85.32,85.0,54.0,0.49244,1.3996535049069283,Low,Base
0 days 08:58:00,85.32,85.0,56.0,0.49334,1.4147281335680815,Low,Base
0 days 08:59:00,85.32,85.0,60.0,0.49514,1.4453662124211706,Low,Base
0 days 09:00:00,85.32,85.0,58.0,0.49424,1.4299651198616594,Low,Base
0 days 09:01:00,85.32,85.0,53.0,0.49199,1.3921765333408223,Low,Base
0 days 09:02:00,85.32,85.0,55.0,0.49289,1.4071706330928748,Low,Base
0 days 09:03:00,85.32,85.0,58.0,0.49424,1.4299651198616594,Low,Base
0 days 09:04:00,85.32,85.0,61.0,0.49559,1.4531288501428032,Low,Base
0 days 09:05:00,85.32,85.0,64.0,0.49694,1.476667805241032,Low,Base
0 days 09:06:00,85.32,84.0,64.0,0.49344,1.4706260482506714,Low,Base
0 days 09:07:00,85.32,84.0,63.0,0.49299,1.462769940214936,Low,Base
0 days 09:08:00,85.32,84.0,62.0,0.49254,1.4549557996348579,Low,Base
0 days 09:09:00,85.32,84.0,63.0,0.49299,1.462769940214936,Low,Base
0 days 09:10:00,85.32,84.0,64.0,0.49344,1.4706260482506714,Low,Base
0 days 09:11:00,85.32,84.0,65.0,0.49389,1.4785243491369522,Medium,Base
0 days 09:12:00,85.32,84.0,64.0,0.49344,1.4706260482506714,Low,Base
0 days 09:13:00,85.32,84.0,63.0,0.49299,1.462769940214936,Low,Base
0 days 09:14:00,85.32,84.0,65.0,0.49389,1.4785243491369522,Medium,Base
0 days 09:15:00,85.32,85.0,76.0,0.50234,1.5746989241874516,Medium,Base
0 days 09:16:00,85.32,85.0,77.0,0.5027900000000001,1.5831561699456984,Medium,Base
0 days 09:17:00,85.32,85.0,71.0,0.5000899999999999,1.5330855689283505,Medium,Base
0 days 09:18:00,85.32,85.0,72.0,0.50054,1.5413193215687409,Medium,Base
0 days 09:19:00,85.32,85.0,73.0,0.50099,1.5495972952780117,Medium,Base
0 days 09:20:00,85.32,85.0,70.0,0.49964000000000003,1.5248958011271783,Medium,Base
0 days 09:21:00,85.32,85.0,70.0,0.49964000000000003,1.5248958011271783,Medium,Base
0 days 09:22:00,85.32,85.0,75.0,0.50189,1.5662868571722584,Medium,Base
0 days 09:23:00,85.32,85.0,78.0,0.50324,1.5916588370887677,Medium,Base
0 days 09:24:00,85.32,85.0,76.0,0.50234,1.5746989241874516,Medium,Base
0 days 09:25:00,85.32,85.0,73.0,0.50099,1.5495972952780117,Medium,Base
0 days 09:26:00,85.32,85.0,72.0,0.50054,1.5413193215687409,Medium,Base
0 days 09:27:00,85.32,85.0,73.0,0.50099,1.5495972952780117,Medium,Base
0 days 09:28:00,85.32,85.0,71.0,0.5000899999999999,1.5330855689283505,Medium,Base
0 days 09:29:00,85.32,85.0,67.0,0.49829,1.5005880633510769,Medium,Base
0 days 09:30:00,85.32,85.0,64.0,0.49694,1.476667805241032,Low,Base
0 days 09:31:00,85.21,85.0,64.0,0.49672,1.4762899590311975,Low,Base
0 days 09:32:00,85.32,86.0,66.0,0.50134,1.4987038146331362,Medium,Base
0 days 09:33:00,85.32,86.0,65.0,0.5008900000000001,1.4906977147171634,Medium,Base
0 days 09:34:00,85.21,86.0,63.0,0.49977,1.4744362207997996,Low,Base
0 days 09:35:00,85.21,86.0,59.0,0.49797,1.443181931880839,Low,Base
0 days 09:36:00,85.21,86.0,59.0,0.49797,1.443181931880839,Low,Base
0 days 09:37:00,85.21,86.0,68.0,0.50202,1.5144576256754045,Medium,Base
0 days 09:38:00,85.21,86.0,77.0,0.50607,1.589253474769639,Medium,Base
0 days 09:39:00,85.21,86.0,76.0,0.50562,1.5807636571108192,Medium,Base
0 days 09:40:00,85.21,84.0,71.0,0.49637,1.5264223025420267,Medium,Base
0 days 09:41:00,85.21,84.0,72.0,0.49682,1.53462026873428,Medium,Base
0 days 09:42:00,85.21,84.0,74.0,0.49772,1.5511485241960392,Medium,Base
0 days 09:43:00,85.21,84.0,72.0,0.49682,1.53462026873428,Medium,Base
0 days 09:44:00,85.1,84.0,70.0,0.49570000000000003,1.5178796392162288,Medium,Base
0 days 09:45:00,85.21,84.0,69.0,0.49547,1.5101575172133506,Medium,Base
0 days 09:46:00,85.21,84.0,69.0,0.49547,1.5101575172133506,Medium,Base
0 days 09:47:00,85.1,84.0,73.0,0.49705,1.542467479908068,Medium,Base
0 days 09:48:00,85.1,84.0,78.0,0.4993,1.584335493356197,Medium,Base
0 days 09:49:00,85.1,82.0,77.0,0.49185,1.5630030305237148,Medium,Base
0 days 09:50:00,85.1,82.0,74.0,0.4905,1.5380878410523173,Medium,Base
0 days 09:51:00,85.1,82.0,72.0,0.4896,1.5216987536354856,Medium,Base
0 days 09:52:00,85.1,82.0,72.0,0.4896,1.5216987536354856,Medium,Base
0 days 09:53:00,85.1,82.0,73.0,0.49005,1.5298713510328918,Medium,Base
0 days 09:54:00,85.1,82.0,73.0,0.49005,1.5298713510328918,Medium,Base
0 days 09:55:00,85.1,82.0,69.0,0.48825,1.4974419786806001,Medium,Base
0 days 09:56:00,85.1,82.0,65.0,0.48645,1.4657000263459807,Low,Base
0 days 09:57:00,85.1,82.0,63.0,0.48555,1.4500822669323168,Low,Base
0 days 09:58:00,85.1,82.0,63.0,0.48555,1.4500822669323168,Low,Base
0 days 09:59:00,84.99,81.0,64.0,0.48228,1.4515338760393015,Low,Base
0 days 10:00:00,84.99,81.0,64.0,0.48228,1.4515338760393015,Low,Base
0 days 10:01:00,84.99,81.0,65.0,0.48273,1.4593296384720593,Low,Base
0 days 10:02:00,84.99,81.0,66.0,0.48318,1.4671672696568396,Low,Base
0 days 10:03:00,84.99,81.0,68.0,0.48408,1.4829690389492656,Medium,Base
0 days 10:04:00,84.99,81.0,71.0,0.48543,1.5069913695336867,Medium,Base
0 days 10:05:00,84.99,81.0,71.0,0.48543,1.5069913695336867,Medium,Base
0 days 10:06:00,84.99,81.0,72.0,0.48588,1.515084977887601,Medium,Base
0 days 10:07:00,84.99,84.0,72.0,0.49638,1.5338350193171144,Medium,Base
0 days 10:08:00,84.99,84.0,76.0,0.49818,1.567052538043447,Medium,Base
0 days 10:09:00,84.99,84.0,79.0,0.49953000000000003,1.5924369210773017,Medium,Base
0 days 10:10:00,84.88,84.0,77.0,0.49841,1.5750655901560646,Medium,Base
0 days 10:11:00,84.88,84.0,79.0,0.49931000000000003,1.5920294521442797,Medium,Base
0 days 10:12:00,84.88,84.0,79.0,0.49931000000000003,1.5920294521442797,Medium,Base
0 days 10:13:00,84.88,84.0,76.0,0.49796,1.5666515644053614,Medium,Base
0 days 10:14:00,84.88,84.0,75.0,0.49751,1.5582824865157352,Medium,Base
0 days 10:15:00,84.88,84.0,78.0,0.49886,1.5835248051696147,Medium,Base
0 days 10:16:00,84.88,81.0,81.0,0.48971,1.5895049877628051,Medium,Base
0 days 10:17:00,84.88,81.0,83.0,0.49061,1.6066243657814159,Medium,Base
0 days 10:18:00,84.88,81.0,85.0,0.49151,1.623928123909558,Medium,Base
0 days 10:19:00,84.76,81.0,87.0,0.49217,1.640960069126401,Medium,Base
0 days 10:20:00,84.76,81.0,89.0,0.49307,1.6586336316210744,Medium,Base
0 days 10:21:00,84.76,81.0,90.0,0.49351999999999996,1.6675416660586737,Medium,Base
0 days 10:22:00,84.76,81.0,91.0,0.49396999999999996,1.676497542934789,Medium,Base
0 days 10:23:00,84.76,81.0,92.0,0.49441999999999997,1.6855015191971165,Medium,Base
0 days 10:24:00,84.76,81.0,92.0,0.49441999999999997,1.6855015191971165,Medium,Base
0 days 10:25:00,84.76,83.0,91.0,0.5009699999999999,1.690300912149766,Medium,Base
0 days 10:26:00,84.76,83.0,89.0,0.50007,1.6722899191033485,Medium,Base
0 days 10:27:00,84.65,83.0,89.0,0.49985,1.671862017577064,Medium,Base
0 days 10:28:00,84.65,83.0,92.0,0.5012,1.6989441892360415,Medium,Base
0 days 10:29:00,84.65,83.0,92.0,0.5012,1.6989441892360415,Medium,Base
0 days 10:30:00,84.65,83.0,91.0,0.50075,1.689868402013858,Medium,Base
0 days 10:31:00,84.65,83.0,94.0,0.5021,1.7172422556353113,Medium,Base
0 days 10:32:00,84.65,83.0,96.0,0.503,1.735737396921486,Medium,Base
0 days 10:33:00,84.65,83.0,97.0,0.50345,1.7450595330530763,Medium,Base
0 days 10:34:00,84.65,83.0,96.0,0.503,1.735737396921486,Medium,Base
0 days 10:35:00,84.54,83.0,95.0,0.5023299999999999,1.7260232960601427,Medium,Base
0 days 10:36:00,84.54,83.0,97.0,0.5032300000000001,1.744613011412827,Medium,Base
0 days 10:37:00,84.65,83.0,100.0,0.5047999999999999,1.7733274172040487,Medium,Base
0 days 10:38:00,84.54,83.0,103.0,0.50593,1.8015921023354473,Medium,Base
0 days 10:39:00,84.54,83.0,103.0,0.50593,1.8015921023354473,Medium,Base
0 days 10:40:00,84.54,83.0,101.0,0.50503,1.7823952465600004,Medium,Base
0 days 10:41:00,84.54,83.0,98.0,0.50368,1.753982815864917,Medium,Base
0 days 10:42:00,84.43,83.0,97.0,0.50301,1.7441666040274617,Medium,Base
0 days 10:43:00,84.43,82.0,98.0,0.49995999999999996,1.7463594613855504,Medium,Base
0 days 10:44:00,84.43,82.0,100.0,0.50086,1.7651682024753883,Medium,Base
0 days 10:45:00,84.43,82.0,102.0,0.50176,1.7841795185500486,Medium,Base
0 days 10:46:00,84.43,82.0,104.0,0.50266,1.8033955913942812,High,Base
0 days 10:47:00,84.43,82.0,105.0,0.50311,1.813081099831159,High,Base
0 days 10:48:00,84.43,82.0,103.0,0.50221,1.7937618230994685,Medium,Base
0 days 10:49:00,84.43,82.0,99.0,0.50041,1.7557386455078727,Medium,Base
0 days 10:50:00,84.31,82.0,95.0,0.49837,1.7180417612229604,Medium,Base
0 days 10:51:00,84.31,82.0,93.0,0.49746999999999997,1.6997351756958383,Medium,Base
0 days 10:52:00,84.31,82.0,93.0,0.49746999999999997,1.6997351756958383,Medium,Base
0 days 10:53:00,84.31,82.0,92.0,0.49702,1.690655163011247,Medium,Base
0 days 10:54:00,84.31,82.0,91.0,0.49656999999999996,1.6816236559006597,Medium,Base
0 days 10:55:00,84.31,82.0,90.0,0.49612,1.672640395246519,Medium,Base
0 days 10:56:00,84.31,82.0,91.0,0.49656999999999996,1.6816236559006597,Medium,Base
0 days 10:57:00,84.31,82.0,93.0,0.49746999999999997,1.6997351756958383,Medium,Base
0 days 10:58:00,84.31,82.0,93.0,0.49746999999999997,1.6997351756958383,Medium,Base
0 days 10:59:00,84.2,82.0,95.0,0.49815,1.7176021528252479,Medium,Base
0 days 11:00:00,84.2,82.0,98.0,0.49949999999999994,1.7454252601484568,Medium,Base
0 days 11:01:00,84.2,80.0,99.0,0.49295,1.7404693486697846,Medium,Base
0 days 11:02:00,84.2,80.0,97.0,0.49205,1.7219237860950558,Medium,Base
0 days 11:03:00,84.2,80.0,94.0,0.4907,1.6944753061189874,Medium,Base
0 days 11:04:00,84.2,80.0,87.0,0.48755000000000004,1.6321183774959866,Medium,Base
0 days 11:05:00,84.2,80.0,83.0,0.48575,1.5975216288536247,Medium,Base
0 days 11:06:00,84.2,80.0,86.0,0.4871,1.6233995748364185,Medium,Base
0 days 11:07:00,84.09,80.0,90.0,0.48867999999999995,1.658132362048161,Medium,Base
0 days 11:08:00,84.09,80.0,91.0,0.48912999999999995,1.6670377043140037,Medium,Base
0 days 11:09:00,84.09,80.0,92.0,0.48957999999999996,1.6759908745594978,Medium,Base
0 days 11:10:00,84.09,80.0,94.0,0.49047999999999997,1.694041727849181,Medium,Base
0 days 11:11:00,84.09,80.0,95.0,0.49093,1.703139928779583,Medium,Base
0 days 11:12:00,84.09,80.0,96.0,0.49138,1.7122869934769214,Medium,Base
0 days 11:13:00,83.97,80.0,96.0,0.49114,1.7118090326202269,Medium,Base
0 days 11:14:00,83.97,80.0,97.0,0.49158999999999997,1.7210026565299694,Medium,Base
0 days 11:15:00,83.97,80.0,95.0,0.49068999999999996,1.702664521197483,Medium,Base
0 days 11:16:00,83.97,80.0,92.0,0.48934,1.6755230452544407,Medium,Base
0 days 11:17:00,83.97,80.0,94.0,0.49024,1.6935688599020415,Medium,Base
0 days 11:18:00,83.97,80.0,94.0,0.49024,1.6935688599020415,Medium,Base
0 days 11:19:00,83.97,82.0,93.0,0.49678999999999995,1.6983912242597505,Medium,Base
0 days 11:20:00,83.86,82.0,96.0,0.49792000000000003,1.7254615174937658,Medium,Base
0 days 11:21:00,83.97,82.0,96.0,0.49814,1.7259031374415355,Medium,Base
0 days 11:22:00,83.86,82.0,93.0,0.49656999999999996,1.6979566439942195,Medium,Base
0 days 11:23:00,83.86,82.0,91.0,0.49566999999999994,1.6798640753348297,Medium,Base
0 days 11:24:00,83.86,82.0,93.0,0.49656999999999996,1.6979566439942195,Medium,Base
0 days 11:25:00,83.86,82.0,88.0,0.49432,1.6530860519364123,Medium,Base
0 days 11:26:00,83.86,82.0,82.0,0.49161999999999995,1.600803773204119,Medium,Base
0 days 11:27:00,83.86,82.0,85.0,0.49297,1.6267348860127482,Medium,Base
0 days 11:28:00,83.86,82.0,86.0,0.49341999999999997,1.635471601649753,Medium,Base
0 days 11:29:00,83.86,80.0,85.0,0.48597,1.6134506109554987,Medium,Base
0 days 11:30:00,83.75,80.0,89.0,0.48754999999999993,1.647970539145464,Medium,Base
0 days 11:31:00,83.75,80.0,91.0,0.48844999999999994,1.665719606207451,Medium,Base
0 days 11:32:00,83.75,80.0,90.0,0.488,1.6568213052429228,Medium,Base
0 days 11:33:00,83.75,80.0,87.0,0.48665,1.63041059718016,Medium,Base
0 days 11:34:00,83.75,80.0,86.0,0.48619999999999997,1.6217009175105446,Medium,Base
0 days 11:35:00,83.75,80.0,87.0,0.48665,1.63041059718016,Medium,Base
0 days 11:36:00,83.75,80.0,87.0,0.48665,1.63041059718016,Medium,Base
0 days 11:37:00,83.75,80.0,88.0,0.4871,1.6391670539830485,Medium,Base
0 days 11:38:00,83.64,80.0,88.0,0.48688,1.6387476278559026,Medium,Base
0 days 11:39:00,83.64,80.0,86.0,0.48597999999999997,1.6212859605764314,Medium,Base
0 days 11:40:00,83.64,80.0,87.0,0.48643000000000003,1.6299934116341408,Medium,Base
0 days 11:41:00,83.64,80.0,89.0,0.48732999999999993,1.647548860403688,Medium,Base
0 days 11:42:00,83.64,80.0,88.0,0.48688,1.6387476278559026,Medium,Base
0 days 11:43:00,83.64,80.0,87.0,0.48643000000000003,1.6299934116341408,Medium,Base
0 days 11:44:00,83.64,80.0,90.0,0.48778,1.656397361788385,Medium,Base
0 days 11:45:00,83.64,80.0,91.0,0.48822999999999994,1.6652933858770431,Medium,Base
0 days 11:46:00,83.64,80.0,90.0,0.48778,1.656397361788385,Medium,Base
0 days 11:47:00,83.64,80.0,87.0,0.48643000000000003,1.6299934116341408,Medium,Base
0 days 11:48:00,83.64,80.0,85.0,0.48553,1.6126250248625147,Medium,Base
0 days 11:49:00,83.52,80.0,82.0,0.4839399999999999,1.5864758654606383,Medium,Base
0 days 11:50:00,83.52,80.0,79.0,0.48258999999999996,1.5611865051664955,Medium,Base
0 days 11:51:00,83.52,80.0,82.0,0.4839399999999999,1.5864758654606383,Medium,Base
0 days 11:52:00,83.52,80.0,88.0,0.48663999999999996,1.6382901944798973,Medium,Base
0 days 11:53:00,83.52,80.0,92.0,0.48844,1.6737698481120926,Medium,Base
0 days 11:54:00,83.52,80.0,91.0,0.4879899999999999,1.6648285426256524,Medium,Base
0 days 11:55:00,83.41,80.0,87.0,0.48597,1.6291214594986996,Medium,Base
0 days 11:56:00,83.52,80.0,85.0,0.48529,1.6121748832441138,Medium,Base
0 days 00:00:00,82.06,87.0,254.0,0.58292,2.0597777248663967,Medium,After_Lunch
0 days 00:01:00,82.06,87.0,257.0,0.5842700000000001,2.0597777248663967,Medium,After_Lunch
0 days 00:02:00,82.18,87.0,259.0,0.58541,2.0603528434147957,Medium,After_Lunch
0 days 00:03:00,82.29,87.0,260.0,0.58608,2.060880176482425,Medium,After_Lunch
0 days 00:04:00,82.29,87.0,257.0,0.5847300000000001,2.060880176482425,Medium,After_Lunch
0 days 00:05:00,82.29,87.0,253.0,0.5829300000000001,2.060880176482425,Medium,After_Lunch
0 days 00:06:00,82.4,87.0,249.0,0.58135,2.0614076445173075,Medium,After_Lunch
0 days 00:07:00,82.4,87.0,247.0,0.58045,2.0614076445173075,Medium,After_Lunch
0 days 00:08:00,82.51,87.0,247.0,0.58067,2.0619352475539876,Medium,After_Lunch
0 days 00:09:00,82.51,86.0,247.0,0.5771700000000001,2.0534988804500496,Medium,After_Lunch
0 days 00:10:00,82.51,86.0,246.0,0.57672,2.0534988804500496,Medium,After_Lunch
0 days 00:11:00,82.63,86.0,244.0,0.57606,2.054072245857883,Medium,After_Lunch
0 days 00:12:00,82.63,86.0,243.0,0.57561,2.054072245857883,Medium,After_Lunch
0 days 00:13:00,82.63,86.0,242.0,0.57516,2.054072245857883,Medium,After_Lunch
0 days 00:14:00,82.74,86.0,243.0,0.57583,2.0545979714499834,Medium,After_Lunch
0 days 00:15:00,82.74,86.0,245.0,0.57673,2.0545979714499834,Medium,After_Lunch
0 days 00:16:00,82.74,86.0,244.0,0.57628,2.0545979714499834,Medium,After_Lunch
0 days 00:17:00,82.85,86.0,241.0,0.5751499999999999,2.055123831597915,Medium,After_Lunch
0 days 00:18:00,82.85,81.0,240.0,0.5571999999999999,2.013423967259375,Low,After_Lunch
0 days 00:19:00,82.85,81.0,241.0,0.55765,2.013423967259375,Low,After_Lunch
0 days 00:20:00,82.96,81.0,244.0,0.5592199999999999,2.0139392892055583,Low,After_Lunch
0 days 00:21:00,82.96,81.0,243.0,0.55877,2.0139392892055583,Low,After_Lunch
0 days 00:22:00,82.96,81.0,241.0,0.55787,2.0139392892055583,Low,After_Lunch
0 days 00:23:00,83.07,81.0,238.0,0.5567399999999999,2.0144547430448316,Low,After_Lunch
0 days 00:24:00,83.07,81.0,237.0,0.55629,2.0144547430448316,Low,After_Lunch
0 days 00:25:00,83.07,81.0,241.0,0.55809,2.0144547430448316,Low,After_Lunch
0 days 00:26:00,83.07,81.0,243.0,0.55899,2.0144547430448316,Low,After_Lunch
0 days 00:27:00,83.19,82.0,244.0,0.56318,2.0232954800500242,Low,After_Lunch
0 days 00:28:00,83.19,82.0,245.0,0.56363,2.0232954800500242,Low,After_Lunch
0 days 00:29:00,83.19,82.0,244.0,0.56318,2.0232954800500242,Low,After_Lunch
0 days 00:30:00,83.19,82.0,245.0,0.56363,2.0232954800500242,Low,After_Lunch
0 days 00:31:00,83.3,82.0,243.0,0.56295,2.0238133285416673,Low,After_Lunch
0 days 00:32:00,83.3,82.0,236.0,0.5598,2.0238133285416673,Low,After_Lunch
0 days 00:33:00,83.3,82.0,229.0,0.55665,2.0238133285416673,Low,After_Lunch
0 days 00:34:00,83.3,82.0,226.0,0.5553,2.0238133285416673,Low,After_Lunch
0 days 00:35:00,83.3,88.0,226.0,0.5763,2.0742149754857975,Medium,After_Lunch
0 days 00:36:00,83.41,88.0,228.0,0.57742,2.0747458564703054,Medium,After_Lunch
0 days 00:37:00,83.41,88.0,229.0,0.57787,2.0747458564703054,Medium,After_Lunch
0 days 00:38:00,83.41,88.0,229.0,0.57787,2.0747458564703054,Medium,After_Lunch
0 days 00:39:00,83.41,88.0,232.0,0.57922,2.0747458564703054,Medium,After_Lunch
0 days 00:40:00,83.52,88.0,235.0,0.58079,2.075276873330131,Medium,After_Lunch
0 days 00:41:00,83.52,88.0,237.0,0.5816899999999999,2.075276873330131,Medium,After_Lunch
0 days 00:42:00,83.52,88.0,238.0,0.58214,2.075276873330131,Medium,After_Lunch
0 days 00:43:00,83.52,88.0,240.0,0.58304,2.075276873330131,Medium,After_Lunch
0 days 00:44:00,83.52,84.0,241.0,0.5694899999999999,2.041520932367392,Medium,After_Lunch
0 days 00:45:00,83.52,84.0,241.0,0.5694899999999999,2.041520932367392,Medium,After_Lunch
0 days 00:46:00,83.64,84.0,243.0,0.57063,2.0420909533657623,Medium,After_Lunch
0 days 00:47:00,83.64,84.0,244.0,0.57108,2.0420909533657623,Medium,After_Lunch
0 days 00:48:00,83.64,84.0,246.0,0.57198,2.0420909533657623,Medium,After_Lunch
0 days 00:49:00,83.64,84.0,248.0,0.57288,2.0420909533657623,Medium,After_Lunch
0 days 00:50:00,83.64,84.0,250.0,0.57378,2.0420909533657623,Medium,After_Lunch
0 days 00:51:00,83.64,84.0,252.0,0.57468,2.0420909533657623,Medium,After_Lunch
0 days 00:52:00,83.75,84.0,252.0,0.5749,2.042613612428873,Medium,After_Lunch
0 days 00:53:00,83.75,78.0,253.0,0.55435,1.9929798515344401,Low,After_Lunch
0 days 00:54:00,83.75,78.0,254.0,0.5548,1.9929798515344401,Low,After_Lunch
0 days 00:55:00,83.75,78.0,256.0,0.5557,1.9929798515344401,Low,After_Lunch
0 days 00:56:00,83.75,78.0,256.0,0.5557,1.9929798515344401,Low,After_Lunch
0 days 00:57:00,83.75,78.0,253.0,0.55435,1.9929798515344401,Low,After_Lunch
0 days 00:58:00,83.75,78.0,250.0,0.5529999999999999,1.9929798515344401,Low,After_Lunch
0 days 00:59:00,83.75,78.0,247.0,0.55165,1.9929798515344401,Low,After_Lunch
0 days 01:00:00,83.75,78.0,245.0,0.55075,1.9929798515344401,Low,After_Lunch
0 days 01:01:00,83.86,78.0,245.0,0.55097,1.9934899409505284,Low,After_Lunch
0 days 01:02:00,83.86,88.0,247.0,0.58687,2.076919057589184,Medium,After_Lunch
0 days 01:03:00,83.86,88.0,248.0,0.58732,2.076919057589184,Medium,After_Lunch
0 days 01:04:00,83.86,88.0,248.0,0.58732,2.076919057589184,Medium,After_Lunch
0 days 01:05:00,83.86,88.0,250.0,0.58822,2.076919057589184,Medium,After_Lunch
0 days 01:06:00,83.86,88.0,251.0,0.58867,2.076919057589184,Medium,After_Lunch
0 days 01:07:00,83.86,88.0,252.0,0.58912,2.076919057589184,Medium,After_Lunch
0 days 01:08:00,83.97,88.0,252.0,0.58934,2.077450630664813,Medium,After_Lunch
0 days 01:09:00,83.97,88.0,251.0,0.58889,2.077450630664813,Medium,After_Lunch
0 days 01:10:00,83.97,88.0,249.0,0.58799,2.077450630664813,Medium,After_Lunch
0 days 01:11:00,83.97,88.0,248.0,0.58754,2.077450630664813,Medium,After_Lunch
0 days 01:12:00,83.97,88.0,245.0,0.58619,2.077450630664813,Medium,After_Lunch
0 days 01:13:00,83.97,88.0,242.0,0.58484,2.077450630664813,Medium,After_Lunch
0 days 01:14:00,83.97,88.0,243.0,0.58529,2.077450630664813,Medium,After_Lunch
0 days 01:15:00,84.09,88.0,245.0,0.58643,2.078030683733965,Medium,After_Lunch
0 days 01:16:00,84.09,88.0,245.0,0.58643,2.078030683733965,Medium,After_Lunch
0 days 01:17:00,84.09,88.0,244.0,0.58598,2.078030683733965,Medium,After_Lunch
0 days 01:18:00,84.09,88.0,245.0,0.58643,2.078030683733965,Medium,After_Lunch
0 days 01:19:00,84.09,88.0,245.0,0.58643,2.078030683733965,Medium,After_Lunch
0 days 01:20:00,84.09,88.0,245.0,0.58643,2.078030683733965,Medium,After_Lunch
0 days 01:21:00,84.09,88.0,246.0,0.5868800000000001,2.078030683733965,Medium,After_Lunch
0 days 01:22:00,84.2,88.0,246.0,0.5871000000000001,2.078562541322622,Medium,After_Lunch
0 days 01:23:00,84.09,88.0,246.0,0.5868800000000001,2.078030683733965,Medium,After_Lunch
0 days 01:24:00,84.09,88.0,247.0,0.58733,2.078030683733965,Medium,After_Lunch
0 days 01:25:00,84.2,88.0,248.0,0.588,2.078562541322622,Medium,After_Lunch
0 days 01:26:00,84.2,88.0,246.0,0.5871000000000001,2.078562541322622,Medium,After_Lunch
0 days 01:27:00,84.2,91.0,241.0,0.59535,2.104285939239201,High,After_Lunch
0 days 01:28:00,84.2,91.0,237.0,0.59355,2.104285939239201,High,After_Lunch
0 days 01:29:00,84.2,91.0,237.0,0.59355,2.104285939239201,High,After_Lunch
0 days 01:30:00,84.31,91.0,238.0,0.59422,2.104824516679009,High,After_Lunch
0 days 01:31:00,84.31,91.0,238.0,0.59422,2.104824516679009,High,After_Lunch
0 days 01:32:00,84.31,91.0,238.0,0.59422,2.104824516679009,High,After_Lunch
0 days 01:33:00,84.31,91.0,240.0,0.59512,2.104824516679009,High,After_Lunch
0 days 01:34:00,84.31,91.0,241.0,0.59557,2.104824516679009,High,After_Lunch
0 days 01:35:00,84.31,90.0,240.0,0.59162,2.096212668982464,High,After_Lunch
0 days 01:36:00,84.43,90.0,238.0,0.59096,2.0967979606732943,High,After_Lunch
0 days 01:37:00,84.43,90.0,236.0,0.59006,2.0967979606732943,High,After_Lunch
0 days 01:38:00,84.43,90.0,236.0,0.59006,2.0967979606732943,High,After_Lunch
0 days 01:39:00,84.43,90.0,236.0,0.59006,2.0967979606732943,High,After_Lunch
0 days 01:40:00,84.43,90.0,236.0,0.59006,2.0967979606732943,High,After_Lunch
0 days 01:41:00,84.43,90.0,237.0,0.59051,2.0967979606732943,High,After_Lunch
0 days 01:42:00,84.54,90.0,237.0,0.59073,2.097334621616751,High,After_Lunch
0 days 01:43:00,84.54,92.0,238.0,0.59818,2.114602934517974,High,After_Lunch
0 days 01:44:00,84.54,92.0,240.0,0.5990800000000001,2.114602934517974,High,After_Lunch
0 days 01:45:00,84.54,92.0,241.0,0.59953,2.114602934517974,High,After_Lunch
0 days 01:46:00,84.65,92.0,240.0,0.5992999999999999,2.1151441525214056,High,After_Lunch
0 days 01:47:00,84.65,92.0,236.0,0.5975,2.1151441525214056,High,After_Lunch
0 days 01:48:00,84.65,92.0,234.0,0.5966,2.1151441525214056,High,After_Lunch
0 days 01:49:00,84.65,92.0,234.0,0.5966,2.1151441525214056,High,After_Lunch
0 days 01:50:00,84.76,92.0,232.0,0.59592,2.1156855090458437,High,After_Lunch
0 days 01:51:00,84.76,89.0,231.0,0.58497,2.0898227595018333,Medium,After_Lunch
0 days 01:52:00,84.76,89.0,230.0,0.58452,2.0898227595018333,Medium,After_Lunch
0 days 01:53:00,84.88,89.0,227.0,0.58341,2.090406267041189,Medium,After_Lunch
0 days 01:54:00,84.88,89.0,225.0,0.5825100000000001,2.090406267041189,Medium,After_Lunch
0 days 01:55:00,84.88,89.0,225.0,0.5825100000000001,2.090406267041189,Medium,After_Lunch
0 days 01:56:00,84.88,89.0,225.0,0.5825100000000001,2.090406267041189,Medium,After_Lunch
0 days 01:57:00,84.99,89.0,226.0,0.58318,2.0909412920748447,Medium,After_Lunch
0 days 01:58:00,84.99,89.0,229.0,0.58453,2.0909412920748447,Medium,After_Lunch
0 days 01:59:00,84.99,89.0,231.0,0.58543,2.0909412920748447,Medium,After_Lunch
0 days 02:00:00,84.99,88.0,229.0,0.58103,2.0823862473159696,Medium,After_Lunch
0 days 02:01:00,85.1,88.0,230.0,0.5817,2.082919219681017,Medium,After_Lunch
0 days 02:02:00,85.1,88.0,234.0,0.5835,2.082919219681017,Medium,After_Lunch
0 days 02:03:00,85.1,88.0,234.0,0.5835,2.082919219681017,Medium,After_Lunch
0 days 02:04:00,85.21,88.0,234.0,0.58372,2.0834523284566564,Medium,After_Lunch
0 days 02:05:00,85.21,88.0,237.0,0.58507,2.0834523284566564,Medium,After_Lunch
0 days 02:06:00,85.21,88.0,239.0,0.58597,2.0834523284566564,Medium,After_Lunch
0 days 02:07:00,85.21,88.0,238.0,0.58552,2.0834523284566564,Medium,After_Lunch
0 days 02:08:00,85.21,87.0,238.0,0.58202,2.074927924643653,Medium,After_Lunch
0 days 02:09:00,85.32,87.0,239.0,0.5826899999999999,2.075458988102569,Medium,After_Lunch
0 days 02:10:00,85.32,87.0,238.0,0.58224,2.075458988102569,Medium,After_Lunch
0 days 02:11:00,85.32,87.0,234.0,0.5804400000000001,2.075458988102569,Medium,After_Lunch
0 days 02:12:00,85.32,87.0,231.0,0.57909,2.075458988102569,Medium,After_Lunch
0 days 02:13:00,85.44,87.0,232.0,0.57978,2.076038485077456,Medium,After_Lunch
0 days 02:14:00,85.44,87.0,234.0,0.58068,2.076038485077456,Medium,After_Lunch
0 days 02:15:00,85.44,87.0,235.0,0.58113,2.076038485077456,Medium,After_Lunch
0 days 02:16:00,85.44,87.0,236.0,0.58158,2.076038485077456,Medium,After_Lunch
0 days 02:17:00,85.44,82.0,238.0,0.56498,2.033914248153977,Medium,After_Lunch
0 days 02:18:00,85.44,82.0,239.0,0.56543,2.033914248153977,Medium,After_Lunch
0 days 02:19:00,85.55,82.0,238.0,0.5652,2.0344348144459117,Medium,After_Lunch
0 days 02:20:00,85.55,82.0,237.0,0.56475,2.0344348144459117,Medium,After_Lunch
0 days 02:21:00,85.55,82.0,237.0,0.56475,2.0344348144459117,Medium,After_Lunch
0 days 02:22:00,85.66,82.0,238.0,0.56542,2.0349555139731907,Medium,After_Lunch
0 days 02:23:00,85.66,82.0,238.0,0.56542,2.0349555139731907,Medium,After_Lunch
0 days 02:24:00,85.66,82.0,238.0,0.56542,2.0349555139731907,Medium,After_Lunch
0 days 02:25:00,85.66,82.0,239.0,0.56587,2.0349555139731907,Medium,After_Lunch
0 days 02:26:00,85.66,83.0,241.0,0.5702699999999999,2.0433156995664246,Medium,After_Lunch
0 days 02:27:00,85.77,83.0,241.0,0.5704899999999999,2.043838672094859,Medium,After_Lunch
0 days 02:28:00,85.77,83.0,240.0,0.57004,2.043838672094859,Medium,After_Lunch
0 days 02:29:00,85.77,83.0,238.0,0.56914,2.043838672094859,Medium,After_Lunch
0 days 02:30:00,85.77,83.0,238.0,0.56914,2.043838672094859,Medium,After_Lunch
0 days 02:31:00,85.77,83.0,238.0,0.56914,2.043838672094859,Medium,After_Lunch
0 days 02:32:00,85.89,83.0,239.0,0.56983,2.044409340238352,Medium,After_Lunch
0 days 02:33:00,85.89,83.0,237.0,0.56893,2.044409340238352,Medium,After_Lunch
0 days 02:34:00,85.89,83.0,236.0,0.56848,2.044409340238352,Medium,After_Lunch
0 days 02:35:00,85.89,86.0,238.0,0.5798800000000001,2.0697100727964686,Medium,After_Lunch
0 days 02:36:00,85.89,86.0,237.0,0.57943,2.0697100727964686,Medium,After_Lunch
0 days 02:37:00,86.0,86.0,235.0,0.57875,2.0702398007822738,Medium,After_Lunch
0 days 02:38:00,86.0,86.0,237.0,0.57965,2.0702398007822738,Medium,After_Lunch
0 days 02:39:00,86.0,86.0,238.0,0.5801000000000001,2.0702398007822738,Medium,After_Lunch
0 days 02:40:00,86.0,86.0,238.0,0.5801000000000001,2.0702398007822738,Medium,After_Lunch
0 days 02:41:00,86.0,86.0,239.0,0.58055,2.0702398007822738,Medium,After_Lunch
0 days 02:42:00,86.11,86.0,239.0,0.58077,2.0707696643482953,Medium,After_Lunch
0 days 02:43:00,86.11,86.0,238.0,0.5803200000000001,2.0707696643482953,Medium,After_Lunch
0 days 02:44:00,86.11,80.0,237.0,0.55887,2.0204517355132414,Low,After_Lunch
0 days 02:45:00,86.11,80.0,237.0,0.55887,2.0204517355132414,Low,After_Lunch
0 days 02:46:00,86.11,80.0,236.0,0.55842,2.0204517355132414,Low,After_Lunch
0 days 02:47:00,86.11,80.0,234.0,0.55752,2.0204517355132414,Low,After_Lunch
0 days 02:48:00,86.22,80.0,233.0,0.55729,2.0209688561681287,Low,After_Lunch
0 days 02:49:00,86.22,80.0,231.0,0.5563899999999999,2.0209688561681287,Low,After_Lunch
0 days 02:50:00,86.22,80.0,228.0,0.55504,2.0209688561681287,Low,After_Lunch
0 days 02:51:00,86.34,80.0,228.0,0.55528,2.021533138741383,Low,After_Lunch
0 days 02:52:00,86.22,87.0,228.0,0.57954,2.0798091613965846,Medium,After_Lunch
0 days 02:53:00,86.34,87.0,228.0,0.5797800000000001,2.0803898730002732,Medium,After_Lunch
0 days 02:54:00,86.34,87.0,231.0,0.58113,2.0803898730002732,Medium,After_Lunch
0 days 02:55:00,86.34,87.0,233.0,0.58203,2.0803898730002732,Medium,After_Lunch
0 days 02:56:00,86.34,87.0,234.0,0.58248,2.0803898730002732,Medium,After_Lunch
0 days 02:57:00,86.45,87.0,233.0,0.58225,2.0809223344071146,Medium,After_Lunch
0 days 02:58:00,86.45,87.0,228.0,0.5800000000000001,2.0809223344071146,Medium,After_Lunch
0 days 02:59:00,86.45,87.0,227.0,0.57955,2.0809223344071146,Medium,After_Lunch
0 days 03:00:00,86.45,87.0,224.0,0.5782,2.0809223344071146,Medium,After_Lunch
0 days 03:01:00,86.45,85.0,221.0,0.56985,2.0639290646981245,Medium,After_Lunch
0 days 03:02:00,86.56,85.0,220.0,0.56962,2.06445731307487,Medium,After_Lunch
0 days 03:03:00,86.56,85.0,219.0,0.5691700000000001,2.06445731307487,Medium,After_Lunch
0 days 03:04:00,86.56,85.0,218.0,0.56872,2.06445731307487,Medium,After_Lunch
0 days 03:05:00,86.56,85.0,219.0,0.5691700000000001,2.06445731307487,Medium,After_Lunch
0 days 03:06:00,86.56,85.0,222.0,0.57052,2.06445731307487,Medium,After_Lunch
0 days 03:07:00,86.56,85.0,224.0,0.57142,2.06445731307487,Medium,After_Lunch
0 days 03:08:00,86.68,85.0,226.0,0.57256,2.0650337382292907,Medium,After_Lunch
0 days 03:09:00,86.68,85.0,225.0,0.57211,2.0650337382292907,Medium,After_Lunch
0 days 03:10:00,86.68,84.0,224.0,0.56816,2.0565846937123076,Medium,After_Lunch
0 days 03:11:00,86.68,84.0,226.0,0.56906,2.0565846937123076,Medium,After_Lunch
0 days 03:12:00,86.68,84.0,226.0,0.56906,2.0565846937123076,Medium,After_Lunch
0 days 03:13:00,86.68,84.0,227.0,0.56951,2.0565846937123076,Medium,After_Lunch
0 days 03:14:00,86.68,84.0,228.0,0.56996,2.0565846937123076,Medium,After_Lunch
0 days 03:15:00,86.79,84.0,227.0,0.5697300000000001,2.0571110623480684,Medium,After_Lunch
0 days 03:16:00,86.79,84.0,225.0,0.5688300000000001,2.0571110623480684,Medium,After_Lunch
0 days 03:17:00,86.79,84.0,222.0,0.56748,2.0571110623480684,Medium,After_Lunch
0 days 03:18:00,86.79,83.0,219.0,0.5626300000000001,2.0486944333020656,Medium,After_Lunch
0 days 03:19:00,86.79,83.0,220.0,0.56308,2.0486944333020656,Medium,After_Lunch
0 days 03:20:00,86.9,83.0,220.0,0.5633,2.0492187824802177,Medium,After_Lunch
0 days 03:21:00,86.9,83.0,221.0,0.56375,2.0492187824802177,Medium,After_Lunch
0 days 03:22:00,86.9,83.0,221.0,0.56375,2.0492187824802177,Medium,After_Lunch
0 days 03:23:00,86.9,83.0,220.0,0.5633,2.0492187824802177,Medium,After_Lunch
0 days 03:24:00,86.9,83.0,222.0,0.5642,2.0492187824802177,Medium,After_Lunch
0 days 03:25:00,86.9,83.0,221.0,0.56375,2.0492187824802177,Medium,After_Lunch
0 days 03:26:00,86.9,83.0,218.0,0.5624,2.0492187824802177,Medium,After_Lunch
0 days 03:27:00,87.01,83.0,219.0,0.5630700000000001,2.0497432658619172,Medium,After_Lunch
0 days 03:28:00,87.01,81.0,222.0,0.55742,2.03300461128791,Medium,After_Lunch
0 days 03:29:00,87.01,81.0,224.0,0.55832,2.03300461128791,Medium,After_Lunch
0 days 03:30:00,87.01,81.0,223.0,0.55787,2.03300461128791,Medium,After_Lunch
0 days 03:31:00,87.01,81.0,223.0,0.55787,2.03300461128791,Medium,After_Lunch
0 days 03:32:00,87.01,81.0,225.0,0.55877,2.03300461128791,Medium,After_Lunch
0 days 03:33:00,87.01,81.0,224.0,0.55832,2.03300461128791,Medium,After_Lunch
0 days 03:34:00,87.01,81.0,222.0,0.55742,2.03300461128791,Medium,After_Lunch
0 days 03:35:00,87.13,81.0,220.0,0.5567599999999999,2.0335722544111547,Medium,After_Lunch
0 days 03:36:00,87.13,84.0,216.0,0.56546,2.0587388718462245,Medium,After_Lunch
0 days 03:37:00,87.13,84.0,209.0,0.56231,2.0587388718462245,Medium,After_Lunch
0 days 03:38:00,87.13,84.0,207.0,0.56141,2.0587388718462245,Medium,After_Lunch
0 days 03:39:00,87.13,84.0,211.0,0.56321,2.0587388718462245,Medium,After_Lunch
0 days 03:40:00,87.13,84.0,214.0,0.56456,2.0587388718462245,Medium,After_Lunch
0 days 03:41:00,87.24,84.0,212.0,0.5638799999999999,2.0592657918289876,Medium,After_Lunch
0 days 03:42:00,87.24,84.0,209.0,0.56253,2.0592657918289876,Medium,After_Lunch
0 days 03:43:00,87.24,84.0,207.0,0.56163,2.0592657918289876,Medium,After_Lunch
0 days 03:44:00,87.24,91.0,204.0,0.58478,2.1192211084920443,High,After_Lunch
0 days 03:45:00,87.24,91.0,207.0,0.58613,2.1192211084920443,High,After_Lunch
0 days 03:46:00,87.35,91.0,211.0,0.58815,2.1197635084851805,High,After_Lunch
0 days 03:47:00,87.35,91.0,211.0,0.58815,2.1197635084851805,High,After_Lunch
0 days 03:48:00,87.35,91.0,209.0,0.5872499999999999,2.1197635084851805,High,After_Lunch
0 days 03:49:00,87.35,91.0,211.0,0.58815,2.1197635084851805,High,After_Lunch
0 days 03:50:00,87.35,91.0,216.0,0.5904,2.1197635084851805,High,After_Lunch
0 days 03:51:00,87.35,91.0,218.0,0.5913,2.1197635084851805,High,After_Lunch
0 days 03:52:00,87.35,91.0,218.0,0.5913,2.1197635084851805,High,After_Lunch
0 days 03:53:00,87.35,85.0,218.0,0.5703,2.068255071210159,Medium,After_Lunch
0 days 03:54:00,87.46,85.0,220.0,0.5714199999999999,2.0687844267983664,Medium,After_Lunch
0 days 03:55:00,87.46,85.0,218.0,0.57052,2.0687844267983664,Medium,After_Lunch
0 days 03:56:00,87.46,85.0,217.0,0.57007,2.0687844267983664,Medium,After_Lunch
0 days 03:57:00,87.46,85.0,221.0,0.57187,2.0687844267983664,Medium,After_Lunch
0 days 03:58:00,87.46,85.0,224.0,0.57322,2.0687844267983664,Medium,After_Lunch
0 days 03:59:00,87.46,85.0,225.0,0.57367,2.0687844267983664,Medium,After_Lunch
0 days 04:00:00,87.46,85.0,225.0,0.57367,2.0687844267983664,Medium,After_Lunch
0 days 04:01:00,87.46,85.0,225.0,0.57367,2.0687844267983664,Medium,After_Lunch
0 days 04:02:00,87.46,81.0,226.0,0.56012,2.035134090367074,Medium,After_Lunch
0 days 04:03:00,87.46,81.0,226.0,0.56012,2.035134090367074,Medium,After_Lunch
0 days 04:04:00,87.46,81.0,224.0,0.5592199999999999,2.035134090367074,Medium,After_Lunch
0 days 04:05:00,87.46,81.0,222.0,0.5583199999999999,2.035134090367074,Medium,After_Lunch
0 days 04:06:00,87.46,81.0,223.0,0.55877,2.035134090367074,Medium,After_Lunch
0 days 04:07:00,87.57,81.0,225.0,0.55989,2.0356549688691907,Medium,After_Lunch
0 days 04:08:00,87.57,81.0,226.0,0.56034,2.0356549688691907,Medium,After_Lunch
0 days 04:09:00,87.46,81.0,224.0,0.5592199999999999,2.035134090367074,Medium,After_Lunch
0 days 04:10:00,87.57,81.0,221.0,0.55809,2.0356549688691907,Medium,After_Lunch
0 days 04:11:00,87.57,81.0,221.0,0.55809,2.0356549688691907,Medium,After_Lunch
0 days 04:12:00,87.57,75.0,225.0,0.53889,1.9861902970518546,Low,After_Lunch
0 days 04:13:00,87.57,75.0,224.0,0.5384399999999999,1.9861902970518546,Low,After_Lunch
0 days 04:14:00,87.57,75.0,220.0,0.5366399999999999,1.9861902970518546,Low,After_Lunch
0 days 04:15:00,87.57,75.0,219.0,0.5361899999999999,1.9861902970518546,Low,After_Lunch
0 days 04:16:00,87.57,75.0,220.0,0.5366399999999999,1.9861902970518546,Low,After_Lunch
0 days 04:17:00,87.57,75.0,221.0,0.53709,1.9861902970518546,Low,After_Lunch
0 days 00:00:00,81.95,96.0,55.0,0.52465,1.4605885742243316,High,Stress_Induced
0 days 00:01:00,82.06,96.0,56.0,0.52532,1.46880880205053,High,Stress_Induced
0 days 00:02:00,81.95,96.0,56.0,0.5251,1.468432966783548,High,Stress_Induced
0 days 00:03:00,81.95,96.0,54.0,0.5242,1.4527860865365085,High,Stress_Induced
0 days 00:04:00,81.95,96.0,53.0,0.5237499999999999,1.4450252798635812,High,Stress_Induced
0 days 00:05:00,82.06,96.0,50.0,0.52262,1.4223546739648822,High,Stress_Induced
0 days 00:06:00,81.95,96.0,47.0,0.52105,1.3993233550493587,High,Stress_Induced
0 days 00:07:00,81.95,96.0,45.0,0.52015,1.384412871929859,Medium,Stress_Induced
0 days 00:08:00,81.95,88.0,44.0,0.4917,1.3325851930479267,Low,Stress_Induced
0 days 00:09:00,81.95,88.0,44.0,0.4917,1.3325851930479267,Low,Stress_Induced
0 days 00:10:00,81.95,88.0,45.0,0.49215,1.3397421170149777,Medium,Stress_Induced
0 days 00:11:00,81.95,88.0,45.0,0.49215,1.3397421170149777,Medium,Stress_Induced
0 days 00:12:00,81.95,88.0,44.0,0.4917,1.3325851930479267,Low,Stress_Induced
0 days 00:13:00,81.95,88.0,45.0,0.49215,1.3397421170149777,Medium,Stress_Induced
0 days 00:14:00,81.95,88.0,46.0,0.49260000000000004,1.346937478720147,Medium,Stress_Induced
0 days 00:15:00,81.95,88.0,49.0,0.49395,1.3687562601920027,Medium,Stress_Induced
0 days 00:16:00,81.95,90.0,51.0,0.50185,1.3948890888291139,High,Stress_Induced
0 days 00:17:00,81.95,90.0,52.0,0.5023,1.4023806287346308,High,Stress_Induced
0 days 00:18:00,81.95,90.0,53.0,0.50275,1.4099124035022634,High,Stress_Induced
0 days 00:19:00,81.95,90.0,52.0,0.5023,1.4023806287346308,High,Stress_Induced
0 days 00:20:00,81.95,90.0,50.0,0.5014000000000001,1.3874375688504315,Medium,Stress_Induced
0 days 00:21:00,81.95,90.0,51.0,0.50185,1.3948890888291139,High,Stress_Induced
0 days 00:22:00,81.95,90.0,53.0,0.50275,1.4099124035022634,High,Stress_Induced
0 days 00:23:00,81.95,90.0,54.0,0.5032,1.4174846292216476,High,Stress_Induced
0 days 00:24:00,81.95,94.0,53.0,0.5167499999999999,1.4332248854370266,High,Stress_Induced
0 days 00:25:00,81.95,94.0,50.0,0.5154,1.4103784360838092,High,Stress_Induced
0 days 00:26:00,81.95,94.0,48.0,0.5145,1.3953501556027819,High,Stress_Induced
0 days 00:27:00,81.95,94.0,48.0,0.5145,1.3953501556027819,High,Stress_Induced
0 days 00:28:00,81.95,94.0,49.0,0.51495,1.4028441717626199,High,Stress_Induced
0 days 00:29:00,81.95,94.0,48.0,0.5145,1.3953501556027819,High,Stress_Induced
0 days 00:30:00,81.84,94.0,47.0,0.51383,1.3875410410601923,Medium,Stress_Induced
0 days 00:31:00,81.84,94.0,46.0,0.51338,1.3801287744710395,Medium,Stress_Induced
0 days 00:32:00,81.95,97.0,48.0,0.525,1.4126184102604895,High,Stress_Induced
0 days 00:33:00,81.84,97.0,47.0,0.52433,1.4047126534679018,High,Stress_Induced
0 days 00:34:00,81.95,97.0,47.0,0.52455,1.4050721799611714,High,Stress_Induced
0 days 00:35:00,81.84,97.0,44.0,0.52298,1.3823207058961204,Medium,Stress_Induced
0 days 00:36:00,81.95,97.0,41.0,0.52185,1.367987795159608,Medium,Stress_Induced
0 days 00:37:00,81.95,97.0,41.0,0.52185,1.367987795159608,Medium,Stress_Induced
0 days 00:38:00,81.95,97.0,42.0,0.5223,1.367987795159608,Medium,Stress_Induced
0 days 00:39:00,81.95,97.0,43.0,0.5227499999999999,1.3752882318696906,Medium,Stress_Induced
0 days 00:40:00,81.95,97.0,39.0,0.52095,1.367987795159608,Medium,Stress_Induced
0 days 00:41:00,81.95,97.0,35.0,0.51915,1.367987795159608,Medium,Stress_Induced
0 days 00:42:00,81.95,97.0,32.0,0.5178,1.367987795159608,Medium,Stress_Induced
0 days 00:43:00,81.95,97.0,31.0,0.51735,1.367987795159608,Medium,Stress_Induced
0 days 00:44:00,81.95,97.0,30.0,0.5169,1.367987795159608,Medium,Stress_Induced
0 days 00:45:00,81.95,97.0,27.0,0.51555,1.367987795159608,Medium,Stress_Induced
0 days 00:46:00,81.95,97.0,26.0,0.5151,1.367987795159608,Medium,Stress_Induced
0 days 00:47:00,81.95,95.0,28.0,0.509,1.3568165057859576,Medium,Stress_Induced
0 days 00:48:00,81.95,95.0,28.0,0.509,1.3568165057859576,Medium,Stress_Induced
0 days 00:49:00,81.95,95.0,29.0,0.50945,1.3568165057859576,Medium,Stress_Induced
0 days 00:50:00,81.95,95.0,30.0,0.5099,1.3568165057859576,Medium,Stress_Induced
0 days 00:51:00,81.95,95.0,32.0,0.5108,1.3568165057859576,Medium,Stress_Induced
0 days 00:52:00,81.95,95.0,35.0,0.51215,1.3568165057859576,Medium,Stress_Induced
0 days 00:53:00,81.95,95.0,34.0,0.5116999999999999,1.3568165057859576,Medium,Stress_Induced
0 days 00:54:00,81.95,95.0,33.0,0.51125,1.3568165057859576,Medium,Stress_Induced
0 days 00:55:00,81.95,95.0,34.0,0.5116999999999999,1.3568165057859576,Medium,Stress_Induced
0 days 00:56:00,81.95,95.0,33.0,0.51125,1.3568165057859576,Medium,Stress_Induced
0 days 00:57:00,81.95,95.0,33.0,0.51125,1.3568165057859576,Medium,Stress_Induced
0 days 00:58:00,81.95,95.0,36.0,0.5126,1.3568165057859576,Medium,Stress_Induced
0 days 00:59:00,81.95,95.0,39.0,0.51395,1.3568165057859576,Medium,Stress_Induced
0 days 01:00:00,81.95,95.0,42.0,0.5153,1.3568165057859576,Medium,Stress_Induced
0 days 01:01:00,81.95,95.0,43.0,0.5157499999999999,1.364057325523337,Medium,Stress_Induced
0 days 01:02:00,81.95,95.0,42.0,0.5153,1.3568165057859576,Medium,Stress_Induced
0 days 01:03:00,81.95,92.0,40.0,0.5039,1.340230389694371,Medium,Stress_Induced
0 days 01:04:00,81.95,92.0,37.0,0.50255,1.340230389694371,Medium,Stress_Induced
0 days 01:05:00,81.95,92.0,37.0,0.50255,1.340230389694371,Medium,Stress_Induced
0 days 01:06:00,81.95,92.0,37.0,0.50255,1.340230389694371,Medium,Stress_Induced
0 days 01:07:00,81.84,92.0,35.0,0.50143,1.3398874547625916,Medium,Stress_Induced
0 days 01:08:00,81.84,92.0,35.0,0.50143,1.3398874547625916,Medium,Stress_Induced
0 days 01:09:00,81.84,92.0,36.0,0.50188,1.3398874547625916,Medium,Stress_Induced
0 days 01:10:00,81.95,92.0,37.0,0.50255,1.340230389694371,Medium,Stress_Induced
0 days 01:11:00,81.95,91.0,39.0,0.49995,1.3347468636793187,Medium,Stress_Induced
0 days 01:12:00,81.84,91.0,39.0,0.49973,1.3344053318590001,Medium,Stress_Induced
0 days 01:13:00,81.95,91.0,39.0,0.49995,1.3347468636793187,Medium,Stress_Induced
0 days 01:14:00,81.84,91.0,39.0,0.49973,1.3344053318590001,Medium,Stress_Induced
0 days 01:15:00,81.84,91.0,41.0,0.50063,1.3344053318590001,Medium,Stress_Induced
0 days 01:16:00,81.84,91.0,40.0,0.5001800000000001,1.3344053318590001,Medium,Stress_Induced
0 days 01:17:00,81.84,91.0,39.0,0.49973,1.3344053318590001,Medium,Stress_Induced
0 days 01:18:00,81.84,91.0,34.0,0.49748000000000003,1.3344053318590001,Medium,Stress_Induced
0 days 01:19:00,81.84,92.0,33.0,0.50053,1.3398874547625916,Medium,Stress_Induced
0 days 01:20:00,81.84,92.0,37.0,0.50233,1.3398874547625916,Medium,Stress_Induced
0 days 01:21:00,81.84,92.0,37.0,0.50233,1.3398874547625916,Medium,Stress_Induced
0 days 01:22:00,81.84,92.0,35.0,0.50143,1.3398874547625916,Medium,Stress_Induced
0 days 01:23:00,81.84,92.0,32.0,0.5000800000000001,1.3398874547625916,Medium,Stress_Induced
0 days 01:24:00,81.84,92.0,33.0,0.50053,1.3398874547625916,Medium,Stress_Induced
0 days 01:25:00,81.84,92.0,34.0,0.50098,1.3398874547625916,Medium,Stress_Induced
0 days 01:26:00,81.84,92.0,34.0,0.50098,1.3398874547625916,Medium,Stress_Induced
0 days 01:27:00,81.84,93.0,35.0,0.50493,1.3453920998120503,Medium,Stress_Induced
0 days 01:28:00,81.84,93.0,37.0,0.50583,1.3453920998120503,Medium,Stress_Induced
0 days 01:29:00,81.84,93.0,40.0,0.5071800000000001,1.3453920998120503,Medium,Stress_Induced
0 days 01:30:00,81.84,93.0,42.0,0.5080800000000001,1.3453920998120503,Medium,Stress_Induced
0 days 01:31:00,81.84,93.0,43.0,0.50853,1.352571951788564,Medium,Stress_Induced
0 days 01:32:00,81.84,93.0,43.0,0.50853,1.352571951788564,Medium,Stress_Induced
0 days 01:33:00,81.72,93.0,43.0,0.50829,1.3521944003317807,Medium,Stress_Induced
0 days 01:34:00,81.84,96.0,45.0,0.51993,1.384058631690688,Medium,Stress_Induced
0 days 01:35:00,81.84,96.0,48.0,0.52128,1.406478731588561,High,Stress_Induced
0 days 01:36:00,81.84,96.0,49.0,0.52173,1.4140325160638563,High,Stress_Induced
0 days 01:37:00,81.84,96.0,48.0,0.52128,1.406478731588561,High,Stress_Induced
0 days 01:38:00,81.84,96.0,46.0,0.52038,1.3914920043895807,High,Stress_Induced
0 days 01:39:00,81.84,96.0,43.0,0.51903,1.3693108017557736,Medium,Stress_Induced
0 days 01:40:00,81.72,96.0,41.0,0.51789,1.3616619000984984,Medium,Stress_Induced
0 days 01:41:00,81.72,96.0,39.0,0.5169900000000001,1.3616619000984984,Medium,Stress_Induced
0 days 01:42:00,81.72,97.0,37.0,0.51959,1.3672560008647765,Medium,Stress_Induced
0 days 01:43:00,81.72,97.0,34.0,0.51824,1.3672560008647765,Medium,Stress_Induced
0 days 01:44:00,81.72,97.0,31.0,0.5168900000000001,1.3672560008647765,Medium,Stress_Induced
0 days 01:45:00,81.72,97.0,31.0,0.5168900000000001,1.3672560008647765,Medium,Stress_Induced
0 days 01:46:00,81.72,97.0,32.0,0.51734,1.3672560008647765,Medium,Stress_Induced
0 days 01:47:00,81.72,97.0,34.0,0.51824,1.3672560008647765,Medium,Stress_Induced
0 days 01:48:00,81.72,97.0,36.0,0.5191399999999999,1.3672560008647765,Medium,Stress_Induced
0 days 01:49:00,81.72,97.0,36.0,0.5191399999999999,1.3672560008647765,Medium,Stress_Induced
0 days 01:50:00,81.72,97.0,35.0,0.51869,1.3672560008647765,Medium,Stress_Induced
0 days 01:51:00,81.72,97.0,32.0,0.51734,1.3672560008647765,Medium,Stress_Induced
0 days 01:52:00,81.72,97.0,30.0,0.51644,1.3672560008647765,Medium,Stress_Induced
0 days 01:53:00,81.72,97.0,31.0,0.5168900000000001,1.3672560008647765,Medium,Stress_Induced
0 days 01:54:00,81.72,97.0,34.0,0.51824,1.3672560008647765,Medium,Stress_Induced
0 days 01:55:00,81.72,97.0,34.0,0.51824,1.3672560008647765,Medium,Stress_Induced
0 days 01:56:00,81.72,97.0,31.0,0.5168900000000001,1.3672560008647765,Medium,Stress_Induced
0 days 01:57:00,81.72,97.0,27.0,0.51509,1.3672560008647765,Medium,Stress_Induced
0 days 01:58:00,81.72,97.0,24.0,0.51374,1.3672560008647765,Medium,Stress_Induced
0 days 01:59:00,81.61,97.0,23.0,0.51307,1.3669061506845486,Medium,Stress_Induced
0 days 02:00:00,81.61,97.0,21.0,0.51217,1.3669061506845486,Medium,Stress_Induced
0 days 02:01:00,81.61,97.0,18.0,0.51082,1.3669061506845486,Medium,Stress_Induced
0 days 02:02:00,81.72,97.0,17.0,0.51059,1.3672560008647765,Medium,Stress_Induced
0 days 02:03:00,81.72,97.0,17.0,0.51059,1.3672560008647765,Medium,Stress_Induced
0 days 02:04:00,81.61,97.0,16.0,0.5099199999999999,1.3669061506845486,Medium,Stress_Induced
0 days 02:05:00,81.61,100.0,14.0,0.51952,1.3838223945452237,Medium,Stress_Induced
0 days 02:06:00,81.61,100.0,12.0,0.5186200000000001,1.3838223945452237,Medium,Stress_Induced
0 days 02:07:00,81.61,100.0,14.0,0.51952,1.3838223945452237,Medium,Stress_Induced
0 days 02:08:00,81.61,100.0,14.0,0.51952,1.3838223945452237,Medium,Stress_Induced
0 days 02:09:00,81.61,100.0,13.0,0.51907,1.3838223945452237,Medium,Stress_Induced
0 days 02:10:00,81.61,100.0,13.0,0.51907,1.3838223945452237,Medium,Stress_Induced
0 days 02:11:00,81.61,100.0,13.0,0.51907,1.3838223945452237,Medium,Stress_Induced
0 days 02:12:00,81.61,99.0,13.0,0.5155700000000001,1.3781605127083023,Medium,Stress_Induced
0 days 02:13:00,81.61,99.0,9.0,0.5137700000000001,1.3781605127083023,Medium,Stress_Induced
0 days 02:14:00,81.61,99.0,8.0,0.51332,1.3781605127083023,Medium,Stress_Induced
0 days 02:15:00,81.61,99.0,10.0,0.51422,1.3781605127083023,Medium,Stress_Induced
0 days 02:16:00,81.61,99.0,10.0,0.51422,1.3781605127083023,Medium,Stress_Induced
0 days 02:17:00,81.61,99.0,11.0,0.51467,1.3781605127083023,Medium,Stress_Induced
0 days 02:18:00,81.61,99.0,11.0,0.51467,1.3781605127083023,Medium,Stress_Induced
0 days 02:19:00,81.61,99.0,13.0,0.5155700000000001,1.3781605127083023,Medium,Stress_Induced
0 days 02:20:00,81.61,95.0,17.0,0.50337,1.3557436942577075,Medium,Stress_Induced
0 days 02:21:00,81.5,95.0,19.0,0.50405,1.3553967898188322,Medium,Stress_Induced
0 days 02:22:00,81.61,95.0,22.0,0.50562,1.3557436942577075,Medium,Stress_Induced
0 days 02:23:00,81.61,95.0,25.0,0.5069699999999999,1.3557436942577075,Medium,Stress_Induced
0 days 02:24:00,81.61,95.0,25.0,0.5069699999999999,1.3557436942577075,Medium,Stress_Induced
0 days 02:25:00,81.5,95.0,25.0,0.5067499999999999,1.3553967898188322,Medium,Stress_Induced
0 days 02:26:00,81.5,95.0,27.0,0.5076499999999999,1.3553967898188322,Medium,Stress_Induced
0 days 02:27:00,81.5,97.0,30.0,0.516,1.366556390023144,Medium,Stress_Induced
0 days 02:28:00,81.5,97.0,29.0,0.51555,1.366556390023144,Medium,Stress_Induced
0 days 02:29:00,81.5,97.0,29.0,0.51555,1.366556390023144,Medium,Stress_Induced
0 days 02:30:00,81.5,97.0,30.0,0.516,1.366556390023144,Medium,Stress_Induced
0 days 02:31:00,81.5,97.0,30.0,0.516,1.366556390023144,Medium,Stress_Induced
0 days 02:32:00,81.5,97.0,33.0,0.51735,1.366556390023144,Medium,Stress_Induced
0 days 02:33:00,81.5,97.0,36.0,0.5186999999999999,1.366556390023144,Medium,Stress_Induced
0 days 02:34:00,81.5,97.0,38.0,0.5196,1.366556390023144,Medium,Stress_Induced
0 days 02:35:00,81.5,95.0,39.0,0.51305,1.3553967898188322,Medium,Stress_Induced
0 days 02:36:00,81.5,95.0,38.0,0.5126,1.3553967898188322,Medium,Stress_Induced
0 days 02:37:00,81.5,95.0,36.0,0.5116999999999999,1.3553967898188322,Medium,Stress_Induced
0 days 02:38:00,81.5,95.0,36.0,0.5116999999999999,1.3553967898188322,Medium,Stress_Induced
0 days 02:39:00,81.5,95.0,39.0,0.51305,1.3553967898188322,Medium,Stress_Induced
0 days 02:40:00,81.5,95.0,41.0,0.51395,1.3553967898188322,Medium,Stress_Induced
0 days 02:41:00,81.5,95.0,42.0,0.5144,1.3553967898188322,Medium,Stress_Induced
0 days 02:42:00,81.5,95.0,43.0,0.5148499999999999,1.3626300330656895,Medium,Stress_Induced
0 days 02:43:00,81.39,92.0,44.0,0.50458,1.3528554218947988,Medium,Stress_Induced
0 days 02:44:00,81.5,92.0,42.0,0.5039,1.3388280287444843,Medium,Stress_Induced
0 days 02:45:00,81.39,92.0,41.0,0.5032300000000001,1.3384854526454553,Medium,Stress_Induced
0 days 02:46:00,81.5,92.0,42.0,0.5039,1.3388280287444843,Medium,Stress_Induced
0 days 02:47:00,81.5,92.0,42.0,0.5039,1.3388280287444843,Medium,Stress_Induced
0 days 02:48:00,81.39,92.0,42.0,0.50368,1.3384854526454553,Medium,Stress_Induced
0 days 02:49:00,81.39,92.0,41.0,0.5032300000000001,1.3384854526454553,Medium,Stress_Induced
0 days 02:50:00,81.39,92.0,39.0,0.50233,1.3384854526454553,Medium,Stress_Induced
0 days 02:51:00,81.39,94.0,41.0,0.51023,1.3495058140945977,Medium,Stress_Induced
0 days 02:52:00,81.39,94.0,42.0,0.51068,1.3495058140945977,Medium,Stress_Induced
0 days 02:53:00,81.39,94.0,43.0,0.51113,1.3567076194181142,Medium,Stress_Induced
0 days 02:54:00,81.39,94.0,43.0,0.51113,1.3567076194181142,Medium,Stress_Induced
0 days 02:55:00,81.39,94.0,43.0,0.51113,1.3567076194181142,Medium,Stress_Induced
0 days 02:56:00,81.39,94.0,44.0,0.5115799999999999,1.3639940978574296,Medium,Stress_Induced
0 days 02:57:00,81.39,94.0,45.0,0.51203,1.3713197098339098,Medium,Stress_Induced
0 days 02:58:00,81.39,94.0,44.0,0.5115799999999999,1.3639940978574296,Medium,Stress_Induced
0 days 02:59:00,81.39,92.0,44.0,0.50458,1.3528554218947988,Medium,Stress_Induced
0 days 03:00:00,81.39,92.0,45.0,0.50503,1.3601212113118104,Medium,Stress_Induced
0 days 03:01:00,81.39,92.0,47.0,0.50593,1.3747700669913072,Medium,Stress_Induced
0 days 03:02:00,81.39,92.0,48.0,0.50638,1.3821535535353309,Medium,Stress_Induced
0 days 03:03:00,81.39,92.0,45.0,0.50503,1.3601212113118104,Medium,Stress_Induced
0 days 03:04:00,81.39,92.0,43.0,0.50413,1.345628446441876,Medium,Stress_Induced
0 days 03:05:00,81.39,92.0,42.0,0.50368,1.3384854526454553,Medium,Stress_Induced
0 days 03:06:00,81.39,92.0,42.0,0.50368,1.3384854526454553,Medium,Stress_Induced
0 days 03:07:00,81.39,96.0,44.0,0.5185799999999999,1.3752244836215604,Medium,Stress_Induced
0 days 03:08:00,81.39,96.0,44.0,0.5185799999999999,1.3752244836215604,Medium,Stress_Induced
0 days 03:09:00,81.39,96.0,44.0,0.5185799999999999,1.3752244836215604,Medium,Stress_Induced
0 days 03:10:00,81.27,96.0,49.0,0.52059,1.4121586373552422,High,Stress_Induced
0 days 03:11:00,81.27,96.0,56.0,0.52374,1.46611175532026,High,Stress_Induced
0 days 03:12:00,81.27,96.0,51.0,0.52149,1.4273679495129579,High,Stress_Induced
0 days 03:13:00,81.27,96.0,45.0,0.51879,1.3822244744333863,Medium,Stress_Induced
0 days 03:14:00,81.27,96.0,47.0,0.51969,1.3971113879483328,High,Stress_Induced
0 days 03:15:00,81.39,88.0,47.0,0.49193,1.352408396693198,Medium,Stress_Induced
0 days 03:16:00,81.27,88.0,46.0,0.49124,1.3448083200955039,Medium,Stress_Induced
0 days 03:17:00,81.27,88.0,43.0,0.48989,1.3233712829026427,Low,Stress_Induced
0 days 03:18:00,81.27,88.0,40.0,0.48854000000000003,1.3163464367133917,Low,Stress_Induced
0 days 03:19:00,81.27,88.0,39.0,0.48809,1.3163464367133917,Low,Stress_Induced
0 days 03:20:00,81.27,88.0,40.0,0.48854000000000003,1.3163464367133917,Low,Stress_Induced
0 days 03:21:00,81.27,88.0,40.0,0.48854000000000003,1.3163464367133917,Low,Stress_Induced
0 days 03:22:00,81.27,88.0,38.0,0.48764,1.3163464367133917,Low,Stress_Induced
0 days 03:23:00,81.27,86.0,37.0,0.48019,1.305596862036972,Low,Stress_Induced
0 days 03:24:00,81.27,86.0,40.0,0.48154,1.305596862036972,Low,Stress_Induced
0 days 03:25:00,81.27,86.0,37.0,0.48019,1.305596862036972,Low,Stress_Induced
0 days 03:26:00,81.27,86.0,34.0,0.47884,1.305596862036972,Low,Stress_Induced
0 days 03:27:00,81.27,86.0,36.0,0.47974,1.305596862036972,Low,Stress_Induced
0 days 03:28:00,81.27,86.0,37.0,0.48019,1.305596862036972,Low,Stress_Induced
0 days 03:29:00,81.27,86.0,38.0,0.48064,1.305596862036972,Low,Stress_Induced
0 days 03:30:00,81.27,86.0,40.0,0.48154,1.305596862036972,Low,Stress_Induced
0 days 03:31:00,81.27,93.0,43.0,0.50739,1.350779520742225,Medium,Stress_Induced
0 days 03:32:00,81.27,93.0,35.0,0.50379,1.3436091835198611,Medium,Stress_Induced
0 days 03:33:00,81.27,93.0,32.0,0.50244,1.3436091835198611,Medium,Stress_Induced
0 days 03:34:00,81.27,93.0,40.0,0.50604,1.3436091835198611,Medium,Stress_Induced
0 days 03:35:00,81.27,93.0,39.0,0.50559,1.3436091835198611,Medium,Stress_Induced
0 days 03:36:00,81.27,93.0,38.0,0.50514,1.3436091835198611,Medium,Stress_Induced
0 days 03:37:00,81.16,93.0,38.0,0.50492,1.3432653840304365,Medium,Stress_Induced
0 days 03:38:00,81.16,93.0,39.0,0.5053700000000001,1.3432653840304365,Medium,Stress_Induced
0 days 03:39:00,81.16,97.0,40.0,0.51982,1.3654758773355633,Medium,Stress_Induced
0 days 03:40:00,81.27,97.0,37.0,0.51869,1.3658253614472147,Medium,Stress_Induced
0 days 03:41:00,81.16,97.0,36.0,0.5180199999999999,1.3654758773355633,Medium,Stress_Induced
0 days 03:42:00,81.16,97.0,37.0,0.51847,1.3654758773355633,Medium,Stress_Induced
0 days 03:43:00,81.16,97.0,37.0,0.51847,1.3654758773355633,Medium,Stress_Induced
0 days 03:44:00,81.16,97.0,37.0,0.51847,1.3654758773355633,Medium,Stress_Induced
0 days 03:45:00,81.16,97.0,38.0,0.51892,1.3654758773355633,Medium,Stress_Induced
0 days 03:46:00,81.16,97.0,39.0,0.51937,1.3654758773355633,Medium,Stress_Induced
0 days 03:47:00,81.27,94.0,39.0,0.50909,1.3491291185070728,Medium,Stress_Induced
0 days 03:48:00,81.16,94.0,40.0,0.50932,1.348783906589947,Medium,Stress_Induced
0 days 03:49:00,81.16,94.0,41.0,0.5097700000000001,1.348783906589947,Medium,Stress_Induced
0 days 03:50:00,81.16,94.0,43.0,0.51067,1.3559818593644373,Medium,Stress_Induced
0 days 03:51:00,81.16,94.0,42.0,0.51022,1.348783906589947,Medium,Stress_Induced
0 days 03:52:00,81.16,94.0,42.0,0.51022,1.348783906589947,Medium,Stress_Induced
0 days 03:53:00,81.16,94.0,44.0,0.51112,1.36326443995951,Medium,Stress_Induced
0 days 03:54:00,81.16,97.0,46.0,0.52252,1.3950000315383477,High,Stress_Induced
0 days 03:55:00,81.16,97.0,46.0,0.52252,1.3950000315383477,High,Stress_Induced
0 days 03:56:00,81.16,97.0,46.0,0.52252,1.3950000315383477,High,Stress_Induced
0 days 03:57:00,81.16,97.0,45.0,0.52207,1.3875479189019257,Medium,Stress_Induced
0 days 03:58:00,81.16,97.0,44.0,0.52162,1.3801356155712317,Medium,Stress_Induced
0 days 03:59:00,81.16,97.0,44.0,0.52162,1.3801356155712317,Medium,Stress_Induced
0 days 04:00:00,81.16,97.0,45.0,0.52207,1.3875479189019257,Medium,Stress_Induced
0 days 04:01:00,81.16,97.0,46.0,0.52252,1.3950000315383477,High,Stress_Induced
0 days 04:02:00,81.16,93.0,48.0,0.50942,1.3870894302281624,Medium,Stress_Induced
0 days 04:03:00,81.05,93.0,47.0,0.50875,1.3793265470565277,Medium,Stress_Induced
0 days 04:04:00,81.16,93.0,44.0,0.50762,1.3576866705853812,Medium,Stress_Induced
0 days 04:05:00,81.16,93.0,43.0,0.50717,1.350433886524141,Medium,Stress_Induced
0 days 04:06:00,81.05,93.0,41.0,0.5060500000000001,1.3429216725115989,Medium,Stress_Induced
0 days 04:07:00,81.16,93.0,40.0,0.50582,1.3432653840304365,Medium,Stress_Induced
0 days 04:08:00,81.05,93.0,40.0,0.5056,1.3429216725115989,Medium,Stress_Induced
0 days 04:09:00,81.16,93.0,39.0,0.5053700000000001,1.3432653840304365,Medium,Stress_Induced
0 days 04:10:00,81.05,92.0,38.0,0.5012000000000001,1.3374271351663636,Medium,Stress_Induced
0 days 04:11:00,81.05,92.0,37.0,0.50075,1.3374271351663636,Medium,Stress_Induced
0 days 04:12:00,81.16,92.0,36.0,0.5005200000000001,1.3377694403963498,Medium,Stress_Induced
0 days 04:13:00,81.05,92.0,35.0,0.49985,1.3374271351663636,Medium,Stress_Induced
0 days 04:14:00,81.05,92.0,32.0,0.49850000000000005,1.3374271351663636,Medium,Stress_Induced
0 days 04:15:00,81.05,92.0,27.0,0.49625,1.3374271351663636,Medium,Stress_Induced
0 days 04:16:00,81.05,92.0,24.0,0.4949,1.3374271351663636,Medium,Stress_Induced
0 days 04:17:00,81.05,92.0,23.0,0.49445000000000006,1.3374271351663636,Medium,Stress_Induced
0 days 04:18:00,81.05,92.0,26.0,0.4958,1.3374271351663636,Medium,Stress_Induced
0 days 04:19:00,81.05,92.0,30.0,0.49760000000000004,1.3374271351663636,Medium,Stress_Induced
0 days 04:20:00,81.05,92.0,32.0,0.49850000000000005,1.3374271351663636,Medium,Stress_Induced
0 days 04:21:00,81.05,92.0,33.0,0.49895,1.3374271351663636,Medium,Stress_Induced
0 days 04:22:00,81.05,92.0,34.0,0.4994,1.3374271351663636,Medium,Stress_Induced
0 days 04:23:00,81.05,92.0,33.0,0.49895,1.3374271351663636,Medium,Stress_Induced
0 days 04:24:00,81.05,92.0,32.0,0.49850000000000005,1.3374271351663636,Medium,Stress_Induced
0 days 04:25:00,81.05,92.0,29.0,0.49715000000000004,1.3374271351663636,Medium,Stress_Induced
0 days 04:26:00,81.05,93.0,29.0,0.50065,1.3429216725115989,Medium,Stress_Induced
0 days 04:27:00,81.05,93.0,31.0,0.50155,1.3429216725115989,Medium,Stress_Induced
0 days 04:28:00,81.05,93.0,33.0,0.5024500000000001,1.3429216725115989,Medium,Stress_Induced
0 days 04:29:00,80.94,93.0,35.0,0.5031300000000001,1.342578048940839,Medium,Stress_Induced
0 days 04:30:00,81.05,93.0,37.0,0.5042500000000001,1.3429216725115989,Medium,Stress_Induced
0 days 04:31:00,81.05,93.0,38.0,0.5047,1.3429216725115989,Medium,Stress_Induced
0 days 04:32:00,81.05,93.0,39.0,0.50515,1.3429216725115989,Medium,Stress_Induced
0 days 04:33:00,81.05,93.0,37.0,0.5042500000000001,1.3429216725115989,Medium,Stress_Induced
0 days 04:34:00,81.05,94.0,35.0,0.50685,1.348438783004817,Medium,Stress_Induced
0 days 04:35:00,80.94,94.0,34.0,0.50618,1.3480937477290806,Medium,Stress_Induced
0 days 04:36:00,81.05,94.0,34.0,0.5064,1.348438783004817,Medium,Stress_Induced
0 days 04:37:00,80.94,94.0,31.0,0.50483,1.3480937477290806,Medium,Stress_Induced
0 days 04:38:00,80.94,94.0,29.0,0.50393,1.3480937477290806,Medium,Stress_Induced
0 days 04:39:00,80.94,94.0,30.0,0.50438,1.3480937477290806,Medium,Stress_Induced
0 days 04:40:00,80.94,94.0,28.0,0.5034799999999999,1.3480937477290806,Medium,Stress_Induced
0 days 04:41:00,80.94,94.0,27.0,0.50303,1.3480937477290806,Medium,Stress_Induced
0 days 04:42:00,81.05,95.0,28.0,0.5072,1.3539785593830358,Medium,Stress_Induced
0 days 04:43:00,80.94,95.0,30.0,0.50788,1.353632106602631,Medium,Stress_Induced
0 days 04:44:00,80.94,95.0,33.0,0.50923,1.353632106602631,Medium,Stress_Induced
0 days 04:45:00,80.94,95.0,36.0,0.51058,1.353632106602631,Medium,Stress_Induced
0 days 04:46:00,80.94,95.0,38.0,0.5114799999999999,1.353632106602631,Medium,Stress_Induced
0 days 04:47:00,80.94,95.0,39.0,0.51193,1.353632106602631,Medium,Stress_Induced
0 days 04:48:00,80.94,95.0,39.0,0.51193,1.353632106602631,Medium,Stress_Induced
0 days 04:49:00,80.94,95.0,38.0,0.5114799999999999,1.353632106602631,Medium,Stress_Induced
0 days 04:50:00,80.94,87.0,38.0,0.48348,1.3099545525253786,Low,Stress_Induced
0 days 04:51:00,80.94,87.0,39.0,0.48393,1.3099545525253786,Low,Stress_Induced
0 days 04:52:00,80.94,87.0,37.0,0.48303,1.3099545525253786,Low,Stress_Induced
0 days 04:53:00,80.94,87.0,35.0,0.48213,1.3099545525253786,Low,Stress_Induced
0 days 04:54:00,80.94,87.0,35.0,0.48213,1.3099545525253786,Low,Stress_Induced
0 days 04:55:00,80.94,87.0,36.0,0.48258,1.3099545525253786,Low,Stress_Induced
0 days 04:56:00,80.94,87.0,43.0,0.48573,1.316945287631082,Low,Stress_Induced
0 days 04:57:00,80.94,87.0,45.0,0.48663,1.331129127494659,Low,Stress_Induced
0 days 04:58:00,80.94,94.0,44.0,0.51068,1.3625668715585635,Medium,Stress_Induced
0 days 04:59:00,80.94,94.0,46.0,0.5115799999999999,1.3772420676286798,Medium,Stress_Induced
0 days 05:00:00,80.94,94.0,47.0,0.51203,1.3846388305626112,Medium,Stress_Induced
0 days 05:01:00,80.94,94.0,54.0,0.51518,1.4375405231827842,High,Stress_Induced
0 days 05:02:00,80.94,94.0,53.0,0.5147299999999999,1.4298611585548382,High,Stress_Induced
0 days 05:03:00,80.82,94.0,47.0,0.51179,1.3842523280871564,Medium,Stress_Induced
0 days 05:04:00,80.94,94.0,53.0,0.5147299999999999,1.4298611585548382,High,Stress_Induced
0 days 05:05:00,80.94,94.0,50.0,0.51338,1.4070683289905548,High,Stress_Induced
0 days 05:06:00,80.82,91.0,45.0,0.50039,1.3527612416835342,Medium,Stress_Induced
0 days 05:07:00,80.82,91.0,44.0,0.49994,1.3455347693428168,Medium,Stress_Induced
0 days 05:08:00,80.82,91.0,39.0,0.49769,1.331242559734566,Low,Stress_Induced
0 days 05:09:00,80.82,91.0,39.0,0.49769,1.331242559734566,Low,Stress_Induced
0 days 05:10:00,80.82,91.0,41.0,0.49859000000000003,1.331242559734566,Low,Stress_Induced
0 days 05:11:00,80.82,91.0,43.0,0.49949,1.3383469009337337,Medium,Stress_Induced
0 days 05:12:00,80.82,91.0,42.0,0.49904000000000004,1.331242559734566,Low,Stress_Induced
0 days 05:13:00,80.82,91.0,39.0,0.49769,1.331242559734566,Low,Stress_Induced
0 days 05:14:00,80.82,93.0,37.0,0.50379,1.342203287141622,Medium,Stress_Induced
0 days 05:15:00,80.82,93.0,38.0,0.50424,1.342203287141622,Medium,Stress_Induced
0 days 05:16:00,80.82,93.0,41.0,0.50559,1.342203287141622,Medium,Stress_Induced
0 days 05:17:00,80.82,93.0,43.0,0.50649,1.3493661216234158,Medium,Stress_Induced
0 days 05:18:00,80.82,93.0,45.0,0.50739,1.3638991422175135,Medium,Stress_Induced
0 days 05:19:00,80.82,93.0,47.0,0.50829,1.3785886871856887,Medium,Stress_Induced
0 days 05:20:00,80.82,93.0,48.0,0.50874,1.385992682418037,Medium,Stress_Induced
0 days 05:21:00,80.82,93.0,49.0,0.50919,1.3934364423357555,High,Stress_Induced
0 days 05:22:00,80.82,91.0,51.0,0.50309,1.3969424470753604,High,Stress_Induced
0 days 05:23:00,80.82,91.0,52.0,0.50354,1.404445014965371,High,Stress_Induced
0 days 05:24:00,80.71,91.0,51.0,0.50287,1.3965850007986076,High,Stress_Induced
0 days 05:25:00,80.82,91.0,50.0,0.50264,1.3894799580238553,High,Stress_Induced
0 days 05:26:00,80.71,91.0,51.0,0.50287,1.3965850007986076,High,Stress_Induced
0 days 05:27:00,80.71,91.0,52.0,0.50332,1.4040856489495737,High,Stress_Induced
0 days 05:28:00,80.71,91.0,52.0,0.50332,1.4040856489495737,High,Stress_Induced
0 days 05:29:00,80.71,91.0,53.0,0.50377,1.4116265808803687,High,Stress_Induced
0 days 05:30:00,80.71,90.0,51.0,0.49937,1.3908709010117362,High,Stress_Induced
0 days 05:31:00,80.71,90.0,48.0,0.49802,1.368699599131823,Medium,Stress_Induced
0 days 05:32:00,80.71,90.0,48.0,0.49802,1.368699599131823,Medium,Stress_Induced
0 days 05:33:00,80.82,90.0,49.0,0.49869,1.3764026735834802,Medium,Stress_Induced
0 days 05:34:00,80.71,90.0,48.0,0.49802,1.368699599131823,Medium,Stress_Induced
0 days 05:35:00,80.71,90.0,48.0,0.49802,1.368699599131823,Medium,Stress_Induced
0 days 05:36:00,80.71,90.0,47.0,0.49757,1.3613879838289127,Medium,Stress_Induced
0 days 05:37:00,80.71,90.0,47.0,0.49757,1.3613879838289127,Medium,Stress_Induced
0 days 05:38:00,80.71,92.0,49.0,0.5054700000000001,1.3873801344584433,Medium,Stress_Induced
0 days 05:39:00,80.71,92.0,49.0,0.5054700000000001,1.3873801344584433,Medium,Stress_Induced
0 days 05:40:00,80.71,92.0,50.0,0.50592,1.3948313459738628,High,Stress_Induced
0 days 05:41:00,80.71,92.0,50.0,0.50592,1.3948313459738628,High,Stress_Induced
0 days 05:42:00,80.71,92.0,49.0,0.5054700000000001,1.3873801344584433,Medium,Stress_Induced
0 days 05:43:00,80.71,92.0,47.0,0.50457,1.3725969122671422,Medium,Stress_Induced
0 days 05:44:00,80.71,92.0,45.0,0.5036700000000001,1.3579712126271082,Medium,Stress_Induced
0 days 05:45:00,80.71,92.0,41.0,0.50187,1.3363696544807422,Medium,Stress_Induced
0 days 05:46:00,80.71,91.0,37.0,0.49657,1.3309019245871208,Low,Stress_Induced
0 days 05:47:00,80.71,91.0,35.0,0.49567,1.3309019245871208,Low,Stress_Induced
0 days 05:48:00,80.71,91.0,35.0,0.49567,1.3309019245871208,Low,Stress_Induced
0 days 05:49:00,80.71,91.0,34.0,0.49522,1.3309019245871208,Low,Stress_Induced
0 days 05:50:00,80.71,91.0,32.0,0.49432000000000004,1.3309019245871208,Low,Stress_Induced
0 days 05:51:00,80.71,91.0,32.0,0.49432000000000004,1.3309019245871208,Low,Stress_Induced
0 days 05:52:00,80.71,91.0,33.0,0.49477,1.3309019245871208,Low,Stress_Induced
0 days 05:53:00,80.71,91.0,31.0,0.49387000000000003,1.3309019245871208,Low,Stress_Induced
0 days 05:54:00,80.71,95.0,29.0,0.5069699999999999,1.3529079917703075,Medium,Stress_Induced
0 days 05:55:00,80.71,95.0,31.0,0.50787,1.3529079917703075,Medium,Stress_Induced
0 days 05:56:00,80.71,95.0,31.0,0.50787,1.3529079917703075,Medium,Stress_Induced
0 days 05:57:00,80.71,95.0,29.0,0.5069699999999999,1.3529079917703075,Medium,Stress_Induced
