Timestamp,Object Temperature(F),Heart Rate Ear(BPM),GSR,Feature_Mean,Weighted_Stress,QuantityIndex_Stress,StressIndex_Level,Predicted_Stress,Condition
00:00,0.5940803382663837,0.13333333333333375,0.8705035971223023,0.5326390895740066,0.5572093530249796,1.7678011396547129,Medium,0.5572093530249791,Base
00:30,0.5708245243128935,0.13333333333333375,0.906474820143885,0.5368775592633708,0.5687452405939938,1.7526601095180467,Medium,0.5687452405939932,Base
01:00,0.5940803382663837,0.13333333333333375,0.935251798561151,0.5542218233869561,0.5863460436724616,1.7678011396547129,Medium,0.586346043672461,Base
01:30,0.5708245243128935,0.13333333333333375,0.9424460431654678,0.5488679669372317,0.584932290953706,1.7526601095180467,Medium,0.5849322909537055,Base
02:00,0.5708245243128935,0.13333333333333375,0.9424460431654678,0.5488679669372317,0.584932290953706,1.7526601095180467,Medium,0.5849322909537055,Base
02:30,0.5708245243128935,0.13333333333333375,0.9568345323741008,0.5536641300067761,0.5914071110975909,1.7526601095180467,Medium,0.5914071110975904,Base
03:00,0.5708245243128935,0.13333333333333375,0.9784172661870505,0.5608583746110926,0.6011193413134183,1.7526601095180467,Medium,0.6011193413134177,Base
03:30,0.5708245243128935,0.13333333333333375,0.985611510791367,0.5632564561458647,0.6043567513853607,1.7526601095180467,Medium,0.6043567513853602,Base
04:00,0.5708245243128935,0.13333333333333375,0.9712230215827338,0.5584602930763204,0.5978819312414757,1.7526601095180467,Medium,0.5978819312414752,Base
04:30,0.5708245243128935,0.20000000000000018,0.9784172661870505,0.5830805968333147,0.6244526746467515,1.7526601095180467,Medium,0.6244526746467509,Base
05:00,0.5708245243128935,0.20000000000000018,0.985611510791367,0.5854786783680869,0.6276900847186939,1.7526601095180467,Medium,0.6276900847186934,Base
05:30,0.5708245243128935,0.20000000000000018,0.985611510791367,0.5854786783680869,0.6276900847186939,1.7526601095180467,Medium,0.6276900847186934,Base
06:00,0.5708245243128935,0.20000000000000018,0.9712230215827338,0.5806825152985425,0.6212152645748089,1.7526601095180467,Medium,0.6212152645748085,Base
06:30,0.5475687103594069,0.20000000000000018,0.9496402877697843,0.5657363327097304,0.6068518715682844,1.7376487607060849,Medium,0.6068518715682838,Base
07:00,0.5475687103594069,0.20000000000000018,0.9640287769784173,0.5705324957792748,0.6133266917121692,1.7376487607060849,Medium,0.6133266917121687,Base
07:30,0.5475687103594069,0.20000000000000018,0.9928057553956835,0.5801248219183636,0.626276331999939,1.7376487607060849,Medium,0.6262763319999385,Base
08:00,0.5475687103594069,0.0,1.0,0.515856236786469,0.5595137420718814,1.7376487607060849,Medium,0.5595137420718808,Base
08:30,0.5475687103594069,0.0,0.9928057553956835,0.5134581552516968,0.556276331999939,1.7376487607060849,Medium,0.5562763319999383,Base
09:00,0.5243128964059203,0.0,0.9712230215827338,0.49851197266288466,0.5419129389934143,1.7227659825119683,Medium,0.5419129389934136,Base
09:30,0.5475687103594069,0.0,0.906474820143885,0.4846811768344306,0.5174274111366297,1.7376487607060849,Medium,0.517427411136629,Base
10:00,0.5475687103594069,0.0,0.8561151079136691,0.46789460609102534,0.49476554063303246,1.7376487607060849,Medium,0.49476554063303196,Base
10:30,0.5475687103594069,0.6000000000000005,0.7553956834532374,0.6343214646042149,0.6594417996258384,2.1253673906924075,High,0.6594417996258382,Base
11:00,0.5475687103594069,0.6000000000000005,0.6618705035971224,0.6031464046521766,0.6173554686905867,2.1253673906924075,High,0.6173554686905864,Base
11:30,0.5475687103594069,0.6000000000000005,0.6402877697841727,0.59595216004786,0.6076432384747593,2.1253673906924075,High,0.6076432384747591,Base
12:00,0.5243128964059203,0.6000000000000005,0.60431654676259,0.5762098143895036,0.5868050253243497,2.1071638433634123,High,0.5868050253243495,Base
12:30,0.5243128964059203,0.6000000000000005,0.5683453237410072,0.5642194067156426,0.5706179749646375,2.1071638433634123,High,0.5706179749646373,Base
13:00,0.5243128964059203,0.6000000000000005,0.5539568345323741,0.5594232436460983,0.5641431548207526,2.1071638433634123,High,0.5641431548207524,Base
13:30,0.5243128964059203,0.6000000000000005,0.5467625899280576,0.5570251621113261,0.5609057447488102,2.1071638433634123,High,0.5609057447488099,Base
14:00,0.5243128964059203,0.6000000000000005,0.5323741007194245,0.5522289990417818,0.5544309246049253,2.1071638433634123,High,0.554430924604925,Base
14:30,0.5243128964059203,0.9333333333333336,0.5107913669064749,0.6561458655485762,0.6613853610557644,2.4447212996031134,High,0.6613853610557645,Base
15:00,0.5243128964059203,0.9333333333333336,0.5179856115107914,0.6585439470833484,0.6646227711277068,2.4447212996031134,High,0.6646227711277068,Base
15:30,0.5243128964059203,0.9333333333333336,0.5467625899280576,0.6681362732224372,0.6775724114154766,2.4447212996031134,High,0.6775724114154766,Base
16:00,0.5243128964059203,0.9333333333333336,0.5467625899280576,0.6681362732224372,0.6775724114154766,2.4447212996031134,High,0.6775724114154766,Base
16:30,0.5243128964059203,0.9333333333333336,0.5467625899280576,0.6681362732224372,0.6775724114154766,2.4447212996031134,High,0.6775724114154766,Base
17:00,0.49894291754756637,0.9333333333333336,0.5755395683453237,0.6692719397420746,0.6854480559315757,2.421887910308201,High,0.6854480559315757,Base
17:30,0.49894291754756637,0.9333333333333336,0.5755395683453237,0.6692719397420746,0.6854480559315757,2.421887910308201,High,0.6854480559315757,Base
18:00,0.49894291754756637,0.9333333333333336,0.5467625899280576,0.6596796136029859,0.6724984156438059,2.421887910308201,High,0.6724984156438059,Base
18:30,0.49894291754756637,0.9333333333333336,0.5467625899280576,0.6596796136029859,0.6724984156438059,2.421887910308201,High,0.6724984156438059,Base
19:00,0.49894291754756637,0.9333333333333336,0.5467625899280576,0.6596796136029859,0.6724984156438059,2.421887910308201,High,0.6724984156438059,Base
19:30,0.49894291754756637,0.9333333333333336,0.5683453237410072,0.6668738582073024,0.6822106458596332,2.421887910308201,High,0.6822106458596332,Base
20:00,0.49894291754756637,0.9333333333333336,0.5971223021582734,0.676466184346391,0.695160286147403,2.421887910308201,High,0.695160286147403,Base
20:30,0.49894291754756637,0.9333333333333336,0.6187050359712231,0.6836604289507077,0.7048725163632303,2.421887910308201,High,0.7048725163632303,Base
21:00,0.49894291754756637,0.9333333333333336,0.6330935251798562,0.688456592020252,0.7113473365071152,2.421887910308201,High,0.7113473365071152,Base
21:30,0.49894291754756637,0.9333333333333336,0.6402877697841727,0.6908546735550242,0.7145847465790577,2.421887910308201,High,0.7145847465790576,Base
22:00,0.47568710359407973,0.9333333333333336,0.6402877697841727,0.6831027355705287,0.7099335837883604,2.4011446960319844,High,0.7099335837883602,Base
22:30,0.47568710359407973,0.9333333333333336,0.6330935251798562,0.6807046540357565,0.7066961737164179,2.4011446960319844,High,0.7066961737164179,Base
23:00,0.47568710359407973,0.9333333333333336,0.60431654676259,0.6711123278966676,0.6937465334286481,2.4011446960319844,High,0.6937465334286481,Base
23:30,0.47568710359407973,0.9333333333333336,0.5611510791366907,0.6567238386880346,0.6743220729969935,2.4011446960319844,High,0.6743220729969934,Base
24:00,0.47568710359407973,0.9333333333333336,0.5035971223021583,0.6375391864098572,0.6484227924214538,2.4011446960319844,High,0.6484227924214538,Base
24:30,0.47568710359407973,0.9333333333333336,0.4676258992805755,0.6255487787359962,0.6322357420617416,2.4011446960319844,High,0.6322357420617417,Base
25:00,0.47568710359407973,0.9333333333333336,0.4676258992805755,0.6255487787359962,0.6322357420617416,2.4011446960319844,High,0.6322357420617417,Base
25:30,0.47568710359407973,0.9333333333333336,0.47482014388489213,0.6279468602707685,0.6354731521336842,2.4011446960319844,High,0.6354731521336842,Base
26:00,0.47568710359407973,0.9333333333333336,0.4676258992805755,0.6255487787359962,0.6322357420617416,2.4011446960319844,High,0.6322357420617417,Base
26:30,0.45243128964058954,0.9333333333333336,0.4460431654676259,0.6106025961471829,0.6178723490552164,2.380579145196206,High,0.6178723490552164,Base
27:00,0.45243128964058954,0.5333333333333341,0.4532374100719425,0.47966734434862207,0.48110975912715903,1.9678312179064559,High,0.4811097591271588,Base
27:30,0.45243128964058954,0.5333333333333341,0.4532374100719425,0.47966734434862207,0.48110975912715903,1.9678312179064559,High,0.4811097591271588,Base
28:00,0.45243128964058954,0.5333333333333341,0.460431654676259,0.48206542588339424,0.4843471691991014,1.9678312179064559,High,0.48434716919910126,Base
28:30,0.45243128964058954,0.5333333333333341,0.48201438848920863,0.4892596704877108,0.4940593994149287,1.9678312179064559,High,0.4940593994149286,Base
29:00,0.45243128964058954,0.5333333333333341,0.47482014388489213,0.48686158895293863,0.4908219893429863,1.9678312179064559,High,0.49082198934298615,Base
29:30,0.45243128964058954,0.5333333333333341,0.4676258992805755,0.4844635074181664,0.4875845792710438,1.9678312179064559,High,0.4875845792710437,Base
30:00,0.45243128964058954,0.5333333333333341,0.460431654676259,0.48206542588339424,0.4843471691991014,1.9678312179064559,High,0.48434716919910126,Base
30:30,0.45243128964058954,0.5333333333333341,0.41007194244604317,0.46527885513998896,0.4616852986955043,1.9678312179064559,High,0.4616852986955041,Base
31:00,0.45243128964058954,0.9333333333333336,0.3597122302158273,0.5818256177299168,0.5790234281919069,2.3047415059814695,High,0.579023428191907,Base
31:30,0.4291754756871029,0.9333333333333336,0.3237410071942446,0.5620832720715604,0.5581852150414974,2.1427804650658153,High,0.5581852150414975,Base
32:00,0.4291754756871029,0.9333333333333336,0.3165467625899281,0.5596851905367882,0.554947804969555,2.115416614308034,High,0.5549478049695551,Base
32:30,0.4291754756871029,0.9333333333333336,0.3165467625899281,0.5596851905367882,0.554947804969555,2.115416614308034,High,0.5549478049695551,Base
33:00,0.4291754756871029,0.9333333333333336,0.3165467625899281,0.5596851905367882,0.554947804969555,2.115416614308034,High,0.5549478049695551,Base
33:30,0.4291754756871029,0.9333333333333336,0.3093525179856115,0.557287109002016,0.5517103948976124,2.0884022068742425,High,0.5517103948976126,Base
34:00,0.4291754756871029,0.9333333333333336,0.3093525179856115,0.557287109002016,0.5517103948976124,2.0884022068742425,High,0.5517103948976126,Base
34:30,0.4291754756871029,0.9333333333333336,0.3237410071942446,0.5620832720715604,0.5581852150414974,2.1427804650658153,High,0.5581852150414975,Base
35:00,0.4291754756871029,0.9333333333333336,0.3597122302158273,0.5740736797454212,0.5743722654012096,2.285001638291317,High,0.5743722654012097,Base
35:30,0.4291754756871029,0.4666666666666668,0.36690647482014394,0.42091620572463784,0.41427634213981873,1.8348889129676942,Medium,0.4142763421398187,Base
36:00,0.4291754756871029,0.4666666666666668,0.3453237410071942,0.41372196112032134,0.40456411192399133,1.76548679704796,Medium,0.4045641119239912,Base
36:30,0.4291754756871029,0.4666666666666668,0.3381294964028777,0.41132387958554917,0.40132670185204894,1.7429410822550215,Medium,0.4013267018520489,Base
37:00,0.403805496828749,0.4666666666666668,0.3453237410071942,0.40526530150087003,0.39949011615232055,1.7489973725321397,Medium,0.39949011615232044,Base
37:30,0.4291754756871029,0.4666666666666668,0.3597122302158273,0.41851812418986567,0.41103893206787623,1.8114569155278566,Medium,0.4110389320678761,Base
38:00,0.4291754756871029,0.4666666666666668,0.38848920863309355,0.4281104503289544,0.4239885723556461,1.8710629996185488,Medium,0.4239885723556459,Base
38:30,0.403805496828749,0.4666666666666668,0.41007194244604317,0.4268480353138197,0.4286268067998026,1.8535875066564136,Medium,0.4286268067998024,Base
39:00,0.4291754756871029,0.4666666666666668,0.38129496402877694,0.42571236879418217,0.4207511622837036,1.8710629996185488,Medium,0.42075116228370346,Base
39:30,0.403805496828749,0.666666666666667,0.3597122302158273,0.4767281312370811,0.4759649362962055,2.0344352687256,High,0.47596493629620545,Base
40:00,0.403805496828749,0.666666666666667,0.3597122302158273,0.4767281312370811,0.4759649362962055,2.0344352687256,High,0.47596493629620545,Base
40:30,0.403805496828749,0.666666666666667,0.37410071942446044,0.4815242943066254,0.4824397564400904,2.087408324371995,High,0.48243975644009035,Base
41:00,0.403805496828749,0.666666666666667,0.36690647482014394,0.47912621277185324,0.479202346368148,2.0607515899141733,High,0.4792023463681479,Base
41:30,0.403805496828749,0.666666666666667,0.3381294964028777,0.4695338866327646,0.4662527060803782,1.9574855899993138,Medium,0.4662527060803781,Base
42:00,0.403805496828749,0.666666666666667,0.3237410071942446,0.4647377235632202,0.4597778859364933,1.9078096392639703,Medium,0.4597778859364932,Base
42:30,0.403805496828749,0.666666666666667,0.3381294964028777,0.4695338866327646,0.4662527060803782,1.9574855899993138,Medium,0.4662527060803781,Base
43:00,0.403805496828749,0.666666666666667,0.3597122302158273,0.4767281312370811,0.4759649362962055,2.0344352687256,High,0.47596493629620545,Base
43:30,0.403805496828749,0.8666666666666671,0.39568345323741005,0.5553852055776087,0.5621519866559178,2.3381458610027264,High,0.5621519866559179,Base
44:00,0.403805496828749,0.8666666666666671,0.38848920863309355,0.5529871240428366,0.5589145765839754,2.3381458610027264,High,0.5589145765839755,Base
44:30,0.403805496828749,0.8666666666666671,0.37410071942446044,0.5481909609732921,0.5524397564400905,2.3226016684701416,High,0.5524397564400906,Base
45:00,0.403805496828749,0.8666666666666671,0.39568345323741005,0.5553852055776087,0.5621519866559178,2.3381458610027264,High,0.5621519866559179,Base
45:30,0.403805496828749,0.8666666666666671,0.41726618705035967,0.5625794501819253,0.5718642168717452,2.3381458610027264,High,0.5718642168717452,Base
46:00,0.403805496828749,0.8666666666666671,0.41726618705035967,0.5625794501819253,0.5718642168717452,2.3381458610027264,High,0.5718642168717452,Base
46:30,0.403805496828749,0.8666666666666671,0.38848920863309355,0.5529871240428366,0.5589145765839754,2.3381458610027264,High,0.5589145765839755,Base
47:00,0.403805496828749,0.8666666666666671,0.39568345323741005,0.5553852055776087,0.5621519866559178,2.3381458610027264,High,0.5621519866559179,Base
47:30,0.403805496828749,0.8666666666666671,0.39568345323741005,0.5553852055776087,0.5621519866559178,2.3381458610027264,High,0.5621519866559179,Base
48:00,0.403805496828749,0.666666666666667,0.38848920863309355,0.48632045737616986,0.48891457658397536,2.1013784671341544,High,0.48891457658397525,Base
48:30,0.403805496828749,0.666666666666667,0.38129496402877694,0.4839223758413976,0.48567716651203285,2.1013784671341544,High,0.4856771665120328,Base
49:00,0.403805496828749,0.666666666666667,0.3453237410071942,0.47193196816753674,0.4694901161523206,1.9828065330149616,High,0.46949011615232056,Base
49:30,0.403805496828749,0.666666666666667,0.3165467625899281,0.462339642028448,0.4565404758645509,1.8834464256290764,Medium,0.4565404758645508,Base
50:00,0.403805496828749,0.666666666666667,0.3093525179856115,0.4599415604936758,0.4533030657926084,1.8593943364200174,Medium,0.4533030657926083,Base
50:30,0.403805496828749,0.666666666666667,0.3093525179856115,0.4599415604936758,0.4533030657926084,1.8593943364200174,Medium,0.4533030657926083,Base
51:00,0.403805496828749,0.666666666666667,0.3093525179856115,0.4599415604936758,0.4533030657926084,1.8593943364200174,Medium,0.4533030657926083,Base
51:30,0.403805496828749,0.666666666666667,0.27338129496402874,0.44795115281981496,0.4371160154328962,1.7436634592149334,Medium,0.43711601543289613,Base
52:00,0.403805496828749,0.7333333333333334,0.25899280575539574,0.46537721197249277,0.45397452862234455,1.7719964990750778,Medium,0.45397452862234455,Base
52:30,0.403805496828749,0.7333333333333334,0.27338129496402874,0.4701733750420371,0.4604493487662294,1.8181361185526344,Medium,0.4604493487662294,Base
53:00,0.403805496828749,0.7333333333333334,0.28057553956834536,0.47257145657680927,0.4636867588381719,1.841654514441607,Medium,0.46368675883817184,Base
53:30,0.403805496828749,0.7333333333333334,0.3093525179856115,0.48216378271589794,0.47663639912594163,1.93880991415599,Medium,0.47663639912594163,Base
54:00,0.403805496828749,0.7333333333333334,0.3165467625899281,0.48456186425067016,0.47987380919788414,1.9638892790337334,Medium,0.4798738091978841,Base
54:30,0.403805496828749,0.7333333333333334,0.3093525179856115,0.48216378271589794,0.47663639912594163,1.93880991415599,Medium,0.47663639912594163,Base
55:00,0.403805496828749,0.7333333333333334,0.3165467625899281,0.48456186425067016,0.47987380919788414,1.9638892790337334,Medium,0.4798738091978841,Base
55:30,0.403805496828749,0.7333333333333334,0.3381294964028777,0.4917561088549867,0.4895860394137115,2.0410906897862375,High,0.4895860394137114,Base
56:00,0.403805496828749,0.7333333333333334,0.3597122302158273,0.4989503534593032,0.49929826962953877,2.1213269242866,High,0.4992982696295387,Base
56:30,0.403805496828749,0.8000000000000007,0.3525179856115108,0.5187744941467535,0.5193941928909299,2.183682857132075,High,0.5193941928909299,Base
57:00,0.403805496828749,0.8000000000000007,0.3525179856115108,0.5187744941467535,0.5193941928909299,2.183682857132075,High,0.5193941928909299,Base
57:30,0.403805496828749,0.8000000000000007,0.3597122302158273,0.5211725756815256,0.5226316029628724,2.2119297619737646,High,0.5226316029628724,Base
58:00,0.403805496828749,0.8000000000000007,0.3309352517985612,0.511580249542437,0.5096819626751026,2.1010880963748693,High,0.5096819626751026,Base
58:30,0.403805496828749,0.8000000000000007,0.3237410071942446,0.5091821680076648,0.5064445526031601,2.0742566677542116,High,0.5064445526031601,Base
59:00,0.403805496828749,0.8000000000000007,0.3525179856115108,0.5187744941467535,0.5193941928909299,2.183682857132075,High,0.5193941928909299,Base
59:30,0.403805496828749,0.8000000000000007,0.3597122302158273,0.5211725756815256,0.5226316029628724,2.2119297619737646,High,0.5226316029628724,Base
60:00,0.403805496828749,0.8000000000000007,0.3525179856115108,0.5187744941467535,0.5193941928909299,2.183682857132075,High,0.5193941928909299,Base
60:30,0.403805496828749,0.8000000000000007,0.3525179856115108,0.5187744941467535,0.5193941928909299,2.183682857132075,High,0.5193941928909299,Base
61:00,0.4291754756871029,0.8000000000000007,0.3453237410071942,0.5248330722314326,0.5212307785906583,2.1761213722129686,High,0.5212307785906583,Base
61:30,0.4291754756871029,0.8000000000000007,0.3525179856115108,0.5272311537662048,0.5244681886626007,2.2042704658984853,High,0.5244681886626007,Base
62:00,0.403805496828749,0.8000000000000007,0.3525179856115108,0.5187744941467535,0.5193941928909299,2.183682857132075,High,0.5193941928909299,Base
62:30,0.4291754756871029,0.8000000000000007,0.3381294964028777,0.5224349906966604,0.5179933685187158,2.1483317496030647,High,0.5179933685187158,Base
63:00,0.4291754756871029,0.8000000000000007,0.3237410071942446,0.5176388276271161,0.5115185483748309,2.0938126140846807,High,0.5115185483748309,Base
63:30,0.4291754756871029,0.8000000000000007,0.3165467625899281,0.5152407460923439,0.5082811383028885,2.0670740952206805,High,0.5082811383028885,Base
64:00,0.4291754756871029,0.8000000000000007,0.28776978417266186,0.5056484199532552,0.49533149801511867,1.9634912692334114,Medium,0.49533149801511867,Base
64:30,0.4291754756871029,0.9333333333333336,0.25899280575539574,0.5405005382586108,0.5290485243940154,1.9087180090332894,Medium,0.5290485243940155,Base
65:00,0.4291754756871029,0.9333333333333336,0.26618705035971224,0.5428986197933829,0.5322859344659578,1.9334081217915091,Medium,0.532285934465958,Base
65:30,0.4291754756871029,0.9333333333333336,0.25899280575539574,0.5405005382586108,0.5290485243940154,1.9087180090332894,Medium,0.5290485243940155,Base
66:00,0.4291754756871029,0.9333333333333336,0.25899280575539574,0.5405005382586108,0.5290485243940154,1.9087180090332894,Medium,0.5290485243940155,Base
66:30,0.4291754756871029,0.9333333333333336,0.25899280575539574,0.5405005382586108,0.5290485243940154,1.9087180090332894,Medium,0.5290485243940155,Base
67:00,0.45243128964058954,0.9333333333333336,0.25899280575539574,0.5482524762431064,0.5336996871847127,1.9252072055068217,Medium,0.5336996871847128,Base
67:30,0.4291754756871029,0.9333333333333336,0.237410071942446,0.5333062936542942,0.519336294178188,1.8365234104476118,Medium,0.5193362941781882,Base
68:00,0.45243128964058954,0.9333333333333336,0.2158273381294964,0.5338639870344731,0.514275226753058,1.7823248965195928,Medium,0.5142752267530581,Base
68:30,0.45243128964058954,0.8000000000000007,0.2158273381294964,0.4894195425900289,0.46760856008639157,1.7415943497577449,Medium,0.4676085600863916,Base
69:00,0.45243128964058954,0.8000000000000007,0.24460431654676262,0.4990118687291176,0.48055820037416136,1.8334711343903545,Medium,0.4805582003741614,Base
69:30,0.45243128964058954,0.8000000000000007,0.24460431654676262,0.4990118687291176,0.48055820037416136,1.8334711343903545,Medium,0.4805582003741614,Base
70:00,0.45243128964058954,0.8000000000000007,0.25899280575539574,0.5038080317986621,0.48703302051804626,1.8812114434191882,Medium,0.4870330205180463,Base
70:30,0.45243128964058954,0.8000000000000007,0.28057553956834536,0.5110022764029786,0.4967452507338736,1.9551627495881247,Medium,0.49674525073387366,Base
71:00,0.45243128964058954,0.8000000000000007,0.27338129496402874,0.5086041948682064,0.4935078406619311,1.9301948247077472,Medium,0.4935078406619311,Base
71:30,0.45243128964058954,0.8000000000000007,0.2302158273381295,0.49421570565957323,0.47408338023027646,1.7869423516437692,Medium,0.4740833802302765,Base
72:00,0.45243128964058954,0.8000000000000007,0.2230215827338129,0.49181762412480107,0.47084597015833396,1.7641226439694053,Medium,0.47084597015833407,Base
72:30,0.45243128964058954,0.8000000000000007,0.26618705035971224,0.5062061133334342,0.4902704305899887,1.9055457465693937,Medium,0.49027043058998865,Base
73:00,0.45243128964058954,0.8000000000000007,0.28057553956834536,0.5110022764029786,0.4967452507338736,1.9551627495881247,Medium,0.49674525073387366,Base
73:30,0.45243128964058954,0.8000000000000007,0.28057553956834536,0.5110022764029786,0.4967452507338736,1.9551627495881247,Medium,0.49674525073387366,Base
74:00,0.45243128964058954,0.8000000000000007,0.3093525179856115,0.5205946025420672,0.5096948910216433,2.0583062094245648,High,0.5096948910216433,Base
74:30,0.47568710359407973,0.8000000000000007,0.3093525179856115,0.5283465405265639,0.5143460538123413,2.0760876812445366,High,0.5143460538123413,Base
75:00,0.47568710359407973,0.8000000000000007,0.28776978417266186,0.5211522959222474,0.504633823596514,1.9975625580640675,High,0.5046338235965141,Base
75:30,0.47568710359407973,0.8000000000000007,0.3093525179856115,0.5283465405265639,0.5143460538123413,2.0760876812445366,High,0.5143460538123413,Base
76:00,0.47568710359407973,0.8000000000000007,0.3381294964028777,0.5379388666656527,0.5272956941001111,2.185610464661152,High,0.5272956941001111,Base
76:30,0.47568710359407973,0.8000000000000007,0.3453237410071942,0.5403369482004249,0.5305331041720536,2.2138823039599065,High,0.5305331041720536,Base
77:00,0.47568710359407973,0.6000000000000005,0.3453237410071942,0.4736702815337582,0.4605331041720535,1.9528250831580547,Medium,0.4605331041720535,Base
77:30,0.47568710359407973,0.6000000000000005,0.3453237410071942,0.4736702815337582,0.4605331041720535,1.9528250831580547,Medium,0.4605331041720535,Base
78:00,0.47568710359407973,0.6000000000000005,0.3381294964028777,0.471272199998986,0.45729569410011106,1.927887010871705,Medium,0.45729569410011106,Base
78:30,0.47568710359407973,0.6000000000000005,0.3309352517985612,0.46887411846421384,0.4540582840281687,1.9032674041021718,Medium,0.4540582840281686,Base
79:00,0.47568710359407973,0.6000000000000005,0.3237410071942446,0.4664760369294416,0.45082087395622616,1.8789621959639207,Medium,0.45082087395622616,Base
79:30,0.47568710359407973,0.6000000000000005,0.3381294964028777,0.471272199998986,0.45729569410011106,1.927887010871705,Medium,0.45729569410011106,Base
80:00,0.47568710359407973,0.6000000000000005,0.3237410071942446,0.4664760369294416,0.45082087395622616,1.8789621959639207,Medium,0.45082087395622616,Base
80:30,0.49894291754756637,0.6000000000000005,0.302158273381295,0.4670337303096206,0.44575980653109615,1.8235112508962772,Medium,0.44575980653109615,Base
81:00,0.47568710359407973,0.6000000000000005,0.3093525179856115,0.4616798738598972,0.44434605381234127,1.8312789670517176,Medium,0.44434605381234127,Base
81:30,0.49894291754756637,0.666666666666667,0.3093525179856115,0.4916540340666149,0.4723305499363718,1.9259896223668185,Medium,0.4723305499363718,Base
82:00,0.47568710359407973,0.666666666666667,0.3309352517985612,0.491096340686436,0.47739161736150193,1.9845568205117285,High,0.47739161736150193,Base
82:30,0.49894291754756637,0.666666666666667,0.3237410071942446,0.4964501971361593,0.4788053700802568,1.976138947345797,High,0.4788053700802567,Base
83:00,0.49894291754756637,0.666666666666667,0.28057553956834536,0.48206170792752623,0.4593809096486021,1.8294766582847986,Medium,0.4593809096486021,Base
83:30,0.49894291754756637,0.666666666666667,0.28057553956834536,0.48206170792752623,0.4593809096486021,1.8294766582847986,Medium,0.4593809096486021,Base
84:00,0.49894291754756637,0.666666666666667,0.3093525179856115,0.4916540340666149,0.4723305499363718,1.9259896223668185,Medium,0.4723305499363718,Base
84:30,0.49894291754756637,0.666666666666667,0.3381294964028777,0.5012463602057037,0.4852801902241417,2.027594071051124,High,0.4852801902241416,Base
85:00,0.5243128964059203,0.666666666666667,0.3525179856115108,0.5144991828946993,0.4968290061396974,2.1000027556195464,High,0.49682900613969727,Base
85:30,0.5243128964059203,0.5333333333333341,0.37410071942446044,0.4772489830545716,0.4598745696888582,2.0074175235507843,High,0.4598745696888581,Base
86:00,0.5243128964059203,0.5333333333333341,0.38129496402877694,0.47964706458934375,0.46311197976080065,2.0208523216493792,High,0.46311197976080054,Base
86:30,0.5243128964059203,0.5333333333333341,0.38848920863309355,0.482045146124116,0.4663493898327431,2.0208523216493792,High,0.466349389832743,Base
87:00,0.5243128964059203,0.5333333333333341,0.40287769784172667,0.48684130919366037,0.472824209976628,2.0208523216493792,High,0.4728242099766279,Base
87:30,0.5243128964059203,0.5333333333333341,0.37410071942446044,0.4772489830545716,0.4598745696888582,2.0074175235507843,High,0.4598745696888581,Base
88:00,0.5475687103594069,0.5333333333333341,0.3237410071942446,0.4682143502956619,0.4418638619759584,1.8505509465942398,Medium,0.44186386197595834,Base
88:30,0.5475687103594069,0.5333333333333341,0.302158273381295,0.46102010569134527,0.43215163176013105,1.7805564360801485,Medium,0.432151631760131,Base
89:00,0.5475687103594069,0.5333333333333341,0.27338129496402874,0.4514277795522566,0.41920199147236126,1.6913312516005798,Medium,0.4192019914723612,Base
89:30,0.5475687103594069,0.5333333333333341,0.2517985611510791,0.44423353494794005,0.4094897612565339,1.6273590041513313,Medium,0.4094897612565339,Base
90:00,0.5708245243128935,0.6000000000000005,0.25899280575539574,0.47660577668943,0.440711667452507,1.7336625747790986,Medium,0.440711667452507,Base
90:30,0.5708245243128935,0.6000000000000005,0.27338129496402874,0.48140193975897433,0.4471864875963918,1.7788040474312965,Medium,0.44718648759639185,Base
91:00,0.5708245243128935,0.6000000000000005,0.27338129496402874,0.48140193975897433,0.4471864875963918,1.7788040474312965,Medium,0.44718648759639185,Base
91:30,0.5708245243128935,0.6000000000000005,0.3093525179856115,0.49339234743283517,0.46337353795610403,1.8968672847476682,Medium,0.4633735379561041,Base
92:00,0.5708245243128935,0.6000000000000005,0.3597122302158273,0.5101789181762405,0.48603540845970117,2.0754358710226284,High,0.48603540845970117,Base
92:30,0.5940803382663837,0.6000000000000005,0.37410071942446044,0.5227270192302815,0.4971613913942841,2.147872812914422,High,0.4971613913942841,Base
93:00,0.5940803382663837,0.6000000000000005,0.38848920863309355,0.527523182299826,0.5036362115381691,2.1622476189746607,High,0.503636211538169,Base
93:30,0.5940803382663837,0.6000000000000005,0.4244604316546763,0.5395135899736868,0.5198232618978813,2.1622476189746607,High,0.5198232618978812,Base
94:00,0.5940803382663837,0.8000000000000007,0.4532374100719425,0.6157725827794424,0.6027729021856512,2.4513008265369587,High,0.602772902185651,Base
94:30,0.5940803382663837,0.8000000000000007,0.39568345323741005,0.5965879305012648,0.5768736216101116,2.4513008265369587,High,0.5768736216101116,Base
95:00,0.5940803382663837,0.8000000000000007,0.3237410071942446,0.572607115153543,0.5444995208906871,2.2254988421866164,High,0.5444995208906871,Base
95:30,0.6194503171247341,0.8000000000000007,0.302158273381295,0.5738695301686766,0.5398612864465298,2.1615106878927515,High,0.5398612864465299,Base
96:00,0.6194503171247341,0.8000000000000007,0.28776978417266186,0.5690733670991323,0.5333864663026449,2.106657104809304,High,0.533386466302645,Base
96:30,0.6194503171247341,0.8000000000000007,0.3165467625899281,0.5786656932382209,0.5463361065904146,2.2177925601696438,High,0.5463361065904148,Base
97:00,0.6194503171247341,0.8000000000000007,0.3093525179856115,0.5762676117034488,0.5430986965184722,2.1894707859059714,High,0.5430986965184723,Base
97:30,0.6194503171247341,0.8000000000000007,0.28057553956834536,0.5666752855643601,0.5301490562307025,2.079754558536534,High,0.5301490562307025,Base
98:00,0.6427061310782243,0.7333333333333334,0.28776978417266186,0.5546030828614065,0.5147042957600094,2.0378200532351585,High,0.5147042957600094,Base
98:30,0.6427061310782243,0.7333333333333334,0.28776978417266186,0.5546030828614065,0.5147042957600094,2.0378200532351585,High,0.5147042957600094,Base
99:00,0.6427061310782243,0.7333333333333334,0.2517985611510791,0.5426126751875456,0.4985172454002972,1.910983750828705,Medium,0.4985172454002972,Base
99:30,0.6427061310782243,0.7333333333333334,0.24460431654676262,0.5402145936527735,0.49527983532835473,1.886580002982975,Medium,0.4952798353283548,Base
100:00,0.6427061310782243,0.7333333333333334,0.26618705035971224,0.54740883825709,0.5049920655441821,1.9607423497520402,Medium,0.5049920655441821,Base
100:30,0.6659619450317109,0.7333333333333334,0.27338129496402874,0.5575588577763577,0.5128806384068217,2.0032631578626,High,0.5128806384068219,Base
101:00,0.6659619450317109,0.7333333333333334,0.24460431654676262,0.5479665316372689,0.49993099811905206,1.9028779517553969,Medium,0.4999309981190521,Base
101:30,0.6659619450317109,0.7333333333333334,0.2158273381294964,0.5383742054981803,0.48698135783128227,1.8075231329768047,Medium,0.4869813578312823,Base
102:00,0.6913319238900648,0.7333333333333334,0.20143884892086328,0.5420347020480872,0.48558053345906815,1.7782615831934458,Medium,0.4855805334590682,Base
102:30,0.6913319238900648,0.9333333333333336,0.19424460431654678,0.6063032871799817,0.5523431233871258,1.8733437398833528,Medium,0.552343123387126,Base
103:00,0.6913319238900648,0.9333333333333336,0.17985611510791366,0.6015071241104374,0.5458683032432409,1.825803092939003,Medium,0.5458683032432411,Base
103:30,0.6913319238900648,0.9333333333333336,0.15827338129496404,0.5943128795061208,0.5361560730274135,1.7567446354993004,Medium,0.5361560730274137,Base
104:00,0.6913319238900648,0.9333333333333336,0.16546762589928055,0.5967109610408929,0.539393483099356,1.7794689053666146,Medium,0.5393934830993562,Base
104:30,0.6913319238900648,0.9333333333333336,0.18705035971223016,0.6039052056452096,0.5491057133151833,1.8494206645371256,Medium,0.5491057133151835,Base
105:00,0.7145877378435515,0.9333333333333336,0.18705035971223016,0.611657143629705,0.5537568761058806,1.8653975980366992,Medium,0.5537568761058809,Base
105:30,0.7145877378435515,0.9333333333333336,0.16546762589928055,0.6044628990253885,0.5440446458900533,1.7948415336229973,Medium,0.5440446458900535,Base
106:00,0.7145877378435515,0.9333333333333336,0.14388489208633093,0.597268654421072,0.534332415674226,1.7269541540145024,Medium,0.5343324156742262,Base
106:30,0.7145877378435515,0.8000000000000007,0.1294964028776978,0.5480280469070834,0.48119092886367454,1.6446648354235476,Medium,0.4811909288636747,Base
107:00,0.7145877378435515,0.8000000000000007,0.1294964028776978,0.5480280469070834,0.48119092886367454,1.6446648354235476,Medium,0.4811909288636747,Base
107:30,0.7145877378435515,0.8000000000000007,0.15827338129496404,0.5576203730461721,0.49414056915144433,1.7314281605905444,Medium,0.4941405691514445,Base
108:00,0.7378435517970416,0.8000000000000007,0.18705035971223016,0.5749646371697575,0.5117413722299122,1.8385153235551137,Medium,0.5117413722299122,Base
108:30,0.7378435517970416,0.8000000000000007,0.20143884892086328,0.5797608002393019,0.5182161923737971,1.8863869742478592,Medium,0.5182161923737971,Base
109:00,0.7378435517970416,0.8000000000000007,0.19424460431654678,0.5773627187045297,0.5149787823018546,1.8622973334861046,Medium,0.5149787823018548,Base
109:30,0.7378435517970416,0.8000000000000007,0.17985611510791366,0.5725665556349854,0.5085039621579697,1.815037015931047,Medium,0.5085039621579699,Base
110:00,0.7378435517970416,0.8000000000000007,0.19424460431654678,0.5773627187045297,0.5149787823018546,1.8622973334861046,Medium,0.5149787823018548,Base
110:30,0.7378435517970416,0.8000000000000007,0.2230215827338129,0.5869550448436184,0.5279284225896244,1.960541732966607,Medium,0.5279284225896246,Base
111:00,0.7378435517970416,0.20000000000000018,0.237410071942446,0.3917512079131626,0.32440324273350907,1.4506960353487606,Medium,0.324403242733509,Base
111:30,0.7378435517970416,0.20000000000000018,0.237410071942446,0.3917512079131626,0.32440324273350907,1.4506960353487606,Medium,0.324403242733509,Base
112:00,0.7378435517970416,0.20000000000000018,0.20143884892086328,0.37976080023930175,0.3082161923737969,1.360403018187002,Medium,0.30821619237379677,Base
112:30,0.7610993657505283,0.20000000000000018,0.16546762589928055,0.3755223305499363,0.29668030480478197,1.2867508289791232,Medium,0.2966803048047819,Base
113:00,0.7610993657505283,0.20000000000000018,0.15827338129496404,0.3731242490151641,0.2934428947328395,1.2703186940867817,Low,0.29344289473283947,Base
113:30,0.7610993657505283,0.20000000000000018,0.16546762589928055,0.3755223305499363,0.29668030480478197,1.2867508289791232,Medium,0.2966803048047819,Base
114:00,0.7610993657505283,0.20000000000000018,0.15107913669064743,0.37072616748039194,0.2902054846608971,1.254096401730414,Low,0.290205484660897,Base
114:30,0.7610993657505283,0.20000000000000018,0.15107913669064743,0.37072616748039194,0.2902054846608971,1.254096401730414,Low,0.290205484660897,Base
115:00,0.7610993657505283,0.7333333333333334,0.17266187050359716,0.5556981898624863,0.486584381543391,1.7333078274867297,Medium,0.4865843815433912,Base
115:30,0.7864693446088786,0.7333333333333334,0.17985611510791366,0.5665529310167086,0.49489578738700357,1.7722818210478661,Medium,0.4948957873870037,Base
116:00,0.7610993657505283,0.7333333333333334,0.16546762589928055,0.553300108327714,0.48334697147144856,1.7111730463078352,Medium,0.4833469714714487,Base
116:30,0.7610993657505283,0.7333333333333334,0.14388489208633093,0.5461058637233975,0.4736347412556212,1.6464503106265216,Medium,0.4736347412556214,Base
117:00,0.7864693446088786,0.7333333333333334,0.14388489208633093,0.5545625233428476,0.47870873702729133,1.661972928637557,Medium,0.47870873702729144,Base
117:30,0.7864693446088786,0.7333333333333334,0.1294964028776978,0.5497663602733033,0.47223391688340643,1.6197963293572004,Medium,0.47223391688340655,Base
118:00,0.7864693446088786,0.7333333333333334,0.12230215827338131,0.5473682787385311,0.468996506811464,1.6095514156206172,Medium,0.4689965068114641,Base
118:30,0.7864693446088786,0.7333333333333334,0.13669064748201437,0.5521644418080754,0.4754713269553489,1.6407491122344549,Medium,0.475471326955349,Base
119:00,0.7864693446088786,0.7333333333333334,0.15107913669064743,0.5569606048776198,0.4819461470992338,1.6834712845051965,Medium,0.4819461470992339,Base
119:30,0.7864693446088786,0.666666666666667,0.16546762589928055,0.539534545724942,0.46508763390978547,1.656553703667881,Medium,0.46508763390978547,Base
120:00,0.7864693446088786,0.666666666666667,0.15107913669064743,0.5347383826553976,0.45861281376590046,1.6145146303820923,Medium,0.4586128137659006,Base
120:30,0.7864693446088786,0.666666666666667,0.1294964028776978,0.5275441380510811,0.44890058355007323,1.5534478645740974,Medium,0.44890058355007334,Base
121:00,0.7864693446088786,0.666666666666667,0.1294964028776978,0.5275441380510811,0.44890058355007323,1.5534478645740974,Medium,0.44890058355007334,Base
121:30,0.7864693446088786,0.666666666666667,0.14388489208633093,0.5323403011206255,0.4553754036939581,1.5938968685010715,Medium,0.45537540369395824,Base
122:00,0.7864693446088786,0.666666666666667,0.12230215827338131,0.525146056516309,0.4456631734781308,1.5436225926689828,Medium,0.4456631734781309,Base
122:30,0.7864693446088786,0.666666666666667,0.09352517985611508,0.5155537303772202,0.432713533190361,1.5436225926689828,Medium,0.4327135331903611,Base
123:00,0.7864693446088786,0.666666666666667,0.09352517985611508,0.5155537303772202,0.432713533190361,1.5436225926689828,Medium,0.4327135331903611,Base
123:30,0.7864693446088786,0.666666666666667,0.09352517985611508,0.5155537303772202,0.432713533190361,1.5436225926689828,Medium,0.4327135331903611,Base
124:00,0.8097251585623653,0.666666666666667,0.1079136690647482,0.5281018314312601,0.4438395161249432,1.5569577716168639,Medium,0.4438395161249433,Base
124:30,0.8097251585623653,0.666666666666667,0.12230215827338131,0.5328979945008046,0.4503143362688281,1.5569577716168639,Medium,0.4503143362688282,Base
125:00,0.8097251585623653,0.666666666666667,0.11510791366906475,0.5304999129660323,0.44707692619688566,1.5569577716168639,Medium,0.44707692619688577,Base
125:30,0.8097251585623653,0.666666666666667,0.1294964028776978,0.5352960760355767,0.45355174634077056,1.5668679229217026,Medium,0.45355174634077067,Base
126:00,0.8097251585623653,0.666666666666667,0.15827338129496404,0.5448884021746654,0.46650138662854035,1.6495271177692552,Medium,0.46650138662854046,Base
126:30,0.8097251585623653,0.666666666666667,0.15827338129496404,0.5448884021746654,0.46650138662854035,1.6495271177692552,Medium,0.46650138662854046,Base
127:00,0.8097251585623653,0.666666666666667,0.15107913669064743,0.5424903206398932,0.4632639765565978,1.6284622375319018,Medium,0.4632639765565979,Base
127:30,0.8097251585623653,0.666666666666667,0.15827338129496404,0.5448884021746654,0.46650138662854035,1.6495271177692552,Medium,0.46650138662854046,Base
128:00,0.8097251585623653,0.6000000000000005,0.16546762589928055,0.5250642614872154,0.4464054633671495,1.602424214595167,Medium,0.4464054633671496,Base
128:30,0.8097251585623653,0.6000000000000005,0.15827338129496404,0.5226661799524432,0.44316805329520703,1.5819608503944436,Medium,0.44316805329520714,Base
129:00,0.8097251585623653,0.6000000000000005,0.15827338129496404,0.5226661799524432,0.44316805329520703,1.5819608503944436,Medium,0.44316805329520714,Base
129:30,0.8329809725158555,0.6000000000000005,0.18705035971223016,0.5400104440760287,0.4607688563736749,1.6662517182333372,Medium,0.46076885637367493,Base
130:00,0.8329809725158555,0.6000000000000005,0.18705035971223016,0.5400104440760287,0.4607688563736749,1.6662517182333372,Medium,0.46076885637367493,Base
130:30,0.8329809725158555,0.6000000000000005,0.15107913669064743,0.5280200364021678,0.44458180601396263,1.562542263375633,Medium,0.4445818060139628,Base
131:00,0.8329809725158555,0.6000000000000005,0.13669064748201437,0.5232238733326234,0.43810698587007774,1.5228889587005436,Medium,0.4381069858700779,Base
131:30,0.8329809725158555,0.6000000000000005,0.15107913669064743,0.5280200364021678,0.44458180601396263,1.562542263375633,Medium,0.4445818060139628,Base
132:00,0.8329809725158555,0.7333333333333334,0.15107913669064743,0.5724644808466121,0.4912484726806291,1.6988664077119764,Medium,0.4912484726806293,Base
132:30,0.8329809725158555,0.7333333333333334,0.14388489208633093,0.5700663993118399,0.48801106260868665,1.6771714522109653,Medium,0.4880110626086869,Base
133:00,0.8329809725158555,0.7333333333333334,0.15827338129496404,0.5748625623813842,0.49448588275257155,1.720841997070409,Medium,0.49448588275257177,Base
133:30,0.8329809725158555,0.7333333333333334,0.16546762589928055,0.5772606439161564,0.497723292824514,1.7431018504094924,Medium,0.4977232928245142,Base
134:00,0.8562367864693421,0.7333333333333334,0.17266187050359716,0.5874106634354243,0.5056118656871538,1.7656496448097083,Medium,0.505611865687154,Base
134:30,0.8562367864693421,0.7333333333333334,0.18705035971223016,0.5922068265049686,0.5120866858310387,1.8116240035540543,Medium,0.5120866858310388,Base
135:00,0.8562367864693421,0.7333333333333334,0.18705035971223016,0.5922068265049686,0.5120866858310387,1.8116240035540543,Medium,0.5120866858310388,Base
135:30,0.8562367864693421,0.7333333333333334,0.17985611510791366,0.5898087449701964,0.5088492757590962,1.7884891049162022,Medium,0.5088492757590964,Base
136:00,0.8562367864693421,0.8000000000000007,0.18705035971223016,0.614429048727191,0.5354200191643723,1.8889992886480191,Medium,0.5354200191643724,Base
136:30,0.8562367864693421,0.8000000000000007,0.17985611510791366,0.6120309671924188,0.5321826090924298,1.8648762879679044,Medium,0.53218260909243,Base
137:00,0.8794926004228287,0.8000000000000007,0.17985611510791366,0.6197829051769144,0.5368337718831271,1.8648762879679044,Medium,0.5368337718831273,Base
137:30,0.8794926004228287,0.8000000000000007,0.19424460431654678,0.6245790682464588,0.543308592027012,1.9134343310252524,Medium,0.5433085920270122,Base
138:00,0.8794926004228287,0.8000000000000007,0.2230215827338129,0.6341713943855475,0.5562582323147818,2.014376432706222,High,0.556258232314782,Base
138:30,0.8794926004228287,0.8000000000000007,0.2230215827338129,0.6341713943855475,0.5562582323147818,2.014376432706222,High,0.556258232314782,Base
139:00,0.8794926004228287,0.8000000000000007,0.2158273381294964,0.6317733128507753,0.5530208222428394,1.9886523340534596,High,0.5530208222428395,Base
139:30,0.9048625792811826,0.8000000000000007,0.2086330935251799,0.6378318909354544,0.5548574079425677,1.9632567386738455,Medium,0.5548574079425679,Base
140:00,0.9048625792811826,0.8000000000000007,0.20143884892086328,0.6354338094006823,0.5516199978706253,1.9381854514971493,Medium,0.5516199978706254,Base
140:30,0.9048625792811826,0.6000000000000005,0.20143884892086328,0.5687671427340155,0.4816199978706252,1.7096379327508264,Medium,0.4816199978706253,Base
141:00,0.9048625792811826,0.6000000000000005,0.20143884892086328,0.5687671427340155,0.4816199978706252,1.7096379327508264,Medium,0.4816199978706253,Base
141:30,0.9048625792811826,0.6000000000000005,0.20143884892086328,0.5687671427340155,0.4816199978706252,1.7096379327508264,Medium,0.4816199978706253,Base
142:00,0.9281183932346693,0.6000000000000005,0.20143884892086328,0.5765190807185111,0.48627116066132253,1.7096379327508264,Medium,0.48627116066132264,Base
142:30,0.9281183932346693,0.6000000000000005,0.20143884892086328,0.5765190807185111,0.48627116066132253,1.7096379327508264,Medium,0.48627116066132264,Base
143:00,0.9281183932346693,0.6000000000000005,0.2086330935251799,0.5789171622532833,0.489508570733265,1.7317528565560076,Medium,0.4895085707332651,Base
143:30,0.9281183932346693,0.6000000000000005,0.2158273381294964,0.5813152437880554,0.49274598080520743,1.7541538466946147,Medium,0.49274598080520754,Base
144:00,0.9281183932346693,0.6000000000000005,0.2230215827338129,0.5837133253228276,0.4959833908771498,1.7768446035613612,Medium,0.49598339087714993,Base
144:30,0.9281183932346693,0.7333333333333334,0.2302158273381295,0.6305558513020441,0.5458874676157588,1.9568551121751339,Medium,0.545887467615759,Base
145:00,0.9513742071881595,0.7333333333333334,0.2086330935251799,0.6311135446822242,0.5408264001906296,1.8828397947499236,Medium,0.5408264001906297,Base
145:30,0.9513742071881595,0.7333333333333334,0.16546762589928055,0.6167250554735911,0.5214019397589749,1.7431018504094924,Medium,0.5214019397589751,Base
146:00,0.9513742071881595,0.7333333333333334,0.14388489208633093,0.6095308108692746,0.5116897095431474,1.6771714522109653,Medium,0.5116897095431476,Base
146:30,0.9513742071881595,0.7333333333333334,0.12230215827338131,0.6023365662649581,0.5019774793273202,1.6242705513606779,Medium,0.5019774793273204,Base
147:00,0.9513742071881595,0.7333333333333334,0.09352517985611508,0.5927442401258692,0.4890278390395503,1.6242705513606779,Medium,0.48902783903955055,Base
147:30,0.9513742071881595,0.7333333333333334,0.07913669064748202,0.5879480770563249,0.4825530188956655,1.6242705513606779,Medium,0.4825530188956657,Base
148:00,0.9746300211416461,0.7333333333333334,0.05035971223021585,0.5861076889017318,0.474254541398593,1.6242705513606779,Medium,0.47425454139859324,Base
148:30,0.9746300211416461,1.0,0.03597122302158273,0.6702004147210762,0.5611130545880414,1.7332530178673953,Medium,0.5611130545880418,Base
149:00,0.9746300211416461,1.0,0.028776978417266175,0.667802333186304,0.5578756445160991,1.7332530178673953,Medium,0.5578756445160993,Base
149:30,0.9746300211416461,1.0,0.01438848920863306,0.6630061701167597,0.5514008243722142,1.7332530178673953,Medium,0.5514008243722145,Base
150:00,0.9746300211416461,1.0,0.028776978417266175,0.667802333186304,0.5578756445160991,1.7332530178673953,Medium,0.5578756445160993,Base
150:30,0.9746300211416461,1.0,0.0647482014388489,0.6797927408601651,0.5740626948758112,1.7332530178673953,Medium,0.5740626948758116,Base
151:00,1.0,1.0,0.09352517985611508,0.697841726618705,0.5920863309352518,1.7332530178673953,Medium,0.5920863309352522,Base
151:30,0.9746300211416461,1.0,0.1079136690647482,0.6941812300687982,0.5934871553074659,1.7332530178673953,Medium,0.5934871553074663,Base
152:00,0.9746300211416461,1.0,0.08633093525179858,0.6869869854644816,0.5837749250916386,1.7332530178673953,Medium,0.5837749250916389,Base
152:30,1.0,0.9333333333333336,0.07194244604316546,0.6684252597921664,0.5590407673860912,1.7332530178673953,Medium,0.5590407673860915,Base
153:00,0.9746300211416461,0.9333333333333336,0.09352517985611508,0.6671628447770316,0.5636790018302478,1.7332530178673953,Medium,0.563679001830248,Base
153:30,1.0,0.9333333333333336,0.10071942446043164,0.6780175859312552,0.5719904076738609,1.7332530178673953,Medium,0.5719904076738613,Base
154:00,1.0,0.9333333333333336,0.10071942446043164,0.6780175859312552,0.5719904076738609,1.7332530178673953,Medium,0.5719904076738613,Base
154:30,1.0,0.9333333333333336,0.11510791366906475,0.6828137490007995,0.5784652278177458,1.7332530178673953,Medium,0.5784652278177462,Base
155:00,1.0,0.9333333333333336,0.10071942446043164,0.6780175859312552,0.5719904076738609,1.7332530178673953,Medium,0.5719904076738613,Base
155:30,1.0,0.9333333333333336,0.07194244604316546,0.6684252597921664,0.5590407673860912,1.7332530178673953,Medium,0.5590407673860915,Base
156:00,1.0,0.9333333333333336,0.07194244604316546,0.6684252597921664,0.5590407673860912,1.7332530178673953,Medium,0.5590407673860915,Base
156:30,1.0,0.9333333333333336,0.07913669064748202,0.6708233413269385,0.5622781774580337,1.7332530178673953,Medium,0.562278177458034,Base
157:00,1.0,0.9333333333333336,0.09352517985611508,0.6756195043964829,0.5687529976019186,1.7332530178673953,Medium,0.5687529976019188,Base
157:30,1.0,0.9333333333333336,0.1079136690647482,0.6804156674660273,0.5752278177458034,1.7332530178673953,Medium,0.5752278177458037,Base
158:00,0.9746300211416461,0.9333333333333336,0.12230215827338131,0.6767551709161204,0.5766286421180176,1.7332530178673953,Medium,0.5766286421180178,Base
158:30,1.0,0.9333333333333336,0.11510791366906475,0.6828137490007995,0.5784652278177458,1.7332530178673953,Medium,0.5784652278177462,Base
159:00,0.9746300211416461,0.9333333333333336,0.12230215827338131,0.6767551709161204,0.5766286421180176,1.7332530178673953,Medium,0.5766286421180178,Base
159:30,1.0,0.9333333333333336,0.12230215827338131,0.6852118305355717,0.5817026378896883,1.7332530178673953,Medium,0.5817026378896886,Base
160:00,0.9746300211416461,0.9333333333333336,0.08633093525179858,0.6647647632422594,0.5604415917583053,1.7332530178673953,Medium,0.5604415917583057,Base
160:30,0.9746300211416461,1.0,0.05755395683453235,0.6773946593253929,0.5708252848038688,1.7332530178673953,Medium,0.5708252848038691,Base
161:00,0.9746300211416461,1.0,0.05035971223021585,0.6749965777906207,0.5675878747319263,1.7332530178673953,Medium,0.5675878747319267,Base
161:30,1.0,1.0,0.0647482014388489,0.6882494004796164,0.579136690647482,1.7332530178673953,Medium,0.5791366906474824,Base
162:00,0.9746300211416461,1.0,0.0647482014388489,0.6797927408601651,0.5740626948758112,1.7332530178673953,Medium,0.5740626948758116,Base
162:30,0.9746300211416461,1.0,0.0647482014388489,0.6797927408601651,0.5740626948758112,1.7332530178673953,Medium,0.5740626948758116,Base
163:00,0.9746300211416461,1.0,0.10071942446043164,0.691783148534026,0.5902497452355234,1.7332530178673953,Medium,0.5902497452355238,Base
163:30,0.9746300211416461,1.0,0.11510791366906475,0.6965793116035703,0.5967245653794084,1.7332530178673953,Medium,0.5967245653794087,Base
164:00,0.9746300211416461,1.0,0.09352517985611508,0.6893850669992537,0.587012335163581,1.7332530178673953,Medium,0.5870123351635814,Base
164:30,0.9746300211416461,1.0,0.08633093525179858,0.6869869854644816,0.5837749250916386,1.7332530178673953,Medium,0.5837749250916389,Base
165:00,0.9746300211416461,0.8000000000000007,0.07913669064748202,0.617922237263043,0.5105375150196965,1.6936438853056397,Medium,0.5105375150196967,Base
165:30,0.9746300211416461,0.8000000000000007,0.07913669064748202,0.617922237263043,0.5105375150196965,1.6936438853056397,Medium,0.5105375150196967,Base
166:00,0.9513742071881595,0.8000000000000007,0.08633093525179858,0.6125683808133195,0.5091237623009415,1.6936438853056397,Medium,0.5091237623009417,Base
166:30,0.9746300211416461,0.8000000000000007,0.07913669064748202,0.617922237263043,0.5105375150196965,1.6936438853056397,Medium,0.5105375150196967,Base
167:00,0.9513742071881595,0.8000000000000007,0.07913669064748202,0.6101702992785474,0.5058863522289991,1.6936438853056397,Medium,0.5058863522289994,Base
167:30,0.9513742071881595,0.8000000000000007,0.07913669064748202,0.6101702992785474,0.5058863522289991,1.6936438853056397,Medium,0.5058863522289994,Base
168:00,0.9746300211416461,0.8000000000000007,0.08633093525179858,0.6203203187978151,0.5137749250916388,1.6936438853056397,Medium,0.513774925091639,Base
168:30,0.9513742071881595,0.8000000000000007,0.07194244604316546,0.6077722177437752,0.5026489421570566,1.6936438853056397,Medium,0.5026489421570568,Base
169:00,0.9513742071881595,1.0,0.04316546762589929,0.6648465582713529,0.5596993018692866,1.7332530178673953,Medium,0.5596993018692868,Base
169:30,0.9513742071881595,1.0,0.028776978417266175,0.6600503952018085,0.5532244817254017,1.7332530178673953,Medium,0.553224481725402,Base
170:00,0.9513742071881595,1.0,0.04316546762589929,0.6648465582713529,0.5596993018692866,1.7332530178673953,Medium,0.5596993018692868,Base
170:30,0.9513742071881595,1.0,0.07194244604316546,0.6744388844104416,0.5726489421570564,1.7332530178673953,Medium,0.5726489421570566,Base
171:00,0.9281183932346693,1.0,0.1079136690647482,0.6786773540998059,0.5841848297260706,1.7332530178673953,Medium,0.5841848297260709,Base
171:30,0.9281183932346693,1.0,0.13669064748201437,0.6882696802388946,0.5971344700138403,1.7668484043096455,Medium,0.5971344700138406,Base
172:00,0.9281183932346693,1.0,0.13669064748201437,0.6882696802388946,0.5971344700138403,1.7668484043096455,Medium,0.5971344700138406,Base
172:30,0.9281183932346693,1.0,0.11510791366906475,0.6810754356345781,0.587422239798013,1.7332530178673953,Medium,0.5874222397980133,Base
173:00,0.9281183932346693,1.0,0.11510791366906475,0.6810754356345781,0.587422239798013,1.7332530178673953,Medium,0.5874222397980133,Base
173:30,0.9281183932346693,0.40000000000000036,0.11510791366906475,0.4810754356345781,0.37742223979801315,1.3177703458446823,Medium,0.3774222397980132,Base
174:00,0.9281183932346693,0.40000000000000036,0.09352517985611508,0.47388119103026155,0.3677100095821858,1.3177703458446823,Medium,0.36771000958218586,Base
174:30,0.9048625792811826,0.40000000000000036,0.09352517985611508,0.46612925304576597,0.3630588467914885,1.3177703458446823,Medium,0.36305884679148853,Base
175:00,0.9048625792811826,0.40000000000000036,0.10071942446043164,0.46852733458053825,0.3662962568634309,1.3177703458446823,Medium,0.366296256863431,Base
175:30,0.9048625792811826,0.40000000000000036,0.1079136690647482,0.4709254161153104,0.3695336669353734,1.3177703458446823,Medium,0.36953366693537343,Base
176:00,0.9048625792811826,0.40000000000000036,0.10071942446043164,0.46852733458053825,0.3662962568634309,1.3177703458446823,Medium,0.366296256863431,Base
176:30,0.9048625792811826,0.40000000000000036,0.08633093525179858,0.4637311715109938,0.35982143671954603,1.3177703458446823,Medium,0.35982143671954614,Base
177:00,0.9048625792811826,0.40000000000000036,0.08633093525179858,0.4637311715109938,0.35982143671954603,1.3177703458446823,Medium,0.35982143671954614,Base
177:30,0.9048625792811826,0.8000000000000007,0.09352517985611508,0.5994625863790994,0.5030588467914885,1.6936438853056397,Medium,0.5030588467914888,Base
178:00,0.9048625792811826,0.8000000000000007,0.09352517985611508,0.5994625863790994,0.5030588467914885,1.6936438853056397,Medium,0.5030588467914888,Base
178:30,0.9048625792811826,0.8000000000000007,0.13669064748201437,0.6138510755877326,0.5224833072231432,1.7264715338000327,Medium,0.5224833072231434,Base
179:00,0.9048625792811826,0.8000000000000007,0.1294964028776978,0.6114529940529604,0.5192458971512008,1.704424053827785,Medium,0.5192458971512011,Base
179:30,0.8794926004228287,0.8000000000000007,0.12230215827338131,0.6005982528987369,0.5109344913075876,1.6936438853056397,Medium,0.5109344913075877,Base
180:00,0.8794926004228287,0.8000000000000007,0.15107913669064743,0.6101905790378256,0.5238841315953573,1.7714257646068918,Medium,0.5238841315953575,Base
180:30,0.8794926004228287,0.8000000000000007,0.15107913669064743,0.6101905790378256,0.5238841315953573,1.7714257646068918,Medium,0.5238841315953575,Base
181:00,0.8794926004228287,0.8000000000000007,0.1294964028776978,0.6029963344335091,0.5141719013795301,1.704424053827785,Medium,0.5141719013795302,Base
181:30,0.8794926004228287,0.8000000000000007,0.10071942446043164,0.5934040082944204,0.5012222610917603,1.6936438853056397,Medium,0.5012222610917605,Base
182:00,0.8794926004228287,0.40000000000000036,0.09352517985611508,0.45767259342631467,0.3579848510198177,1.3177703458446823,Medium,0.3579848510198177,Base
182:30,0.8562367864693421,0.40000000000000036,0.10071942446043164,0.45231873697659136,0.3565710983010628,1.3177703458446823,Medium,0.3565710983010628,Base
183:00,0.8562367864693421,0.40000000000000036,0.11510791366906475,0.4571149000461357,0.3630459184449477,1.3177703458446823,Medium,0.3630459184449477,Base
183:30,0.8562367864693421,0.40000000000000036,0.1294964028776978,0.46191106311568014,0.36952073858883255,1.3261580515040263,Medium,0.3695207385888326,Base
184:00,0.8562367864693421,0.40000000000000036,0.15107913669064743,0.46910530771999664,0.3792329688046599,1.3782899479148443,Medium,0.37923296880465995,Base
184:30,0.8562367864693421,0.40000000000000036,0.17985611510791366,0.47869763385908537,0.3921826090924297,1.4510008227080922,Medium,0.39218260909242975,Base
185:00,0.8562367864693421,0.40000000000000036,0.18705035971223016,0.48109571539385754,0.39542001916437214,1.4697701609526015,Medium,0.39542001916437214,Base
185:30,0.8562367864693421,0.40000000000000036,0.18705035971223016,0.48109571539385754,0.39542001916437214,1.4697701609526015,Medium,0.39542001916437214,Base
186:00,0.8562367864693421,0.40000000000000036,0.18705035971223016,0.48109571539385754,0.39542001916437214,1.4697701609526015,Medium,0.39542001916437214,Base
186:30,0.8329809725158555,0.40000000000000036,0.18705035971223016,0.473343777409362,0.3907688563736748,1.4697701609526015,Medium,0.3907688563736748,Base
187:00,0.8329809725158555,0.40000000000000036,0.17266187050359716,0.4685476143398177,0.38429403622978997,1.4324711736799625,Medium,0.38429403622978997,Base
187:30,0.8329809725158555,0.40000000000000036,0.15107913669064743,0.46135336973550106,0.37458180601396257,1.3782899479148443,Medium,0.3745818060139626,Base
188:00,0.8329809725158555,0.40000000000000036,0.13669064748201437,0.4565572066659567,0.3681069858700777,1.3433124932140612,Medium,0.36810698587007773,Base
188:30,0.8329809725158555,0.40000000000000036,0.14388489208633093,0.4589552882007289,0.3713443959420201,1.36068883522478,Medium,0.3713443959420202,Base
189:00,0.8329809725158555,0.40000000000000036,0.13669064748201437,0.4565572066659567,0.3681069858700777,1.3433124932140612,Medium,0.36810698587007773,Base
189:30,0.8097251585623653,0.40000000000000036,0.1294964028776978,0.44640718714668787,0.3602184130074372,1.3254931191390202,Medium,0.36021841300743723,Base
190:00,0.8097251585623653,0.40000000000000036,0.15107913669064743,0.45360143175100437,0.3699306432232645,1.3775988767459955,Medium,0.3699306432232645,Base
190:30,0.8097251585623653,0.40000000000000036,0.16546762589928055,0.4583975948205487,0.3764054633671494,1.4134690875499938,Medium,0.3764054633671494,Base
191:00,0.8097251585623653,0.2666666666666675,0.16546762589928055,0.4139531503761044,0.3297387967004829,1.310103120434904,Medium,0.3297387967004829,Base
191:30,0.8097251585623653,0.2666666666666675,0.16546762589928055,0.4139531503761044,0.3297387967004829,1.310103120434904,Medium,0.3297387967004829,Base
192:00,0.8097251585623653,0.2666666666666675,0.15827338129496404,0.41155506884133225,0.3265013866285405,1.293372770849706,Medium,0.32650138662854045,Base
192:30,0.8097251585623653,0.2666666666666675,0.17266187050359716,0.41635123191087664,0.33297620677242545,1.327049884501334,Medium,0.33297620677242534,Base
193:00,0.7864693446088786,0.2666666666666675,0.17985611510791366,0.4109973754611533,0.33156245405367046,1.3327027955112607,Medium,0.33156245405367046,Base
193:30,0.8097251585623653,0.2666666666666675,0.15107913669064743,0.4091569873065601,0.323263976556598,1.2768560720778497,Low,0.323263976556598,Base
194:00,0.8097251585623653,0.2666666666666675,0.12230215827338131,0.3995646611674714,0.3103143362688283,1.2207903498399946,Low,0.31031433626882826,Base
194:30,0.7864693446088786,0.2666666666666675,0.12230215827338131,0.39181272318297583,0.305663173478131,1.2103344093708726,Low,0.30566317347813093,Base
195:00,0.7864693446088786,0.5333333333333341,0.13669064748201437,0.48549777514140907,0.40547132695534915,1.4472747787042166,Medium,0.4054713269553492,Base
195:30,0.7864693446088786,0.5333333333333341,0.14388489208633093,0.48789585667618124,0.4087087370272916,1.4659959189193879,Medium,0.4087087370272916,Base
196:00,0.7864693446088786,0.5333333333333341,0.15107913669064743,0.4902939382109534,0.41194614709923405,1.4849592253742483,Medium,0.41194614709923405,Base
196:30,0.7864693446088786,0.5333333333333341,0.15107913669064743,0.4902939382109534,0.41194614709923405,1.4849592253742483,Medium,0.41194614709923405,Base
197:00,0.7864693446088786,0.5333333333333341,0.15107913669064743,0.4902939382109534,0.41194614709923405,1.4849592253742483,Medium,0.41194614709923405,Base
197:30,0.7864693446088786,0.5333333333333341,0.15107913669064743,0.4902939382109534,0.41194614709923405,1.4849592253742483,Medium,0.41194614709923405,Base
198:00,0.7864693446088786,0.5333333333333341,0.15107913669064743,0.4902939382109534,0.41194614709923405,1.4849592253742483,Medium,0.41194614709923405,Base
198:30,0.7610993657505283,0.5333333333333341,0.15827338129496404,0.48423536012627544,0.4101095613995064,1.4901190923428547,Medium,0.41010956139950644,Base
199:00,0.7610993657505283,0.5333333333333341,0.16546762589928055,0.4866334416610476,0.41334697147144883,1.5093944427293449,Medium,0.4133469714714489,Base
199:30,0.7864693446088786,0.5333333333333341,0.16546762589928055,0.49509010128049774,0.41842096724311895,1.523624907633902,Medium,0.41842096724311895,Base
200:00,0.7610993657505283,0.5333333333333341,0.16546762589928055,0.4866334416610476,0.41334697147144883,1.5093944427293449,Medium,0.4133469714714489,Base
200:30,0.7610993657505283,0.5333333333333341,0.17266187050359716,0.48903152319581983,0.4165843815433913,1.5289191283095334,Medium,0.41658438154339134,Base
201:00,0.7610993657505283,0.5333333333333341,0.17266187050359716,0.48903152319581983,0.4165843815433913,1.5289191283095334,Medium,0.41658438154339134,Base
201:30,0.7610993657505283,0.5333333333333341,0.15107913669064743,0.48183727859150327,0.40687215132756394,1.4710898930763125,Medium,0.406872151327564,Base
202:00,0.7610993657505283,0.5333333333333341,0.1294964028776978,0.47464303398718677,0.3971599211117366,1.415447968071434,Medium,0.3971599211117367,Base
202:30,0.7610993657505283,0.5333333333333341,0.13669064748201437,0.47704111552195894,0.40039733118367904,1.4337574143959735,Medium,0.40039733118367915,Base
203:00,0.7378435517970416,0.5333333333333341,0.15827338129496404,0.4764834221417799,0.40545839860880906,1.4773563796268827,Medium,0.4054583986088091,Base
203:30,0.7378435517970416,0.5333333333333341,0.18705035971223016,0.48607574828086864,0.41840803889657885,1.5552934457039926,Medium,0.4184080388965789,Base
204:00,0.7378435517970416,0.6000000000000005,0.19424460431654678,0.5106960520378631,0.44497878230185456,1.6426984120271855,Medium,0.44497878230185467,Base
204:30,0.7378435517970416,0.6000000000000005,0.18705035971223016,0.5082979705030908,0.4417413722299121,1.6217207360964987,Medium,0.44174137222991217,Base
205:00,0.7378435517970416,0.6000000000000005,0.17985611510791366,0.5058998889683186,0.43850396215796966,1.6010109504153134,Medium,0.4385039621579698,Base
205:30,0.7378435517970416,0.6000000000000005,0.17985611510791366,0.5058998889683186,0.43850396215796966,1.6010109504153134,Medium,0.4385039621579698,Base
206:00,0.7145877378435515,0.6000000000000005,0.18705035971223016,0.5005460325185941,0.43709020943921406,1.6078308691947898,Medium,0.4370902094392141,Base
206:30,0.7145877378435515,0.6000000000000005,0.2158273381294964,0.5101383586576828,0.45003984972698385,1.692651040157804,Medium,0.4500398497269839,Base
207:00,0.7145877378435515,0.6000000000000005,0.2086330935251799,0.5077402771229106,0.4468024396550414,1.6710354564790257,Medium,0.44680243965504146,Base
207:30,0.7145877378435515,0.6000000000000005,0.18705035971223016,0.5005460325185941,0.43709020943921406,1.6078308691947898,Medium,0.4370902094392141,Base
208:00,0.7145877378435515,0.8666666666666671,0.15827338129496404,0.5798425952683942,0.5174739024847775,1.7719209513885412,Medium,0.5174739024847779,Base
208:30,0.7145877378435515,0.8666666666666671,0.1079136690647482,0.5630560245249889,0.4948120319811804,1.6724830202767562,Medium,0.49481203198118073,Base
209:00,0.7145877378435515,0.8666666666666671,0.09352517985611508,0.5582598614554445,0.4883372118372955,1.6724830202767562,Medium,0.48833721183729584,Base
209:30,0.6913319238900648,0.8666666666666671,0.10071942446043164,0.5529060050057212,0.4869234591185406,1.6581583797699544,Medium,0.48692345911854096,Base
210:00,0.6913319238900648,0.8666666666666671,0.1294964028776978,0.56249833114481,0.4998730994063104,1.6687126804263182,Medium,0.4998730994063107,Base
210:30,0.6913319238900648,0.8666666666666671,0.15107913669064743,0.5696925757491265,0.5095853296221378,1.734310560329654,Medium,0.509585329622138,Base
211:00,0.6913319238900648,0.8666666666666671,0.14388489208633093,0.5672944942143543,0.5063479195501953,1.7121629739976838,Medium,0.5063479195501956,Base
211:30,0.6913319238900648,0.8666666666666671,0.16546762589928055,0.5744887388186708,0.5160601497660227,1.7794689053666146,Medium,0.5160601497660229,Base
212:00,0.6659619450317109,0.8666666666666671,0.17985611510791366,0.5708282422687639,0.5174609741382368,1.8087503218097543,Medium,0.517460974138237,Base
212:30,0.6659619450317109,0.3333333333333339,0.19424460431654678,0.3978466275605306,0.33726912761545513,1.3531819418969109,Medium,0.3372691276154551,Base
213:00,0.6659619450317109,0.3333333333333339,0.2158273381294964,0.4050408721648471,0.3469813578312825,1.406376160142582,Medium,0.34698135783128237,Base
213:30,0.6659619450317109,0.3333333333333339,0.2230215827338129,0.40743895369961924,0.35021876790322487,1.424568258613942,Medium,0.3502187679032248,Base
214:00,0.6659619450317109,0.3333333333333339,0.2086330935251799,0.4026427906300749,0.34374394775934003,1.388416379389092,Medium,0.34374394775934,Base
214:30,0.6427061310782243,0.3333333333333339,0.2086330935251799,0.3948908526455794,0.3390927849686427,1.3765247396729452,Medium,0.33909278496864265,Base
215:00,0.6659619450317109,0.3333333333333339,0.2302158273381295,0.4098370352343914,0.3534561779751674,1.44299567993574,Medium,0.35345617797516726,Base
215:30,0.6427061310782243,0.3333333333333339,0.2302158273381295,0.4020850972498959,0.34880501518447005,1.430636574272277,Medium,0.34880501518446994,Base
216:00,0.6427061310782243,0.3333333333333339,0.237410071942446,0.40448317878466805,0.35204242525641244,1.449142491944582,Medium,0.3520424252564124,Base
216:30,0.6427061310782243,0.666666666666667,0.24460431654676262,0.5179923714305513,0.47194650199502153,1.8093038142302231,Medium,0.47194650199502153,Base
217:00,0.6427061310782243,0.666666666666667,0.20143884892086328,0.5036038822219182,0.45252204156336673,1.675023459421059,Medium,0.45252204156336684,Base
217:30,0.6427061310782243,0.666666666666667,0.15107913669064743,0.48681731147851287,0.4298601710597696,1.5309059873746527,Medium,0.4298601710597697,Base
218:00,0.6427061310782243,0.666666666666667,0.17266187050359716,0.4940115560828295,0.43957240127559705,1.5910866213933532,Medium,0.4395724012755971,Base
218:30,0.6427061310782243,0.666666666666667,0.2086330935251799,0.5060019637566904,0.4557594516353093,1.6966906296840543,Medium,0.4557594516353093,Base
219:00,0.6194503171247341,0.666666666666667,0.2230215827338129,0.503046188841738,0.4575831089884961,1.7259590562207578,Medium,0.45758310898849613,Base
219:30,0.6194503171247341,0.666666666666667,0.2230215827338129,0.503046188841738,0.4575831089884961,1.7259590562207578,Medium,0.45758310898849613,Base
220:00,0.6194503171247341,0.666666666666667,0.2302158273381295,0.5054442703765102,0.4608205190604385,1.7482851009861364,Medium,0.4608205190604386,Base
220:30,0.6194503171247341,0.666666666666667,0.24460431654676262,0.5102404334460545,0.4672953392043234,1.7938073180672014,Medium,0.4672953392043235,Base
221:00,0.6194503171247341,0.2666666666666675,0.237410071942446,0.37450901857794916,0.3240579291323812,1.3885396254105034,Medium,0.3240579291323811,Base
221:30,0.6194503171247341,0.2666666666666675,0.20143884892086328,0.3625186109040883,0.30787087877266894,1.3021152958666293,Medium,0.30787087877266883,Base
222:00,0.5940803382663837,0.2666666666666675,0.17266187050359716,0.34446962514554946,0.2898472427132291,1.2253130350477124,Low,0.28984724271322904,Base
222:30,0.5940803382663837,0.2666666666666675,0.18705035971223016,0.3492657882150938,0.29632206285711393,1.2572179949093718,Low,0.2963220628571139,Base
223:00,0.5940803382663837,0.2666666666666675,0.19424460431654678,0.351663869749866,0.29955947292905644,1.273480666455965,Low,0.2995594729290564,Base
223:30,0.5940803382663837,0.2666666666666675,0.19424460431654678,0.351663869749866,0.29955947292905644,1.273480666455965,Low,0.2995594729290564,Base
224:00,0.5708245243128935,0.2666666666666675,0.2158273381294964,0.35110617636968583,0.30462054035418573,1.3122057943901329,Medium,0.3046205403541856,Base
224:30,0.5940803382663837,0.2666666666666675,0.2158273381294964,0.3588581143541825,0.3092717031448837,1.3235417900977273,Medium,0.30927170314488367,Base
225:00,0.5708245243128935,0.2666666666666675,0.19424460431654678,0.3439119317653693,0.2949083101383584,1.262573438987474,Low,0.29490831013835833,Base
225:30,0.5708245243128935,0.3333333333333339,0.18705035971223016,0.3637360724528192,0.31500423339974915,1.2897097621170313,Medium,0.3150042333997491,Base
226:00,0.5708245243128935,0.3333333333333339,0.2086330935251799,0.3709303170571358,0.3247164636155765,1.3404088591382748,Medium,0.3247164636155765,Base
226:30,0.5708245243128935,0.3333333333333339,0.2230215827338129,0.37572648012668014,0.3311912837594614,1.3753107084011076,Medium,0.33119128375946133,Base
227:00,0.5708245243128935,0.3333333333333339,0.2302158273381295,0.3781245616614523,0.33442869383140383,1.3931009614962773,Medium,0.3344286938314038,Base
227:30,0.5708245243128935,0.3333333333333339,0.237410071942446,0.3805226431962245,0.3376661039033463,1.411121339393978,Medium,0.3376661039033462,Base
228:00,0.5708245243128935,0.3333333333333339,0.237410071942446,0.3805226431962245,0.3376661039033463,1.411121339393978,Medium,0.3376661039033462,Base
228:30,0.5475687103594069,0.3333333333333339,0.20143884892086328,0.36078029753786806,0.3168278907529367,1.3119576455943063,Medium,0.31682789075293666,Base
229:00,0.5475687103594069,0.3333333333333339,0.16546762589928055,0.3487898898640071,0.3006408403932245,1.230299868001588,Low,0.3006408403932245,Base
229:30,0.5475687103594069,0.3333333333333339,0.17266187050359716,0.35118797139877933,0.303878250465167,1.2462143416554343,Low,0.3038782504651669,Base
230:00,0.5243128964059203,0.3333333333333339,0.16546762589928055,0.3410379518795115,0.29598967760252715,1.2197624795133195,Low,0.29598967760252715,Base
230:30,0.5243128964059203,0.3333333333333339,0.15827338129496404,0.33863987034473936,0.2927522675305847,1.2041858028572168,Low,0.2927522675305847,Base
231:00,0.5243128964059203,0.3333333333333339,0.17985611510791366,0.34583411494905597,0.30246449774641204,1.2515229128364789,Low,0.30246449774641204,Base
231:30,0.5243128964059203,0.3333333333333339,0.16546762589928055,0.3410379518795115,0.29598967760252715,1.2197624795133195,Low,0.29598967760252715,Base
232:00,0.5243128964059203,0.3333333333333339,0.14388489208633093,0.333843707275195,0.2862774473866998,1.173626663661226,Low,0.2862774473866998,Base
232:30,0.5243128964059203,0.3333333333333339,0.15827338129496404,0.33863987034473936,0.2927522675305847,1.2041858028572168,Low,0.2927522675305847,Base
233:00,0.5243128964059203,0.3333333333333339,0.14388489208633093,0.333843707275195,0.2862774473866998,1.173626663661226,Low,0.2862774473866998,Base
233:30,0.49894291754756637,0.3333333333333339,0.11510791366906475,0.315794721516655,0.2682538113272593,1.1259926602994346,Low,0.26825381132725923,Base
234:00,0.49894291754756637,0.3333333333333339,0.07913669064748202,0.3038043138427941,0.25206676096754704,1.1259926602994346,Low,0.25206676096754704,Base
234:30,0.49894291754756637,0.6000000000000005,0.05755395683453235,0.38549895812736645,0.335687864085053,1.3310380532299209,Medium,0.33568786408505313,Base
235:00,0.49894291754756637,0.6000000000000005,0.07913669064748202,0.39269320273168296,0.34540009430088037,1.3310380532299209,Medium,0.3454000943008805,Base
235:30,0.49894291754756637,0.6000000000000005,0.10071942446043164,0.3998874473359995,0.3551123245167077,1.3310380532299209,Medium,0.3551123245167077,Base
236:00,0.47568710359407973,0.6000000000000005,0.10071942446043164,0.392135509351504,0.3504611617260104,1.3196378528199717,Medium,0.3504611617260104,Base
236:30,0.49894291754756637,0.6000000000000005,0.08633093525179858,0.3950912842664551,0.3486375043728228,1.3310380532299209,Medium,0.3486375043728229,Base
237:00,0.47568710359407973,0.6000000000000005,0.09352517985611508,0.38973742781673176,0.34722375165406794,1.3196378528199717,Medium,0.34722375165406794,Base
237:30,0.47568710359407973,0.6000000000000005,0.10071942446043164,0.392135509351504,0.3504611617260104,1.3196378528199717,Medium,0.3504611617260104,Base
238:00,0.47568710359407973,0.6000000000000005,0.09352517985611508,0.38973742781673176,0.34722375165406794,1.3196378528199717,Medium,0.34722375165406794,Base
238:30,0.47568710359407973,0.6000000000000005,0.08633093525179858,0.3873393462819596,0.3439863415821255,1.3196378528199717,Medium,0.3439863415821256,Base
239:00,0.47568710359407973,0.4666666666666668,0.08633093525179858,0.342894901837515,0.29731967491545863,1.213744593466036,Low,0.29731967491545874,Base
239:30,0.47568710359407973,0.4666666666666668,0.11510791366906475,0.35248722797660376,0.3102693152032284,1.213744593466036,Low,0.3102693152032285,Base
240:00,0.47568710359407973,0.4666666666666668,0.14388489208633093,0.3620795541156925,0.3232189554909982,1.2532750659865968,Low,0.3232189554909982,Base
240:30,0.45243128964058954,0.4666666666666668,0.15827338129496404,0.35912377920074007,0.3250426128441851,1.2748944399357192,Low,0.3250426128441851,Base
241:00,0.47568710359407973,0.4666666666666668,0.16546762589928055,0.369273798720009,0.33293118570682556,1.302541897975571,Medium,0.33293118570682556,Base
241:30,0.45243128964058954,0.4666666666666668,0.17985611510791366,0.3663180238050567,0.3347548430600124,1.3250111396775637,Medium,0.3347548430600124,Base
242:00,0.47568710359407973,0.4666666666666668,0.17985611510791366,0.3740699617895534,0.33940600585071046,1.3364577592978348,Medium,0.33940600585071046,Base
242:30,0.45243128964058954,0.4666666666666668,0.15107913669064743,0.3567256976659679,0.3218052027722426,1.2586137141427223,Low,0.3218052027722426,Base
243:00,0.45243128964058954,0.5333333333333341,0.15827338129496404,0.38134600142296254,0.34837594617751866,1.329345761270176,Medium,0.34837594617751866,Base
243:30,0.45243128964058954,0.5333333333333341,0.15827338129496404,0.38134600142296254,0.34837594617751866,1.329345761270176,Medium,0.34837594617751866,Base
244:00,0.45243128964058954,0.5333333333333341,0.14388489208633093,0.3765498383534182,0.34190112603363376,1.295610384169843,Medium,0.34190112603363376,Base
244:30,0.45243128964058954,0.5333333333333341,0.15107913669064743,0.3789479198881904,0.3451385361055762,1.312369678274306,Medium,0.3451385361055762,Base
245:00,0.45243128964058954,0.5333333333333341,0.17985611510791366,0.3885402460272791,0.358088176393346,1.381602968050394,Medium,0.358088176393346,Base
245:30,0.45243128964058954,0.5333333333333341,0.20143884892086328,0.39573449063159566,0.36780040660917335,1.4359144301944393,Medium,0.36780040660917335,Base
246:00,0.45243128964058954,0.5333333333333341,0.2086330935251799,0.3981325721663678,0.3710378166811158,1.4544886192704944,Medium,0.3710378166811158,Base
246:30,0.45243128964058954,0.5333333333333341,0.2158273381294964,0.40053065370114,0.37427522675305824,1.4733030737081743,Medium,0.37427522675305824,Base
247:00,0.45243128964058954,0.5333333333333341,0.2086330935251799,0.3981325721663678,0.3710378166811158,1.4544886192704944,Medium,0.3710378166811158,Base
247:30,0.4291754756871029,0.2666666666666675,0.19424460431654678,0.29669558222343906,0.26657850041320025,1.1981268346105367,Low,0.2665785004132002,Base
248:00,0.45243128964058954,0.2666666666666675,0.18705035971223016,0.3020494386731624,0.2679922531319551,1.1930447529960382,Low,0.26799225313195496,Base
248:30,0.4291754756871029,0.2666666666666675,0.19424460431654678,0.29669558222343906,0.26657850041320025,1.1981268346105367,Low,0.2665785004132002,Base
249:00,0.4291754756871029,0.2666666666666675,0.18705035971223016,0.29429750068866684,0.2633410903412578,1.182826450634818,Low,0.26334109034125763,Base
249:30,0.4291754756871029,0.2666666666666675,0.17266187050359716,0.2895013376191225,0.25686627019737296,1.1528093568741347,Low,0.25686627019737285,Base
250:00,0.4291754756871029,0.2666666666666675,0.18705035971223016,0.29429750068866684,0.2633410903412578,1.182826450634818,Low,0.26334109034125763,Base
250:30,0.4291754756871029,0.2666666666666675,0.2086330935251799,0.30149174529298345,0.27305332055708514,1.2293239144375199,Low,0.27305332055708503,Base
251:00,0.4291754756871029,0.2666666666666675,0.2158273381294964,0.3038898268277556,0.2762907306290276,1.2452257636997957,Low,0.2762907306290274,Base
251:30,0.4291754756871029,0.2666666666666675,0.2158273381294964,0.3038898268277556,0.2762907306290276,1.2452257636997957,Low,0.2762907306290274,Base
252:00,0.4291754756871029,0.2666666666666675,0.2158273381294964,0.3038898268277556,0.2762907306290276,1.2452257636997957,Low,0.2762907306290274,Base
252:30,0.4291754756871029,0.2666666666666675,0.20143884892086328,0.2990936637582112,0.2698159104851427,1.2136251358290417,Low,0.26981591048514253,Base
253:00,0.4291754756871029,0.2666666666666675,0.20143884892086328,0.2990936637582112,0.2698159104851427,1.2136251358290417,Low,0.26981591048514253,Base
253:30,0.403805496828749,0.2666666666666675,0.2230215827338129,0.2978312487430765,0.27445414492929926,1.249552616031347,Low,0.2744541449292991,Base
254:00,0.4291754756871029,0.2666666666666675,0.2302158273381295,0.30868598989729995,0.2827655507729125,1.2776492154000376,Low,0.2827655507729123,Base
254:30,0.403805496828749,0.2666666666666675,0.2230215827338129,0.2978312487430765,0.27445414492929926,1.249552616031347,Low,0.2744541449292991,Base
255:00,0.403805496828749,0.2666666666666675,0.2302158273381295,0.30022933027784865,0.2776915550012417,1.265716132507397,Low,0.27769155500124154,Base
255:30,0.403805496828749,0.2666666666666675,0.20143884892086328,0.2906370041387599,0.2647419147134719,1.202290029782813,Low,0.26474191471347175,Base
256:00,0.403805496828749,0.2666666666666675,0.16546762589928055,0.27864659646489903,0.24855486435375967,1.1274580928040285,Low,0.24855486435375956,Base
256:30,0.403805496828749,0.2666666666666675,0.17266187050359716,0.2810446779996712,0.2517922744257022,1.142042262550296,Low,0.251792274425702,Base
257:00,0.403805496828749,0.06666666666666732,0.16546762589928055,0.2119799297982323,0.1785548643537596,1.1274580928040285,Low,0.17855486435375942,Base
257:30,0.403805496828749,0.06666666666666732,0.16546762589928055,0.2119799297982323,0.1785548643537596,1.1274580928040285,Low,0.17855486435375942,Base
258:00,0.403805496828749,0.06666666666666732,0.15827338129496404,0.20958184826346013,0.17531745428181716,1.113060166609478,Low,0.175317454281817,Base
258:30,0.403805496828749,0.06666666666666732,0.15827338129496404,0.20958184826346013,0.17531745428181716,1.113060166609478,Low,0.175317454281817,Base
259:00,0.403805496828749,0.06666666666666732,0.17985611510791366,0.21677609286777666,0.1850296844976445,1.1568150849911027,Low,0.18502968449764431,Base
259:30,0.403805496828749,0.06666666666666732,0.17266187050359716,0.2143780113330045,0.18179227442570212,1.142042262550296,Low,0.1817922744257019,Base
260:00,0.403805496828749,0.06666666666666732,0.14388489208633093,0.20478568519391574,0.16884263413793227,1.0848135617381824,Low,0.1688426341379321,Base
260:30,0.403805496828749,0.06666666666666732,0.1079136690647482,0.19279527752005485,0.15265558377822006,1.050596657679324,Low,0.1526555837782199,Base
261:00,0.403805496828749,0.06666666666666732,0.08633093525179858,0.1856010329157383,0.14294335356239274,1.050596657679324,Low,0.14294335356239257,Base
261:30,0.403805496828749,0.4666666666666668,0.0647482014388489,0.3117401216447549,0.2732311233465652,1.1818995757385404,Low,0.2732311233465652,Base
262:00,0.403805496828749,0.4666666666666668,0.05035971223021585,0.30694395857521056,0.2667563032026803,1.1818995757385404,Low,0.26675630320268034,Base
262:30,0.403805496828749,0.4666666666666668,0.0647482014388489,0.3117401216447549,0.2732311233465652,1.1818995757385404,Low,0.2732311233465652,Base
263:00,0.403805496828749,0.4666666666666668,0.07194244604316546,0.31413820317952706,0.27646853341850763,1.1818995757385404,Low,0.27646853341850763,Base
263:30,0.403805496828749,0.4666666666666668,0.03597122302158273,0.3021477955056662,0.2602814830587954,1.1818995757385404,Low,0.26028148305879545,Base
264:00,0.403805496828749,0.4666666666666668,0.0071942446043165575,0.29255546936657745,0.2473318427710256,1.1818995757385404,Low,0.24733184277102566,Base
264:30,0.403805496828749,0.4666666666666668,0.0,0.2901573878318053,0.24409443269908315,1.1818995757385404,Low,0.2440944326990832,Base
265:00,0.403805496828749,0.4666666666666668,0.021582733812949617,0.2973516324361218,0.2538066629149105,1.1818995757385404,Low,0.25380666291491055,Base
265:30,0.403805496828749,0.5333333333333341,0.03597122302158273,0.3243700177278886,0.283614816392129,1.2323790441303253,Low,0.283614816392129,Base
266:00,0.403805496828749,0.5333333333333341,0.05035971223021585,0.329166180797433,0.2900896365360139,1.2323790441303253,Low,0.2900896365360139,Base
266:30,0.403805496828749,0.5333333333333341,0.07913669064748202,0.3387585069365217,0.3030392768237836,1.2323790441303253,Low,0.3030392768237837,Base
267:00,0.403805496828749,0.5333333333333341,0.0647482014388489,0.3339623438669774,0.2965644566798987,1.2323790441303253,Low,0.2965644566798988,Base
267:30,0.403805496828749,0.5333333333333341,0.028776978417266175,0.3219719361931164,0.28037740632018654,1.2323790441303253,Low,0.28037740632018654,Base
268:00,0.403805496828749,0.5333333333333341,0.04316546762589929,0.32676809926266076,0.28685222646407144,1.2323790441303253,Low,0.28685222646407144,Base
268:30,0.403805496828749,0.5333333333333341,0.0647482014388489,0.3339623438669774,0.2965644566798987,1.2323790441303253,Low,0.2965644566798988,Base
269:00,0.403805496828749,0.5333333333333341,0.08633093525179858,0.3411565884712939,0.3062766868957261,1.2323790441303253,Low,0.3062766868957261,Base
269:30,0.403805496828749,0.5333333333333341,0.1079136690647482,0.34835083307561043,0.3159889171115534,1.2323790441303253,Low,0.3159889171115534,Base
270:00,0.403805496828749,0.4666666666666668,0.1079136690647482,0.326128610853388,0.2926555837782199,1.1818995757385404,Low,0.2926555837782199,Base
270:30,0.403805496828749,0.4666666666666668,0.10071942446043164,0.32373052931861585,0.2894181737062774,1.1818995757385404,Low,0.2894181737062774,Base
271:00,0.403805496828749,0.4666666666666668,0.09352517985611508,0.3213324477838436,0.286180763634335,1.1818995757385404,Low,0.286180763634335,Base
271:30,0.403805496828749,0.4666666666666668,0.10071942446043164,0.32373052931861585,0.2894181737062774,1.1818995757385404,Low,0.2894181737062774,Base
272:00,0.403805496828749,0.4666666666666668,0.1079136690647482,0.326128610853388,0.2926555837782199,1.1818995757385404,Low,0.2926555837782199,Base
272:30,0.403805496828749,0.4666666666666668,0.11510791366906475,0.3285266923881602,0.2958929938501623,1.1818995757385404,Low,0.2958929938501623,Base
273:00,0.403805496828749,0.4666666666666668,0.1079136690647482,0.326128610853388,0.2926555837782199,1.1818995757385404,Low,0.2926555837782199,Base
273:30,0.403805496828749,0.4666666666666668,0.10071942446043164,0.32373052931861585,0.2894181737062774,1.1818995757385404,Low,0.2894181737062774,Base
274:00,0.403805496828749,0.4666666666666668,0.11510791366906475,0.3285266923881602,0.2958929938501623,1.1818995757385404,Low,0.2958929938501623,Base
274:30,0.403805496828749,0.5333333333333341,0.19424460431654678,0.37712781149287666,0.3548378379748628,1.3923094413968284,Medium,0.35483783797486274,Base
275:00,0.403805496828749,0.5333333333333341,0.20143884892086328,0.37952589302764883,0.35807524804680524,1.4103195806315034,Medium,0.3580752480468052,Base
275:30,0.403805496828749,0.5333333333333341,0.15827338129496404,0.36513740381901566,0.33865078761515055,1.3056504740989,Medium,0.3386507876151505,Base
276:00,0.403805496828749,0.5333333333333341,0.16546762589928055,0.3675354853537878,0.341888197687093,1.3225396412130364,Medium,0.34188819768709294,Base
276:30,0.403805496828749,0.5333333333333341,0.17266187050359716,0.3699335668885601,0.34512560775903545,1.3396472771834769,Medium,0.3451256077590354,Base
277:00,0.403805496828749,0.5333333333333341,0.15107913669064743,0.3627393222842435,0.3354133775432081,1.2889769859382862,Medium,0.33541337754320805,Base
277:30,0.403805496828749,0.5333333333333341,0.15107913669064743,0.3627393222842435,0.3354133775432081,1.2889769859382862,Medium,0.33541337754320805,Base
278:00,0.403805496828749,0.5333333333333341,0.18705035971223016,0.37472972995810444,0.35160042790292034,1.3745292962143572,Medium,0.3516004279029203,Base
278:30,0.403805496828749,0.5333333333333341,0.2086330935251799,0.381923974562421,0.3613126581187477,1.4285626889933054,Medium,0.36131265811874763,Base
279:00,0.403805496828749,0.5333333333333341,0.19424460431654678,0.37712781149287666,0.3548378379748628,1.3923094413968284,Medium,0.35483783797486274,Base
279:30,0.403805496828749,0.5333333333333341,0.17266187050359716,0.3699335668885601,0.34512560775903545,1.3396472771834769,Medium,0.3451256077590354,Base
280:00,0.403805496828749,0.5333333333333341,0.16546762589928055,0.3675354853537878,0.341888197687093,1.3225396412130364,Medium,0.34188819768709294,Base
280:30,0.403805496828749,0.5333333333333341,0.17266187050359716,0.3699335668885601,0.34512560775903545,1.3396472771834769,Medium,0.3451256077590354,Base
281:00,0.403805496828749,0.5333333333333341,0.15827338129496404,0.36513740381901566,0.33865078761515055,1.3056504740989,Medium,0.3386507876151505,Base
281:30,0.403805496828749,0.5333333333333341,0.1294964028776978,0.355545077679927,0.32570114732738076,1.2402232278422323,Low,0.32570114732738076,Base
282:00,0.403805496828749,0.5333333333333341,0.1079136690647482,0.34835083307561043,0.3159889171115534,1.2323790441303253,Low,0.3159889171115534,Base
282:30,0.38054968287526236,0.5333333333333341,0.1079136690647482,0.3405988950911149,0.3113377543208561,1.2218238477180101,Low,0.3113377543208561,Base
283:00,0.403805496828749,0.6000000000000005,0.12230215827338131,0.37536921836737697,0.3457970705887716,1.2850145135745044,Medium,0.34579707058877157,Base
283:30,0.403805496828749,0.6000000000000005,0.11510791366906475,0.37297113683260474,0.3425596605168292,1.2850145135745044,Medium,0.3425596605168291,Base
284:00,0.38054968287526236,0.6000000000000005,0.10071942446043164,0.3604230357785649,0.3314336775822469,1.274008499923058,Low,0.3314336775822469,Base
284:30,0.38054968287526236,0.6000000000000005,0.07194244604316546,0.3508307096394761,0.3184840372944771,1.274008499923058,Low,0.31848403729447716,Base
285:00,0.38054968287526236,0.6000000000000005,0.07194244604316546,0.3508307096394761,0.3184840372944771,1.274008499923058,Low,0.31848403729447716,Base
285:30,0.38054968287526236,0.6000000000000005,0.13669064748201437,0.3724134434524258,0.34762072794195914,1.298702417916802,Medium,0.34762072794195914,Base
286:00,0.38054968287526236,0.6000000000000005,0.20143884892086328,0.39399617726537545,0.3767574185894412,1.4579598232298805,Medium,0.3767574185894411,Base
286:30,0.38054968287526236,0.6000000000000005,0.19424460431654678,0.3915980957306033,0.3735200085174987,1.4393413059976552,Medium,0.3735200085174987,Base
287:00,0.38054968287526236,0.4666666666666668,0.15827338129496404,0.3351632436122977,0.3106662914911197,1.2414450336446479,Low,0.31066629149111963,Base
287:30,0.38054968287526236,0.4666666666666668,0.16546762589928055,0.3375613251470699,0.3139037015630621,1.2575036749519315,Low,0.3139037015630621,Base
288:00,0.38054968287526236,0.4666666666666668,0.17985611510791366,0.34235748821661427,0.320378521706947,1.2902468215011467,Medium,0.320378521706947,Base
288:30,0.38054968287526236,0.4666666666666668,0.16546762589928055,0.3375613251470699,0.3139037015630621,1.2575036749519315,Low,0.3139037015630621,Base
289:00,0.3572938689217722,0.4666666666666668,0.15107913669064743,0.3250132240930288,0.30277771862847913,1.2150944037495035,Low,0.30277771862847913,Base
289:30,0.38054968287526236,0.4666666666666668,0.14388489208633093,0.3303670805427534,0.3041914713472348,1.2099403509808078,Low,0.30419147134723473,Base
290:00,0.38054968287526236,0.4666666666666668,0.14388489208633093,0.3303670805427534,0.3041914713472348,1.2099403509808078,Low,0.30419147134723473,Base
290:30,0.3572938689217722,0.4666666666666668,0.17266187050359716,0.33220746869734535,0.31248994884430653,1.2628603359578048,Low,0.3124899488443065,Base
291:00,0.3572938689217722,0.4666666666666668,0.2086330935251799,0.3441978763712063,0.32867699920401877,1.346679225259819,Medium,0.32867699920401866,Base
291:30,0.3572938689217722,0.3333333333333339,0.20143884892086328,0.2973553503919898,0.2787729224654098,1.2227986115289617,Low,0.2787729224654097,Base
292:00,0.3572938689217722,0.3333333333333339,0.17985611510791366,0.29016110578767323,0.26906069224958246,1.1765479582147156,Low,0.26906069224958234,Base
292:30,0.3572938689217722,0.3333333333333339,0.16546762589928055,0.2853649427181289,0.26258587210569756,1.1466901964469451,Low,0.26258587210569745,Base
293:00,0.3572938689217722,0.3333333333333339,0.16546762589928055,0.2853649427181289,0.26258587210569756,1.1466901964469451,Low,0.26258587210569745,Base
293:30,0.3572938689217722,0.3333333333333339,0.17266187050359716,0.28776302425290107,0.26582328217764,1.1615231419711294,Low,0.26582328217763995,Base
294:00,0.3572938689217722,0.3333333333333339,0.17266187050359716,0.28776302425290107,0.26582328217764,1.1615231419711294,Low,0.26582328217763995,Base
294:30,0.3572938689217722,0.3333333333333339,0.14388489208633093,0.27817069811381234,0.2528736418898702,1.10331823786384,Low,0.25287364188987016,Base
295:00,0.3572938689217722,0.3333333333333339,0.11510791366906475,0.2685783719747236,0.23992400160210042,1.0685176641773477,Low,0.23992400160210037,Base
295:30,0.3572938689217722,0.3333333333333339,0.10071942446043164,0.2637822089051793,0.23344918145821553,1.0685176641773477,Low,0.23344918145821547,Base
296:00,0.3572938689217722,0.3333333333333339,0.10071942446043164,0.2637822089051793,0.23344918145821553,1.0685176641773477,Low,0.23344918145821547,Base
296:30,0.33403805496828554,0.2666666666666675,0.1079136690647482,0.23620613023323375,0.20870209540612739,1.0238324563724555,Low,0.20870209540612733,Base
297:00,0.33403805496828554,0.2666666666666675,0.1079136690647482,0.23620613023323375,0.20870209540612739,1.0238324563724555,Low,0.20870209540612733,Base
297:30,0.33403805496828554,0.2666666666666675,0.11510791366906475,0.23860421176800592,0.2119395054780699,1.0238324563724555,Low,0.21193950547806978,Base
298:00,0.33403805496828554,0.2666666666666675,0.12230215827338131,0.24100229330277811,0.21517691555001234,1.0238324563724555,Low,0.21517691555001223,Base
298:30,0.33403805496828554,0.2666666666666675,0.13669064748201437,0.24579845637232248,0.22165173569389718,1.0436772491807622,Low,0.22165173569389707,Base
299:00,0.33403805496828554,0.2666666666666675,0.15827338129496404,0.252992700976639,0.23136396590972452,1.084704692462438,Low,0.2313639659097244,Base
299:30,0.33403805496828554,0.2666666666666675,0.15827338129496404,0.252992700976639,0.23136396590972452,1.084704692462438,Low,0.2313639659097244,Base
300:00,0.33403805496828554,0.2666666666666675,0.16546762589928055,0.2553907825114112,0.23460137598166697,1.098735828041146,Low,0.23460137598166686,Base
300:30,0.33403805496828554,0.4666666666666668,0.16546762589928055,0.3220574491780776,0.3046013759816667,1.2360551497270587,Low,0.3046013759816667,Base
301:00,0.33403805496828554,0.4666666666666668,0.19424460431654678,0.3316497753171664,0.31755101626943655,1.301262511476537,Medium,0.3175510162694365,Base
301:30,0.33403805496828554,0.4666666666666668,0.2158273381294964,0.3388440199214829,0.32726324648526384,1.35241575250587,Medium,0.3272632464852638,Base
302:00,0.3107822410147989,0.4666666666666668,0.20143884892086328,0.32629591886744297,0.3161372635506816,1.306805574524762,Medium,0.31613726355068156,Base
302:30,0.3107822410147989,0.4666666666666668,0.2158273381294964,0.33109208193698736,0.3226120836945665,1.3408324543584382,Medium,0.32261208369456645,Base
303:00,0.3107822410147989,0.4666666666666668,0.2158273381294964,0.33109208193698736,0.3226120836945665,1.3408324543584382,Medium,0.32261208369456645,Base
303:30,0.3107822410147989,0.4666666666666668,0.19424460431654678,0.3238978373326708,0.3128998534787392,1.2901173354383402,Medium,0.31289985347873916,Base
304:00,0.3107822410147989,0.4666666666666668,0.18705035971223016,0.32149975579789863,0.3096624434067967,1.2736422094034958,Low,0.30966244340679666,Base
304:30,0.3107822410147989,0.4666666666666668,0.2086330935251799,0.3286940004022152,0.3193746736226241,1.3237096833744648,Medium,0.319374673622624,Base
305:00,0.3107822410147989,0.2666666666666675,0.2302158273381295,0.2692215783398653,0.2590869038384517,1.2229071561025477,Low,0.2590869038384515,Base
305:30,0.3107822410147989,0.2666666666666675,0.24460431654676262,0.27401774140940965,0.2655617239823366,1.2547494711795835,Low,0.2655617239823364,Base
306:00,0.3107822410147989,0.2666666666666675,0.25899280575539574,0.27881390447895404,0.27203654412622147,1.2874209031886816,Medium,0.2720365441262213,Base
306:30,0.28541226215644855,0.2666666666666675,0.27338129496402874,0.27515340792904824,0.27343736849843625,1.3086055990775411,Medium,0.2734373684984361,Base
307:00,0.28541226215644855,0.2666666666666675,0.28776978417266186,0.27994957099859263,0.2799121886423212,1.342679348331083,Medium,0.279912188642321,Base
307:30,0.28541226215644855,0.2666666666666675,0.29496402877697847,0.28234765253336486,0.28314959871426365,1.3600475003323405,Medium,0.2831495987142635,Base
308:00,0.28541226215644855,0.2666666666666675,0.302158273381295,0.284745734068137,0.2863870087862061,1.377640317071544,Medium,0.2863870087862059,Base
308:30,0.28541226215644855,0.2666666666666675,0.3093525179856115,0.2871438156029092,0.2896244188581485,1.3954607046865763,Medium,0.2896244188581483,Base
309:00,0.28541226215644855,0.2666666666666675,0.3093525179856115,0.2871438156029092,0.2896244188581485,1.3954607046865763,Medium,0.2896244188581483,Base
309:30,0.28541226215644855,0.40000000000000036,0.302158273381295,0.3291901785125813,0.33305367545287257,1.4863349087335862,Medium,0.3330536754528724,Base
310:00,0.28541226215644855,0.40000000000000036,0.28776978417266186,0.3243940154430369,0.32657885530898767,1.448615550757369,Medium,0.3265788553089875,Base
310:30,0.2621564482029619,0.40000000000000036,0.28776978417266186,0.3166420774585414,0.32192769251829034,1.4405730121643625,Medium,0.3219276925182902,Base
311:00,0.2621564482029619,0.40000000000000036,0.3093525179856115,0.3238363220628579,0.3316399227341177,1.497202614463425,Medium,0.3316399227341175,Base
311:30,0.2621564482029619,0.40000000000000036,0.3093525179856115,0.3238363220628579,0.3316399227341177,1.497202614463425,Medium,0.3316399227341175,Base
312:00,0.2621564482029619,0.40000000000000036,0.302158273381295,0.32143824052808573,0.32840251266217524,1.4780829568203455,Medium,0.3284025126621751,Base
312:30,0.2621564482029619,0.40000000000000036,0.3237410071942446,0.3286324851324023,0.3381147428780026,1.5361870926766739,Medium,0.3381147428780024,Base
313:00,0.2621564482029619,0.40000000000000036,0.3381294964028777,0.3334286482019467,0.3445895630218875,1.5761866569757188,Medium,0.3445895630218873,Base
313:30,0.2621564482029619,0.40000000000000036,0.3453237410071942,0.33582672973671884,0.3478269730938299,1.5965753294273617,Medium,0.34782697309382976,Base
314:00,0.2621564482029619,0.40000000000000036,0.3381294964028777,0.3334286482019467,0.3445895630218875,1.5761866569757188,Medium,0.3445895630218873,Base
314:30,0.23890063424947172,0.40000000000000036,0.3309352517985612,0.32327862868267776,0.33670099015924704,1.5560583530495558,Medium,0.3367009901592468,Base
315:00,0.23890063424947172,0.40000000000000036,0.3453237410071942,0.3280747917522221,0.3431758103031319,1.5965753294273617,Medium,0.3431758103031317,Base
315:30,0.2621564482029619,0.40000000000000036,0.36690647482014394,0.34302097434103535,0.35753920330965727,1.6593374561522864,Medium,0.3575392033096571,Base
316:00,0.23890063424947172,0.40000000000000036,0.38848920863309355,0.3424632809608552,0.36260027073478657,1.6920506174219676,Medium,0.3626002707347864,Base
316:30,0.23890063424947172,0.40000000000000036,0.38848920863309355,0.3424632809608552,0.36260027073478657,1.6920506174219676,Medium,0.3626002707347864,Base
317:00,0.23890063424947172,0.40000000000000036,0.37410071942446044,0.3376671178913108,0.35612545059090167,1.680801721016161,Medium,0.3561254505909015,Base
317:30,0.23890063424947172,0.40000000000000036,0.3525179856115108,0.3304728732869943,0.3464132203750743,1.6172277383866709,Medium,0.34641322037507416,Base
318:00,0.21564482029598508,0.40000000000000036,0.3453237410071942,0.32032285376772657,0.33852464751243455,1.5965753294273617,Medium,0.3385246475124344,Base
318:30,0.21564482029598508,0.3333333333333339,0.3525179856115108,0.3004987130802766,0.3184287242510438,1.5509844856382302,Medium,0.31842872425104357,Base
319:00,0.21564482029598508,0.3333333333333339,0.36690647482014394,0.305294876149821,0.3249035443949287,1.5913693475836659,Medium,0.32490354439492847,Base
319:30,0.21564482029598508,0.3333333333333339,0.38129496402877694,0.3100910392193653,0.33137836453881353,1.6227425453103335,Medium,0.3313783645388133,Base
320:00,0.21564482029598508,0.3333333333333339,0.39568345323741005,0.3148872022889097,0.3378531846826984,1.6227425453103335,Medium,0.3378531846826982,Base
320:30,0.21564482029598508,0.3333333333333339,0.40287769784172667,0.3172852838236819,0.34109059475464093,1.6227425453103335,Medium,0.34109059475464065,Base
321:00,0.21564482029598508,0.3333333333333339,0.38848920863309355,0.31248912075413754,0.33461577461075603,1.6227425453103335,Medium,0.33461577461075576,Base
321:30,0.21564482029598508,0.3333333333333339,0.3597122302158273,0.30289679461504876,0.3216661343229862,1.571047156842371,Medium,0.32166613432298596,Base
322:00,0.19027484143763118,0.3333333333333339,0.3309352517985612,0.2848478088565088,0.30364249826354567,1.4923206590156817,Medium,0.3036424982635455,Base
322:30,0.19027484143763118,0.3333333333333339,0.3165467625899281,0.2800516457869644,0.29716767811966077,1.454449398089248,Medium,0.2971676781196606,Base
323:00,0.19027484143763118,0.3333333333333339,0.3165467625899281,0.2800516457869644,0.29716767811966077,1.454449398089248,Medium,0.2971676781196606,Base
323:30,0.19027484143763118,0.3333333333333339,0.3093525179856115,0.2776535642521922,0.29393026804771827,1.4358757098776385,Medium,0.2939302680477181,Base
324:00,0.19027484143763118,0.3333333333333339,0.302158273381295,0.27525548271742,0.2906928579757759,1.4175392123817983,Medium,0.2906928579757757,Base
324:30,0.19027484143763118,0.3333333333333339,0.29496402877697847,0.27285740118264784,0.2874554479038334,1.3994368766160448,Medium,0.28745544790383326,Base
325:00,0.19027484143763118,0.3333333333333339,0.302158273381295,0.27525548271742,0.2906928579757759,1.4175392123817983,Medium,0.2906928579757757,Base
325:30,0.19027484143763118,0.3333333333333339,0.3165467625899281,0.2800516457869644,0.29716767811966077,1.454449398089248,Medium,0.2971676781196606,Base
326:00,0.19027484143763118,0.3333333333333339,0.3165467625899281,0.2800516457869644,0.29716767811966077,1.454449398089248,Medium,0.2971676781196606,Base
326:30,0.16701902748414454,0.3333333333333339,0.3309352517985612,0.2770958708720132,0.29899133547284834,1.4923206590156817,Medium,0.2989913354728482,Base
327:00,0.16701902748414454,0.3333333333333339,0.3525179856115108,0.28429011547632976,0.3087035656886757,1.5509844856382302,Medium,0.3087035656886754,Base
327:30,0.16701902748414454,0.20000000000000018,0.3597122302158273,0.24224375256665734,0.2652743090939513,1.518350774234726,Medium,0.265274309093951,Base
328:00,0.16701902748414454,0.20000000000000018,0.3453237410071942,0.23744758949711298,0.2587994889500664,1.4798189359186744,Medium,0.2587994889500661,Base
328:30,0.16701902748414454,0.20000000000000018,0.3237410071942446,0.23025334489279645,0.24908725873423906,1.4238468470336108,Medium,0.2490872587342388,Base
329:00,0.16701902748414454,0.20000000000000018,0.27338129496402874,0.21346677414939116,0.2264253882306419,1.3013403788276945,Medium,0.22642538823064165,Base
329:30,0.16701902748414454,0.20000000000000018,0.24460431654676262,0.20387444801030244,0.21347574794287216,1.2361291150795874,Low,0.2134757479428719,Base
330:00,0.16701902748414454,0.20000000000000018,0.26618705035971224,0.211068692614619,0.2231879781586995,1.2847219316783633,Medium,0.22318797815869923,Base
330:30,0.14376321353065435,0.20000000000000018,0.29496402877697847,0.212909080769211,0.23148645565577125,1.3524966808592056,Medium,0.231486455655771,Base
331:00,0.14376321353065435,0.20000000000000018,0.302158273381295,0.21530716230398317,0.23472386572771367,1.3699918244045028,Medium,0.2347238657277134,Base
331:30,0.14376321353065435,0.20000000000000018,0.3093525179856115,0.21770524383875534,0.2379612757996561,1.3877132753796093,Medium,0.23796127579965584,Base
332:00,0.14376321353065435,0.20000000000000018,0.3237410071942446,0.2225014069082997,0.24443609594354102,1.4238468470336108,Medium,0.24443609594354074,Base
332:30,0.14376321353065435,0.20000000000000018,0.3309352517985612,0.22489948844307192,0.2476735060154835,1.4422649365771263,Medium,0.24767350601548319,Base
333:00,0.14376321353065435,0.20000000000000018,0.3381294964028777,0.2272975699778441,0.2509109160874259,1.4609212722656815,Medium,0.25091091608742566,Base
333:30,0.118393234672304,0.20000000000000018,0.3381294964028777,0.21884091035839395,0.24583692031575585,1.4609212722656815,Medium,0.24583692031575557,Base
334:00,0.118393234672304,0.20000000000000018,0.3453237410071942,0.22123899189316612,0.24907433038769827,1.4798189359186744,Medium,0.24907433038769797,Base
334:30,0.118393234672304,0.20000000000000018,0.3309352517985612,0.21644282882362179,0.24259951024381343,1.4422649365771263,Medium,0.24259951024381313,Base
335:00,0.118393234672304,0.20000000000000018,0.3093525179856115,0.20924858421930523,0.23288728002798603,1.3877132753796093,Medium,0.23288728002798578,Base
335:30,0.118393234672304,0.20000000000000018,0.3237410071942446,0.2140447472888496,0.23936210017187096,1.4238468470336108,Medium,0.23936210017187068,Base
336:00,0.118393234672304,0.20000000000000018,0.3237410071942446,0.2140447472888496,0.23936210017187096,1.4238468470336108,Medium,0.23936210017187068,Base
336:30,0.118393234672304,0.3333333333333339,0.3165467625899281,0.256091110198522,0.28279135676659534,1.454449398089248,Medium,0.2827913567665951,Base
337:00,0.09513742071881381,0.3333333333333339,0.3381294964028777,0.2555334168183418,0.28785242419172463,1.51162448764209,Medium,0.28785242419172435,Base
337:30,0.118393234672304,0.3333333333333339,0.3381294964028777,0.26328535480283854,0.2925035869824227,1.51162448764209,Medium,0.2925035869824224,Base
338:00,0.09513742071881381,0.3333333333333339,0.3165467625899281,0.24833917221402527,0.2781401939758973,1.454449398089248,Medium,0.27814019397589707,Base
338:30,0.09513742071881381,0.3333333333333339,0.302158273381295,0.2435430091444809,0.2716653738320124,1.4175392123817983,Medium,0.27166537383201217,Base
339:00,0.09513742071881381,0.3333333333333339,0.3165467625899281,0.24833917221402527,0.2781401939758973,1.454449398089248,Medium,0.27814019397589707,Base
339:30,0.09513742071881381,0.3333333333333339,0.28057553956834536,0.23634876454016437,0.26195314361618505,1.3639227672426901,Medium,0.2619531436161848,Base
340:00,0.09513742071881381,0.3333333333333339,0.237410071942446,0.22196027533153126,0.24252868318453033,1.2626970738698133,Low,0.24252868318453016,Base
340:30,0.09513742071881381,0.3333333333333339,0.25899280575539574,0.22915451993584782,0.2522409134003577,1.3123342894178158,Medium,0.2522409134003575,Base
341:00,0.09513742071881381,0.3333333333333339,0.26618705035971224,0.23155260147061998,0.25547832347230015,1.3293099146431546,Medium,0.25547832347229993,Base
341:30,0.09513742071881381,0.20000000000000018,0.25899280575539574,0.18471007549140325,0.2055742467336909,1.2683157063198474,Low,0.20557424673369065,Base
342:00,0.07188160676532718,0.20000000000000018,0.28776978417266186,0.1865504636459964,0.21387272423076334,1.3352249547403614,Medium,0.21387272423076306,Base
342:30,0.07188160676532718,0.20000000000000018,0.302158273381295,0.19134662671554079,0.22034754437464824,1.3699918244045028,Medium,0.22034754437464796,Base
343:00,0.07188160676532718,0.20000000000000018,0.29496402877697847,0.18894854518076862,0.21711013430270582,1.3524966808592056,Medium,0.21711013430270557,Base
343:30,0.07188160676532718,0.20000000000000018,0.27338129496402874,0.18175430057645203,0.20739790408687842,1.3013403788276945,Medium,0.20739790408687817,Base
344:00,0.07188160676532718,0.20000000000000018,0.26618705035971224,0.17935621904167987,0.20416049401493602,1.2847219316783633,Medium,0.20416049401493574,Base
344:30,0.07188160676532718,0.20000000000000018,0.27338129496402874,0.18175430057645203,0.20739790408687842,1.3013403788276945,Medium,0.20739790408687817,Base
345:00,0.07188160676532718,0.20000000000000018,0.27338129496402874,0.18175430057645203,0.20739790408687842,1.3013403788276945,Medium,0.20739790408687817,Base
345:30,0.07188160676532718,0.20000000000000018,0.28057553956834536,0.18415238211122423,0.21063531415882092,1.3181737929506918,Medium,0.21063531415882067,Base
346:00,0.04862579281184054,0.20000000000000018,0.28057553956834536,0.1764004441267287,0.2059841513681236,1.3181737929506918,Medium,0.2059841513681233,Base
346:30,0.04862579281184054,0.20000000000000018,0.26618705035971224,0.1716042810571843,0.1995093312242387,1.2847219316783633,Medium,0.1995093312242384,Base
347:00,0.04862579281184054,0.20000000000000018,0.27338129496402874,0.17400236259195648,0.2027467412961811,1.3013403788276945,Medium,0.2027467412961808,Base
347:30,0.04862579281184054,0.20000000000000018,0.28776978417266186,0.17879852566150087,0.209221561440066,1.3352249547403614,Medium,0.2092215614400657,Base
348:00,0.04862579281184054,0.20000000000000018,0.28057553956834536,0.1764004441267287,0.2059841513681236,1.3181737929506918,Medium,0.2059841513681233,Base
348:30,0.04862579281184054,0.20000000000000018,0.27338129496402874,0.17400236259195648,0.2027467412961811,1.3013403788276945,Medium,0.2027467412961808,Base
349:00,0.04862579281184054,0.20000000000000018,0.29496402877697847,0.18119660719627306,0.2124589715120085,1.3524966808592056,Medium,0.2124589715120082,Base
349:30,0.04862579281184054,0.20000000000000018,0.302158273381295,0.18359468873104523,0.2156963815839509,1.3699918244045028,Medium,0.2156963815839506,Base
350:00,0.04862579281184054,0.20000000000000018,0.29496402877697847,0.18119660719627306,0.2124589715120085,1.3524966808592056,Medium,0.2124589715120082,Base
350:30,0.04862579281184054,0.20000000000000018,0.27338129496402874,0.17400236259195648,0.2027467412961811,1.3013403788276945,Medium,0.2027467412961808,Base
351:00,0.04862579281184054,0.20000000000000018,0.25899280575539574,0.16920619952241214,0.19627192115229625,1.2683157063198474,Low,0.19627192115229597,Base
351:30,0.023255813953486637,0.20000000000000018,0.237410071942446,0.15355529529864428,0.1814856951647981,1.2203434323305393,Low,0.18148569516479784,Base
352:00,0.023255813953486637,0.20000000000000018,0.2158273381294964,0.14636105069432773,0.17177346494897078,1.1741856427477857,Low,0.1717734649489705,Base
352:30,0.023255813953486637,0.20000000000000018,0.237410071942446,0.15355529529864428,0.1814856951647981,1.2203434323305393,Low,0.18148569516479784,Base
353:00,0.023255813953486637,0.20000000000000018,0.28057553956834536,0.1679437845072774,0.2009101555964528,1.3181737929506918,Medium,0.20091015559645253,Base
353:30,0.023255813953486637,0.20000000000000018,0.3093525179856115,0.1775361106463661,0.21385979588422255,1.3877132753796093,Medium,0.21385979588422227,Base
354:00,0.023255813953486637,0.20000000000000018,0.302158273381295,0.17513802911159393,0.21062238581228013,1.3699918244045028,Medium,0.21062238581227982,Base
354:30,0.0,0.20000000000000018,0.27338129496402874,0.15779376498800965,0.19302158273381298,1.3013403788276945,Medium,0.1930215827338127,Base
355:00,0.023255813953486637,0.20000000000000018,0.25899280575539574,0.16074953990296084,0.19119792538062547,1.2683157063198474,Low,0.1911979253806252,Base
355:30,0.0,0.7058823529411757,0.8928571428571428,0.5329131652661062,0.6488445378151257,2.049995033044406,Medium,0.6488445378151256,After_Lunch
356:00,0.0,0.7058823529411757,0.9464285714285716,0.5507703081232491,0.6729516806722687,2.049995033044406,Medium,0.6729516806722687,After_Lunch
356:30,0.021778584392015077,0.7058823529411757,0.9821428571428572,0.5699345981586826,0.6933788261221002,2.049995033044406,Medium,0.6933788261221002,After_Lunch
357:00,0.04174228675136149,0.7058823529411757,0.9999999999999996,0.5825415465641789,0.7054072808796836,2.049995033044406,Medium,0.7054072808796835,After_Lunch
357:30,0.04174228675136149,0.7058823529411757,0.9464285714285716,0.5646844037070363,0.6813001380225411,2.049995033044406,Medium,0.6813001380225411,After_Lunch
358:00,0.04174228675136149,0.7058823529411757,0.8749999999999996,0.5408748798975123,0.6491572808796837,2.049995033044406,Medium,0.6491572808796836,After_Lunch
358:30,0.061705989110707904,0.7058823529411757,0.8035714285714284,0.523719923541104,0.621007164208696,2.049995033044406,Medium,0.6210071642086958,After_Lunch
359:00,0.061705989110707904,0.7058823529411757,0.7678571428571428,0.5118151616363421,0.6049357356372674,2.049995033044406,Medium,0.6049357356372673,After_Lunch
359:30,0.08166969147005432,0.7058823529411757,0.7678571428571428,0.5184697290894577,0.6089284761091367,2.049995033044406,Medium,0.6089284761091366,After_Lunch
360:00,0.08166969147005432,0.6470588235294112,0.7678571428571428,0.49886188595220277,0.5883402408150191,1.975722701156829,Medium,0.588340240815019,After_Lunch
360:30,0.08166969147005432,0.6470588235294112,0.7499999999999996,0.4929095049998217,0.5803045265293045,1.975722701156829,Medium,0.5803045265293045,After_Lunch
361:00,0.10344827586206762,0.6470588235294112,0.714285714285714,0.48826427122573096,0.5685888148362787,1.975722701156829,Medium,0.5685888148362787,After_Lunch
361:30,0.10344827586206762,0.6470588235294112,0.6964285714285716,0.48231189027335014,0.5605531005505647,1.975722701156829,Medium,0.5605531005505646,After_Lunch
362:00,0.10344827586206762,0.6470588235294112,0.6785714285714284,0.4763595093209691,0.5525173862648501,1.975722701156829,Medium,0.5525173862648501,After_Lunch
362:30,0.12341197822141403,0.6470588235294112,0.6964285714285716,0.48896645772646563,0.564545841022434,1.975722701156829,Medium,0.5645458410224339,After_Lunch
363:00,0.12341197822141403,0.6470588235294112,0.7321428571428572,0.5008712196312275,0.5806172695938625,1.975722701156829,Medium,0.5806172695938624,After_Lunch
363:30,0.12341197822141403,0.6470588235294112,0.714285714285714,0.4949188386788464,0.5725815553081479,1.975722701156829,Medium,0.5725815553081479,After_Lunch
364:00,0.14337568058076045,0.6470588235294112,0.6607142857142851,0.4837162632748189,0.5524671529228744,1.975722701156829,Medium,0.5524671529228743,After_Lunch
364:30,0.14337568058076045,0.35294117647058787,0.6428571428571428,0.3797246666361637,0.4414902621665721,1.642827241169693,Low,0.4414902621665721,After_Lunch
365:00,0.14337568058076045,0.35294117647058787,0.6607142857142851,0.3856770475885445,0.44952597645228615,1.642827241169693,Low,0.4495259764522862,After_Lunch
365:30,0.16333938294010686,0.35294117647058787,0.714285714285714,0.4101887578988029,0.47762585978129846,1.642827241169693,Low,0.4776258597812984,After_Lunch
366:00,0.16333938294010686,0.35294117647058787,0.6964285714285716,0.4042363769464221,0.4695901454955844,1.642827241169693,Low,0.46959014549558437,After_Lunch
366:30,0.16333938294010686,0.35294117647058787,0.6607142857142851,0.39233161504166,0.45351871692415546,1.642827241169693,Low,0.45351871692415546,After_Lunch
367:00,0.18330308529945327,0.35294117647058787,0.6071428571428572,0.3811290396376328,0.4334043145388822,1.642827241169693,Low,0.4334043145388822,After_Lunch
367:30,0.18330308529945327,0.35294117647058787,0.589285714285714,0.3751766586852517,0.4253686002531677,1.642827241169693,Low,0.4253686002531677,After_Lunch
368:00,0.18330308529945327,0.35294117647058787,0.6607142857142851,0.3989861824947754,0.4575114573960247,1.642827241169693,Low,0.4575114573960247,After_Lunch
368:30,0.18330308529945327,0.35294117647058787,0.6964285714285716,0.4108909443995376,0.4735828859674537,1.642827241169693,Low,0.4735828859674537,After_Lunch
369:00,0.20508166969146835,0.41176470588235237,0.714285714285714,0.4437106966198449,0.5065625524256883,1.704585204480366,Low,0.5065625524256883,After_Lunch
369:30,0.20508166969146835,0.41176470588235237,0.7321428571428572,0.44966307757222596,0.5145982667114027,1.704585204480366,Low,0.5145982667114027,After_Lunch
370:00,0.20508166969146835,0.41176470588235237,0.714285714285714,0.4437106966198449,0.5065625524256883,1.704585204480366,Low,0.5065625524256883,After_Lunch
370:30,0.20508166969146835,0.41176470588235237,0.7321428571428572,0.44966307757222596,0.5145982667114027,1.704585204480366,Low,0.5145982667114027,After_Lunch
371:00,0.22504537205081476,0.41176470588235237,0.6964285714285716,0.4444128831205796,0.5025195786118436,1.704585204480366,Low,0.5025195786118435,After_Lunch
371:30,0.22504537205081476,0.41176470588235237,0.5714285714285716,0.4027462164539129,0.4462695786118435,1.704585204480366,Low,0.4462695786118435,After_Lunch
372:00,0.22504537205081476,0.41176470588235237,0.4464285714285716,0.36107954978724627,0.3900195786118435,1.704585204480366,Low,0.3900195786118435,After_Lunch
372:30,0.22504537205081476,0.41176470588235237,0.3928571428571428,0.3432224069301033,0.3659124357547005,1.704585204480366,Low,0.36591243575470056,After_Lunch
373:00,0.22504537205081476,0.7647058823529411,0.3928571428571428,0.4608694657536329,0.48944184751940656,2.127059446675433,Medium,0.4894418475194065,After_Lunch
373:30,0.24500907441016118,0.7647058823529411,0.4285714285714284,0.4794287951115102,0.5095060165627043,2.127059446675433,Medium,0.5095060165627042,After_Lunch
374:00,0.24500907441016118,0.7647058823529411,0.4464285714285716,0.4853811760638913,0.5175417308484188,2.127059446675433,Medium,0.5175417308484187,After_Lunch
374:30,0.24500907441016118,0.7647058823529411,0.4464285714285716,0.4853811760638913,0.5175417308484188,2.127059446675433,Medium,0.5175417308484187,After_Lunch
375:00,0.24500907441016118,0.7647058823529411,0.49999999999999956,0.503238318921034,0.5416488737055614,2.127059446675433,Medium,0.5416488737055613,After_Lunch
375:30,0.26497277676950937,0.7647058823529411,0.5535714285714284,0.527750029231293,0.569748757034574,2.127059446675433,Medium,0.569748757034574,After_Lunch
376:00,0.26497277676950937,0.7647058823529411,0.589285714285714,0.5396547911360549,0.5858201856060025,2.127059446675433,Medium,0.5858201856060025,After_Lunch
376:30,0.26497277676950937,0.7647058823529411,0.6071428571428572,0.5456071720884359,0.5938558998917169,2.127059446675433,Medium,0.5938558998917169,After_Lunch
377:00,0.26497277676950937,0.7647058823529411,0.6428571428571428,0.5575119339931978,0.6099273284631455,2.127059446675433,Medium,0.6099273284631455,After_Lunch
377:30,0.26497277676950937,0.5294117647058822,0.6607142857142851,0.4850329423965589,0.535610101572389,1.8351533136356528,Medium,0.535610101572389,After_Lunch
378:00,0.26497277676950937,0.5294117647058822,0.6607142857142851,0.4850329423965589,0.535610101572389,1.8351533136356528,Medium,0.535610101572389,After_Lunch
378:30,0.28675136116152444,0.5294117647058822,0.6964285714285716,0.5041972324319928,0.5560372470222209,1.8463129998268337,Medium,0.5560372470222209,After_Lunch
379:00,0.28675136116152444,0.5294117647058822,0.714285714285714,0.5101496133843736,0.5640729613079349,1.8463129998268337,Medium,0.5640729613079349,After_Lunch
379:30,0.28675136116152444,0.5294117647058822,0.7499999999999996,0.5220543752891355,0.5801443898793635,1.8463129998268337,Medium,0.5801443898793635,After_Lunch
380:00,0.28675136116152444,0.5294117647058822,0.7857142857142851,0.5339591371938973,0.596215818450792,1.8463129998268337,Medium,0.596215818450792,After_Lunch
380:30,0.28675136116152444,0.5294117647058822,0.8214285714285716,0.5458638990986594,0.6122872470222209,1.8463129998268337,Medium,0.6122872470222208,After_Lunch
381:00,0.28675136116152444,0.5294117647058822,0.8571428571428572,0.5577686610034213,0.6283586755936494,1.8463129998268337,Medium,0.6283586755936493,After_Lunch
381:30,0.30671506352087086,0.5294117647058822,0.8571428571428572,0.5644232284565368,0.6323514160655187,1.8599968346742672,Medium,0.6323514160655186,After_Lunch
382:00,0.30671506352087086,0.1764705882352935,0.8749999999999996,0.45272855058538797,0.5168577185865267,1.5895433254095641,Low,0.5168577185865267,After_Lunch
382:30,0.30671506352087086,0.1764705882352935,0.8928571428571428,0.45868093153776907,0.5248934328722411,1.5895433254095641,Low,0.5248934328722411,After_Lunch
383:00,0.30671506352087086,0.1764705882352935,0.9285714285714284,0.47058569344253093,0.5409648614436696,1.5895433254095641,Low,0.5409648614436696,After_Lunch
383:30,0.30671506352087086,0.1764705882352935,0.9285714285714284,0.47058569344253093,0.5409648614436696,1.5895433254095641,Low,0.5409648614436696,After_Lunch
384:00,0.30671506352087086,0.1764705882352935,0.8749999999999996,0.45272855058538797,0.5168577185865267,1.5895433254095641,Low,0.5168577185865267,After_Lunch
384:30,0.30671506352087086,0.1764705882352935,0.8214285714285716,0.43487140772824534,0.49275057572938413,1.5895433254095641,Low,0.49275057572938413,After_Lunch
385:00,0.30671506352087086,0.1764705882352935,0.7678571428571428,0.4170142648711024,0.4686434328722412,1.5895433254095641,Low,0.4686434328722412,After_Lunch
385:30,0.30671506352087086,0.1764705882352935,0.7321428571428572,0.4051095029663405,0.4525720043008127,1.5895433254095641,Low,0.4525720043008127,After_Lunch
386:00,0.32667876588021727,0.1764705882352935,0.7321428571428572,0.411764070419456,0.45656474477268194,1.60132412766237,Low,0.45656474477268194,After_Lunch
386:30,0.32667876588021727,0.7647058823529411,0.7678571428571428,0.619747263696767,0.6785185262852871,2.171832651972271,Medium,0.678518526285287,After_Lunch
387:00,0.32667876588021727,0.7647058823529411,0.7857142857142851,0.6256996446491478,0.6865542405710011,2.171832651972271,Medium,0.6865542405710011,After_Lunch
387:30,0.32667876588021727,0.7647058823529411,0.7857142857142851,0.6256996446491478,0.6865542405710011,2.171832651972271,Medium,0.6865542405710011,After_Lunch
388:00,0.32667876588021727,0.7647058823529411,0.8214285714285716,0.63760440655391,0.70262566914243,2.171832651972271,Medium,0.7026256691424299,After_Lunch
388:30,0.32667876588021727,0.7647058823529411,0.839285714285714,0.6435567875062908,0.7106613834281441,2.171832651972271,Medium,0.710661383428144,After_Lunch
389:00,0.32667876588021727,0.7647058823529411,0.8571428571428572,0.6495091684586719,0.7186970977138585,2.171832651972271,Medium,0.7186970977138584,After_Lunch
389:30,0.3466424682395637,0.7647058823529411,0.8571428571428572,0.6561637359117873,0.7226898381857277,2.1879290556311517,Medium,0.7226898381857277,After_Lunch
390:00,0.3466424682395637,0.7647058823529411,0.839285714285714,0.6502113549594063,0.7146541239000134,2.1879290556311517,Medium,0.7146541239000133,After_Lunch
390:30,0.3466424682395637,0.7647058823529411,0.8035714285714284,0.6383065930546444,0.6985826953285849,2.1879290556311517,Medium,0.6985826953285847,After_Lunch
391:00,0.3466424682395637,0.7647058823529411,0.7857142857142851,0.6323542121022633,0.6905469810428704,2.1879290556311517,Medium,0.6905469810428704,After_Lunch
391:30,0.3466424682395637,0.7647058823529411,0.7321428571428572,0.6144970692451207,0.6664398381857278,2.1879290556311517,Medium,0.6664398381857277,After_Lunch
392:00,0.3466424682395637,0.7647058823529411,0.6785714285714284,0.5966399263879777,0.6423326953285848,2.1879290556311517,Medium,0.6423326953285848,After_Lunch
392:30,0.3466424682395637,0.7647058823529411,0.6964285714285716,0.6025923073403588,0.6503684096142993,2.1879290556311517,Medium,0.6503684096142992,After_Lunch
393:00,0.36842105263157876,0.7647058823529411,0.7321428571428572,0.6217565973757924,0.6707955550641309,2.205624857527832,Medium,0.6707955550641307,After_Lunch
393:30,0.36842105263157876,0.7647058823529411,0.7321428571428572,0.6217565973757924,0.6707955550641309,2.205624857527832,Medium,0.6707955550641307,After_Lunch
394:00,0.36842105263157876,0.7647058823529411,0.714285714285714,0.6158042164234113,0.6627598407784164,2.205624857527832,Medium,0.6627598407784163,After_Lunch
394:30,0.36842105263157876,0.7647058823529411,0.7321428571428572,0.6217565973757924,0.6707955550641309,2.205624857527832,Medium,0.6707955550641307,After_Lunch
395:00,0.36842105263157876,0.7647058823529411,0.7321428571428572,0.6217565973757924,0.6707955550641309,2.205624857527832,Medium,0.6707955550641307,After_Lunch
395:30,0.36842105263157876,0.7647058823529411,0.7321428571428572,0.6217565973757924,0.6707955550641309,2.205624857527832,Medium,0.6707955550641307,After_Lunch
396:00,0.36842105263157876,0.7647058823529411,0.7499999999999996,0.6277089783281732,0.678831269349845,2.205624857527832,Medium,0.6788312693498448,After_Lunch
396:30,0.3883847549909252,0.7647058823529411,0.7499999999999996,0.6343635457812886,0.6828240098217142,2.2219717100326,Medium,0.6828240098217141,After_Lunch
397:00,0.36842105263157876,0.7647058823529411,0.7499999999999996,0.6277089783281732,0.678831269349845,2.205624857527832,Medium,0.6788312693498448,After_Lunch
397:30,0.36842105263157876,0.7647058823529411,0.7678571428571428,0.6336613592805542,0.6868669836355594,2.205624857527832,Medium,0.6868669836355592,After_Lunch
398:00,0.3883847549909252,0.7647058823529411,0.7857142857142851,0.6462683076860505,0.6988954383931427,2.2219717100326,Medium,0.6988954383931426,After_Lunch
398:30,0.3883847549909252,0.7647058823529411,0.7499999999999996,0.6343635457812886,0.6828240098217142,2.2219717100326,Medium,0.6828240098217141,After_Lunch
399:00,0.3883847549909252,0.9411764705882346,0.6607142857142851,0.6634251704311483,0.7044101442754954,2.3248475684866543,High,0.7044101442754953,After_Lunch
399:30,0.3883847549909252,0.9411764705882346,0.589285714285714,0.6396156466216246,0.6722672871326384,2.3248475684866543,High,0.6722672871326383,After_Lunch
400:00,0.3883847549909252,0.9411764705882346,0.589285714285714,0.6396156466216246,0.6722672871326384,2.3248475684866543,High,0.6722672871326383,After_Lunch
400:30,0.4083484573502716,0.9411764705882346,0.6071428571428572,0.6522225950271211,0.6842957418902221,2.342078032755504,High,0.684295741890222,After_Lunch
401:00,0.4083484573502716,0.9411764705882346,0.6071428571428572,0.6522225950271211,0.6842957418902221,2.342078032755504,High,0.684295741890222,After_Lunch
401:30,0.4083484573502716,0.9411764705882346,0.6071428571428572,0.6522225950271211,0.6842957418902221,2.342078032755504,High,0.684295741890222,After_Lunch
402:00,0.4083484573502716,0.9411764705882346,0.6428571428571428,0.664127356931883,0.7003671704616506,2.342078032755504,High,0.7003671704616505,After_Lunch
402:30,0.4083484573502716,0.9411764705882346,0.6607142857142851,0.6700797378842638,0.7084028847473647,2.342078032755504,High,0.7084028847473646,After_Lunch
403:00,0.4083484573502716,0.8823529411764701,0.6428571428571428,0.6445195137946281,0.6797789351675331,2.342078032755504,High,0.679778935167533,After_Lunch
403:30,0.43012704174228844,0.8823529411764701,0.6071428571428572,0.6398742800205386,0.668063223474508,2.3610205797213406,High,0.6680632234745079,After_Lunch
404:00,0.43012704174228844,0.8823529411764701,0.5714285714285716,0.6279695181157767,0.6519917949030795,2.3610205797213406,High,0.6519917949030793,After_Lunch
404:30,0.43012704174228844,0.8823529411764701,0.5714285714285716,0.6279695181157767,0.6519917949030795,2.3610205797213406,High,0.6519917949030793,After_Lunch
405:00,0.43012704174228844,0.8823529411764701,0.5714285714285716,0.6279695181157767,0.6519917949030795,2.3610205797213406,High,0.6519917949030793,After_Lunch
405:30,0.43012704174228844,0.8823529411764701,0.5714285714285716,0.6279695181157767,0.6519917949030795,2.3610205797213406,High,0.6519917949030793,After_Lunch
406:00,0.43012704174228844,0.8823529411764701,0.589285714285714,0.6339218990681575,0.6600275091887935,2.3610205797213406,High,0.6600275091887934,After_Lunch
406:30,0.45009074410163485,0.8823529411764701,0.589285714285714,0.640576466521273,0.6640202496606628,2.378519138030429,High,0.6640202496606626,After_Lunch
407:00,0.45009074410163485,1.0,0.6071428571428572,0.685744533748164,0.7132324345346127,2.378519138030429,High,0.7132324345346125,After_Lunch
407:30,0.45009074410163485,1.0,0.6428571428571428,0.6976492956529259,0.7293038631060412,2.378519138030429,High,0.729303863106041,After_Lunch
408:00,0.45009074410163485,1.0,0.6607142857142851,0.7036016766053067,0.7373395773917554,2.378519138030429,High,0.7373395773917552,After_Lunch
408:30,0.47005444646098127,1.0,0.6428571428571428,0.7043038631060413,0.7332966035779105,2.3961473858244497,High,0.7332966035779103,After_Lunch
409:00,0.47005444646098127,1.0,0.5714285714285716,0.6804943392965176,0.7011537464350535,2.3961473858244497,High,0.7011537464350532,After_Lunch
409:30,0.47005444646098127,1.0,0.5357142857142851,0.6685895773917555,0.6850823178636245,2.3961473858244497,High,0.6850823178636243,After_Lunch
410:00,0.47005444646098127,1.0,0.5357142857142851,0.6685895773917555,0.6850823178636245,2.3961473858244497,High,0.6850823178636243,After_Lunch
410:30,0.4900181488203277,1.0,0.49999999999999956,0.6633393829401091,0.6730036297640652,2.413906284289015,High,0.673003629764065,After_Lunch
411:00,0.4900181488203277,0.8235294117647056,0.4821428571428572,0.5985634725759635,0.6032032095959982,2.3938187610689328,High,0.6032032095959982,After_Lunch
411:30,0.4900181488203277,0.8235294117647056,0.46428571428571397,0.5926110916235824,0.5951674953102838,2.3938187610689328,High,0.5951674953102836,After_Lunch
412:00,0.511796733212341,0.8235294117647056,0.41071428571428514,0.5820134768971106,0.5754160693315435,2.413179783065237,High,0.5754160693315433,After_Lunch
412:30,0.511796733212341,0.8235294117647056,0.37499999999999956,0.5701087149923487,0.559344640760115,2.4009910022476495,High,0.5593446407601148,After_Lunch
413:00,0.511796733212341,0.8235294117647056,0.37499999999999956,0.5701087149923487,0.559344640760115,2.4009910022476495,High,0.5593446407601148,After_Lunch
413:30,0.511796733212341,0.8235294117647056,0.37499999999999956,0.5701087149923487,0.559344640760115,2.4009910022476495,High,0.5593446407601148,After_Lunch
414:00,0.5317604355716874,0.8235294117647056,0.3928571428571428,0.5827156633978453,0.5713730955176987,2.4310649160907465,High,0.5713730955176985,After_Lunch
414:30,0.5317604355716874,0.8235294117647056,0.4464285714285716,0.6005728062549882,0.5954802383748417,2.4310649160907465,High,0.5954802383748415,After_Lunch
415:00,0.5317604355716874,0.8235294117647056,0.4821428571428572,0.6124775681597501,0.6115516669462702,2.4310649160907465,High,0.6115516669462701,After_Lunch
415:30,0.5317604355716874,0.7647058823529411,0.4464285714285716,0.5809649631177334,0.5748920030807241,2.342986234251216,High,0.574892003080724,After_Lunch
416:00,0.5517241379310338,0.7647058823529411,0.46428571428571397,0.5935719115232296,0.5869204578383074,2.360351132121897,High,0.5869204578383073,After_Lunch
416:30,0.5517241379310338,0.7647058823529411,0.5357142857142851,0.6173814353327534,0.6190633149811645,2.360351132121897,High,0.6190633149811643,After_Lunch
417:00,0.5517241379310338,0.7647058823529411,0.5357142857142851,0.6173814353327534,0.6190633149811645,2.360351132121897,High,0.6190633149811643,After_Lunch
417:30,0.5716878402903802,0.7647058823529411,0.5357142857142851,0.6240360027858688,0.6230560554530338,2.3778447288614197,High,0.6230560554530336,After_Lunch
418:00,0.5716878402903802,0.7647058823529411,0.589285714285714,0.6418931456430118,0.6471631983101767,2.3778447288614197,High,0.6471631983101765,After_Lunch
418:30,0.5716878402903802,0.7647058823529411,0.6249999999999996,0.6537979075477737,0.6632346268816052,2.3778447288614197,High,0.6632346268816051,After_Lunch
419:00,0.5716878402903802,0.7647058823529411,0.6071428571428572,0.6478455265953929,0.6551989125958911,2.3778447288614197,High,0.655198912595891,After_Lunch
419:30,0.5716878402903802,0.7058823529411757,0.6071428571428572,0.6282376834581377,0.6346106773017732,2.2916942406737264,Medium,0.6346106773017731,After_Lunch
420:00,0.5916515426497266,0.7058823529411757,0.6249999999999996,0.6408446318636339,0.6466391320593566,2.308678991099648,Medium,0.6466391320593564,After_Lunch
420:30,0.5916515426497266,0.7058823529411757,0.6071428571428572,0.6348922509112532,0.6386034177736425,2.308678991099648,Medium,0.6386034177736424,After_Lunch
421:00,0.5916515426497266,0.7058823529411757,0.5357142857142851,0.6110827271017292,0.6064605606307851,2.308678991099648,Medium,0.606460560630785,After_Lunch
421:30,0.5916515426497266,0.7058823529411757,0.4821428571428572,0.5932255842445865,0.5823534177736426,2.308678991099648,Medium,0.5823534177736424,After_Lunch
422:00,0.6134301270417417,0.7058823529411757,0.49999999999999956,0.606437493327639,0.5947448489377597,2.327351409185774,High,0.5947448489377595,After_Lunch
422:30,0.6134301270417417,0.7058823529411757,0.5357142857142851,0.6183422552324008,0.6108162775091882,2.327351409185774,High,0.610816277509188,After_Lunch
423:00,0.6134301270417417,0.7058823529411757,0.5535714285714284,0.624294636184782,0.6188519917949027,2.327351409185774,High,0.6188519917949025,After_Lunch
423:30,0.6134301270417417,0.7058823529411757,0.5714285714285716,0.630247017137163,0.6268877060806171,2.327351409185774,High,0.626887706080617,After_Lunch
424:00,0.6134301270417417,0.41176470588235237,0.6071428571428572,0.5441125633556504,0.5400179581814575,1.9352089706446938,Medium,0.5400179581814574,After_Lunch
424:30,0.6134301270417417,0.41176470588235237,0.6249999999999996,0.5500649443080312,0.5480536724671715,1.9352089706446938,Medium,0.5480536724671714,After_Lunch
425:00,0.6333938294010881,0.41176470588235237,0.6071428571428572,0.5507671308087659,0.5440106986533267,1.9495516524933607,Medium,0.5440106986533266,After_Lunch
425:30,0.6333938294010881,0.41176470588235237,0.589285714285714,0.5448147498563848,0.5359749843676123,1.9495516524933607,Medium,0.5359749843676122,After_Lunch
426:00,0.6333938294010881,0.41176470588235237,0.589285714285714,0.5448147498563848,0.5359749843676123,1.9495516524933607,Medium,0.5359749843676122,After_Lunch
426:30,0.6533575317604345,0.41176470588235237,0.6071428571428572,0.5574216982618814,0.548003439125196,1.9640006342433471,Medium,0.5480034391251959,After_Lunch
427:00,0.6533575317604345,0.41176470588235237,0.6071428571428572,0.5574216982618814,0.548003439125196,1.9640006342433471,Medium,0.5480034391251959,After_Lunch
427:30,0.6533575317604345,0.41176470588235237,0.6071428571428572,0.5574216982618814,0.548003439125196,1.9640006342433471,Medium,0.5480034391251959,After_Lunch
428:00,0.6533575317604345,0.41176470588235237,0.6249999999999996,0.5633740792142622,0.55603915341091,1.9640006342433471,Medium,0.55603915341091,After_Lunch
428:30,0.6533575317604345,0.47058823529411686,0.6607142857142851,0.5948866842562789,0.5926988172764561,2.0378323044714226,Medium,0.592698817276456,After_Lunch
429:00,0.673321234119781,0.47058823529411686,0.6607142857142851,0.6015412517093943,0.5966915577483254,2.0529355728250374,Medium,0.5966915577483253,After_Lunch
429:30,0.673321234119781,0.47058823529411686,0.6428571428571428,0.5955888707570135,0.5886558434626114,2.0529355728250374,Medium,0.5886558434626112,After_Lunch
430:00,0.673321234119781,0.47058823529411686,0.6071428571428572,0.5836841088522516,0.5725844148911828,2.0529355728250374,Medium,0.5725844148911827,After_Lunch
430:30,0.673321234119781,0.47058823529411686,0.6071428571428572,0.5836841088522516,0.5725844148911828,2.0529355728250374,Medium,0.5725844148911827,After_Lunch
431:00,0.673321234119781,0.47058823529411686,0.6071428571428572,0.5836841088522516,0.5725844148911828,2.0529355728250374,Medium,0.5725844148911827,After_Lunch
431:30,0.6950998185117978,0.47058823529411686,0.6249999999999996,0.5968960179353048,0.5849758460553003,2.069539557817084,Medium,0.5849758460553002,After_Lunch
432:00,0.6950998185117978,0.47058823529411686,0.589285714285714,0.5849912560305429,0.5689044174838718,2.069539557817084,Medium,0.5689044174838717,After_Lunch
432:30,0.6950998185117978,0.47058823529411686,0.5714285714285716,0.5790388750781621,0.5608687031981577,2.069539557817084,Medium,0.5608687031981576,After_Lunch
433:00,0.6950998185117978,0.6470588235294112,0.6071428571428572,0.6497671663946888,0.6387048376519392,2.311820915827987,Medium,0.6387048376519391,After_Lunch
433:30,0.6950998185117978,0.6470588235294112,0.589285714285714,0.6438147854423076,0.6306691233662248,2.311820915827987,Medium,0.6306691233662247,After_Lunch
434:00,0.7150635208711442,0.6470588235294112,0.5535714285714284,0.6385645909906613,0.6185904352666656,2.3289548338646364,High,0.6185904352666655,After_Lunch
434:30,0.7150635208711442,0.6470588235294112,0.589285714285714,0.6504693528954232,0.6346618638380941,2.3289548338646364,High,0.634661863838094,After_Lunch
435:00,0.7150635208711442,0.6470588235294112,0.6071428571428572,0.6564217338478042,0.6426975781238085,2.3289548338646364,High,0.6426975781238083,After_Lunch
435:30,0.7150635208711442,0.6470588235294112,0.6071428571428572,0.6564217338478042,0.6426975781238085,2.3289548338646364,High,0.6426975781238083,After_Lunch
436:00,0.7150635208711442,0.6470588235294112,0.6249999999999996,0.662374114800185,0.6507332924095226,2.3289548338646364,High,0.6507332924095225,After_Lunch
436:30,0.7350272232304906,0.6470588235294112,0.6249999999999996,0.6690286822533005,0.6547260328813919,2.3462157388773424,High,0.6547260328813918,After_Lunch
437:00,0.7350272232304906,0.6470588235294112,0.6071428571428572,0.6630763013009197,0.6466903185956778,2.3462157388773424,High,0.6466903185956776,After_Lunch
437:30,0.7350272232304906,0.2941176470588234,0.589285714285714,0.5394768615250093,0.5151251925452576,1.880212911425764,Medium,0.5151251925452576,After_Lunch
438:00,0.7350272232304906,0.2941176470588234,0.589285714285714,0.5394768615250093,0.5151251925452576,1.880212911425764,Medium,0.5151251925452576,After_Lunch
438:30,0.7350272232304906,0.2941176470588234,0.5714285714285716,0.5335244805726286,0.5070894782595435,1.880212911425764,Medium,0.5070894782595434,After_Lunch
439:00,0.7350272232304906,0.2941176470588234,0.5357142857142851,0.5216197186678664,0.4910180496881146,1.880212911425764,Medium,0.4910180496881146,After_Lunch
439:30,0.754990925589837,0.2941176470588234,0.5178571428571428,0.5223219051686011,0.48697507587426986,1.8941479933757774,Medium,0.4869750758742698,After_Lunch
440:00,0.754990925589837,0.2941176470588234,0.4821428571428572,0.5104171432638392,0.47090364730284134,1.8941479933757774,Medium,0.4709036473028413,After_Lunch
440:30,0.754990925589837,0.2941176470588234,0.4285714285714284,0.4925600004066963,0.44679650444569835,1.8941479933757774,Medium,0.4467965044456983,After_Lunch
441:00,0.7767695099818521,0.2941176470588234,0.4285714285714284,0.49981952853736794,0.4511522213241014,1.9094677166398861,Medium,0.45115222132410127,After_Lunch
441:30,0.754990925589837,0.7058823529411757,0.4285714285714284,0.6298149023674804,0.5909141515045218,2.4524583484765192,High,0.5909141515045215,After_Lunch
442:00,0.7767695099818521,0.7058823529411757,0.4285714285714284,0.637074430498152,0.5952698683829247,2.4722936429449596,High,0.5952698683829245,After_Lunch
442:30,0.7767695099818521,0.7058823529411757,0.4821428571428572,0.6549315733552951,0.6193770112400677,2.4722936429449596,High,0.6193770112400675,After_Lunch
443:00,0.7767695099818521,0.7058823529411757,0.5178571428571428,0.6668363352600569,0.6354484398114962,2.4722936429449596,High,0.635448439811496,After_Lunch
443:30,0.7767695099818521,0.7058823529411757,0.5357142857142851,0.6727887162124376,0.6434841540972103,2.4722936429449596,High,0.64348415409721,After_Lunch
444:00,0.7967332123411985,0.7058823529411757,0.5178571428571428,0.6734909027131724,0.6394411802833655,2.490616894694577,High,0.6394411802833653,After_Lunch
444:30,0.7967332123411985,0.7058823529411757,0.4285714285714284,0.6437289979512676,0.599262608854794,2.490616894694577,High,0.5992626088547938,After_Lunch
445:00,0.7967332123411985,0.7058823529411757,0.41071428571428514,0.6377766169988864,0.5912268945690795,2.490616894694577,High,0.5912268945690794,After_Lunch
445:30,0.7967332123411985,0.7058823529411757,0.3571428571428572,0.6199194741417439,0.567119751711937,2.4002309955806242,High,0.5671197517119367,After_Lunch
446:00,0.7967332123411985,0.5882352941176467,0.3035714285714284,0.5628466450100912,0.5018361382665588,2.0259800720548458,Medium,0.5018361382665587,After_Lunch
446:30,0.816696914700545,0.5882352941176467,0.2857142857142856,0.5635488315108258,0.4977931644527138,1.9728097263484052,Medium,0.4977931644527137,After_Lunch
447:00,0.816696914700545,0.5882352941176467,0.2678571428571428,0.5575964505584449,0.48975745016699956,1.9108669813952663,Medium,0.48975745016699945,After_Lunch
447:30,0.816696914700545,0.5882352941176467,0.25,0.5516440696060639,0.4817217358812853,1.8508691293535338,Medium,0.4817217358812852,After_Lunch
448:00,0.816696914700545,0.5882352941176467,0.2678571428571428,0.5575964505584449,0.48975745016699956,1.9108669813952663,Medium,0.48975745016699945,After_Lunch
448:30,0.816696914700545,0.5882352941176467,0.3214285714285712,0.5754535934155877,0.5138645930241423,2.1027841216057497,Medium,0.5138645930241422,After_Lunch
449:00,0.816696914700545,0.5882352941176467,0.3571428571428572,0.5873583553203496,0.5299360215955711,2.2413216049282494,Medium,0.529936021595571,After_Lunch
449:30,0.83847549909256,0.5882352941176467,0.3928571428571428,0.6065226453557832,0.5503631670454027,2.325723426602068,High,0.5503631670454024,After_Lunch
450:00,0.83847549909256,0.5882352941176467,0.37499999999999956,0.6005702644034021,0.5423274527596882,2.313976380945497,Medium,0.5423274527596881,After_Lunch
450:30,0.83847549909256,0.5294117647058822,0.3571428571428572,0.5750100403137665,0.5137035031798566,2.1601174169059942,Medium,0.5137035031798564,After_Lunch
451:00,0.83847549909256,0.5294117647058822,0.3928571428571428,0.5869148022185283,0.5297749317512851,2.2414613189213615,Medium,0.5297749317512849,After_Lunch
451:30,0.83847549909256,0.5294117647058822,0.3928571428571428,0.5869148022185283,0.5297749317512851,2.2414613189213615,Medium,0.5297749317512849,After_Lunch
452:00,0.83847549909256,0.5294117647058822,0.41071428571428514,0.5928671831709091,0.5378106460369991,2.2414613189213615,Medium,0.537810646036999,After_Lunch
452:30,0.83847549909256,0.5294117647058822,0.4285714285714284,0.5988195641232902,0.5458463603227136,2.2414613189213615,Medium,0.5458463603227134,After_Lunch
453:00,0.8584392014519064,0.5294117647058822,0.41071428571428514,0.5995217506240246,0.5418033865088684,2.2414613189213615,Medium,0.5418033865088682,After_Lunch
453:30,0.8584392014519064,0.5294117647058822,0.37499999999999956,0.5876169887192627,0.5257319579374399,2.230139874527057,Medium,0.5257319579374397,After_Lunch
454:00,0.8584392014519064,0.5294117647058822,0.3214285714285712,0.5697598458621199,0.5016248150802971,2.0265992149838588,Medium,0.501624815080297,After_Lunch
454:30,0.8584392014519064,0.47058823529411686,0.2678571428571428,0.5322948598677221,0.4569294369290365,1.7749119705772516,Low,0.4569294369290363,After_Lunch
455:00,0.8584392014519064,0.47058823529411686,0.2857142857142856,0.538247240820103,0.46496515121475074,1.8324475921449352,Medium,0.46496515121475057,After_Lunch
455:30,0.8784029038112529,0.47058823529411686,0.2857142857142856,0.5449018082732184,0.46895789168662,1.8324475921449352,Medium,0.46895789168661983,After_Lunch
456:00,0.8784029038112529,0.47058823529411686,0.3035714285714284,0.5508541892255994,0.47699360597233426,1.8918482908567569,Medium,0.4769936059723341,After_Lunch
456:30,0.8784029038112529,0.47058823529411686,0.3035714285714284,0.5508541892255994,0.47699360597233426,1.8918482908567569,Medium,0.4769936059723341,After_Lunch
457:00,0.8784029038112529,0.47058823529411686,0.2857142857142856,0.5449018082732184,0.46895789168662,1.8324475921449352,Medium,0.46895789168661983,After_Lunch
457:30,0.8784029038112529,0.47058823529411686,0.3214285714285712,0.5568065701779803,0.4850293202580485,1.953174525132366,Medium,0.48502932025804835,After_Lunch
458:00,0.8784029038112529,0.47058823529411686,0.3035714285714284,0.5508541892255994,0.47699360597233426,1.8918482908567569,Medium,0.4769936059723341,After_Lunch
458:30,0.8784029038112529,0.47058823529411686,0.25,0.5329970463684566,0.4528864631151915,1.7191828660217703,Low,0.4528864631151913,After_Lunch
459:00,0.898366606170601,0.47058823529411686,0.2678571428571428,0.5456039947739536,0.4649149178727754,1.7749119705772516,Low,0.4649149178727753,After_Lunch
459:30,0.898366606170601,0.35294117647058787,0.3214285714285712,0.5242454513565867,0.447845590141683,1.8142094028715032,Medium,0.4478455901416829,After_Lunch
460:00,0.898366606170601,0.35294117647058787,0.3571428571428572,0.5361502132613487,0.4639170187131117,1.9337347513423222,Medium,0.46391701871311164,After_Lunch
460:30,0.898366606170601,0.35294117647058787,0.33928571428571397,0.5301978323089677,0.45588130442739727,1.8730188916678405,Medium,0.45588130442739716,After_Lunch
461:00,0.898366606170601,0.35294117647058787,0.33928571428571397,0.5301978323089677,0.45588130442739727,1.8730188916678405,Medium,0.45588130442739716,After_Lunch
461:30,0.898366606170601,0.35294117647058787,0.37499999999999956,0.5421025942137295,0.4719527329988258,1.9964187788940233,Medium,0.4719527329988257,After_Lunch
462:00,0.898366606170601,0.35294117647058787,0.3571428571428572,0.5361502132613487,0.4639170187131117,1.9337347513423222,Medium,0.46391701871311164,After_Lunch
462:30,0.898366606170601,0.35294117647058787,0.3214285714285712,0.5242454513565867,0.447845590141683,1.8142094028715032,Medium,0.4478455901416829,After_Lunch
463:00,0.9201451905626126,0.35294117647058787,0.2857142857142856,0.5196002175824953,0.4361298784486568,1.702071990578154,Low,0.4361298784486567,After_Lunch
463:30,0.9201451905626126,0.5294117647058822,0.21428571428571397,0.5546142231847363,0.4657517271881526,1.6735527451027308,Low,0.46575172718815244,After_Lunch
464:00,0.9201451905626126,0.5294117647058822,0.08928571428571397,0.5129475565180696,0.4095017271881526,1.42921883771553,Low,0.4095017271881524,After_Lunch
464:30,0.9201451905626126,0.5294117647058822,0.05357142857142838,0.5010427946133077,0.3934302986167241,1.42921883771553,Low,0.3934302986167239,After_Lunch
465:00,0.9201451905626126,0.5294117647058822,0.125,0.5248523184228316,0.4255731557595813,1.42921883771553,Low,0.4255731557595811,After_Lunch
465:30,0.9201451905626126,0.5294117647058822,0.17857142857142838,0.5427094612799744,0.4496802986167241,1.5701094083659608,Low,0.44968029861672393,After_Lunch
466:00,0.940108892921959,0.5294117647058822,0.1428571428571428,0.537459266828328,0.43760161051716484,1.4730599686524843,Low,0.43760161051716473,After_Lunch
466:30,0.940108892921959,0.5294117647058822,0.08928571428571397,0.5196021239711851,0.41349446766002185,1.42921883771553,Low,0.41349446766002174,After_Lunch
467:00,0.940108892921959,0.5294117647058822,0.05357142857142838,0.5076973620664232,0.39742303908859333,1.42921883771553,Low,0.3974230390885932,After_Lunch
467:30,0.940108892921959,0.9411764705882346,0.0,0.6270951211700645,0.5174335432902739,1.7332530178673953,Low,0.5174335432902737,After_Lunch
468:00,0.940108892921959,0.9411764705882346,0.05357142857142838,0.6449522640272073,0.5415406861474167,1.7332530178673953,Low,0.5415406861474165,After_Lunch
468:30,0.9600725952813054,0.9411764705882346,0.125,0.6754163552898467,0.5776762837621432,1.7332530178673953,Low,0.577676283762143,After_Lunch
469:00,0.9600725952813054,0.9411764705882346,0.125,0.6754163552898467,0.5776762837621432,1.7332530178673953,Low,0.577676283762143,After_Lunch
469:30,0.9600725952813054,0.9411764705882346,0.08928571428571397,0.6635115933850847,0.5616048551907145,1.7332530178673953,Low,0.5616048551907142,After_Lunch
470:00,0.9600725952813054,0.9411764705882346,0.125,0.6754163552898467,0.5776762837621432,1.7332530178673953,Low,0.577676283762143,After_Lunch
470:30,0.9600725952813054,0.9411764705882346,0.21428571428571397,0.7051782600517513,0.6178548551907145,2.029563471641648,Medium,0.6178548551907143,After_Lunch
471:00,0.9600725952813054,0.9411764705882346,0.25,0.7170830219565133,0.6339262837621431,2.16327696734267,Medium,0.633926283762143,After_Lunch
471:30,0.9600725952813054,0.9411764705882346,0.25,0.7170830219565133,0.6339262837621431,2.16327696734267,Medium,0.633926283762143,After_Lunch
472:00,0.9600725952813054,0.5882352941176467,0.25,0.5994359631329841,0.5103968719974374,1.8508691293535338,Medium,0.5103968719974373,After_Lunch
472:30,0.9800362976406536,0.5882352941176467,0.2857142857142856,0.6179952924908619,0.5304610410407355,1.9728097263484052,Medium,0.5304610410407354,After_Lunch
473:00,0.9800362976406536,0.5882352941176467,0.25,0.6060905305861001,0.514389612469307,1.8508691293535338,Medium,0.5143896124693069,After_Lunch
473:30,0.9800362976406536,0.5882352941176467,0.2321428571428572,0.6001381496337191,0.5063538981835928,1.7927551040169936,Medium,0.5063538981835927,After_Lunch
474:00,0.9800362976406536,0.5882352941176467,0.3035714285714284,0.6239476734432429,0.5384967553264498,2.0367604099438923,Medium,0.5384967553264497,After_Lunch
474:30,0.9800362976406536,0.5882352941176467,0.3571428571428572,0.6418048163003859,0.5626038981835928,2.2413216049282494,Medium,0.5626038981835927,After_Lunch
475:00,0.9800362976406536,0.5882352941176467,0.37499999999999956,0.6477571972527666,0.5706396124693068,2.313976380945497,Medium,0.5706396124693067,After_Lunch
475:30,0.9800362976406536,0.5882352941176467,0.37499999999999956,0.6477571972527666,0.5706396124693068,2.313976380945497,Medium,0.5706396124693067,After_Lunch
476:00,0.9800362976406536,0.5882352941176467,0.37499999999999956,0.6477571972527666,0.5706396124693068,2.313976380945497,Medium,0.5706396124693067,After_Lunch
476:30,0.9800362976406536,0.35294117647058787,0.3928571428571428,0.5752782056561281,0.4963223855785507,2.0065537235453252,Medium,0.4963223855785506,After_Lunch
477:00,0.9800362976406536,0.35294117647058787,0.3928571428571428,0.5752782056561281,0.4963223855785507,2.0065537235453252,Medium,0.4963223855785506,After_Lunch
477:30,0.9800362976406536,0.35294117647058787,0.3571428571428572,0.5633734437513662,0.48025095700712217,1.9337347513423222,Medium,0.48025095700712206,After_Lunch
478:00,0.9800362976406536,0.35294117647058787,0.3214285714285712,0.5514686818466042,0.46417952843569354,1.8142094028715032,Medium,0.46417952843569343,After_Lunch
478:30,0.9800362976406536,0.35294117647058787,0.33928571428571397,0.5574210627989852,0.4722152427214078,1.8730188916678405,Medium,0.4722152427214077,After_Lunch
479:00,1.0,0.35294117647058787,0.37499999999999956,0.5759803921568625,0.4922794117647056,1.9964187788940233,Medium,0.49227941176470547,After_Lunch
479:30,1.0,0.35294117647058787,0.3928571428571428,0.5819327731092435,0.50031512605042,2.0065537235453252,Medium,0.5003151260504198,After_Lunch
480:00,0.9800362976406536,0.35294117647058787,0.3571428571428572,0.5633734437513662,0.48025095700712217,1.9337347513423222,Medium,0.48025095700712206,After_Lunch
480:30,1.0,0.35294117647058787,0.3035714285714284,0.5521708683473388,0.46013655462184855,1.757246428270976,Low,0.46013655462184844,After_Lunch
481:00,1.0,0.35294117647058787,0.3035714285714284,0.5521708683473388,0.46013655462184855,1.757246428270976,Low,0.46013655462184844,After_Lunch
481:30,1.0,0.0,0.37499999999999956,0.4583333333333332,0.3687499999999998,1.9058655833169786,Medium,0.3687499999999998,After_Lunch
482:00,1.0,0.0,0.3571428571428572,0.4523809523809524,0.36071428571428577,1.846024766351381,Medium,0.3607142857142857,After_Lunch
482:30,1.0,0.0,0.2857142857142856,0.42857142857142855,0.3285714285714285,1.6248697224576263,Low,0.3285714285714285,After_Lunch
483:00,1.0,0.0,0.2678571428571428,0.4226190476190476,0.32053571428571426,1.5738516797867965,Low,0.3205357142857142,After_Lunch
483:30,1.0,0.0,0.2857142857142856,0.42857142857142855,0.3285714285714285,1.6248697224576263,Low,0.3285714285714285,After_Lunch
484:00,1.0,0.0,0.3035714285714284,0.4345238095238095,0.33660714285714277,1.6775415681591934,Low,0.33660714285714277,After_Lunch
484:30,0.9185185185185176,0.7142857142857144,0.9791666666666666,0.8706569664902996,0.8743287037037035,2.517104526999362,High,0.8743287037037035,Stress_Induced
485:00,1.0,0.7142857142857144,0.9999999999999999,0.9047619047619048,0.8999999999999999,2.517104526999362,High,0.8999999999999999,Stress_Induced
485:30,0.9185185185185176,0.7142857142857144,0.9999999999999999,0.877601410934744,0.8837037037037034,2.517104526999362,High,0.8837037037037034,Stress_Induced
486:00,0.9185185185185176,0.7142857142857144,0.9583333333333334,0.8637125220458551,0.8649537037037036,2.517104526999362,High,0.8649537037037035,Stress_Induced
486:30,0.9185185185185176,0.7142857142857144,0.9374999999999999,0.8567680776014107,0.8555787037037035,2.517104526999362,High,0.8555787037037035,Stress_Induced
487:00,1.0,0.7142857142857144,0.8749999999999999,0.8630952380952381,0.84375,2.517104526999362,High,0.84375,Stress_Induced
487:30,0.9185185185185176,0.7142857142857144,0.8125,0.815101410934744,0.7993287037037036,2.517104526999362,High,0.7993287037037036,Stress_Induced
488:00,0.9185185185185176,0.7142857142857144,0.7708333333333334,0.8012125220458551,0.7805787037037035,2.517104526999362,High,0.7805787037037035,Stress_Induced
488:30,0.9185185185185176,0.14285714285714324,0.75,0.6037918871252203,0.5712037037037037,1.9155408290138962,Medium,0.5712037037037037,Stress_Induced
489:00,0.9185185185185176,0.14285714285714324,0.75,0.6037918871252203,0.5712037037037037,1.9155408290138962,Medium,0.5712037037037037,Stress_Induced
489:30,0.9185185185185176,0.14285714285714324,0.7708333333333334,0.6107363315696648,0.5805787037037038,1.9155408290138962,Medium,0.5805787037037037,Stress_Induced
490:00,0.9185185185185176,0.14285714285714324,0.7708333333333334,0.6107363315696648,0.5805787037037038,1.9155408290138962,Medium,0.5805787037037037,Stress_Induced
490:30,0.9185185185185176,0.14285714285714324,0.75,0.6037918871252203,0.5712037037037037,1.9155408290138962,Medium,0.5712037037037037,Stress_Induced
491:00,0.9185185185185176,0.14285714285714324,0.7708333333333334,0.6107363315696648,0.5805787037037038,1.9155408290138962,Medium,0.5805787037037037,Stress_Induced
491:30,0.9185185185185176,0.14285714285714324,0.7916666666666666,0.6176807760141091,0.5899537037037037,1.9155408290138962,Medium,0.5899537037037036,Stress_Induced
492:00,0.9185185185185176,0.14285714285714324,0.8541666666666666,0.6385141093474425,0.6180787037037037,1.9155408290138962,Medium,0.6180787037037035,Stress_Induced
492:30,0.9185185185185176,0.2857142857142856,0.8958333333333334,0.7000220458553789,0.6868287037037035,1.9236870776828998,Medium,0.6868287037037034,Stress_Induced
493:00,0.9185185185185176,0.2857142857142856,0.9166666666666666,0.7069664902998233,0.6962037037037034,1.9236870776828998,Medium,0.6962037037037034,Stress_Induced
493:30,0.9185185185185176,0.2857142857142856,0.9374999999999999,0.7139109347442677,0.7055787037037033,1.9236870776828998,Medium,0.7055787037037033,Stress_Induced
494:00,0.9185185185185176,0.2857142857142856,0.9166666666666666,0.7069664902998233,0.6962037037037034,1.9236870776828998,Medium,0.6962037037037034,Stress_Induced
494:30,0.9185185185185176,0.2857142857142856,0.8749999999999999,0.6930776014109344,0.6774537037037034,1.9236870776828998,Medium,0.6774537037037034,Stress_Induced
495:00,0.9185185185185176,0.2857142857142856,0.8958333333333334,0.7000220458553789,0.6868287037037035,1.9236870776828998,Medium,0.6868287037037034,Stress_Induced
495:30,0.9185185185185176,0.2857142857142856,0.9374999999999999,0.7139109347442677,0.7055787037037033,1.9236870776828998,Medium,0.7055787037037033,Stress_Induced
496:00,0.9185185185185176,0.2857142857142856,0.9583333333333334,0.7208553791887122,0.7149537037037035,1.9236870776828998,Medium,0.7149537037037034,Stress_Induced
496:30,0.9185185185185176,0.5714285714285712,0.9374999999999999,0.8091490299823629,0.8055787037037034,2.301330410285071,Medium,0.8055787037037033,Stress_Induced
497:00,0.9185185185185176,0.5714285714285712,0.8749999999999999,0.7883156966490296,0.7774537037037033,2.301330410285071,Medium,0.7774537037037034,Stress_Induced
497:30,0.9185185185185176,0.5714285714285712,0.8333333333333334,0.7744268077601407,0.7587037037037034,2.301330410285071,Medium,0.7587037037037034,Stress_Induced
498:00,0.9185185185185176,0.5714285714285712,0.8333333333333334,0.7744268077601407,0.7587037037037034,2.301330410285071,Medium,0.7587037037037034,Stress_Induced
498:30,0.9185185185185176,0.5714285714285712,0.8541666666666666,0.7813712522045851,0.7680787037037033,2.301330410285071,Medium,0.7680787037037033,Stress_Induced
499:00,0.9185185185185176,0.5714285714285712,0.8333333333333334,0.7744268077601407,0.7587037037037034,2.301330410285071,Medium,0.7587037037037034,Stress_Induced
499:30,0.8370370370370352,0.5714285714285712,0.8125,0.7403218694885355,0.733032407407407,2.301330410285071,Medium,0.7330324074074069,Stress_Induced
500:00,0.8370370370370352,0.5714285714285712,0.7916666666666666,0.733377425044091,0.7236574074074069,2.301330410285071,Medium,0.7236574074074069,Stress_Induced
500:30,0.9185185185185176,0.7857142857142856,0.8333333333333334,0.8458553791887122,0.8337037037037034,2.632463679756601,High,0.8337037037037034,Stress_Induced
501:00,0.8370370370370352,0.7857142857142856,0.8125,0.8117504409171069,0.808032407407407,2.632463679756601,High,0.808032407407407,Stress_Induced
501:30,0.9185185185185176,0.7857142857142856,0.8125,0.8389109347442677,0.8243287037037035,2.632463679756601,High,0.8243287037037035,Stress_Induced
502:00,0.8370370370370352,0.7857142857142856,0.75,0.7909171075837736,0.779907407407407,2.632463679756601,High,0.779907407407407,Stress_Induced
502:30,0.9185185185185176,0.7857142857142856,0.6875,0.7972442680776011,0.7680787037037033,2.632463679756601,High,0.7680787037037036,Stress_Induced
503:00,0.9185185185185176,0.7857142857142856,0.6875,0.7972442680776011,0.7680787037037033,2.632463679756601,High,0.7680787037037036,Stress_Induced
503:30,0.9185185185185176,0.7857142857142856,0.7083333333333334,0.8041887125220456,0.7774537037037035,2.632463679756601,High,0.7774537037037035,Stress_Induced
504:00,0.9185185185185176,0.7857142857142856,0.7291666666666666,0.8111331569664899,0.7868287037037034,2.632463679756601,High,0.7868287037037034,Stress_Induced
504:30,0.9185185185185176,0.7857142857142856,0.6458333333333334,0.7833553791887122,0.7493287037037035,2.632463679756601,High,0.7493287037037035,Stress_Induced
505:00,0.9185185185185176,0.7857142857142856,0.5625,0.7555776014109344,0.7118287037037034,2.632463679756601,High,0.7118287037037034,Stress_Induced
505:30,0.9185185185185176,0.7857142857142856,0.5,0.7347442680776011,0.6837037037037035,2.632463679756601,High,0.6837037037037036,Stress_Induced
506:00,0.9185185185185176,0.7857142857142856,0.47916666666666663,0.7277998236331565,0.6743287037037033,2.632463679756601,High,0.6743287037037035,Stress_Induced
506:30,0.9185185185185176,0.7857142857142856,0.45833333333333337,0.7208553791887122,0.6649537037037034,2.632463679756601,High,0.6649537037037035,Stress_Induced
507:00,0.9185185185185176,0.7857142857142856,0.39583333333333337,0.7000220458553789,0.6368287037037035,2.632463679756601,High,0.6368287037037036,Stress_Induced
507:30,0.9185185185185176,0.7857142857142856,0.375,0.6930776014109344,0.6274537037037035,2.619167313266222,High,0.6274537037037036,Stress_Induced
508:00,0.9185185185185176,0.6428571428571432,0.41666666666666663,0.6593474426807758,0.5962037037037036,2.4068006136466424,High,0.5962037037037037,Stress_Induced
508:30,0.9185185185185176,0.6428571428571432,0.41666666666666663,0.6593474426807758,0.5962037037037036,2.4068006136466424,High,0.5962037037037037,Stress_Induced
509:00,0.9185185185185176,0.6428571428571432,0.4375,0.6662918871252203,0.6055787037037037,2.4068006136466424,High,0.6055787037037037,Stress_Induced
509:30,0.9185185185185176,0.6428571428571432,0.45833333333333337,0.6732363315696648,0.6149537037037036,2.4068006136466424,High,0.6149537037037037,Stress_Induced
510:00,0.9185185185185176,0.6428571428571432,0.5,0.6871252204585536,0.6337037037037037,2.4068006136466424,High,0.6337037037037038,Stress_Induced
510:30,0.9185185185185176,0.6428571428571432,0.5625,0.707958553791887,0.6618287037037036,2.4068006136466424,High,0.6618287037037037,Stress_Induced
511:00,0.9185185185185176,0.6428571428571432,0.5416666666666666,0.7010141093474425,0.6524537037037037,2.4068006136466424,High,0.6524537037037037,Stress_Induced
511:30,0.9185185185185176,0.6428571428571432,0.5208333333333334,0.6940696649029982,0.6430787037037037,2.4068006136466424,High,0.6430787037037037,Stress_Induced
512:00,0.9185185185185176,0.6428571428571432,0.5416666666666666,0.7010141093474425,0.6524537037037037,2.4068006136466424,High,0.6524537037037037,Stress_Induced
512:30,0.9185185185185176,0.6428571428571432,0.5208333333333334,0.6940696649029982,0.6430787037037037,2.4068006136466424,High,0.6430787037037037,Stress_Induced
513:00,0.9185185185185176,0.6428571428571432,0.5208333333333334,0.6940696649029982,0.6430787037037037,2.4068006136466424,High,0.6430787037037037,Stress_Induced
513:30,0.9185185185185176,0.6428571428571432,0.5833333333333334,0.7149029982363314,0.6712037037037037,2.4068006136466424,High,0.6712037037037036,Stress_Induced
514:00,0.9185185185185176,0.6428571428571432,0.6458333333333334,0.7357363315696648,0.6993287037037037,2.4068006136466424,High,0.6993287037037037,Stress_Induced
514:30,0.9185185185185176,0.6428571428571432,0.7083333333333334,0.7565696649029982,0.7274537037037037,2.4068006136466424,High,0.7274537037037037,Stress_Induced
515:00,0.9185185185185176,0.6428571428571432,0.7291666666666666,0.7635141093474425,0.7368287037037036,2.4068006136466424,High,0.7368287037037036,Stress_Induced
515:30,0.9185185185185176,0.6428571428571432,0.7083333333333334,0.7565696649029982,0.7274537037037037,2.4068006136466424,High,0.7274537037037037,Stress_Induced
516:00,0.9185185185185176,0.4285714285714288,0.6666666666666666,0.6712522045855377,0.6337037037037037,2.1040531294965152,Medium,0.6337037037037037,Stress_Induced
516:30,0.9185185185185176,0.4285714285714288,0.6041666666666666,0.6504188712522043,0.6055787037037036,2.1040531294965152,Medium,0.6055787037037036,Stress_Induced
517:00,0.9185185185185176,0.4285714285714288,0.6041666666666666,0.6504188712522043,0.6055787037037036,2.1040531294965152,Medium,0.6055787037037036,Stress_Induced
517:30,0.9185185185185176,0.4285714285714288,0.6041666666666666,0.6504188712522043,0.6055787037037036,2.1040531294965152,Medium,0.6055787037037036,Stress_Induced
518:00,0.8370370370370352,0.4285714285714288,0.5625,0.6093694885361547,0.5705324074074072,2.1040531294965152,Medium,0.5705324074074072,Stress_Induced
518:30,0.8370370370370352,0.4285714285714288,0.5625,0.6093694885361547,0.5705324074074072,2.1040531294965152,Medium,0.5705324074074072,Stress_Induced
519:00,0.8370370370370352,0.4285714285714288,0.5833333333333334,0.6163139329805992,0.5799074074074071,2.1040531294965152,Medium,0.5799074074074072,Stress_Induced
519:30,0.9185185185185176,0.4285714285714288,0.6041666666666666,0.6504188712522043,0.6055787037037036,2.1040531294965152,Medium,0.6055787037037036,Stress_Induced
520:00,0.9185185185185176,0.35714285714285765,0.6458333333333334,0.6404982363315695,0.5993287037037037,2.0118498492608023,Medium,0.5993287037037037,Stress_Induced
520:30,0.8370370370370352,0.35714285714285765,0.6458333333333334,0.6133377425044088,0.5830324074074072,2.0118498492608023,Medium,0.5830324074074072,Stress_Induced
521:00,0.9185185185185176,0.35714285714285765,0.6458333333333334,0.6404982363315695,0.5993287037037037,2.0118498492608023,Medium,0.5993287037037037,Stress_Induced
521:30,0.8370370370370352,0.35714285714285765,0.6458333333333334,0.6133377425044088,0.5830324074074072,2.0118498492608023,Medium,0.5830324074074072,Stress_Induced
522:00,0.8370370370370352,0.35714285714285765,0.6875,0.6272266313932976,0.6017824074074072,2.0118498492608023,Medium,0.6017824074074073,Stress_Induced
522:30,0.8370370370370352,0.35714285714285765,0.6666666666666666,0.6202821869488532,0.5924074074074073,2.0118498492608023,Medium,0.5924074074074073,Stress_Induced
523:00,0.8370370370370352,0.35714285714285765,0.6458333333333334,0.6133377425044088,0.5830324074074072,2.0118498492608023,Medium,0.5830324074074072,Stress_Induced
523:30,0.8370370370370352,0.35714285714285765,0.5416666666666666,0.5786155202821864,0.5361574074074071,2.0118498492608023,Medium,0.5361574074074072,Stress_Induced
524:00,0.8370370370370352,0.4285714285714288,0.5208333333333334,0.5954805996472659,0.5517824074074071,2.1040531294965152,Medium,0.5517824074074072,Stress_Induced
524:30,0.8370370370370352,0.4285714285714288,0.6041666666666666,0.6232583774250435,0.5892824074074071,2.1040531294965152,Medium,0.5892824074074071,Stress_Induced
525:00,0.8370370370370352,0.4285714285714288,0.6041666666666666,0.6232583774250435,0.5892824074074071,2.1040531294965152,Medium,0.5892824074074071,Stress_Induced
525:30,0.8370370370370352,0.4285714285714288,0.5625,0.6093694885361547,0.5705324074074072,2.1040531294965152,Medium,0.5705324074074072,Stress_Induced
526:00,0.8370370370370352,0.4285714285714288,0.5,0.5885361552028213,0.5424074074074072,2.1040531294965152,Medium,0.5424074074074072,Stress_Induced
526:30,0.8370370370370352,0.4285714285714288,0.5208333333333334,0.5954805996472659,0.5517824074074071,2.1040531294965152,Medium,0.5517824074074072,Stress_Induced
527:00,0.8370370370370352,0.4285714285714288,0.5416666666666666,0.6024250440917102,0.561157407407407,2.1040531294965152,Medium,0.5611574074074072,Stress_Induced
527:30,0.8370370370370352,0.4285714285714288,0.5416666666666666,0.6024250440917102,0.561157407407407,2.1040531294965152,Medium,0.5611574074074072,Stress_Induced
528:00,0.8370370370370352,0.5,0.5625,0.6331790123456784,0.5955324074074071,2.200482095306799,Medium,0.5955324074074071,Stress_Induced
528:30,0.8370370370370352,0.5,0.6041666666666666,0.6470679012345673,0.614282407407407,2.200482095306799,Medium,0.614282407407407,Stress_Induced
529:00,0.8370370370370352,0.5,0.6666666666666666,0.6679012345679006,0.6424074074074071,2.200482095306799,Medium,0.6424074074074071,Stress_Induced
529:30,0.8370370370370352,0.5,0.7083333333333334,0.6817901234567896,0.6611574074074071,2.200482095306799,Medium,0.661157407407407,Stress_Induced
530:00,0.8370370370370352,0.5,0.7291666666666666,0.6887345679012339,0.670532407407407,2.200482095306799,Medium,0.670532407407407,Stress_Induced
530:30,0.8370370370370352,0.5,0.7291666666666666,0.6887345679012339,0.670532407407407,2.200482095306799,Medium,0.670532407407407,Stress_Induced
531:00,0.7481481481481467,0.5,0.7291666666666666,0.6591049382716044,0.6527546296296294,2.149852092028174,Medium,0.6527546296296293,Stress_Induced
531:30,0.8370370370370352,0.7142857142857144,0.7708333333333334,0.7740520282186943,0.764282407407407,2.517104526999362,High,0.764282407407407,Stress_Induced
532:00,0.8370370370370352,0.7142857142857144,0.8333333333333334,0.7948853615520277,0.792407407407407,2.517104526999362,High,0.792407407407407,Stress_Induced
532:30,0.8370370370370352,0.7142857142857144,0.8541666666666666,0.801829805996472,0.8017824074074071,2.517104526999362,High,0.801782407407407,Stress_Induced
533:00,0.8370370370370352,0.7142857142857144,0.8333333333333334,0.7948853615520277,0.792407407407407,2.517104526999362,High,0.792407407407407,Stress_Induced
533:30,0.8370370370370352,0.7142857142857144,0.7916666666666666,0.7809964726631388,0.7736574074074072,2.517104526999362,High,0.7736574074074071,Stress_Induced
534:00,0.8370370370370352,0.7142857142857144,0.7291666666666666,0.7601631393298054,0.745532407407407,2.517104526999362,High,0.745532407407407,Stress_Induced
534:30,0.7481481481481467,0.7142857142857144,0.6875,0.716644620811287,0.7090046296296294,2.45918948614244,High,0.7090046296296294,Stress_Induced
535:00,0.7481481481481467,0.7142857142857144,0.6458333333333334,0.7027557319223982,0.6902546296296295,2.45918948614244,High,0.6902546296296294,Stress_Induced
535:30,0.7481481481481467,0.7857142857142856,0.6041666666666666,0.7126763668430329,0.6965046296296292,2.571894386772485,High,0.6965046296296292,Stress_Induced
536:00,0.7481481481481467,0.7857142857142856,0.5416666666666666,0.6918430335096996,0.6683796296296293,2.571894386772485,High,0.6683796296296293,Stress_Induced
536:30,0.7481481481481467,0.7857142857142856,0.47916666666666663,0.6710097001763663,0.6402546296296292,2.571894386772485,High,0.6402546296296293,Stress_Induced
537:00,0.7481481481481467,0.7857142857142856,0.47916666666666663,0.6710097001763663,0.6402546296296292,2.571894386772485,High,0.6402546296296293,Stress_Induced
537:30,0.7481481481481467,0.7857142857142856,0.5,0.6779541446208107,0.6496296296296292,2.571894386772485,High,0.6496296296296293,Stress_Induced
538:00,0.7481481481481467,0.7857142857142856,0.5416666666666666,0.6918430335096996,0.6683796296296293,2.571894386772485,High,0.6683796296296293,Stress_Induced
538:30,0.7481481481481467,0.7857142857142856,0.5833333333333334,0.7057319223985886,0.6871296296296292,2.571894386772485,High,0.6871296296296293,Stress_Induced
539:00,0.7481481481481467,0.7857142857142856,0.5833333333333334,0.7057319223985886,0.6871296296296292,2.571894386772485,High,0.6871296296296293,Stress_Induced
539:30,0.7481481481481467,0.7857142857142856,0.5625,0.6987874779541441,0.6777546296296293,2.571894386772485,High,0.6777546296296292,Stress_Induced
540:00,0.7481481481481467,0.7857142857142856,0.5,0.6779541446208107,0.6496296296296292,2.571894386772485,High,0.6496296296296293,Stress_Induced
540:30,0.7481481481481467,0.7857142857142856,0.45833333333333337,0.6640652557319219,0.6308796296296293,2.571894386772485,High,0.6308796296296294,Stress_Induced
541:00,0.7481481481481467,0.7857142857142856,0.47916666666666663,0.6710097001763663,0.6402546296296292,2.571894386772485,High,0.6402546296296293,Stress_Induced
541:30,0.7481481481481467,0.7857142857142856,0.5416666666666666,0.6918430335096996,0.6683796296296293,2.571894386772485,High,0.6683796296296293,Stress_Induced
542:00,0.7481481481481467,0.7857142857142856,0.5416666666666666,0.6918430335096996,0.6683796296296293,2.571894386772485,High,0.6683796296296293,Stress_Induced
542:30,0.7481481481481467,0.7857142857142856,0.47916666666666663,0.6710097001763663,0.6402546296296292,2.571894386772485,High,0.6402546296296293,Stress_Induced
543:00,0.7481481481481467,0.7857142857142856,0.39583333333333337,0.6432319223985886,0.6027546296296293,2.571894386772485,High,0.6027546296296294,Stress_Induced
543:30,0.7481481481481467,0.7857142857142856,0.33333333333333337,0.6223985890652552,0.5746296296296293,2.3753425490088707,High,0.5746296296296295,Stress_Induced
544:00,0.6666666666666643,0.7857142857142856,0.3125,0.5882936507936499,0.5489583333333328,2.220616530637868,Medium,0.5489583333333329,Stress_Induced
544:30,0.6666666666666643,0.7857142857142856,0.27083333333333337,0.5744047619047611,0.5302083333333327,2.061321968800019,Medium,0.530208333333333,Stress_Induced
545:00,0.6666666666666643,0.7857142857142856,0.20833333333333334,0.5535714285714278,0.5020833333333328,1.8435470542358527,Medium,0.5020833333333329,Stress_Induced
545:30,0.7481481481481467,0.7857142857142856,0.18749999999999997,0.5737874779541441,0.5090046296296292,1.8305397756992414,Medium,0.5090046296296294,Stress_Induced
546:00,0.7481481481481467,0.7857142857142856,0.18749999999999997,0.5737874779541441,0.5090046296296292,1.8305397756992414,Medium,0.5090046296296294,Stress_Induced
546:30,0.6666666666666643,0.7857142857142856,0.16666666666666666,0.5396825396825388,0.4833333333333328,1.711301339507429,Medium,0.48333333333333295,Stress_Induced
547:00,0.6666666666666643,1.0,0.12499999999999997,0.5972222222222214,0.5395833333333329,1.643099623894531,Low,0.539583333333333,Stress_Induced
547:30,0.6666666666666643,1.0,0.08333333333333334,0.5833333333333325,0.5208333333333328,1.643099623894531,Low,0.520833333333333,Stress_Induced
548:00,0.6666666666666643,1.0,0.12499999999999997,0.5972222222222214,0.5395833333333329,1.643099623894531,Low,0.539583333333333,Stress_Induced
548:30,0.6666666666666643,1.0,0.12499999999999997,0.5972222222222214,0.5395833333333329,1.643099623894531,Low,0.539583333333333,Stress_Induced
549:00,0.6666666666666643,1.0,0.10416666666666666,0.590277777777777,0.5302083333333328,1.643099623894531,Low,0.5302083333333331,Stress_Induced
549:30,0.6666666666666643,1.0,0.10416666666666666,0.590277777777777,0.5302083333333328,1.643099623894531,Low,0.5302083333333331,Stress_Induced
550:00,0.6666666666666643,1.0,0.10416666666666666,0.590277777777777,0.5302083333333328,1.643099623894531,Low,0.5302083333333331,Stress_Induced
550:30,0.6666666666666643,0.9285714285714288,0.10416666666666666,0.5664682539682533,0.5052083333333329,1.643099623894531,Low,0.5052083333333331,Stress_Induced
551:00,0.6666666666666643,0.9285714285714288,0.020833333333333343,0.5386904761904755,0.46770833333333295,1.643099623894531,Low,0.46770833333333317,Stress_Induced
551:30,0.6666666666666643,0.9285714285714288,0.0,0.5317460317460311,0.4583333333333329,1.643099623894531,Low,0.45833333333333315,Stress_Induced
552:00,0.6666666666666643,0.9285714285714288,0.04166666666666666,0.5456349206349199,0.4770833333333329,1.643099623894531,Low,0.47708333333333314,Stress_Induced
552:30,0.6666666666666643,0.9285714285714288,0.04166666666666666,0.5456349206349199,0.4770833333333329,1.643099623894531,Low,0.47708333333333314,Stress_Induced
553:00,0.6666666666666643,0.9285714285714288,0.0625,0.5525793650793643,0.48645833333333294,1.643099623894531,Low,0.48645833333333316,Stress_Induced
553:30,0.6666666666666643,0.9285714285714288,0.0625,0.5525793650793643,0.48645833333333294,1.643099623894531,Low,0.48645833333333316,Stress_Induced
554:00,0.6666666666666643,0.9285714285714288,0.10416666666666666,0.5664682539682533,0.5052083333333329,1.643099623894531,Low,0.5052083333333331,Stress_Induced
554:30,0.6666666666666643,0.6428571428571432,0.18749999999999997,0.49900793650793585,0.442708333333333,1.623932914070995,Low,0.4427083333333331,Stress_Induced
555:00,0.585185185185189,0.6428571428571432,0.22916666666666666,0.4857363315696663,0.44516203703703794,1.6974891590992516,Medium,0.44516203703703805,Stress_Induced
555:30,0.6666666666666643,0.6428571428571432,0.29166666666666663,0.533730158730158,0.4895833333333329,1.9560836623872948,Medium,0.4895833333333331,Stress_Induced
556:00,0.6666666666666643,0.6428571428571432,0.35416666666666663,0.5545634920634913,0.517708333333333,2.1871523250926925,Medium,0.5177083333333331,Stress_Induced
556:30,0.6666666666666643,0.6428571428571432,0.35416666666666663,0.5545634920634913,0.517708333333333,2.1871523250926925,Medium,0.5177083333333331,Stress_Induced
557:00,0.585185185185189,0.6428571428571432,0.35416666666666663,0.527402998236333,0.501412037037038,2.1222191017031267,Medium,0.501412037037038,Stress_Induced
557:30,0.585185185185189,0.6428571428571432,0.39583333333333337,0.5412918871252219,0.520162037037038,2.213875699374455,Medium,0.520162037037038,Stress_Induced
558:00,0.585185185185189,0.7857142857142856,0.45833333333333337,0.6097442680776027,0.5982870370370378,2.421450010048333,High,0.5982870370370378,Stress_Induced
558:30,0.585185185185189,0.7857142857142856,0.4375,0.6027998236331582,0.5889120370370378,2.421450010048333,High,0.5889120370370378,Stress_Induced
559:00,0.585185185185189,0.7857142857142856,0.4375,0.6027998236331582,0.5889120370370378,2.421450010048333,High,0.5889120370370378,Stress_Induced
559:30,0.585185185185189,0.7857142857142856,0.45833333333333337,0.6097442680776027,0.5982870370370378,2.421450010048333,High,0.5982870370370378,Stress_Induced
560:00,0.585185185185189,0.7857142857142856,0.45833333333333337,0.6097442680776027,0.5982870370370378,2.421450010048333,High,0.5982870370370378,Stress_Induced
560:30,0.585185185185189,0.7857142857142856,0.5208333333333334,0.630577601410936,0.6264120370370377,2.421450010048333,High,0.6264120370370378,Stress_Induced
561:00,0.585185185185189,0.7857142857142856,0.5833333333333334,0.6514109347442694,0.6545370370370377,2.421450010048333,High,0.6545370370370378,Stress_Induced
561:30,0.585185185185189,0.7857142857142856,0.625,0.6652998236331582,0.6732870370370377,2.421450010048333,High,0.6732870370370377,Stress_Induced
562:00,0.585185185185189,0.6428571428571432,0.6458333333333334,0.6246252204585553,0.6326620370370379,2.213875699374455,Medium,0.6326620370370379,Stress_Induced
562:30,0.585185185185189,0.6428571428571432,0.625,0.6176807760141108,0.6232870370370379,2.213875699374455,Medium,0.6232870370370379,Stress_Induced
563:00,0.585185185185189,0.6428571428571432,0.5833333333333334,0.6037918871252219,0.604537037037038,2.213875699374455,Medium,0.604537037037038,Stress_Induced
563:30,0.585185185185189,0.6428571428571432,0.5833333333333334,0.6037918871252219,0.604537037037038,2.213875699374455,Medium,0.604537037037038,Stress_Induced
564:00,0.585185185185189,0.6428571428571432,0.6458333333333334,0.6246252204585553,0.6326620370370379,2.213875699374455,Medium,0.6326620370370379,Stress_Induced
564:30,0.585185185185189,0.6428571428571432,0.6875,0.6385141093474441,0.651412037037038,2.213875699374455,Medium,0.651412037037038,Stress_Induced
565:00,0.585185185185189,0.6428571428571432,0.7083333333333334,0.6454585537918885,0.660787037037038,2.213875699374455,Medium,0.6607870370370379,Stress_Induced
565:30,0.585185185185189,0.6428571428571432,0.7291666666666666,0.652402998236333,0.6701620370370379,2.213875699374455,Medium,0.6701620370370378,Stress_Induced
566:00,0.5037037037037067,0.4285714285714288,0.75,0.5607583774250452,0.5882407407407414,1.8779369633601173,Medium,0.5882407407407414,Stress_Induced
566:30,0.585185185185189,0.4285714285714288,0.7083333333333334,0.5740299823633171,0.5857870370370379,1.935395922359938,Medium,0.5857870370370378,Stress_Induced
567:00,0.5037037037037067,0.4285714285714288,0.6875,0.5399250440917118,0.5601157407407414,1.8779369633601173,Medium,0.5601157407407414,Stress_Induced
567:30,0.585185185185189,0.4285714285714288,0.7083333333333334,0.5740299823633171,0.5857870370370379,1.935395922359938,Medium,0.5857870370370378,Stress_Induced
568:00,0.585185185185189,0.4285714285714288,0.7083333333333334,0.5740299823633171,0.5857870370370379,1.935395922359938,Medium,0.5857870370370378,Stress_Induced
568:30,0.5037037037037067,0.4285714285714288,0.7083333333333334,0.5468694885361564,0.5694907407407415,1.8779369633601173,Medium,0.5694907407407414,Stress_Induced
569:00,0.5037037037037067,0.4285714285714288,0.6875,0.5399250440917118,0.5601157407407414,1.8779369633601173,Medium,0.5601157407407414,Stress_Induced
569:30,0.5037037037037067,0.4285714285714288,0.6458333333333334,0.526036155202823,0.5413657407407414,1.8779369633601173,Medium,0.5413657407407414,Stress_Induced
570:00,0.5037037037037067,0.5714285714285712,0.6875,0.5875440917107593,0.6101157407407413,2.0540134570714015,Medium,0.6101157407407413,Stress_Induced
570:30,0.5037037037037067,0.5714285714285712,0.7083333333333334,0.5944885361552038,0.6194907407407413,2.0540134570714015,Medium,0.6194907407407412,Stress_Induced
571:00,0.5037037037037067,0.5714285714285712,0.7291666666666666,0.6014329805996481,0.6288657407407413,2.0540134570714015,Medium,0.6288657407407412,Stress_Induced
571:30,0.5037037037037067,0.5714285714285712,0.7291666666666666,0.6014329805996481,0.6288657407407413,2.0540134570714015,Medium,0.6288657407407412,Stress_Induced
572:00,0.5037037037037067,0.5714285714285712,0.7291666666666666,0.6014329805996481,0.6288657407407413,2.0540134570714015,Medium,0.6288657407407412,Stress_Induced
572:30,0.5037037037037067,0.5714285714285712,0.75,0.6083774250440926,0.6382407407407412,2.0540134570714015,Medium,0.6382407407407412,Stress_Induced
573:00,0.5037037037037067,0.5714285714285712,0.7708333333333334,0.6153218694885371,0.6476157407407414,2.0540134570714015,Medium,0.6476157407407412,Stress_Induced
573:30,0.5037037037037067,0.5714285714285712,0.75,0.6083774250440926,0.6382407407407412,2.0540134570714015,Medium,0.6382407407407412,Stress_Induced
574:00,0.5037037037037067,0.4285714285714288,0.75,0.5607583774250452,0.5882407407407414,1.8779369633601173,Medium,0.5882407407407414,Stress_Induced
574:30,0.5037037037037067,0.4285714285714288,0.7708333333333334,0.5677028218694896,0.5976157407407414,1.8779369633601173,Medium,0.5976157407407414,Stress_Induced
575:00,0.5037037037037067,0.4285714285714288,0.8125,0.5815917107583785,0.6163657407407415,1.8779369633601173,Medium,0.6163657407407414,Stress_Induced
575:30,0.5037037037037067,0.4285714285714288,0.8333333333333334,0.588536155202823,0.6257407407407415,1.8779369633601173,Medium,0.6257407407407414,Stress_Induced
576:00,0.5037037037037067,0.4285714285714288,0.7708333333333334,0.5677028218694896,0.5976157407407414,1.8779369633601173,Medium,0.5976157407407414,Stress_Induced
576:30,0.5037037037037067,0.4285714285714288,0.7291666666666666,0.5538139329806007,0.5788657407407414,1.8779369633601173,Medium,0.5788657407407414,Stress_Induced
577:00,0.5037037037037067,0.4285714285714288,0.7083333333333334,0.5468694885361564,0.5694907407407415,1.8779369633601173,Medium,0.5694907407407414,Stress_Induced
577:30,0.5037037037037067,0.4285714285714288,0.7083333333333334,0.5468694885361564,0.5694907407407415,1.8779369633601173,Medium,0.5694907407407414,Stress_Induced
578:00,0.5037037037037067,0.7142857142857144,0.75,0.6559964726631403,0.6882407407407415,2.246598988222467,Medium,0.6882407407407414,Stress_Induced
578:30,0.5037037037037067,0.7142857142857144,0.75,0.6559964726631403,0.6882407407407415,2.246598988222467,Medium,0.6882407407407414,Stress_Induced
579:00,0.5037037037037067,0.7142857142857144,0.75,0.6559964726631403,0.6882407407407415,2.246598988222467,Medium,0.6882407407407414,Stress_Induced
579:30,0.414814814814811,0.7142857142857144,0.8541666666666666,0.6610890652557306,0.7173379629629623,2.173936505974493,Medium,0.7173379629629622,Stress_Induced
580:00,0.414814814814811,0.7142857142857144,0.9999999999999999,0.7097001763668418,0.7829629629629622,2.173936505974493,Medium,0.7829629629629621,Stress_Induced
580:30,0.414814814814811,0.7142857142857144,0.8958333333333334,0.6749779541446196,0.7360879629629623,2.173936505974493,Medium,0.7360879629629622,Stress_Induced
581:00,0.414814814814811,0.7142857142857144,0.7708333333333334,0.633311287477953,0.6798379629629623,2.173936505974493,Medium,0.6798379629629622,Stress_Induced
581:30,0.414814814814811,0.7142857142857144,0.8125,0.6472001763668418,0.6985879629629623,2.173936505974493,Medium,0.6985879629629622,Stress_Induced
582:00,0.5037037037037067,0.14285714285714324,0.8125,0.4863536155202833,0.5163657407407415,1.7096835042808436,Medium,0.5163657407407414,Stress_Induced
582:30,0.414814814814811,0.14285714285714324,0.7916666666666666,0.4497795414462069,0.4892129629629623,1.654386654273022,Low,0.4892129629629623,Stress_Induced
583:00,0.414814814814811,0.14285714285714324,0.7291666666666666,0.4289462081128736,0.46108796296296234,1.654386654273022,Low,0.4610879629629623,Stress_Induced
583:30,0.414814814814811,0.14285714285714324,0.6666666666666666,0.4081128747795402,0.43296296296296227,1.654386654273022,Low,0.4329629629629623,Stress_Induced
584:00,0.414814814814811,0.14285714285714324,0.6458333333333334,0.4011684303350959,0.42358796296296236,1.654386654273022,Low,0.42358796296296236,Stress_Induced
584:30,0.414814814814811,0.14285714285714324,0.6666666666666666,0.4081128747795402,0.43296296296296227,1.654386654273022,Low,0.4329629629629623,Stress_Induced
585:00,0.414814814814811,0.14285714285714324,0.6666666666666666,0.4081128747795402,0.43296296296296227,1.654386654273022,Low,0.4329629629629623,Stress_Induced
585:30,0.414814814814811,0.14285714285714324,0.625,0.3942239858906514,0.41421296296296234,1.654386654273022,Low,0.41421296296296234,Stress_Induced
586:00,0.414814814814811,0.0,0.6041666666666666,0.3396604938271592,0.35483796296296216,1.654386654273022,Low,0.35483796296296216,Stress_Induced
586:30,0.414814814814811,0.0,0.6666666666666666,0.3604938271604925,0.3829629629629622,1.654386654273022,Low,0.3829629629629622,Stress_Induced
587:00,0.414814814814811,0.0,0.6041666666666666,0.3396604938271592,0.35483796296296216,1.654386654273022,Low,0.35483796296296216,Stress_Induced
587:30,0.414814814814811,0.0,0.5416666666666666,0.31882716049382587,0.3267129629629622,1.654386654273022,Low,0.32671296296296215,Stress_Induced
588:00,0.414814814814811,0.0,0.5833333333333334,0.33271604938271476,0.3454629629629622,1.654386654273022,Low,0.3454629629629622,Stress_Induced
588:30,0.414814814814811,0.0,0.6041666666666666,0.3396604938271592,0.35483796296296216,1.654386654273022,Low,0.35483796296296216,Stress_Induced
589:00,0.414814814814811,0.0,0.625,0.34660493827160366,0.3642129629629622,1.654386654273022,Low,0.3642129629629622,Stress_Induced
589:30,0.414814814814811,0.0,0.6666666666666666,0.3604938271604925,0.3829629629629622,1.654386654273022,Low,0.3829629629629622,Stress_Induced
590:00,0.414814814814811,0.5,0.7291666666666666,0.5479938271604925,0.5860879629629623,1.9004806143006494,Medium,0.5860879629629622,Stress_Induced
590:30,0.414814814814811,0.5,0.5625,0.492438271604937,0.5110879629629622,1.9004806143006494,Medium,0.5110879629629622,Stress_Induced
591:00,0.414814814814811,0.5,0.5,0.47160493827160366,0.4829629629629622,1.9004806143006494,Medium,0.48296296296296226,Stress_Induced
591:30,0.414814814814811,0.5,0.6666666666666666,0.5271604938271591,0.5579629629629622,1.9004806143006494,Medium,0.5579629629629622,Stress_Induced
592:00,0.414814814814811,0.5,0.6458333333333334,0.5202160493827148,0.5485879629629622,1.9004806143006494,Medium,0.5485879629629622,Stress_Induced
592:30,0.414814814814811,0.5,0.625,0.5132716049382703,0.5392129629629622,1.9004806143006494,Medium,0.5392129629629622,Stress_Induced
593:00,0.3333333333333357,0.5,0.625,0.4861111111111119,0.5229166666666671,1.8440582376512802,Medium,0.5229166666666671,Stress_Induced
593:30,0.3333333333333357,0.5,0.6458333333333334,0.4930555555555564,0.5322916666666672,1.8440582376512802,Medium,0.5322916666666672,Stress_Induced
594:00,0.3333333333333357,0.7857142857142856,0.6666666666666666,0.5952380952380959,0.641666666666667,2.206069453746744,Medium,0.641666666666667,Stress_Induced
594:30,0.414814814814811,0.7857142857142856,0.6041666666666666,0.601565255731921,0.6298379629629621,2.273568233933048,Medium,0.6298379629629621,Stress_Induced
595:00,0.3333333333333357,0.7857142857142856,0.5833333333333334,0.5674603174603182,0.604166666666667,2.206069453746744,Medium,0.6041666666666672,Stress_Induced
595:30,0.3333333333333357,0.7857142857142856,0.6041666666666666,0.5744047619047626,0.613541666666667,2.206069453746744,Medium,0.6135416666666671,Stress_Induced
596:00,0.3333333333333357,0.7857142857142856,0.6041666666666666,0.5744047619047626,0.613541666666667,2.206069453746744,Medium,0.6135416666666671,Stress_Induced
596:30,0.3333333333333357,0.7857142857142856,0.6041666666666666,0.5744047619047626,0.613541666666667,2.206069453746744,Medium,0.6135416666666671,Stress_Induced
597:00,0.3333333333333357,0.7857142857142856,0.625,0.5813492063492071,0.622916666666667,2.206069453746744,Medium,0.6229166666666671,Stress_Induced
597:30,0.3333333333333357,0.7857142857142856,0.6458333333333334,0.5882936507936516,0.632291666666667,2.206069453746744,Medium,0.6322916666666671,Stress_Induced
598:00,0.414814814814811,0.5714285714285712,0.6458333333333334,0.5440255731922385,0.5735879629629621,1.9875798313358004,Medium,0.5735879629629621,Stress_Induced
598:30,0.3333333333333357,0.5714285714285712,0.6666666666666666,0.5238095238095245,0.566666666666667,1.9285716115094773,Medium,0.5666666666666671,Stress_Induced
599:00,0.3333333333333357,0.5714285714285712,0.6875,0.5307539682539689,0.576041666666667,1.9285716115094773,Medium,0.5760416666666671,Stress_Induced
599:30,0.3333333333333357,0.5714285714285712,0.7291666666666666,0.5446428571428578,0.594791666666667,1.9285716115094773,Medium,0.594791666666667,Stress_Induced
600:00,0.3333333333333357,0.5714285714285712,0.7083333333333334,0.5376984126984135,0.585416666666667,1.9285716115094773,Medium,0.585416666666667,Stress_Induced
600:30,0.3333333333333357,0.5714285714285712,0.7083333333333334,0.5376984126984135,0.585416666666667,1.9285716115094773,Medium,0.585416666666667,Stress_Induced
601:00,0.3333333333333357,0.5714285714285712,0.75,0.5515873015873023,0.604166666666667,1.9285716115094773,Medium,0.6041666666666671,Stress_Induced
601:30,0.3333333333333357,0.7857142857142856,0.7916666666666666,0.6369047619047626,0.697916666666667,2.206069453746744,Medium,0.6979166666666671,Stress_Induced
602:00,0.3333333333333357,0.7857142857142856,0.7916666666666666,0.6369047619047626,0.697916666666667,2.206069453746744,Medium,0.6979166666666671,Stress_Induced
602:30,0.3333333333333357,0.7857142857142856,0.7916666666666666,0.6369047619047626,0.697916666666667,2.206069453746744,Medium,0.6979166666666671,Stress_Induced
603:00,0.3333333333333357,0.7857142857142856,0.7708333333333334,0.6299603174603182,0.688541666666667,2.206069453746744,Medium,0.688541666666667,Stress_Induced
603:30,0.3333333333333357,0.7857142857142856,0.75,0.6230158730158738,0.679166666666667,2.206069453746744,Medium,0.6791666666666671,Stress_Induced
604:00,0.3333333333333357,0.7857142857142856,0.75,0.6230158730158738,0.679166666666667,2.206069453746744,Medium,0.6791666666666671,Stress_Induced
604:30,0.3333333333333357,0.7857142857142856,0.7708333333333334,0.6299603174603182,0.688541666666667,2.206069453746744,Medium,0.688541666666667,Stress_Induced
605:00,0.3333333333333357,0.7857142857142856,0.7916666666666666,0.6369047619047626,0.697916666666667,2.206069453746744,Medium,0.6979166666666671,Stress_Induced
605:30,0.3333333333333357,0.5,0.8333333333333334,0.5555555555555564,0.6166666666666671,1.8440582376512802,Medium,0.6166666666666671,Stress_Induced
606:00,0.2518518518518533,0.5,0.8125,0.5214506172839511,0.5909953703703706,1.8016023630251512,Medium,0.5909953703703706,Stress_Induced
606:30,0.3333333333333357,0.5,0.75,0.5277777777777786,0.579166666666667,1.8440582376512802,Medium,0.5791666666666672,Stress_Induced
607:00,0.3333333333333357,0.5,0.7291666666666666,0.520833333333334,0.5697916666666671,1.8440582376512802,Medium,0.5697916666666671,Stress_Induced
607:30,0.2518518518518533,0.5,0.6875,0.47978395061728446,0.5347453703703706,1.8016023630251512,Medium,0.5347453703703707,Stress_Induced
608:00,0.3333333333333357,0.5,0.6666666666666666,0.5000000000000008,0.5416666666666671,1.8440582376512802,Medium,0.5416666666666672,Stress_Induced
608:30,0.2518518518518533,0.5,0.6666666666666666,0.47283950617283993,0.5253703703703706,1.8016023630251512,Medium,0.5253703703703707,Stress_Induced
609:00,0.3333333333333357,0.5,0.6458333333333334,0.4930555555555564,0.5322916666666672,1.8440582376512802,Medium,0.5322916666666672,Stress_Induced
609:30,0.2518518518518533,0.4285714285714288,0.625,0.43514109347442737,0.48162037037037075,1.7226530032287664,Medium,0.4816203703703707,Stress_Induced
610:00,0.2518518518518533,0.4285714285714288,0.6041666666666666,0.4281966490299829,0.47224537037037073,1.7226530032287664,Medium,0.4722453703703707,Stress_Induced
610:30,0.3333333333333357,0.4285714285714288,0.5833333333333334,0.4484126984126993,0.47916666666666724,1.7632483873326137,Medium,0.47916666666666724,Stress_Induced
611:00,0.2518518518518533,0.4285714285714288,0.5625,0.41430776014109405,0.45349537037037074,1.7226530032287664,Medium,0.45349537037037074,Stress_Induced
611:30,0.2518518518518533,0.4285714285714288,0.5,0.39347442680776074,0.4253703703703708,1.7226530032287664,Medium,0.4253703703703708,Stress_Induced
612:00,0.2518518518518533,0.4285714285714288,0.39583333333333337,0.3587522045855385,0.3784953703703708,1.7226530032287664,Medium,0.3784953703703708,Stress_Induced
612:30,0.2518518518518533,0.4285714285714288,0.33333333333333337,0.3379188712522052,0.3503703703703708,1.5910027242145777,Low,0.35037037037037083,Stress_Induced
613:00,0.2518518518518533,0.4285714285714288,0.3125,0.33097442680776074,0.34099537037037075,1.5328761072069794,Low,0.3409953703703708,Stress_Induced
613:30,0.2518518518518533,0.4285714285714288,0.375,0.35180776014109405,0.36912037037037077,1.713952018731689,Medium,0.36912037037037077,Stress_Induced
614:00,0.2518518518518533,0.4285714285714288,0.45833333333333337,0.3795855379188719,0.40662037037037074,1.7226530032287664,Medium,0.4066203703703708,Stress_Induced
614:30,0.2518518518518533,0.4285714285714288,0.5,0.39347442680776074,0.4253703703703708,1.7226530032287664,Medium,0.4253703703703708,Stress_Induced
615:00,0.2518518518518533,0.4285714285714288,0.5208333333333334,0.4004188712522052,0.4347453703703708,1.7226530032287664,Medium,0.4347453703703708,Stress_Induced
615:30,0.2518518518518533,0.4285714285714288,0.5416666666666666,0.4073633156966496,0.4441203703703707,1.7226530032287664,Medium,0.4441203703703707,Stress_Induced
616:00,0.2518518518518533,0.4285714285714288,0.5208333333333334,0.4004188712522052,0.4347453703703708,1.7226530032287664,Medium,0.4347453703703708,Stress_Induced
616:30,0.2518518518518533,0.4285714285714288,0.5,0.39347442680776074,0.4253703703703708,1.7226530032287664,Medium,0.4253703703703708,Stress_Induced
617:00,0.2518518518518533,0.4285714285714288,0.4375,0.37264109347442737,0.3972453703703707,1.7226530032287664,Medium,0.3972453703703708,Stress_Induced
617:30,0.2518518518518533,0.5,0.4375,0.3964506172839511,0.42224537037037063,1.8016023630251512,Medium,0.4222453703703707,Stress_Induced
618:00,0.2518518518518533,0.5,0.47916666666666663,0.41033950617283993,0.4409953703703707,1.8016023630251512,Medium,0.4409953703703707,Stress_Induced
618:30,0.2518518518518533,0.5,0.5208333333333334,0.42422839506172894,0.4597453703703707,1.8016023630251512,Medium,0.4597453703703707,Stress_Induced
619:00,0.17037037037037095,0.5,0.5625,0.410956790123457,0.4621990740740742,1.8016023630251512,Medium,0.4621990740740742,Stress_Induced
619:30,0.2518518518518533,0.5,0.6041666666666666,0.4520061728395066,0.49724537037037064,1.8016023630251512,Medium,0.4972453703703706,Stress_Induced
620:00,0.2518518518518533,0.5,0.625,0.4589506172839511,0.5066203703703707,1.8016023630251512,Medium,0.5066203703703707,Stress_Induced
620:30,0.2518518518518533,0.5,0.6458333333333334,0.4658950617283956,0.5159953703703707,1.8016023630251512,Medium,0.5159953703703707,Stress_Induced
621:00,0.2518518518518533,0.5,0.6041666666666666,0.4520061728395066,0.49724537037037064,1.8016023630251512,Medium,0.4972453703703706,Stress_Induced
621:30,0.2518518518518533,0.5714285714285712,0.5625,0.4619268077601415,0.5034953703703705,1.8841699798939568,Medium,0.5034953703703706,Stress_Induced
622:00,0.17037037037037095,0.5714285714285712,0.5416666666666666,0.42782186948853623,0.47782407407407407,1.8841699798939568,Medium,0.47782407407407407,Stress_Induced
622:30,0.2518518518518533,0.5714285714285712,0.5416666666666666,0.454982363315697,0.49412037037037054,1.8841699798939568,Medium,0.49412037037037054,Stress_Induced
623:00,0.17037037037037095,0.5714285714285712,0.47916666666666663,0.40698853615520286,0.4496990740740741,1.8841699798939568,Medium,0.4496990740740741,Stress_Induced
623:30,0.17037037037037095,0.5714285714285712,0.4375,0.393099647266314,0.43094907407407407,1.8841699798939568,Medium,0.4309490740740741,Stress_Induced
624:00,0.17037037037037095,0.5714285714285712,0.45833333333333337,0.40004409171075855,0.4403240740740741,1.8841699798939568,Medium,0.44032407407407415,Stress_Induced
624:30,0.17037037037037095,0.5714285714285712,0.41666666666666663,0.38615520282186955,0.4215740740740741,1.8841699798939568,Medium,0.4215740740740741,Stress_Induced
625:00,0.17037037037037095,0.5714285714285712,0.39583333333333337,0.3792107583774252,0.41219907407407413,1.8841699798939568,Medium,0.41219907407407413,Stress_Induced
625:30,0.2518518518518533,0.6428571428571432,0.41666666666666663,0.43712522045855434,0.46287037037037077,1.9705216789194644,Medium,0.46287037037037077,Stress_Induced
626:00,0.17037037037037095,0.6428571428571432,0.45833333333333337,0.42385361552028256,0.46532407407407433,1.9705216789194644,Medium,0.46532407407407433,Stress_Induced
626:30,0.17037037037037095,0.6428571428571432,0.5208333333333334,0.44468694885361587,0.49344907407407435,1.9705216789194644,Medium,0.49344907407407435,Stress_Induced
627:00,0.17037037037037095,0.6428571428571432,0.5833333333333334,0.46552028218694924,0.5215740740740743,1.9705216789194644,Medium,0.5215740740740743,Stress_Induced
627:30,0.17037037037037095,0.6428571428571432,0.625,0.4794091710758381,0.5403240740740742,1.9705216789194644,Medium,0.5403240740740743,Stress_Induced
628:00,0.17037037037037095,0.6428571428571432,0.6458333333333334,0.48635361552028256,0.5496990740740743,1.9705216789194644,Medium,0.5496990740740743,Stress_Induced
628:30,0.17037037037037095,0.6428571428571432,0.6458333333333334,0.48635361552028256,0.5496990740740743,1.9705216789194644,Medium,0.5496990740740743,Stress_Induced
629:00,0.17037037037037095,0.6428571428571432,0.625,0.4794091710758381,0.5403240740740742,1.9705216789194644,Medium,0.5403240740740743,Stress_Induced
629:30,0.17037037037037095,0.07142857142857117,0.625,0.2889329805996474,0.3403240740740741,1.568312185490169,Low,0.34032407407407406,Stress_Induced
630:00,0.17037037037037095,0.07142857142857117,0.6458333333333334,0.2958774250440918,0.34969907407407413,1.568312185490169,Low,0.3496990740740741,Stress_Induced
630:30,0.17037037037037095,0.07142857142857117,0.6041666666666666,0.2819885361552029,0.3309490740740741,1.568312185490169,Low,0.33094907407407403,Stress_Induced
631:00,0.17037037037037095,0.07142857142857117,0.5625,0.268099647266314,0.3121990740740741,1.568312185490169,Low,0.31219907407407405,Stress_Induced
631:30,0.17037037037037095,0.07142857142857117,0.5625,0.268099647266314,0.3121990740740741,1.568312185490169,Low,0.31219907407407405,Stress_Induced
632:00,0.17037037037037095,0.07142857142857117,0.5833333333333334,0.2750440917107585,0.3215740740740741,1.568312185490169,Low,0.32157407407407407,Stress_Induced
632:30,0.17037037037037095,0.07142857142857117,0.7291666666666666,0.3236552028218696,0.3871990740740741,1.568312185490169,Low,0.387199074074074,Stress_Induced
633:00,0.17037037037037095,0.07142857142857117,0.7708333333333334,0.33754409171075855,0.40594907407407416,1.568312185490169,Low,0.40594907407407405,Stress_Induced
633:30,0.17037037037037095,0.5714285714285712,0.75,0.4972663139329807,0.571574074074074,1.8841699798939568,Medium,0.5715740740740741,Stress_Induced
634:00,0.17037037037037095,0.5714285714285712,0.7916666666666666,0.5111552028218695,0.5903240740740741,1.8841699798939568,Medium,0.590324074074074,Stress_Induced
634:30,0.17037037037037095,0.5714285714285712,0.8125,0.5180996472663141,0.5996990740740741,1.8841699798939568,Medium,0.5996990740740741,Stress_Induced
635:00,0.17037037037037095,0.5714285714285712,0.9583333333333334,0.5667107583774252,0.665324074074074,1.8841699798939568,Medium,0.6653240740740739,Stress_Induced
635:30,0.17037037037037095,0.5714285714285712,0.9374999999999999,0.5597663139329807,0.655949074074074,1.8841699798939568,Medium,0.655949074074074,Stress_Induced
636:00,0.08148148148148238,0.5714285714285712,0.8125,0.4884700176366845,0.5819212962962964,1.8841699798939568,Medium,0.5819212962962963,Stress_Induced
636:30,0.17037037037037095,0.5714285714285712,0.9374999999999999,0.5597663139329807,0.655949074074074,1.8841699798939568,Medium,0.655949074074074,Stress_Induced
637:00,0.17037037037037095,0.5714285714285712,0.8749999999999999,0.5389329805996473,0.6278240740740739,1.8841699798939568,Medium,0.627824074074074,Stress_Induced
637:30,0.08148148148148238,0.35714285714285765,0.7708333333333334,0.4031525573192245,0.4881712962962967,1.647163342165121,Low,0.48817129629629663,Stress_Induced
638:00,0.08148148148148238,0.35714285714285765,0.75,0.39620811287478,0.47879629629629666,1.647163342165121,Low,0.4787962962962966,Stress_Induced
638:30,0.08148148148148238,0.35714285714285765,0.6458333333333334,0.3614858906525578,0.43192129629629666,1.647163342165121,Low,0.4319212962962966,Stress_Induced
639:00,0.08148148148148238,0.35714285714285765,0.6458333333333334,0.3614858906525578,0.43192129629629666,1.647163342165121,Low,0.4319212962962966,Stress_Induced
639:30,0.08148148148148238,0.35714285714285765,0.6875,0.37537477954144666,0.45067129629629665,1.647163342165121,Low,0.45067129629629665,Stress_Induced
640:00,0.08148148148148238,0.35714285714285765,0.7291666666666666,0.3892636684303355,0.46942129629629664,1.647163342165121,Low,0.4694212962962966,Stress_Induced
640:30,0.08148148148148238,0.35714285714285765,0.7083333333333334,0.3823192239858912,0.4600462962962967,1.647163342165121,Low,0.46004629629629656,Stress_Induced
641:00,0.08148148148148238,0.35714285714285765,0.6458333333333334,0.3614858906525578,0.43192129629629666,1.647163342165121,Low,0.4319212962962966,Stress_Induced
641:30,0.08148148148148238,0.5,0.6041666666666666,0.3952160493827163,0.46317129629629644,1.8016023630251512,Medium,0.4631712962962964,Stress_Induced
642:00,0.08148148148148238,0.5,0.625,0.4021604938271608,0.47254629629629646,1.8016023630251512,Medium,0.4725462962962964,Stress_Induced
642:30,0.08148148148148238,0.5,0.6875,0.4229938271604941,0.5006712962962965,1.8016023630251512,Medium,0.5006712962962965,Stress_Induced
643:00,0.08148148148148238,0.5,0.7291666666666666,0.43688271604938295,0.5194212962962965,1.8016023630251512,Medium,0.5194212962962964,Stress_Induced
643:30,0.08148148148148238,0.5,0.7708333333333334,0.45077160493827195,0.5381712962962966,1.8016023630251512,Medium,0.5381712962962965,Stress_Induced
644:00,0.08148148148148238,0.5,0.8125,0.4646604938271608,0.5569212962962965,1.8016023630251512,Medium,0.5569212962962964,Stress_Induced
644:30,0.08148148148148238,0.5,0.8333333333333334,0.47160493827160527,0.5662962962962965,1.8016023630251512,Medium,0.5662962962962964,Stress_Induced
645:00,0.08148148148148238,0.5,0.8541666666666666,0.47854938271604963,0.5756712962962964,1.8016023630251512,Medium,0.5756712962962963,Stress_Induced
645:30,0.08148148148148238,0.35714285714285765,0.8958333333333334,0.4448192239858912,0.5444212962962967,1.647163342165121,Low,0.5444212962962965,Stress_Induced
646:00,0.08148148148148238,0.35714285714285765,0.9166666666666666,0.4517636684303355,0.5537962962962966,1.647163342165121,Low,0.5537962962962966,Stress_Induced
646:30,0.0,0.35714285714285765,0.8958333333333334,0.4176587301587304,0.5281250000000002,1.647163342165121,Low,0.5281250000000001,Stress_Induced
647:00,0.08148148148148238,0.35714285714285765,0.8749999999999999,0.43787477954144666,0.5350462962962965,1.647163342165121,Low,0.5350462962962965,Stress_Induced
647:30,0.0,0.35714285714285765,0.8958333333333334,0.4176587301587304,0.5281250000000002,1.647163342165121,Low,0.5281250000000001,Stress_Induced
648:00,0.0,0.35714285714285765,0.9166666666666666,0.4246031746031747,0.5375000000000001,1.647163342165121,Low,0.5375000000000001,Stress_Induced
648:30,0.0,0.35714285714285765,0.9166666666666666,0.4246031746031747,0.5375000000000001,1.647163342165121,Low,0.5375000000000001,Stress_Induced
649:00,0.0,0.35714285714285765,0.9374999999999999,0.43154761904761924,0.5468750000000001,1.647163342165121,Low,0.546875,Stress_Induced
649:30,0.0,0.2857142857142856,0.8958333333333334,0.39384920634920634,0.5031249999999999,1.5749817697977029,Low,0.5031249999999998,Stress_Induced
650:00,0.0,0.2857142857142856,0.8333333333333334,0.373015873015873,0.475,1.5749817697977029,Low,0.47499999999999987,Stress_Induced
650:30,0.0,0.2857142857142856,0.8333333333333334,0.373015873015873,0.475,1.5749817697977029,Low,0.47499999999999987,Stress_Induced
651:00,0.08148148148148238,0.2857142857142856,0.8541666666666666,0.4071208112874782,0.5006712962962964,1.5749817697977029,Low,0.5006712962962964,Stress_Induced
651:30,0.0,0.2857142857142856,0.8333333333333334,0.373015873015873,0.475,1.5749817697977029,Low,0.47499999999999987,Stress_Induced
652:00,0.0,0.2857142857142856,0.8333333333333334,0.373015873015873,0.475,1.5749817697977029,Low,0.47499999999999987,Stress_Induced
652:30,0.0,0.2857142857142856,0.8125,0.36607142857142855,0.46562499999999996,1.5749817697977029,Low,0.46562499999999984,Stress_Induced
653:00,0.0,0.2857142857142856,0.8125,0.36607142857142855,0.46562499999999996,1.5749817697977029,Low,0.46562499999999984,Stress_Induced
653:30,0.0,0.4285714285714288,0.8541666666666666,0.4275793650793651,0.534375,1.7226530032287664,Medium,0.5343749999999999,Stress_Induced
654:00,0.0,0.4285714285714288,0.8541666666666666,0.4275793650793651,0.534375,1.7226530032287664,Medium,0.5343749999999999,Stress_Induced
654:30,0.0,0.4285714285714288,0.8749999999999999,0.4345238095238096,0.54375,1.7226530032287664,Medium,0.54375,Stress_Induced
655:00,0.0,0.4285714285714288,0.8749999999999999,0.4345238095238096,0.54375,1.7226530032287664,Medium,0.54375,Stress_Induced
655:30,0.0,0.4285714285714288,0.8541666666666666,0.4275793650793651,0.534375,1.7226530032287664,Medium,0.5343749999999999,Stress_Induced
656:00,0.0,0.4285714285714288,0.8125,0.4136904761904763,0.5156250000000001,1.7226530032287664,Medium,0.515625,Stress_Induced
656:30,0.0,0.4285714285714288,0.7708333333333334,0.39980158730158744,0.4968750000000001,1.7226530032287664,Medium,0.49687500000000007,Stress_Induced
657:00,0.0,0.4285714285714288,0.6875,0.3720238095238096,0.4593750000000001,1.7226530032287664,Medium,0.4593750000000001,Stress_Induced
657:30,0.0,0.35714285714285765,0.6041666666666666,0.3204365079365081,0.39687500000000014,1.647163342165121,Low,0.3968750000000001,Stress_Induced
658:00,0.0,0.35714285714285765,0.5625,0.30654761904761924,0.37812500000000016,1.647163342165121,Low,0.37812500000000016,Stress_Induced
658:30,0.0,0.35714285714285765,0.5625,0.30654761904761924,0.37812500000000016,1.647163342165121,Low,0.37812500000000016,Stress_Induced
659:00,0.0,0.35714285714285765,0.5416666666666666,0.29960317460317476,0.36875000000000013,1.647163342165121,Low,0.36875000000000013,Stress_Induced
659:30,0.0,0.35714285714285765,0.5,0.28571428571428586,0.3500000000000002,1.647163342165121,Low,0.3500000000000002,Stress_Induced
660:00,0.0,0.35714285714285765,0.5,0.28571428571428586,0.3500000000000002,1.647163342165121,Low,0.3500000000000002,Stress_Induced
660:30,0.0,0.35714285714285765,0.5208333333333334,0.29265873015873034,0.3593750000000002,1.647163342165121,Low,0.3593750000000002,Stress_Induced
661:00,0.0,0.35714285714285765,0.47916666666666663,0.27876984126984145,0.3406250000000002,1.647163342165121,Low,0.3406250000000002,Stress_Induced
661:30,0.0,0.6428571428571432,0.4375,0.3601190476190477,0.4218750000000001,1.9705216789194644,Medium,0.4218750000000001,Stress_Induced
662:00,0.0,0.6428571428571432,0.47916666666666663,0.37400793650793657,0.4406250000000001,1.9705216789194644,Medium,0.4406250000000001,Stress_Induced
662:30,0.0,0.6428571428571432,0.47916666666666663,0.37400793650793657,0.4406250000000001,1.9705216789194644,Medium,0.4406250000000001,Stress_Induced
663:00,0.0,0.6428571428571432,0.4375,0.3601190476190477,0.4218750000000001,1.9705216789194644,Medium,0.4218750000000001,Stress_Induced
