Timestamp,Object Temperature(F),Heart Rate Ear(BPM),GSR,Feature_Mean,Weighted_Stress,QuantityIndex_Stress,StressIndex_Level,Predicted_Stress,Condition
00:00,0.0,0.12121212121212155,0.35164835164835173,0.15762015762015777,0.20066600066600082,1.1524486008085029,Low,0.20066600066600082,Base
00:30,0.033742331288344474,0.12121212121212155,0.35164835164835173,0.16886760138293924,0.20741446692366972,1.1524486008085029,Low,0.20741446692366972,Base
01:00,0.06748466257668895,0.12121212121212155,0.39560439560439553,0.19476705979773534,0.23394315296155832,1.2065318555512206,Low,0.2339431529615583,Base
01:30,0.10122699386502987,0.12121212121212155,0.3846153846153846,0.202351499897512,0.23574656427417157,1.1927776310503417,Low,0.23574656427417157,Base
02:00,0.10122699386502987,0.12121212121212155,0.32967032967032983,0.18403648158249375,0.21102128954889693,1.1263229956423455,Low,0.21102128954889696,Base
02:30,0.13803680981594724,0.12121212121212155,0.3406593406593408,0.1999694238958032,0.22332830768413534,1.1393109147140048,Low,0.22332830768413536,Base
03:00,0.1717791411042917,0.12121212121212155,0.3846153846153846,0.2258688823105993,0.24985699372202394,1.1927776310503417,Low,0.2498569937220239,Base
03:30,0.1717791411042917,0.12121212121212155,0.3626373626373627,0.218542874984592,0.23996688383191409,1.1657377809277558,Low,0.2399668838319141,Base
04:00,0.20552147239263618,0.12121212121212155,0.32967032967032983,0.2188013077583625,0.2318801852544182,1.1263229956423455,Low,0.23188018525441823,Base
04:30,0.20552147239263618,0.1818181818181821,0.32967032967032983,0.2390033279603827,0.2530923064665394,1.1416421820920952,Low,0.2530923064665394,Base
05:00,0.2392638036809771,0.1818181818181821,0.35164835164835173,0.2575767790491703,0.26973088261431744,1.1681231231771685,Low,0.26973088261431744,Base
05:30,0.2392638036809771,0.1818181818181821,0.39560439560439553,0.2722287937011849,0.28951110239453715,1.2229419675033526,Low,0.28951110239453715,Base
06:00,0.2730061349693216,0.1818181818181821,0.41758241758241743,0.2908022447899737,0.3061496785423159,1.2513086963260158,Low,0.3061496785423159,Base
06:30,0.2730061349693216,0.1818181818181821,0.4065934065934065,0.28713924112697004,0.30120462359726097,1.2370440246971781,Low,0.30120462359726097,Base
07:00,0.3098159509202425,0.1818181818181821,0.4285714285714284,0.30673518710328435,0.318456696677555,1.2657378575385836,Low,0.318456696677555,Base
07:30,0.3098159509202425,0.1818181818181821,0.4615384615384617,0.3177241980922954,0.33329186151272,1.3100313560070647,Low,0.33329186151271994,Base
08:00,0.3098159509202425,0.1818181818181821,0.4835164835164836,0.3250502054183027,0.34318197140282986,1.340418165203664,Low,0.3431819714028298,Base
08:30,0.343558282208587,0.1818181818181821,0.4285714285714284,0.3179826308660658,0.3252051629352239,1.2657378575385836,Low,0.3252051629352239,Base
09:00,0.343558282208587,0.1818181818181821,0.3406593406593408,0.2886786015620366,0.28564472337478447,1.1548067506280935,Low,0.28564472337478447,Base
09:30,0.37730061349693145,0.15151515151515182,0.2637362637362637,0.2641840095827823,0.2471717444110081,1.0582126837386836,Low,0.24717174441100812,Base
10:00,0.37730061349693145,0.15151515151515182,0.1868131868131866,0.23854298394175663,0.2125563597956234,1.006435282913359,Low,0.21255635979562346,Base
10:30,0.37730061349693145,0.15151515151515182,0.17582417582417564,0.23487998027875298,0.20761130485056847,1.006435282913359,Low,0.20761130485056853,Base
11:00,0.37730061349693145,0.15151515151515182,0.2197802197802199,0.24953199493076772,0.22739152463078838,1.0107778929511106,Low,0.2273915246307884,Base
11:30,0.4110429447852759,0.15151515151515182,0.2637362637362637,0.2754314533455638,0.253920210668677,1.0683315112978562,Low,0.25392021066867704,Base
12:00,0.44785276073619684,0.15151515151515182,0.2857142857142856,0.2950273993218781,0.271172283748971,1.1045196900013134,Low,0.27117228374897107,Base
12:30,0.4110429447852759,0.15151515151515182,0.3076923076923075,0.2900834679975784,0.2737004304488967,1.1184672355589294,Low,0.27370043044889675,Base
13:00,0.44785276073619684,0.15151515151515182,0.31868131868131844,0.30601641031088905,0.2860074485841358,1.1431714857946524,Low,0.28600744858413585,Base
13:30,0.44785276073619684,0.15151515151515182,0.2857142857142856,0.2950273993218781,0.271172283748971,1.1045196900013134,Low,0.27117228374897107,Base
14:00,0.44785276073619684,0.09090909090909127,0.23076923076923084,0.25651036080483963,0.2252348878115752,1.0429822739824075,Low,0.22523488781157525,Base
14:30,0.4815950920245413,0.09090909090909127,0.2417582417582418,0.2714208082306248,0.236928409014299,1.0650973647976036,Low,0.23692840901429907,Base
15:00,0.4815950920245413,0.09090909090909127,0.2857142857142856,0.2860728228826394,0.2567086287945187,1.1150813138134072,Low,0.2567086287945188,Base
15:30,0.4815950920245413,0.09090909090909127,0.3076923076923075,0.2933988302086467,0.2665987386846286,1.1409461627471136,Low,0.26659873868462863,Base
16:00,0.4815950920245413,0.09090909090909127,0.35164835164835173,0.3080508448606614,0.2863789584648485,1.1944896196303874,Low,0.2863789584648485,Base
16:30,0.5153374233128822,0.09090909090909127,0.3846153846153846,0.3302872996124527,0.30796258955768147,1.2481114768296817,Low,0.30796258955768147,Base
17:00,0.5153374233128822,0.09090909090909127,0.4065934065934065,0.33761330693846,0.3178526994477913,1.2770620245616895,Low,0.3178526994477913,Base
17:30,0.5153374233128822,0.09090909090909127,0.41758241758241743,0.34127631060146363,0.32279775439284625,1.2917881540011735,Low,0.32279775439284625,Base
18:00,0.5153374233128822,0.09090909090909127,0.4285714285714284,0.3449393142644673,0.3277428093379012,1.3066840942126465,Low,0.3277428093379012,Base
18:30,0.5490797546012267,0.09090909090909127,0.4065934065934065,0.3488607507012415,0.3246011657054602,1.2892735304408787,Low,0.3246011657054602,Base
19:00,0.5490797546012267,0.24242424242424265,0.39560439560439553,0.3957027975432883,0.3726864137907082,1.3756955914053322,Low,0.37268641379070827,Base
19:30,0.5490797546012267,0.24242424242424265,0.39560439560439553,0.3957027975432883,0.3726864137907082,1.3756955914053322,Low,0.37268641379070827,Base
20:00,0.5490797546012267,0.24242424242424265,0.39560439560439553,0.3957027975432883,0.3726864137907082,1.3756955914053322,Low,0.37268641379070827,Base
20:30,0.5490797546012267,0.24242424242424265,0.3846153846153846,0.39203979388028465,0.3677413588456533,1.36001293377636,Low,0.36774135884565334,Base
21:00,0.5858895705521476,0.24242424242424265,0.2637362637362637,0.36401669223755134,0.32070771764023315,1.2113774130336763,Low,0.32070771764023315,Base
21:30,0.5858895705521476,0.24242424242424265,0.1868131868131866,0.3383756665965256,0.28609233302484843,1.1521057988967227,Low,0.2860923330248485,Base
22:00,0.5858895705521476,0.24242424242424265,0.20879120879120894,0.3457016739225331,0.2959824429149585,1.1521057988967227,Low,0.2959824429149585,Base
22:30,0.5858895705521476,0.24242424242424265,0.19780219780219754,0.3420386702595293,0.29103738796990336,1.1521057988967227,Low,0.2910373879699034,Base
23:00,0.5858895705521476,0.24242424242424265,0.15384615384615374,0.3273866556075147,0.27125716818968365,1.1521057988967227,Low,0.2712571681896837,Base
23:30,0.5858895705521476,0.27272727272727293,0.13186813186813184,0.3301616583825175,0.27197311890563436,1.1888775538985672,Low,0.2719731189056344,Base
24:00,0.5858895705521476,0.27272727272727293,0.1208791208791209,0.32649865471951384,0.26702806396057943,1.1888775538985672,Low,0.2670280639605795,Base
24:30,0.5858895705521476,0.27272727272727293,0.13186813186813184,0.3301616583825175,0.27197311890563436,1.1888775538985672,Low,0.2719731189056344,Base
25:00,0.6196319018404921,0.27272727272727293,0.13186813186813184,0.34140910214529896,0.27872158516330325,1.2002458233794888,Low,0.2787215851633033,Base
25:30,0.5858895705521476,0.27272727272727293,0.0659340659340657,0.3081836364044954,0.24230278923530463,1.1888775538985672,Low,0.24230278923530468,Base
26:00,0.6196319018404921,0.27272727272727293,0.05494505494505497,0.31576807650427335,0.24410620054791868,1.2002458233794888,Low,0.24410620054791876,Base
26:30,0.6196319018404921,0.27272727272727293,0.10989010989010994,0.33408309481929166,0.2688314752731934,1.2002458233794888,Low,0.26883147527319345,Base
27:00,0.6196319018404921,0.27272727272727293,0.1428571428571428,0.3450721058083026,0.28366664010835824,1.2002458233794888,Low,0.28366664010835824,Base
27:30,0.6196319018404921,0.36363636363636376,0.1208791208791209,0.3680491287853256,0.3055947120364301,1.3188776192445024,Low,0.3055947120364302,Base
28:00,0.6196319018404921,0.36363636363636376,0.0659340659340657,0.34973411047030717,0.2808694373111553,1.3188776192445024,Low,0.2808694373111554,Base
28:30,0.6196319018404921,0.36363636363636376,0.0659340659340657,0.34973411047030717,0.2808694373111553,1.3188776192445024,Low,0.2808694373111554,Base
29:00,0.6196319018404921,0.36363636363636376,0.1208791208791209,0.3680491287853256,0.3055947120364301,1.3188776192445024,Low,0.3055947120364302,Base
29:30,0.6196319018404921,0.36363636363636376,0.1648351648351647,0.3827011434373402,0.3253749318166499,1.3188776192445024,Low,0.3253749318166499,Base
30:00,0.6196319018404921,0.36363636363636376,0.1648351648351647,0.3827011434373402,0.3253749318166499,1.3188776192445024,Low,0.3253749318166499,Base
30:30,0.6196319018404921,0.36363636363636376,0.1648351648351647,0.3827011434373402,0.3253749318166499,1.3188776192445024,Low,0.3253749318166499,Base
31:00,0.6196319018404921,0.36363636363636376,0.15384615384615374,0.37903813977433654,0.32042987687159497,1.3188776192445024,Low,0.32042987687159497,Base
31:30,0.6533742331288366,0.36363636363636376,0.1428571428571428,0.38662257987411436,0.32223328818420893,1.3314889736592288,Low,0.322233288184209,Base
32:00,0.6533742331288366,0.48484848484848486,0.1648351648351647,0.43435262760416204,0.37454764049856115,1.5097903128425918,Medium,0.3745476404985612,Base
32:30,0.6533742331288366,0.48484848484848486,0.19780219780219754,0.445341638593173,0.38938280533372593,1.5097903128425918,Medium,0.389382805333726,Base
33:00,0.6533742331288366,0.48484848484848486,0.1868131868131866,0.44167863493016934,0.384437750388671,1.5097903128425918,Medium,0.38443775038867106,Base
33:30,0.6533742331288366,0.48484848484848486,0.1648351648351647,0.43435262760416204,0.37454764049856115,1.5097903128425918,Medium,0.3745476404985612,Base
34:00,0.6533742331288366,0.48484848484848486,0.1648351648351647,0.43435262760416204,0.37454764049856115,1.5097903128425918,Medium,0.3745476404985612,Base
34:30,0.6533742331288366,0.48484848484848486,0.19780219780219754,0.445341638593173,0.38938280533372593,1.5097903128425918,Medium,0.389382805333726,Base
35:00,0.6533742331288366,0.48484848484848486,0.23076923076923084,0.4563306495821841,0.40421797016889083,1.533789720134292,Medium,0.4042179701688909,Base
35:30,0.6533742331288366,0.48484848484848486,0.25274725274725274,0.4636566569081914,0.4141080800590007,1.569366712516736,Medium,0.41410808005900074,Base
36:00,0.6533742331288366,0.48484848484848486,0.2637362637362637,0.46731966057119506,0.4190531350040556,1.587463482213158,Medium,0.41905313500405567,Base
36:30,0.6533742331288366,0.48484848484848486,0.2417582417582418,0.45999365324518776,0.40916302511394576,1.5514762424153066,Medium,0.4091630251139458,Base
37:00,0.6901840490797575,0.48484848484848486,0.23076923076923084,0.46860058823249107,0.41157993335907506,1.5497963460155713,Medium,0.4115799333590751,Base
37:30,0.6901840490797575,0.48484848484848486,0.2417582417582418,0.4722635918954947,0.41652498830413,1.5676674448011592,Medium,0.41652498830413004,Base
38:00,0.6901840490797575,0.48484848484848486,0.23076923076923084,0.46860058823249107,0.41157993335907506,1.5497963460155713,Medium,0.4115799333590751,Base
38:30,0.6901840490797575,0.48484848484848486,0.19780219780219754,0.45761157724347995,0.3967447685239101,1.5255464809662997,Medium,0.3967447685239101,Base
39:00,0.6901840490797575,0.48484848484848486,0.19780219780219754,0.45761157724347995,0.3967447685239101,1.5255464809662997,Medium,0.3967447685239101,Base
39:30,0.6901840490797575,0.48484848484848486,0.20879120879120894,0.46127458090648377,0.4016898234689652,1.5255464809662997,Medium,0.40168982346896526,Base
40:00,0.6901840490797575,0.48484848484848486,0.20879120879120894,0.46127458090648377,0.4016898234689652,1.5255464809662997,Medium,0.40168982346896526,Base
40:30,0.6901840490797575,0.48484848484848486,0.1868131868131866,0.4539485735804763,0.3917997135788552,1.5255464809662997,Medium,0.3917997135788552,Base
41:00,0.6901840490797575,0.48484848484848486,0.1868131868131866,0.4539485735804763,0.3917997135788552,1.5255464809662997,Medium,0.3917997135788552,Base
41:30,0.6901840490797575,0.48484848484848486,0.19780219780219754,0.45761157724347995,0.3967447685239101,1.5255464809662997,Medium,0.3967447685239101,Base
42:00,0.6901840490797575,0.48484848484848486,0.23076923076923084,0.46860058823249107,0.41157993335907506,1.5497963460155713,Medium,0.4115799333590751,Base
42:30,0.6901840490797575,0.48484848484848486,0.2197802197802199,0.4649375845694874,0.40663487841402013,1.5321289742212298,Medium,0.4066348784140202,Base
43:00,0.723926380368102,0.48484848484848486,0.19780219780219754,0.4688590210062615,0.403493234781579,1.5401340416822251,Medium,0.403493234781579,Base
43:30,0.6901840490797575,0.48484848484848486,0.19780219780219754,0.45761157724347995,0.3967447685239101,1.5255464809662997,Medium,0.3967447685239101,Base
44:00,0.723926380368102,0.48484848484848486,0.19780219780219754,0.4688590210062615,0.403493234781579,1.5401340416822251,Medium,0.403493234781579,Base
44:30,0.6901840490797575,0.5151515151515156,0.20879120879120894,0.471375591007494,0.412295884075026,1.5599612361898911,Medium,0.412295884075026,Base
45:00,0.6901840490797575,0.5151515151515156,0.20879120879120894,0.471375591007494,0.412295884075026,1.5599612361898911,Medium,0.412295884075026,Base
45:30,0.723926380368102,0.5151515151515156,0.19780219780219754,0.4789600311072717,0.41409929538763973,1.574877877230547,Medium,0.41409929538763984,Base
46:00,0.723926380368102,0.5151515151515156,0.1868131868131866,0.47529702744426805,0.4091542404425848,1.574877877230547,Medium,0.4091542404425849,Base
46:30,0.723926380368102,0.5151515151515156,0.1868131868131866,0.47529702744426805,0.4091542404425848,1.574877877230547,Medium,0.4091542404425849,Base
47:00,0.723926380368102,0.5151515151515156,0.19780219780219754,0.4789600311072717,0.41409929538763973,1.574877877230547,Medium,0.41409929538763984,Base
47:30,0.723926380368102,0.5151515151515156,0.1868131868131866,0.47529702744426805,0.4091542404425848,1.574877877230547,Medium,0.4091542404425849,Base
48:00,0.723926380368102,0.5151515151515156,0.098901098901099,0.44599299814023885,0.3695938008821454,1.574877877230547,Medium,0.3695938008821455,Base
48:30,0.723926380368102,0.6060606060606064,0.0,0.4433289954762361,0.3569064881948326,1.574877877230547,Medium,0.3569064881948327,Base
49:00,0.723926380368102,0.6060606060606064,0.03296703296703285,0.45431800646524706,0.3717416530299974,1.574877877230547,Medium,0.3717416530299975,Base
49:30,0.723926380368102,0.6060606060606064,0.08791208791208804,0.4726330247802655,0.39646692775527226,1.574877877230547,Medium,0.3964669277552723,Base
50:00,0.723926380368102,0.6060606060606064,0.10989010989010994,0.4799590321062728,0.4063570376453821,1.574877877230547,Medium,0.40635703764538217,Base
50:30,0.723926380368102,0.6060606060606064,0.13186813186813184,0.4872850394322801,0.41624714753549197,1.574877877230547,Medium,0.416247147535492,Base
51:00,0.723926380368102,0.6060606060606064,0.15384615384615374,0.4946110467582874,0.4261372574256018,1.574877877230547,Medium,0.4261372574256019,Base
51:30,0.723926380368102,0.6060606060606064,0.1428571428571428,0.4909480430952837,0.4211922024805469,1.574877877230547,Medium,0.42119220248054695,Base
52:00,0.723926380368102,0.6060606060606064,0.1208791208791209,0.4836220357692764,0.41130209259043704,1.574877877230547,Medium,0.4113020925904371,Base
52:30,0.7576687116564429,0.48484848484848486,0.13186813186813184,0.4581284427910199,0.3805713713689176,1.5548610913814713,Medium,0.38057137136891767,Base
53:00,0.7576687116564429,0.48484848484848486,0.15384615384615374,0.4654544501170272,0.39046148125902747,1.5548610913814713,Medium,0.3904614812590275,Base
53:30,0.723926380368102,0.48484848484848486,0.1648351648351647,0.45787001001725053,0.3886580699464142,1.5401340416822251,Medium,0.3886580699464142,Base
54:00,0.723926380368102,0.48484848484848486,0.17582417582417564,0.4615330136802542,0.39360312489146915,1.5401340416822251,Medium,0.39360312489146915,Base
54:30,0.723926380368102,0.48484848484848486,0.1868131868131866,0.46519601734325783,0.3985481798365241,1.5401340416822251,Medium,0.3985481798365241,Base
55:00,0.7576687116564429,0.48484848484848486,0.19780219780219754,0.4801064647690418,0.4102417010392472,1.5548610913814713,Medium,0.41024170103924723,Base
55:30,0.7576687116564429,0.48484848484848486,0.20879120879120894,0.48376946843204555,0.41518675598430227,1.5548610913814713,Medium,0.4151867559843023,Base
56:00,0.7576687116564429,0.48484848484848486,0.20879120879120894,0.48376946843204555,0.41518675598430227,1.5548610913814713,Medium,0.4151867559843023,Base
56:30,0.7576687116564429,0.48484848484848486,0.20879120879120894,0.48376946843204555,0.41518675598430227,1.5548610913814713,Medium,0.4151867559843023,Base
57:00,0.7576687116564429,0.3333333333333335,0.2197802197802199,0.43692742158999875,0.36710150789905427,1.3345586112073582,Low,0.3671015078990543,Base
57:30,0.7576687116564429,0.3333333333333335,0.23076923076923084,0.4405904252530024,0.3720465628441092,1.349947748520374,Low,0.37204656284410925,Base
58:00,0.7576687116564429,0.3333333333333335,0.20879120879120894,0.4332644179269951,0.36215645295399934,1.3288249404757237,Low,0.3621564529539994,Base
58:30,0.7576687116564429,0.3333333333333335,0.17582417582417564,0.422275406937984,0.34732128811883434,1.3288249404757237,Low,0.3473212881188344,Base
59:00,0.7576687116564429,0.3333333333333335,0.1868131868131866,0.42593841060098764,0.35226634306388926,1.3288249404757237,Low,0.3522663430638893,Base
59:30,0.7576687116564429,0.3333333333333335,0.20879120879120894,0.4332644179269951,0.36215645295399934,1.3288249404757237,Low,0.3621564529539994,Base
60:00,0.7576687116564429,0.3333333333333335,0.23076923076923084,0.4405904252530024,0.3720465628441092,1.349947748520374,Low,0.37204656284410925,Base
60:30,0.7576687116564429,0.3333333333333335,0.25274725274725274,0.4479164325790097,0.38193667273421905,1.3812604376950033,Medium,0.3819366727342191,Base
61:00,0.7576687116564429,0.3333333333333335,0.25274725274725274,0.4479164325790097,0.38193667273421905,1.3812604376950033,Medium,0.3819366727342191,Base
61:30,0.7914110429447874,0.3333333333333335,0.2637362637362637,0.4628268800047948,0.3936301939369429,1.4105482796661104,Medium,0.39363019393694293,Base
62:00,0.7914110429447874,0.3333333333333335,0.27472527472527464,0.4664898836677985,0.3985752488819978,1.4268136733177101,Medium,0.39857524888199786,Base
62:30,0.7914110429447874,0.3333333333333335,0.27472527472527464,0.4664898836677985,0.3985752488819978,1.4268136733177101,Medium,0.39857524888199786,Base
63:00,0.7914110429447874,0.3333333333333335,0.2637362637362637,0.4628268800047948,0.3936301939369429,1.4105482796661104,Medium,0.39363019393694293,Base
63:30,0.7914110429447874,0.3333333333333335,0.25274725274725274,0.4591638763417912,0.38868513899188795,1.3944683082848386,Medium,0.388685138991888,Base
64:00,0.7914110429447874,0.3333333333333335,0.2417582417582418,0.4555008726787875,0.383740084046833,1.3785716453966896,Medium,0.3837400840468331,Base
64:30,0.7914110429447874,0.3333333333333335,0.23076923076923084,0.4518378690157839,0.3787950291017781,1.3628562013211003,Low,0.37879502910177815,Base
65:00,0.8282208588957047,0.3333333333333335,0.2417582417582418,0.4677708113290933,0.39110204723701647,1.3929584158181723,Medium,0.3911020472370165,Base
65:30,0.8282208588957047,0.4242424242424243,0.2637362637362637,0.505399848958131,0.43281033894530807,1.566141726918974,Medium,0.43281033894530824,Base
66:00,0.8282208588957047,0.4242424242424243,0.27472527472527464,0.5090628526211346,0.437755393890363,1.5842013084800979,Medium,0.43775539389036316,Base
66:30,0.8282208588957047,0.4242424242424243,0.2857142857142856,0.5127258562841382,0.4427004488354179,1.6024691397037887,Medium,0.4427004488354181,Base
67:00,0.8282208588957047,0.4242424242424243,0.29670329670329654,0.5163888599471419,0.44764550378047285,1.6209476219702676,Medium,0.447645503780473,Base
67:30,0.8282208588957047,0.4242424242424243,0.29670329670329654,0.5163888599471419,0.44764550378047285,1.6209476219702676,Medium,0.447645503780473,Base
68:00,0.8282208588957047,0.4242424242424243,0.27472527472527464,0.5090628526211346,0.437755393890363,1.5842013084800979,Medium,0.43775539389036316,Base
68:30,0.8282208588957047,0.4242424242424243,0.23076923076923084,0.49441083796911994,0.4179751741101433,1.5131888751688094,Medium,0.41797517411014345,Base
69:00,0.8619631901840492,0.4242424242424243,0.2197802197802199,0.5019952780688978,0.41977858542275726,1.5102432680389641,Medium,0.41977858542275737,Base
69:30,0.8619631901840492,0.4242424242424243,0.2417582417582418,0.5093212853949051,0.4296686953128671,1.5452740891074188,Medium,0.4296686953128673,Base
70:00,0.8619631901840492,0.4545454545454546,0.25274725274725274,0.5230852991589189,0.44521981086398266,1.6129822733223471,Medium,0.4452198108639827,Base
70:30,0.8619631901840492,0.4545454545454546,0.2417582417582418,0.5194222954959152,0.44027475591892773,1.594594594454906,Medium,0.4402747559189278,Base
71:00,0.8619631901840492,0.4545454545454546,0.2417582417582418,0.5194222954959152,0.44027475591892773,1.594594594454906,Medium,0.4402747559189278,Base
71:30,0.8619631901840492,0.4545454545454546,0.25274725274725274,0.5230852991589189,0.44521981086398266,1.6129822733223471,Medium,0.4452198108639827,Base
72:00,0.8957055214723901,0.4545454545454546,0.27472527472527464,0.5416587502477065,0.46185838701176074,1.6661775720123717,Medium,0.4618583870117608,Base
72:30,0.8957055214723901,0.4545454545454546,0.29670329670329654,0.5489847575737138,0.4717484969018706,1.7048253644764477,Medium,0.47174849690187065,Base
73:00,0.8957055214723901,0.4545454545454546,0.3076923076923075,0.5526477612367174,0.4766935518469255,1.7244841425985302,Medium,0.4766935518469256,Base
73:30,0.8957055214723901,0.4545454545454546,0.3076923076923075,0.5526477612367174,0.4766935518469255,1.7244841425985302,Medium,0.4766935518469256,Base
74:00,0.8957055214723901,0.39393939393939403,0.3076923076923075,0.5324457410346972,0.45548143063480434,1.619457947233454,Medium,0.45548143063480434,Base
74:30,0.8957055214723901,0.39393939393939403,0.3076923076923075,0.5324457410346972,0.45548143063480434,1.619457947233454,Medium,0.45548143063480434,Base
75:00,0.8957055214723901,0.39393939393939403,0.31868131868131844,0.5361087446977009,0.46042648557985927,1.6381323317927678,Medium,0.46042648557985927,Base
75:30,0.9294478527607346,0.39393939393939403,0.32967032967032983,0.5510191921234862,0.47212000678258326,1.6728668102097215,Medium,0.4721200067825833,Base
76:00,0.8957055214723901,0.39393939393939403,0.32967032967032983,0.5397717483607046,0.46537154052491436,1.6570220554655588,Medium,0.4653715405249144,Base
76:30,0.9294478527607346,0.39393939393939403,0.32967032967032983,0.5510191921234862,0.47212000678258326,1.6728668102097215,Medium,0.4721200067825833,Base
77:00,0.9294478527607346,0.39393939393939403,0.3406593406593408,0.5546821957864898,0.4770650617276382,1.6921570660534972,Medium,0.47706506172763824,Base
77:30,0.9294478527607346,0.39393939393939403,0.3406593406593408,0.5546821957864898,0.4770650617276382,1.6921570660534972,Medium,0.47706506172763824,Base
78:00,0.9294478527607346,0.39393939393939403,0.35164835164835173,0.5583451994494935,0.4820101166726931,1.711669762780341,Medium,0.48201011667269317,Base
78:30,0.9294478527607346,0.39393939393939403,0.3626373626373627,0.5620082031124971,0.48695517161774804,1.731407465413074,Medium,0.4869551716177481,Base
79:00,0.9294478527607346,0.27272727272727293,0.37362637362637363,0.5252671663714604,0.4494759841385606,1.5445413248838018,Medium,0.44947598413856066,Base
79:30,0.9294478527607346,0.27272727272727293,0.3846153846153846,0.5289301700344641,0.45442103908361553,1.562351826674173,Medium,0.4544210390836155,Base
80:00,0.9294478527607346,0.27272727272727293,0.3846153846153846,0.5289301700344641,0.45442103908361553,1.562351826674173,Medium,0.4544210390836155,Base
80:30,0.9294478527607346,0.27272727272727293,0.3626373626373627,0.5216041627084568,0.4445309291935057,1.5269338592909176,Medium,0.44453092919350573,Base
81:00,0.9631901840490791,0.27272727272727293,0.3406593406593408,0.5255255991452309,0.4413892855610647,1.506588636256367,Medium,0.44138928556106477,Base
81:30,0.9631901840490791,0.27272727272727293,0.3406593406593408,0.5255255991452309,0.4413892855610647,1.506588636256367,Medium,0.44138928556106477,Base
82:00,0.9631901840490791,0.27272727272727293,0.3406593406593408,0.5255255991452309,0.4413892855610647,1.506588636256367,Medium,0.44138928556106477,Base
82:30,0.9631901840490791,0.27272727272727293,0.35164835164835173,0.5291886028082345,0.44633434050611964,1.5239614958691816,Medium,0.4463343405061197,Base
83:00,0.9631901840490791,0.27272727272727293,0.37362637362637363,0.5365146101342418,0.4562244503962295,1.5593105178491495,Medium,0.45622445039622955,Base
83:30,0.9631901840490791,0.3030303030303032,0.3846153846153846,0.5502786238982557,0.47177556594734504,1.6276337263563143,Medium,0.47177556594734504,Base
84:00,0.9631901840490791,0.3030303030303032,0.3846153846153846,0.5502786238982557,0.47177556594734504,1.6276337263563143,Medium,0.47177556594734504,Base
84:30,0.9631901840490791,0.3030303030303032,0.32967032967032983,0.5319636055832374,0.4470502912220704,1.5369514373469877,Medium,0.44705029122207046,Base
85:00,0.9631901840490791,0.3030303030303032,0.2637362637362637,0.5099855836052153,0.4173799615517406,1.434776660976422,Medium,0.4173799615517407,Base
85:30,0.9631901840490791,0.3030303030303032,0.2637362637362637,0.5099855836052153,0.4173799615517406,1.434776660976422,Medium,0.4173799615517407,Base
86:00,1.0,0.3030303030303032,0.29670329670329654,0.5332445332445332,0.4395770895770896,1.5004828446717622,Medium,0.43957708957708963,Base
86:30,1.0,0.3030303030303032,0.32967032967032983,0.5442335442335443,0.4544122544122546,1.5529910589015994,Medium,0.45441225441225463,Base
87:00,1.0,0.3030303030303032,0.3406593406593408,0.547896547896548,0.4593573093573095,1.5708989967400888,Medium,0.45935730935730956,Base
87:30,1.0,0.4242424242424243,0.3406593406593408,0.5883005883005884,0.5017815517815518,1.7812600289240808,Medium,0.5017815517815518,Base
88:00,1.0,0.4242424242424243,0.3406593406593408,0.5883005883005884,0.5017815517815518,1.7812600289240808,Medium,0.5017815517815518,Base
88:30,1.0,0.4242424242424243,0.35164835164835173,0.591963591963592,0.5067266067266067,1.8018001947475206,Medium,0.5067266067266067,Base
89:00,1.0,0.4242424242424243,0.37362637362637363,0.5992895992895994,0.5166167166167166,1.8435938193635508,Medium,0.5166167166167166,Base
89:30,1.0,0.4242424242424243,0.3846153846153846,0.602952602952603,0.5215617715617715,1.8648527720969534,Medium,0.5215617715617715,Base
90:00,1.0,0.4242424242424243,0.39560439560439553,0.6066156066156067,0.5265068265068265,1.8863568672617175,Medium,0.5265068265068265,Base
90:30,1.0,0.4242424242424243,0.4065934065934065,0.6102786102786103,0.5314518814518814,1.9081089316580335,Medium,0.5314518814518814,Base
91:00,1.0,0.4242424242424243,0.39560439560439553,0.6066156066156067,0.5265068265068265,1.8863568672617175,Medium,0.5265068265068265,Base
91:30,1.0,0.4242424242424243,0.37362637362637363,0.5992895992895994,0.5166167166167166,1.8435938193635508,Medium,0.5166167166167166,Base
92:00,1.0,0.4242424242424243,0.35164835164835173,0.591963591963592,0.5067266067266067,1.8018001947475206,Medium,0.5067266067266067,Base
92:30,1.0,0.4242424242424243,0.3626373626373627,0.5956265956265957,0.5116716616716617,1.822577214486281,Medium,0.5116716616716617,Base
93:00,1.0,0.4242424242424243,0.35164835164835173,0.591963591963592,0.5067266067266067,1.8018001947475206,Medium,0.5067266067266067,Base
93:30,1.0,0.4242424242424243,0.3406593406593408,0.5883005883005884,0.5017815517815518,1.7812600289240808,Medium,0.5017815517815518,Base
94:00,1.0,0.4242424242424243,0.3626373626373627,0.5956265956265957,0.5116716616716617,1.822577214486281,Medium,0.5116716616716617,Base
94:30,1.0,0.4242424242424243,0.3846153846153846,0.602952602952603,0.5215617715617715,1.8648527720969534,Medium,0.5215617715617715,Base
95:00,1.0,0.4242424242424243,0.4065934065934065,0.6102786102786103,0.5314518814518814,1.9081089316580335,Medium,0.5314518814518814,Base
95:30,1.0,0.4242424242424243,0.41758241758241743,0.613941613941614,0.5363969363969363,1.9301118246826505,Medium,0.5363969363969363,Base
96:00,1.0,0.4242424242424243,0.4285714285714284,0.6176046176046176,0.5413419913419912,1.952368438704754,High,0.5413419913419912,Base
96:30,1.0,0.3030303030303032,0.43956043956043933,0.5808635808635808,0.5038628038628039,1.7416545759544408,Medium,0.5038628038628039,Base
97:00,1.0,0.3030303030303032,0.4285714285714284,0.5772005772005772,0.4989177489177489,1.7218000582884183,Medium,0.4989177489177489,Base
97:30,1.0,0.3030303030303032,0.41758241758241743,0.5735375735375735,0.493972693972694,1.7021718781965582,Medium,0.493972693972694,Base
98:00,1.0,0.3030303030303032,0.41758241758241743,0.5735375735375735,0.493972693972694,1.7021718781965582,Medium,0.493972693972694,Base
98:30,1.0,0.3030303030303032,0.41758241758241743,0.5735375735375735,0.493972693972694,1.7021718781965582,Medium,0.493972693972694,Base
99:00,1.0,0.3030303030303032,0.4285714285714284,0.5772005772005772,0.4989177489177489,1.7218000582884183,Medium,0.4989177489177489,Base
99:30,1.0,0.3030303030303032,0.43956043956043933,0.5808635808635808,0.5038628038628039,1.7416545759544408,Medium,0.5038628038628039,Base
100:00,1.0,0.3030303030303032,0.4505494505494503,0.5845265845265845,0.5088078588078588,1.76173804115119,Medium,0.5088078588078588,Base
100:30,1.0,0.39393939393939403,0.4615384615384617,0.6184926184926186,0.5455710955710957,1.9581904774088215,High,0.5455710955710957,Base
101:00,1.0,0.39393939393939403,0.4615384615384617,0.6184926184926186,0.5455710955710957,1.9581904774088215,High,0.5455710955710957,Base
101:30,1.0,0.39393939393939403,0.43956043956043933,0.6111666111666111,0.5356809856809857,1.9137989867887433,Medium,0.5356809856809857,Base
102:00,1.0,0.39393939393939403,0.41758241758241743,0.6038406038406038,0.5257908757908758,1.8704138356755766,Medium,0.5257908757908758,Base
102:30,1.0,0.39393939393939403,0.4285714285714284,0.6075036075036074,0.5307359307359307,1.8919820568894319,Medium,0.5307359307359307,Base
103:00,1.0,0.39393939393939403,0.43956043956043933,0.6111666111666111,0.5356809856809857,1.9137989867887433,Medium,0.5356809856809857,Base
103:30,1.0,0.39393939393939403,0.41758241758241743,0.6038406038406038,0.5257908757908758,1.8704138356755766,Medium,0.5257908757908758,Base
104:00,1.0,0.39393939393939403,0.4065934065934065,0.6001776001776001,0.5208458208458209,1.8490914879173577,Medium,0.5208458208458209,Base
104:30,1.0,0.39393939393939403,0.41758241758241743,0.6038406038406038,0.5257908757908758,1.8704138356755766,Medium,0.5257908757908758,Base
105:00,1.0,0.48484848484848486,0.4285714285714284,0.6378066378066377,0.5625541125541125,2.0789847731506743,High,0.5625541125541125,Base
105:30,1.0,0.48484848484848486,0.4285714285714284,0.6378066378066377,0.5625541125541125,2.0789847731506743,High,0.5625541125541125,Base
106:00,1.0,0.48484848484848486,0.41758241758241743,0.6341436341436341,0.5576090576090575,2.055284757960641,High,0.5576090576090575,Base
106:30,1.0,0.48484848484848486,0.41758241758241743,0.6341436341436341,0.5576090576090575,2.055284757960641,High,0.5576090576090575,Base
107:00,1.0,0.48484848484848486,0.39560439560439553,0.6268176268176268,0.5477189477189477,2.008692174089368,High,0.5477189477189477,Base
107:30,1.0,0.48484848484848486,0.37362637362637363,0.6194916194916195,0.5378288378288378,1.963155827736227,High,0.5378288378288378,Base
108:00,1.0,0.48484848484848486,0.39560439560439553,0.6268176268176268,0.5477189477189477,2.008692174089368,High,0.5477189477189477,Base
108:30,1.0,0.48484848484848486,0.41758241758241743,0.6341436341436341,0.5576090576090575,2.055284757960641,High,0.5576090576090575,Base
109:00,1.0,0.48484848484848486,0.41758241758241743,0.6341436341436341,0.5576090576090575,2.055284757960641,High,0.5576090576090575,Base
109:30,1.0,0.21212121212121238,0.4285714285714284,0.5468975468975469,0.4670995670995671,1.5669257696851684,Medium,0.4670995670995672,Base
110:00,1.0,0.21212121212121238,0.43956043956043933,0.5505605505605505,0.47204462204462205,1.5849943922443324,Medium,0.4720446220446221,Base
110:30,1.0,0.21212121212121238,0.41758241758241743,0.5432345432345432,0.4621545121545122,1.5490631258491991,Medium,0.46215451215451225,Base
111:00,1.0,0.21212121212121238,0.3846153846153846,0.5322455322455323,0.4473193473193474,1.4966877190486225,Medium,0.44731934731934747,Base
111:30,1.0,0.21212121212121238,0.3846153846153846,0.5322455322455323,0.4473193473193474,1.4966877190486225,Medium,0.44731934731934747,Base
112:00,1.0,0.21212121212121238,0.39560439560439553,0.5359085359085359,0.45226440226440234,1.5139464086481045,Medium,0.4522644022644024,Base
112:30,1.0,0.21212121212121238,0.41758241758241743,0.5432345432345432,0.4621545121545122,1.5490631258491991,Medium,0.46215451215451225,Base
113:00,1.0,0.21212121212121238,0.4285714285714284,0.5468975468975469,0.4670995670995671,1.5669257696851684,Medium,0.4670995670995672,Base
113:30,1.0,0.21212121212121238,0.4285714285714284,0.5468975468975469,0.4670995670995671,1.5669257696851684,Medium,0.4670995670995672,Base
114:00,1.0,0.3333333333333335,0.4285714285714284,0.5873015873015873,0.5095238095238095,1.776754742108406,Medium,0.5095238095238095,Base
114:30,1.0,0.3333333333333335,0.41758241758241743,0.5836385836385837,0.5045787545787546,1.756500089491053,Medium,0.5045787545787546,Base
115:00,1.0,0.3333333333333335,0.41758241758241743,0.5836385836385837,0.5045787545787546,1.756500089491053,Medium,0.5045787545787546,Base
115:30,1.0,0.3333333333333335,0.4285714285714284,0.5873015873015873,0.5095238095238095,1.776754742108406,Medium,0.5095238095238095,Base
116:00,1.0,0.3333333333333335,0.43956043956043933,0.590964590964591,0.5144688644688644,1.7972429563151402,Medium,0.5144688644688644,Base
116:30,1.0,0.3333333333333335,0.4505494505494503,0.5946275946275946,0.5194139194139193,1.8179674253697904,Medium,0.5194139194139193,Base
117:00,1.0,0.3333333333333335,0.4505494505494503,0.5946275946275946,0.5194139194139193,1.8179674253697904,Medium,0.5194139194139193,Base
117:30,1.0,0.3333333333333335,0.4615384615384617,0.5982905982905984,0.5243589743589745,1.838930873587547,Medium,0.5243589743589745,Base
118:00,1.0,0.3333333333333335,0.4615384615384617,0.5982905982905984,0.5243589743589745,1.838930873587547,Medium,0.5243589743589745,Base
118:30,0.9631901840490791,0.36363636363636376,0.4725274725274726,0.5997846734043052,0.5325481267199058,1.8996809440591185,Medium,0.5325481267199059,Base
119:00,1.0,0.36363636363636376,0.4725274725274726,0.6120546120546121,0.5399100899100899,1.9195060098854086,Medium,0.5399100899100899,Base
119:30,1.0,0.36363636363636376,0.4725274725274726,0.6120546120546121,0.5399100899100899,1.9195060098854086,Medium,0.5399100899100899,Base
120:00,1.0,0.36363636363636376,0.4725274725274726,0.6120546120546121,0.5399100899100899,1.9195060098854086,Medium,0.5399100899100899,Base
120:30,0.9631901840490791,0.36363636363636376,0.4725274725274726,0.5997846734043052,0.5325481267199058,1.8996809440591185,Medium,0.5325481267199059,Base
121:00,1.0,0.36363636363636376,0.4835164835164836,0.6157176157176157,0.5448551448551449,1.941640325539452,Medium,0.5448551448551449,Base
121:30,1.0,0.36363636363636376,0.4835164835164836,0.6157176157176157,0.5448551448551449,1.941640325539452,Medium,0.5448551448551449,Base
122:00,0.9631901840490791,0.36363636363636376,0.4945054945054945,0.6071106807303125,0.5424382366100157,1.94374495986824,Medium,0.5424382366100158,Base
122:30,0.9631901840490791,0.36363636363636376,0.5054945054945055,0.6107736843933161,0.5473832915550706,1.9661587810655219,High,0.5473832915550707,Base
123:00,0.9631901840490791,0.3030303030303032,0.5054945054945055,0.5905716641912959,0.5261711703429495,1.8464138839348432,Medium,0.5261711703429495,Base
123:30,1.0,0.3030303030303032,0.5164835164835164,0.6065046065046066,0.5384781884781885,1.88719672421594,Medium,0.5384781884781886,Base
124:00,0.9631901840490791,0.3030303030303032,0.5164835164835164,0.5942346678542996,0.5311162252880044,1.8677053555554304,Medium,0.5311162252880044,Base
124:30,0.9631901840490791,0.3030303030303032,0.5274725274725274,0.5978976715173032,0.5360612802330593,1.8892423445909996,Medium,0.5360612802330593,Base
125:00,0.9631901840490791,0.3030303030303032,0.5384615384615383,0.6015606751803069,0.5410063351781143,1.9110276821657741,Medium,0.5410063351781143,Base
125:30,0.9631901840490791,0.3030303030303032,0.5384615384615383,0.6015606751803069,0.5410063351781143,1.9110276821657741,Medium,0.5410063351781143,Base
126:00,0.9631901840490791,0.3030303030303032,0.5494505494505493,0.6052236788433105,0.5459513901231692,1.9330642320503966,Medium,0.5459513901231692,Base
126:30,1.0,0.3030303030303032,0.5384615384615383,0.6138306138306139,0.5483682983682984,1.9309711625240316,Medium,0.5483682983682985,Base
127:00,0.9631901840490791,0.3030303030303032,0.5274725274725274,0.5978976715173032,0.5360612802330593,1.8892423445909996,Medium,0.5360612802330593,Base
127:30,0.9631901840490791,0.1818181818181821,0.5274725274725274,0.5574936311132629,0.4936370378088169,1.6661289511501107,Medium,0.4936370378088169,Base
128:00,0.9631901840490791,0.1818181818181821,0.5274725274725274,0.5574936311132629,0.4936370378088169,1.6661289511501107,Medium,0.4936370378088169,Base
128:30,0.9631901840490791,0.1818181818181821,0.5164835164835164,0.5538306274502592,0.488691982863762,1.6471354106678637,Medium,0.488691982863762,Base
129:00,0.9631901840490791,0.1818181818181821,0.5164835164835164,0.5538306274502592,0.488691982863762,1.6471354106678637,Medium,0.488691982863762,Base
129:30,0.9631901840490791,0.1818181818181821,0.4945054945054945,0.5465046201242519,0.4788018729736521,1.609795429202213,Medium,0.4788018729736521,Base
130:00,0.9631901840490791,0.1818181818181821,0.4835164835164836,0.5428416164612483,0.4738568180285972,1.5914440797273826,Medium,0.4738568180285972,Base
130:30,0.9631901840490791,0.1818181818181821,0.4945054945054945,0.5465046201242519,0.4788018729736521,1.609795429202213,Medium,0.4788018729736521,Base
131:00,0.9631901840490791,0.1818181818181821,0.5054945054945055,0.5501676237872556,0.48374692791870705,1.628358392790186,Medium,0.48374692791870705,Base
131:30,0.9631901840490791,0.1818181818181821,0.4945054945054945,0.5465046201242519,0.4788018729736521,1.609795429202213,Medium,0.4788018729736521,Base
132:00,0.9631901840490791,0.5454545454545459,0.4725274725274726,0.6603907340103659,0.5961844903562695,2.20266316239633,High,0.5961844903562696,Base
132:30,0.9631901840490791,0.5454545454545459,0.4505494505494503,0.6530647266843584,0.5862943804661596,2.15272956183971,High,0.5862943804661596,Base
133:00,0.9631901840490791,0.5454545454545459,0.4725274725274726,0.6603907340103659,0.5961844903562695,2.20266316239633,High,0.5961844903562696,Base
133:30,0.9631901840490791,0.5454545454545459,0.4835164835164836,0.6640537376733695,0.6011295453013245,2.228062635732141,High,0.6011295453013246,Base
134:00,0.9631901840490791,0.5454545454545459,0.4945054945054945,0.6677167413363732,0.6060746002463794,2.2537549969033464,High,0.6060746002463795,Base
134:30,0.9631901840490791,0.5454545454545459,0.5164835164835164,0.6750427486623805,0.6159647101364892,2.3060319311559145,High,0.6159647101364893,Base
135:00,0.9631901840490791,0.5454545454545459,0.5164835164835164,0.6750427486623805,0.6159647101364892,2.3060319311559145,High,0.6159647101364893,Base
135:30,0.9631901840490791,0.5454545454545459,0.4835164835164836,0.6640537376733695,0.6011295453013245,2.228062635732141,High,0.6011295453013246,Base
136:00,0.9631901840490791,0.5454545454545459,0.4835164835164836,0.6640537376733695,0.6011295453013245,2.228062635732141,High,0.6011295453013246,Base
136:30,0.9631901840490791,0.24242424242424265,0.5054945054945055,0.5703696439892757,0.5049590491308282,1.7339618059431487,Medium,0.5049590491308282,Base
137:00,0.9631901840490791,0.24242424242424265,0.4615384615384617,0.5557176293372611,0.4851788293506085,1.6562363006997562,Medium,0.4851788293506085,Base
137:30,0.9631901840490791,0.24242424242424265,0.32967032967032983,0.5117615853812172,0.42583817000994917,1.4433465395471132,Medium,0.4258381700099492,Base
138:00,0.9631901840490791,0.24242424242424265,0.2637362637362637,0.4897835634031951,0.39616784033961944,1.3473945098863598,Low,0.3961678403396195,Base
138:30,0.9631901840490791,0.24242424242424265,0.29670329670329654,0.5007725743922061,0.4110030051747842,1.3945455185289777,Medium,0.4110030051747843,Base
139:00,0.9631901840490791,0.24242424242424265,0.32967032967032983,0.5117615853812172,0.42583817000994917,1.4433465395471132,Medium,0.4258381700099492,Base
139:30,0.9631901840490791,0.24242424242424265,0.3626373626373627,0.5227505963702281,0.44067333484511395,1.4938553138230442,Medium,0.440673334845114,Base
140:00,0.9631901840490791,0.24242424242424265,0.35164835164835173,0.5190875927072245,0.435728279900059,1.4768256587305426,Medium,0.4357282799000591,Base
140:30,0.9631901840490791,0.24242424242424265,0.2417582417582418,0.4824575560771878,0.3862777304495096,1.3168495494051347,Low,0.38627773044950964,Base
141:00,0.9631901840490791,0.27272727272727293,0.17582417582417564,0.47058054420017587,0.3672134613852404,1.3223682989419598,Low,0.36721346138524047,Base
141:30,0.9631901840490791,0.27272727272727293,0.23076923076923084,0.4888955625151943,0.3919387361105152,1.3433884731515753,Low,0.3919387361105153,Base
142:00,0.9294478527607346,0.27272727272727293,0.27472527472527464,0.4923001334044274,0.40497048963306603,1.3931111548648667,Medium,0.4049704896330661,Base
142:30,0.9294478527607346,0.27272727272727293,0.1428571428571428,0.44834408944838344,0.34562983029240674,1.30984333207053,Low,0.34562983029240674,Base
143:00,0.9294478527607346,0.27272727272727293,0.0219780219780219,0.4080510491553431,0.2912342258968023,1.30984333207053,Low,0.2912342258968024,Base
143:30,0.9294478527607346,0.27272727272727293,0.07692307692307665,0.4263660674703614,0.31595950062207695,1.30984333207053,Low,0.31595950062207706,Base
144:00,0.9294478527607346,0.27272727272727293,0.15384615384615374,0.4520070931113871,0.35057488523746166,1.30984333207053,Low,0.35057488523746166,Base
144:30,0.9294478527607346,0.27272727272727293,0.2197802197802199,0.47398511508940916,0.3802452149077914,1.315495100145737,Low,0.38024521490779145,Base
145:00,0.9294478527607346,0.27272727272727293,0.25274725274725274,0.4849741260784201,0.3950803797429562,1.3615298140926748,Low,0.39508037974295623,Base
145:30,0.9294478527607346,0.27272727272727293,0.27472527472527464,0.4923001334044274,0.40497048963306603,1.3931111548648667,Medium,0.4049704896330661,Base
146:00,0.9294478527607346,0.27272727272727293,0.25274725274725274,0.4849741260784201,0.3950803797429562,1.3615298140926748,Low,0.39508037974295623,Base
146:30,0.9294478527607346,0.27272727272727293,0.20879120879120894,0.4703221114264055,0.37530015996273647,1.30984333207053,Low,0.3753001599627365,Base
147:00,0.9294478527607346,0.27272727272727293,0.2197802197802199,0.47398511508940916,0.3802452149077914,1.315495100145737,Low,0.38024521490779145,Base
147:30,0.9294478527607346,0.27272727272727293,0.2417582417582418,0.48131112241541646,0.39013532479790125,1.3460086435230714,Low,0.3901353247979013,Base
148:00,0.9294478527607346,0.27272727272727293,0.2637362637362637,0.48863712974142376,0.4000254346880111,1.37722996325726,Medium,0.40002543468801116,Base
148:30,0.9294478527607346,0.27272727272727293,0.29670329670329654,0.4996261407304347,0.4148605995231759,1.4254250400695383,Medium,0.41486059952317594,Base
149:00,0.9294478527607346,0.27272727272727293,0.29670329670329654,0.4996261407304347,0.4148605995231759,1.4254250400695383,Medium,0.41486059952317594,Base
149:30,0.8957055214723901,0.27272727272727293,0.23076923076923084,0.4664006749896313,0.37844180359517743,1.3180608667531906,Low,0.3784418035951775,Base
150:00,0.8957055214723901,0.4242424242424243,0.19780219780219754,0.5059167145056707,0.41663694179031546,1.5181339870623471,Medium,0.41663694179031546,Base
150:30,0.8957055214723901,0.4242424242424243,0.23076923076923084,0.5169057254946817,0.4314721066254804,1.5422660241862869,Medium,0.43147210662548047,Base
151:00,0.8957055214723901,0.4242424242424243,0.2417582417582418,0.5205687291576854,0.43641716157053534,1.5600502889012924,Medium,0.4364171615705354,Base
151:30,0.8957055214723901,0.4242424242424243,0.2197802197802199,0.5132427218316781,0.4265270516804255,1.5246844965712991,Medium,0.42652705168042554,Base
152:00,0.8957055214723901,0.4242424242424243,0.23076923076923084,0.5169057254946817,0.4314721066254804,1.5422660241862869,Medium,0.43147210662548047,Base
152:30,0.8957055214723901,0.4242424242424243,0.1868131868131866,0.502253710842667,0.41169188684526054,1.5181339870623471,Medium,0.41169188684526054,Base
153:00,0.8957055214723901,0.4242424242424243,0.13186813186813184,0.48393869252764876,0.38696661211998584,1.5181339870623471,Medium,0.3869666121199859,Base
153:30,0.8957055214723901,0.4242424242424243,0.15384615384615374,0.49126469985365606,0.39685672201009575,1.5181339870623471,Medium,0.39685672201009575,Base
154:00,0.8957055214723901,0.5757575757575761,0.1428571428571428,0.538106746695703,0.444941970095344,1.6530576333224183,Medium,0.44494197009534403,Base
154:30,0.8957055214723901,0.5757575757575761,0.13186813186813184,0.5344437430326994,0.43999691515028905,1.6530576333224183,Medium,0.4399969151502891,Base
155:00,0.8957055214723901,0.5757575757575761,0.1648351648351647,0.5454327540217103,0.45483207998545383,1.6530576333224183,Medium,0.4548320799854539,Base
155:30,0.8957055214723901,0.5757575757575761,0.1868131868131866,0.5527587613477176,0.4647221898755637,1.6530576333224183,Medium,0.46472218987556374,Base
156:00,0.8957055214723901,0.5757575757575761,0.19780219780219754,0.5564217650107213,0.4696672448206186,1.6530576333224183,Medium,0.46966724482061867,Base
156:30,0.8619631901840492,0.5757575757575761,0.2197802197802199,0.5525003285739484,0.47280888845306046,1.6444656293061943,Medium,0.4728088884530605,Base
157:00,0.8957055214723901,0.5757575757575761,0.23076923076923084,0.5674107759997323,0.48450240965578356,1.6793343971096126,Medium,0.48450240965578356,Base
157:30,0.8619631901840492,0.5757575757575761,0.2197802197802199,0.5525003285739484,0.47280888845306046,1.6444656293061943,Medium,0.4728088884530605,Base
158:00,0.8619631901840492,0.5757575757575761,0.1868131868131866,0.5415113175849373,0.45797372361789546,1.6374005035269665,Medium,0.4579737236178955,Base
158:30,0.8619631901840492,0.5757575757575761,0.19780219780219754,0.545174321247941,0.4629187785629504,1.6374005035269665,Medium,0.46291877856295044,Base
159:00,0.8619631901840492,0.5757575757575761,0.23076923076923084,0.556163332236952,0.4777539433981154,1.6634283838554553,Medium,0.47775394339811544,Base
159:30,0.8619631901840492,0.5757575757575761,0.23076923076923084,0.556163332236952,0.4777539433981154,1.6634283838554553,Medium,0.47775394339811544,Base
160:00,0.8619631901840492,0.5757575757575761,0.1428571428571428,0.5268593029329227,0.43819350383767575,1.6374005035269665,Medium,0.4381935038376758,Base
160:30,0.8619631901840492,0.5757575757575761,0.098901098901099,0.5122072882809081,0.41841328405745604,1.6374005035269665,Medium,0.41841328405745615,Base
161:00,0.8619631901840492,0.5757575757575761,0.15384615384615374,0.5305223065959264,0.4431385587827307,1.6374005035269665,Medium,0.44313855878273073,Base
161:30,0.8619631901840492,0.5757575757575761,0.19780219780219754,0.545174321247941,0.4629187785629504,1.6374005035269665,Medium,0.46291877856295044,Base
162:00,0.8282208588957047,0.5757575757575761,0.2197802197802199,0.541252884811167,0.46606042219539157,1.628889879687314,Medium,0.4660604221953916,Base
162:30,0.8282208588957047,0.36363636363636376,0.23076923076923084,0.4742088177670998,0.39676305289802216,1.421031187833822,Medium,0.3967630528980222,Base
163:00,0.8282208588957047,0.36363636363636376,0.25274725274725274,0.4815348250931071,0.406653162788132,1.4539926916704449,Medium,0.40665316278813207,Base
163:30,0.8282208588957047,0.36363636363636376,0.2637362637362637,0.4851978287561107,0.41159821773318694,1.470759053969059,Medium,0.411598217733187,Base
164:00,0.8282208588957047,0.36363636363636376,0.2637362637362637,0.4851978287561107,0.41159821773318694,1.470759053969059,Medium,0.411598217733187,Base
164:30,0.8282208588957047,0.36363636363636376,0.25274725274725274,0.4815348250931071,0.406653162788132,1.4539926916704449,Medium,0.40665316278813207,Base
165:00,0.8282208588957047,0.36363636363636376,0.2417582417582418,0.4778718214301034,0.4017081078430771,1.437417462585643,Medium,0.40170810784307714,Base
165:30,0.8282208588957047,0.36363636363636376,0.2417582417582418,0.4778718214301034,0.4017081078430771,1.437417462585643,Medium,0.40170810784307714,Base
166:00,0.8282208588957047,0.36363636363636376,0.2637362637362637,0.4851978287561107,0.41159821773318694,1.470759053969059,Medium,0.411598217733187,Base
166:30,0.7914110429447874,0.36363636363636376,0.25274725274725274,0.4692648864428013,0.3992911995979485,1.4389755462825908,Medium,0.3992911995979486,Base
167:00,0.8282208588957047,0.21212121212121238,0.23076923076923084,0.42370376726204934,0.3437327498677192,1.2144504059264207,Low,0.34373274986771923,Base
167:30,0.8282208588957047,0.21212121212121238,0.20879120879120894,0.41637775993604204,0.3338426399776093,1.1954477424290757,Low,0.3338426399776094,Base
168:00,0.8282208588957047,0.21212121212121238,0.20879120879120894,0.41637775993604204,0.3338426399776093,1.1954477424290757,Low,0.3338426399776094,Base
168:30,0.7914110429447874,0.21212121212121238,0.20879120879120894,0.40410782128573625,0.3264806767874258,1.183100904199088,Low,0.3264806767874259,Base
169:00,0.7914110429447874,0.21212121212121238,0.2197802197802199,0.4077708249487399,0.33142573173248074,1.1882057986214851,Low,0.33142573173248085,Base
169:30,0.7914110429447874,0.21212121212121238,0.2417582417582418,0.4150968322747472,0.3413158416225906,1.215766805251932,Low,0.3413158416225907,Base
170:00,0.7914110429447874,0.21212121212121238,0.2417582417582418,0.4150968322747472,0.3413158416225906,1.215766805251932,Low,0.3413158416225907,Base
170:30,0.7914110429447874,0.21212121212121238,0.2637362637362637,0.4224228396007545,0.35120595151270045,1.2439671027252317,Low,0.35120595151270056,Base
171:00,0.7914110429447874,0.21212121212121238,0.2857142857142856,0.4297488469267618,0.36109606140281036,1.2728215197008466,Low,0.3610960614028104,Base
171:30,0.7914110429447874,0.3030303030303032,0.29670329670329654,0.4637148808927957,0.39785929816604704,1.414754589558939,Medium,0.3978592981660471,Base
172:00,0.7914110429447874,0.3030303030303032,0.3076923076923075,0.46737788455579937,0.40280435311110196,1.4310684872477375,Medium,0.402804353111102,Base
172:30,0.7914110429447874,0.3030303030303032,0.31868131868131844,0.471040888218803,0.4077494080561569,1.4475705046710572,Medium,0.40774940805615695,Base
173:00,0.7914110429447874,0.3030303030303032,0.32967032967032983,0.4747038918818068,0.41269446300121204,1.4642628110857612,Medium,0.4126944630012121,Base
173:30,0.7914110429447874,0.3030303030303032,0.32967032967032983,0.4747038918818068,0.41269446300121204,1.4642628110857612,Medium,0.4126944630012121,Base
174:00,0.7914110429447874,0.3030303030303032,0.32967032967032983,0.4747038918818068,0.41269446300121204,1.4642628110857612,Medium,0.4126944630012121,Base
174:30,0.7914110429447874,0.3030303030303032,0.32967032967032983,0.4747038918818068,0.41269446300121204,1.4642628110857612,Medium,0.4126944630012121,Base
175:00,0.7914110429447874,0.3030303030303032,0.31868131868131844,0.471040888218803,0.4077494080561569,1.4475705046710572,Medium,0.40774940805615695,Base
175:30,0.7914110429447874,0.5757575757575761,0.3076923076923075,0.5582869754648904,0.49825889856564753,1.7669219705604318,Medium,0.49825889856564753,Base
176:00,0.7576687116564429,0.5757575757575761,0.31868131868131844,0.5507025353651125,0.49645548725303357,1.7703682087026629,Medium,0.49645548725303357,Base
176:30,0.7576687116564429,0.5757575757575761,0.3406593406593408,0.5580285426911199,0.5063455971431436,1.8114327532411556,Medium,0.5063455971431436,Base
177:00,0.7576687116564429,0.5757575757575761,0.3406593406593408,0.5580285426911199,0.5063455971431436,1.8114327532411556,Medium,0.5063455971431436,Base
177:30,0.7914110429447874,0.5757575757575761,0.3406593406593408,0.5692759864539014,0.5130940634008125,1.8287540119510073,Medium,0.5130940634008125,Base
178:00,0.7576687116564429,0.5757575757575761,0.35164835164835173,0.5616915463541235,0.5112906520881986,1.832320848480152,Medium,0.5112906520881986,Base
178:30,0.7576687116564429,0.5757575757575761,0.3626373626373627,0.5653545500171272,0.5162357070332535,1.8534498096977132,Medium,0.5162357070332535,Base
179:00,0.7576687116564429,0.5757575757575761,0.31868131868131844,0.5507025353651125,0.49645548725303357,1.7703682087026629,Medium,0.49645548725303357,Base
179:30,0.7576687116564429,0.5757575757575761,0.2857142857142856,0.5397135243761015,0.4816203224178688,1.710510250966577,Medium,0.4816203224178688,Base
180:00,0.7576687116564429,0.24242424242424265,0.3076923076923075,0.4359284205909977,0.3748437656413119,1.3311831527014772,Low,0.37484376564131194,Base
180:30,0.7576687116564429,0.24242424242424265,0.29670329670329654,0.43226541692799403,0.36989871069625696,1.3160079280691537,Low,0.369898710696257,Base
181:00,0.7576687116564429,0.24242424242424265,0.2637362637362637,0.4212764059389831,0.3550635458610922,1.2715123555936159,Low,0.35506354586109223,Base
181:30,0.7576687116564429,0.24242424242424265,0.27472527472527464,0.42493940960198673,0.3600086008061471,1.2861744903781824,Low,0.36000860080614716,Base
182:00,0.7576687116564429,0.24242424242424265,0.3076923076923075,0.4359284205909977,0.3748437656413119,1.3311831527014772,Low,0.37484376564131194,Base
182:30,0.7576687116564429,0.24242424242424265,0.31868131868131844,0.43959142425400133,0.3797888205863668,1.3465333667375343,Low,0.37978882058636687,Base
183:00,0.7576687116564429,0.24242424242424265,0.3076923076923075,0.4359284205909977,0.3748437656413119,1.3311831527014772,Low,0.37484376564131194,Base
183:30,0.723926380368102,0.24242424242424265,0.3076923076923075,0.42468097682821737,0.3680952993836437,1.3185746949059223,Low,0.36809529938364377,Base
184:00,0.723926380368102,0.36363636363636376,0.32967032967032983,0.47241102455826517,0.42040965169799616,1.5298273151366422,Medium,0.4204096516979962,Base
184:30,0.7576687116564429,0.36363636363636376,0.3406593406593408,0.4873214719840491,0.43210317290071926,1.5622653256855958,Medium,0.4321031729007193,Base
185:00,0.723926380368102,0.36363636363636376,0.35164835164835173,0.47973703188427247,0.430299761588106,1.5653123976238985,Medium,0.43029976158810607,Base
185:30,0.723926380368102,0.36363636363636376,0.3626373626373627,0.4834000355472761,0.43524481653316094,1.5833624159764137,Medium,0.435244816533161,Base
186:00,0.723926380368102,0.36363636363636376,0.3626373626373627,0.4834000355472761,0.43524481653316094,1.5833624159764137,Medium,0.435244816533161,Base
186:30,0.723926380368102,0.36363636363636376,0.35164835164835173,0.47973703188427247,0.430299761588106,1.5653123976238985,Medium,0.43029976158810607,Base
187:00,0.723926380368102,0.36363636363636376,0.3406593406593408,0.4760740282212688,0.4253547066430511,1.5474681459103024,Medium,0.42535470664305114,Base
187:30,0.723926380368102,0.36363636363636376,0.3406593406593408,0.4760740282212688,0.4253547066430511,1.5474681459103024,Medium,0.42535470664305114,Base
188:00,0.723926380368102,0.6060606060606064,0.3406593406593408,0.5568821090293498,0.5102031914915359,1.7942755548703848,Medium,0.5102031914915361,Base
188:30,0.723926380368102,0.6060606060606064,0.3626373626373627,0.5642081163553571,0.5200933013816458,1.8358946418349527,Medium,0.520093301381646,Base
189:00,0.723926380368102,0.6060606060606064,0.37362637362637363,0.5678711200183607,0.5250383563267007,1.8570648133794367,Medium,0.5250383563267009,Base
189:30,0.723926380368102,0.6060606060606064,0.3846153846153846,0.5715341236813644,0.5299834112717556,1.8784791035966426,Medium,0.5299834112717556,Base
190:00,0.6901840490797575,0.6060606060606064,0.3846153846153846,0.5602866799185828,0.5232349450140867,1.8606868678329407,Medium,0.5232349450140867,Base
190:30,0.723926380368102,0.6060606060606064,0.39560439560439553,0.575197127344368,0.5349284662168106,1.9001403274815394,Medium,0.5349284662168106,Base
191:00,0.6901840490797575,0.6060606060606064,0.4065934065934065,0.5676126872445901,0.5331250549041966,1.9038463972351916,Medium,0.5331250549041966,Base
191:30,0.6901840490797575,0.6060606060606064,0.41758241758241743,0.5712756909075938,0.5380701098492515,1.9258001378831475,Medium,0.5380701098492515,Base
192:00,0.6901840490797575,0.6060606060606064,0.4285714285714284,0.5749386945705974,0.5430151647943064,1.9480070327399397,High,0.5430151647943064,Base
192:30,0.6901840490797575,0.3333333333333335,0.43956043956043933,0.4876926073245101,0.4525056742848159,1.646863635596458,Medium,0.452505674284816,Base
193:00,0.6901840490797575,0.3333333333333335,0.43956043956043933,0.4876926073245101,0.4525056742848159,1.646863635596458,Medium,0.452505674284816,Base
193:30,0.6901840490797575,0.3333333333333335,0.43956043956043933,0.4876926073245101,0.4525056742848159,1.646863635596458,Medium,0.452505674284816,Base
194:00,0.6901840490797575,0.3333333333333335,0.43956043956043933,0.4876926073245101,0.4525056742848159,1.646863635596458,Medium,0.452505674284816,Base
194:30,0.6901840490797575,0.3333333333333335,0.43956043956043933,0.4876926073245101,0.4525056742848159,1.646863635596458,Medium,0.452505674284816,Base
195:00,0.6901840490797575,0.3333333333333335,0.4505494505494503,0.49135561098751374,0.45745072922987084,1.665854042170717,Medium,0.4574507292298709,Base
195:30,0.6901840490797575,0.3333333333333335,0.4615384615384617,0.49501861465051755,0.462395784174926,1.6850634319892848,Medium,0.46239578417492594,Base
196:00,0.6901840490797575,0.3333333333333335,0.4725274725274726,0.4986816183135212,0.4673408391199809,1.7044943302040618,Medium,0.46734083911998087,Base
196:30,0.6901840490797575,0.3333333333333335,0.4835164835164836,0.5023446219765249,0.47228589406503585,1.7241492910851253,Medium,0.4722858940650358,Base
197:00,0.6901840490797575,0.21212121212121238,0.4945054945054945,0.4656035852354881,0.43480670658584836,1.538066505745805,Medium,0.43480670658584836,Base
197:30,0.6901840490797575,0.21212121212121238,0.4945054945054945,0.4656035852354881,0.43480670658584836,1.538066505745805,Medium,0.43480670658584836,Base
198:00,0.6901840490797575,0.21212121212121238,0.5054945054945055,0.46926658889849177,0.4397517615309033,1.5558023447375888,Medium,0.4397517615309033,Base
198:30,0.6901840490797575,0.21212121212121238,0.5054945054945055,0.46926658889849177,0.4397517615309033,1.5558023447375888,Medium,0.4397517615309033,Base
199:00,0.6901840490797575,0.21212121212121238,0.5054945054945055,0.46926658889849177,0.4397517615309033,1.5558023447375888,Medium,0.4397517615309033,Base
199:30,0.6901840490797575,0.21212121212121238,0.4945054945054945,0.4656035852354881,0.43480670658584836,1.538066505745805,Medium,0.43480670658584836,Base
200:00,0.6901840490797575,0.21212121212121238,0.4835164835164836,0.46194058157248447,0.42986165164079343,1.5205328518103727,Medium,0.42986165164079343,Base
200:30,0.6901840490797575,0.21212121212121238,0.4835164835164836,0.46194058157248447,0.42986165164079343,1.5205328518103727,Medium,0.42986165164079343,Base
201:00,0.6533742331288366,0.21212121212121238,0.4835164835164836,0.4496706429221775,0.42249968845060926,1.5048284655136206,Medium,0.4224996884506093,Base
201:30,0.6901840490797575,0.21212121212121238,0.4835164835164836,0.46194058157248447,0.42986165164079343,1.5205328518103727,Medium,0.42986165164079343,Base
202:00,0.6901840490797575,0.21212121212121238,0.4835164835164836,0.46194058157248447,0.42986165164079343,1.5205328518103727,Medium,0.42986165164079343,Base
202:30,0.6533742331288366,0.21212121212121238,0.4945054945054945,0.45333364658518116,0.4274447433956642,1.5221810281465744,Medium,0.42744474339566424,Base
203:00,0.6901840490797575,0.21212121212121238,0.4835164835164836,0.46194058157248447,0.42986165164079343,1.5205328518103727,Medium,0.42986165164079343,Base
203:30,0.6533742331288366,0.21212121212121238,0.4945054945054945,0.45333364658518116,0.4274447433956642,1.5221810281465744,Medium,0.42744474339566424,Base
204:00,0.6901840490797575,0.21212121212121238,0.4945054945054945,0.4656035852354881,0.43480670658584836,1.538066505745805,Medium,0.43480670658584836,Base
204:30,0.6901840490797575,0.21212121212121238,0.5054945054945055,0.46926658889849177,0.4397517615309033,1.5558023447375888,Medium,0.4397517615309033,Base
205:00,0.6901840490797575,0.21212121212121238,0.5164835164835164,0.4729295925614954,0.4446968164759582,1.5737427002334168,Medium,0.4446968164759582,Base
205:30,0.6901840490797575,0.21212121212121238,0.5164835164835164,0.4729295925614954,0.4446968164759582,1.5737427002334168,Medium,0.4446968164759582,Base
206:00,0.6901840490797575,0.5454545454545459,0.5054945054945055,0.580377700009603,0.5564184281975699,2.110793116896788,High,0.5564184281975699,Base
206:30,0.6901840490797575,0.5454545454545459,0.4835164835164836,0.5730516926835957,0.5465283183074601,2.0629421780169106,High,0.5465283183074601,Base
207:00,0.6533742331288366,0.5454545454545459,0.4505494505494503,0.5497927430442776,0.524331190282111,1.9726058851475996,High,0.5243311902821111,Base
207:30,0.6533742331288366,0.5454545454545459,0.4615384615384617,0.5534557467072814,0.5292762452271661,1.9953525090695996,High,0.5292762452271662,Base
208:00,0.6533742331288366,0.5454545454545459,0.4835164835164836,0.5607817540332887,0.539166355117276,2.041635672976347,High,0.5391663551172761,Base
208:30,0.6533742331288366,0.5454545454545459,0.4945054945054945,0.5644447576962923,0.5441114100623309,2.0651782970699863,High,0.544111410062331,Base
209:00,0.6533742331288366,0.5454545454545459,0.5054945054945055,0.568107761359296,0.5490564650073858,2.0889923971946094,High,0.5490564650073859,Base
209:30,0.6533742331288366,0.5454545454545459,0.5164835164835164,0.5717707650222996,0.5540015199524407,2.1130811038098924,High,0.5540015199524408,Base
210:00,0.6533742331288366,0.5454545454545459,0.4835164835164836,0.5607817540332887,0.539166355117276,2.041635672976347,High,0.5391663551172761,Base
210:30,0.6533742331288366,0.5454545454545459,0.31868131868131844,0.5058366990882336,0.4649905309414517,1.7190505225704458,Medium,0.46499053094145165,Base
211:00,0.6533742331288366,0.09090909090909127,0.20879120879120894,0.3176915109430456,0.25644907239999326,1.0879324431694803,Low,0.2564490723999933,Base
211:30,0.6533742331288366,0.09090909090909127,0.27472527472527464,0.3396695329210675,0.2861194020703228,1.1570932074166413,Low,0.2861194020703229,Base
212:00,0.6533742331288366,0.09090909090909127,0.32967032967032983,0.3579845512360859,0.3108446767955977,1.225363328447145,Low,0.31084467679559774,Base
212:30,0.6533742331288366,0.09090909090909127,0.35164835164835173,0.3653105585620932,0.32073478668570754,1.2537862219048437,Low,0.3207347866857076,Base
213:00,0.6533742331288366,0.09090909090909127,0.37362637362637363,0.3726365658881005,0.3306248965758174,1.2828683980860847,Low,0.33062489657581745,Base
213:30,0.6533742331288366,0.09090909090909127,0.39560439560439553,0.3799625732141078,0.34051500646592725,1.3126251493716459,Low,0.3405150064659273,Base
214:00,0.6533742331288366,0.09090909090909127,0.41758241758241743,0.3872885805401151,0.3504051163560371,1.3430721228564537,Low,0.35040511635603716,Base
214:30,0.6533742331288366,0.09090909090909127,0.4285714285714284,0.39095158420311876,0.35535017130109203,1.3585594316537966,Low,0.3553501713010921,Base
215:00,0.6533742331288366,0.09090909090909127,0.4285714285714284,0.39095158420311876,0.35535017130109203,1.3585594316537966,Low,0.3553501713010921,Base
215:30,0.6196319018404921,0.24242424242424265,0.4285714285714284,0.43020919094538773,0.4016320080737261,1.4524532148204696,Medium,0.4016320080737261,Base
216:00,0.6533742331288366,0.24242424242424265,0.4285714285714284,0.4414566347081692,0.408380474331395,1.4663418440576557,Medium,0.40838047433139507,Base
216:30,0.6533742331288366,0.24242424242424265,0.4285714285714284,0.4414566347081692,0.408380474331395,1.4663418440576557,Medium,0.40838047433139507,Base
217:00,0.6196319018404921,0.24242424242424265,0.4285714285714284,0.43020919094538773,0.4016320080737261,1.4524532148204696,Medium,0.4016320080737261,Base
217:30,0.6533742331288366,0.24242424242424265,0.4285714285714284,0.4414566347081692,0.408380474331395,1.4663418440576557,Medium,0.40838047433139507,Base
218:00,0.6196319018404921,0.24242424242424265,0.43956043956043933,0.4338721946083914,0.40657706301878105,1.4692018250170513,Medium,0.40657706301878105,Base
218:30,0.6196319018404921,0.24242424242424265,0.4615384615384617,0.4411982019343988,0.4164671729088911,1.5032806700182613,Medium,0.41646717290889107,Base
219:00,0.6196319018404921,0.24242424242424265,0.4725274725274726,0.44486120559740244,0.42141222785394605,1.5206153846247512,Medium,0.421412227853946,Base
219:30,0.6196319018404921,0.4545454545454546,0.4725274725274726,0.5155682763044731,0.4956546520963702,1.8946663216514432,Medium,0.4956546520963702,Base
220:00,0.6196319018404921,0.4545454545454546,0.4725274725274726,0.5155682763044731,0.4956546520963702,1.8946663216514432,Medium,0.4956546520963702,Base
220:30,0.6196319018404921,0.4545454545454546,0.4835164835164836,0.5192312799674768,0.5005997070414251,1.9165142044955414,Medium,0.5005997070414252,Base
221:00,0.6196319018404921,0.4545454545454546,0.4945054945054945,0.5228942836304804,0.50554476198648,1.938614020875014,Medium,0.5055447619864801,Base
221:30,0.6196319018404921,0.4545454545454546,0.5054945054945055,0.526557287293484,0.510489816931535,1.9609686759000138,High,0.5104898169315351,Base
222:00,0.6196319018404921,0.4545454545454546,0.5164835164835164,0.5302202909564877,0.5154348718765899,1.9835811081802615,High,0.51543487187659,Base
222:30,0.6196319018404921,0.4545454545454546,0.5164835164835164,0.5302202909564877,0.5154348718765899,1.9835811081802615,High,0.51543487187659,Base
223:00,0.6196319018404921,0.4545454545454546,0.5274725274725274,0.5338832946194914,0.5203799268216448,2.0064542902113405,High,0.5203799268216449,Base
223:30,0.6196319018404921,0.4545454545454546,0.4835164835164836,0.5192312799674768,0.5005997070414251,1.9165142044955414,Medium,0.5005997070414252,Base
224:00,0.6196319018404921,0.4242424242424243,0.4505494505494503,0.4981412588774556,0.4751584816001996,1.794441714153921,Medium,0.4751584816001995,Base
224:30,0.6196319018404921,0.4242424242424243,0.4615384615384617,0.5018042625404594,0.4801035365452547,1.815133881367421,Medium,0.48010353654525467,Base
225:00,0.6196319018404921,0.4242424242424243,0.4835164835164836,0.5091302698664667,0.4899936464353646,1.8572367872761077,Medium,0.4899936464353645,Base
225:30,0.6196319018404921,0.4242424242424243,0.5054945054945055,0.516456277192474,0.49988375632547444,1.9003162903956954,Medium,0.4998837563254744,Base
226:00,0.6196319018404921,0.4242424242424243,0.5164835164835164,0.5201192808554777,0.5048288112705294,1.9222293244771305,Medium,0.5048288112705293,Base
226:30,0.5858895705521476,0.4242424242424243,0.5274725274725274,0.5125348407556998,0.5030253999579154,1.925978477029706,Medium,0.5030253999579153,Base
227:00,0.5858895705521476,0.4242424242424243,0.5274725274725274,0.5125348407556998,0.5030253999579154,1.925978477029706,Medium,0.5030253999579153,Base
227:30,0.5858895705521476,1.0,0.5274725274725274,0.7044540326748917,0.7045405514730668,2.0971491648305283,High,0.7045405514730669,Base
228:00,0.5858895705521476,1.0,0.5384615384615383,0.7081170363378954,0.7094856064181218,2.12133192922351,High,0.7094856064181219,Base
228:30,0.5858895705521476,1.0,0.5384615384615383,0.7081170363378954,0.7094856064181218,2.12133192922351,High,0.7094856064181219,Base
229:00,0.5858895705521476,1.0,0.5274725274725274,0.7044540326748917,0.7045405514730668,2.0971491648305283,High,0.7045405514730669,Base
229:30,0.5858895705521476,1.0,0.5274725274725274,0.7044540326748917,0.7045405514730668,2.0971491648305283,High,0.7045405514730669,Base
230:00,0.5858895705521476,1.0,0.5384615384615383,0.7081170363378954,0.7094856064181218,2.12133192922351,High,0.7094856064181219,Base
230:30,0.5858895705521476,1.0,0.5494505494505493,0.711780040000899,0.7144306613631767,2.1457935512692976,High,0.7144306613631768,Base
231:00,0.5858895705521476,1.0,0.5494505494505493,0.711780040000899,0.7144306613631767,2.1457935512692976,High,0.7144306613631768,Base
231:30,0.5858895705521476,0.48484848484848486,0.5384615384615383,0.5363998646207236,0.5291825761150915,2.0745326130619586,High,0.5291825761150915,Base
232:00,0.5858895705521476,0.48484848484848486,0.5494505494505493,0.5400628682837273,0.5341276310601464,2.0984545802012344,High,0.5341276310601464,Base
232:30,0.5858895705521476,0.48484848484848486,0.5604395604395602,0.5437258719467309,0.5390726860052013,2.1226523976733556,High,0.5390726860052013,Base
233:00,0.5858895705521476,0.48484848484848486,0.5714285714285712,0.5473888756097346,0.5440177409502562,2.147129246379195,High,0.5440177409502562,Base
233:30,0.5858895705521476,0.48484848484848486,0.5824175824175826,0.5510518792727384,0.5489627958953114,2.171888343899407,High,0.5489627958953114,Base
234:00,0.5858895705521476,0.48484848484848486,0.5824175824175826,0.5510518792727384,0.5489627958953114,2.171888343899407,High,0.5489627958953114,Base
234:30,0.5858895705521476,0.48484848484848486,0.5824175824175826,0.5510518792727384,0.5489627958953114,2.171888343899407,High,0.5489627958953114,Base
235:00,0.5858895705521476,0.48484848484848486,0.5934065934065935,0.554714882935742,0.5539078508403663,2.1969329449173935,High,0.5539078508403663,Base
235:30,0.5858895705521476,0.48484848484848486,0.6043956043956045,0.5583778865987457,0.5588529057854212,2.2222663416471446,High,0.5588529057854212,Base
236:00,0.5858895705521476,0.24242424242424265,0.6043956043956045,0.47756980579066494,0.4740044209369365,1.72837504872668,Medium,0.47400442093693645,Base
236:30,0.5858895705521476,0.24242424242424265,0.6043956043956045,0.47756980579066494,0.4740044209369365,1.72837504872668,Medium,0.47400442093693645,Base
237:00,0.5858895705521476,0.24242424242424265,0.6043956043956045,0.47756980579066494,0.4740044209369365,1.72837504872668,Medium,0.47400442093693645,Base
237:30,0.5490797546012267,0.24242424242424265,0.6153846153846154,0.4689628708033616,0.4715875126918072,1.7302485148948077,Medium,0.4715875126918072,Base
238:00,0.5858895705521476,0.24242424242424265,0.6263736263736264,0.48489581311667224,0.48389453082704637,1.768465541664116,Medium,0.4838945308270463,Base
238:30,0.5490797546012267,0.24242424242424265,0.6263736263736264,0.4726258744663652,0.47653256763686214,1.75020045387879,Medium,0.47653256763686214,Base
239:00,0.5858895705521476,0.24242424242424265,0.6263736263736264,0.48489581311667224,0.48389453082704637,1.768465541664116,Medium,0.4838945308270463,Base
239:30,0.5490797546012267,0.24242424242424265,0.6263736263736264,0.4726258744663652,0.47653256763686214,1.75020045387879,Medium,0.47653256763686214,Base
240:00,0.5858895705521476,0.24242424242424265,0.6373626373626373,0.4885588167796759,0.4888395857721013,1.788858170976503,Medium,0.48883958577210124,Base
240:30,0.5858895705521476,0.24242424242424265,0.6483516483516483,0.49222182044267954,0.4937846407171562,1.806861563383616,Medium,0.49378464071715616,Base
241:00,0.5490797546012267,0.0,0.6483516483516483,0.39914380098429164,0.40157419267848704,1.6567595528842454,Medium,0.40157419267848704,Base
241:30,0.5490797546012267,0.0,0.6593406593406592,0.4028068046472953,0.40651924762354197,1.6567595528842454,Medium,0.40651924762354197,Base
242:00,0.5490797546012267,0.0,0.6593406593406592,0.4028068046472953,0.40651924762354197,1.6567595528842454,Medium,0.40651924762354197,Base
242:30,0.5490797546012267,0.0,0.6593406593406592,0.4028068046472953,0.40651924762354197,1.6567595528842454,Medium,0.40651924762354197,Base
243:00,0.5490797546012267,0.0,0.6703296703296702,0.40646980831029894,0.4114643025685969,1.6567595528842454,Medium,0.4114643025685969,Base
243:30,0.5490797546012267,0.0,0.6703296703296702,0.40646980831029894,0.4114643025685969,1.6567595528842454,Medium,0.4114643025685969,Base
244:00,0.5490797546012267,0.0,0.6813186813186811,0.4101328119733026,0.4164093575136518,1.6567595528842454,Medium,0.4164093575136518,Base
244:30,0.5490797546012267,0.0,0.6813186813186811,0.4101328119733026,0.4164093575136518,1.6567595528842454,Medium,0.4164093575136518,Base
245:00,0.5490797546012267,0.0,0.6813186813186811,0.4101328119733026,0.4164093575136518,1.6567595528842454,Medium,0.4164093575136518,Base
245:30,0.5490797546012267,0.3030303030303032,0.6043956043956045,0.48550188734237815,0.4878545789588735,1.8214560989864015,Medium,0.48785457895887346,Base
246:00,0.5490797546012267,0.3030303030303032,0.4835164835164836,0.44520884704933783,0.4334589745632691,1.605633170104721,Medium,0.4334589745632691,Base
246:30,0.5490797546012267,0.3030303030303032,0.4615384615384617,0.43788283972333053,0.42356886467315924,1.569234029861579,Medium,0.42356886467315924,Base
247:00,0.5490797546012267,0.3030303030303032,0.5054945054945055,0.45253485437534513,0.44334908445337895,1.6428766059629387,Medium,0.44334908445337895,Base
247:30,0.5490797546012267,0.3030303030303032,0.5494505494505493,0.46718686902735973,0.46312930423359866,1.719975154157462,Medium,0.46312930423359866,Base
248:00,0.5490797546012267,0.3030303030303032,0.5604395604395602,0.4708498726903634,0.4680743591786536,1.739808628386337,Medium,0.4680743591786536,Base
248:30,0.5490797546012267,0.3030303030303032,0.5604395604395602,0.4708498726903634,0.4680743591786536,1.739808628386337,Medium,0.4680743591786536,Base
249:00,0.5490797546012267,0.3030303030303032,0.5604395604395602,0.4708498726903634,0.4680743591786536,1.739808628386337,Medium,0.4680743591786536,Base
249:30,0.5490797546012267,0.3030303030303032,0.5714285714285712,0.47451287635336703,0.4730194141237085,1.759870807488673,Medium,0.4730194141237085,Base
250:00,0.5490797546012267,0.4545454545454546,0.5824175824175826,0.5286809305214213,0.5309947720990665,2.082974338214499,High,0.5309947720990664,Base
250:30,0.5490797546012267,0.4545454545454546,0.5164835164835164,0.5067029085433993,0.5013244424287369,1.9445005829473412,High,0.5013244424287369,Base
251:00,0.5490797546012267,0.4545454545454546,0.4505494505494503,0.4847248865653772,0.4716541127584071,1.8152324047946022,Medium,0.4716541127584071,Base
251:30,0.5490797546012267,0.4545454545454546,0.4725274725274726,0.4920508938913846,0.48154422264851715,1.8573375960017058,Medium,0.48154422264851715,Base
252:00,0.5490797546012267,0.4545454545454546,0.5054945054945055,0.5030399048803956,0.49637938748368193,1.9223336609246078,Medium,0.49637938748368193,Base
252:30,0.5490797546012267,0.4545454545454546,0.5164835164835164,0.5067029085433993,0.5013244424287369,1.9445005829473412,High,0.5013244424287369,Base
253:00,0.5490797546012267,0.4545454545454546,0.41758241758241743,0.47373587557636626,0.4568189479232423,1.7538575427555958,Medium,0.4568189479232423,Base
253:30,0.5490797546012267,0.4545454545454546,0.27472527472527464,0.42611682795731864,0.392533233637528,1.5109960328733885,Medium,0.39253323363752807,Base
254:00,0.5490797546012267,0.4545454545454546,0.1648351648351647,0.389486791327282,0.3430826841869785,1.4206820981461548,Medium,0.3430826841869786,Base
254:30,0.5490797546012267,0.3030303030303032,0.15384615384615374,0.3353187371592279,0.28510732621162066,1.2141520647524044,Low,0.2851073262116207,Base
255:00,0.5490797546012267,0.3030303030303032,0.2417582417582418,0.36462276646325725,0.32466776577206025,1.2476753010795352,Low,0.3246677657720603,Base
255:30,0.5490797546012267,0.3030303030303032,0.31868131868131844,0.3902637921042828,0.35928315038744474,1.3519378489802374,Low,0.3592831503874448,Base
256:00,0.5490797546012267,0.3030303030303032,0.3406593406593408,0.3975897994302902,0.3691732602775548,1.3832966994949596,Medium,0.36917326027755487,Base
256:30,0.5490797546012267,0.3030303030303032,0.35164835164835173,0.40125280309329386,0.37411831522260974,1.3992478481926631,Medium,0.3741183152226098,Base
257:00,0.5490797546012267,0.3030303030303032,0.3846153846153846,0.4122418140823048,0.3889534800577745,1.448213423530254,Medium,0.3889534800577745,Base
257:30,0.5490797546012267,0.3030303030303032,0.41758241758241743,0.42323082507131576,0.4037886448929393,1.498892510574322,Medium,0.4037886448929393,Base
258:00,0.5490797546012267,0.3030303030303032,0.43956043956043933,0.43055683239732306,0.41367875478304916,1.533660045348343,Medium,0.41367875478304916,Base
258:30,0.5490797546012267,0.3030303030303032,0.43956043956043933,0.43055683239732306,0.41367875478304916,1.533660045348343,Medium,0.41367875478304916,Base
259:00,0.5490797546012267,0.24242424242424265,0.39560439560439553,0.3957027975432883,0.3726864137907082,1.3756955914053322,Low,0.37268641379070827,Base
259:30,0.5490797546012267,0.24242424242424265,0.3846153846153846,0.39203979388028465,0.3677413588456533,1.36001293377636,Low,0.36774135884565334,Base
260:00,0.5490797546012267,0.24242424242424265,0.4285714285714284,0.40669180853229925,0.387521578625873,1.4238369740842884,Medium,0.38752157862587305,Base
260:30,0.5490797546012267,0.24242424242424265,0.4615384615384617,0.41768081952131036,0.402356743461038,1.4736630264973938,Medium,0.402356743461038,Base
261:00,0.5490797546012267,0.24242424242424265,0.4725274725274726,0.421343823184314,0.40730179840609293,1.4906562124672222,Medium,0.40730179840609293,Base
261:30,0.5490797546012267,0.24242424242424265,0.4835164835164836,0.42500682684731766,0.41224685335114786,1.5078453512188015,Medium,0.41224685335114786,Base
262:00,0.5490797546012267,0.24242424242424265,0.4835164835164836,0.42500682684731766,0.41224685335114786,1.5078453512188015,Medium,0.41224685335114786,Base
262:30,0.5490797546012267,0.24242424242424265,0.4835164835164836,0.42500682684731766,0.41224685335114786,1.5078453512188015,Medium,0.41224685335114786,Base
263:00,0.5490797546012267,0.24242424242424265,0.4945054945054945,0.4286698305103213,0.4171919082962028,1.5252327023338683,Medium,0.4171919082962028,Base
263:30,0.5490797546012267,0.12121212121212155,0.4945054945054945,0.38826579010628093,0.3747676658719604,1.4131215593551665,Medium,0.3747676658719604,Base
264:00,0.5490797546012267,0.12121212121212155,0.4725274725274726,0.38093978278027363,0.36487755598185057,1.3810865897386497,Medium,0.36487755598185057,Base
264:30,0.5490797546012267,0.12121212121212155,0.4505494505494503,0.37361377545426616,0.3549874460917405,1.349777841636154,Low,0.35498744609174054,Base
265:00,0.5153374233128822,0.12121212121212155,0.4505494505494503,0.3623663316914847,0.3482389798340716,1.3369932620573715,Low,0.34823897983407165,Base
265:30,0.5490797546012267,0.12121212121212155,0.43956043956043933,0.3699507717912625,0.35004239114668556,1.3343906412280107,Low,0.3500423911466856,Base
266:00,0.5490797546012267,0.12121212121212155,0.43956043956043933,0.3699507717912625,0.35004239114668556,1.3343906412280107,Low,0.3500423911466856,Base
266:30,0.5153374233128822,0.12121212121212155,0.4615384615384617,0.3660293353544885,0.35318403477912674,1.3524104739531941,Low,0.35318403477912674,Base
267:00,0.5490797546012267,0.12121212121212155,0.4725274725274726,0.38093978278027363,0.36487755598185057,1.3810865897386497,Medium,0.36487755598185057,Base
267:30,0.5153374233128822,0.12121212121212155,0.4725274725274726,0.36969233901749216,0.35812908972418167,1.3680054656698917,Low,0.35812908972418167,Base
268:00,0.5153374233128822,0.12121212121212155,0.4725274725274726,0.36969233901749216,0.35812908972418167,1.3680054656698917,Low,0.35812908972418167,Base
268:30,0.5490797546012267,0.060606060606060996,0.4835164835164836,0.3644007662412571,0.3486104897147843,1.397012253094435,Medium,0.3486104897147843,Base
269:00,0.5153374233128822,0.060606060606060996,0.4725274725274726,0.34949031881547193,0.3369169685120605,1.3680054656698917,Low,0.3369169685120605,Base
269:30,0.5153374233128822,0.060606060606060996,0.4615384615384617,0.3458273151524683,0.33197191356700556,1.3524104739531941,Low,0.33197191356700556,Base
270:00,0.5153374233128822,0.060606060606060996,0.4615384615384617,0.3458273151524683,0.33197191356700556,1.3524104739531941,Low,0.33197191356700556,Base
270:30,0.5153374233128822,0.060606060606060996,0.4725274725274726,0.34949031881547193,0.3369169685120605,1.3680054656698917,Low,0.3369169685120605,Base
271:00,0.5153374233128822,0.060606060606060996,0.4835164835164836,0.3531533224784756,0.3418620234571154,1.383780287232134,Medium,0.3418620234571154,Base
271:30,0.5153374233128822,0.060606060606060996,0.4835164835164836,0.3531533224784756,0.3418620234571154,1.383780287232134,Medium,0.3418620234571154,Base
272:00,0.5153374233128822,0.060606060606060996,0.4945054945054945,0.35681632614147923,0.34680707840217034,1.3997370123039494,Medium,0.34680707840217034,Base
272:30,0.5153374233128822,0.060606060606060996,0.5054945054945055,0.3604793298044829,0.35175213334722527,1.4158777384613177,Medium,0.35175213334722527,Base
273:00,0.5153374233128822,0.060606060606060996,0.5164835164835164,0.36414233346748653,0.35669718829228014,1.432204587467905,Medium,0.3566971882922802,Base
273:30,0.5153374233128822,0.21212121212121238,0.5274725274725274,0.4183103876355407,0.41467254626763805,1.5152915049231848,Medium,0.4146725462676381,Base
274:00,0.5153374233128822,0.21212121212121238,0.5274725274725274,0.4183103876355407,0.41467254626763805,1.5152915049231848,Medium,0.4146725462676381,Base
274:30,0.4815950920245413,0.21212121212121238,0.5274725274725274,0.4070629438727604,0.4079240800099699,1.500939243215985,Medium,0.40792408000996994,Base
275:00,0.4815950920245413,0.21212121212121238,0.5274725274725274,0.4070629438727604,0.4079240800099699,1.500939243215985,Medium,0.40792408000996994,Base
275:30,0.4815950920245413,0.21212121212121238,0.5384615384615383,0.410725947535764,0.4128691349550248,1.5182469582300508,Medium,0.41286913495502486,Base
276:00,0.4815950920245413,0.21212121212121238,0.5384615384615383,0.410725947535764,0.4128691349550248,1.5182469582300508,Medium,0.41286913495502486,Base
276:30,0.4815950920245413,0.21212121212121238,0.5494505494505493,0.4143889511987677,0.41781418990007974,1.5357542529408716,Medium,0.4178141899000798,Base
277:00,0.4815950920245413,0.21212121212121238,0.5604395604395602,0.4180519548617713,0.4227592448451347,1.5534634287530702,Medium,0.4227592448451347,Base
277:30,0.4815950920245413,0.36363636363636376,0.5604395604395602,0.46855700536682177,0.4757895478754377,1.8177110984893716,Medium,0.4757895478754377,Base
278:00,0.4815950920245413,0.36363636363636376,0.5714285714285712,0.4722200090298254,0.48073460282049263,1.8386715909361877,Medium,0.48073460282049263,Base
278:30,0.4815950920245413,0.36363636363636376,0.5824175824175826,0.47588301269282923,0.4856796577655477,1.8598737841923239,Medium,0.4856796577655477,Base
279:00,0.4815950920245413,0.36363636363636376,0.5824175824175826,0.47588301269282923,0.4856796577655477,1.8598737841923239,Medium,0.4856796577655477,Base
279:30,0.4815950920245413,0.36363636363636376,0.5934065934065935,0.4795460163558329,0.49062471271060265,1.8813204653717441,Medium,0.49062471271060265,Base
280:00,0.4815950920245413,0.36363636363636376,0.6043956043956045,0.48320902001883653,0.4955697676556576,1.9030144537273395,Medium,0.4955697676556576,Base
280:30,0.4815950920245413,0.36363636363636376,0.6043956043956045,0.48320902001883653,0.4955697676556576,1.9030144537273395,Medium,0.4955697676556576,Base
281:00,0.4815950920245413,0.36363636363636376,0.5934065934065935,0.4795460163558329,0.49062471271060265,1.8813204653717441,Medium,0.49062471271060265,Base
281:30,0.4815950920245413,0.36363636363636376,0.5934065934065935,0.4795460163558329,0.49062471271060265,1.8813204653717441,Medium,0.49062471271060265,Base
282:00,0.4815950920245413,0.4545454545454546,0.5934065934065935,0.5098490466588631,0.5224428945287845,2.0672693943805043,High,0.5224428945287845,Base
282:30,0.4815950920245413,0.4545454545454546,0.6043956043956045,0.5135120503218668,0.5273879494738394,2.0911076074840373,High,0.5273879494738394,Base
283:00,0.4815950920245413,0.4545454545454546,0.5934065934065935,0.5098490466588631,0.5224428945287845,2.0672693943805043,High,0.5224428945287845,Base
283:30,0.5153374233128822,0.4545454545454546,0.5934065934065935,0.5210964904216434,0.5291913607864526,2.087037010892323,High,0.5291913607864525,Base
284:00,0.4815950920245413,0.4545454545454546,0.6043956043956045,0.5135120503218668,0.5273879494738394,2.0911076074840373,High,0.5273879494738394,Base
284:30,0.4815950920245413,0.4545454545454546,0.6153846153846154,0.5171750539848704,0.5323330044188943,2.115220705131169,High,0.5323330044188943,Base
285:00,0.4815950920245413,0.4545454545454546,0.6263736263736264,0.520838057647874,0.5372780593639492,2.139611857086008,High,0.5372780593639492,Base
285:30,0.5153374233128822,0.4545454545454546,0.6263736263736264,0.5320855014106544,0.5440265256216174,2.1600712257536756,High,0.5440265256216172,Base
286:00,0.5153374233128822,0.4545454545454546,0.6263736263736264,0.5320855014106544,0.5440265256216174,2.1600712257536756,High,0.5440265256216172,Base
286:30,0.5153374233128822,0.36363636363636376,0.6153846153846154,0.4981194674446205,0.5072632888583807,1.943365415116276,Medium,0.5072632888583806,Base
287:00,0.4815950920245413,0.36363636363636376,0.6153846153846154,0.4868720236818402,0.5005148226007126,1.9249586010215294,Medium,0.5005148226007126,Base
287:30,0.4815950920245413,0.36363636363636376,0.6263736263736264,0.49053502734484383,0.5054598775457675,1.9471557919011349,High,0.5054598775457675,Base
288:00,0.4815950920245413,0.36363636363636376,0.6263736263736264,0.49053502734484383,0.5054598775457675,1.9471557919011349,High,0.5054598775457675,Base
288:30,0.5153374233128822,0.36363636363636376,0.6043956043956045,0.49445646378161684,0.5023182339133258,1.92121143378228,Medium,0.5023182339133256,Base
289:00,0.5153374233128822,0.36363636363636376,0.5714285714285712,0.4834674527926057,0.48748306907816086,1.8562533125055214,Medium,0.4874830690781608,Base
289:30,0.5153374233128822,0.36363636363636376,0.5274725274725274,0.4688154381405911,0.46770284929794104,1.7730460434182211,Medium,0.4677028492979411,Base
290:00,0.5153374233128822,0.36363636363636376,0.5274725274725274,0.4688154381405911,0.46770284929794104,1.7730460434182211,Medium,0.4677028492979411,Base
290:30,0.5153374233128822,0.4242424242424243,0.4835164835164836,0.4743654436905967,0.46913475072984256,1.8034010405347625,Medium,0.46913475072984256,Base
291:00,0.5153374233128822,0.4242424242424243,0.43956043956043933,0.459713429038582,0.44935453094962263,1.72256289487804,Medium,0.44935453094962263,Base
291:30,0.5153374233128822,0.4242424242424243,0.4725274725274726,0.47070244002759304,0.46418969578478764,1.7828426253859955,Medium,0.46418969578478764,Base
292:00,0.5153374233128822,0.4242424242424243,0.5054945054945055,0.481691451016604,0.4790248606199524,1.8452317975409962,Medium,0.4790248606199524,Base
292:30,0.5153374233128822,0.4242424242424243,0.4725274725274726,0.47070244002759304,0.46418969578478764,1.7828426253859955,Medium,0.46418969578478764,Base
293:00,0.5153374233128822,0.4242424242424243,0.4615384615384617,0.4670394363645894,0.4592446408397327,1.7625185721034633,Medium,0.4592446408397327,Base
293:30,0.5153374233128822,0.4242424242424243,0.5054945054945055,0.481691451016604,0.4790248606199524,1.8452317975409962,Medium,0.4790248606199524,Base
294:00,0.5153374233128822,0.4242424242424243,0.5384615384615383,0.49268046200561494,0.4938600254551172,1.9098042295904831,Medium,0.4938600254551172,Base
294:30,0.5153374233128822,0.4242424242424243,0.5494505494505493,0.4963434656686186,0.49880508040017213,1.9318266715299623,Medium,0.49880508040017213,Base
295:00,0.5153374233128822,0.36363636363636376,0.5604395604395602,0.4798044491296021,0.48253801413310593,1.8350923919104851,Medium,0.4825380141331059,Base
295:30,0.5153374233128822,0.36363636363636376,0.5604395604395602,0.4798044491296021,0.48253801413310593,1.8350923919104851,Medium,0.4825380141331059,Base
296:00,0.5153374233128822,0.36363636363636376,0.5604395604395602,0.4798044491296021,0.48253801413310593,1.8350923919104851,Medium,0.4825380141331059,Base
296:30,0.5490797546012267,0.36363636363636376,0.5714285714285712,0.4947148965553872,0.49423153533582975,1.8740031537841433,Medium,0.4942315353358297,Base
297:00,0.5490797546012267,0.36363636363636376,0.5824175824175826,0.498377900218391,0.4991765902808848,1.8956127643448357,Medium,0.4991765902808848,Base
297:30,0.5490797546012267,0.36363636363636376,0.5934065934065935,0.5020409038813947,0.5041216452259397,1.9174715608621478,Medium,0.5041216452259396,Base
298:00,0.5490797546012267,0.36363636363636376,0.6043956043956045,0.5057039075443983,0.5090667001709946,1.9395824167631968,Medium,0.5090667001709945,Base
298:30,0.5490797546012267,0.36363636363636376,0.6153846153846154,0.509366911207402,0.5140117551160496,1.9619482386093248,High,0.5140117551160495,Base
299:00,0.5490797546012267,0.36363636363636376,0.6153846153846154,0.509366911207402,0.5140117551160496,1.9619482386093248,High,0.5140117551160495,Base
299:30,0.5490797546012267,0.27272727272727293,0.6043956043956045,0.47540087724136804,0.4772485183528129,1.7651188107611264,Medium,0.47724851835281284,Base
300:00,0.5490797546012267,0.27272727272727293,0.6043956043956045,0.47540087724136804,0.4772485183528129,1.7651188107611264,Medium,0.47724851835281284,Base
300:30,0.5490797546012267,0.27272727272727293,0.6043956043956045,0.47540087724136804,0.4772485183528129,1.7651188107611264,Medium,0.47724851835281284,Base
301:00,0.5490797546012267,0.27272727272727293,0.5934065934065935,0.4717378735783644,0.472303463407758,1.7449968054595413,Medium,0.4723034634077579,Base
301:30,0.5490797546012267,0.27272727272727293,0.5934065934065935,0.4717378735783644,0.472303463407758,1.7449968054595413,Medium,0.4723034634077579,Base
302:00,0.5490797546012267,0.27272727272727293,0.5934065934065935,0.4717378735783644,0.472303463407758,1.7449968054595413,Medium,0.4723034634077579,Base
302:30,0.5490797546012267,0.27272727272727293,0.6043956043956045,0.47540087724136804,0.4772485183528129,1.7651188107611264,Medium,0.47724851835281284,Base
303:00,0.5858895705521476,0.27272727272727293,0.6153846153846154,0.49133381955467864,0.489555536488052,1.8041060384692622,Medium,0.48955553648805195,Base
303:30,0.5858895705521476,0.27272727272727293,0.6153846153846154,0.49133381955467864,0.489555536488052,1.8041060384692622,Medium,0.48955553648805195,Base
304:00,0.5858895705521476,0.36363636363636376,0.6043956043956045,0.5179738461947053,0.5164286633611789,1.9598238942639834,High,0.5164286633611788,Base
304:30,0.5858895705521476,0.36363636363636376,0.6043956043956045,0.5179738461947053,0.5164286633611789,1.9598238942639834,High,0.5164286633611788,Base
305:00,0.5858895705521476,0.36363636363636376,0.6153846153846154,0.521636849857709,0.5213737183062338,1.9824231257738474,High,0.5213737183062337,Base
305:30,0.5858895705521476,0.36363636363636376,0.6373626373626373,0.5289628571837163,0.5312638281963437,2.028406386398558,High,0.5312638281963435,Base
306:00,0.5858895705521476,0.36363636363636376,0.6483516483516483,0.5326258608467199,0.5362088831413986,2.0488206354027105,High,0.5362088831413985,Base
306:30,0.5858895705521476,0.36363636363636376,0.6483516483516483,0.5326258608467199,0.5362088831413986,2.0488206354027105,High,0.5362088831413985,Base
307:00,0.5858895705521476,0.36363636363636376,0.6483516483516483,0.5326258608467199,0.5362088831413986,2.0488206354027105,High,0.5362088831413985,Base
307:30,0.5858895705521476,0.36363636363636376,0.6483516483516483,0.5326258608467199,0.5362088831413986,2.0488206354027105,High,0.5362088831413985,Base
308:00,0.5858895705521476,0.39393939393939403,0.6483516483516483,0.54272687094773,0.5468149437474592,2.1142128333413877,High,0.5468149437474592,Base
308:30,0.5858895705521476,0.39393939393939403,0.6593406593406592,0.5463898746107336,0.5517599986925141,2.1142128333413877,High,0.5517599986925141,Base
309:00,0.6196319018404921,0.39393939393939403,0.6703296703296702,0.5613003220365188,0.563453519895238,2.1344293317945984,High,0.563453519895238,Base
309:30,0.5858895705521476,0.39393939393939403,0.6703296703296702,0.5500528782737373,0.5567050536375691,2.1142128333413877,High,0.5567050536375691,Base
310:00,0.6196319018404921,0.39393939393939403,0.6813186813186811,0.5649633256995225,0.5683985748402929,2.1344293317945984,High,0.5683985748402929,Base
310:30,0.6196319018404921,0.39393939393939403,0.6703296703296702,0.5613003220365188,0.563453519895238,2.1344293317945984,High,0.563453519895238,Base
311:00,0.6196319018404921,0.39393939393939403,0.6043956043956045,0.5393223000584969,0.5337831902249084,2.041713917161295,High,0.5337831902249084,Base
311:30,0.6196319018404921,0.39393939393939403,0.5494505494505493,0.5210072817434784,0.5090579154996335,1.9279614871690363,Medium,0.5090579154996335,Base
312:00,0.6196319018404921,0.39393939393939403,0.5824175824175826,0.5319962927324896,0.5238930803347985,1.9954289794863456,High,0.5238930803347985,Base
312:30,0.6196319018404921,0.36363636363636376,0.6153846153846154,0.5328842936204904,0.5281221845639027,2.001379426399682,High,0.5281221845639026,Base
313:00,0.6196319018404921,0.36363636363636376,0.6263736263736264,0.536547297283494,0.5330672395089576,2.0244578453987883,High,0.5330672395089575,Base
313:30,0.6196319018404921,0.36363636363636376,0.6373626373626373,0.5402103009464977,0.5380122944540126,2.047802387560986,High,0.5380122944540124,Base
314:00,0.6196319018404921,0.36363636363636376,0.6483516483516483,0.5438733046095013,0.5429573493990675,2.0684118414314168,High,0.5429573493990674,Base
314:30,0.6196319018404921,0.36363636363636376,0.6483516483516483,0.5438733046095013,0.5429573493990675,2.0684118414314168,High,0.5429573493990674,Base
315:00,0.6533742331288366,0.36363636363636376,0.6593406593406592,0.5587837520352865,0.5546508706017913,2.0881903822355667,High,0.5546508706017912,Base
315:30,0.6533742331288366,0.36363636363636376,0.6703296703296702,0.5624467556982902,0.5595959255468462,2.0881903822355667,High,0.5595959255468461,Base
316:00,0.6196319018404921,0.36363636363636376,0.6703296703296702,0.5511993119355086,0.5528474592891773,2.0684118414314168,High,0.5528474592891772,Base
316:30,0.6533742331288366,0.36363636363636376,0.6813186813186811,0.5661097593612938,0.5645409804919012,2.0881903822355667,High,0.564540980491901,Base
317:00,0.6533742331288366,0.21212121212121238,0.6813186813186811,0.5156047088562433,0.5115106774615982,1.784622096312637,Medium,0.5115106774615981,Base
317:30,0.6533742331288366,0.21212121212121238,0.6923076923076921,0.519267712519247,0.5164557324066531,1.784622096312637,Medium,0.516455732406653,Base
318:00,0.6533742331288366,0.21212121212121238,0.6923076923076921,0.519267712519247,0.5164557324066531,1.784622096312637,Medium,0.516455732406653,Base
318:30,0.6533742331288366,0.21212121212121238,0.6923076923076921,0.519267712519247,0.5164557324066531,1.784622096312637,Medium,0.516455732406653,Base
319:00,0.6533742331288366,0.21212121212121238,0.6923076923076921,0.519267712519247,0.5164557324066531,1.784622096312637,Medium,0.516455732406653,Base
319:30,0.6533742331288366,0.21212121212121238,0.6923076923076921,0.519267712519247,0.5164557324066531,1.784622096312637,Medium,0.516455732406653,Base
320:00,0.6533742331288366,0.21212121212121238,0.6923076923076921,0.519267712519247,0.5164557324066531,1.784622096312637,Medium,0.516455732406653,Base
320:30,0.6533742331288366,0.21212121212121238,0.7142857142857144,0.5265937198452545,0.5263458422967632,1.784622096312637,Medium,0.5263458422967631,Base
321:00,0.6533742331288366,0.21212121212121238,0.7142857142857144,0.5265937198452545,0.5263458422967632,1.784622096312637,Medium,0.5263458422967631,Base
321:30,0.6533742331288366,0.21212121212121238,0.6813186813186811,0.5156047088562433,0.5115106774615982,1.784622096312637,Medium,0.5115106774615981,Base
322:00,0.6533742331288366,0.1818181818181821,0.6593406593406592,0.49817769142922597,0.4910145069654277,1.7294240767341753,Medium,0.49101450696542764,Base
322:30,0.6533742331288366,0.1818181818181821,0.6813186813186811,0.5055036987552333,0.5009046168555376,1.7294240767341753,Medium,0.5009046168555376,Base
323:00,0.6533742331288366,0.1818181818181821,0.6923076923076921,0.5091667024182369,0.5058496718005925,1.7294240767341753,Medium,0.5058496718005925,Base
323:30,0.6533742331288366,0.1818181818181821,0.7142857142857144,0.5164927097442443,0.5157397816907026,1.7294240767341753,Medium,0.5157397816907026,Base
324:00,0.6901840490797575,0.1818181818181821,0.6923076923076921,0.5214366410685439,0.5132116349907767,1.7474723422968998,Medium,0.5132116349907767,Base
324:30,0.6901840490797575,0.1818181818181821,0.6373626373626373,0.5031216227535257,0.488486360265502,1.7300606982968838,Medium,0.488486360265502,Base
325:00,0.6901840490797575,0.1818181818181821,0.6153846153846154,0.4957956154275183,0.47859625037539216,1.6908408296749937,Medium,0.47859625037539216,Base
325:30,0.6901840490797575,0.1818181818181821,0.6373626373626373,0.5031216227535257,0.488486360265502,1.7300606982968838,Medium,0.488486360265502,Base
326:00,0.6901840490797575,0.1818181818181821,0.6593406593406592,0.510447630079533,0.4983764701556119,1.7474723422968998,Medium,0.4983764701556119,Base
326:30,0.6901840490797575,0.1818181818181821,0.6703296703296702,0.5141106337425366,0.5033215251006669,1.7474723422968998,Medium,0.5033215251006669,Base
327:00,0.6901840490797575,0.1818181818181821,0.6923076923076921,0.5214366410685439,0.5132116349907767,1.7474723422968998,Medium,0.5132116349907767,Base
327:30,0.6901840490797575,0.1818181818181821,0.7032967032967035,0.5250996447315477,0.5181566899358319,1.7474723422968998,Medium,0.5181566899358319,Base
328:00,0.6901840490797575,0.1818181818181821,0.7142857142857144,0.5287626483945513,0.5231017448808868,1.7474723422968998,Medium,0.5231017448808868,Base
328:30,0.6901840490797575,0.1818181818181821,0.7362637362637363,0.5360886557205586,0.5329918547709966,1.7474723422968998,Medium,0.5329918547709966,Base
329:00,0.6901840490797575,0.1818181818181821,0.7362637362637363,0.5360886557205586,0.5329918547709966,1.7474723422968998,Medium,0.5329918547709966,Base
329:30,0.6901840490797575,0.1818181818181821,0.6263736263736264,0.49945861909052197,0.4835413053204471,1.7103383485428845,Medium,0.4835413053204471,Base
330:00,0.6901840490797575,0.1818181818181821,0.4945054945054945,0.45550257513447806,0.4242006459797878,1.490494403353624,Medium,0.42420064597978774,Base
330:30,0.6901840490797575,0.1818181818181821,0.5274725274725274,0.466491586123489,0.4390358108149526,1.5426530799540117,Medium,0.4390358108149525,Base
331:00,0.6901840490797575,0.1818181818181821,0.5824175824175826,0.48480660443850737,0.4637610855402274,1.6336717738686302,Medium,0.4637610855402274,Base
331:30,0.6901840490797575,0.15151515151515182,0.6153846153846154,0.48569460532650827,0.4679901897693316,1.6681521919100735,Medium,0.46799018976933154,Base
332:00,0.6901840490797575,0.15151515151515182,0.6373626373626373,0.49302061265251557,0.47788029965944145,1.706845786635135,Medium,0.4778802996594414,Base
332:30,0.723926380368102,0.15151515151515182,0.6593406593406592,0.5115940637413043,0.4945188758072202,1.7405092294359108,Medium,0.49451887580722015,Base
333:00,0.6901840490797575,0.15151515151515182,0.6703296703296702,0.5040096236415265,0.49271546449460624,1.7240237915624042,Medium,0.4927154644946062,Base
333:30,0.723926380368102,0.15151515151515182,0.6703296703296702,0.515257067404308,0.49946393075227513,1.7405092294359108,Medium,0.4994639307522751,Base
334:00,0.723926380368102,0.15151515151515182,0.6593406593406592,0.5115940637413043,0.4945188758072202,1.7405092294359108,Medium,0.49451887580722015,Base
334:30,0.723926380368102,0.15151515151515182,0.6703296703296702,0.515257067404308,0.49946393075227513,1.7405092294359108,Medium,0.4994639307522751,Base
335:00,0.6901840490797575,0.15151515151515182,0.6923076923076921,0.5113356309675338,0.5026055743847161,1.7240237915624042,Medium,0.502605574384716,Base
335:30,0.723926380368102,0.4242424242424243,0.7032967032967035,0.6171551693024099,0.6097536410419855,2.268305297008851,High,0.6097536410419855,Base
336:00,0.723926380368102,0.4242424242424243,0.7032967032967035,0.6171551693024099,0.6097536410419855,2.268305297008851,High,0.6097536410419855,Base
336:30,0.723926380368102,0.4242424242424243,0.7142857142857144,0.6208181729654135,0.6146986959870404,2.268305297008851,High,0.6146986959870404,Base
337:00,0.723926380368102,0.4242424242424243,0.7252747252747254,0.6244811766284172,0.6196437509320953,2.268305297008851,High,0.6196437509320953,Base
337:30,0.723926380368102,0.4242424242424243,0.7362637362637363,0.6281441802914208,0.6245888058771503,2.268305297008851,High,0.6245888058771503,Base
338:00,0.723926380368102,0.4242424242424243,0.7472527472527473,0.6318071839544245,0.6295338608222052,2.268305297008851,High,0.6295338608222052,Base
338:30,0.723926380368102,0.4242424242424243,0.7472527472527473,0.6318071839544245,0.6295338608222052,2.268305297008851,High,0.6295338608222052,Base
339:00,0.723926380368102,0.4242424242424243,0.7582417582417582,0.6354701876174281,0.6344789157672601,2.268305297008851,High,0.6344789157672601,Base
339:30,0.6901840490797575,0.4242424242424243,0.7692307692307692,0.6278857475176504,0.6326755044546462,2.2468207766055293,High,0.6326755044546462,Base
340:00,0.723926380368102,0.3030303030303032,0.7802197802197801,0.6023921545393951,0.6019447832331276,2.0004257983174583,High,0.6019447832331275,Base
340:30,0.723926380368102,0.3030303030303032,0.7912087912087911,0.6060551582023987,0.6068898381781825,2.0004257983174583,High,0.6068898381781824,Base
341:00,0.723926380368102,0.3030303030303032,0.802197802197802,0.6097181618654024,0.6118348931232375,2.0004257983174583,High,0.6118348931232374,Base
341:30,0.6901840490797575,0.3030303030303032,0.813186813186813,0.6021337217656245,0.6100314818106235,1.9814785300921642,High,0.6100314818106234,Base
342:00,0.6901840490797575,0.3030303030303032,0.8241758241758244,0.6057967254286284,0.6149765367556785,1.9814785300921642,High,0.6149765367556785,Base
342:30,0.6901840490797575,0.3030303030303032,0.8351648351648353,0.609459729091632,0.6199215917007335,1.9814785300921642,High,0.6199215917007335,Base
343:00,0.723926380368102,0.3030303030303032,0.8461538461538463,0.6243701765174171,0.6316151129034573,2.0004257983174583,High,0.6316151129034573,Base
343:30,0.6901840490797575,0.3030303030303032,0.8571428571428572,0.6167857364176393,0.6298117015908433,1.9814785300921642,High,0.6298117015908433,Base
344:00,0.6901840490797575,0.3030303030303032,0.8681318681318682,0.620448740080643,0.6347567565358982,1.9814785300921642,High,0.6347567565358982,Base
344:30,0.6901840490797575,0.39393939393939403,0.8681318681318682,0.6507517703836733,0.66657493835408,2.177327040383942,High,0.66657493835408,Base
345:00,0.6901840490797575,0.39393939393939403,0.8791208791208791,0.6544147740466769,0.6715199932991349,2.177327040383942,High,0.6715199932991349,Base
345:30,0.6901840490797575,0.39393939393939403,0.8901098901098901,0.6580777777096806,0.6764650482441898,2.177327040383942,High,0.6764650482441898,Base
346:00,0.6901840490797575,0.39393939393939403,0.901098901098901,0.6617407813726842,0.6814101031892448,2.177327040383942,High,0.6814101031892448,Base
346:30,0.6901840490797575,0.39393939393939403,0.901098901098901,0.6617407813726842,0.6814101031892448,2.177327040383942,High,0.6814101031892448,Base
347:00,0.723926380368102,0.39393939393939403,0.912087912087912,0.6766512287984693,0.6931036243919686,2.198147048686743,High,0.6931036243919686,Base
347:30,0.6901840490797575,0.39393939393939403,0.9230769230769229,0.6690667886986915,0.6913002130793546,2.177327040383942,High,0.6913002130793546,Base
348:00,0.6901840490797575,0.39393939393939403,0.9340659340659339,0.6727297923616952,0.6962452680244096,2.177327040383942,High,0.6962452680244096,Base
348:30,0.6901840490797575,0.39393939393939403,0.9450549450549453,0.6763927960246989,0.7011903229694647,2.177327040383942,High,0.7011903229694647,Base
349:00,0.6901840490797575,0.39393939393939403,0.9560439560439562,0.6800557996877026,0.7061353779145196,2.177327040383942,High,0.7061353779145196,Base
349:30,0.6901840490797575,0.09090909090909127,0.9560439560439562,0.5790456986776017,0.6000747718539138,1.7240237915624042,Medium,0.6000747718539137,Base
350:00,0.6901840490797575,0.09090909090909127,0.9670329670329672,0.5827087023406053,0.6050198267989687,1.7240237915624042,Medium,0.6050198267989686,Base
350:30,0.6901840490797575,0.09090909090909127,0.9670329670329672,0.5827087023406053,0.6050198267989687,1.7240237915624042,Medium,0.6050198267989686,Base
351:00,0.6901840490797575,0.09090909090909127,0.9780219780219781,0.586371706003609,0.6099648817440236,1.7240237915624042,Medium,0.6099648817440235,Base
351:30,0.6901840490797575,0.09090909090909127,0.9780219780219781,0.586371706003609,0.6099648817440236,1.7240237915624042,Medium,0.6099648817440235,Base
352:00,0.723926380368102,0.09090909090909127,0.989010989010989,0.6012821534293941,0.6216584029467475,1.7405092294359108,Medium,0.6216584029467473,Base
352:30,0.6901840490797575,0.09090909090909127,0.989010989010989,0.5900347096666126,0.6149099366890786,1.7240237915624042,Medium,0.6149099366890785,Base
353:00,0.6901840490797575,0.09090909090909127,1.0,0.5936977133296163,0.6198549916341335,1.7240237915624042,Medium,0.6198549916341334,Base
353:30,1.0,0.0625,0.7000000000000002,0.5875,0.5368750000000001,1.881448803004899,Medium,0.5368750000000001,After_Lunch
354:00,1.0,0.0625,0.7000000000000002,0.5875,0.5368750000000001,1.881448803004899,Medium,0.5368750000000001,After_Lunch
354:30,1.0,0.0625,0.7375000000000003,0.6000000000000001,0.5537500000000002,1.881448803004899,Medium,0.5537500000000001,After_Lunch
355:00,1.0,0.0625,0.8125,0.625,0.5875,1.881448803004899,Medium,0.5875,After_Lunch
355:30,1.0,0.0625,0.8875000000000002,0.65,0.6212500000000001,1.881448803004899,Medium,0.6212500000000001,After_Lunch
356:00,1.0,0.0625,0.8125,0.625,0.5875,1.881448803004899,Medium,0.5875,After_Lunch
356:30,1.0,0.0625,0.7625000000000002,0.6083333333333334,0.5650000000000001,1.881448803004899,Medium,0.5650000000000001,After_Lunch
357:00,1.0,0.0625,0.8625000000000003,0.6416666666666667,0.6100000000000001,1.881448803004899,Medium,0.6100000000000002,After_Lunch
357:30,0.9516129032258078,0.0625,0.9375,0.6505376344086026,0.6340725806451616,1.8559467080104262,Medium,0.6340725806451616,After_Lunch
358:00,0.9516129032258078,0.0625,0.9750000000000001,0.6630376344086026,0.6509475806451616,1.8559467080104262,Medium,0.6509475806451617,After_Lunch
358:30,0.9516129032258078,0.0625,1.0,0.6713709677419359,0.6621975806451615,1.8559467080104262,Medium,0.6621975806451617,After_Lunch
359:00,0.9516129032258078,0.0625,0.9500000000000002,0.6547043010752693,0.6396975806451617,1.8559467080104262,Medium,0.6396975806451617,After_Lunch
359:30,0.9516129032258078,0.0625,0.7250000000000001,0.5797043010752693,0.5384475806451616,1.8559467080104262,Medium,0.5384475806451616,After_Lunch
360:00,0.9516129032258078,0.0625,0.5500000000000003,0.521370967741936,0.45969758064516175,1.6773783790075596,Medium,0.45969758064516164,After_Lunch
360:30,0.9516129032258078,0.0625,0.5,0.5047043010752693,0.43719758064516157,1.592117786007568,Low,0.4371975806451615,After_Lunch
361:00,0.9072580645161281,0.5,0.48750000000000027,0.6315860215053761,0.5758266129032258,2.187838833050291,Medium,0.5758266129032257,After_Lunch
361:30,0.9516129032258078,0.5,0.5500000000000003,0.6672043010752694,0.6128225806451617,2.364656867990887,High,0.6128225806451617,After_Lunch
362:00,0.9072580645161281,0.5,0.6000000000000001,0.6690860215053761,0.6264516129032257,2.460316514688828,High,0.6264516129032257,After_Lunch
362:30,0.9072580645161281,0.5,0.6625000000000001,0.6899193548387094,0.6545766129032257,2.5838636715604597,High,0.6545766129032257,After_Lunch
363:00,0.9072580645161281,0.5,0.7000000000000002,0.7024193548387094,0.6714516129032257,2.5838636715604597,High,0.6714516129032257,After_Lunch
363:30,0.9072580645161281,0.5,0.75,0.719086021505376,0.6939516129032256,2.5838636715604597,High,0.6939516129032257,After_Lunch
364:00,0.9072580645161281,0.5,0.8000000000000003,0.7357526881720428,0.7164516129032258,2.5838636715604597,High,0.7164516129032258,After_Lunch
364:30,0.9072580645161281,1.0,0.75,0.8857526881720427,0.8689516129032256,2.600971392770613,High,0.8689516129032256,After_Lunch
365:00,0.9072580645161281,1.0,0.7125000000000004,0.8732526881720428,0.8520766129032258,2.600971392770613,High,0.8520766129032259,After_Lunch
365:30,0.8629032258064555,1.0,0.7125000000000004,0.8584677419354853,0.8432056451612913,2.5686360934997263,High,0.8432056451612914,After_Lunch
366:00,0.8629032258064555,1.0,0.7000000000000002,0.8543010752688186,0.8375806451612912,2.5686360934997263,High,0.8375806451612912,After_Lunch
366:30,0.8629032258064555,1.0,0.75,0.8709677419354852,0.8600806451612911,2.5686360934997263,High,0.8600806451612911,After_Lunch
367:00,0.8629032258064555,1.0,0.7750000000000004,0.8793010752688186,0.8713306451612913,2.5686360934997263,High,0.8713306451612913,After_Lunch
367:30,0.8629032258064555,1.0,0.7625000000000002,0.8751344086021519,0.8657056451612911,2.5686360934997263,High,0.8657056451612912,After_Lunch
368:00,0.8629032258064555,1.0,0.7625000000000002,0.8751344086021519,0.8657056451612911,2.5686360934997263,High,0.8657056451612912,After_Lunch
368:30,0.8185483870967758,1.0,0.7875000000000001,0.8686827956989253,0.8680846774193551,2.536702786954262,High,0.8680846774193552,After_Lunch
369:00,0.8185483870967758,1.0,0.8250000000000002,0.8811827956989253,0.8849596774193552,2.536702786954262,High,0.8849596774193553,After_Lunch
369:30,0.8185483870967758,1.0,0.875,0.8978494623655919,0.9074596774193551,2.536702786954262,High,0.9074596774193553,After_Lunch
370:00,0.8185483870967758,1.0,0.9000000000000004,0.9061827956989253,0.9187096774193553,2.536702786954262,High,0.9187096774193554,After_Lunch
370:30,0.8185483870967758,1.0,0.9125000000000001,0.910349462365592,0.9243346774193553,2.536702786954262,High,0.9243346774193553,After_Lunch
371:00,0.8185483870967758,1.0,0.9250000000000003,0.9145161290322587,0.9299596774193553,2.536702786954262,High,0.9299596774193554,After_Lunch
371:30,0.8185483870967758,1.0,0.875,0.8978494623655919,0.9074596774193551,2.536702786954262,High,0.9074596774193553,After_Lunch
372:00,0.8185483870967758,1.0,0.7625000000000002,0.860349462365592,0.8568346774193552,2.536702786954262,High,0.8568346774193553,After_Lunch
372:30,0.7701612903225765,1.0,0.75,0.8400537634408588,0.8415322580645153,2.5023190528115413,High,0.8415322580645154,After_Lunch
373:00,0.7701612903225765,1.0,0.8250000000000002,0.8650537634408589,0.8752822580645154,2.5023190528115413,High,0.8752822580645155,After_Lunch
373:30,0.7701612903225765,1.0,0.8500000000000001,0.8733870967741922,0.8865322580645154,2.5023190528115413,High,0.8865322580645155,After_Lunch
374:00,0.7701612903225765,1.0,0.8500000000000001,0.8733870967741922,0.8865322580645154,2.5023190528115413,High,0.8865322580645155,After_Lunch
374:30,0.7701612903225765,0.9375,0.8375000000000004,0.8483870967741923,0.8590322580645156,2.5023190528115413,High,0.8590322580645157,After_Lunch
375:00,0.7701612903225765,0.9375,0.7750000000000004,0.827553763440859,0.8309072580645154,2.5023190528115413,High,0.8309072580645156,After_Lunch
375:30,0.7701612903225765,0.9375,0.75,0.8192204301075255,0.8196572580645154,2.5023190528115413,High,0.8196572580645155,After_Lunch
376:00,0.7258064516129039,0.9375,0.7750000000000004,0.8127688172043014,0.8220362903225809,2.4712102003002063,High,0.8220362903225811,After_Lunch
376:30,0.7258064516129039,0.9375,0.7375000000000003,0.8002688172043014,0.8051612903225809,2.4712102003002063,High,0.805161290322581,After_Lunch
377:00,0.7258064516129039,0.9375,0.75,0.804435483870968,0.8107862903225809,2.4712102003002063,High,0.810786290322581,After_Lunch
377:30,0.7258064516129039,0.9375,0.8000000000000003,0.8211021505376347,0.8332862903225808,2.4712102003002063,High,0.8332862903225811,After_Lunch
378:00,0.7258064516129039,0.6875,0.8125,0.741935483870968,0.7514112903225807,2.4712102003002063,High,0.7514112903225809,After_Lunch
378:30,0.7258064516129039,0.6875,0.8375000000000004,0.7502688172043014,0.7626612903225809,2.4712102003002063,High,0.762661290322581,After_Lunch
379:00,0.7258064516129039,0.6875,0.8250000000000002,0.7461021505376347,0.7570362903225809,2.4712102003002063,High,0.757036290322581,After_Lunch
379:30,0.6814516129032242,0.6875,0.8000000000000003,0.7229838709677415,0.7369153225806451,2.4404880933173736,High,0.7369153225806451,After_Lunch
380:00,0.6814516129032242,0.6875,0.8250000000000002,0.7313172043010748,0.7481653225806449,2.4404880933173736,High,0.748165322580645,After_Lunch
380:30,0.6814516129032242,0.6875,0.8625000000000003,0.7438172043010748,0.765040322580645,2.4404880933173736,High,0.765040322580645,After_Lunch
381:00,0.6814516129032242,0.6875,0.8875000000000002,0.7521505376344081,0.776290322580645,2.4404880933173736,High,0.776290322580645,After_Lunch
381:30,0.6814516129032242,0.6875,0.9000000000000004,0.7563172043010749,0.781915322580645,2.4404880933173736,High,0.7819153225806451,After_Lunch
382:00,0.6814516129032242,0.25,0.9125000000000001,0.6146505376344081,0.6344153225806449,1.870860483323909,Medium,0.6344153225806449,After_Lunch
382:30,0.6814516129032242,0.25,0.9375,0.6229838709677414,0.6456653225806449,1.870860483323909,Medium,0.6456653225806449,After_Lunch
383:00,0.6814516129032242,0.25,0.9375,0.6229838709677414,0.6456653225806449,1.870860483323909,Medium,0.6456653225806449,After_Lunch
383:30,0.633064516129032,0.25,0.9500000000000002,0.611021505376344,0.6416129032258066,1.8455019076927615,Medium,0.6416129032258066,After_Lunch
384:00,0.633064516129032,0.25,0.9625000000000004,0.6151881720430108,0.6472379032258065,1.8455019076927615,Medium,0.6472379032258067,After_Lunch
384:30,0.633064516129032,0.25,0.9750000000000001,0.6193548387096773,0.6528629032258064,1.8455019076927615,Medium,0.6528629032258065,After_Lunch
385:00,0.633064516129032,0.25,0.9875000000000003,0.6235215053763441,0.6584879032258065,1.8455019076927615,Medium,0.6584879032258066,After_Lunch
385:30,0.633064516129032,0.5,0.9875000000000003,0.7068548387096775,0.7459879032258065,2.3915739272940764,High,0.7459879032258067,After_Lunch
386:00,0.633064516129032,0.5,0.9625000000000004,0.6985215053763442,0.7347379032258066,2.3915739272940764,High,0.7347379032258067,After_Lunch
386:30,0.633064516129032,0.5,0.9250000000000003,0.6860215053763441,0.7178629032258065,2.3915739272940764,High,0.7178629032258066,After_Lunch
387:00,0.5887096774193523,0.5,0.8500000000000001,0.6462365591397842,0.6752419354838706,2.361841859158894,High,0.6752419354838707,After_Lunch
387:30,0.633064516129032,0.5,0.7875000000000001,0.6401881720430107,0.6559879032258065,2.3915739272940764,High,0.6559879032258065,After_Lunch
388:00,0.633064516129032,0.5,0.7125000000000004,0.6151881720430108,0.6222379032258065,2.3915739272940764,High,0.6222379032258066,After_Lunch
388:30,0.633064516129032,0.5,0.6750000000000003,0.6026881720430107,0.6053629032258065,2.3915739272940764,High,0.6053629032258065,After_Lunch
389:00,0.5887096774193523,0.5,0.7250000000000001,0.6045698924731174,0.6189919354838704,2.361841859158894,High,0.6189919354838705,After_Lunch
389:30,0.5887096774193523,0.75,0.75,0.6962365591397841,0.7177419354838704,2.3774795773998716,High,0.7177419354838707,After_Lunch
390:00,0.633064516129032,0.75,0.7875000000000001,0.7235215053763441,0.7434879032258065,2.407408501096071,High,0.7434879032258065,After_Lunch
390:30,0.5887096774193523,0.75,0.8250000000000002,0.7212365591397841,0.7514919354838705,2.3774795773998716,High,0.7514919354838706,After_Lunch
391:00,0.5887096774193523,0.75,0.8375000000000004,0.7254032258064509,0.7571169354838706,2.3774795773998716,High,0.7571169354838708,After_Lunch
391:30,0.5887096774193523,0.75,0.8625000000000003,0.7337365591397842,0.7683669354838705,2.3774795773998716,High,0.7683669354838708,After_Lunch
392:00,0.5887096774193523,0.75,0.875,0.7379032258064507,0.7739919354838705,2.3774795773998716,High,0.7739919354838706,After_Lunch
392:30,0.5887096774193523,0.75,0.9000000000000004,0.7462365591397843,0.7852419354838707,2.3774795773998716,High,0.7852419354838708,After_Lunch
393:00,0.5887096774193523,0.3125,0.875,0.5920698924731175,0.6208669354838705,1.9445711205760488,Medium,0.6208669354838706,After_Lunch
393:30,0.5887096774193523,0.3125,0.8375000000000004,0.5795698924731175,0.6039919354838706,1.9445711205760488,Medium,0.6039919354838706,After_Lunch
394:00,0.5887096774193523,0.3125,0.8625000000000003,0.5879032258064508,0.6152419354838705,1.9445711205760488,Medium,0.6152419354838706,After_Lunch
394:30,0.5443548387096726,0.3125,0.9125000000000001,0.5897849462365575,0.6288709677419345,1.9203961952723223,Medium,0.6288709677419347,After_Lunch
395:00,0.5443548387096726,0.3125,0.9375,0.5981182795698908,0.6401209677419345,1.9203961952723223,Medium,0.6401209677419347,After_Lunch
395:30,0.5443548387096726,0.3125,0.9250000000000003,0.5939516129032243,0.6344959677419346,1.9203961952723223,Medium,0.6344959677419348,After_Lunch
396:00,0.5443548387096726,0.3125,0.7375000000000003,0.5314516129032243,0.5501209677419346,1.9203961952723223,Medium,0.5501209677419346,After_Lunch
396:30,0.5443548387096726,0.5,0.4750000000000001,0.5064516129032243,0.49762096774193454,1.9493938409646028,Medium,0.49762096774193454,After_Lunch
397:00,0.5443548387096726,0.5,0.4500000000000002,0.4981182795698909,0.48637096774193456,1.8992042182743145,Medium,0.48637096774193456,After_Lunch
397:30,0.5443548387096726,0.5,0.5500000000000003,0.5314516129032243,0.5313709677419346,2.108061903016924,Medium,0.5313709677419347,After_Lunch
398:00,0.5443548387096726,0.5,0.5,0.5147849462365576,0.5088709677419345,2.0009098077107623,Medium,0.5088709677419345,After_Lunch
398:30,0.5443548387096726,0.5,0.3999999999999999,0.4814516129032242,0.4638709677419345,1.802668290600107,Medium,0.4638709677419345,After_Lunch
399:00,0.5443548387096726,0.5,0.46250000000000036,0.5022849462365576,0.49199596774193466,1.924135391763777,Medium,0.49199596774193466,After_Lunch
399:30,0.5443548387096726,0.5,0.5750000000000002,0.5397849462365576,0.5426209677419346,2.163770936570107,Medium,0.5426209677419347,After_Lunch
400:00,0.5443548387096726,0.5,0.6500000000000004,0.5647849462365576,0.5763709677419346,2.3324794203567243,Medium,0.5763709677419347,After_Lunch
400:30,0.5443548387096726,0.4375,0.6750000000000003,0.5522849462365577,0.5657459677419346,2.186127526651344,Medium,0.5657459677419346,After_Lunch
401:00,0.5443548387096726,0.4375,0.6750000000000003,0.5522849462365577,0.5657459677419346,2.186127526651344,Medium,0.5657459677419346,After_Lunch
401:30,0.5443548387096726,0.4375,0.6500000000000004,0.5439516129032244,0.5544959677419347,2.186127526651344,Medium,0.5544959677419348,After_Lunch
402:00,0.5443548387096726,0.4375,0.6625000000000001,0.5481182795698909,0.5601209677419345,2.186127526651344,Medium,0.5601209677419346,After_Lunch
402:30,0.5443548387096726,0.4375,0.7125000000000004,0.5647849462365576,0.5826209677419346,2.186127526651344,Medium,0.5826209677419347,After_Lunch
403:00,0.5,0.4375,0.7125000000000004,0.5500000000000002,0.5737500000000001,2.1589495699790504,Medium,0.5737500000000002,After_Lunch
403:30,0.5,0.4375,0.6625000000000001,0.5333333333333333,0.55125,2.1589495699790504,Medium,0.5512500000000001,After_Lunch
404:00,0.5,0.4375,0.5125000000000002,0.4833333333333334,0.48375,1.8763599388644325,Medium,0.4837500000000001,After_Lunch
404:30,0.5,0.0,0.36250000000000027,0.2875000000000001,0.26312500000000016,1.2143778875128768,Low,0.26312500000000005,After_Lunch
405:00,0.5,0.0,0.4125000000000001,0.3041666666666667,0.285625,1.2794098717827465,Low,0.285625,After_Lunch
405:30,0.5,0.0,0.5125000000000002,0.3375000000000001,0.33062500000000006,1.4201080553094154,Low,0.33062500000000006,After_Lunch
406:00,0.5,0.0,0.5,0.3333333333333333,0.325,1.4017076036300522,Low,0.32499999999999996,After_Lunch
406:30,0.5,0.0,0.48750000000000027,0.3291666666666668,0.31937500000000013,1.383545568049196,Low,0.3193750000000001,After_Lunch
407:00,0.5,0.0,0.5,0.3333333333333333,0.325,1.4017076036300522,Low,0.32499999999999996,After_Lunch
407:30,0.5,0.0,0.5375000000000001,0.3458333333333334,0.34187500000000004,1.4576367669611732,Low,0.34187500000000004,After_Lunch
408:00,0.5,0.5625,0.6125000000000003,0.5583333333333335,0.5725000000000001,2.236846349222335,Medium,0.5725000000000001,After_Lunch
408:30,0.5,0.5625,0.6375000000000002,0.5666666666666668,0.5837500000000001,2.2959587254499043,Medium,0.5837500000000001,After_Lunch
409:00,0.5,0.5625,0.6500000000000004,0.5708333333333334,0.5893750000000001,2.3187333342766157,Medium,0.5893750000000002,After_Lunch
409:30,0.5,0.5625,0.6625000000000001,0.5750000000000001,0.595,2.3187333342766157,Medium,0.5950000000000001,After_Lunch
410:00,0.4516129032258007,0.5625,0.6750000000000003,0.5630376344086003,0.5909475806451603,2.28730406675515,Medium,0.5909475806451603,After_Lunch
410:30,0.5,0.5625,0.7125000000000004,0.5916666666666668,0.6175000000000002,2.3187333342766157,Medium,0.6175000000000003,After_Lunch
411:00,0.4516129032258007,0.5625,0.7250000000000001,0.5797043010752669,0.6134475806451603,2.28730406675515,Medium,0.6134475806451603,After_Lunch
411:30,0.5,0.8125,0.6500000000000004,0.6541666666666668,0.6768750000000001,2.3187333342766157,Medium,0.6768750000000003,After_Lunch
412:00,0.4516129032258007,0.8125,0.6000000000000001,0.6213709677419336,0.6446975806451603,2.177936874724521,Medium,0.6446975806451603,After_Lunch
412:30,0.4516129032258007,0.8125,0.6500000000000004,0.6380376344086004,0.6671975806451603,2.28730406675515,Medium,0.6671975806451604,After_Lunch
413:00,0.4516129032258007,0.8125,0.6750000000000003,0.6463709677419337,0.6784475806451603,2.28730406675515,Medium,0.6784475806451603,After_Lunch
413:30,0.4516129032258007,0.8125,0.625,0.6297043010752669,0.6559475806451602,2.235492470343939,Medium,0.6559475806451602,After_Lunch
414:00,0.4516129032258007,0.8125,0.5625,0.6088709677419336,0.6278225806451602,2.094369973866714,Medium,0.6278225806451602,After_Lunch
414:30,0.4516129032258007,0.8125,0.5625,0.6088709677419336,0.6278225806451602,2.094369973866714,Medium,0.6278225806451602,After_Lunch
415:00,0.4516129032258007,0.8125,0.5,0.5880376344086002,0.5996975806451602,1.9621562790410998,Medium,0.5996975806451601,After_Lunch
415:30,0.4516129032258007,0.5,0.46250000000000036,0.4713709677419337,0.4734475806451603,1.8744580686941206,Medium,0.47344758064516024,After_Lunch
416:00,0.4516129032258007,0.5,0.4750000000000001,0.47553763440860025,0.4790725806451602,1.8990643953122222,Medium,0.47907258064516023,After_Lunch
416:30,0.4516129032258007,0.5,0.4750000000000001,0.47553763440860025,0.4790725806451602,1.8990643953122222,Medium,0.47907258064516023,After_Lunch
417:00,0.4516129032258007,0.5,0.48750000000000027,0.479704301075267,0.4846975806451603,1.923993733322123,Medium,0.4846975806451602,After_Lunch
417:30,0.4516129032258007,0.5,0.5375000000000001,0.4963709677419336,0.5071975806451602,2.027026843103946,Medium,0.5071975806451602,After_Lunch
418:00,0.4516129032258007,0.5,0.5750000000000002,0.5088709677419336,0.5240725806451603,2.1079067035619534,Medium,0.5240725806451603,After_Lunch
418:30,0.407258064516121,0.5,0.5875000000000004,0.49825268817204044,0.5208266129032244,2.1090280307956375,Medium,0.5208266129032243,After_Lunch
419:00,0.407258064516121,0.6875,0.625,0.5732526881720403,0.6033266129032242,2.2077008082567233,Medium,0.6033266129032242,After_Lunch
419:30,0.407258064516121,0.6875,0.6375000000000002,0.5774193548387071,0.6089516129032243,2.236681668415873,Medium,0.6089516129032243,After_Lunch
420:00,0.407258064516121,0.6875,0.6000000000000001,0.564919354838707,0.5920766129032243,2.150860744309142,Medium,0.5920766129032243,After_Lunch
420:30,0.407258064516121,0.6875,0.5875000000000004,0.5607526881720405,0.5864516129032243,2.1229918726083365,Medium,0.5864516129032243,After_Lunch
421:00,0.407258064516121,0.6875,0.6125000000000003,0.5690860215053738,0.5977016129032243,2.1790954553802715,Medium,0.5977016129032243,After_Lunch
421:30,0.407258064516121,0.6875,0.6375000000000002,0.5774193548387071,0.6089516129032243,2.236681668415873,Medium,0.6089516129032243,After_Lunch
422:00,0.407258064516121,0.6875,0.625,0.5732526881720403,0.6033266129032242,2.2077008082567233,Medium,0.6033266129032242,After_Lunch
422:30,0.407258064516121,0.6875,0.625,0.5732526881720403,0.6033266129032242,2.2077008082567233,Medium,0.6033266129032242,After_Lunch
423:00,0.3629032258064484,0.6875,0.625,0.5584677419354828,0.5944556451612897,2.1802546523574398,Medium,0.5944556451612898,After_Lunch
423:30,0.3629032258064484,0.6875,0.625,0.5584677419354828,0.5944556451612897,2.1802546523574398,Medium,0.5944556451612898,After_Lunch
424:00,0.3629032258064484,0.6875,0.6125000000000003,0.5543010752688162,0.5888306451612898,2.1520049214799766,Medium,0.5888306451612898,After_Lunch
424:30,0.3629032258064484,0.6875,0.6125000000000003,0.5543010752688162,0.5888306451612898,2.1520049214799766,Medium,0.5888306451612898,After_Lunch
425:00,0.3629032258064484,0.6875,0.6500000000000004,0.5668010752688163,0.6057056451612898,2.230786012055659,Medium,0.60570564516129,After_Lunch
425:30,0.3629032258064484,0.6875,0.6625000000000001,0.5709677419354828,0.6113306451612898,2.230786012055659,Medium,0.6113306451612898,After_Lunch
426:00,0.3629032258064484,0.8125,0.6375000000000002,0.6043010752688162,0.6438306451612897,2.208875222207754,Medium,0.6438306451612897,After_Lunch
426:30,0.3629032258064484,0.8125,0.6375000000000002,0.6043010752688162,0.6438306451612897,2.208875222207754,Medium,0.6438306451612897,After_Lunch
427:00,0.3629032258064484,0.8125,0.6500000000000004,0.6084677419354829,0.6494556451612898,2.230786012055659,Medium,0.64945564516129,After_Lunch
427:30,0.3629032258064484,0.8125,0.6625000000000001,0.6126344086021495,0.6550806451612897,2.230786012055659,Medium,0.6550806451612897,After_Lunch
428:00,0.3629032258064484,0.8125,0.7000000000000002,0.6251344086021495,0.6719556451612898,2.230786012055659,Medium,0.6719556451612899,After_Lunch
428:30,0.3185483870967687,0.8125,0.7125000000000004,0.6145161290322564,0.6687096774193539,2.225540928492468,Medium,0.668709677419354,After_Lunch
429:00,0.3185483870967687,0.8125,0.6500000000000004,0.593682795698923,0.6405846774193539,2.225540928492468,Medium,0.6405846774193541,After_Lunch
429:30,0.3629032258064484,0.4375,0.5875000000000004,0.4626344086021496,0.4900806451612899,1.952122329749703,Medium,0.49008064516128985,After_Lunch
430:00,0.3185483870967687,0.4375,0.5875000000000004,0.4478494623655897,0.48120967741935394,1.9475324476678832,Medium,0.48120967741935394,After_Lunch
430:30,0.3185483870967687,0.4375,0.5875000000000004,0.4478494623655897,0.48120967741935394,1.9475324476678832,Medium,0.48120967741935394,After_Lunch
431:00,0.3185483870967687,0.4375,0.6000000000000001,0.45201612903225624,0.4868346774193538,1.9730980339602737,Medium,0.4868346774193538,After_Lunch
431:30,0.3629032258064484,0.4375,0.6125000000000003,0.4709677419354829,0.5013306451612898,2.0037104013392075,Medium,0.5013306451612899,After_Lunch
432:00,0.3185483870967687,0.4375,0.6500000000000004,0.468682795698923,0.5093346774193539,2.0721790468581727,Medium,0.509334677419354,After_Lunch
432:30,0.3185483870967687,0.4375,0.6875,0.4811827956989229,0.5262096774193538,2.0721790468581727,Medium,0.5262096774193538,After_Lunch
433:00,0.3185483870967687,0.4375,0.6000000000000001,0.45201612903225624,0.4868346774193538,1.9730980339602737,Medium,0.4868346774193538,After_Lunch
433:30,0.3185483870967687,0.4375,0.5125000000000002,0.4228494623655896,0.4474596774193538,1.8009469992931275,Medium,0.4474596774193539,After_Lunch
434:00,0.3185483870967687,0.4375,0.5625,0.43951612903225623,0.46995967741935374,1.8973907489143982,Medium,0.46995967741935374,After_Lunch
434:30,0.3629032258064484,0.4375,0.625,0.47513440860214945,0.5069556451612897,2.0300134450865603,Medium,0.5069556451612897,After_Lunch
435:00,0.3185483870967687,0.4375,0.5875000000000004,0.4478494623655897,0.48120967741935394,1.9475324476678832,Medium,0.48120967741935394,After_Lunch
435:30,0.3185483870967687,0.4375,0.5500000000000003,0.43534946236558963,0.46433467741935386,1.8728061078642055,Medium,0.46433467741935386,After_Lunch
436:00,0.3185483870967687,0.4375,0.625,0.46034946236558955,0.4980846774193537,2.0252404233371237,Medium,0.4980846774193538,After_Lunch
436:30,0.3185483870967687,0.4375,0.6750000000000003,0.4770161290322563,0.5205846774193539,2.0721790468581727,Medium,0.5205846774193539,After_Lunch
437:00,0.3185483870967687,0.5625,0.6500000000000004,0.5103494623655896,0.5530846774193539,2.225540928492468,Medium,0.553084677419354,After_Lunch
437:30,0.3185483870967687,0.5625,0.5625,0.4811827956989229,0.5137096774193537,2.0378165561776314,Medium,0.5137096774193538,After_Lunch
438:00,0.3185483870967687,0.5625,0.46250000000000036,0.4478494623655897,0.4687096774193539,1.8359184775470632,Medium,0.4687096774193539,After_Lunch
438:30,0.3185483870967687,0.5625,0.2749999999999999,0.38534946236558953,0.3843346774193537,1.5097115146165045,Low,0.3843346774193537,After_Lunch
439:00,0.3185483870967687,0.5625,0.10000000000000009,0.32701612903225624,0.3055846774193538,1.4190675485932571,Low,0.3055846774193537,After_Lunch
439:30,0.3185483870967687,0.5625,0.08749999999999991,0.32284946236558953,0.2999596774193537,1.4190675485932571,Low,0.2999596774193536,After_Lunch
440:00,0.3185483870967687,0.5625,0.2124999999999999,0.3645161290322562,0.3562096774193537,1.4190675485932571,Low,0.3562096774193536,After_Lunch
440:30,0.3185483870967687,0.5,0.3125,0.37701612903225623,0.3793346774193537,1.5596238679654475,Low,0.37933467741935367,After_Lunch
441:00,0.3185483870967687,0.5,0.3374999999999999,0.38534946236558953,0.39058467741935365,1.6008395164558868,Low,0.39058467741935365,After_Lunch
441:30,0.3185483870967687,0.5,0.30000000000000027,0.37284946236558963,0.37370967741935385,1.5394156989369108,Low,0.3737096774193538,After_Lunch
442:00,0.3185483870967687,0.5,0.23750000000000027,0.3520161290322563,0.34558467741935384,1.4422352389567503,Low,0.34558467741935384,After_Lunch
442:30,0.3185483870967687,0.5,0.2875000000000001,0.3686827956989229,0.3680846774193538,1.5194693687426426,Low,0.3680846774193538,After_Lunch
443:00,0.3185483870967687,0.5,0.3374999999999999,0.38534946236558953,0.39058467741935365,1.6008395164558868,Low,0.39058467741935365,After_Lunch
443:30,0.2701612903225765,0.5,0.25,0.34005376344085886,0.34153225806451526,1.461167703727557,Low,0.34153225806451526,After_Lunch
444:00,0.2701612903225765,0.5625,0.2124999999999999,0.34838709677419216,0.34653225806451526,1.4190675485932571,Low,0.3465322580645152,After_Lunch
444:30,0.2701612903225765,0.5625,0.30000000000000027,0.37755376344085895,0.3859072580645154,1.549608146353473,Low,0.3859072580645154,After_Lunch
445:00,0.2701612903225765,0.5625,0.36250000000000027,0.39838709677419226,0.4140322580645154,1.6540235900924334,Medium,0.4140322580645154,After_Lunch
445:30,0.2701612903225765,0.5625,0.4125000000000001,0.41505376344085887,0.43653225806451534,1.7425993433229068,Medium,0.43653225806451534,After_Lunch
446:00,0.2701612903225765,0.5625,0.4375,0.4233870967741922,0.4477822580645153,1.7886504223486213,Medium,0.4477822580645153,After_Lunch
446:30,0.2701612903225765,0.5625,0.4500000000000002,0.4275537634408589,0.45340725806451543,1.8121303375481004,Medium,0.45340725806451543,After_Lunch
447:00,0.2701612903225765,0.5625,0.3875000000000002,0.40672043010752557,0.42528225806451536,1.6977339078712161,Medium,0.42528225806451536,After_Lunch
447:30,0.2701612903225765,0.5625,0.36250000000000027,0.39838709677419226,0.4140322580645154,1.6540235900924334,Medium,0.4140322580645154,After_Lunch
448:00,0.2258064516128968,0.3125,0.42500000000000027,0.32110215053763236,0.3457862903225795,1.4440044923006845,Low,0.34578629032257946,After_Lunch
448:30,0.2258064516128968,0.3125,0.3999999999999999,0.3127688172042989,0.3345362903225793,1.406826760890703,Low,0.3345362903225793,After_Lunch
449:00,0.2258064516128968,0.3125,0.3374999999999999,0.2919354838709656,0.30641129032257935,1.3180163948341719,Low,0.3064112903225793,After_Lunch
449:30,0.2258064516128968,0.3125,0.3875000000000002,0.30860215053763235,0.32891129032257943,1.3885983959869046,Low,0.32891129032257943,After_Lunch
450:00,0.2258064516128968,0.3125,0.4375,0.32526881720429895,0.3514112903225794,1.462960182357977,Low,0.35141129032257934,After_Lunch
450:30,0.2258064516128968,0.3125,0.4500000000000002,0.32943548387096566,0.3570362903225795,1.4821647069496942,Low,0.35703629032257944,After_Lunch
451:00,0.2258064516128968,0.3125,0.4375,0.32526881720429895,0.3514112903225794,1.462960182357977,Low,0.35141129032257934,After_Lunch
451:30,0.2258064516128968,0.625,0.4500000000000002,0.43360215053763235,0.4664112903225795,1.8121303375481004,Medium,0.46641129032257944,After_Lunch
452:00,0.2258064516128968,0.625,0.4750000000000001,0.44193548387096565,0.4776612903225794,1.8600188884643385,Medium,0.4776612903225794,After_Lunch
452:30,0.2258064516128968,0.625,0.48750000000000027,0.44610215053763236,0.48328629032257947,1.884435669532842,Medium,0.4832862903225795,After_Lunch
453:00,0.2258064516128968,0.625,0.5,0.45026881720429895,0.48891129032257935,1.9091729737968044,Medium,0.4889112903225794,After_Lunch
453:30,0.2258064516128968,0.625,0.42500000000000027,0.42526881720429904,0.4551612903225795,1.7654747382556764,Medium,0.45516129032257946,After_Lunch
454:00,0.1814516129032171,0.625,0.2250000000000001,0.3438172043010724,0.35629032258064347,1.4329733733562866,Low,0.3562903225806434,After_Lunch
454:30,0.1814516129032171,0.625,0.10000000000000009,0.30215053763440575,0.30004032258064345,1.4190675485932571,Low,0.3000403225806434,After_Lunch
455:00,0.1814516129032171,0.75,0.1499999999999999,0.360483870967739,0.3662903225806433,1.4190675485932571,Low,0.3662903225806433,After_Lunch
455:30,0.1814516129032171,0.75,0.1625000000000001,0.36465053763440575,0.3719153225806434,1.4190675485932571,Low,0.3719153225806434,After_Lunch
456:00,0.1814516129032171,0.75,0.1625000000000001,0.36465053763440575,0.3719153225806434,1.4190675485932571,Low,0.3719153225806434,After_Lunch
456:30,0.1814516129032171,0.75,0.25,0.39381720430107237,0.41129032258064335,1.4708420723839937,Low,0.4112903225806434,After_Lunch
457:00,0.1814516129032171,0.75,0.3250000000000002,0.41881720430107244,0.44504032258064347,1.5905591127818997,Low,0.44504032258064347,After_Lunch
457:30,0.1814516129032171,0.75,0.3875000000000002,0.43965053763440576,0.4731653225806434,1.6977339078712161,Medium,0.47316532258064353,After_Lunch
458:00,0.1814516129032171,0.75,0.42500000000000027,0.45215053763440577,0.4900403225806435,1.7654747382556764,Medium,0.49004032258064356,After_Lunch
458:30,0.1814516129032171,0.75,0.4375,0.45631720430107237,0.4956653225806434,1.7886504223486213,Medium,0.49566532258064344,After_Lunch
459:00,0.1814516129032171,0.375,0.36250000000000027,0.30631720430107245,0.3306653225806435,1.4434145001595604,Low,0.3306653225806435,After_Lunch
459:30,0.1814516129032171,0.375,0.2875000000000001,0.2813172043010724,0.2969153225806434,1.3347726328829055,Low,0.2969153225806434,After_Lunch
460:00,0.1814516129032171,0.375,0.3374999999999999,0.297983870967739,0.31941532258064337,1.4062519588473064,Low,0.31941532258064337,After_Lunch
460:30,0.1814516129032171,0.375,0.36250000000000027,0.30631720430107245,0.3306653225806435,1.4434145001595604,Low,0.3306653225806435,After_Lunch
461:00,0.1370967741935445,0.375,0.3500000000000001,0.2873655913978482,0.31616935483870895,1.4247120650426133,Low,0.31616935483870895,After_Lunch
461:30,0.1370967741935445,0.375,0.3500000000000001,0.2873655913978482,0.31616935483870895,1.4247120650426133,Low,0.31616935483870895,After_Lunch
462:00,0.1370967741935445,0.375,0.36250000000000027,0.29153225806451494,0.321794354838709,1.4434145001595604,Low,0.321794354838709,After_Lunch
462:30,0.1370967741935445,0.6875,0.4125000000000001,0.4123655913978482,0.4536693548387089,1.7425993433229068,Medium,0.45366935483870896,After_Lunch
463:00,0.1370967741935445,0.6875,0.3875000000000002,0.40403225806451487,0.4424193548387089,1.6977339078712161,Medium,0.44241935483870903,After_Lunch
463:30,0.1370967741935445,0.6875,0.375,0.39986559139784816,0.4367943548387089,1.6757362362015105,Medium,0.43679435483870893,After_Lunch
464:00,0.1370967741935445,0.6875,0.4125000000000001,0.4123655913978482,0.4536693548387089,1.7425993433229068,Medium,0.45366935483870896,After_Lunch
464:30,0.1370967741935445,0.6875,0.42500000000000027,0.41653225806451494,0.459294354838709,1.7654747382556764,Medium,0.45929435483870906,After_Lunch
465:00,0.1370967741935445,0.6875,0.46250000000000036,0.42903225806451495,0.47616935483870904,1.8359184775470632,Medium,0.4761693548387091,After_Lunch
465:30,0.1370967741935445,0.6875,0.5,0.44153225806451485,0.49304435483870884,1.9091729737968044,Medium,0.49304435483870895,After_Lunch
466:00,0.1370967741935445,0.375,0.5375000000000001,0.3498655913978482,0.4005443548387089,1.732552994444367,Medium,0.400544354838709,After_Lunch
466:30,0.1370967741935445,0.375,0.5625,0.3581989247311815,0.41179435483870885,1.7783385820317321,Medium,0.4117943548387089,After_Lunch
467:00,0.1370967741935445,0.375,0.5750000000000002,0.36236559139784824,0.41741935483870896,1.8016831319674538,Medium,0.417419354838709,After_Lunch
467:30,0.1370967741935445,0.375,0.6000000000000001,0.37069892473118154,0.42866935483870894,1.8492955981418746,Medium,0.428669354838709,After_Lunch
468:00,0.1370967741935445,0.375,0.6000000000000001,0.37069892473118154,0.42866935483870894,1.8492955981418746,Medium,0.428669354838709,After_Lunch
468:30,0.09274193548386478,0.375,0.5750000000000002,0.34758064516128834,0.40854838709677305,1.8016831319674538,Medium,0.40854838709677305,After_Lunch
469:00,0.09274193548386478,0.375,0.5625,0.3434139784946216,0.40292338709677294,1.7783385820317321,Medium,0.40292338709677294,After_Lunch
469:30,0.09274193548386478,0.375,0.5875000000000004,0.35174731182795504,0.41417338709677315,1.825334129740054,Medium,0.41417338709677315,After_Lunch
470:00,0.09274193548386478,0.25,0.6000000000000001,0.31424731182795496,0.376048387096773,1.6245073479521235,Medium,0.3760483870967731,After_Lunch
470:30,0.09274193548386478,0.25,0.6000000000000001,0.31424731182795496,0.376048387096773,1.6245073479521235,Medium,0.3760483870967731,After_Lunch
471:00,0.09274193548386478,0.25,0.6125000000000003,0.31841397849462166,0.3816733870967731,1.645832529381797,Medium,0.3816733870967731,After_Lunch
471:30,0.09274193548386478,0.25,0.625,0.32258064516128826,0.387298387096773,1.6674376500580246,Medium,0.387298387096773,After_Lunch
472:00,0.09274193548386478,0.25,0.625,0.32258064516128826,0.387298387096773,1.6674376500580246,Medium,0.387298387096773,After_Lunch
472:30,0.09274193548386478,0.25,0.6375000000000002,0.32674731182795497,0.3929233870967731,1.6893263847904227,Medium,0.3929233870967731,After_Lunch
473:00,0.09274193548386478,0.25,0.6625000000000001,0.33508064516128827,0.404173387096773,1.7060835447374967,Medium,0.4041733870967731,After_Lunch
473:30,0.09274193548386478,0.25,0.6750000000000003,0.33924731182795503,0.4097983870967731,1.7060835447374967,Medium,0.40979838709677313,After_Lunch
474:00,0.09274193548386478,0.0625,0.6750000000000003,0.27674731182795503,0.3441733870967731,1.568312185490169,Low,0.3441733870967731,After_Lunch
474:30,0.044354838709672606,0.0625,0.6750000000000003,0.260618279569891,0.33449596774193463,1.568312185490169,Low,0.3344959677419347,After_Lunch
475:00,0.044354838709672606,0.0625,0.6625000000000001,0.2564516129032242,0.32887096774193453,1.568312185490169,Low,0.32887096774193464,After_Lunch
475:30,0.044354838709672606,0.0625,0.6125000000000003,0.23978494623655763,0.3063709677419346,1.512926620192405,Low,0.3063709677419347,After_Lunch
476:00,0.044354838709672606,0.0625,0.5875000000000004,0.23145161290322433,0.2951209677419347,1.473974400979495,Low,0.2951209677419347,After_Lunch
476:30,0.044354838709672606,0.0625,0.625,0.2439516129032242,0.3119959677419345,1.5327870626250333,Low,0.31199596774193455,After_Lunch
477:00,0.044354838709672606,0.0625,0.6000000000000001,0.2356182795698909,0.3007459677419346,1.493323511073214,Low,0.30074596774193463,After_Lunch
477:30,0.044354838709672606,0.5625,0.5875000000000004,0.398118279569891,0.4701209677419347,2.091669239887187,Medium,0.47012096774193474,After_Lunch
478:00,0.044354838709672606,0.5625,0.6000000000000001,0.4022849462365576,0.47574596774193456,2.1191269341153416,Medium,0.47574596774193467,After_Lunch
478:30,0.044354838709672606,0.5625,0.6125000000000003,0.4064516129032243,0.48137096774193466,2.1469450701179182,Medium,0.4813709677419347,After_Lunch
479:00,0.044354838709672606,0.5625,0.6375000000000002,0.4147849462365576,0.49262096774193465,2.2036816558779804,Medium,0.4926209677419347,After_Lunch
479:30,0.044354838709672606,0.5625,0.6625000000000001,0.4231182795698909,0.5038709677419345,2.225540928492468,Medium,0.5038709677419346,After_Lunch
480:00,0.044354838709672606,0.5625,0.6500000000000004,0.4189516129032243,0.49824596774193464,2.225540928492468,Medium,0.4982459677419348,After_Lunch
480:30,0.0,0.5625,0.5750000000000002,0.3791666666666667,0.45562500000000006,2.0645673171610537,Medium,0.45562500000000017,After_Lunch
481:00,0.0,0.8125,0.5,0.4375,0.509375,1.9091729737968044,Medium,0.509375,After_Lunch
481:30,0.044354838709672606,0.8125,0.3500000000000001,0.4022849462365576,0.45074596774193454,1.6325922764453942,Medium,0.4507459677419346,After_Lunch
482:00,0.0,0.8125,0.1499999999999999,0.3208333333333333,0.35187499999999994,1.4190675485932571,Low,0.35187499999999994,After_Lunch
482:30,0.0,0.8125,0.012500000000000178,0.2750000000000001,0.2900000000000001,1.4190675485932571,Low,0.29000000000000004,After_Lunch
483:00,0.0,0.8125,0.0,0.2708333333333333,0.284375,1.4190675485932571,Low,0.28437499999999993,After_Lunch
483:30,0.0,0.8125,0.13750000000000018,0.3166666666666667,0.34625000000000006,1.4190675485932571,Low,0.34625000000000006,After_Lunch
484:00,0.0,0.8125,0.23750000000000027,0.3500000000000001,0.3912500000000001,1.4517842560581942,Low,0.3912500000000001,After_Lunch
484:30,0.0,0.6875,0.2875000000000001,0.325,0.37,1.5295297518170008,Low,0.37000000000000005,After_Lunch
485:00,0.5,0.0,1.0,0.5,0.55,1.633983763898491,Medium,0.5499999999999999,Stress_Induced
485:30,0.5,0.0,0.9047619047619047,0.4682539682539682,0.5071428571428571,1.633983763898491,Medium,0.507142857142857,Stress_Induced
486:00,0.44554455445544505,0.28571428571428603,0.7936507936507937,0.5083032112735083,0.5462517680339463,1.8164633220926498,High,0.5462517680339462,Stress_Induced
486:30,0.5,0.28571428571428603,0.6507936507936507,0.4788359788359789,0.4928571428571429,1.8445772348872098,High,0.4928571428571429,Stress_Induced
487:00,0.44554455445544505,0.28571428571428603,0.5714285714285714,0.4342291371994342,0.44625176803394623,1.6788110564951741,Medium,0.44625176803394623,Stress_Induced
487:30,0.44554455445544505,0.28571428571428603,0.5873015873015872,0.4395201424904394,0.45339462517680335,1.7068452704440142,Medium,0.45339462517680335,Stress_Induced
488:00,0.44554455445544505,0.28571428571428603,0.6031746031746033,0.44481114778144476,0.4605374823196606,1.7353476235254204,Medium,0.4605374823196605,Stress_Induced
488:30,0.44554455445544505,0.28571428571428603,0.5873015873015872,0.4395201424904394,0.45339462517680335,1.7068452704440142,Medium,0.45339462517680335,Stress_Induced
489:00,0.44554455445544505,0.28571428571428603,0.5555555555555556,0.4289381319084289,0.4391089108910891,1.6512372926910184,Medium,0.43910891089108905,Stress_Induced
489:30,0.44554455445544505,0.28571428571428603,0.5238095238095237,0.41835612132641825,0.4248231966053748,1.5974409889329197,Medium,0.42482319660537476,Stress_Induced
490:00,0.44554455445544505,0.40000000000000036,0.47619047619047616,0.44057834354864056,0.44339462517680345,1.711228811414078,Medium,0.4433946251768034,Stress_Induced
490:30,0.44554455445544505,0.40000000000000036,0.42857142857142855,0.4247053276756247,0.421966053748232,1.6282874920437287,Medium,0.42196605374823193,Stress_Induced
491:00,0.44554455445544505,0.40000000000000036,0.38095238095238093,0.40883231180260876,0.4005374823196606,1.5493662443394294,Medium,0.4005374823196605,Stress_Induced
491:30,0.44554455445544505,0.40000000000000036,0.36507936507936506,0.4035413065116035,0.3933946251768034,1.5239185570000708,Medium,0.3933946251768034,Stress_Induced
492:00,0.44554455445544505,0.40000000000000036,0.30158730158730157,0.38237728534758236,0.3648231966053748,1.4262393955101451,Low,0.3648231966053748,Stress_Induced
492:30,0.44554455445544505,0.40000000000000036,0.20634920634920634,0.35063125360155056,0.321966053748232,1.3039302868369944,Low,0.321966053748232,Stress_Induced
493:00,0.3861386138613838,0.40000000000000036,0.15873015873015872,0.3149562575305143,0.2886562942008483,1.2822649720883805,Low,0.2886562942008483,Stress_Induced
493:30,0.3861386138613838,0.7142857142857144,0.14285714285714285,0.4144271570014137,0.39151343705799113,1.4317641471276048,Medium,0.3915134370579911,Stress_Induced
494:00,0.3861386138613838,0.7142857142857144,0.12698412698412698,0.4091361517104084,0.384370579915134,1.4317641471276048,Medium,0.3843705799151339,Stress_Induced
494:30,0.3861386138613838,0.7142857142857144,0.12698412698412698,0.4091361517104084,0.384370579915134,1.4317641471276048,Medium,0.3843705799151339,Stress_Induced
495:00,0.3861386138613838,0.7142857142857144,0.12698412698412698,0.4091361517104084,0.384370579915134,1.4317641471276048,Medium,0.3843705799151339,Stress_Induced
495:30,0.3861386138613838,0.7142857142857144,0.15873015873015872,0.41971816229241893,0.39865629420084825,1.4317641471276048,Medium,0.3986562942008482,Stress_Induced
496:00,0.3861386138613838,0.7142857142857144,0.19047619047619047,0.43030017287442957,0.4129420084865625,1.4317641471276048,Medium,0.4129420084865625,Stress_Induced
496:30,0.3861386138613838,0.7142857142857144,0.20634920634920634,0.43559117816543486,0.4200848656294197,1.4317641471276048,Medium,0.4200848656294196,Stress_Induced
497:00,0.33168316831682887,0.7142857142857144,0.2222222222222222,0.4227303682749219,0.4163366336633658,1.4288263887257808,Low,0.4163366336633658,Stress_Induced
497:30,0.33168316831682887,0.6000000000000001,0.2698412698412698,0.4005081460526996,0.39776520509193725,1.5016076060545112,Medium,0.39776520509193725,Stress_Induced
498:00,0.33168316831682887,0.6000000000000001,0.2857142857142857,0.40579915134370487,0.40490806223479436,1.5266827261714953,Medium,0.40490806223479436,Stress_Induced
498:30,0.33168316831682887,0.6000000000000001,0.25396825396825395,0.3952171407616943,0.3906223479490801,1.476944334213598,Medium,0.39062234794908,Stress_Induced
499:00,0.33168316831682887,0.6000000000000001,0.20634920634920634,0.3793441248886784,0.36919377652050867,1.4190675485932571,Low,0.36919377652050867,Stress_Induced
499:30,0.33168316831682887,0.6000000000000001,0.20634920634920634,0.3793441248886784,0.36919377652050867,1.4190675485932571,Low,0.36919377652050867,Stress_Induced
500:00,0.33168316831682887,0.6000000000000001,0.2222222222222222,0.38463513017968376,0.3763366336633658,1.4288263887257808,Low,0.3763366336633658,Stress_Induced
500:30,0.33168316831682887,0.9142857142857146,0.20634920634920634,0.48410602965058325,0.4791937765205087,1.4190675485932571,Low,0.47919377652050865,Stress_Induced
501:00,0.2772277227722739,0.9142857142857146,0.19047619047619047,0.46066320917805964,0.4611598302687406,1.4190675485932571,Low,0.4611598302687406,Stress_Induced
501:30,0.2772277227722739,0.9142857142857146,0.19047619047619047,0.46066320917805964,0.4611598302687406,1.4190675485932571,Low,0.4611598302687406,Stress_Induced
502:00,0.2772277227722739,0.9142857142857146,0.23809523809523808,0.47653622505107557,0.482588401697312,1.4526861462144594,Medium,0.482588401697312,Stress_Induced
502:30,0.2772277227722739,0.9142857142857146,0.2698412698412698,0.4871182356330861,0.4968741159830263,1.5016076060545112,Medium,0.4968741159830263,Stress_Induced
503:00,0.2772277227722739,0.9142857142857146,0.2698412698412698,0.4871182356330861,0.4968741159830263,1.5016076060545112,Medium,0.4968741159830263,Stress_Induced
503:30,0.2772277227722739,0.9142857142857146,0.25396825396825395,0.4818272303420808,0.4897312588401691,1.476944334213598,Medium,0.4897312588401691,Stress_Induced
504:00,0.2772277227722739,0.9142857142857146,0.25396825396825395,0.4818272303420808,0.4897312588401691,1.476944334213598,Medium,0.4897312588401691,Stress_Induced
504:30,0.2772277227722739,0.5714285714285716,0.23809523809523808,0.36225051076536124,0.362588401697312,1.4526861462144594,Medium,0.36258840169731194,Stress_Induced
505:00,0.2772277227722739,0.5714285714285716,0.2222222222222222,0.35695950547435595,0.3554455445544548,1.4288263887257808,Low,0.3554455445544548,Stress_Induced
505:30,0.2772277227722739,0.5714285714285716,0.25396825396825395,0.3675415160563665,0.3697312588401691,1.476944334213598,Medium,0.3697312588401691,Stress_Induced
506:00,0.22277227722772608,0.5714285714285716,0.30158730158730157,0.3652627167478664,0.38026874115983095,1.5521765719571203,Medium,0.3802687411598309,Stress_Induced
506:30,0.2772277227722739,0.5714285714285716,0.3333333333333333,0.39399654251139293,0.40544554455445486,1.6044485262450765,Medium,0.4054455445544548,Stress_Induced
507:00,0.22277227722772608,0.5714285714285716,0.36507936507936506,0.3864267379118876,0.40884016973125953,1.6584808196944705,Medium,0.4088401697312595,Stress_Induced
507:30,0.22277227722772608,0.5714285714285716,0.42857142857142855,0.40759075907590875,0.4374115983026881,1.7720655491058575,Medium,0.43741159830268805,Stress_Induced
508:00,0.22277227722772608,0.6857142857142859,0.4603174603174603,0.4562680077531574,0.4916973125884024,1.8317426058606365,High,0.4916973125884023,Stress_Induced
508:30,0.22277227722772608,0.6857142857142859,0.4603174603174603,0.4562680077531574,0.4916973125884024,1.8317426058606365,High,0.4916973125884023,Stress_Induced
509:00,0.22277227722772608,0.6857142857142859,0.47619047619047616,0.46155901304416275,0.49884016973125955,1.8623306008069578,High,0.49884016973125944,Stress_Induced
509:30,0.22277227722772608,0.6857142857142859,0.49206349206349204,0.46685001833516804,0.5059830268741168,1.8934293800915607,High,0.5059830268741166,Stress_Induced
510:00,0.22277227722772608,0.6857142857142859,0.5079365079365079,0.47214102362617333,0.5131258840169739,1.9250474732254734,High,0.5131258840169738,Stress_Induced
510:30,0.22277227722772608,0.6857142857142859,0.5079365079365079,0.47214102362617333,0.5131258840169739,1.9250474732254734,High,0.5131258840169738,Stress_Induced
511:00,0.22277227722772608,0.6857142857142859,0.5238095238095237,0.47743202891717856,0.520268741159831,1.9571935521527488,High,0.5202687411598309,Stress_Induced
511:30,0.22277227722772608,0.7714285714285718,0.5238095238095237,0.5060034574886072,0.550268741159831,1.9571935521527488,High,0.5502687411598309,Stress_Induced
512:00,0.22277227722772608,0.7714285714285718,0.49206349206349204,0.4954214469065967,0.5359830268741168,1.8934293800915607,High,0.5359830268741167,Stress_Induced
512:30,0.22277227722772608,0.7714285714285718,0.4603174603174603,0.48483943632458604,0.5216973125884025,1.8317426058606365,High,0.5216973125884024,Stress_Induced
513:00,0.22277227722772608,0.7714285714285718,0.3968253968253968,0.4636754151605649,0.49312588401697394,1.7143327344577581,Medium,0.4931258840169738,Stress_Induced
513:30,0.22277227722772608,0.7714285714285718,0.31746031746031744,0.4372203887055384,0.4574115983026882,1.5780961356485026,Medium,0.4574115983026881,Stress_Induced
514:00,0.22277227722772608,0.7714285714285718,0.2222222222222222,0.40547435695950673,0.4145544554455453,1.4288263887257808,Low,0.4145544554455453,Stress_Induced
514:30,0.22277227722772608,0.7714285714285718,0.1746031746031746,0.38960134108649086,0.3931258840169739,1.4190675485932571,Low,0.3931258840169739,Stress_Induced
515:00,0.22277227722772608,0.9428571428571431,0.15873015873015872,0.44145319293834256,0.4459830268741167,1.4190675485932571,Low,0.4459830268741167,Stress_Induced
515:30,0.22277227722772608,0.9428571428571431,0.14285714285714285,0.43616218764733733,0.43884016973125956,1.4190675485932571,Low,0.43884016973125956,Stress_Induced
516:00,0.22277227722772608,0.9428571428571431,0.14285714285714285,0.43616218764733733,0.43884016973125956,1.4190675485932571,Low,0.43884016973125956,Stress_Induced
516:30,0.22277227722772608,0.9428571428571431,0.14285714285714285,0.43616218764733733,0.43884016973125956,1.4190675485932571,Low,0.43884016973125956,Stress_Induced
517:00,0.22277227722772608,0.9428571428571431,0.14285714285714285,0.43616218764733733,0.43884016973125956,1.4190675485932571,Low,0.43884016973125956,Stress_Induced
517:30,0.22277227722772608,0.9428571428571431,0.1746031746031746,0.4467441982293479,0.45312588401697385,1.4190675485932571,Low,0.45312588401697385,Stress_Induced
518:00,0.22277227722772608,0.9428571428571431,0.20634920634920634,0.4573262088113585,0.46741159830268814,1.4190675485932571,Low,0.4674115983026881,Stress_Induced
518:30,0.22277227722772608,0.7142857142857144,0.25396825396825395,0.39700874849389817,0.40884016973125953,1.476944334213598,Medium,0.4088401697312595,Stress_Induced
519:00,0.22277227722772608,0.7142857142857144,0.2857142857142857,0.4075907590759087,0.4231258840169738,1.5266827261714953,Medium,0.4231258840169738,Stress_Induced
519:30,0.22277227722772608,0.7142857142857144,0.3333333333333333,0.42346377494892457,0.4445544554455452,1.6044485262450765,Medium,0.44455445544554517,Stress_Induced
520:00,0.22277227722772608,0.7142857142857144,0.36507936507936506,0.4340457855309352,0.4588401697312596,1.6584808196944705,Medium,0.4588401697312595,Stress_Induced
520:30,0.22277227722772608,0.7142857142857144,0.3968253968253968,0.44462779611294573,0.4731258840169738,1.7143327344577581,Medium,0.47312588401697375,Stress_Induced
521:00,0.22277227722772608,0.7142857142857144,0.38095238095238093,0.4393367908219405,0.4659830268741167,1.6861755420692608,Medium,0.46598302687411663,Stress_Induced
521:30,0.22277227722772608,1.0,0.2698412698412698,0.49753784902299864,0.5159830268741167,1.5016076060545112,Medium,0.5159830268741166,Stress_Induced
522:00,0.22277227722772608,1.0,0.15873015873015872,0.46050081198596154,0.4659830268741166,1.4190675485932571,Low,0.4659830268741166,Stress_Induced
522:30,0.22277227722772608,1.0,0.07936507936507936,0.43404578553093515,0.4302687411598309,1.4190675485932571,Low,0.4302687411598309,Stress_Induced
523:00,0.22277227722772608,1.0,0.031746031746031744,0.4181727696579192,0.4088401697312595,1.4190675485932571,Low,0.4088401697312595,Stress_Induced
523:30,0.16336633663366484,1.0,0.0,0.38778877887788826,0.38267326732673296,1.4190675485932571,Low,0.3826732673267329,Stress_Induced
524:00,0.16336633663366484,1.0,0.0,0.38778877887788826,0.38267326732673296,1.4190675485932571,Low,0.3826732673267329,Stress_Induced
524:30,0.16336633663366484,1.0,0.015873015873015872,0.39307978416889355,0.3898161244695901,1.4190675485932571,Low,0.38981612446959,Stress_Induced
525:00,0.22277227722772608,1.0,0.031746031746031744,0.4181727696579192,0.4088401697312595,1.4190675485932571,Low,0.4088401697312595,Stress_Induced
525:30,0.16336633663366484,1.0,0.06349206349206349,0.4089528000419094,0.41124469589816154,1.4190675485932571,Low,0.4112446958981615,Stress_Induced
526:00,0.16336633663366484,1.0,0.07936507936507936,0.4142438053329147,0.41838755304101866,1.4190675485932571,Low,0.4183875530410186,Stress_Induced
526:30,0.16336633663366484,1.0,0.09523809523809523,0.41953481062392006,0.42553041018387583,1.4190675485932571,Low,0.4255304101838757,Stress_Induced
527:00,0.16336633663366484,1.0,0.09523809523809523,0.41953481062392006,0.42553041018387583,1.4190675485932571,Low,0.4255304101838757,Stress_Induced
527:30,0.16336633663366484,1.0,0.07936507936507936,0.4142438053329147,0.41838755304101866,1.4190675485932571,Low,0.4183875530410186,Stress_Induced
528:00,0.16336633663366484,1.0,0.07936507936507936,0.4142438053329147,0.41838755304101866,1.4190675485932571,Low,0.4183875530410186,Stress_Induced
528:30,0.16336633663366484,0.6000000000000001,0.07936507936507936,0.2809104719995814,0.2783875530410187,1.4190675485932571,Low,0.2783875530410187,Stress_Induced
529:00,0.16336633663366484,0.6000000000000001,0.1111111111111111,0.29149248258159205,0.292673267326733,1.4190675485932571,Low,0.29267326732673293,Stress_Induced
529:30,0.16336633663366484,0.6000000000000001,0.14285714285714285,0.3020744931636026,0.3069589816124473,1.4190675485932571,Low,0.3069589816124472,Stress_Induced
530:00,0.16336633663366484,0.6000000000000001,0.1746031746031746,0.3126565037456132,0.32124469589816157,1.4190675485932571,Low,0.3212446958981615,Stress_Induced
530:30,0.1089108910891099,0.6000000000000001,0.20634920634920634,0.3050866991461054,0.32463932107496485,1.4190675485932571,Low,0.3246393210749648,Stress_Induced
531:00,0.1089108910891099,0.6000000000000001,0.23809523809523808,0.31566870972811606,0.33892503536067914,1.4526861462144594,Medium,0.33892503536067903,Stress_Induced
531:30,0.1089108910891099,0.6000000000000001,0.23809523809523808,0.31566870972811606,0.33892503536067914,1.4526861462144594,Medium,0.33892503536067903,Stress_Induced
532:00,0.1089108910891099,0.9428571428571431,0.25396825396825395,0.4352454293048356,0.4660678925035363,1.476944334213598,Medium,0.46606789250353625,Stress_Induced
532:30,0.1089108910891099,0.9428571428571431,0.2698412698412698,0.4405364345958409,0.4732107496463935,1.5016076060545112,Medium,0.47321074964639337,Stress_Induced
533:00,0.1089108910891099,0.9428571428571431,0.2857142857142857,0.4458274398868462,0.4803536067892506,1.5266827261714953,Medium,0.4803536067892505,Stress_Induced
533:30,0.1089108910891099,0.9428571428571431,0.30158730158730157,0.45111844517785155,0.4874964639321077,1.5521765719571203,Medium,0.4874964639321076,Stress_Induced
534:00,0.1089108910891099,0.9428571428571431,0.3333333333333333,0.46170045575986207,0.5017821782178221,1.6044485262450765,Medium,0.501782178217822,Stress_Induced
534:30,0.1089108910891099,0.9428571428571431,0.36507936507936506,0.4722824663418727,0.5160678925035364,1.6584808196944705,Medium,0.5160678925035362,Stress_Induced
535:00,0.1089108910891099,0.9428571428571431,0.36507936507936506,0.4722824663418727,0.5160678925035364,1.6584808196944705,Medium,0.5160678925035362,Stress_Induced
535:30,0.1089108910891099,0.7714285714285718,0.38095238095238093,0.4204306144900209,0.4632107496463935,1.6861755420692608,Medium,0.46321074964639336,Stress_Induced
536:00,0.1089108910891099,0.7714285714285718,0.3968253968253968,0.42572161978102613,0.4703536067892507,1.7143327344577581,Medium,0.47035360678925053,Stress_Induced
536:30,0.05445544554455495,0.7714285714285718,0.4126984126984127,0.4128608098905131,0.46660537482319686,1.7429601195773339,Medium,0.46660537482319675,Stress_Induced
537:00,0.1089108910891099,0.7714285714285718,0.4126984126984127,0.4310126250720314,0.4774964639321078,1.7429601195773339,Medium,0.4774964639321077,Stress_Induced
537:30,0.1089108910891099,0.7714285714285718,0.3968253968253968,0.42572161978102613,0.4703536067892507,1.7143327344577581,Medium,0.47035360678925053,Stress_Induced
538:00,0.05445544554455495,0.7714285714285718,0.36507936507936506,0.3969877940174973,0.4451768033946254,1.6584808196944705,Medium,0.4451768033946253,Stress_Induced
538:30,0.05445544554455495,1.0,0.31746031746031744,0.45730525433495745,0.5037482319660538,1.5780961356485026,Medium,0.5037482319660537,Stress_Induced
539:00,0.05445544554455495,1.0,0.25396825396825395,0.4361412331709363,0.47517680339462526,1.476944334213598,Medium,0.4751768033946252,Stress_Induced
539:30,0.05445544554455495,1.0,0.20634920634920634,0.4202682172979204,0.45374823196605385,1.4190675485932571,Low,0.45374823196605374,Stress_Induced
540:00,0.1089108910891099,1.0,0.19047619047619047,0.43312902718843344,0.4574964639321077,1.4190675485932571,Low,0.4574964639321076,Stress_Induced
540:30,0.05445544554455495,1.0,0.1746031746031746,0.4096862067159099,0.43946251768033956,1.4190675485932571,Low,0.4394625176803395,Stress_Induced
541:00,0.1089108910891099,1.0,0.1746031746031746,0.4278380218974282,0.4503536067892505,1.4190675485932571,Low,0.45035360678925046,Stress_Induced
541:30,0.1089108910891099,1.0,0.20634920634920634,0.4384200324794387,0.4646393210749648,1.4190675485932571,Low,0.4646393210749647,Stress_Induced
542:00,0.1089108910891099,1.0,0.2222222222222222,0.44371103777044407,0.4717821782178219,1.4288263887257808,Low,0.47178217821782187,Stress_Induced
542:30,0.1089108910891099,0.7428571428571429,0.23809523809523808,0.3632877573471636,0.3889250353606791,1.4526861462144594,Medium,0.388925035360679,Stress_Induced
543:00,0.1089108910891099,0.7428571428571429,0.2698412698412698,0.3738697679291742,0.4032107496463934,1.5016076060545112,Medium,0.4032107496463933,Stress_Induced
543:30,0.1089108910891099,0.7428571428571429,0.30158730158730157,0.3844517785111848,0.41749646393210765,1.5521765719571203,Medium,0.41749646393210754,Stress_Induced
544:00,0.1089108910891099,0.7428571428571429,0.31746031746031744,0.3897427838021901,0.4246393210749648,1.5780961356485026,Medium,0.4246393210749647,Stress_Induced
544:30,0.1089108910891099,0.7428571428571429,0.3492063492063492,0.4003247943842007,0.4389250353606791,1.6312409714583922,Medium,0.438925035360679,Stress_Induced
545:00,0.1089108910891099,0.7428571428571429,0.36507936507936506,0.40561579967520595,0.44606789250353623,1.6584808196944705,Medium,0.4460678925035361,Stress_Induced
545:30,0.1089108910891099,0.7428571428571429,0.38095238095238093,0.41090680496621124,0.4532107496463934,1.6861755420692608,Medium,0.45321074964639324,Stress_Induced
546:00,0.1089108910891099,0.7714285714285718,0.38095238095238093,0.4204306144900209,0.4632107496463935,1.6861755420692608,Medium,0.46321074964639336,Stress_Induced
546:30,0.1089108910891099,0.7714285714285718,0.38095238095238093,0.4204306144900209,0.4632107496463935,1.6861755420692608,Medium,0.46321074964639336,Stress_Induced
547:00,0.1089108910891099,0.7714285714285718,0.3968253968253968,0.42572161978102613,0.4703536067892507,1.7143327344577581,Medium,0.47035360678925053,Stress_Induced
547:30,0.1089108910891099,0.7714285714285718,0.4126984126984127,0.4310126250720314,0.4774964639321078,1.7429601195773339,Medium,0.4774964639321077,Stress_Induced
548:00,0.1089108910891099,0.7714285714285718,0.4126984126984127,0.4310126250720314,0.4774964639321078,1.7429601195773339,Medium,0.4774964639321077,Stress_Induced
548:30,0.1089108910891099,0.7714285714285718,0.42857142857142855,0.43630363036303677,0.48463932107496493,1.7720655491058575,Medium,0.4846393210749648,Stress_Induced
549:00,0.1089108910891099,0.7714285714285718,0.4126984126984127,0.4310126250720314,0.4774964639321078,1.7429601195773339,Medium,0.4774964639321077,Stress_Induced
549:30,0.1089108910891099,0.5714285714285716,0.38095238095238093,0.35376394782335413,0.39321074964639346,1.6861755420692608,Medium,0.3932107496463933,Stress_Induced
550:00,0.16336633663366484,0.5714285714285716,0.36507936507936506,0.3666247577138672,0.3969589816124473,1.6584808196944705,Medium,0.3969589816124472,Stress_Induced
550:30,0.1089108910891099,0.5714285714285716,0.3333333333333333,0.33789093195033826,0.37178217821782206,1.6044485262450765,Medium,0.37178217821782195,Stress_Induced
551:00,0.16336633663366484,0.5714285714285716,0.31746031746031744,0.3507517418408513,0.3755304101838759,1.5780961356485026,Medium,0.3755304101838758,Stress_Induced
551:30,0.16336633663366484,0.5714285714285716,0.3492063492063492,0.3613337524228619,0.3898161244695902,1.6312409714583922,Medium,0.3898161244695901,Stress_Induced
552:00,0.16336633663366484,0.5714285714285716,0.3492063492063492,0.3613337524228619,0.3898161244695902,1.6312409714583922,Medium,0.3898161244695901,Stress_Induced
552:30,0.16336633663366484,0.5714285714285716,0.31746031746031744,0.3507517418408513,0.3755304101838759,1.5780961356485026,Medium,0.3755304101838758,Stress_Induced
553:00,0.16336633663366484,0.5714285714285716,0.2857142857142857,0.3401697312588407,0.3612446958981616,1.5266827261714953,Medium,0.3612446958981615,Stress_Induced
553:30,0.16336633663366484,0.5142857142857147,0.23809523809523808,0.3052490963382059,0.31981612446959023,1.4526861462144594,Medium,0.3198161244695902,Stress_Induced
554:00,0.16336633663366484,0.5142857142857147,0.20634920634920634,0.29466708575619527,0.305530410183876,1.4190675485932571,Low,0.3055304101838759,Stress_Induced
554:30,0.16336633663366484,0.5142857142857147,0.1746031746031746,0.28408507517418474,0.29124469589816165,1.4190675485932571,Low,0.29124469589816165,Stress_Induced
555:00,0.16336633663366484,0.5142857142857147,0.15873015873015872,0.2787940698831794,0.28410183875530454,1.4190675485932571,Low,0.2841018387553045,Stress_Induced
555:30,0.16336633663366484,0.5142857142857147,0.15873015873015872,0.2787940698831794,0.28410183875530454,1.4190675485932571,Low,0.2841018387553045,Stress_Induced
556:00,0.22277227722772608,0.5142857142857147,0.19047619047619047,0.3091780606632104,0.31026874115983105,1.4190675485932571,Low,0.31026874115983105,Stress_Induced
556:30,0.22277227722772608,0.5142857142857147,0.20634920634920634,0.3144690659542157,0.3174115983026882,1.4190675485932571,Low,0.31741159830268817,Stress_Induced
557:00,0.22277227722772608,0.7428571428571429,0.2222222222222222,0.3959505474356971,0.4045544554455452,1.4288263887257808,Low,0.4045544554455452,Stress_Induced
557:30,0.22277227722772608,0.7428571428571429,0.25396825396825395,0.40653255801770766,0.4188401697312595,1.476944334213598,Medium,0.4188401697312595,Stress_Induced
558:00,0.22277227722772608,0.7428571428571429,0.2857142857142857,0.4171145685997182,0.4331258840169738,1.5266827261714953,Medium,0.4331258840169737,Stress_Induced
558:30,0.22277227722772608,0.7428571428571429,0.30158730158730157,0.42240557389072353,0.4402687411598309,1.5521765719571203,Medium,0.44026874115983083,Stress_Induced
559:00,0.22277227722772608,0.7428571428571429,0.2857142857142857,0.4171145685997182,0.4331258840169738,1.5266827261714953,Medium,0.4331258840169737,Stress_Induced
559:30,0.22277227722772608,0.7428571428571429,0.2698412698412698,0.4118235633087129,0.42598302687411665,1.5016076060545112,Medium,0.4259830268741166,Stress_Induced
560:00,0.22277227722772608,0.7428571428571429,0.25396825396825395,0.40653255801770766,0.4188401697312595,1.476944334213598,Medium,0.4188401697312595,Stress_Induced
560:30,0.2772277227722739,0.9142857142857146,0.23809523809523808,0.47653622505107557,0.482588401697312,1.4526861462144594,Medium,0.482588401697312,Stress_Induced
561:00,0.22277227722772608,0.9142857142857146,0.23809523809523808,0.4583844098695596,0.4716973125884024,1.4526861462144594,Medium,0.4716973125884024,Stress_Induced
561:30,0.22277227722772608,0.9142857142857146,0.2222222222222222,0.45309340457855435,0.46455445544554524,1.4288263887257808,Low,0.4645544554455453,Stress_Induced
562:00,0.22277227722772608,0.9142857142857146,0.2222222222222222,0.45309340457855435,0.46455445544554524,1.4288263887257808,Low,0.4645544554455453,Stress_Induced
562:30,0.22277227722772608,0.9142857142857146,0.23809523809523808,0.4583844098695596,0.4716973125884024,1.4526861462144594,Medium,0.4716973125884024,Stress_Induced
563:00,0.2772277227722739,0.9142857142857146,0.25396825396825395,0.4818272303420808,0.4897312588401691,1.476944334213598,Medium,0.4897312588401691,Stress_Induced
563:30,0.2772277227722739,0.9142857142857146,0.2857142857142857,0.4924092409240914,0.5040169731258834,1.5266827261714953,Medium,0.5040169731258834,Stress_Induced
564:00,0.2772277227722739,0.7714285714285718,0.31746031746031744,0.4553722038870544,0.46830268741159775,1.5780961356485026,Medium,0.4683026874115977,Stress_Induced
564:30,0.2772277227722739,0.7714285714285718,0.3333333333333333,0.46066320917805964,0.4754455445544549,1.6044485262450765,Medium,0.47544554455445487,Stress_Induced
565:00,0.2772277227722739,0.7714285714285718,0.31746031746031744,0.4553722038870544,0.46830268741159775,1.5780961356485026,Medium,0.4683026874115977,Stress_Induced
565:30,0.2772277227722739,0.7714285714285718,0.30158730158730157,0.4500811985960491,0.4611598302687406,1.5521765719571203,Medium,0.4611598302687405,Stress_Induced
566:00,0.2772277227722739,0.7714285714285718,0.2698412698412698,0.4394991880140385,0.44687411598302634,1.5016076060545112,Medium,0.4468741159830263,Stress_Induced
566:30,0.2772277227722739,0.7714285714285718,0.2698412698412698,0.4394991880140385,0.44687411598302634,1.5016076060545112,Medium,0.4468741159830263,Stress_Induced
567:00,0.2772277227722739,0.7714285714285718,0.25396825396825395,0.43420818272303324,0.43973125884016917,1.476944334213598,Medium,0.43973125884016917,Stress_Induced
567:30,0.2772277227722739,0.8000000000000003,0.25396825396825395,0.44373199224684273,0.4497312588401691,1.476944334213598,Medium,0.44973125884016907,Stress_Induced
568:00,0.2772277227722739,0.8000000000000003,0.2222222222222222,0.43314998166483215,0.43544554455445483,1.4288263887257808,Low,0.43544554455445483,Stress_Induced
568:30,0.2772277227722739,0.8000000000000003,0.19047619047619047,0.42256797108282157,0.42115983026874054,1.4190675485932571,Low,0.42115983026874054,Stress_Induced
569:00,0.33168316831682887,0.8000000000000003,0.1746031746031746,0.4354287809733346,0.42490806223479444,1.4190675485932571,Low,0.4249080622347944,Stress_Induced
569:30,0.33168316831682887,0.8000000000000003,0.19047619047619047,0.4407197862643399,0.43205091937765155,1.4190675485932571,Low,0.4320509193776515,Stress_Induced
570:00,0.33168316831682887,0.8000000000000003,0.19047619047619047,0.4407197862643399,0.43205091937765155,1.4190675485932571,Low,0.4320509193776515,Stress_Induced
570:30,0.33168316831682887,0.8000000000000003,0.19047619047619047,0.4407197862643399,0.43205091937765155,1.4190675485932571,Low,0.4320509193776515,Stress_Induced
571:00,0.33168316831682887,0.7428571428571429,0.19047619047619047,0.42167216721672074,0.41205091937765154,1.4190675485932571,Low,0.4120509193776515,Stress_Induced
571:30,0.33168316831682887,0.7428571428571429,0.19047619047619047,0.42167216721672074,0.41205091937765154,1.4190675485932571,Low,0.4120509193776515,Stress_Induced
572:00,0.33168316831682887,0.7428571428571429,0.20634920634920634,0.42696317250772603,0.41919377652050865,1.4190675485932571,Low,0.4191937765205086,Stress_Induced
572:30,0.33168316831682887,0.7428571428571429,0.2222222222222222,0.4322541777987314,0.42633663366336577,1.4288263887257808,Low,0.4263366336633657,Stress_Induced
573:00,0.3861386138613838,0.7428571428571429,0.2222222222222222,0.4504059929802497,0.43722772277227673,1.4416103009862764,Medium,0.43722772277227673,Stress_Induced
573:30,0.3861386138613838,0.7428571428571429,0.23809523809523808,0.4556969982712549,0.44437057991513396,1.4656835351077349,Medium,0.44437057991513385,Stress_Induced
574:00,0.3861386138613838,0.7428571428571429,0.2698412698412698,0.4662790088532655,0.4586562942008482,1.5150427021844286,Medium,0.45865629420084814,Stress_Induced
574:30,0.3861386138613838,0.8000000000000003,0.2857142857142857,0.4906176331918899,0.48579915134370544,1.5403421729559266,Medium,0.4857991513437054,Stress_Induced
575:00,0.3861386138613838,0.8000000000000003,0.30158730158730157,0.49590863848289524,0.49294200848656256,1.566064115793984,Medium,0.4929420084865625,Stress_Induced
575:30,0.3861386138613838,0.8000000000000003,0.30158730158730157,0.49590863848289524,0.49294200848656256,1.566064115793984,Medium,0.4929420084865625,Stress_Induced
576:00,0.3861386138613838,0.8000000000000003,0.2857142857142857,0.4906176331918899,0.48579915134370544,1.5403421729559266,Medium,0.4857991513437054,Stress_Induced
576:30,0.44554455445544505,0.8000000000000003,0.30158730158730157,0.5157106186809156,0.5048231966053749,1.5925245375661916,Medium,0.5048231966053748,Stress_Induced
577:00,0.44554455445544505,0.8000000000000003,0.30158730158730157,0.5157106186809156,0.5048231966053749,1.5925245375661916,Medium,0.5048231966053748,Stress_Induced
577:30,0.44554455445544505,0.8000000000000003,0.3333333333333333,0.5262926292629262,0.5191089108910891,1.6461552721965609,Medium,0.519108910891089,Stress_Induced
578:00,0.44554455445544505,0.8285714285714287,0.3492063492063492,0.541107444077741,0.5362517680339463,1.6736441721029702,Medium,0.5362517680339461,Stress_Induced
578:30,0.44554455445544505,0.8285714285714287,0.36507936507936506,0.5463984493687463,0.5433946251768034,1.7015921050245681,Medium,0.5433946251768033,Stress_Induced
579:00,0.5,0.8285714285714287,0.36507936507936506,0.5645502645502646,0.5542857142857143,1.727928123743328,Medium,0.5542857142857143,Stress_Induced
579:30,0.5,0.8285714285714287,0.3492063492063492,0.5592592592592593,0.5471428571428572,1.6995476328177288,Medium,0.5471428571428572,Stress_Induced
580:00,0.5,0.8285714285714287,0.3492063492063492,0.5592592592592593,0.5471428571428572,1.6995476328177288,Medium,0.5471428571428572,Stress_Induced
580:30,0.5,0.8285714285714287,0.3333333333333333,0.553968253968254,0.54,1.6716332794901638,Medium,0.54,Stress_Induced
581:00,0.5,0.8285714285714287,0.30158730158730157,0.5433862433862434,0.5257142857142857,1.6171724869234918,Medium,0.5257142857142857,Stress_Induced
581:30,0.554455445544555,0.8571428571428572,0.3333333333333333,0.5816438786735818,0.560891089108911,1.6975056170554108,Medium,0.560891089108911,Stress_Induced
582:00,0.554455445544555,0.8571428571428572,0.38095238095238093,0.5975168945465977,0.5823196605374824,1.7839727527455826,Medium,0.5823196605374824,Stress_Induced
582:30,0.554455445544555,0.8571428571428572,0.3492063492063492,0.5869348839645872,0.5680339462517681,1.7258520086661728,Medium,0.5680339462517681,Stress_Induced
583:00,0.554455445544555,0.8571428571428572,0.3492063492063492,0.5869348839645872,0.5680339462517681,1.7258520086661728,Medium,0.5680339462517681,Stress_Induced
583:30,0.6089108910891099,0.8571428571428572,0.31746031746031744,0.5945046885640949,0.5646393210749648,1.6954660547861833,Medium,0.5646393210749647,Stress_Induced
584:00,0.6089108910891099,0.8571428571428572,0.2698412698412698,0.578631672691079,0.5432107496463934,1.6132887383492294,Medium,0.5432107496463934,Stress_Induced
584:30,0.6089108910891099,0.8571428571428572,0.25396825396825395,0.5733406674000737,0.5360678925035363,1.5867911509959414,Medium,0.5360678925035363,Stress_Induced
585:00,0.6089108910891099,0.8285714285714287,0.2222222222222222,0.5532348472942537,0.511782178217822,1.5350944632227848,Medium,0.511782178217822,Stress_Induced
585:30,0.6089108910891099,0.8285714285714287,0.19047619047619047,0.5426528367122431,0.4974964639321078,1.5246098154215406,Medium,0.4974964639321077,Stress_Induced
586:00,0.6089108910891099,0.8285714285714287,0.20634920634920634,0.5479438420032483,0.5046393210749649,1.5246098154215406,Medium,0.5046393210749649,Stress_Induced
586:30,0.6089108910891099,0.8285714285714287,0.20634920634920634,0.5479438420032483,0.5046393210749649,1.5246098154215406,Medium,0.5046393210749649,Stress_Induced
587:00,0.6683168316831711,0.8285714285714287,0.2222222222222222,0.573036827492274,0.5236633663366342,1.5610316177411754,Medium,0.5236633663366342,Stress_Induced
587:30,0.6683168316831711,0.8285714285714287,0.23809523809523808,0.5783278327832794,0.5308062234794915,1.587099050513522,Medium,0.5308062234794914,Stress_Induced
588:00,0.6683168316831711,0.8285714285714287,0.2698412698412698,0.5889098433652898,0.5450919377652057,1.6405470734496608,Medium,0.5450919377652057,Stress_Induced
588:30,0.7227722772277261,0.7714285714285718,0.2698412698412698,0.5880140394991892,0.5359830268741168,1.6659382810767984,Medium,0.5359830268741168,Stress_Induced
589:00,0.7227722772277261,0.7714285714285718,0.2857142857142857,0.5933050447901945,0.5431258840169739,1.693757534480318,Medium,0.5431258840169739,Stress_Induced
589:30,0.7227722772277261,0.7714285714285718,0.2857142857142857,0.5933050447901945,0.5431258840169739,1.693757534480318,Medium,0.5431258840169739,Stress_Induced
590:00,0.7227722772277261,0.7714285714285718,0.30158730158730157,0.5985960500811999,0.550268741159831,1.7220413374225092,Medium,0.550268741159831,Stress_Induced
590:30,0.7227722772277261,0.7714285714285718,0.31746031746031744,0.6038870553722051,0.5574115983026882,1.7507974473464183,Medium,0.5574115983026882,Stress_Induced
591:00,0.7772277227722739,0.7714285714285718,0.30158730158730157,0.6167478652627157,0.5611598302687406,1.7486938546520578,Medium,0.5611598302687406,Stress_Induced
591:30,0.7772277227722739,0.7714285714285718,0.2698412698412698,0.6061658546807052,0.5468741159830264,1.6917224755527698,Medium,0.5468741159830264,Stress_Induced
592:00,0.7772277227722739,0.6857142857142859,0.19047619047619047,0.5511393996542501,0.4811598302687406,1.598732223120903,Medium,0.48115983026874054,Stress_Induced
592:30,0.7772277227722739,0.6857142857142859,0.15873015873015872,0.5405573890722395,0.4668741159830263,1.598732223120903,Medium,0.4668741159830263,Stress_Induced
593:00,0.7772277227722739,0.6857142857142859,0.15873015873015872,0.5405573890722395,0.4668741159830263,1.598732223120903,Medium,0.4668741159830263,Stress_Induced
593:30,0.8366336633663352,0.6857142857142859,0.14285714285714285,0.5550683639792546,0.4716124469589814,1.6257446094580683,Medium,0.4716124469589814,Stress_Induced
594:00,0.8366336633663352,0.6857142857142859,0.12698412698412698,0.5497773586882494,0.46446958981612424,1.6257446094580683,Medium,0.4644695898161243,Stress_Induced
594:30,0.8366336633663352,0.6857142857142859,0.12698412698412698,0.5497773586882494,0.46446958981612424,1.6257446094580683,Medium,0.4644695898161243,Stress_Induced
595:00,0.8366336633663352,0.6857142857142859,0.12698412698412698,0.5497773586882494,0.46446958981612424,1.6257446094580683,Medium,0.4644695898161243,Stress_Induced
595:30,0.8366336633663352,0.6857142857142859,0.15873015873015872,0.5603593692702599,0.47875530410183853,1.6257446094580683,Medium,0.47875530410183853,Stress_Induced
596:00,0.8910891089108901,0.6000000000000001,0.19047619047619047,0.5605217664623602,0.47393210749646375,1.6509067151943264,Medium,0.47393210749646375,Stress_Induced
596:30,0.8910891089108901,0.6000000000000001,0.2222222222222222,0.5711037770443709,0.48821782178217804,1.6622598989967903,Medium,0.4882178217821781,Stress_Induced
597:00,0.8910891089108901,0.6000000000000001,0.23809523809523808,0.5763947823353761,0.4953606789250352,1.690017727649849,Medium,0.4953606789250352,Stress_Induced
597:30,0.8910891089108901,0.6000000000000001,0.23809523809523808,0.5763947823353761,0.4953606789250352,1.690017727649849,Medium,0.4953606789250352,Stress_Induced
598:00,0.8910891089108901,0.6000000000000001,0.20634920634920634,0.5658127717533655,0.4810749646393209,1.6509067151943264,Medium,0.481074964639321,Stress_Induced
598:30,0.945544554455445,0.6000000000000001,0.1746031746031746,0.5733825763528733,0.47768033946251764,1.6764582619051382,Medium,0.47768033946251764,Stress_Induced
599:00,0.8910891089108901,0.6000000000000001,0.15873015873015872,0.5499397558803496,0.4596463932107495,1.6509067151943264,Medium,0.4596463932107495,Stress_Induced
599:30,0.945544554455445,0.4571428571428573,0.1746031746031746,0.5257635287338257,0.4276803394625176,1.593049129136533,Medium,0.4276803394625177,Stress_Induced
600:00,0.945544554455445,0.4571428571428573,0.15873015873015872,0.5204725234428204,0.4205374823196605,1.593049129136533,Medium,0.4205374823196606,Stress_Induced
600:30,0.945544554455445,0.4571428571428573,0.15873015873015872,0.5204725234428204,0.4205374823196605,1.593049129136533,Medium,0.4205374823196606,Stress_Induced
601:00,1.0,0.4571428571428573,0.12698412698412698,0.5280423280423281,0.41714285714285715,1.6177051977448424,Medium,0.41714285714285726,Stress_Induced
601:30,0.945544554455445,0.4571428571428573,0.09523809523809523,0.49930850227879925,0.3919660537482319,1.593049129136533,Medium,0.391966053748232,Stress_Induced
602:00,0.945544554455445,0.4571428571428573,0.07936507936507936,0.4940174969877939,0.3848231966053748,1.593049129136533,Medium,0.3848231966053749,Stress_Induced
602:30,1.0,0.4571428571428573,0.1111111111111111,0.5227513227513229,0.41000000000000003,1.6177051977448424,Medium,0.41000000000000014,Stress_Induced
603:00,0.945544554455445,0.4571428571428573,0.12698412698412698,0.5098905128608098,0.4062517680339462,1.593049129136533,Medium,0.40625176803394625,Stress_Induced
603:30,0.945544554455445,0.4285714285714288,0.14285714285714285,0.5056577086280055,0.40339462517680336,1.5465504985645477,Medium,0.40339462517680347,Stress_Induced
604:00,1.0,0.4285714285714288,0.15873015873015872,0.5291005291005292,0.4214285714285715,1.570486894813351,Medium,0.4214285714285716,Stress_Induced
604:30,1.0,0.4285714285714288,0.19047619047619047,0.5396825396825398,0.43571428571428583,1.570486894813351,Medium,0.43571428571428583,Stress_Induced
605:00,1.0,0.4285714285714288,0.2222222222222222,0.5502645502645503,0.45000000000000007,1.5812870364640426,Medium,0.4500000000000001,Stress_Induced
605:30,1.0,0.4285714285714288,0.25396825396825395,0.5608465608465609,0.46428571428571436,1.6345393308096305,Medium,0.4642857142857144,Stress_Induced
606:00,1.0,0.4285714285714288,0.2698412698412698,0.5661375661375662,0.47142857142857153,1.6618342578536391,Medium,0.4714285714285716,Stress_Induced
606:30,1.0,0.4285714285714288,0.2698412698412698,0.5661375661375662,0.47142857142857153,1.6618342578536391,Medium,0.4714285714285716,Stress_Induced
607:00,1.0,0.4285714285714288,0.23809523809523808,0.5555555555555557,0.45714285714285724,1.6076927114345825,Medium,0.45714285714285724,Stress_Induced
607:30,1.0,0.5428571428571431,0.19047619047619047,0.5777777777777778,0.4757142857142858,1.7024052770777993,Medium,0.47571428571428587,Stress_Induced
608:00,1.0,0.5428571428571431,0.1746031746031746,0.5724867724867726,0.4685714285714287,1.7024052770777993,Medium,0.4685714285714287,Stress_Induced
608:30,1.0,0.5428571428571431,0.1746031746031746,0.5724867724867726,0.4685714285714287,1.7024052770777993,Medium,0.4685714285714287,Stress_Induced
609:00,1.0,0.5428571428571431,0.1746031746031746,0.5724867724867726,0.4685714285714287,1.7024052770777993,Medium,0.4685714285714287,Stress_Induced
609:30,1.0,0.5428571428571431,0.19047619047619047,0.5777777777777778,0.4757142857142858,1.7024052770777993,Medium,0.47571428571428587,Stress_Induced
610:00,0.945544554455445,0.5428571428571431,0.2222222222222222,0.5702079731782702,0.4791089108910891,1.6879871621206344,Medium,0.4791089108910892,Stress_Induced
610:30,0.945544554455445,0.5428571428571431,0.23809523809523808,0.5754989784692754,0.4862517680339462,1.7161746064805599,Medium,0.4862517680339463,Stress_Induced
611:00,0.945544554455445,0.5714285714285716,0.2222222222222222,0.5797317827020797,0.4891089108910891,1.6879871621206344,Medium,0.4891089108910891,Stress_Induced
611:30,1.0,0.5714285714285716,0.19047619047619047,0.5873015873015873,0.4857142857142858,1.7024052770777993,Medium,0.4857142857142858,Stress_Induced
612:00,0.945544554455445,0.5714285714285716,0.14285714285714285,0.5532767562470532,0.4533946251768034,1.6764582619051382,Medium,0.4533946251768034,Stress_Induced
612:30,0.945544554455445,0.5714285714285716,0.09523809523809523,0.5374037403740374,0.43196605374823194,1.6764582619051382,Medium,0.431966053748232,Stress_Induced
613:00,0.945544554455445,0.5714285714285716,0.07936507936507936,0.532112735083032,0.4248231966053748,1.6764582619051382,Medium,0.4248231966053748,Stress_Induced
613:30,0.945544554455445,0.5714285714285716,0.06349206349206349,0.5268217297920267,0.4176803394625177,1.6764582619051382,Medium,0.4176803394625177,Stress_Induced
614:00,0.945544554455445,0.5714285714285716,0.047619047619047616,0.5215307245010214,0.41053748231966053,1.6764582619051382,Medium,0.4105374823196606,Stress_Induced
614:30,0.945544554455445,0.5714285714285716,0.047619047619047616,0.5215307245010214,0.41053748231966053,1.6764582619051382,Medium,0.4105374823196606,Stress_Induced
615:00,0.945544554455445,0.5714285714285716,0.07936507936507936,0.532112735083032,0.4248231966053748,1.6764582619051382,Medium,0.4248231966053748,Stress_Induced
615:30,0.8910891089108901,0.5714285714285716,0.07936507936507936,0.5139609199015137,0.4139321074964638,1.6509067151943264,Medium,0.4139321074964638,Stress_Induced
616:00,0.945544554455445,0.5714285714285716,0.09523809523809523,0.5374037403740374,0.43196605374823194,1.6764582619051382,Medium,0.431966053748232,Stress_Induced
616:30,0.8910891089108901,0.5714285714285716,0.12698412698412698,0.5298339357745295,0.43536067892503527,1.6509067151943264,Medium,0.43536067892503527,Stress_Induced
617:00,0.8910891089108901,0.5714285714285716,0.15873015873015872,0.5404159463565401,0.4496463932107495,1.6509067151943264,Medium,0.4496463932107495,Stress_Induced
617:30,0.8910891089108901,0.5714285714285716,0.1746031746031746,0.5457069516475455,0.4567892503536067,1.6509067151943264,Medium,0.45678925035360674,Stress_Induced
618:00,0.8910891089108901,0.5714285714285716,0.19047619047619047,0.5509979569385507,0.46393210749646385,1.6509067151943264,Medium,0.46393210749646385,Stress_Induced
618:30,0.8910891089108901,0.8000000000000003,0.20634920634920634,0.6324794384200322,0.5510749646393209,1.6509067151943264,Medium,0.5510749646393209,Stress_Induced
619:00,0.8910891089108901,0.8000000000000003,0.20634920634920634,0.6324794384200322,0.5510749646393209,1.6509067151943264,Medium,0.5510749646393209,Stress_Induced
619:30,0.8366336633663352,0.8000000000000003,0.2222222222222222,0.6196186285295192,0.5473267326732671,1.6369247550090964,Medium,0.5473267326732671,Stress_Induced
620:00,0.8366336633663352,0.8000000000000003,0.25396825396825395,0.6302006391115298,0.5616124469589814,1.6920507358495178,Medium,0.5616124469589814,Stress_Induced
620:30,0.8366336633663352,0.8000000000000003,0.2857142857142857,0.6407826496935404,0.5758981612446956,1.7490331696236001,Medium,0.5758981612446957,Stress_Induced
621:00,0.8366336633663352,0.8000000000000003,0.2857142857142857,0.6407826496935404,0.5758981612446956,1.7490331696236001,Medium,0.5758981612446957,Stress_Induced
621:30,0.8366336633663352,0.8000000000000003,0.30158730158730157,0.6460736549845457,0.5830410183875528,1.7782400121036648,Medium,0.5830410183875528,Stress_Induced
622:00,0.7772277227722739,0.6000000000000001,0.3333333333333333,0.570187018701869,0.5154455445544548,1.8075838333345393,High,0.5154455445544548,Stress_Induced
622:30,0.7772277227722739,0.6000000000000001,0.3492063492063492,0.5754780239928744,0.5225884016973119,1.8377684045631544,High,0.522588401697312,Stress_Induced
623:00,0.7772277227722739,0.6000000000000001,0.36507936507936506,0.5807690292838797,0.5297312588401691,1.8684570234179172,High,0.5297312588401691,Stress_Induced
623:30,0.7772277227722739,0.6000000000000001,0.38095238095238093,0.586060034574885,0.5368741159830263,1.899658106914511,High,0.5368741159830263,Stress_Induced
624:00,0.7772277227722739,0.6000000000000001,0.38095238095238093,0.586060034574885,0.5368741159830263,1.899658106914511,High,0.5368741159830263,Stress_Induced
624:30,0.7772277227722739,0.6000000000000001,0.36507936507936506,0.5807690292838797,0.5297312588401691,1.8684570234179172,High,0.5297312588401691,Stress_Induced
625:00,0.7227722772277261,0.6000000000000001,0.38095238095238093,0.567908219393369,0.5259830268741167,1.870704685313527,High,0.5259830268741166,Stress_Induced
625:30,0.7227722772277261,0.6000000000000001,0.3968253968253968,0.5731992246843743,0.5331258840169738,1.9019433021788836,High,0.5331258840169737,Stress_Induced
626:00,0.7227722772277261,0.5428571428571431,0.36507936507936506,0.5435695950547448,0.49884016973125955,1.8399791495597593,High,0.4988401697312596,Stress_Induced
626:30,0.7227722772277261,0.5428571428571431,0.3492063492063492,0.5382785897637395,0.49169731258840244,1.809758267776641,High,0.49169731258840244,Stress_Induced
627:00,0.7227722772277261,0.5428571428571431,0.31746031746031744,0.5276965791817289,0.4774115983026882,1.7507974473464183,Medium,0.47741159830268814,Stress_Induced
627:30,0.7227722772277261,0.5428571428571431,0.31746031746031744,0.5276965791817289,0.4774115983026882,1.7507974473464183,Medium,0.47741159830268814,Stress_Induced
628:00,0.6683168316831711,0.5428571428571431,0.31746031746031744,0.5095447640002105,0.4665205091937772,1.7241128684495932,Medium,0.4665205091937772,Stress_Induced
628:30,0.6683168316831711,0.5428571428571431,0.3333333333333333,0.5148357692912159,0.4736633663366343,1.7529035705593177,Medium,0.4736633663366343,Stress_Induced
629:00,0.6683168316831711,0.5428571428571431,0.3333333333333333,0.5148357692912159,0.4736633663366343,1.7529035705593177,Medium,0.4736633663366343,Stress_Induced
629:30,0.6683168316831711,0.6571428571428575,0.3333333333333333,0.552931007386454,0.5136633663366343,1.7529035705593177,Medium,0.5136633663366343,Stress_Induced
630:00,0.6089108910891099,0.6571428571428575,0.31746031746031744,0.5278380218974282,0.49463932107496494,1.6954660547861833,Medium,0.49463932107496494,Stress_Induced
630:30,0.6089108910891099,0.6571428571428575,0.3333333333333333,0.5331290271884336,0.5017821782178221,1.723778388052621,Medium,0.501782178217822,Stress_Induced
631:00,0.6089108910891099,0.6571428571428575,0.36507936507936506,0.5437110377704442,0.5160678925035364,1.781829299740613,Medium,0.5160678925035364,Stress_Induced
631:30,0.554455445544555,0.6571428571428575,0.38095238095238093,0.5308502278799311,0.5123196605374825,1.7839727527455826,Medium,0.5123196605374825,Stress_Induced
632:00,0.554455445544555,0.6571428571428575,0.3968253968253968,0.5361412331709364,0.5194625176803397,1.8137630460819756,High,0.5194625176803397,Stress_Induced
632:30,0.554455445544555,0.6571428571428575,0.4126984126984127,0.5414322384619417,0.5266053748231968,1.8440508030571503,High,0.5266053748231968,Stress_Induced
633:00,0.554455445544555,0.6571428571428575,0.4126984126984127,0.5414322384619417,0.5266053748231968,1.8440508030571503,High,0.5266053748231968,Stress_Induced
633:30,0.5,0.6571428571428575,0.38095238095238093,0.5126984126984128,0.5014285714285716,1.7567825362287735,Medium,0.5014285714285714,Stress_Induced
634:00,0.554455445544555,0.3142857142857145,0.3492063492063492,0.40598250301220623,0.3780339462517682,1.4142124474649518,Low,0.37803394625176817,Stress_Induced
634:30,0.5,0.3142857142857145,0.36507936507936506,0.3931216931216932,0.37428571428571433,1.4159136754785586,Low,0.37428571428571433,Stress_Induced
635:00,0.5,0.3142857142857145,0.36507936507936506,0.3931216931216932,0.37428571428571433,1.4159136754785586,Low,0.37428571428571433,Stress_Induced
635:30,0.5,0.3142857142857145,0.36507936507936506,0.3931216931216932,0.37428571428571433,1.4159136754785586,Low,0.37428571428571433,Stress_Induced
636:00,0.5,0.3142857142857145,0.3968253968253968,0.40370370370370373,0.3885714285714287,1.4635967653134898,Medium,0.38857142857142857,Stress_Induced
636:30,0.5,0.3142857142857145,0.4126984126984127,0.408994708994709,0.3957142857142858,1.4880371481039678,Medium,0.3957142857142858,Stress_Induced
637:00,0.44554455445544505,0.3142857142857145,0.3968253968253968,0.3855518885221854,0.37768033946251767,1.4412895227387763,Medium,0.3776803394625176,Stress_Induced
637:30,0.44554455445544505,0.3142857142857145,0.3968253968253968,0.3855518885221854,0.37768033946251767,1.4412895227387763,Medium,0.3776803394625176,Stress_Induced
638:00,0.44554455445544505,0.20000000000000018,0.3968253968253968,0.34745665042694734,0.33768033946251763,1.2802387636726926,Low,0.33768033946251763,Stress_Induced
638:30,0.44554455445544505,0.20000000000000018,0.4126984126984127,0.3527476557179526,0.3448231966053748,1.3016172787042335,Low,0.34482319660537475,Stress_Induced
639:00,0.3861386138613838,0.20000000000000018,0.4126984126984127,0.3329456755199322,0.3329420084865625,1.2799903954958007,Low,0.33294200848656247,Stress_Induced
639:30,0.3861386138613838,0.20000000000000018,0.3968253968253968,0.3276546702289269,0.3257991513437054,1.2589670929029095,Low,0.32579915134370535,Stress_Induced
640:00,0.3861386138613838,0.20000000000000018,0.3968253968253968,0.3276546702289269,0.3257991513437054,1.2589670929029095,Low,0.32579915134370535,Stress_Induced
640:30,0.3861386138613838,0.20000000000000018,0.3968253968253968,0.3276546702289269,0.3257991513437054,1.2589670929029095,Low,0.32579915134370535,Stress_Induced
641:00,0.33168316831682887,0.20000000000000018,0.38095238095238093,0.3042118497564033,0.3077652050919373,1.2273081888341164,Low,0.30776520509193717,Stress_Induced
641:30,0.33168316831682887,0.20000000000000018,0.38095238095238093,0.3042118497564033,0.3077652050919373,1.2273081888341164,Low,0.30776520509193717,Stress_Induced
642:00,0.33168316831682887,0.6000000000000001,0.38095238095238093,0.4375451830897366,0.44776520509193724,1.6861755420692608,Medium,0.4477652050919372,Stress_Induced
642:30,0.33168316831682887,0.6000000000000001,0.3968253968253968,0.4428361883807419,0.45490806223479435,1.7143327344577581,Medium,0.4549080622347943,Stress_Induced
643:00,0.33168316831682887,0.6000000000000001,0.4126984126984127,0.4481271936717472,0.4620509193776515,1.7429601195773339,Medium,0.4620509193776514,Stress_Induced
643:30,0.33168316831682887,0.6000000000000001,0.42857142857142855,0.45341819896275254,0.46919377652050864,1.7720655491058575,Medium,0.46919377652050864,Stress_Induced
644:00,0.33168316831682887,0.6000000000000001,0.4444444444444444,0.4587092042537578,0.4763366336633658,1.8016570058351904,Medium,0.47633663366336576,Stress_Induced
644:30,0.33168316831682887,0.6000000000000001,0.4444444444444444,0.4587092042537578,0.4763366336633658,1.8016570058351904,Medium,0.47633663366336576,Stress_Induced
645:00,0.2772277227722739,0.6000000000000001,0.4603174603174603,0.44584839436324475,0.4725884016973119,1.8317426058606365,High,0.47258840169731187,Stress_Induced
645:30,0.2772277227722739,0.6571428571428575,0.49206349206349204,0.4754780239928745,0.5068741159830263,1.8934293800915607,High,0.5068741159830262,Stress_Induced
646:00,0.2772277227722739,0.6571428571428575,0.5079365079365079,0.48076902928387977,0.5140169731258835,1.9250474732254734,High,0.5140169731258833,Stress_Induced
646:30,0.2772277227722739,0.6571428571428575,0.5079365079365079,0.48076902928387977,0.5140169731258835,1.9250474732254734,High,0.5140169731258833,Stress_Induced
647:00,0.2772277227722739,0.6571428571428575,0.5079365079365079,0.48076902928387977,0.5140169731258835,1.9250474732254734,High,0.5140169731258833,Stress_Induced
647:30,0.2772277227722739,0.6571428571428575,0.5238095238095237,0.48606003457488506,0.5211598302687406,1.9571935521527488,High,0.5211598302687405,Stress_Induced
648:00,0.22277227722772608,0.6571428571428575,0.5396825396825398,0.4731992246843744,0.5174115983026882,1.989876433628934,High,0.5174115983026881,Stress_Induced
648:30,0.22277227722772608,0.6571428571428575,0.5555555555555556,0.4784902299753797,0.5245544554455454,2.023105081639252,High,0.5245544554455452,Stress_Induced
649:00,0.22277227722772608,0.6571428571428575,0.5714285714285714,0.483781235266385,0.5316973125884025,2.0568886098571717,High,0.5316973125884024,Stress_Induced
649:30,0.22277227722772608,0.6000000000000001,0.5714285714285714,0.46473361621876585,0.5116973125884023,2.0568886098571717,High,0.5116973125884023,Stress_Induced
650:00,0.22277227722772608,0.6000000000000001,0.5873015873015872,0.47002462150977115,0.5188401697312595,2.0912362841440273,High,0.5188401697312595,Stress_Induced
650:30,0.22277227722772608,0.6000000000000001,0.6031746031746033,0.4753156268007765,0.5259830268741167,2.126157525090382,High,0.5259830268741166,Stress_Induced
651:00,0.16336633663366484,0.6000000000000001,0.6031746031746033,0.45551364660275606,0.5141018387553045,2.126157525090382,High,0.5141018387553044,Stress_Induced
651:30,0.16336633663366484,0.6000000000000001,0.6031746031746033,0.45551364660275606,0.5141018387553045,2.126157525090382,High,0.5141018387553044,Stress_Induced
652:00,0.16336633663366484,0.6000000000000001,0.5873015873015872,0.4502226413117507,0.5069589816124472,2.0912362841440273,High,0.5069589816124472,Stress_Induced
652:30,0.16336633663366484,0.6000000000000001,0.5714285714285714,0.4449316360207454,0.4998161244695901,2.0568886098571717,High,0.49981612446959006,Stress_Induced
653:00,0.16336633663366484,0.7428571428571429,0.5714285714285714,0.49255068363979304,0.54981612446959,2.0568886098571717,High,0.54981612446959,Stress_Induced
653:30,0.16336633663366484,0.7428571428571429,0.5714285714285714,0.49255068363979304,0.54981612446959,2.0568886098571717,High,0.54981612446959,Stress_Induced
654:00,0.16336633663366484,0.7428571428571429,0.5714285714285714,0.49255068363979304,0.54981612446959,2.0568886098571717,High,0.54981612446959,Stress_Induced
654:30,0.16336633663366484,0.7428571428571429,0.5714285714285714,0.49255068363979304,0.54981612446959,2.0568886098571717,High,0.54981612446959,Stress_Induced
655:00,0.16336633663366484,0.7428571428571429,0.5714285714285714,0.49255068363979304,0.54981612446959,2.0568886098571717,High,0.54981612446959,Stress_Induced
655:30,0.16336633663366484,0.7428571428571429,0.5714285714285714,0.49255068363979304,0.54981612446959,2.0568886098571717,High,0.54981612446959,Stress_Induced
656:00,0.1089108910891099,0.7428571428571429,0.5873015873015872,0.47968987374928,0.5460678925035363,2.0912362841440273,High,0.5460678925035362,Stress_Induced
656:30,0.1089108910891099,0.7428571428571429,0.6031746031746033,0.48498087904028536,0.5532107496463935,2.126157525090382,High,0.5532107496463934,Stress_Induced
657:00,0.1089108910891099,0.37142857142857144,0.6031746031746033,0.36117135523076155,0.42321074964639344,1.8485732717955479,High,0.4232107496463933,Stress_Induced
657:30,0.1089108910891099,0.37142857142857144,0.6031746031746033,0.36117135523076155,0.42321074964639344,1.8485732717955479,High,0.4232107496463933,Stress_Induced
658:00,0.1089108910891099,0.37142857142857144,0.6031746031746033,0.36117135523076155,0.42321074964639344,1.8485732717955479,High,0.4232107496463933,Stress_Induced
658:30,0.1089108910891099,0.37142857142857144,0.6190476190476191,0.3664623605217668,0.43035360678925055,1.8794423195070957,High,0.43035360678925044,Stress_Induced
659:00,0.1089108910891099,0.37142857142857144,0.6190476190476191,0.3664623605217668,0.43035360678925055,1.8794423195070957,High,0.43035360678925044,Stress_Induced
659:30,0.05445544554455495,0.37142857142857144,0.6190476190476191,0.34831054534024847,0.4194625176803396,1.8794423195070957,High,0.4194625176803395,Stress_Induced
660:00,0.1089108910891099,0.37142857142857144,0.5873015873015872,0.3558803499397562,0.4160678925035362,1.81821123517805,High,0.4160678925035361,Stress_Induced
660:30,0.05445544554455495,0.37142857142857144,0.5238095238095237,0.3165645135942167,0.37660537482319667,1.7016686889586685,Medium,0.37660537482319656,Stress_Induced
661:00,0.05445544554455495,0.28571428571428603,0.49206349206349204,0.27741107444077767,0.3323196605374825,1.5062433781213949,Medium,0.3323196605374824,Stress_Induced
661:30,0.05445544554455495,0.28571428571428603,0.49206349206349204,0.27741107444077767,0.3323196605374825,1.5062433781213949,Medium,0.3323196605374824,Stress_Induced
662:00,0.05445544554455495,0.28571428571428603,0.4444444444444444,0.2615380585677618,0.3108910891089111,1.4332374701791342,Medium,0.31089108910891106,Stress_Induced
662:30,0.05445544554455495,0.28571428571428603,0.3968253968253968,0.2456650426947459,0.2894625176803397,1.3637700757811595,Low,0.2894625176803396,Stress_Induced
663:00,0.05445544554455495,0.28571428571428603,0.3968253968253968,0.2456650426947459,0.2894625176803397,1.3637700757811595,Low,0.2894625176803396,Stress_Induced
663:30,0.05445544554455495,0.28571428571428603,0.4126984126984127,0.2509560479857512,0.2966053748231968,1.3865434676608221,Low,0.2966053748231967,Stress_Induced
664:00,0.05445544554455495,0.28571428571428603,0.42857142857142855,0.2562470532767565,0.30374823196605394,1.4096971489946346,Low,0.3037482319660539,Stress_Induced
664:30,0.0,0.28571428571428603,0.4444444444444444,0.24338624338624348,0.3000000000000001,1.4332374701791342,Medium,0.30000000000000004,Stress_Induced
665:00,0.05445544554455495,0.6857142857142859,0.4603174603174603,0.4001623971921004,0.4580339462517682,1.8317426058606365,High,0.4580339462517681,Stress_Induced
