Timestamp,Object Temperature(F),Heart Rate Ear(BPM),GSR,Feature_Mean,Weighted_Stress,QuantityIndex_Stress,StressIndex_Level,Predicted_Stress,Condition
00:00,0.0,0.41666666666666696,0.8666666666666663,0.42777777777777776,0.5358333333333333,1.7296329031426054,Medium,0.5358333333333334,Base
00:30,0.0,0.41666666666666696,0.8666666666666663,0.42777777777777776,0.5358333333333333,1.7296329031426054,Medium,0.5358333333333334,Base
01:00,0.0,0.41666666666666696,0.8666666666666663,0.42777777777777776,0.5358333333333333,1.7296329031426054,Medium,0.5358333333333334,Base
01:30,0.0,0.41666666666666696,0.8666666666666663,0.42777777777777776,0.5358333333333333,1.7296329031426054,Medium,0.5358333333333334,Base
02:00,0.061452513966479216,0.41666666666666696,0.9000000000000004,0.45937306021104884,0.5631238361266294,1.7296329031426054,Medium,0.5631238361266295,Base
02:30,0.061452513966479216,0.41666666666666696,0.9000000000000004,0.45937306021104884,0.5631238361266294,1.7296329031426054,Medium,0.5631238361266295,Base
03:00,0.061452513966479216,0.41666666666666696,0.7666666666666666,0.4149286157666043,0.5031238361266293,1.661475719636785,Medium,0.5031238361266294,Base
03:30,0.061452513966479216,0.41666666666666696,0.7333333333333334,0.4038175046554932,0.4881238361266293,1.6162462411674425,Medium,0.48812383612662946,Base
04:00,0.061452513966479216,0.41666666666666696,0.7000000000000002,0.39270639354438214,0.4731238361266294,1.5722480209695455,Medium,0.4731238361266295,Base
04:30,0.061452513966479216,0.41666666666666696,0.7333333333333334,0.4038175046554932,0.4881238361266293,1.6162462411674425,Medium,0.48812383612662946,Base
05:00,0.061452513966479216,0.41666666666666696,0.7666666666666666,0.4149286157666043,0.5031238361266293,1.661475719636785,Medium,0.5031238361266294,Base
05:30,0.061452513966479216,0.41666666666666696,0.7333333333333334,0.4038175046554932,0.4881238361266293,1.6162462411674425,Medium,0.48812383612662946,Base
06:00,0.061452513966479216,0.41666666666666696,0.7333333333333334,0.4038175046554932,0.4881238361266293,1.6162462411674425,Medium,0.48812383612662946,Base
06:30,0.061452513966479216,0.0,0.7333333333333334,0.2649286157666042,0.34229050279329587,1.4655009569776865,Medium,0.3422905027932961,Base
07:00,0.061452513966479216,0.0,0.7666666666666666,0.2760397268777153,0.3572905027932958,1.5065119380349696,Medium,0.357290502793296,Base
07:30,0.061452513966479216,0.0,0.7666666666666666,0.2760397268777153,0.3572905027932958,1.5065119380349696,Medium,0.357290502793296,Base
08:00,0.061452513966479216,0.0,0.7999999999999998,0.28715083798882635,0.3722905027932958,1.548670581643596,Medium,0.37229050279329595,Base
08:30,0.061452513966479216,0.0,0.7999999999999998,0.28715083798882635,0.3722905027932958,1.548670581643596,Medium,0.37229050279329595,Base
09:00,0.061452513966479216,0.0,0.7999999999999998,0.28715083798882635,0.3722905027932958,1.548670581643596,Medium,0.37229050279329595,Base
09:30,0.061452513966479216,0.0,0.7999999999999998,0.28715083798882635,0.3722905027932958,1.548670581643596,Medium,0.37229050279329595,Base
10:00,0.061452513966479216,0.0,0.7999999999999998,0.28715083798882635,0.3722905027932958,1.548670581643596,Medium,0.37229050279329595,Base
10:30,0.061452513966479216,0.0,0.7999999999999998,0.28715083798882635,0.3722905027932958,1.548670581643596,Medium,0.37229050279329595,Base
11:00,0.061452513966479216,0.0,0.7999999999999998,0.28715083798882635,0.3722905027932958,1.548670581643596,Medium,0.37229050279329595,Base
11:30,0.12290502793295843,0.25,0.7999999999999998,0.3909683426443194,0.4720810055865916,1.548670581643596,Medium,0.4720810055865917,Base
12:00,0.12290502793295843,0.25,0.7999999999999998,0.3909683426443194,0.4720810055865916,1.548670581643596,Medium,0.4720810055865917,Base
12:30,0.061452513966479216,0.25,0.833333333333333,0.38159528243327073,0.47479050279329577,1.568312185490169,Medium,0.4747905027932959,Base
13:00,0.12290502793295843,0.25,0.833333333333333,0.40207945375543047,0.4870810055865916,1.568312185490169,Medium,0.48708100558659173,Base
13:30,0.061452513966479216,0.25,0.833333333333333,0.38159528243327073,0.47479050279329577,1.568312185490169,Medium,0.4747905027932959,Base
14:00,0.12290502793295843,0.25,0.833333333333333,0.40207945375543047,0.4870810055865916,1.568312185490169,Medium,0.48708100558659173,Base
14:30,0.12290502793295843,0.25,0.833333333333333,0.40207945375543047,0.4870810055865916,1.568312185490169,Medium,0.48708100558659173,Base
15:00,0.12290502793295843,0.25,0.833333333333333,0.40207945375543047,0.4870810055865916,1.568312185490169,Medium,0.48708100558659173,Base
15:30,0.12290502793295843,0.25,0.833333333333333,0.40207945375543047,0.4870810055865916,1.568312185490169,Medium,0.48708100558659173,Base
16:00,0.12290502793295843,0.25,0.833333333333333,0.40207945375543047,0.4870810055865916,1.568312185490169,Medium,0.48708100558659173,Base
16:30,0.12290502793295843,0.33333333333333304,0.833333333333333,0.42985723153320815,0.5162476722532582,1.6377565582069613,Medium,0.5162476722532583,Base
17:00,0.12290502793295843,0.33333333333333304,0.7666666666666666,0.407635009310986,0.48624767225325827,1.573219815136938,Medium,0.4862476722532584,Base
17:30,0.12290502793295843,0.33333333333333304,0.7999999999999998,0.4187461204220971,0.5012476722532582,1.617245230289571,Medium,0.5012476722532583,Base
18:00,0.12290502793295843,0.33333333333333304,0.7999999999999998,0.4187461204220971,0.5012476722532582,1.617245230289571,Medium,0.5012476722532583,Base
18:30,0.12290502793295843,0.33333333333333304,0.7999999999999998,0.4187461204220971,0.5012476722532582,1.617245230289571,Medium,0.5012476722532583,Base
19:00,0.12290502793295843,0.33333333333333304,0.7666666666666666,0.407635009310986,0.48624767225325827,1.573219815136938,Medium,0.4862476722532584,Base
19:30,0.12290502793295843,0.33333333333333304,0.7666666666666666,0.407635009310986,0.48624767225325827,1.573219815136938,Medium,0.4862476722532584,Base
20:00,0.18435754189943765,0.33333333333333304,0.7999999999999998,0.4392302917442568,0.513538175046554,1.617245230289571,Medium,0.5135381750465541,Base
20:30,0.12290502793295843,0.833333333333333,0.833333333333333,0.5965238981998748,0.6912476722532581,2.225540928492468,High,0.6912476722532582,Base
21:00,0.12290502793295843,0.833333333333333,0.833333333333333,0.5965238981998748,0.6912476722532581,2.225540928492468,High,0.6912476722532582,Base
21:30,0.18435754189943765,0.833333333333333,0.833333333333333,0.6170080695220346,0.7035381750465539,2.225540928492468,High,0.703538175046554,Base
22:00,0.18435754189943765,0.833333333333333,0.7999999999999998,0.6058969584109235,0.6885381750465539,2.197668165871472,High,0.688538175046554,Base
22:30,0.18435754189943765,0.833333333333333,0.7666666666666666,0.5947858472998124,0.673538175046554,2.1378422028337614,High,0.673538175046554,Base
23:00,0.18435754189943765,0.833333333333333,0.7999999999999998,0.6058969584109235,0.6885381750465539,2.197668165871472,High,0.688538175046554,Base
23:30,0.18435754189943765,0.833333333333333,0.833333333333333,0.6170080695220346,0.7035381750465539,2.225540928492468,High,0.703538175046554,Base
24:00,0.18435754189943765,0.833333333333333,0.833333333333333,0.6170080695220346,0.7035381750465539,2.225540928492468,High,0.703538175046554,Base
24:30,0.18435754189943765,0.833333333333333,0.833333333333333,0.6170080695220346,0.7035381750465539,2.225540928492468,High,0.703538175046554,Base
25:00,0.18435754189943765,0.75,0.833333333333333,0.5892302917442569,0.6743715083798874,2.1516533450291084,High,0.6743715083798875,Base
25:30,0.18435754189943765,0.75,0.7999999999999998,0.5781191806331458,0.6593715083798873,2.1247059534260737,High,0.6593715083798874,Base
26:00,0.18435754189943765,0.75,0.7999999999999998,0.5781191806331458,0.6593715083798873,2.1247059534260737,High,0.6593715083798874,Base
26:30,0.18435754189943765,0.75,0.833333333333333,0.5892302917442569,0.6743715083798874,2.1516533450291084,High,0.6743715083798875,Base
27:00,0.18435754189943765,0.75,0.8666666666666663,0.600341402855368,0.6893715083798874,2.1516533450291084,High,0.6893715083798874,Base
27:30,0.18435754189943765,0.75,0.9000000000000004,0.6114525139664794,0.7043715083798877,2.1516533450291084,High,0.7043715083798877,Base
28:00,0.18435754189943765,0.75,0.9000000000000004,0.6114525139664794,0.7043715083798877,2.1516533450291084,High,0.7043715083798877,Base
28:30,0.18435754189943765,0.75,0.9000000000000004,0.6114525139664794,0.7043715083798877,2.1516533450291084,High,0.7043715083798877,Base
29:00,0.18435754189943765,0.75,0.9333333333333336,0.6225636250775904,0.7193715083798876,2.1516533450291084,High,0.7193715083798876,Base
29:30,0.18435754189943765,0.666666666666667,0.9000000000000004,0.5836747361887017,0.6752048417132211,2.0373597024008694,High,0.6752048417132211,Base
30:00,0.18435754189943765,0.666666666666667,0.9000000000000004,0.5836747361887017,0.6752048417132211,2.0373597024008694,High,0.6752048417132211,Base
30:30,0.25139664804468254,0.666666666666667,0.9333333333333336,0.6171322160148943,0.7036126629422701,2.0373597024008694,High,0.7036126629422701,Base
31:00,0.18435754189943765,0.666666666666667,0.9333333333333336,0.5947858472998128,0.690204841713221,2.0373597024008694,High,0.690204841713221,Base
31:30,0.25139664804468254,0.666666666666667,0.9666666666666668,0.6282433271260054,0.71861266294227,2.0373597024008694,High,0.71861266294227,Base
32:00,0.25139664804468254,0.666666666666667,0.9666666666666668,0.6282433271260054,0.71861266294227,2.0373597024008694,High,0.71861266294227,Base
32:30,0.18435754189943765,0.666666666666667,0.9666666666666668,0.6058969584109238,0.705204841713221,2.0373597024008694,High,0.7052048417132211,Base
33:00,0.18435754189943765,0.666666666666667,0.9333333333333336,0.5947858472998128,0.690204841713221,2.0373597024008694,High,0.690204841713221,Base
33:30,0.18435754189943765,0.666666666666667,0.9333333333333336,0.5947858472998128,0.690204841713221,2.0373597024008694,High,0.690204841713221,Base
34:00,0.18435754189943765,0.833333333333333,0.9333333333333336,0.6503414028553681,0.7485381750465542,2.225540928492468,High,0.7485381750465542,Base
34:30,0.18435754189943765,0.833333333333333,0.9333333333333336,0.6503414028553681,0.7485381750465542,2.225540928492468,High,0.7485381750465542,Base
35:00,0.18435754189943765,0.833333333333333,0.9666666666666668,0.6614525139664792,0.7635381750465541,2.225540928492468,High,0.7635381750465541,Base
35:30,0.12290502793295843,0.833333333333333,1.0,0.6520794537554305,0.7662476722532582,2.225540928492468,High,0.7662476722532583,Base
36:00,0.12290502793295843,0.833333333333333,1.0,0.6520794537554305,0.7662476722532582,2.225540928492468,High,0.7662476722532583,Base
36:30,0.12290502793295843,0.833333333333333,0.9666666666666668,0.6409683426443195,0.7512476722532583,2.225540928492468,High,0.7512476722532583,Base
37:00,0.12290502793295843,0.833333333333333,0.9000000000000004,0.6187461204220973,0.7212476722532585,2.225540928492468,High,0.7212476722532585,Base
37:30,0.12290502793295843,0.833333333333333,0.8666666666666663,0.6076350093109859,0.7062476722532581,2.225540928492468,High,0.7062476722532581,Base
38:00,0.12290502793295843,0.833333333333333,0.9000000000000004,0.6187461204220973,0.7212476722532585,2.225540928492468,High,0.7212476722532585,Base
38:30,0.18435754189943765,0.833333333333333,0.9000000000000004,0.639230291744257,0.7335381750465543,2.225540928492468,High,0.7335381750465543,Base
39:00,0.18435754189943765,0.833333333333333,0.9333333333333336,0.6503414028553681,0.7485381750465542,2.225540928492468,High,0.7485381750465542,Base
39:30,0.18435754189943765,0.833333333333333,0.9666666666666668,0.6614525139664792,0.7635381750465541,2.225540928492468,High,0.7635381750465541,Base
40:00,0.18435754189943765,0.833333333333333,0.9333333333333336,0.6503414028553681,0.7485381750465542,2.225540928492468,High,0.7485381750465542,Base
40:30,0.18435754189943765,0.833333333333333,0.9333333333333336,0.6503414028553681,0.7485381750465542,2.225540928492468,High,0.7485381750465542,Base
41:00,0.18435754189943765,0.833333333333333,0.9333333333333336,0.6503414028553681,0.7485381750465542,2.225540928492468,High,0.7485381750465542,Base
41:30,0.18435754189943765,0.833333333333333,0.9333333333333336,0.6503414028553681,0.7485381750465542,2.225540928492468,High,0.7485381750465542,Base
42:00,0.18435754189943765,0.833333333333333,0.9666666666666668,0.6614525139664792,0.7635381750465541,2.225540928492468,High,0.7635381750465541,Base
42:30,0.18435754189943765,0.833333333333333,0.9666666666666668,0.6614525139664792,0.7635381750465541,2.225540928492468,High,0.7635381750465541,Base
43:00,0.18435754189943765,0.833333333333333,0.9333333333333336,0.6503414028553681,0.7485381750465542,2.225540928492468,High,0.7485381750465542,Base
43:30,0.18435754189943765,0.833333333333333,0.9333333333333336,0.6503414028553681,0.7485381750465542,2.225540928492468,High,0.7485381750465542,Base
44:00,0.18435754189943765,0.833333333333333,0.9000000000000004,0.639230291744257,0.7335381750465543,2.225540928492468,High,0.7335381750465543,Base
44:30,0.18435754189943765,0.833333333333333,0.833333333333333,0.6170080695220346,0.7035381750465539,2.225540928492468,High,0.703538175046554,Base
45:00,0.18435754189943765,0.833333333333333,0.7666666666666666,0.5947858472998124,0.673538175046554,2.1378422028337614,High,0.673538175046554,Base
45:30,0.18435754189943765,0.833333333333333,0.7666666666666666,0.5947858472998124,0.673538175046554,2.1378422028337614,High,0.673538175046554,Base
46:00,0.18435754189943765,0.833333333333333,0.7999999999999998,0.6058969584109235,0.6885381750465539,2.197668165871472,High,0.688538175046554,Base
46:30,0.18435754189943765,0.833333333333333,0.7999999999999998,0.6058969584109235,0.6885381750465539,2.197668165871472,High,0.688538175046554,Base
47:00,0.18435754189943765,0.833333333333333,0.7666666666666666,0.5947858472998124,0.673538175046554,2.1378422028337614,High,0.673538175046554,Base
47:30,0.18435754189943765,0.583333333333333,0.7000000000000002,0.489230291744257,0.5560381750465542,1.7535987978291485,Medium,0.5560381750465543,Base
48:00,0.18435754189943765,0.583333333333333,0.7333333333333334,0.500341402855368,0.5710381750465541,1.8026719879471271,Medium,0.5710381750465542,Base
48:30,0.18435754189943765,0.583333333333333,0.7333333333333334,0.500341402855368,0.5710381750465541,1.8026719879471271,Medium,0.5710381750465542,Base
49:00,0.18435754189943765,0.583333333333333,0.7000000000000002,0.489230291744257,0.5560381750465542,1.7535987978291485,Medium,0.5560381750465543,Base
49:30,0.18435754189943765,0.583333333333333,0.7333333333333334,0.500341402855368,0.5710381750465541,1.8026719879471271,Medium,0.5710381750465542,Base
50:00,0.25139664804468254,0.583333333333333,0.7000000000000002,0.5115766604593386,0.5694459962756032,1.7535987978291485,Medium,0.5694459962756033,Base
50:30,0.25139664804468254,0.583333333333333,0.7000000000000002,0.5115766604593386,0.5694459962756032,1.7535987978291485,Medium,0.5694459962756033,Base
51:00,0.25139664804468254,0.583333333333333,0.7000000000000002,0.5115766604593386,0.5694459962756032,1.7535987978291485,Medium,0.5694459962756033,Base
51:30,0.18435754189943765,0.583333333333333,0.7000000000000002,0.489230291744257,0.5560381750465542,1.7535987978291485,Medium,0.5560381750465543,Base
52:00,0.25139664804468254,0.75,0.666666666666667,0.5560211049037832,0.6127793296089367,1.9026239105290248,Medium,0.6127793296089368,Base
52:30,0.25139664804468254,0.75,0.7000000000000002,0.5671322160148943,0.6277793296089367,1.9558674603079065,Medium,0.6277793296089367,Base
53:00,0.25139664804468254,0.75,0.7000000000000002,0.5671322160148943,0.6277793296089367,1.9558674603079065,Medium,0.6277793296089367,Base
53:30,0.25139664804468254,0.75,0.666666666666667,0.5560211049037832,0.6127793296089367,1.9026239105290248,Medium,0.6127793296089368,Base
54:00,0.25139664804468254,0.75,0.7000000000000002,0.5671322160148943,0.6277793296089367,1.9558674603079065,Medium,0.6277793296089367,Base
54:30,0.25139664804468254,0.75,0.7000000000000002,0.5671322160148943,0.6277793296089367,1.9558674603079065,Medium,0.6277793296089367,Base
55:00,0.25139664804468254,0.75,0.7000000000000002,0.5671322160148943,0.6277793296089367,1.9558674603079065,Medium,0.6277793296089367,Base
55:30,0.25139664804468254,0.75,0.666666666666667,0.5560211049037832,0.6127793296089367,1.9026239105290248,Medium,0.6127793296089368,Base
56:00,0.25139664804468254,0.75,0.666666666666667,0.5560211049037832,0.6127793296089367,1.9026239105290248,Medium,0.6127793296089368,Base
56:30,0.25139664804468254,0.833333333333333,0.7000000000000002,0.594909993792672,0.6569459962756032,2.023031773997486,High,0.6569459962756032,Base
57:00,0.25139664804468254,0.833333333333333,0.7000000000000002,0.594909993792672,0.6569459962756032,2.023031773997486,High,0.6569459962756032,Base
57:30,0.25139664804468254,0.833333333333333,0.7000000000000002,0.594909993792672,0.6569459962756032,2.023031773997486,High,0.6569459962756032,Base
58:00,0.25139664804468254,0.833333333333333,0.666666666666667,0.5837988826815609,0.6419459962756032,1.9679598454803375,Medium,0.6419459962756033,Base
58:30,0.25139664804468254,0.833333333333333,0.7000000000000002,0.594909993792672,0.6569459962756032,2.023031773997486,High,0.6569459962756032,Base
59:00,0.31284916201116886,0.833333333333333,0.7000000000000002,0.615394165114834,0.6692364990689005,2.0583980335997545,High,0.6692364990689005,Base
59:30,0.31284916201116886,0.833333333333333,0.7000000000000002,0.615394165114834,0.6692364990689005,2.0583980335997545,High,0.6692364990689005,Base
60:00,0.31284916201116886,0.833333333333333,0.6333333333333329,0.5931719428926115,0.6392364990689001,1.9478540651814675,Medium,0.6392364990689002,Base
60:30,0.25139664804468254,1.0,0.5666666666666664,0.606021104903783,0.6552793296089364,1.811577088472392,Medium,0.6552793296089365,Base
61:00,0.31284916201116886,1.0,0.5666666666666664,0.6265052762259451,0.6675698324022337,1.8432467371768402,Medium,0.6675698324022338,Base
61:30,0.31284916201116886,1.0,0.5999999999999996,0.6376163873370562,0.6825698324022337,1.894828659837713,Medium,0.6825698324022337,Base
62:00,0.31284916201116886,1.0,0.5999999999999996,0.6376163873370562,0.6825698324022337,1.894828659837713,Medium,0.6825698324022337,Base
62:30,0.31284916201116886,1.0,0.5999999999999996,0.6376163873370562,0.6825698324022337,1.894828659837713,Medium,0.6825698324022337,Base
63:00,0.31284916201116886,1.0,0.5666666666666664,0.6265052762259451,0.6675698324022337,1.8432467371768402,Medium,0.6675698324022338,Base
63:30,0.31284916201116886,1.0,0.5666666666666664,0.6265052762259451,0.6675698324022337,1.8432467371768402,Medium,0.6675698324022338,Base
64:00,0.31284916201116886,1.0,0.5999999999999996,0.6376163873370562,0.6825698324022337,1.894828659837713,Medium,0.6825698324022337,Base
64:30,0.31284916201116886,1.0,0.5999999999999996,0.6376163873370562,0.6825698324022337,1.894828659837713,Medium,0.6825698324022337,Base
65:00,0.31284916201116886,0.833333333333333,0.5666666666666664,0.5709497206703894,0.6092364990689002,1.8432467371768402,Medium,0.6092364990689003,Base
65:30,0.31284916201116886,0.833333333333333,0.5333333333333332,0.5598386095592783,0.5942364990689003,1.7930690020300089,Medium,0.5942364990689003,Base
66:00,0.31284916201116886,0.833333333333333,0.5333333333333332,0.5598386095592783,0.5942364990689003,1.7930690020300089,Medium,0.5942364990689003,Base
66:30,0.31284916201116886,0.833333333333333,0.5666666666666664,0.5709497206703894,0.6092364990689002,1.8432467371768402,Medium,0.6092364990689003,Base
67:00,0.31284916201116886,0.833333333333333,0.5666666666666664,0.5709497206703894,0.6092364990689002,1.8432467371768402,Medium,0.6092364990689003,Base
67:30,0.31284916201116886,0.833333333333333,0.5666666666666664,0.5709497206703894,0.6092364990689002,1.8432467371768402,Medium,0.6092364990689003,Base
68:00,0.31284916201116886,0.833333333333333,0.5666666666666664,0.5709497206703894,0.6092364990689002,1.8432467371768402,Medium,0.6092364990689003,Base
68:30,0.3743016759776481,0.833333333333333,0.5666666666666664,0.5914338919925491,0.621527001862196,1.886221575654854,Medium,0.6215270018621961,Base
69:00,0.3743016759776481,0.833333333333333,0.5999999999999996,0.6025450031036602,0.6365270018621959,1.9390061179922071,Medium,0.636527001862196,Base
69:30,0.3743016759776481,0.75,0.5999999999999996,0.5747672253258825,0.6073603351955293,1.8746314419101275,Medium,0.6073603351955295,Base
70:00,0.3743016759776481,0.75,0.5999999999999996,0.5747672253258825,0.6073603351955293,1.8746314419101275,Medium,0.6073603351955295,Base
70:30,0.3743016759776481,0.75,0.6333333333333329,0.5858783364369936,0.6223603351955294,1.9270916427632987,Medium,0.6223603351955295,Base
71:00,0.3743016759776481,0.75,0.666666666666667,0.596989447548105,0.6373603351955297,1.9810199042773713,High,0.6373603351955298,Base
71:30,0.3743016759776481,0.75,0.666666666666667,0.596989447548105,0.6373603351955297,1.9810199042773713,High,0.6373603351955298,Base
72:00,0.3743016759776481,0.75,0.6333333333333329,0.5858783364369936,0.6223603351955294,1.9270916427632987,Medium,0.6223603351955295,Base
72:30,0.3743016759776481,0.75,0.666666666666667,0.596989447548105,0.6373603351955297,1.9810199042773713,High,0.6373603351955298,Base
73:00,0.3743016759776481,0.75,0.666666666666667,0.596989447548105,0.6373603351955297,1.9810199042773713,High,0.6373603351955298,Base
73:30,0.3743016759776481,0.75,0.666666666666667,0.596989447548105,0.6373603351955297,1.9810199042773713,High,0.6373603351955298,Base
74:00,0.3743016759776481,0.583333333333333,0.666666666666667,0.5414338919925493,0.5790270018621962,1.7761500679956737,Medium,0.5790270018621964,Base
74:30,0.3743016759776481,0.583333333333333,0.666666666666667,0.5414338919925493,0.5790270018621962,1.7761500679956737,Medium,0.5790270018621964,Base
75:00,0.3743016759776481,0.583333333333333,0.7000000000000002,0.5525450031036604,0.5940270018621963,1.8258543390482729,Medium,0.5940270018621964,Base
75:30,0.3743016759776481,0.583333333333333,0.7333333333333334,0.5636561142147715,0.6090270018621962,1.876949548065736,Medium,0.6090270018621963,Base
76:00,0.3743016759776481,0.583333333333333,0.7333333333333334,0.5636561142147715,0.6090270018621962,1.876949548065736,Medium,0.6090270018621963,Base
76:30,0.3743016759776481,0.583333333333333,0.7333333333333334,0.5636561142147715,0.6090270018621962,1.876949548065736,Medium,0.6090270018621963,Base
77:00,0.3743016759776481,0.583333333333333,0.7666666666666666,0.5747672253258825,0.6240270018621962,1.9294746194378813,Medium,0.6240270018621962,Base
77:30,0.3743016759776481,0.583333333333333,0.7666666666666666,0.5747672253258825,0.6240270018621962,1.9294746194378813,Medium,0.6240270018621962,Base
78:00,0.3743016759776481,0.583333333333333,0.7666666666666666,0.5747672253258825,0.6240270018621962,1.9294746194378813,Medium,0.6240270018621962,Base
78:30,0.3743016759776481,0.41666666666666696,0.7666666666666666,0.5192116697703272,0.565693668528863,1.7299354080748734,Medium,0.5656936685288632,Base
79:00,0.3743016759776481,0.41666666666666696,0.7333333333333334,0.5081005586592161,0.550693668528863,1.6828422875627178,Medium,0.5506936685288633,Base
79:30,0.3743016759776481,0.41666666666666696,0.7666666666666666,0.5192116697703272,0.565693668528863,1.7299354080748734,Medium,0.5656936685288632,Base
80:00,0.4357541899441273,0.41666666666666696,0.7666666666666666,0.5396958410924869,0.5779841713221588,1.7702684211435857,Medium,0.577984171322159,Base
80:30,0.3743016759776481,0.41666666666666696,0.7666666666666666,0.5192116697703272,0.565693668528863,1.7299354080748734,Medium,0.5656936685288632,Base
81:00,0.3743016759776481,0.41666666666666696,0.666666666666667,0.485878336436994,0.5206936685288632,1.5924671212184514,Medium,0.5206936685288632,Base
81:30,0.3743016759776481,0.41666666666666696,0.666666666666667,0.485878336436994,0.5206936685288632,1.5924671212184514,Medium,0.5206936685288632,Base
82:00,0.3743016759776481,0.41666666666666696,0.7000000000000002,0.4969894475481051,0.5356936685288631,1.6370311582678183,Medium,0.5356936685288632,Base
82:30,0.3743016759776481,0.41666666666666696,0.7000000000000002,0.4969894475481051,0.5356936685288631,1.6370311582678183,Medium,0.5356936685288632,Base
83:00,0.3743016759776481,0.41666666666666696,0.7000000000000002,0.4969894475481051,0.5356936685288631,1.6370311582678183,Medium,0.5356936685288632,Base
83:30,0.3743016759776481,0.41666666666666696,0.666666666666667,0.485878336436994,0.5206936685288632,1.5924671212184514,Medium,0.5206936685288632,Base
84:00,0.4357541899441273,0.41666666666666696,0.6333333333333329,0.49525139664804235,0.5179841713221587,1.5852334863989639,Medium,0.5179841713221588,Base
84:30,0.4357541899441273,0.16666666666666696,0.6333333333333329,0.41191806331470904,0.4304841713221587,1.4373807234179221,Medium,0.4304841713221588,Base
85:00,0.4357541899441273,0.16666666666666696,0.6333333333333329,0.41191806331470904,0.4304841713221587,1.4373807234179221,Medium,0.4304841713221588,Base
85:30,0.4357541899441273,0.16666666666666696,0.6333333333333329,0.41191806331470904,0.4304841713221587,1.4373807234179221,Medium,0.4304841713221588,Base
86:00,0.4357541899441273,0.16666666666666696,0.666666666666667,0.4230291744258204,0.44548417132215906,1.4776047801403196,Medium,0.4454841713221592,Base
86:30,0.4357541899441273,0.16666666666666696,0.666666666666667,0.4230291744258204,0.44548417132215906,1.4776047801403196,Medium,0.4454841713221592,Base
87:00,0.4357541899441273,0.16666666666666696,0.666666666666667,0.4230291744258204,0.44548417132215906,1.4776047801403196,Medium,0.4454841713221592,Base
87:30,0.4357541899441273,0.16666666666666696,0.6333333333333329,0.41191806331470904,0.4304841713221587,1.4373807234179221,Medium,0.4304841713221588,Base
88:00,0.4357541899441273,0.16666666666666696,0.5999999999999996,0.40080695220359797,0.4154841713221587,1.3982516650069505,Medium,0.41548417132215887,Base
88:30,0.4357541899441273,0.16666666666666696,0.5999999999999996,0.40080695220359797,0.4154841713221587,1.3982516650069505,Medium,0.41548417132215887,Base
89:00,0.4357541899441273,0.16666666666666696,0.6333333333333329,0.41191806331470904,0.4304841713221587,1.4373807234179221,Medium,0.4304841713221588,Base
89:30,0.4357541899441273,0.16666666666666696,0.6333333333333329,0.41191806331470904,0.4304841713221587,1.4373807234179221,Medium,0.4304841713221588,Base
90:00,0.4357541899441273,0.16666666666666696,0.6333333333333329,0.41191806331470904,0.4304841713221587,1.4373807234179221,Medium,0.4304841713221588,Base
90:30,0.4357541899441273,0.16666666666666696,0.6333333333333329,0.41191806331470904,0.4304841713221587,1.4373807234179221,Medium,0.4304841713221588,Base
91:00,0.4357541899441273,0.16666666666666696,0.5999999999999996,0.40080695220359797,0.4154841713221587,1.3982516650069505,Medium,0.41548417132215887,Base
91:30,0.4357541899441273,0.16666666666666696,0.5666666666666664,0.3896958410924869,0.4004841713221588,1.3601877963450724,Low,0.40048417132215897,Base
92:00,0.4357541899441273,0.16666666666666696,0.5666666666666664,0.3896958410924869,0.4004841713221588,1.3601877963450724,Low,0.40048417132215897,Base
92:30,0.4357541899441273,0.41666666666666696,0.5999999999999996,0.4841402855369313,0.5029841713221588,1.5420795100906994,Medium,0.5029841713221588,Base
93:00,0.4357541899441273,0.41666666666666696,0.5999999999999996,0.4841402855369313,0.5029841713221588,1.5420795100906994,Medium,0.5029841713221588,Base
93:30,0.4357541899441273,0.41666666666666696,0.5999999999999996,0.4841402855369313,0.5029841713221588,1.5420795100906994,Medium,0.5029841713221588,Base
94:00,0.4357541899441273,0.41666666666666696,0.6333333333333329,0.49525139664804235,0.5179841713221587,1.5852334863989639,Medium,0.5179841713221588,Base
94:30,0.4357541899441273,0.41666666666666696,0.6333333333333329,0.49525139664804235,0.5179841713221587,1.5852334863989639,Medium,0.5179841713221588,Base
95:00,0.4357541899441273,0.41666666666666696,0.6333333333333329,0.49525139664804235,0.5179841713221587,1.5852334863989639,Medium,0.5179841713221588,Base
95:30,0.4357541899441273,0.41666666666666696,0.6333333333333329,0.49525139664804235,0.5179841713221587,1.5852334863989639,Medium,0.5179841713221588,Base
96:00,0.4357541899441273,0.41666666666666696,0.666666666666667,0.5063625077591537,0.532984171322159,1.6295950954259246,Medium,0.5329841713221591,Base
96:30,0.4357541899441273,0.41666666666666696,0.666666666666667,0.5063625077591537,0.532984171322159,1.6295950954259246,Medium,0.5329841713221591,Base
97:00,0.4357541899441273,0.41666666666666696,0.6333333333333329,0.49525139664804235,0.5179841713221587,1.5852334863989639,Medium,0.5179841713221588,Base
97:30,0.4357541899441273,0.41666666666666696,0.666666666666667,0.5063625077591537,0.532984171322159,1.6295950954259246,Medium,0.5329841713221591,Base
98:00,0.4357541899441273,0.41666666666666696,0.7000000000000002,0.5174736188702648,0.547984171322159,1.6751981318970717,Medium,0.547984171322159,Base
98:30,0.4357541899441273,0.41666666666666696,0.5666666666666664,0.4730291744258202,0.48798417132215877,1.5001002917516502,Medium,0.48798417132215893,Base
99:00,0.4357541899441273,0.41666666666666696,0.5666666666666664,0.4730291744258202,0.48798417132215877,1.5001002917516502,Medium,0.48798417132215893,Base
99:30,0.4357541899441273,0.41666666666666696,0.6333333333333329,0.49525139664804235,0.5179841713221587,1.5852334863989639,Medium,0.5179841713221588,Base
100:00,0.4357541899441273,0.41666666666666696,0.5999999999999996,0.4841402855369313,0.5029841713221588,1.5420795100906994,Medium,0.5029841713221588,Base
100:30,0.4357541899441273,0.41666666666666696,0.5333333333333332,0.46191806331470914,0.4729841713221588,1.459263851564328,Medium,0.472984171322159,Base
101:00,0.4357541899441273,0.41666666666666696,0.5666666666666664,0.4730291744258202,0.48798417132215877,1.5001002917516502,Medium,0.48798417132215893,Base
101:30,0.4357541899441273,0.41666666666666696,0.5999999999999996,0.4841402855369313,0.5029841713221588,1.5420795100906994,Medium,0.5029841713221588,Base
102:00,0.4357541899441273,0.41666666666666696,0.6333333333333329,0.49525139664804235,0.5179841713221587,1.5852334863989639,Medium,0.5179841713221588,Base
102:30,0.4357541899441273,0.41666666666666696,0.666666666666667,0.5063625077591537,0.532984171322159,1.6295950954259246,Medium,0.5329841713221591,Base
103:00,0.4357541899441273,0.41666666666666696,0.6333333333333329,0.49525139664804235,0.5179841713221587,1.5852334863989639,Medium,0.5179841713221588,Base
103:30,0.4357541899441273,0.41666666666666696,0.666666666666667,0.5063625077591537,0.532984171322159,1.6295950954259246,Medium,0.5329841713221591,Base
104:00,0.4357541899441273,0.41666666666666696,0.7000000000000002,0.5174736188702648,0.547984171322159,1.6751981318970717,Medium,0.547984171322159,Base
104:30,0.4972067039106065,0.41666666666666696,0.7000000000000002,0.5379577901924245,0.5602746741154548,1.7142549590081348,Medium,0.560274674115455,Base
105:00,0.4972067039106065,0.41666666666666696,0.7000000000000002,0.5379577901924245,0.5602746741154548,1.7142549590081348,Medium,0.560274674115455,Base
105:30,0.4972067039106065,0.41666666666666696,0.7000000000000002,0.5379577901924245,0.5602746741154548,1.7142549590081348,Medium,0.560274674115455,Base
106:00,0.4357541899441273,0.41666666666666696,0.6333333333333329,0.49525139664804235,0.5179841713221587,1.5852334863989639,Medium,0.5179841713221588,Base
106:30,0.4357541899441273,0.41666666666666696,0.666666666666667,0.5063625077591537,0.532984171322159,1.6295950954259246,Medium,0.5329841713221591,Base
107:00,0.4357541899441273,0.41666666666666696,0.666666666666667,0.5063625077591537,0.532984171322159,1.6295950954259246,Medium,0.5329841713221591,Base
107:30,0.4357541899441273,0.41666666666666696,0.6333333333333329,0.49525139664804235,0.5179841713221587,1.5852334863989639,Medium,0.5179841713221588,Base
108:00,0.4357541899441273,0.41666666666666696,0.6333333333333329,0.49525139664804235,0.5179841713221587,1.5852334863989639,Medium,0.5179841713221588,Base
108:30,0.4357541899441273,0.41666666666666696,0.5999999999999996,0.4841402855369313,0.5029841713221588,1.5420795100906994,Medium,0.5029841713221588,Base
109:00,0.4357541899441273,0.41666666666666696,0.5999999999999996,0.4841402855369313,0.5029841713221588,1.5420795100906994,Medium,0.5029841713221588,Base
109:30,0.4357541899441273,0.41666666666666696,0.5999999999999996,0.4841402855369313,0.5029841713221588,1.5420795100906994,Medium,0.5029841713221588,Base
110:00,0.4357541899441273,0.41666666666666696,0.5999999999999996,0.4841402855369313,0.5029841713221588,1.5420795100906994,Medium,0.5029841713221588,Base
110:30,0.4357541899441273,0.41666666666666696,0.5666666666666664,0.4730291744258202,0.48798417132215877,1.5001002917516502,Medium,0.48798417132215893,Base
111:00,0.4357541899441273,0.41666666666666696,0.5666666666666664,0.4730291744258202,0.48798417132215877,1.5001002917516502,Medium,0.48798417132215893,Base
111:30,0.4357541899441273,0.41666666666666696,0.40000000000000036,0.41747361887026485,0.41298417132215903,1.3067362527412292,Low,0.4129841713221592,Base
112:00,0.4357541899441273,0.41666666666666696,0.36666666666666625,0.4063625077591535,0.3979841713221587,1.2711636599492075,Low,0.39798417132215885,Base
112:30,0.4357541899441273,0.41666666666666696,0.33333333333333304,0.39525139664804243,0.38298417132215873,1.236559441115813,Low,0.3829841713221589,Base
113:00,0.4357541899441273,0.41666666666666696,0.2999999999999998,0.38414028553693136,0.3679841713221588,1.20289723470678,Low,0.36798417132215894,Base
113:30,0.4357541899441273,0.41666666666666696,0.2999999999999998,0.38414028553693136,0.3679841713221588,1.20289723470678,Low,0.36798417132215894,Base
114:00,0.4357541899441273,0.41666666666666696,0.36666666666666625,0.4063625077591535,0.3979841713221587,1.2711636599492075,Low,0.39798417132215885,Base
114:30,0.4357541899441273,0.41666666666666696,0.43333333333333357,0.4285847299813759,0.427984171322159,1.3433043187345506,Low,0.4279841713221591,Base
115:00,0.4357541899441273,0.41666666666666696,0.5,0.45080695220359807,0.4579841713221589,1.419539080280973,Medium,0.457984171322159,Base
115:30,0.4357541899441273,0.41666666666666696,0.5666666666666664,0.4730291744258202,0.48798417132215877,1.5001002917516502,Medium,0.48798417132215893,Base
116:00,0.4357541899441273,0.41666666666666696,0.5999999999999996,0.4841402855369313,0.5029841713221588,1.5420795100906994,Medium,0.5029841713221588,Base
116:30,0.4357541899441273,0.41666666666666696,0.5999999999999996,0.4841402855369313,0.5029841713221588,1.5420795100906994,Medium,0.5029841713221588,Base
117:00,0.3743016759776481,0.41666666666666696,0.5999999999999996,0.46365611421477154,0.49069366852886287,1.5069454522887176,Medium,0.490693668528863,Base
117:30,0.3743016759776481,0.41666666666666696,0.6333333333333329,0.4747672253258826,0.5056936685288629,1.5491162274792198,Medium,0.5056936685288629,Base
118:00,0.3743016759776481,0.41666666666666696,0.6333333333333329,0.4747672253258826,0.5056936685288629,1.5491162274792198,Medium,0.5056936685288629,Base
118:30,0.3743016759776481,0.41666666666666696,0.6333333333333329,0.4747672253258826,0.5056936685288629,1.5491162274792198,Medium,0.5056936685288629,Base
119:00,0.3743016759776481,0.5,0.6333333333333329,0.5025450031036603,0.5348603351955294,1.6360199471731312,Medium,0.5348603351955294,Base
119:30,0.3743016759776481,0.5,0.6333333333333329,0.5025450031036603,0.5348603351955294,1.6360199471731312,Medium,0.5348603351955294,Base
120:00,0.3743016759776481,0.5,0.5999999999999996,0.4914338919925492,0.5198603351955294,1.5914834377908222,Medium,0.5198603351955295,Base
120:30,0.3743016759776481,0.5,0.5666666666666664,0.48032278088143815,0.5048603351955295,1.5481593223474674,Medium,0.5048603351955296,Base
121:00,0.3743016759776481,0.5,0.5333333333333332,0.4692116697703271,0.4898603351955295,1.5060145964813956,Medium,0.48986033519552963,Base
121:30,0.3743016759776481,0.5,0.5,0.458100558659216,0.4748603351955296,1.4650171542912915,Medium,0.4748603351955297,Base
122:00,0.3743016759776481,0.5,0.5333333333333332,0.4692116697703271,0.4898603351955295,1.5060145964813956,Medium,0.48986033519552963,Base
122:30,0.3743016759776481,0.5,0.5333333333333332,0.4692116697703271,0.4898603351955295,1.5060145964813956,Medium,0.48986033519552963,Base
123:00,0.3743016759776481,0.5,0.5333333333333332,0.4692116697703271,0.4898603351955295,1.5060145964813956,Medium,0.48986033519552963,Base
123:30,0.3743016759776481,0.833333333333333,0.5333333333333332,0.5803227808814381,0.6065270018621961,1.834873959113614,Medium,0.6065270018621961,Base
124:00,0.3743016759776481,0.833333333333333,0.5666666666666664,0.5914338919925491,0.621527001862196,1.886221575654854,Medium,0.6215270018621961,Base
124:30,0.3743016759776481,0.833333333333333,0.5333333333333332,0.5803227808814381,0.6065270018621961,1.834873959113614,Medium,0.6065270018621961,Base
125:00,0.3743016759776481,0.833333333333333,0.5,0.569211669770327,0.5915270018621961,1.7849241516943224,Medium,0.5915270018621962,Base
125:30,0.3743016759776481,0.833333333333333,0.5,0.569211669770327,0.5915270018621961,1.7849241516943224,Medium,0.5915270018621962,Base
126:00,0.3743016759776481,0.833333333333333,0.5333333333333332,0.5803227808814381,0.6065270018621961,1.834873959113614,Medium,0.6065270018621961,Base
126:30,0.3743016759776481,0.833333333333333,0.5333333333333332,0.5803227808814381,0.6065270018621961,1.834873959113614,Medium,0.6065270018621961,Base
127:00,0.31284916201116886,0.833333333333333,0.5333333333333332,0.5598386095592783,0.5942364990689003,1.7930690020300089,Medium,0.5942364990689003,Base
127:30,0.3743016759776481,0.833333333333333,0.5333333333333332,0.5803227808814381,0.6065270018621961,1.834873959113614,Medium,0.6065270018621961,Base
128:00,0.3743016759776481,0.5,0.5333333333333332,0.4692116697703271,0.4898603351955295,1.5060145964813956,Medium,0.48986033519552963,Base
128:30,0.3743016759776481,0.5,0.5,0.458100558659216,0.4748603351955296,1.4650171542912915,Medium,0.4748603351955297,Base
129:00,0.3743016759776481,0.5,0.5,0.458100558659216,0.4748603351955296,1.4650171542912915,Medium,0.4748603351955297,Base
129:30,0.3743016759776481,0.5,0.5333333333333332,0.4692116697703271,0.4898603351955295,1.5060145964813956,Medium,0.48986033519552963,Base
130:00,0.3743016759776481,0.5,0.5666666666666664,0.48032278088143815,0.5048603351955295,1.5481593223474674,Medium,0.5048603351955296,Base
130:30,0.3743016759776481,0.5,0.5666666666666664,0.48032278088143815,0.5048603351955295,1.5481593223474674,Medium,0.5048603351955296,Base
131:00,0.3743016759776481,0.5,0.5666666666666664,0.48032278088143815,0.5048603351955295,1.5481593223474674,Medium,0.5048603351955296,Base
131:30,0.3743016759776481,0.5,0.5666666666666664,0.48032278088143815,0.5048603351955295,1.5481593223474674,Medium,0.5048603351955296,Base
132:00,0.3743016759776481,0.5,0.5999999999999996,0.4914338919925492,0.5198603351955294,1.5914834377908222,Medium,0.5198603351955295,Base
132:30,0.3743016759776481,0.5,0.5999999999999996,0.4914338919925492,0.5198603351955294,1.5914834377908222,Medium,0.5198603351955295,Base
133:00,0.3743016759776481,0.33333333333333304,0.5999999999999996,0.4358783364369936,0.461527001862196,1.4268980388045494,Medium,0.4615270018621961,Base
133:30,0.3743016759776481,0.33333333333333304,0.5999999999999996,0.4358783364369936,0.461527001862196,1.4268980388045494,Medium,0.4615270018621961,Base
134:00,0.3743016759776481,0.33333333333333304,0.6333333333333329,0.44698944754810466,0.476527001862196,1.466828745203248,Medium,0.4765270018621961,Base
134:30,0.3743016759776481,0.33333333333333304,0.7333333333333334,0.48032278088143815,0.5215270018621961,1.5934514126530879,Medium,0.5215270018621964,Base
135:00,0.3743016759776481,0.33333333333333304,0.7333333333333334,0.48032278088143815,0.5215270018621961,1.5934514126530879,Medium,0.5215270018621964,Base
135:30,0.3743016759776481,0.33333333333333304,0.7333333333333334,0.48032278088143815,0.5215270018621961,1.5934514126530879,Medium,0.5215270018621964,Base
136:00,0.3743016759776481,0.33333333333333304,0.7000000000000002,0.4692116697703271,0.5065270018621962,1.5500737240665272,Medium,0.5065270018621963,Base
136:30,0.3743016759776481,0.33333333333333304,0.5333333333333332,0.41365611421477144,0.43152700186219617,1.3502680726060903,Low,0.4315270018621963,Base
137:00,0.3743016759776481,0.33333333333333304,0.36666666666666625,0.3581005586592158,0.356527001862196,1.1762175176521574,Low,0.3565270018621961,Base
137:30,0.3743016759776481,0.33333333333333304,0.33333333333333304,0.34698944754810473,0.3415270018621961,1.144197967645407,Low,0.3415270018621962,Base
138:00,0.3743016759776481,0.33333333333333304,0.33333333333333304,0.34698944754810473,0.3415270018621961,1.144197967645407,Low,0.3415270018621962,Base
138:30,0.3743016759776481,0.33333333333333304,0.33333333333333304,0.34698944754810473,0.3415270018621961,1.144197967645407,Low,0.3415270018621962,Base
139:00,0.3743016759776481,0.583333333333333,0.33333333333333304,0.43032278088143805,0.429027001862196,1.3477673942339008,Low,0.4290270018621961,Base
139:30,0.3743016759776481,0.583333333333333,0.36666666666666625,0.4414338919925491,0.444027001862196,1.3854836869537233,Medium,0.444027001862196,Base
140:00,0.3743016759776481,0.583333333333333,0.36666666666666625,0.4414338919925491,0.444027001862196,1.3854836869537233,Medium,0.444027001862196,Base
140:30,0.3743016759776481,0.583333333333333,0.36666666666666625,0.4414338919925491,0.444027001862196,1.3854836869537233,Medium,0.444027001862196,Base
141:00,0.3743016759776481,0.583333333333333,0.33333333333333304,0.43032278088143805,0.429027001862196,1.3477673942339008,Low,0.4290270018621961,Base
141:30,0.3743016759776481,0.583333333333333,0.36666666666666625,0.4414338919925491,0.444027001862196,1.3854836869537233,Medium,0.444027001862196,Base
142:00,0.3743016759776481,0.583333333333333,0.36666666666666625,0.4414338919925491,0.444027001862196,1.3854836869537233,Medium,0.444027001862196,Base
142:30,0.4357541899441273,0.583333333333333,0.36666666666666625,0.46191806331470886,0.4563175046554918,1.4177858939561094,Medium,0.45631750465549187,Base
143:00,0.4357541899441273,0.583333333333333,0.33333333333333304,0.4508069522035978,0.44131750465549185,1.3791902552676043,Low,0.44131750465549197,Base
143:30,0.4357541899441273,0.75,0.2999999999999998,0.49525139664804235,0.4846508379888253,1.4963972147387588,Medium,0.4846508379888254,Base
144:00,0.4357541899441273,0.75,0.33333333333333304,0.5063625077591535,0.4996508379888253,1.5382728051541916,Medium,0.49965083798882537,Base
144:30,0.4972067039106065,0.75,0.36666666666666625,0.5379577901924243,0.5269413407821211,1.6181883413521818,Medium,0.5269413407821212,Base
145:00,0.4972067039106065,0.75,0.33333333333333304,0.5268466790813132,0.5119413407821212,1.5741372523837978,Medium,0.5119413407821212,Base
145:30,0.4972067039106065,0.75,0.36666666666666625,0.5379577901924243,0.5269413407821211,1.6181883413521818,Medium,0.5269413407821212,Base
146:00,0.4972067039106065,0.75,0.36666666666666625,0.5379577901924243,0.5269413407821211,1.6181883413521818,Medium,0.5269413407821212,Base
146:30,0.6256983240223448,0.75,0.40000000000000036,0.5918994413407818,0.567639664804469,1.7455968046982802,Medium,0.5676396648044691,Base
147:00,0.6256983240223448,0.75,0.43333333333333357,0.6030105524518928,0.582639664804469,1.7944460648439529,Medium,0.582639664804469,Base
147:30,0.6256983240223448,0.75,0.43333333333333357,0.6030105524518928,0.582639664804469,1.7944460648439529,Medium,0.582639664804469,Base
148:00,0.6256983240223448,0.75,0.43333333333333357,0.6030105524518928,0.582639664804469,1.7944460648439529,Medium,0.582639664804469,Base
148:30,0.6256983240223448,0.75,0.43333333333333357,0.6030105524518928,0.582639664804469,1.7944460648439529,Medium,0.582639664804469,Base
149:00,0.687150837988824,0.75,0.4666666666666668,0.6346058348851636,0.6099301675977649,1.8876701789086903,Medium,0.6099301675977649,Base
149:30,0.687150837988824,0.5,0.4666666666666668,0.5512725015518303,0.5224301675977648,1.602552778419068,Medium,0.522430167597765,Base
150:00,0.687150837988824,0.5,0.5,0.5623836126629413,0.5374301675977649,1.6473990552680309,Medium,0.5374301675977649,Base
150:30,0.687150837988824,0.5,0.5,0.5623836126629413,0.5374301675977649,1.6473990552680309,Medium,0.5374301675977649,Base
151:00,0.687150837988824,0.5,0.5333333333333332,0.5734947237740524,0.5524301675977648,1.6935003226385523,Medium,0.5524301675977648,Base
151:30,0.687150837988824,0.5,0.5666666666666664,0.5846058348851635,0.5674301675977647,1.7408917005298805,Medium,0.5674301675977649,Base
152:00,0.7486033519553033,0.5,0.5666666666666664,0.6050900062073232,0.5797206703910606,1.7814801568276923,Medium,0.5797206703910607,Base
152:30,0.7486033519553033,0.5,0.5999999999999996,0.6162011173184343,0.5947206703910605,1.8313335865492661,Medium,0.5947206703910606,Base
153:00,0.7486033519553033,0.5,0.5999999999999996,0.6162011173184343,0.5947206703910605,1.8313335865492661,Medium,0.5947206703910606,Base
153:30,0.7486033519553033,0.5,0.5999999999999996,0.6162011173184343,0.5947206703910605,1.8313335865492661,Medium,0.5947206703910606,Base
154:00,0.7486033519553033,0.5,0.5999999999999996,0.6162011173184343,0.5947206703910605,1.8313335865492661,Medium,0.5947206703910606,Base
154:30,0.7486033519553033,0.583333333333333,0.6333333333333329,0.655090006207323,0.638887337057727,1.9881929189754672,High,0.638887337057727,Base
155:00,0.7486033519553033,0.583333333333333,0.6333333333333329,0.655090006207323,0.638887337057727,1.9881929189754672,High,0.638887337057727,Base
155:30,0.8156424581005552,0.583333333333333,0.6333333333333329,0.677436374922407,0.6522951582867774,2.0268247233347405,High,0.6522951582867774,Base
156:00,0.8156424581005552,0.583333333333333,0.666666666666667,0.6885474860335185,0.6672951582867777,2.083543942752065,High,0.6672951582867778,Base
156:30,0.8156424581005552,0.583333333333333,0.666666666666667,0.6885474860335185,0.6672951582867777,2.083543942752065,High,0.6672951582867778,Base
157:00,0.8156424581005552,0.583333333333333,0.7000000000000002,0.6996585971446295,0.6822951582867778,2.14185040837488,High,0.6822951582867778,Base
157:30,0.8156424581005552,0.583333333333333,0.7000000000000002,0.6996585971446295,0.6822951582867778,2.14185040837488,High,0.6822951582867778,Base
158:00,0.8156424581005552,0.583333333333333,0.7333333333333334,0.7107697082557406,0.6972951582867777,2.2017885381366975,High,0.6972951582867777,Base
158:30,0.8156424581005552,0.833333333333333,0.7333333333333334,0.7941030415890739,0.7847951582867776,2.5400839563691306,High,0.7847951582867776,Base
159:00,0.8156424581005552,0.833333333333333,0.7333333333333334,0.7941030415890739,0.7847951582867776,2.5400839563691306,High,0.7847951582867776,Base
159:30,0.8156424581005552,0.833333333333333,0.7333333333333334,0.7941030415890739,0.7847951582867776,2.5400839563691306,High,0.7847951582867776,Base
160:00,0.8156424581005552,0.833333333333333,0.7333333333333334,0.7941030415890739,0.7847951582867776,2.5400839563691306,High,0.7847951582867776,Base
160:30,0.8156424581005552,0.833333333333333,0.7666666666666666,0.8052141527001849,0.7997951582867775,2.6111663630523694,High,0.7997951582867775,Base
161:00,0.8156424581005552,0.833333333333333,0.833333333333333,0.8274363749224071,0.8297951582867775,2.718281828459045,High,0.8297951582867775,Base
161:30,0.8156424581005552,0.833333333333333,0.833333333333333,0.8274363749224071,0.8297951582867775,2.718281828459045,High,0.8297951582867775,Base
162:00,0.8156424581005552,0.833333333333333,0.7666666666666666,0.8052141527001849,0.7997951582867775,2.6111663630523694,High,0.7997951582867775,Base
162:30,0.8156424581005552,0.833333333333333,0.7000000000000002,0.7829919304779628,0.7697951582867777,2.470936588606191,High,0.7697951582867777,Base
163:00,0.8156424581005552,0.833333333333333,0.6333333333333329,0.7607697082557404,0.7397951582867774,2.338237697645442,High,0.7397951582867774,Base
163:30,0.8156424581005552,0.833333333333333,0.5999999999999996,0.7496585971446293,0.7247951582867773,2.274585084277743,High,0.7247951582867774,Base
164:00,0.8156424581005552,0.833333333333333,0.5666666666666664,0.7385474860335183,0.7097951582867774,2.21266525247995,High,0.7097951582867775,Base
164:30,0.8156424581005552,0.833333333333333,0.5,0.7163252638112961,0.6797951582867776,2.0938365352941744,High,0.6797951582867776,Base
165:00,0.8156424581005552,0.833333333333333,0.4666666666666668,0.7052141527001851,0.6647951582867777,2.0368371260508575,High,0.6647951582867777,Base
165:30,0.8156424581005552,0.833333333333333,0.5,0.7163252638112961,0.6797951582867776,2.0938365352941744,High,0.6797951582867776,Base
166:00,0.8156424581005552,0.833333333333333,0.5,0.7163252638112961,0.6797951582867776,2.0938365352941744,High,0.6797951582867776,Base
166:30,0.7486033519553033,0.833333333333333,0.5333333333333332,0.7050900062073232,0.6813873370577271,2.111405138512692,High,0.6813873370577271,Base
167:00,0.7486033519553033,0.833333333333333,0.5333333333333332,0.7050900062073232,0.6813873370577271,2.111405138512692,High,0.6813873370577271,Base
167:30,0.7486033519553033,0.833333333333333,0.5,0.6939788950962121,0.6663873370577271,2.053927468436781,High,0.6663873370577272,Base
168:00,0.7486033519553033,0.33333333333333304,0.4666666666666668,0.5162011173184343,0.4763873370577273,1.4703217903315484,Medium,0.4763873370577274,Base
168:30,0.7486033519553033,0.33333333333333304,0.4666666666666668,0.5162011173184343,0.4763873370577273,1.4703217903315484,Medium,0.4763873370577274,Base
169:00,0.7486033519553033,0.33333333333333304,0.43333333333333357,0.5050900062073232,0.4613873370577273,1.4302959946049978,Medium,0.46138733705772744,Base
169:30,0.7486033519553033,0.33333333333333304,0.40000000000000036,0.49397889509621223,0.4463873370577274,1.3913598000351994,Medium,0.4463873370577275,Base
170:00,0.7486033519553033,0.33333333333333304,0.40000000000000036,0.49397889509621223,0.4463873370577274,1.3913598000351994,Medium,0.4463873370577275,Base
170:30,0.7486033519553033,0.33333333333333304,0.36666666666666625,0.48286778398510083,0.431387337057727,1.3534835449837204,Low,0.43138733705772714,Base
171:00,0.687150837988824,0.33333333333333304,0.36666666666666625,0.4623836126629411,0.41909683426443123,1.3226463742721453,Low,0.4190968342644313,Base
171:30,0.687150837988824,0.33333333333333304,0.36666666666666625,0.4623836126629411,0.41909683426443123,1.3226463742721453,Low,0.4190968342644313,Base
172:00,0.687150837988824,0.33333333333333304,0.36666666666666625,0.4623836126629411,0.41909683426443123,1.3226463742721453,Low,0.4190968342644313,Base
172:30,0.687150837988824,0.583333333333333,0.33333333333333304,0.5346058348851633,0.49159683426443124,1.5155527192827096,Medium,0.4915968342644313,Base
173:00,0.687150837988824,0.583333333333333,0.33333333333333304,0.5346058348851633,0.49159683426443124,1.5155527192827096,Medium,0.4915968342644313,Base
173:30,0.687150837988824,0.583333333333333,0.36666666666666625,0.5457169459962744,0.5065968342644311,1.55796436259545,Medium,0.5065968342644311,Base
174:00,0.687150837988824,0.583333333333333,0.33333333333333304,0.5346058348851633,0.49159683426443124,1.5155527192827096,Medium,0.4915968342644313,Base
174:30,0.687150837988824,0.583333333333333,0.2999999999999998,0.5234947237740523,0.47659683426443133,1.4742956257990105,Medium,0.47659683426443133,Base
175:00,0.687150837988824,0.583333333333333,0.2999999999999998,0.5234947237740523,0.47659683426443133,1.4742956257990105,Medium,0.47659683426443133,Base
175:30,0.687150837988824,0.583333333333333,0.2999999999999998,0.5234947237740523,0.47659683426443133,1.4742956257990105,Medium,0.47659683426443133,Base
176:00,0.687150837988824,0.583333333333333,0.2999999999999998,0.5234947237740523,0.47659683426443133,1.4742956257990105,Medium,0.47659683426443133,Base
176:30,0.687150837988824,0.583333333333333,0.2999999999999998,0.5234947237740523,0.47659683426443133,1.4742956257990105,Medium,0.47659683426443133,Base
177:00,0.687150837988824,0.41666666666666696,0.2666666666666666,0.4568280571073859,0.4032635009310982,1.2912591528284125,Low,0.40326350093109836,Base
177:30,0.6256983240223448,0.41666666666666696,0.2666666666666666,0.43634388578522615,0.3909729981378024,1.2618396751581964,Low,0.3909729981378025,Base
178:00,0.6256983240223448,0.41666666666666696,0.2333333333333334,0.4252327746741151,0.37597299813780244,1.2618396751581964,Low,0.3759729981378025,Base
178:30,0.6256983240223448,0.41666666666666696,0.2333333333333334,0.4252327746741151,0.37597299813780244,1.2618396751581964,Low,0.3759729981378025,Base
179:00,0.6256983240223448,0.41666666666666696,0.2666666666666666,0.43634388578522615,0.3909729981378024,1.2618396751581964,Low,0.3909729981378025,Base
179:30,0.6256983240223448,0.41666666666666696,0.2666666666666666,0.43634388578522615,0.3909729981378024,1.2618396751581964,Low,0.3909729981378025,Base
180:00,0.6256983240223448,0.41666666666666696,0.2666666666666666,0.43634388578522615,0.3909729981378024,1.2618396751581964,Low,0.3909729981378025,Base
180:30,0.6256983240223448,0.41666666666666696,0.2999999999999998,0.4474549968963372,0.40597299813780235,1.2917133861145003,Low,0.4059729981378024,Base
181:00,0.6256983240223448,0.41666666666666696,0.2999999999999998,0.4474549968963372,0.40597299813780235,1.2917133861145003,Low,0.4059729981378024,Base
181:30,0.5642458100558585,0.583333333333333,0.2999999999999998,0.48252638112973045,0.4520158286778382,1.4078815191687442,Medium,0.45201582867783824,Base
182:00,0.6256983240223448,0.583333333333333,0.2999999999999998,0.5030105524518925,0.4643063314711355,1.4407059260493624,Medium,0.46430633147113554,Base
182:30,0.6256983240223448,0.583333333333333,0.2666666666666666,0.4918994413407815,0.4493063314711355,1.4073864351541756,Medium,0.4493063314711355,Base
183:00,0.6256983240223448,0.583333333333333,0.13333333333333286,0.4474549968963369,0.3893063314711353,1.4073864351541756,Medium,0.38930633147113536,Base
183:30,0.6256983240223448,0.583333333333333,0.06666666666666643,0.42523277467411474,0.35930633147113544,1.4073864351541756,Medium,0.3593063314711355,Base
184:00,0.6256983240223448,0.583333333333333,0.09999999999999964,0.4363438857852258,0.37430633147113535,1.4073864351541756,Medium,0.37430633147113546,Base
184:30,0.6256983240223448,0.583333333333333,0.09999999999999964,0.4363438857852258,0.37430633147113535,1.4073864351541756,Medium,0.37430633147113546,Base
185:00,0.6256983240223448,0.583333333333333,0.09999999999999964,0.4363438857852258,0.37430633147113535,1.4073864351541756,Medium,0.37430633147113546,Base
185:30,0.6256983240223448,0.583333333333333,0.09999999999999964,0.4363438857852258,0.37430633147113535,1.4073864351541756,Medium,0.37430633147113546,Base
186:00,0.6256983240223448,0.583333333333333,0.13333333333333286,0.4474549968963369,0.3893063314711353,1.4073864351541756,Medium,0.38930633147113536,Base
186:30,0.6256983240223448,0.583333333333333,0.13333333333333286,0.4474549968963369,0.3893063314711353,1.4073864351541756,Medium,0.38930633147113536,Base
187:00,0.6256983240223448,0.583333333333333,0.13333333333333286,0.4474549968963369,0.3893063314711353,1.4073864351541756,Medium,0.38930633147113536,Base
187:30,0.6256983240223448,0.583333333333333,0.13333333333333286,0.4474549968963369,0.3893063314711353,1.4073864351541756,Medium,0.38930633147113536,Base
188:00,0.687150837988824,0.583333333333333,0.16666666666666696,0.47905027932960803,0.4165968342644315,1.4401992992743284,Medium,0.41659683426443156,Base
188:30,0.687150837988824,0.583333333333333,0.16666666666666696,0.47905027932960803,0.4165968342644315,1.4401992992743284,Medium,0.41659683426443156,Base
189:00,0.687150837988824,0.583333333333333,0.16666666666666696,0.47905027932960803,0.4165968342644315,1.4401992992743284,Medium,0.41659683426443156,Base
189:30,0.687150837988824,0.583333333333333,0.16666666666666696,0.47905027932960803,0.4165968342644315,1.4401992992743284,Medium,0.41659683426443156,Base
190:00,0.687150837988824,0.583333333333333,0.16666666666666696,0.47905027932960803,0.4165968342644315,1.4401992992743284,Medium,0.41659683426443156,Base
190:30,0.7486033519553033,0.916666666666667,0.16666666666666696,0.6106455617628791,0.5455540037243942,1.7002167662761842,Medium,0.5455540037243942,Base
191:00,0.7486033519553033,0.916666666666667,0.20000000000000018,0.6217566728739902,0.5605540037243941,1.7002167662761842,Medium,0.5605540037243941,Base
191:30,0.7486033519553033,0.916666666666667,0.2333333333333334,0.6328677839851012,0.5755540037243941,1.7002167662761842,Medium,0.5755540037243941,Base
192:00,0.7486033519553033,0.916666666666667,0.2333333333333334,0.6328677839851012,0.5755540037243941,1.7002167662761842,Medium,0.5755540037243941,Base
192:30,0.7486033519553033,0.916666666666667,0.2666666666666666,0.6439788950962123,0.590554003724394,1.7002167662761842,Medium,0.590554003724394,Base
193:00,0.7486033519553033,0.916666666666667,0.2666666666666666,0.6439788950962123,0.590554003724394,1.7002167662761842,Medium,0.590554003724394,Base
193:30,0.8156424581005552,0.916666666666667,0.2666666666666666,0.6663252638112963,0.6039618249534444,1.7332530178673953,Medium,0.6039618249534444,Base
194:00,0.8156424581005552,0.916666666666667,0.2999999999999998,0.6774363749224074,0.6189618249534443,1.7742873114383442,Medium,0.6189618249534443,Base
194:30,0.8156424581005552,0.916666666666667,0.2999999999999998,0.6774363749224074,0.6189618249534443,1.7742873114383442,Medium,0.6189618249534443,Base
195:00,0.8156424581005552,1.0,0.2999999999999998,0.7052141527001851,0.6481284916201109,1.7742873114383442,Medium,0.6481284916201109,Base
195:30,0.8156424581005552,1.0,0.33333333333333304,0.7163252638112961,0.663128491620111,1.82393945460012,Medium,0.6631284916201109,Base
196:00,0.8156424581005552,1.0,0.33333333333333304,0.7163252638112961,0.663128491620111,1.82393945460012,Medium,0.6631284916201109,Base
196:30,0.8156424581005552,1.0,0.36666666666666625,0.7274363749224072,0.6781284916201109,1.8749810769655537,Medium,0.6781284916201108,Base
197:00,0.8156424581005552,1.0,0.36666666666666625,0.7274363749224072,0.6781284916201109,1.8749810769655537,Medium,0.6781284916201108,Base
197:30,0.8156424581005552,1.0,0.33333333333333304,0.7163252638112961,0.663128491620111,1.82393945460012,Medium,0.6631284916201109,Base
198:00,0.8770949720670345,1.0,0.36666666666666625,0.7479205462445669,0.6904189944134067,1.8749810769655537,Medium,0.6904189944134067,Base
198:30,0.8156424581005552,1.0,0.36666666666666625,0.7274363749224072,0.6781284916201109,1.8749810769655537,Medium,0.6781284916201108,Base
199:00,0.8770949720670345,0.75,0.33333333333333304,0.6534761018001225,0.5879189944134068,1.7633849723353667,Medium,0.5879189944134068,Base
199:30,0.8770949720670345,0.75,0.36666666666666625,0.6645872129112336,0.6029189944134067,1.8127320214470137,Medium,0.6029189944134068,Base
200:00,0.8770949720670345,0.75,0.36666666666666625,0.6645872129112336,0.6029189944134067,1.8127320214470137,Medium,0.6029189944134068,Base
200:30,0.8770949720670345,0.75,0.40000000000000036,0.675698324022345,0.617918994413407,1.8634600119266733,Medium,0.6179189944134071,Base
201:00,0.8770949720670345,0.75,0.40000000000000036,0.675698324022345,0.617918994413407,1.8634600119266733,Medium,0.6179189944134071,Base
201:30,0.8770949720670345,0.75,0.40000000000000036,0.675698324022345,0.617918994413407,1.8634600119266733,Medium,0.6179189944134071,Base
202:00,0.8770949720670345,0.75,0.43333333333333357,0.686809435133456,0.632918994413407,1.915607588416651,Medium,0.632918994413407,Base
202:30,0.8770949720670345,0.75,0.4666666666666668,0.6979205462445671,0.647918994413407,1.9692144770015347,Medium,0.647918994413407,Base
203:00,0.8770949720670345,0.75,0.4666666666666668,0.6979205462445671,0.647918994413407,1.9692144770015347,Medium,0.647918994413407,Base
203:30,0.8770949720670345,0.75,0.4666666666666668,0.6979205462445671,0.647918994413407,1.9692144770015347,Medium,0.647918994413407,Base
204:00,0.8156424581005552,0.583333333333333,0.4666666666666668,0.6218808193668517,0.5772951582867776,1.7655655148503866,Medium,0.5772951582867777,Base
204:30,0.8156424581005552,0.583333333333333,0.5,0.6329919304779628,0.5922951582867777,1.8149735848623285,Medium,0.5922951582867777,Base
205:00,0.8156424581005552,0.583333333333333,0.5,0.6329919304779628,0.5922951582867777,1.8149735848623285,Medium,0.5922951582867777,Base
205:30,0.8156424581005552,0.583333333333333,0.5,0.6329919304779628,0.5922951582867777,1.8149735848623285,Medium,0.5922951582867777,Base
206:00,0.8156424581005552,0.583333333333333,0.43333333333333357,0.6107697082557406,0.5622951582867777,1.7175024547067232,Medium,0.5622951582867778,Base
206:30,0.8156424581005552,0.583333333333333,0.36666666666666625,0.5885474860335181,0.5322951582867774,1.6252659027802712,Medium,0.5322951582867774,Base
207:00,0.8156424581005552,0.583333333333333,0.33333333333333304,0.5774363749224071,0.5172951582867775,1.5810221450846564,Medium,0.5172951582867775,Base
207:30,0.8156424581005552,0.583333333333333,0.33333333333333304,0.5774363749224071,0.5172951582867775,1.5810221450846564,Medium,0.5172951582867775,Base
208:00,0.8156424581005552,0.583333333333333,0.36666666666666625,0.5885474860335181,0.5322951582867774,1.6252659027802712,Medium,0.5322951582867774,Base
208:30,0.8156424581005552,0.25,0.40000000000000036,0.48854748603351855,0.43062849162011124,1.3582518069790281,Low,0.4306284916201113,Base
209:00,0.8156424581005552,0.25,0.40000000000000036,0.48854748603351855,0.43062849162011124,1.3582518069790281,Low,0.4306284916201113,Base
209:30,0.8156424581005552,0.25,0.40000000000000036,0.48854748603351855,0.43062849162011124,1.3582518069790281,Low,0.4306284916201113,Base
210:00,0.8156424581005552,0.25,0.40000000000000036,0.48854748603351855,0.43062849162011124,1.3582518069790281,Low,0.4306284916201113,Base
210:30,0.8156424581005552,0.25,0.36666666666666625,0.47743637492240715,0.4156284916201109,1.3212768333855922,Low,0.41562849162011095,Base
211:00,0.8156424581005552,0.25,0.36666666666666625,0.47743637492240715,0.4156284916201109,1.3212768333855922,Low,0.41562849162011095,Base
211:30,0.8156424581005552,0.25,0.40000000000000036,0.48854748603351855,0.43062849162011124,1.3582518069790281,Low,0.4306284916201113,Base
212:00,0.8156424581005552,0.25,0.40000000000000036,0.48854748603351855,0.43062849162011124,1.3582518069790281,Low,0.4306284916201113,Base
212:30,0.8156424581005552,0.25,0.43333333333333357,0.4996585971446296,0.44562849162011114,1.3962614983830617,Medium,0.44562849162011126,Base
213:00,0.8156424581005552,0.25,0.43333333333333357,0.4996585971446296,0.44562849162011114,1.3962614983830617,Medium,0.44562849162011126,Base
213:30,0.8156424581005552,0.41666666666666696,0.36666666666666625,0.5329919304779628,0.4739618249534443,1.45718684476683,Medium,0.4739618249534444,Base
214:00,0.8156424581005552,0.41666666666666696,0.2999999999999998,0.5107697082557406,0.44396182495344444,1.3789302520583044,Low,0.4439618249534445,Base
214:30,0.8156424581005552,0.41666666666666696,0.33333333333333304,0.5218808193668517,0.45896182495344434,1.41751861474563,Medium,0.45896182495344445,Base
215:00,0.8156424581005552,0.41666666666666696,0.33333333333333304,0.5218808193668517,0.45896182495344434,1.41751861474563,Medium,0.45896182495344445,Base
215:30,0.8156424581005552,0.41666666666666696,0.36666666666666625,0.5329919304779628,0.4739618249534443,1.45718684476683,Medium,0.4739618249534444,Base
216:00,0.8156424581005552,0.41666666666666696,0.36666666666666625,0.5329919304779628,0.4739618249534443,1.45718684476683,Medium,0.4739618249534444,Base
216:30,0.8156424581005552,0.41666666666666696,0.40000000000000036,0.5441030415890742,0.48896182495344465,1.4979651614257976,Medium,0.48896182495344476,Base
217:00,0.8156424581005552,0.41666666666666696,0.40000000000000036,0.5441030415890742,0.48896182495344465,1.4979651614257976,Medium,0.48896182495344476,Base
217:30,0.8156424581005552,0.41666666666666696,0.43333333333333357,0.5552141527001853,0.5039618249534445,1.539884629691719,Medium,0.5039618249534447,Base
218:00,0.8156424581005552,0.41666666666666696,0.40000000000000036,0.5441030415890742,0.48896182495344465,1.4979651614257976,Medium,0.48896182495344476,Base
218:30,0.8156424581005552,0.16666666666666696,0.36666666666666625,0.44965859714462947,0.3864618249534443,1.3212768333855922,Low,0.3864618249534444,Base
219:00,0.8156424581005552,0.16666666666666696,0.40000000000000036,0.4607697082557409,0.4014618249534446,1.3582518069790281,Low,0.40146182495344473,Base
219:30,0.8156424581005552,0.16666666666666696,0.40000000000000036,0.4607697082557409,0.4014618249534446,1.3582518069790281,Low,0.40146182495344473,Base
220:00,0.8156424581005552,0.16666666666666696,0.43333333333333357,0.47188081936685194,0.4164618249534446,1.3962614983830617,Medium,0.41646182495344475,Base
220:30,0.8156424581005552,0.16666666666666696,0.43333333333333357,0.47188081936685194,0.4164618249534446,1.3962614983830617,Medium,0.41646182495344475,Base
221:00,0.8156424581005552,0.16666666666666696,0.36666666666666625,0.44965859714462947,0.3864618249534443,1.3212768333855922,Low,0.3864618249534444,Base
221:30,0.8156424581005552,0.16666666666666696,0.36666666666666625,0.44965859714462947,0.3864618249534443,1.3212768333855922,Low,0.3864618249534444,Base
222:00,0.8156424581005552,0.16666666666666696,0.40000000000000036,0.4607697082557409,0.4014618249534446,1.3582518069790281,Low,0.40146182495344473,Base
222:30,0.8156424581005552,0.16666666666666696,0.43333333333333357,0.47188081936685194,0.4164618249534446,1.3962614983830617,Medium,0.41646182495344475,Base
223:00,0.7486033519553033,0.33333333333333304,0.43333333333333357,0.5050900062073232,0.4613873370577273,1.4302959946049978,Medium,0.46138733705772744,Base
223:30,0.7486033519553033,0.33333333333333304,0.43333333333333357,0.5050900062073232,0.4613873370577273,1.4302959946049978,Medium,0.46138733705772744,Base
224:00,0.7486033519553033,0.33333333333333304,0.40000000000000036,0.49397889509621223,0.4463873370577274,1.3913598000351994,Medium,0.4463873370577275,Base
224:30,0.7486033519553033,0.33333333333333304,0.43333333333333357,0.5050900062073232,0.4613873370577273,1.4302959946049978,Medium,0.46138733705772744,Base
225:00,0.7486033519553033,0.33333333333333304,0.43333333333333357,0.5050900062073232,0.4613873370577273,1.4302959946049978,Medium,0.46138733705772744,Base
225:30,0.7486033519553033,0.33333333333333304,0.4666666666666668,0.5162011173184343,0.4763873370577273,1.4703217903315484,Medium,0.4763873370577274,Base
226:00,0.7486033519553033,0.33333333333333304,0.4666666666666668,0.5162011173184343,0.4763873370577273,1.4703217903315484,Medium,0.4763873370577274,Base
226:30,0.7486033519553033,0.33333333333333304,0.4666666666666668,0.5162011173184343,0.4763873370577273,1.4703217903315484,Medium,0.4763873370577274,Base
227:00,0.7486033519553033,0.33333333333333304,0.4666666666666668,0.5162011173184343,0.4763873370577273,1.4703217903315484,Medium,0.4763873370577274,Base
227:30,0.7486033519553033,0.33333333333333304,0.40000000000000036,0.49397889509621223,0.4463873370577274,1.3913598000351994,Medium,0.4463873370577275,Base
228:00,0.7486033519553033,0.16666666666666696,0.43333333333333357,0.44953445065176795,0.40305400372439415,1.3696483924647698,Low,0.40305400372439437,Base
228:30,0.7486033519553033,0.16666666666666696,0.43333333333333357,0.44953445065176795,0.40305400372439415,1.3696483924647698,Low,0.40305400372439437,Base
229:00,0.7486033519553033,0.16666666666666696,0.43333333333333357,0.44953445065176795,0.40305400372439415,1.3696483924647698,Low,0.40305400372439437,Base
229:30,0.687150837988824,0.16666666666666696,0.40000000000000036,0.41793916821849714,0.3757635009310984,1.3020072020733757,Low,0.37576350093109856,Base
230:00,0.687150837988824,0.16666666666666696,0.40000000000000036,0.41793916821849714,0.3757635009310984,1.3020072020733757,Low,0.37576350093109856,Base
230:30,0.687150837988824,0.16666666666666696,0.40000000000000036,0.41793916821849714,0.3757635009310984,1.3020072020733757,Low,0.37576350093109856,Base
231:00,0.687150837988824,0.16666666666666696,0.40000000000000036,0.41793916821849714,0.3757635009310984,1.3020072020733757,Low,0.37576350093109856,Base
231:30,0.687150837988824,0.16666666666666696,0.36666666666666625,0.40682805710738573,0.36076350093109805,1.2665633457370447,Low,0.3607635009310982,Base
232:00,0.687150837988824,0.16666666666666696,0.33333333333333304,0.39571694599627466,0.3457635009310981,1.2320843588346089,Low,0.34576350093109826,Base
232:30,0.687150837988824,0.833333333333333,0.33333333333333304,0.6179391682184967,0.5790968342644313,1.7484109307515232,Medium,0.5790968342644313,Base
233:00,0.687150837988824,0.833333333333333,0.2999999999999998,0.6068280571073856,0.5640968342644312,1.7008148608160103,Medium,0.5640968342644312,Base
233:30,0.687150837988824,0.833333333333333,0.2333333333333334,0.5846058348851635,0.5340968342644313,1.6614797791420175,Medium,0.5340968342644314,Base
234:00,0.687150837988824,0.833333333333333,0.20000000000000018,0.5734947237740524,0.5190968342644314,1.6614797791420175,Medium,0.5190968342644315,Base
234:30,0.687150837988824,0.833333333333333,0.2333333333333334,0.5846058348851635,0.5340968342644313,1.6614797791420175,Medium,0.5340968342644314,Base
235:00,0.687150837988824,0.833333333333333,0.2666666666666666,0.5957169459962746,0.5490968342644313,1.6614797791420175,Medium,0.5490968342644313,Base
235:30,0.687150837988824,0.833333333333333,0.2999999999999998,0.6068280571073856,0.5640968342644312,1.7008148608160103,Medium,0.5640968342644312,Base
236:00,0.687150837988824,0.833333333333333,0.13333333333333286,0.5512725015518299,0.48909683426443107,1.6614797791420175,Medium,0.4890968342644312,Base
236:30,0.687150837988824,0.833333333333333,0.0,0.5068280571073857,0.42909683426443135,1.6614797791420175,Medium,0.4290968342644314,Base
237:00,0.6256983240223448,0.5,0.033333333333333215,0.386343885785226,0.3151396648044689,1.3326274956479762,Low,0.31513966480446903,Base
237:30,0.6256983240223448,0.5,0.033333333333333215,0.386343885785226,0.3151396648044689,1.3326274956479762,Low,0.31513966480446903,Base
238:00,0.6256983240223448,0.5,0.033333333333333215,0.386343885785226,0.3151396648044689,1.3326274956479762,Low,0.31513966480446903,Base
238:30,0.6256983240223448,0.5,0.033333333333333215,0.386343885785226,0.3151396648044689,1.3326274956479762,Low,0.31513966480446903,Base
239:00,0.6256983240223448,0.5,0.09999999999999964,0.40856610800744814,0.3451396648044688,1.3326274956479762,Low,0.3451396648044689,Base
239:30,0.687150837988824,0.5,0.06666666666666643,0.4179391682184968,0.3424301675977647,1.36369737371788,Low,0.3424301675977648,Base
240:00,0.687150837988824,0.5,0.033333333333333215,0.40682805710738573,0.3274301675977648,1.36369737371788,Low,0.3274301675977649,Base
240:30,0.687150837988824,0.5,0.09999999999999964,0.4290502793296079,0.35743016759776464,1.36369737371788,Low,0.35743016759776475,Base
241:00,0.687150837988824,0.5,0.13333333333333286,0.44016139044071895,0.3724301675977646,1.36369737371788,Low,0.3724301675977647,Base
241:30,0.687150837988824,0.5,0.09999999999999964,0.4290502793296079,0.35743016759776464,1.36369737371788,Low,0.35743016759776475,Base
242:00,0.687150837988824,0.5,0.06666666666666643,0.4179391682184968,0.3424301675977647,1.36369737371788,Low,0.3424301675977648,Base
242:30,0.687150837988824,0.5,0.13333333333333286,0.44016139044071895,0.3724301675977646,1.36369737371788,Low,0.3724301675977647,Base
243:00,0.687150837988824,0.5,0.13333333333333286,0.44016139044071895,0.3724301675977646,1.36369737371788,Low,0.3724301675977647,Base
243:30,0.687150837988824,0.5,0.16666666666666696,0.45127250155183035,0.38743016759776494,1.36369737371788,Low,0.387430167597765,Base
244:00,0.687150837988824,0.5,0.20000000000000018,0.4623836126629414,0.40243016759776484,1.36369737371788,Low,0.40243016759776495,Base
244:30,0.687150837988824,0.5,0.20000000000000018,0.4623836126629414,0.40243016759776484,1.36369737371788,Low,0.40243016759776495,Base
245:00,0.687150837988824,0.5,0.20000000000000018,0.4623836126629414,0.40243016759776484,1.36369737371788,Low,0.40243016759776495,Base
245:30,0.687150837988824,0.5,0.20000000000000018,0.4623836126629414,0.40243016759776484,1.36369737371788,Low,0.40243016759776495,Base
246:00,0.687150837988824,0.5,0.16666666666666696,0.45127250155183035,0.38743016759776494,1.36369737371788,Low,0.387430167597765,Base
246:30,0.687150837988824,0.16666666666666696,0.20000000000000018,0.3512725015518304,0.2857635009310983,1.1708250116698582,Low,0.2857635009310985,Base
247:00,0.687150837988824,0.16666666666666696,0.2333333333333334,0.36238361266294145,0.30076350093109827,1.1708250116698582,Low,0.3007635009310984,Base
247:30,0.687150837988824,0.16666666666666696,0.2666666666666666,0.3734947237740525,0.3157635009310982,1.1708250116698582,Low,0.3157635009310984,Base
248:00,0.687150837988824,0.16666666666666696,0.2666666666666666,0.3734947237740525,0.3157635009310982,1.1708250116698582,Low,0.3157635009310984,Base
248:30,0.7486033519553033,0.16666666666666696,0.2666666666666666,0.39397889509621226,0.3280540037243941,1.1981225051348927,Low,0.3280540037243942,Base
249:00,0.7486033519553033,0.16666666666666696,0.2666666666666666,0.39397889509621226,0.3280540037243941,1.1981225051348927,Low,0.3280540037243942,Base
249:30,0.7486033519553033,0.16666666666666696,0.2666666666666666,0.39397889509621226,0.3280540037243941,1.1981225051348927,Low,0.3280540037243942,Base
250:00,0.7486033519553033,0.16666666666666696,0.2666666666666666,0.39397889509621226,0.3280540037243941,1.1981225051348927,Low,0.3280540037243942,Base
250:30,0.7486033519553033,0.16666666666666696,0.2999999999999998,0.4050900062073233,0.343054003724394,1.2264877294286645,Low,0.34305400372439415,Base
251:00,0.7486033519553033,0.5,0.33333333333333304,0.5273122284295454,0.4747206703910605,1.4685058853721396,Medium,0.4747206703910606,Base
251:30,0.7486033519553033,0.5,0.33333333333333304,0.5273122284295454,0.4747206703910605,1.4685058853721396,Medium,0.4747206703910606,Base
252:00,0.7486033519553033,0.5,0.33333333333333304,0.5273122284295454,0.4747206703910605,1.4685058853721396,Medium,0.4747206703910606,Base
252:30,0.8156424581005552,0.5,0.36666666666666625,0.5607697082557405,0.5031284916201109,1.5389334270134938,Medium,0.5031284916201109,Base
253:00,0.8156424581005552,0.5,0.36666666666666625,0.5607697082557405,0.5031284916201109,1.5389334270134938,Medium,0.5031284916201109,Base
253:30,0.8156424581005552,0.5,0.40000000000000036,0.5718808193668519,0.5181284916201112,1.5819993624693331,Medium,0.5181284916201112,Base
254:00,0.8156424581005552,0.5,0.40000000000000036,0.5718808193668519,0.5181284916201112,1.5819993624693331,Medium,0.5181284916201112,Base
254:30,0.8156424581005552,0.5,0.43333333333333357,0.5829919304779629,0.5331284916201111,1.626270466884485,Medium,0.5331284916201112,Base
255:00,0.8156424581005552,0.5,0.43333333333333357,0.5829919304779629,0.5331284916201111,1.626270466884485,Medium,0.5331284916201112,Base
255:30,0.8770949720670345,0.5,0.43333333333333357,0.6034761018001227,0.545418994413407,1.626270466884485,Medium,0.5454189944134071,Base
256:00,0.8770949720670345,0.33333333333333304,0.4666666666666668,0.5590316573556781,0.5020856610800735,1.498891041940459,Medium,0.5020856610800737,Base
256:30,0.8770949720670345,0.33333333333333304,0.4666666666666668,0.5590316573556781,0.5020856610800735,1.498891041940459,Medium,0.5020856610800737,Base
257:00,0.8770949720670345,0.33333333333333304,0.5,0.5701427684667891,0.5170856610800735,1.5408364203008553,Medium,0.5170856610800736,Base
257:30,0.9385474860335208,0.33333333333333304,0.5,0.5906269397889513,0.5293761638733707,1.5408364203008553,Medium,0.5293761638733707,Base
258:00,0.9385474860335208,0.33333333333333304,0.5,0.5906269397889513,0.5293761638733707,1.5408364203008553,Medium,0.5293761638733707,Base
258:30,0.9385474860335208,0.33333333333333304,0.5,0.5906269397889513,0.5293761638733707,1.5408364203008553,Medium,0.5293761638733707,Base
259:00,0.9385474860335208,0.33333333333333304,0.5,0.5906269397889513,0.5293761638733707,1.5408364203008553,Medium,0.5293761638733707,Base
259:30,0.9385474860335208,0.33333333333333304,0.5333333333333332,0.6017380509000624,0.5443761638733706,1.583955609643215,Medium,0.5443761638733708,Base
260:00,0.9385474860335208,0.33333333333333304,0.5333333333333332,0.6017380509000624,0.5443761638733706,1.583955609643215,Medium,0.5443761638733708,Base
260:30,1.0,0.33333333333333304,0.5,0.611111111111111,0.5416666666666665,1.5408364203008553,Medium,0.5416666666666666,Base
261:00,0.9385474860335208,0.33333333333333304,0.43333333333333357,0.5684047175667292,0.4993761638733708,1.4580875205238737,Medium,0.4993761638733709,Base
261:30,1.0,0.33333333333333304,0.40000000000000036,0.5777777777777778,0.49666666666666676,1.4183947718808971,Medium,0.4966666666666668,Base
262:00,1.0,0.33333333333333304,0.40000000000000036,0.5777777777777778,0.49666666666666676,1.4183947718808971,Medium,0.4966666666666668,Base
262:30,1.0,0.33333333333333304,0.43333333333333357,0.5888888888888889,0.5116666666666667,1.4580875205238737,Medium,0.5116666666666667,Base
263:00,1.0,0.33333333333333304,0.43333333333333357,0.5888888888888889,0.5116666666666667,1.4580875205238737,Medium,0.5116666666666667,Base
263:30,1.0,0.33333333333333304,0.43333333333333357,0.5888888888888889,0.5116666666666667,1.4580875205238737,Medium,0.5116666666666667,Base
264:00,1.0,0.33333333333333304,0.4666666666666668,0.6,0.5266666666666666,1.498891041940459,Medium,0.5266666666666667,Base
264:30,1.0,0.33333333333333304,0.4666666666666668,0.6,0.5266666666666666,1.498891041940459,Medium,0.5266666666666667,Base
265:00,1.0,0.33333333333333304,0.5,0.611111111111111,0.5416666666666665,1.5408364203008553,Medium,0.5416666666666666,Base
265:30,1.0,0.5,0.5,0.6666666666666666,0.6000000000000001,1.7185640295000812,Medium,0.6000000000000001,Base
266:00,1.0,0.5,0.5333333333333332,0.6777777777777777,0.615,1.7666567970441618,Medium,0.615,Base
266:30,1.0,0.5,0.5333333333333332,0.6777777777777777,0.615,1.7666567970441618,Medium,0.615,Base
267:00,1.0,0.5,0.5666666666666664,0.6888888888888888,0.6299999999999999,1.8160954057965695,Medium,0.63,Base
267:30,1.0,0.5,0.5999999999999996,0.6999999999999998,0.6449999999999998,1.8669175181471085,Medium,0.6449999999999999,Base
268:00,1.0,0.5,0.5666666666666664,0.6888888888888888,0.6299999999999999,1.8160954057965695,Medium,0.63,Base
268:30,1.0,0.5,0.6333333333333329,0.7111111111111109,0.6599999999999998,1.9191618504402375,Medium,0.6599999999999998,Base
269:00,1.0,0.5,0.6333333333333329,0.7111111111111109,0.6599999999999998,1.9191618504402375,Medium,0.6599999999999998,Base
269:30,1.0,0.5,0.5333333333333332,0.6777777777777777,0.615,1.7666567970441618,Medium,0.615,Base
270:00,1.0,0.583333333333333,0.4666666666666668,0.6833333333333332,0.6141666666666665,1.7655655148503866,Medium,0.6141666666666666,Base
270:30,1.0,0.583333333333333,0.4666666666666668,0.6833333333333332,0.6141666666666665,1.7655655148503866,Medium,0.6141666666666666,Base
271:00,1.0,0.583333333333333,0.5,0.6944444444444443,0.6291666666666667,1.8149735848623285,Medium,0.6291666666666667,Base
271:30,1.0,0.583333333333333,0.5333333333333332,0.7055555555555554,0.6441666666666666,1.865764303867906,Medium,0.6441666666666666,Base
272:00,1.0,0.583333333333333,0.5333333333333332,0.7055555555555554,0.6441666666666666,1.865764303867906,Medium,0.6441666666666666,Base
272:30,0.9385474860335208,0.583333333333333,0.5333333333333332,0.6850713842333956,0.6318761638733706,1.865764303867906,Medium,0.6318761638733708,Base
273:00,0.9385474860335208,0.583333333333333,0.5666666666666664,0.6961824953445067,0.6468761638733707,1.917976364296091,Medium,0.6468761638733707,Base
273:30,0.9385474860335208,0.583333333333333,0.5666666666666664,0.6961824953445067,0.6468761638733707,1.917976364296091,Medium,0.6468761638733707,Base
274:00,1.0,0.583333333333333,0.5666666666666664,0.7166666666666665,0.6591666666666665,1.917976364296091,Medium,0.6591666666666665,Base
274:30,0.9385474860335208,0.583333333333333,0.5666666666666664,0.6961824953445067,0.6468761638733707,1.917976364296091,Medium,0.6468761638733707,Base
275:00,0.9385474860335208,0.25,0.5999999999999996,0.5961824953445068,0.545209497206704,1.6028730179423618,Medium,0.5452094972067041,Base
275:30,0.9385474860335208,0.25,0.5999999999999996,0.5961824953445068,0.545209497206704,1.6028730179423618,Medium,0.5452094972067041,Base
276:00,0.9385474860335208,0.25,0.6333333333333329,0.6072936064556179,0.560209497206704,1.6477282564620495,Medium,0.560209497206704,Base
276:30,0.9385474860335208,0.25,0.6333333333333329,0.6072936064556179,0.560209497206704,1.6477282564620495,Medium,0.560209497206704,Base
277:00,0.9385474860335208,0.25,0.666666666666667,0.6184047175667292,0.5752094972067043,1.6938387362891507,Medium,0.5752094972067043,Base
277:30,0.9385474860335208,0.25,0.666666666666667,0.6184047175667292,0.5752094972067043,1.6938387362891507,Medium,0.5752094972067043,Base
278:00,0.8770949720670345,0.25,0.666666666666667,0.5979205462445671,0.5629189944134071,1.6938387362891507,Medium,0.5629189944134072,Base
278:30,0.8770949720670345,0.25,0.6333333333333329,0.5868094351334557,0.5479189944134067,1.6477282564620495,Medium,0.5479189944134069,Base
279:00,0.8770949720670345,0.25,0.5999999999999996,0.5756983240223447,0.5329189944134067,1.6028730179423618,Medium,0.5329189944134068,Base
279:30,0.8770949720670345,0.666666666666667,0.5666666666666664,0.7034761018001227,0.6637523277467402,2.0255727327193713,High,0.6637523277467403,Base
280:00,0.8770949720670345,0.666666666666667,0.5666666666666664,0.7034761018001227,0.6637523277467402,2.0255727327193713,High,0.6637523277467403,Base
280:30,0.8770949720670345,0.666666666666667,0.5999999999999996,0.7145872129112337,0.6787523277467402,2.082256916087645,High,0.6787523277467402,Base
281:00,0.8770949720670345,0.666666666666667,0.5999999999999996,0.7145872129112337,0.6787523277467402,2.082256916087645,High,0.6787523277467402,Base
281:30,0.8770949720670345,0.666666666666667,0.5999999999999996,0.7145872129112337,0.6787523277467402,2.082256916087645,High,0.6787523277467402,Base
282:00,0.8770949720670345,0.666666666666667,0.5666666666666664,0.7034761018001227,0.6637523277467402,2.0255727327193713,High,0.6637523277467403,Base
282:30,0.0,0.16666666666666652,0.9999999999999996,0.3888888888888887,0.5083333333333331,1.568312185490169,Medium,0.5083333333333331,After_Lunch
283:00,0.0264423076923066,0.16666666666666652,0.9999999999999996,0.3977029914529909,0.5136217948717944,1.568312185490169,Medium,0.5136217948717944,After_Lunch
283:30,0.054086538461538325,0.16666666666666652,0.9841269841269837,0.4016267297517295,0.5120077838827837,1.568312185490169,Medium,0.5120077838827837,After_Lunch
284:00,0.08173076923077005,0.16666666666666652,0.9682539682539679,0.4055504680504682,0.5103937728937729,1.568312185490169,Medium,0.510393772893773,After_Lunch
284:30,0.10817307692307665,0.16666666666666652,0.9682539682539679,0.4143645706145704,0.5156822344322342,1.568312185490169,Medium,0.5156822344322343,After_Lunch
285:00,0.12139423076923173,0.16666666666666652,0.9206349206349205,0.4028986060236062,0.49689789377289384,1.568312185490169,Medium,0.4968978937728939,After_Lunch
285:30,0.1490384615384599,0.16666666666666652,0.8253968253968256,0.3803673178673173,0.45956959706959677,1.568312185490169,Medium,0.4595695970695968,After_Lunch
286:00,0.17548076923076827,0.16666666666666652,0.7301587301587302,0.3574353886853883,0.4220009157509156,1.461653859591239,Medium,0.4220009157509156,After_Lunch
286:30,0.18870192307692157,0.5,0.6984126984126986,0.46237154049654006,0.5270260989010986,1.658268547690506,High,0.5270260989010987,After_Lunch
287:00,0.203125,0.5,0.6825396825396823,0.46188822751322745,0.522767857142857,1.6366168574545594,High,0.5227678571428571,After_Lunch
287:30,0.2295673076923066,0.5,0.6349206349206349,0.45482931420431383,0.506627747252747,1.5733432816817428,Medium,0.5066277472527471,After_Lunch
288:00,0.24278846153846168,0.5,0.6031746031746033,0.44865435490435496,0.4949862637362638,1.5325258304438931,Medium,0.49498626373626387,After_Lunch
288:30,0.2704326923076916,0.5,0.6190476190476191,0.4631601037851036,0.5076579670329668,1.5550115196879788,Medium,0.507657967032967,After_Lunch
289:00,0.2836538461538467,0.5,0.6190476190476191,0.46756715506715524,0.5103021978021979,1.5627411197748846,Medium,0.510302197802198,After_Lunch
289:30,0.296875,0.5,0.5555555555555558,0.4508101851851853,0.4843750000000001,1.4900783173358696,Medium,0.4843750000000002,After_Lunch
290:00,0.3245192307692317,0.708333333333333,0.5079365079365079,0.5135963573463576,0.5413919413919415,1.6590125344273179,High,0.5413919413919415,After_Lunch
290:30,0.337740384615385,0.708333333333333,0.5238095238095237,0.5232944139194139,0.5511790293040292,1.6893161723747214,High,0.5511790293040293,After_Lunch
291:00,0.3521634615384617,0.708333333333333,0.5238095238095237,0.5281021062271062,0.5540636446886446,1.6984788178431565,High,0.5540636446886446,After_Lunch
291:30,0.36538461538461675,0.708333333333333,0.4920634920634921,0.5219271469271473,0.5424221611721614,1.6626386703997633,High,0.5424221611721614,After_Lunch
292:00,0.37860576923077005,0.708333333333333,0.4761904761904763,0.5210431929181931,0.5379235347985349,1.6490866007659002,High,0.5379235347985349,After_Lunch
292:30,0.39182692307692335,0.708333333333333,0.4761904761904763,0.5254502442002442,0.5405677655677655,1.6572838261698328,High,0.5405677655677655,After_Lunch
293:00,0.40625,0.708333333333333,0.4761904761904763,0.5302579365079364,0.5434523809523809,1.6662727320881487,High,0.5434523809523809,After_Lunch
293:30,0.4194711538461533,0.625,0.4920634920634921,0.5121782153032152,0.5240728021978021,1.6065815254844376,Medium,0.5240728021978022,After_Lunch
294:00,0.4326923076923066,0.625,0.4920634920634921,0.5165852665852663,0.5267170329670328,1.6145674680589954,Medium,0.5267170329670328,After_Lunch
294:30,0.4326923076923066,0.625,0.4761904761904763,0.5112942612942609,0.5195741758241756,1.5934863743289507,Medium,0.5195741758241756,After_Lunch
295:00,0.459134615384615,0.625,0.4285714285714284,0.5042353479853477,0.5034340659340658,1.5471473655149033,Medium,0.5034340659340658,After_Lunch
295:30,0.459134615384615,0.625,0.39682539682539675,0.4936533374033372,0.4891483516483516,1.507009518368049,Medium,0.4891483516483516,After_Lunch
296:00,0.4735576923076916,0.625,0.39682539682539675,0.49846102971102946,0.4920329670329669,1.5151833547168438,Medium,0.4920329670329669,After_Lunch
296:30,0.4867788461538449,0.625,0.41269841269841256,0.5081590862840858,0.5018200549450547,1.5428597988982145,Medium,0.5018200549450547,After_Lunch
297:00,0.5,0.625,0.4285714285714284,0.5178571428571428,0.5116071428571428,1.5710417829273804,Medium,0.5116071428571428,After_Lunch
297:30,0.5132211538461533,0.583333333333333,0.4285714285714284,0.5083753052503049,0.49966804029304,1.536345416222238,Medium,0.49966804029304007,After_Lunch
298:00,0.5276442307692317,0.583333333333333,0.41269841269841256,0.5078919922669924,0.49540979853479855,1.5245098015978331,Medium,0.4954097985347986,After_Lunch
298:30,0.540865384615385,0.583333333333333,0.39682539682539675,0.5070080382580383,0.4909111721611721,1.5120836122179162,Medium,0.4909111721611722,After_Lunch
299:00,0.5540865384615383,0.583333333333333,0.38095238095238093,0.5061240842490841,0.48641254578754567,1.4997587079739454,Medium,0.4864125457875457,After_Lunch
299:30,0.5673076923076916,0.583333333333333,0.38095238095238093,0.5105311355311352,0.4890567765567763,1.5072136592027425,Medium,0.4890567765567764,After_Lunch
300:00,0.58173076923077,0.583333333333333,0.38095238095238093,0.515338827838828,0.49194139194139197,1.5153886027865988,Medium,0.4919413919413921,After_Lunch
300:30,0.5949519230769234,0.583333333333333,0.38095238095238093,0.5197458791208791,0.4945856227106227,1.5229212465821538,Medium,0.49458562271062273,After_Lunch
301:00,0.5949519230769234,0.5,0.38095238095238093,0.4919681013431014,0.4654189560439561,1.4420252151141022,Medium,0.46541895604395617,After_Lunch
301:30,0.6081730769230766,0.5,0.3650793650793651,0.49108414733414724,0.46092032967032964,1.4302713527284079,Medium,0.4609203296703297,After_Lunch
302:00,0.6225961538461551,0.5,0.3650793650793651,0.4958918396418401,0.4638049450549453,1.4380289705994835,Medium,0.4638049450549454,After_Lunch
302:30,0.6358173076923084,0.5,0.3650793650793651,0.5002988909238911,0.466449175824176,1.4451770776812547,Medium,0.46644917582417605,After_Lunch
303:00,0.6358173076923084,0.5,0.3650793650793651,0.5002988909238911,0.466449175824176,1.4451770776812547,Medium,0.46644917582417605,After_Lunch
303:30,0.6490384615384617,0.5,0.3650793650793651,0.5047059422059422,0.46909340659340665,1.452360716338465,Medium,0.4690934065934067,After_Lunch
304:00,0.6622596153846168,0.5,0.3650793650793651,0.509112993487994,0.47173763736263763,1.4595800631903013,Medium,0.47173763736263774,After_Lunch
304:30,0.6766826923076916,0.5,0.3650793650793651,0.5139206857956856,0.47462225274725267,1.4674966479424663,Medium,0.47462225274725267,After_Lunch
305:00,0.6766826923076916,0.5416666666666665,0.3333333333333335,0.5172275641025639,0.4749198717948717,1.4689727065768503,Medium,0.4749198717948717,After_Lunch
305:30,0.6766826923076916,0.5416666666666665,0.2857142857142856,0.501354548229548,0.45349130036630014,1.4121804552723194,Medium,0.45349130036630014,After_Lunch
306:00,0.6899038461538449,0.5416666666666665,0.30158730158730185,0.5110526048026044,0.4632783882783881,1.4379754413528467,Medium,0.4632783882783882,After_Lunch
306:30,0.6899038461538449,0.5416666666666665,0.3333333333333335,0.521634615384615,0.4775641025641023,1.4762746277630647,Medium,0.4775641025641024,After_Lunch
307:00,0.6899038461538449,0.5416666666666665,0.3492063492063493,0.5269256206756202,0.48470695970695943,1.4958050638562295,Medium,0.48470695970695954,After_Lunch
307:30,0.703125,0.5416666666666665,0.3492063492063493,0.531332671957672,0.48735119047619047,1.5032403624409612,Medium,0.4873511904761906,After_Lunch
308:00,0.703125,0.5416666666666665,0.3333333333333335,0.5260416666666666,0.48020833333333335,1.4836128450988078,Medium,0.48020833333333346,After_Lunch
308:30,0.703125,0.6666666666666665,0.30158730158730185,0.5571263227513228,0.5096726190476191,1.568417880457756,Medium,0.5096726190476192,After_Lunch
309:00,0.7163461538461533,0.6666666666666665,0.26984126984126977,0.5509513634513632,0.4980311355311353,1.537738358042947,Medium,0.49803113553113537,After_Lunch
309:30,0.7163461538461533,0.6666666666666665,0.25396825396825395,0.545660358160358,0.4908882783882782,1.537738358042947,Medium,0.49088827838827825,After_Lunch
310:00,0.7295673076923066,0.6666666666666665,0.26984126984126977,0.5553584147334143,0.500675366300366,1.5453820972664034,Medium,0.500675366300366,After_Lunch
310:30,0.7295673076923066,0.6666666666666665,0.26984126984126977,0.5553584147334143,0.500675366300366,1.5453820972664034,Medium,0.500675366300366,After_Lunch
311:00,0.7295673076923066,0.6666666666666665,0.25396825396825395,0.5500674094424091,0.4935325091575089,1.5453820972664034,Medium,0.4935325091575089,After_Lunch
311:30,0.743990384615385,0.6666666666666665,0.25396825396825395,0.5548751017501018,0.49641712454212455,1.5537640618163644,Medium,0.4964171245421246,After_Lunch
312:00,0.743990384615385,0.6666666666666665,0.25396825396825395,0.5548751017501018,0.49641712454212455,1.5537640618163644,Medium,0.4964171245421246,After_Lunch
312:30,0.743990384615385,0.45833333333333304,0.26984126984126977,0.4907216625966626,0.43064331501831493,1.3555751353464265,Medium,0.430643315018315,After_Lunch
313:00,0.7572115384615383,0.45833333333333304,0.25396825396825395,0.4898377085877084,0.42614468864468846,1.3623133836174632,Medium,0.4261446886446885,After_Lunch
313:30,0.7572115384615383,0.45833333333333304,0.23809523809523814,0.4845467032967032,0.41900183150183135,1.3623133836174632,Medium,0.4190018315018314,After_Lunch
314:00,0.7572115384615383,0.45833333333333304,0.2063492063492065,0.4739646927146926,0.4047161172161171,1.3623133836174632,Medium,0.40471611721611717,After_Lunch
314:30,0.7704326923076916,0.45833333333333304,0.2063492063492065,0.4783717439967437,0.4073603479853478,1.3690851261512513,Medium,0.4073603479853478,After_Lunch
315:00,0.7704326923076916,0.45833333333333304,0.22222222222222232,0.483662749287749,0.41450320512820493,1.3690851261512513,Medium,0.41450320512820493,After_Lunch
315:30,0.7704326923076916,0.45833333333333304,0.25396825396825395,0.4942447598697595,0.42878891941391917,1.3690851261512513,Medium,0.42878891941391917,After_Lunch
316:00,0.7836538461538467,0.6666666666666665,0.23809523809523814,0.5628052503052504,0.4972069597069598,1.5770496240999463,Medium,0.49720695970695983,After_Lunch
316:30,0.7836538461538467,0.6666666666666665,0.1904761904761907,0.5469322344322346,0.4757783882783884,1.5770496240999463,Medium,0.4757783882783885,After_Lunch
317:00,0.7836538461538467,0.6666666666666665,0.1428571428571428,0.5310592185592187,0.45434981684981685,1.5770496240999463,Medium,0.4543498168498169,After_Lunch
317:30,0.7836538461538467,0.6666666666666665,0.12698412698412698,0.5257682132682134,0.44720695970695973,1.5770496240999463,Medium,0.4472069597069598,After_Lunch
318:00,0.7836538461538467,0.6666666666666665,0.12698412698412698,0.5257682132682134,0.44720695970695973,1.5770496240999463,Medium,0.4472069597069598,After_Lunch
318:30,0.7980769230769234,0.6666666666666665,0.12698412698412698,0.5305759055759056,0.45009157509157505,1.5856033494641237,Medium,0.4500915750915751,After_Lunch
319:00,0.7980769230769234,0.6666666666666665,0.12698412698412698,0.5305759055759056,0.45009157509157505,1.5856033494641237,Medium,0.4500915750915751,After_Lunch
319:30,0.7980769230769234,0.6666666666666665,0.11111111111111116,0.5252849002849004,0.44294871794871793,1.5856033494641237,Medium,0.442948717948718,After_Lunch
320:00,0.8112980769230766,0.708333333333333,0.11111111111111116,0.5435808404558403,0.4601762820512819,1.6305960538318423,Medium,0.4601762820512819,After_Lunch
320:30,0.8112980769230766,0.708333333333333,0.12698412698412698,0.5488718457468456,0.46731913919413903,1.6305960538318423,Medium,0.46731913919413903,After_Lunch
321:00,0.8112980769230766,0.708333333333333,0.1428571428571428,0.5541628510378508,0.47446199633699615,1.6305960538318423,Medium,0.47446199633699615,After_Lunch
321:30,0.8112980769230766,0.708333333333333,0.1587301587301586,0.5594538563288561,0.48160485347985327,1.6305960538318423,Medium,0.48160485347985327,After_Lunch
322:00,0.8245192307692317,0.708333333333333,0.09523809523809534,0.5426968864468867,0.4556776556776558,1.6305960538318423,Medium,0.45567765567765584,After_Lunch
322:30,0.8245192307692317,0.708333333333333,0.03174603174603163,0.5215328652828655,0.42710622710622714,1.6305960538318423,Medium,0.4271062271062272,After_Lunch
323:00,0.8245192307692317,0.708333333333333,0.047619047619047894,0.5268238705738709,0.4342490842490844,1.6305960538318423,Medium,0.4342490842490845,After_Lunch
323:30,0.8245192307692317,0.6666666666666665,0.06349206349206371,0.5182259869759873,0.42680860805860826,1.586697331627921,Medium,0.4268086080586083,After_Lunch
324:00,0.837740384615385,0.6666666666666665,0.09523809523809534,0.533215048840049,0.44373855311355315,1.586697331627921,Medium,0.4437385531135532,After_Lunch
324:30,0.837740384615385,0.6666666666666665,0.11111111111111116,0.5385060541310542,0.45088141025641026,1.586697331627921,Medium,0.4508814102564103,After_Lunch
325:00,0.837740384615385,0.6666666666666665,0.11111111111111116,0.5385060541310542,0.45088141025641026,1.586697331627921,Medium,0.4508814102564103,After_Lunch
325:30,0.837740384615385,0.6666666666666665,0.09523809523809534,0.533215048840049,0.44373855311355315,1.586697331627921,Medium,0.4437385531135532,After_Lunch
326:00,0.837740384615385,0.6666666666666665,0.09523809523809534,0.533215048840049,0.44373855311355315,1.586697331627921,Medium,0.4437385531135532,After_Lunch
326:30,0.837740384615385,0.6666666666666665,0.12698412698412698,0.5437970594220595,0.4580242673992674,1.586697331627921,Medium,0.45802426739926744,After_Lunch
327:00,0.8521634615384617,0.6666666666666665,0.12698412698412698,0.5486047517297518,0.46090888278388276,1.586697331627921,Medium,0.46090888278388276,After_Lunch
327:30,0.8521634615384617,0.5,0.11111111111111116,0.48775819088319095,0.39543269230769235,1.422606894243954,Medium,0.3954326923076924,After_Lunch
328:00,0.8521634615384617,0.5,0.12698412698412698,0.49304919617419624,0.40257554945054946,1.422606894243954,Medium,0.4025755494505495,After_Lunch
328:30,0.8521634615384617,0.5,0.12698412698412698,0.49304919617419624,0.40257554945054946,1.422606894243954,Medium,0.4025755494505495,After_Lunch
329:00,0.8521634615384617,0.5,0.11111111111111116,0.48775819088319095,0.39543269230769235,1.422606894243954,Medium,0.3954326923076924,After_Lunch
329:30,0.8521634615384617,0.5,0.09523809523809534,0.48246718559218565,0.38828983516483523,1.422606894243954,Medium,0.3882898351648353,After_Lunch
330:00,0.8521634615384617,0.5,0.09523809523809534,0.48246718559218565,0.38828983516483523,1.422606894243954,Medium,0.3882898351648353,After_Lunch
330:30,0.8521634615384617,0.5,0.09523809523809534,0.48246718559218565,0.38828983516483523,1.422606894243954,Medium,0.3882898351648353,After_Lunch
331:00,0.8521634615384617,0.5416666666666665,0.09523809523809534,0.4963560744810745,0.4028731684981685,1.4619657710826297,Medium,0.40287316849816857,After_Lunch
331:30,0.8521634615384617,0.5416666666666665,0.07936507936507953,0.49106506919006926,0.3957303113553114,1.4619657710826297,Medium,0.39573031135531145,After_Lunch
332:00,0.8521634615384617,0.5416666666666665,0.07936507936507953,0.49106506919006926,0.3957303113553114,1.4619657710826297,Medium,0.39573031135531145,After_Lunch
332:30,0.8521634615384617,0.5416666666666665,0.11111111111111116,0.5016470797720798,0.4100160256410256,1.4619657710826297,Medium,0.4100160256410257,After_Lunch
333:00,0.8521634615384617,0.5416666666666665,0.12698412698412698,0.506938085063085,0.41715888278388275,1.4619657710826297,Medium,0.4171588827838828,After_Lunch
333:30,0.8521634615384617,0.5416666666666665,0.11111111111111116,0.5016470797720798,0.4100160256410256,1.4619657710826297,Medium,0.4100160256410257,After_Lunch
334:00,0.8521634615384617,0.5416666666666665,0.06349206349206371,0.48577406389906397,0.3885874542124543,1.4619657710826297,Medium,0.38858745421245433,After_Lunch
334:30,0.8521634615384617,0.5416666666666665,0.11111111111111116,0.5016470797720798,0.4100160256410256,1.4619657710826297,Medium,0.4100160256410257,After_Lunch
335:00,0.8521634615384617,0.583333333333333,0.1587301587301586,0.5314089845339844,0.4460279304029303,1.5024135792292233,Medium,0.4460279304029303,After_Lunch
335:30,0.8521634615384617,0.583333333333333,0.1428571428571428,0.5261179792429792,0.4388850732600732,1.5024135792292233,Medium,0.4388850732600732,After_Lunch
336:00,0.8521634615384617,0.583333333333333,0.1587301587301586,0.5314089845339844,0.4460279304029303,1.5024135792292233,Medium,0.4460279304029303,After_Lunch
336:30,0.8521634615384617,0.583333333333333,0.1587301587301586,0.5314089845339844,0.4460279304029303,1.5024135792292233,Medium,0.4460279304029303,After_Lunch
337:00,0.8521634615384617,0.583333333333333,0.1587301587301586,0.5314089845339844,0.4460279304029303,1.5024135792292233,Medium,0.4460279304029303,After_Lunch
337:30,0.8521634615384617,0.583333333333333,0.1587301587301586,0.5314089845339844,0.4460279304029303,1.5024135792292233,Medium,0.4460279304029303,After_Lunch
338:00,0.8521634615384617,0.583333333333333,0.1587301587301586,0.5314089845339844,0.4460279304029303,1.5024135792292233,Medium,0.4460279304029303,After_Lunch
338:30,0.8521634615384617,0.5416666666666665,0.1428571428571428,0.5122290903540904,0.4243017399267399,1.4619657710826297,Medium,0.4243017399267399,After_Lunch
339:00,0.8521634615384617,0.5416666666666665,0.1428571428571428,0.5122290903540904,0.4243017399267399,1.4619657710826297,Medium,0.4243017399267399,After_Lunch
339:30,0.8521634615384617,0.5416666666666665,0.1428571428571428,0.5122290903540904,0.4243017399267399,1.4619657710826297,Medium,0.4243017399267399,After_Lunch
340:00,0.8521634615384617,0.5416666666666665,0.1428571428571428,0.5122290903540904,0.4243017399267399,1.4619657710826297,Medium,0.4243017399267399,After_Lunch
340:30,0.8521634615384617,0.5416666666666665,0.1428571428571428,0.5122290903540904,0.4243017399267399,1.4619657710826297,Medium,0.4243017399267399,After_Lunch
341:00,0.8521634615384617,0.5416666666666665,0.1428571428571428,0.5122290903540904,0.4243017399267399,1.4619657710826297,Medium,0.4243017399267399,After_Lunch
341:30,0.8521634615384617,0.5416666666666665,0.1428571428571428,0.5122290903540904,0.4243017399267399,1.4619657710826297,Medium,0.4243017399267399,After_Lunch
342:00,0.8521634615384617,0.5416666666666665,0.12698412698412698,0.506938085063085,0.41715888278388275,1.4619657710826297,Medium,0.4171588827838828,After_Lunch
342:30,0.8521634615384617,0.5416666666666665,0.12698412698412698,0.506938085063085,0.41715888278388275,1.4619657710826297,Medium,0.4171588827838828,After_Lunch
343:00,0.8521634615384617,0.5416666666666665,0.11111111111111116,0.5016470797720798,0.4100160256410256,1.4619657710826297,Medium,0.4100160256410257,After_Lunch
343:30,0.8521634615384617,0.5416666666666665,0.09523809523809534,0.4963560744810745,0.4028731684981685,1.4619657710826297,Medium,0.40287316849816857,After_Lunch
344:00,0.8521634615384617,0.5416666666666665,0.11111111111111116,0.5016470797720798,0.4100160256410256,1.4619657710826297,Medium,0.4100160256410257,After_Lunch
344:30,0.837740384615385,0.5416666666666665,0.12698412698412698,0.5021303927553928,0.4142742673992674,1.4619657710826297,Medium,0.4142742673992674,After_Lunch
345:00,0.837740384615385,0.5416666666666665,0.12698412698412698,0.5021303927553928,0.4142742673992674,1.4619657710826297,Medium,0.4142742673992674,After_Lunch
345:30,0.837740384615385,0.5416666666666665,0.09523809523809534,0.4915483821733823,0.3999885531135532,1.4619657710826297,Medium,0.3999885531135532,After_Lunch
346:00,0.837740384615385,0.625,0.07936507936507953,0.5140351546601548,0.42201236263736286,1.5439804458491575,Medium,0.4220123626373628,After_Lunch
346:30,0.837740384615385,0.625,0.09523809523809534,0.5193261599511602,0.42915521978022,1.5439804458491575,Medium,0.4291552197802199,After_Lunch
347:00,0.837740384615385,0.625,0.09523809523809534,0.5193261599511602,0.42915521978022,1.5439804458491575,Medium,0.4291552197802199,After_Lunch
347:30,0.837740384615385,0.625,0.07936507936507953,0.5140351546601548,0.42201236263736286,1.5439804458491575,Medium,0.4220123626373628,After_Lunch
348:00,0.837740384615385,0.625,0.07936507936507953,0.5140351546601548,0.42201236263736286,1.5439804458491575,Medium,0.4220123626373628,After_Lunch
348:30,0.8521634615384617,0.625,0.11111111111111116,0.5294248575498576,0.43918269230769236,1.5439804458491575,Medium,0.43918269230769236,After_Lunch
349:00,0.8521634615384617,0.625,0.1428571428571428,0.5400068681318682,0.4534684065934066,1.5439804458491575,Medium,0.4534684065934066,After_Lunch
349:30,0.8521634615384617,0.75,0.12698412698412698,0.5763825295075296,0.49007554945054943,1.6757093100068774,High,0.49007554945054954,After_Lunch
350:00,0.8521634615384617,0.75,0.09523809523809534,0.565800518925519,0.4757898351648352,1.6757093100068774,High,0.4757898351648353,After_Lunch
350:30,0.8653846153846168,0.75,0.07936507936507953,0.5649165649165654,0.4712912087912091,1.6757093100068774,High,0.47129120879120917,After_Lunch
351:00,0.8653846153846168,0.75,0.09523809523809534,0.5702075702075707,0.47843406593406623,1.6757093100068774,High,0.4784340659340663,After_Lunch
351:30,0.8653846153846168,0.75,0.09523809523809534,0.5702075702075707,0.47843406593406623,1.6757093100068774,High,0.4784340659340663,After_Lunch
352:00,0.87860576923077,0.75,0.09523809523809534,0.5746146214896218,0.48107829670329694,1.6757093100068774,High,0.48107829670329694,After_Lunch
352:30,0.87860576923077,0.75,0.07936507936507953,0.5693236161986165,0.4739354395604398,1.6757093100068774,High,0.4739354395604398,After_Lunch
353:00,0.87860576923077,0.75,0.09523809523809534,0.5746146214896218,0.48107829670329694,1.6757093100068774,High,0.48107829670329694,After_Lunch
353:30,0.8930288461538467,0.708333333333333,0.11111111111111116,0.5708244301994303,0.4765224358974359,1.6305960538318423,Medium,0.4765224358974359,After_Lunch
354:00,0.8930288461538467,0.708333333333333,0.11111111111111116,0.5708244301994303,0.4765224358974359,1.6305960538318423,Medium,0.4765224358974359,After_Lunch
354:30,0.8930288461538467,0.708333333333333,0.12698412698412698,0.5761154354904355,0.48366529304029304,1.6305960538318423,Medium,0.48366529304029304,After_Lunch
355:00,0.8930288461538467,0.708333333333333,0.12698412698412698,0.5761154354904355,0.48366529304029304,1.6305960538318423,Medium,0.48366529304029304,After_Lunch
355:30,0.8930288461538467,0.708333333333333,0.12698412698412698,0.5761154354904355,0.48366529304029304,1.6305960538318423,Medium,0.48366529304029304,After_Lunch
356:00,0.8930288461538467,0.708333333333333,0.12698412698412698,0.5761154354904355,0.48366529304029304,1.6305960538318423,Medium,0.48366529304029304,After_Lunch
356:30,0.8930288461538467,0.708333333333333,0.12698412698412698,0.5761154354904355,0.48366529304029304,1.6305960538318423,Medium,0.48366529304029304,After_Lunch
357:00,0.9062500000000018,0.5,0.1428571428571428,0.5163690476190482,0.4205357142857146,1.422606894243954,Medium,0.4205357142857147,After_Lunch
357:30,0.9062500000000018,0.5,0.1587301587301586,0.5216600529100535,0.42767857142857174,1.422606894243954,Medium,0.4276785714285718,After_Lunch
358:00,0.9062500000000018,0.5,0.1428571428571428,0.5163690476190482,0.4205357142857146,1.422606894243954,Medium,0.4205357142857147,After_Lunch
358:30,0.9062500000000018,0.5,0.12698412698412698,0.5110780423280429,0.41339285714285745,1.422606894243954,Medium,0.41339285714285756,After_Lunch
359:00,0.9062500000000018,0.5,0.09523809523809534,0.5004960317460324,0.3991071428571432,1.422606894243954,Medium,0.3991071428571433,After_Lunch
359:30,0.9062500000000018,0.5,0.03174603174603163,0.47933201058201114,0.3705357142857146,1.422606894243954,Medium,0.37053571428571463,After_Lunch
360:00,0.9062500000000018,0.5,0.0,0.4687500000000006,0.35625000000000034,1.422606894243954,Medium,0.3562500000000004,After_Lunch
360:30,0.9062500000000018,0.5,0.03174603174603163,0.47933201058201114,0.3705357142857146,1.422606894243954,Medium,0.37053571428571463,After_Lunch
361:00,0.9194711538461551,0.708333333333333,0.07936507936507953,0.5690565221815226,0.4675251831501833,1.6305960538318423,Medium,0.4675251831501834,After_Lunch
361:30,0.9194711538461551,0.708333333333333,0.09523809523809534,0.5743475274725278,0.47466804029304044,1.6305960538318423,Medium,0.4746680402930405,After_Lunch
362:00,0.9194711538461551,0.708333333333333,0.11111111111111116,0.579638532763533,0.48181089743589756,1.6305960538318423,Medium,0.4818108974358976,After_Lunch
362:30,0.9194711538461551,0.708333333333333,0.12698412698412698,0.5849295380545384,0.4889537545787547,1.6305960538318423,Medium,0.48895375457875473,After_Lunch
363:00,0.9194711538461551,0.708333333333333,0.12698412698412698,0.5849295380545384,0.4889537545787547,1.6305960538318423,Medium,0.48895375457875473,After_Lunch
363:30,0.9194711538461551,0.708333333333333,0.1428571428571428,0.5902205433455436,0.4960966117216118,1.6305960538318423,Medium,0.49609661172161185,After_Lunch
364:00,0.9194711538461551,1.0,0.1428571428571428,0.687442765567766,0.5981799450549453,1.7332530178673953,High,0.5981799450549453,After_Lunch
364:30,0.9326923076923084,1.0,0.1428571428571428,0.6918498168498171,0.6008241758241759,1.7332530178673953,High,0.600824175824176,After_Lunch
365:00,0.9326923076923084,1.0,0.1428571428571428,0.6918498168498171,0.6008241758241759,1.7332530178673953,High,0.600824175824176,After_Lunch
365:30,0.947115384615385,1.0,0.1428571428571428,0.6966575091575092,0.6037087912087913,1.7332530178673953,High,0.6037087912087913,After_Lunch
366:00,0.947115384615385,1.0,0.1587301587301586,0.7019485144485146,0.6108516483516484,1.7332530178673953,High,0.6108516483516484,After_Lunch
366:30,0.947115384615385,1.0,0.17460317460317443,0.7072395197395198,0.6179945054945055,1.7332530178673953,High,0.6179945054945055,After_Lunch
367:00,0.947115384615385,1.0,0.1904761904761907,0.7125305250305253,0.6251373626373629,1.7332530178673953,High,0.6251373626373629,After_Lunch
367:30,0.947115384615385,1.0,0.1904761904761907,0.7125305250305253,0.6251373626373629,1.7332530178673953,High,0.6251373626373629,After_Lunch
368:00,0.947115384615385,1.0,0.1904761904761907,0.7125305250305253,0.6251373626373629,1.7332530178673953,High,0.6251373626373629,After_Lunch
368:30,0.9603365384615383,0.0,0.1904761904761907,0.383604242979243,0.2777815934065935,1.2214027581601699,Low,0.27778159340659353,After_Lunch
369:00,0.9603365384615383,0.0,0.2063492063492065,0.3888952482702483,0.2849244505494506,1.2214027581601699,Low,0.28492445054945065,After_Lunch
369:30,0.9603365384615383,0.0,0.2063492063492065,0.3888952482702483,0.2849244505494506,1.2214027581601699,Low,0.28492445054945065,After_Lunch
370:00,0.9603365384615383,0.0,0.1904761904761907,0.383604242979243,0.2777815934065935,1.2214027581601699,Low,0.27778159340659353,After_Lunch
370:30,0.9603365384615383,0.0,0.2063492063492065,0.3888952482702483,0.2849244505494506,1.2214027581601699,Low,0.28492445054945065,After_Lunch
371:00,0.9603365384615383,0.0,0.2063492063492065,0.3888952482702483,0.2849244505494506,1.2214027581601699,Low,0.28492445054945065,After_Lunch
371:30,0.9603365384615383,0.0,0.2063492063492065,0.3888952482702483,0.2849244505494506,1.2214027581601699,Low,0.28492445054945065,After_Lunch
372:00,0.9603365384615383,0.0,0.1904761904761907,0.383604242979243,0.2777815934065935,1.2214027581601699,Low,0.27778159340659353,After_Lunch
372:30,0.9735576923076916,0.5416666666666665,0.1904761904761907,0.5685668498168496,0.4700091575091574,1.4619657710826297,Medium,0.47000915750915745,After_Lunch
373:00,0.9735576923076916,0.5416666666666665,0.1904761904761907,0.5685668498168496,0.4700091575091574,1.4619657710826297,Medium,0.47000915750915745,After_Lunch
373:30,0.9735576923076916,0.5416666666666665,0.1904761904761907,0.5685668498168496,0.4700091575091574,1.4619657710826297,Medium,0.47000915750915745,After_Lunch
374:00,0.9735576923076916,0.5416666666666665,0.1904761904761907,0.5685668498168496,0.4700091575091574,1.4619657710826297,Medium,0.47000915750915745,After_Lunch
374:30,0.9735576923076916,0.5416666666666665,0.2063492063492065,0.5738578551078549,0.4771520146520145,1.4619657710826297,Medium,0.47715201465201457,After_Lunch
375:00,0.9735576923076916,0.5416666666666665,0.2063492063492065,0.5738578551078549,0.4771520146520145,1.4619657710826297,Medium,0.47715201465201457,After_Lunch
375:30,0.9735576923076916,0.5416666666666665,0.2063492063492065,0.5738578551078549,0.4771520146520145,1.4619657710826297,Medium,0.47715201465201457,After_Lunch
376:00,0.9735576923076916,0.5416666666666665,0.2063492063492065,0.5738578551078549,0.4771520146520145,1.4619657710826297,Medium,0.47715201465201457,After_Lunch
376:30,0.9735576923076916,0.375,0.22222222222222232,0.5235933048433047,0.42596153846153834,1.3107746156962337,Low,0.4259615384615384,After_Lunch
377:00,0.9735576923076916,0.375,0.22222222222222232,0.5235933048433047,0.42596153846153834,1.3107746156962337,Low,0.4259615384615384,After_Lunch
377:30,0.9735576923076916,0.375,0.22222222222222232,0.5235933048433047,0.42596153846153834,1.3107746156962337,Low,0.4259615384615384,After_Lunch
378:00,0.9735576923076916,0.375,0.22222222222222232,0.5235933048433047,0.42596153846153834,1.3107746156962337,Low,0.4259615384615384,After_Lunch
378:30,0.9735576923076916,0.375,0.22222222222222232,0.5235933048433047,0.42596153846153834,1.3107746156962337,Low,0.4259615384615384,After_Lunch
379:00,0.9735576923076916,0.375,0.2063492063492065,0.5183022995522993,0.4188186813186812,1.3107746156962337,Low,0.4188186813186813,After_Lunch
379:30,0.9735576923076916,0.375,0.2063492063492065,0.5183022995522993,0.4188186813186812,1.3107746156962337,Low,0.4188186813186813,After_Lunch
380:00,0.9735576923076916,0.6666666666666665,0.2063492063492065,0.6155245217745215,0.5209020146520145,1.586697331627921,Medium,0.5209020146520146,After_Lunch
380:30,0.9735576923076916,0.6666666666666665,0.1904761904761907,0.6102335164835163,0.5137591575091573,1.586697331627921,Medium,0.5137591575091575,After_Lunch
381:00,0.9735576923076916,0.6666666666666665,0.1904761904761907,0.6102335164835163,0.5137591575091573,1.586697331627921,Medium,0.5137591575091575,After_Lunch
381:30,0.9735576923076916,0.6666666666666665,0.1904761904761907,0.6102335164835163,0.5137591575091573,1.586697331627921,Medium,0.5137591575091575,After_Lunch
382:00,0.9735576923076916,0.6666666666666665,0.2063492063492065,0.6155245217745215,0.5209020146520145,1.586697331627921,Medium,0.5209020146520146,After_Lunch
382:30,0.9735576923076916,0.6666666666666665,0.1904761904761907,0.6102335164835163,0.5137591575091573,1.586697331627921,Medium,0.5137591575091575,After_Lunch
383:00,0.9735576923076916,0.6666666666666665,0.17460317460317443,0.6049425111925109,0.5066163003663,1.586697331627921,Medium,0.5066163003663001,After_Lunch
383:30,0.9735576923076916,0.6666666666666665,0.1428571428571428,0.5943605006105003,0.49233058608058583,1.586697331627921,Medium,0.4923305860805859,After_Lunch
384:00,0.9735576923076916,0.708333333333333,0.1428571428571428,0.6082493894993891,0.5069139194139192,1.6305960538318423,Medium,0.5069139194139192,After_Lunch
384:30,0.9735576923076916,0.708333333333333,0.17460317460317443,0.6188314000813997,0.5211996336996334,1.6305960538318423,Medium,0.5211996336996335,After_Lunch
385:00,0.9735576923076916,0.708333333333333,0.17460317460317443,0.6188314000813997,0.5211996336996334,1.6305960538318423,Medium,0.5211996336996335,After_Lunch
385:30,0.9735576923076916,0.708333333333333,0.17460317460317443,0.6188314000813997,0.5211996336996334,1.6305960538318423,Medium,0.5211996336996335,After_Lunch
386:00,0.9735576923076916,0.708333333333333,0.1587301587301586,0.6135403947903945,0.5140567765567763,1.6305960538318423,Medium,0.5140567765567763,After_Lunch
386:30,0.9735576923076916,0.708333333333333,0.1428571428571428,0.6082493894993891,0.5069139194139192,1.6305960538318423,Medium,0.5069139194139192,After_Lunch
387:00,0.9867788461538449,0.708333333333333,0.1587301587301586,0.6179474460724456,0.5167010073260069,1.6305960538318423,Medium,0.516701007326007,After_Lunch
387:30,0.9867788461538449,0.375,0.1587301587301586,0.5068363349613345,0.4000343406593404,1.3107746156962337,Low,0.4000343406593404,After_Lunch
388:00,0.9867788461538449,0.375,0.1428571428571428,0.5015453296703293,0.3928914835164833,1.3107746156962337,Low,0.3928914835164833,After_Lunch
388:30,0.9867788461538449,0.375,0.12698412698412698,0.496254324379324,0.3857486263736261,1.3107746156962337,Low,0.38574862637362617,After_Lunch
389:00,0.9867788461538449,0.375,0.11111111111111116,0.4909633190883187,0.378605769230769,1.3107746156962337,Low,0.37860576923076905,After_Lunch
389:30,0.9867788461538449,0.375,0.11111111111111116,0.4909633190883187,0.378605769230769,1.3107746156962337,Low,0.37860576923076905,After_Lunch
390:00,0.9867788461538449,0.375,0.07936507936507953,0.48038130850630817,0.36432005494505476,1.3107746156962337,Low,0.3643200549450548,After_Lunch
390:30,0.9867788461538449,0.375,0.07936507936507953,0.48038130850630817,0.36432005494505476,1.3107746156962337,Low,0.3643200549450548,After_Lunch
391:00,0.9867788461538449,0.375,0.09523809523809534,0.4856723137973134,0.3714629120879119,1.3107746156962337,Low,0.37146291208791193,After_Lunch
391:30,0.9867788461538449,0.625,0.11111111111111116,0.5742966524216521,0.4661057692307691,1.5439804458491575,Medium,0.4661057692307691,After_Lunch
392:00,0.9867788461538449,0.625,0.11111111111111116,0.5742966524216521,0.4661057692307691,1.5439804458491575,Medium,0.4661057692307691,After_Lunch
392:30,0.9867788461538449,0.625,0.11111111111111116,0.5742966524216521,0.4661057692307691,1.5439804458491575,Medium,0.4661057692307691,After_Lunch
393:00,0.9867788461538449,0.625,0.11111111111111116,0.5742966524216521,0.4661057692307691,1.5439804458491575,Medium,0.4661057692307691,After_Lunch
393:30,0.9867788461538449,0.625,0.09523809523809534,0.5690056471306467,0.45896291208791196,1.5439804458491575,Medium,0.45896291208791196,After_Lunch
394:00,0.9867788461538449,0.625,0.07936507936507953,0.5637146418396415,0.45182005494505484,1.5439804458491575,Medium,0.45182005494505484,After_Lunch
394:30,0.9867788461538449,0.625,0.09523809523809534,0.5690056471306467,0.45896291208791196,1.5439804458491575,Medium,0.45896291208791196,After_Lunch
395:00,0.9867788461538449,0.625,0.11111111111111116,0.5742966524216521,0.4661057692307691,1.5439804458491575,Medium,0.4661057692307691,After_Lunch
395:30,0.9867788461538449,0.625,0.11111111111111116,0.5742966524216521,0.4661057692307691,1.5439804458491575,Medium,0.4661057692307691,After_Lunch
396:00,0.9867788461538449,0.625,0.12698412698412698,0.5795876577126573,0.4732486263736262,1.5439804458491575,Medium,0.4732486263736262,After_Lunch
396:30,1.0,0.625,0.12698412698412698,0.583994708994709,0.4758928571428572,1.5439804458491575,Medium,0.4758928571428572,After_Lunch
397:00,1.0,0.625,0.12698412698412698,0.583994708994709,0.4758928571428572,1.5439804458491575,Medium,0.4758928571428572,After_Lunch
397:30,1.0,0.625,0.12698412698412698,0.583994708994709,0.4758928571428572,1.5439804458491575,Medium,0.4758928571428572,After_Lunch
398:00,1.0,0.625,0.1428571428571428,0.5892857142857143,0.4830357142857143,1.5439804458491575,Medium,0.4830357142857143,After_Lunch
398:30,1.0,0.625,0.1428571428571428,0.5892857142857143,0.4830357142857143,1.5439804458491575,Medium,0.4830357142857143,After_Lunch
399:00,1.0,0.0,0.1428571428571428,0.38095238095238093,0.2642857142857143,1.2214027581601699,Low,0.2642857142857143,After_Lunch
399:30,1.0,0.0,0.1587301587301586,0.3862433862433862,0.2714285714285714,1.2214027581601699,Low,0.2714285714285714,After_Lunch
400:00,0.9867788461538449,0.0,0.17460317460317443,0.3871273402523398,0.2759271978021975,1.2214027581601699,Low,0.27592719780219754,After_Lunch
400:30,1.0,0.0,0.17460317460317443,0.39153439153439146,0.2785714285714285,1.2214027581601699,Low,0.2785714285714285,After_Lunch
401:00,1.0,0.0,0.17460317460317443,0.39153439153439146,0.2785714285714285,1.2214027581601699,Low,0.2785714285714285,After_Lunch
401:30,1.0,0.0,0.1904761904761907,0.3968253968253969,0.2857142857142858,1.2214027581601699,Low,0.28571428571428586,After_Lunch
402:00,1.0,0.0,0.1904761904761907,0.3968253968253969,0.2857142857142858,1.2214027581601699,Low,0.28571428571428586,After_Lunch
402:30,1.0,0.708333333333333,0.1904761904761907,0.6329365079365079,0.5336309523809524,1.6305960538318423,Medium,0.5336309523809525,After_Lunch
403:00,1.0,0.708333333333333,0.1904761904761907,0.6329365079365079,0.5336309523809524,1.6305960538318423,Medium,0.5336309523809525,After_Lunch
403:30,1.0,0.708333333333333,0.1904761904761907,0.6329365079365079,0.5336309523809524,1.6305960538318423,Medium,0.5336309523809525,After_Lunch
404:00,1.0,0.708333333333333,0.2063492063492065,0.6382275132275131,0.5407738095238095,1.6305960538318423,Medium,0.5407738095238096,After_Lunch
404:30,1.0,0.708333333333333,0.22222222222222232,0.6435185185185185,0.5479166666666666,1.6305960538318423,Medium,0.5479166666666667,After_Lunch
405:00,1.0,0.708333333333333,0.22222222222222232,0.6435185185185185,0.5479166666666666,1.6305960538318423,Medium,0.5479166666666667,After_Lunch
405:30,1.0,0.708333333333333,0.22222222222222232,0.6435185185185185,0.5479166666666666,1.6305960538318423,Medium,0.5479166666666667,After_Lunch
406:00,1.0,0.708333333333333,0.22222222222222232,0.6435185185185185,0.5479166666666666,1.6305960538318423,Medium,0.5479166666666667,After_Lunch
406:30,1.0,0.16666666666666652,0.22222222222222232,0.46296296296296297,0.35833333333333334,1.2214027581601699,Low,0.3583333333333334,After_Lunch
407:00,1.0,0.16666666666666652,0.30158730158730185,0.4894179894179895,0.39404761904761915,1.2519634852631913,Low,0.3940476190476192,After_Lunch
407:30,1.0,0.16666666666666652,0.31746031746031766,0.4947089947089947,0.40119047619047626,1.2685263878424755,Low,0.4011904761904763,After_Lunch
408:00,1.0,0.16666666666666652,0.22222222222222232,0.46296296296296297,0.35833333333333334,1.2214027581601699,Low,0.3583333333333334,After_Lunch
408:30,1.0,0.16666666666666652,0.1904761904761907,0.4523809523809524,0.3440476190476191,1.2214027581601699,Low,0.34404761904761916,After_Lunch
409:00,1.0,0.16666666666666652,0.1904761904761907,0.4523809523809524,0.3440476190476191,1.2214027581601699,Low,0.34404761904761916,After_Lunch
409:30,1.0,0.16666666666666652,0.1904761904761907,0.4523809523809524,0.3440476190476191,1.2214027581601699,Low,0.34404761904761916,After_Lunch
410:00,1.0,0.16666666666666652,0.1904761904761907,0.4523809523809524,0.3440476190476191,1.2214027581601699,Low,0.34404761904761916,After_Lunch
410:30,0.9867788461538449,0.16666666666666652,0.17460317460317443,0.44268289580789527,0.3342605311355308,1.2214027581601699,Low,0.3342605311355308,After_Lunch
411:00,0.9867788461538449,0.16666666666666652,0.17460317460317443,0.44268289580789527,0.3342605311355308,1.2214027581601699,Low,0.3342605311355308,After_Lunch
411:30,0.9867788461538449,0.16666666666666652,0.1587301587301586,0.43739189051689004,0.32711767399267366,1.2214027581601699,Low,0.32711767399267366,After_Lunch
412:00,0.9867788461538449,0.16666666666666652,0.1428571428571428,0.43210088522588475,0.31997481684981655,1.2214027581601699,Low,0.31997481684981655,After_Lunch
412:30,0.9867788461538449,0.16666666666666652,0.1428571428571428,0.43210088522588475,0.31997481684981655,1.2214027581601699,Low,0.31997481684981655,After_Lunch
413:00,0.9867788461538449,0.16666666666666652,0.1428571428571428,0.43210088522588475,0.31997481684981655,1.2214027581601699,Low,0.31997481684981655,After_Lunch
413:30,0.9867788461538449,0.16666666666666652,0.1428571428571428,0.43210088522588475,0.31997481684981655,1.2214027581601699,Low,0.31997481684981655,After_Lunch
414:00,0.9867788461538449,0.16666666666666652,0.12698412698412698,0.42680987993487945,0.31283195970695943,1.2214027581601699,Low,0.31283195970695943,After_Lunch
414:30,0.9867788461538449,0.16666666666666652,0.12698412698412698,0.42680987993487945,0.31283195970695943,1.2214027581601699,Low,0.31283195970695943,After_Lunch
415:00,0.9867788461538449,0.16666666666666652,0.1904761904761907,0.44797390109890073,0.3414033882783881,1.2214027581601699,Low,0.3414033882783881,After_Lunch
415:30,0.9735576923076916,0.16666666666666652,0.23809523809523814,0.45943986568986545,0.36018772893772877,1.2214027581601699,Low,0.3601877289377288,After_Lunch
416:00,0.9735576923076916,0.16666666666666652,0.22222222222222232,0.45414886039886015,0.35304487179487165,1.2214027581601699,Low,0.3530448717948717,After_Lunch
416:30,0.9735576923076916,0.16666666666666652,0.23809523809523814,0.45943986568986545,0.36018772893772877,1.2214027581601699,Low,0.3601877289377288,After_Lunch
417:00,0.9735576923076916,0.16666666666666652,0.22222222222222232,0.45414886039886015,0.35304487179487165,1.2214027581601699,Low,0.3530448717948717,After_Lunch
417:30,0.9735576923076916,0.16666666666666652,0.23809523809523814,0.45943986568986545,0.36018772893772877,1.2214027581601699,Low,0.3601877289377288,After_Lunch
418:00,0.9735576923076916,0.16666666666666652,0.2063492063492065,0.44885785510785486,0.34590201465201453,1.2214027581601699,Low,0.34590201465201453,After_Lunch
418:30,0.9735576923076916,0.16666666666666652,0.17460317460317443,0.43827584452584417,0.3316163003663001,1.2214027581601699,Low,0.33161630036630013,After_Lunch
419:00,0.9735576923076916,0.25,0.1904761904761907,0.4713446275946274,0.36792582417582415,1.2214027581601699,Low,0.3679258241758242,After_Lunch
419:30,0.9603365384615383,0.25,0.2063492063492065,0.4722285816035816,0.3724244505494506,1.2214027581601699,Low,0.3724244505494506,After_Lunch
420:00,0.9603365384615383,0.25,0.2063492063492065,0.4722285816035816,0.3724244505494506,1.2214027581601699,Low,0.3724244505494506,After_Lunch
420:30,0.9603365384615383,0.25,0.2063492063492065,0.4722285816035816,0.3724244505494506,1.2214027581601699,Low,0.3724244505494506,After_Lunch
421:00,0.9603365384615383,0.25,0.2063492063492065,0.4722285816035816,0.3724244505494506,1.2214027581601699,Low,0.3724244505494506,After_Lunch
421:30,0.9603365384615383,0.25,0.1904761904761907,0.4669375763125763,0.3652815934065935,1.2214027581601699,Low,0.3652815934065935,After_Lunch
422:00,0.9603365384615383,0.25,0.2063492063492065,0.4722285816035816,0.3724244505494506,1.2214027581601699,Low,0.3724244505494506,After_Lunch
422:30,0.9603365384615383,0.25,0.2063492063492065,0.4722285816035816,0.3724244505494506,1.2214027581601699,Low,0.3724244505494506,After_Lunch
423:00,0.9603365384615383,0.625,0.2063492063492065,0.5972285816035816,0.5036744505494506,1.5439804458491575,Medium,0.5036744505494507,After_Lunch
423:30,0.9603365384615383,0.625,0.22222222222222232,0.6025195868945868,0.5108173076923077,1.5439804458491575,Medium,0.5108173076923078,After_Lunch
424:00,0.9603365384615383,0.625,0.22222222222222232,0.6025195868945868,0.5108173076923077,1.5439804458491575,Medium,0.5108173076923078,After_Lunch
424:30,0.9603365384615383,0.625,0.2063492063492065,0.5972285816035816,0.5036744505494506,1.5439804458491575,Medium,0.5036744505494507,After_Lunch
425:00,0.9603365384615383,0.625,0.2063492063492065,0.5972285816035816,0.5036744505494506,1.5439804458491575,Medium,0.5036744505494507,After_Lunch
425:30,0.9603365384615383,0.625,0.2063492063492065,0.5972285816035816,0.5036744505494506,1.5439804458491575,Medium,0.5036744505494507,After_Lunch
426:00,0.9603365384615383,0.625,0.1904761904761907,0.5919375763125764,0.4965315934065935,1.5439804458491575,Medium,0.49653159340659353,After_Lunch
426:30,0.9603365384615383,0.708333333333333,0.2063492063492065,0.6250063593813593,0.5328411172161172,1.6305960538318423,Medium,0.5328411172161173,After_Lunch
427:00,0.9603365384615383,0.708333333333333,0.17460317460317443,0.6144243487993486,0.5185554029304027,1.6305960538318423,Medium,0.5185554029304028,After_Lunch
427:30,0.9603365384615383,0.708333333333333,0.1587301587301586,0.6091333435083434,0.5114125457875456,1.6305960538318423,Medium,0.5114125457875457,After_Lunch
428:00,0.9603365384615383,0.708333333333333,0.17460317460317443,0.6144243487993486,0.5185554029304027,1.6305960538318423,Medium,0.5185554029304028,After_Lunch
428:30,0.9603365384615383,0.708333333333333,0.1904761904761907,0.619715354090354,0.52569826007326,1.6305960538318423,Medium,0.5256982600732601,After_Lunch
429:00,0.9603365384615383,0.708333333333333,0.2063492063492065,0.6250063593813593,0.5328411172161172,1.6305960538318423,Medium,0.5328411172161173,After_Lunch
429:30,0.9603365384615383,0.708333333333333,0.2063492063492065,0.6250063593813593,0.5328411172161172,1.6305960538318423,Medium,0.5328411172161173,After_Lunch
430:00,0.9603365384615383,0.708333333333333,0.1904761904761907,0.619715354090354,0.52569826007326,1.6305960538318423,Medium,0.5256982600732601,After_Lunch
430:30,0.9603365384615383,0.708333333333333,0.1904761904761907,0.619715354090354,0.52569826007326,1.6305960538318423,Medium,0.5256982600732601,After_Lunch
431:00,0.9603365384615383,0.708333333333333,0.1904761904761907,0.619715354090354,0.52569826007326,1.6305960538318423,Medium,0.5256982600732601,After_Lunch
431:30,0.9603365384615383,0.708333333333333,0.2063492063492065,0.6250063593813593,0.5328411172161172,1.6305960538318423,Medium,0.5328411172161173,After_Lunch
432:00,0.9603365384615383,0.708333333333333,0.22222222222222232,0.6302973646723645,0.5399839743589743,1.6305960538318423,Medium,0.5399839743589744,After_Lunch
432:30,0.9603365384615383,0.708333333333333,0.22222222222222232,0.6302973646723645,0.5399839743589743,1.6305960538318423,Medium,0.5399839743589744,After_Lunch
433:00,0.0,0.0,0.9814814814814814,0.32716049382716045,0.44166666666666665,1.568312185490169,Medium,0.44166666666666676,Stress_Induced
433:30,0.0,0.0,1.0,0.3333333333333333,0.45,1.568312185490169,Medium,0.4500000000000001,Stress_Induced
434:00,0.07534246575342962,0.0,1.0,0.35844748858447656,0.46506849315068594,1.568312185490169,Medium,0.46506849315068605,Stress_Induced
434:30,0.07534246575342962,0.0,1.0,0.35844748858447656,0.46506849315068594,1.568312185490169,Medium,0.46506849315068605,Stress_Induced
435:00,0.07534246575342962,0.0,0.0,0.025114155251143206,0.015068493150685924,1.0,Low,0.015068493150685917,Stress_Induced
435:30,0.15068493150685214,0.0,0.9814814814814814,0.3773888043294445,0.47180365296803706,1.568312185490169,Medium,0.47180365296803717,Stress_Induced
436:00,0.15068493150685214,0.0,0.9814814814814814,0.3773888043294445,0.47180365296803706,1.568312185490169,Medium,0.47180365296803717,Stress_Induced
436:30,0.15068493150685214,0.0,0.9814814814814814,0.3773888043294445,0.47180365296803706,1.568312185490169,Medium,0.47180365296803717,Stress_Induced
437:00,0.15068493150685214,0.0,0.9444444444444444,0.36504312531709887,0.4551369863013704,1.568312185490169,Medium,0.4551369863013705,Stress_Induced
437:30,0.15068493150685214,0.0,0.9074074074074074,0.3526974463047532,0.4384703196347038,1.568312185490169,Medium,0.43847031963470384,Stress_Induced
438:00,0.15068493150685214,0.0,0.9074074074074074,0.3526974463047532,0.4384703196347038,1.568312185490169,Medium,0.43847031963470384,Stress_Induced
438:30,0.15068493150685214,0.40000000000000036,0.9074074074074074,0.48603077963808666,0.578470319634704,1.7108542781401446,Medium,0.578470319634704,Stress_Induced
439:00,0.15068493150685214,0.40000000000000036,0.9259259259259258,0.4922036191442594,0.5868036529680372,1.7108542781401446,Medium,0.5868036529680373,Stress_Induced
439:30,0.15068493150685214,0.40000000000000036,0.9259259259259258,0.4922036191442594,0.5868036529680372,1.7108542781401446,Medium,0.5868036529680373,Stress_Induced
440:00,0.22602739726027465,0.40000000000000036,0.9444444444444444,0.5234906139015731,0.610205479452055,1.7108542781401446,Medium,0.6102054794520552,Stress_Induced
440:30,0.22602739726027465,0.40000000000000036,0.9444444444444444,0.5234906139015731,0.610205479452055,1.7108542781401446,Medium,0.6102054794520552,Stress_Induced
441:00,0.22602739726027465,0.40000000000000036,0.9444444444444444,0.5234906139015731,0.610205479452055,1.7108542781401446,Medium,0.6102054794520552,Stress_Induced
441:30,0.22602739726027465,0.40000000000000036,0.9444444444444444,0.5234906139015731,0.610205479452055,1.7108542781401446,Medium,0.6102054794520552,Stress_Induced
442:00,0.22602739726027465,0.40000000000000036,0.962962962962963,0.529663453407746,0.6185388127853884,1.7108542781401446,Medium,0.6185388127853885,Stress_Induced
442:30,0.30821917808219723,0.40000000000000036,0.9259259259259258,0.5447150346693744,0.6183105022831062,1.7377430255061714,Medium,0.6183105022831062,Stress_Induced
443:00,0.30821917808219723,0.5999999999999996,0.8888888888888888,0.5990360223236952,0.6716438356164394,1.9809639531956185,High,0.6716438356164394,Stress_Induced
443:30,0.30821917808219723,0.5999999999999996,0.8518518518518519,0.5866903433113496,0.6549771689497728,1.9809639531956185,High,0.6549771689497728,Stress_Induced
444:00,0.30821917808219723,0.5999999999999996,0.8148148148148149,0.5743446642990039,0.638310502283106,1.980297436142261,High,0.6383105022831062,Stress_Induced
444:30,0.30821917808219723,0.5999999999999996,0.8333333333333333,0.5805175038051767,0.6466438356164393,1.9809639531956185,High,0.6466438356164393,Stress_Induced
445:00,0.30821917808219723,0.5999999999999996,0.8333333333333333,0.5805175038051767,0.6466438356164393,1.9809639531956185,High,0.6466438356164393,Stress_Induced
445:30,0.38356164383561975,0.5999999999999996,0.8148148148148149,0.5994588195501448,0.6533789954337905,2.0370515564298395,High,0.6533789954337907,Stress_Induced
446:00,0.38356164383561975,0.5999999999999996,0.7222222222222223,0.5685946220192806,0.6117123287671239,1.8867148499900614,High,0.611712328767124,Stress_Induced
446:30,0.38356164383561975,0.5999999999999996,0.6666666666666667,0.5500761035007621,0.5867123287671239,1.801892243634263,High,0.5867123287671239,Stress_Induced
447:00,0.38356164383561975,0.5999999999999996,0.6296296296296295,0.5377304244884163,0.5700456621004572,1.7474731623443933,High,0.5700456621004573,Stress_Induced
447:30,0.38356164383561975,0.5999999999999996,0.5925925925925926,0.5253847454760706,0.5533789954337904,1.6946975957646269,Medium,0.5533789954337907,Stress_Induced
448:00,0.38356164383561975,0.5999999999999996,0.574074074074074,0.5192119059698977,0.5450456621004571,1.668910560174997,Medium,0.5450456621004571,Stress_Induced
448:30,0.38356164383561975,0.5999999999999996,0.5555555555555556,0.513039066463725,0.5367123287671238,1.64351590798531,Medium,0.5367123287671238,Stress_Induced
449:00,0.38356164383561975,0.5999999999999996,0.537037037037037,0.5068662269575521,0.5283789954337904,1.6185076685700543,Medium,0.5283789954337905,Stress_Induced
449:30,0.38356164383561975,0.5999999999999996,0.537037037037037,0.5068662269575521,0.5283789954337904,1.6185076685700543,Medium,0.5283789954337905,Stress_Induced
450:00,0.38356164383561975,0.5999999999999996,0.537037037037037,0.5068662269575521,0.5283789954337904,1.6185076685700543,Medium,0.5283789954337905,Stress_Induced
450:30,0.38356164383561975,0.5999999999999996,0.5185185185185186,0.5006933874513794,0.5200456621004572,1.5938799621545785,Medium,0.5200456621004572,Stress_Induced
451:00,0.38356164383561975,0.5999999999999996,0.4444444444444444,0.47600202942668796,0.4867123287671238,1.49905997394872,Medium,0.4867123287671239,Stress_Induced
451:30,0.38356164383561975,0.5999999999999996,0.462962962962963,0.4821748689328608,0.4950456621004572,1.5222225770394164,Medium,0.49504566210045725,Stress_Induced
452:00,0.38356164383561975,0.5999999999999996,0.4814814814814814,0.4883477084390336,0.5033789954337905,1.5457430752052002,Medium,0.5033789954337906,Stress_Induced
452:30,0.38356164383561975,0.5999999999999996,0.462962962962963,0.4821748689328608,0.4950456621004572,1.5222225770394164,Medium,0.49504566210045725,Stress_Induced
453:00,0.45890410958904937,0.5999999999999996,0.42592592592592604,0.49494334517165833,0.4934474885844765,1.5185582422188304,Medium,0.49344748858447657,Stress_Induced
453:30,0.38356164383561975,0.5999999999999996,0.40740740740740744,0.4636563504143423,0.4700456621004572,1.4537867524956047,Medium,0.47004566210045723,Stress_Induced
454:00,0.45890410958904937,0.5999999999999996,0.40740740740740744,0.48877050566548547,0.4851141552511431,1.49545139676458,Medium,0.48511415525114315,Stress_Induced
454:30,0.45890410958904937,0.5999999999999996,0.38888888888888884,0.4825976661593126,0.47678082191780974,1.4726961521195727,Medium,0.4767808219178098,Stress_Induced
455:00,0.45890410958904937,0.5999999999999996,0.37037037037037046,0.47642482665313984,0.4684474885844765,1.450287158218638,Medium,0.46844748858447655,Stress_Induced
455:30,0.45890410958904937,0.5999999999999996,0.38888888888888884,0.4825976661593126,0.47678082191780974,1.4726961521195727,Medium,0.4767808219178098,Stress_Induced
456:00,0.541095890410972,0.5999999999999996,0.35185185185185186,0.49764924742094113,0.47655251141552757,1.472929790769596,Medium,0.4765525114155276,Stress_Induced
456:30,0.541095890410972,0.7999999999999998,0.3148148148148149,0.5519702350752622,0.529885844748861,1.6283762653893534,Medium,0.529885844748861,Stress_Induced
457:00,0.541095890410972,0.7999999999999998,0.35185185185185186,0.5643159140876078,0.5465525114155276,1.679086480725555,Medium,0.5465525114155277,Stress_Induced
457:30,0.541095890410972,0.7999999999999998,0.3148148148148149,0.5519702350752622,0.529885844748861,1.6283762653893534,Medium,0.529885844748861,Stress_Induced
458:00,0.541095890410972,0.7999999999999998,0.3148148148148149,0.5519702350752622,0.529885844748861,1.6283762653893534,Medium,0.529885844748861,Stress_Induced
458:30,0.541095890410972,0.7999999999999998,0.33333333333333326,0.558143074581435,0.5382191780821943,1.653536988624576,Medium,0.5382191780821943,Stress_Induced
459:00,0.541095890410972,0.7999999999999998,0.3148148148148149,0.5519702350752622,0.529885844748861,1.6283762653893534,Medium,0.529885844748861,Stress_Induced
459:30,0.541095890410972,0.7999999999999998,0.3148148148148149,0.5519702350752622,0.529885844748861,1.6283762653893534,Medium,0.529885844748861,Stress_Induced
460:00,0.541095890410972,0.7999999999999998,0.3148148148148149,0.5519702350752622,0.529885844748861,1.6283762653893534,Medium,0.529885844748861,Stress_Induced
460:30,0.541095890410972,0.7999999999999998,0.3148148148148149,0.5519702350752622,0.529885844748861,1.6283762653893534,Medium,0.529885844748861,Stress_Induced
461:00,0.6164383561643945,0.666666666666667,0.3148148148148149,0.5326399458819587,0.498287671232879,1.5349668951357993,Medium,0.49828767123287904,Stress_Induced
461:30,0.6164383561643945,0.666666666666667,0.33333333333333326,0.5388127853881316,0.5066210045662123,1.5586843110946385,Medium,0.5066210045662124,Stress_Induced
462:00,0.6164383561643945,0.666666666666667,0.33333333333333326,0.5388127853881316,0.5066210045662123,1.5586843110946385,Medium,0.5066210045662124,Stress_Induced
462:30,0.6164383561643945,0.666666666666667,0.35185185185185186,0.5449856248943045,0.5149543378995457,1.582768194774409,Medium,0.5149543378995457,Stress_Induced
463:00,0.6164383561643945,0.666666666666667,0.35185185185185186,0.5449856248943045,0.5149543378995457,1.582768194774409,Medium,0.5149543378995457,Stress_Induced
463:30,0.6164383561643945,0.666666666666667,0.35185185185185186,0.5449856248943045,0.5149543378995457,1.582768194774409,Medium,0.5149543378995457,Stress_Induced
464:00,0.6164383561643945,0.666666666666667,0.35185185185185186,0.5449856248943045,0.5149543378995457,1.582768194774409,Medium,0.5149543378995457,Stress_Induced
464:30,0.691780821917817,0.666666666666667,0.37037037037037046,0.5762726196516181,0.5383561643835635,1.6532862770764298,Medium,0.5383561643835636,Stress_Induced
465:00,0.691780821917817,0.666666666666667,0.38888888888888884,0.5824454591577909,0.5466894977168968,1.6788318953283425,Medium,0.5466894977168969,Stress_Induced
465:30,0.691780821917817,0.40000000000000036,0.40740740740740744,0.4997294097750749,0.4616894977168969,1.4315669731088263,Medium,0.46168949771689693,Stress_Induced
466:00,0.691780821917817,0.40000000000000036,0.42592592592592604,0.5059022492812478,0.4700228310502303,1.453686713594275,Medium,0.47002283105023024,Stress_Induced
466:30,0.691780821917817,0.40000000000000036,0.42592592592592604,0.5059022492812478,0.4700228310502303,1.453686713594275,Medium,0.47002283105023024,Stress_Induced
467:00,0.691780821917817,0.40000000000000036,0.4444444444444444,0.5120750887874206,0.4783561643835635,1.4761482354482063,Medium,0.47835616438356354,Stress_Induced
467:30,0.691780821917817,0.40000000000000036,0.4444444444444444,0.5120750887874206,0.4783561643835635,1.4761482354482063,Medium,0.47835616438356354,Stress_Induced
468:00,0.691780821917817,0.40000000000000036,0.4444444444444444,0.5120750887874206,0.4783561643835635,1.4761482354482063,Medium,0.47835616438356354,Stress_Induced
468:30,0.691780821917817,0.40000000000000036,0.4444444444444444,0.5120750887874206,0.4783561643835635,1.4761482354482063,Medium,0.47835616438356354,Stress_Induced
469:00,0.691780821917817,0.40000000000000036,0.4444444444444444,0.5120750887874206,0.4783561643835635,1.4761482354482063,Medium,0.47835616438356354,Stress_Induced
469:30,0.691780821917817,0.40000000000000036,0.462962962962963,0.5182479282935935,0.4866894977168969,1.4989568196775975,Medium,0.48668949771689696,Stress_Induced
470:00,0.691780821917817,0.40000000000000036,0.4444444444444444,0.5120750887874206,0.4783561643835635,1.4761482354482063,Medium,0.47835616438356354,Stress_Induced
470:30,0.691780821917817,0.40000000000000036,0.40740740740740744,0.4997294097750749,0.4616894977168969,1.4315669731088263,Medium,0.46168949771689693,Stress_Induced
471:00,0.691780821917817,0.40000000000000036,0.38888888888888884,0.49355657026890204,0.4533561643835635,1.4097838133422957,Medium,0.4533561643835635,Stress_Induced
471:30,0.691780821917817,0.40000000000000036,0.38888888888888884,0.49355657026890204,0.4533561643835635,1.4097838133422957,Medium,0.4533561643835635,Stress_Induced
472:00,0.691780821917817,0.40000000000000036,0.37037037037037046,0.4873837307627293,0.44502283105023027,1.3883321127797899,Medium,0.4450228310502302,Stress_Induced
472:30,0.691780821917817,0.40000000000000036,0.37037037037037046,0.4873837307627293,0.44502283105023027,1.3883321127797899,Medium,0.4450228310502302,Stress_Induced
473:00,0.691780821917817,0.40000000000000036,0.38888888888888884,0.49355657026890204,0.4533561643835635,1.4097838133422957,Medium,0.4533561643835635,Stress_Induced
473:30,0.691780821917817,0.40000000000000036,0.38888888888888884,0.49355657026890204,0.4533561643835635,1.4097838133422957,Medium,0.4533561643835635,Stress_Induced
474:00,0.691780821917817,0.40000000000000036,0.37037037037037046,0.4873837307627293,0.44502283105023027,1.3883321127797899,Medium,0.4450228310502302,Stress_Induced
474:30,0.691780821917817,0.40000000000000036,0.35185185185185186,0.4812108912565564,0.43668949771689686,1.367206827836947,Medium,0.4366894977168969,Stress_Induced
475:00,0.691780821917817,0.40000000000000036,0.3148148148148149,0.46886521224421074,0.42002283105023025,1.3259157130286272,Low,0.4200228310502302,Stress_Induced
475:30,0.691780821917817,0.40000000000000036,0.2962962962962963,0.46269237273803787,0.41168949771689684,1.305740175064704,Low,0.4116894977168969,Stress_Induced
476:00,0.691780821917817,0.40000000000000036,0.2962962962962963,0.46269237273803787,0.41168949771689684,1.305740175064704,Low,0.4116894977168969,Stress_Induced
476:30,0.691780821917817,0.40000000000000036,0.2777777777777777,0.456519533231865,0.4033561643835635,1.2858716342410468,Low,0.4033561643835635,Stress_Induced
477:00,0.691780821917817,0.40000000000000036,0.2777777777777777,0.456519533231865,0.4033561643835635,1.2858716342410468,Low,0.4033561643835635,Stress_Induced
477:30,0.691780821917817,0.40000000000000036,0.2407407407407407,0.4441738542195193,0.38668949771689687,1.2794597116144382,Low,0.38668949771689687,Stress_Induced
478:00,0.691780821917817,0.40000000000000036,0.20370370370370372,0.4318281752071737,0.3700228310502302,1.2794597116144382,Low,0.37002283105023015,Stress_Induced
478:30,0.691780821917817,0.40000000000000036,0.20370370370370372,0.4318281752071737,0.3700228310502302,1.2794597116144382,Low,0.37002283105023015,Stress_Induced
479:00,0.691780821917817,0.40000000000000036,0.20370370370370372,0.4318281752071737,0.3700228310502302,1.2794597116144382,Low,0.37002283105023015,Stress_Induced
479:30,0.7671232876712395,0.5333333333333332,0.20370370370370372,0.5013867749027588,0.43175799086758126,1.4362351675713814,Medium,0.4317579908675812,Stress_Induced
480:00,0.7671232876712395,0.5333333333333332,0.20370370370370372,0.5013867749027588,0.43175799086758126,1.4362351675713814,Medium,0.4317579908675812,Stress_Induced
480:30,0.7671232876712395,0.5333333333333332,0.18518518518518512,0.4952139353965859,0.42342465753424785,1.4362351675713814,Medium,0.42342465753424785,Stress_Induced
481:00,0.7671232876712395,0.5333333333333332,0.16666666666666674,0.48904109589041317,0.41509132420091455,1.4362351675713814,Medium,0.41509132420091455,Stress_Induced
481:30,0.7671232876712395,0.5333333333333332,0.16666666666666674,0.48904109589041317,0.41509132420091455,1.4362351675713814,Medium,0.41509132420091455,Stress_Induced
482:00,0.7671232876712395,0.5333333333333332,0.16666666666666674,0.48904109589041317,0.41509132420091455,1.4362351675713814,Medium,0.41509132420091455,Stress_Induced
482:30,0.7671232876712395,0.5333333333333332,0.18518518518518512,0.4952139353965859,0.42342465753424785,1.4362351675713814,Medium,0.42342465753424785,Stress_Induced
483:00,0.7671232876712395,0.5333333333333332,0.16666666666666674,0.48904109589041317,0.41509132420091455,1.4362351675713814,Medium,0.41509132420091455,Stress_Induced
483:30,0.7671232876712395,0.5333333333333332,0.16666666666666674,0.48904109589041317,0.41509132420091455,1.4362351675713814,Medium,0.41509132420091455,Stress_Induced
484:00,0.7671232876712395,0.5333333333333332,0.12962962962962976,0.4766954168780675,0.39842465753424794,1.4362351675713814,Medium,0.39842465753424794,Stress_Induced
484:30,0.7671232876712395,0.40000000000000036,0.12962962962962976,0.4322509724336232,0.3517579908675814,1.3161282489012076,Low,0.3517579908675814,Stress_Induced
485:00,0.7671232876712395,0.40000000000000036,0.16666666666666674,0.4445966514459689,0.3684246575342481,1.3161282489012076,Low,0.368424657534248,Stress_Induced
485:30,0.7671232876712395,0.40000000000000036,0.18518518518518512,0.45076949095214164,0.3767579908675813,1.3161282489012076,Low,0.3767579908675813,Stress_Induced
486:00,0.849315068493155,0.40000000000000036,0.18518518518518512,0.47816675122611346,0.39319634703196443,1.3324146515366078,Low,0.3931963470319644,Stress_Induced
486:30,0.849315068493155,0.40000000000000036,0.16666666666666674,0.4719939117199407,0.3848630136986312,1.3324146515366078,Low,0.3848630136986311,Stress_Induced
487:00,0.849315068493155,0.40000000000000036,0.16666666666666674,0.4719939117199407,0.3848630136986312,1.3324146515366078,Low,0.3848630136986311,Stress_Induced
487:30,0.849315068493155,0.40000000000000036,0.16666666666666674,0.4719939117199407,0.3848630136986312,1.3324146515366078,Low,0.3848630136986311,Stress_Induced
488:00,0.849315068493155,0.40000000000000036,0.18518518518518512,0.47816675122611346,0.39319634703196443,1.3324146515366078,Low,0.3931963470319644,Stress_Induced
488:30,0.849315068493155,0.40000000000000036,0.20370370370370372,0.48433959073228633,0.4015296803652978,1.3324146515366078,Low,0.4015296803652978,Stress_Induced
489:00,0.849315068493155,0.40000000000000036,0.20370370370370372,0.48433959073228633,0.4015296803652978,1.3324146515366078,Low,0.4015296803652978,Stress_Induced
489:30,0.849315068493155,0.40000000000000036,0.22222222222222232,0.4905124302384592,0.40986301369863115,1.3324146515366078,Low,0.4098630136986311,Stress_Induced
490:00,0.849315068493155,0.40000000000000036,0.22222222222222232,0.4905124302384592,0.40986301369863115,1.3324146515366078,Low,0.4098630136986311,Stress_Induced
490:30,0.849315068493155,0.40000000000000036,0.20370370370370372,0.48433959073228633,0.4015296803652978,1.3324146515366078,Low,0.4015296803652978,Stress_Induced
491:00,0.849315068493155,0.40000000000000036,0.20370370370370372,0.48433959073228633,0.4015296803652978,1.3324146515366078,Low,0.4015296803652978,Stress_Induced
491:30,0.849315068493155,0.40000000000000036,0.22222222222222232,0.4905124302384592,0.40986301369863115,1.3324146515366078,Low,0.4098630136986311,Stress_Induced
492:00,0.7671232876712395,0.40000000000000036,0.22222222222222232,0.46311516996448737,0.39342465753424805,1.3161282489012076,Low,0.39342465753424805,Stress_Induced
492:30,0.7671232876712395,0.40000000000000036,0.20370370370370372,0.4569423304583145,0.38509132420091474,1.3161282489012076,Low,0.3850913242009147,Stress_Induced
493:00,0.7671232876712395,0.40000000000000036,0.20370370370370372,0.4569423304583145,0.38509132420091474,1.3161282489012076,Low,0.3850913242009147,Stress_Induced
493:30,0.7671232876712395,0.40000000000000036,0.20370370370370372,0.4569423304583145,0.38509132420091474,1.3161282489012076,Low,0.3850913242009147,Stress_Induced
494:00,0.7671232876712395,0.40000000000000036,0.22222222222222232,0.46311516996448737,0.39342465753424805,1.3161282489012076,Low,0.39342465753424805,Stress_Induced
494:30,0.7671232876712395,0.40000000000000036,0.22222222222222232,0.46311516996448737,0.39342465753424805,1.3161282489012076,Low,0.39342465753424805,Stress_Induced
495:00,0.7671232876712395,0.40000000000000036,0.20370370370370372,0.4569423304583145,0.38509132420091474,1.3161282489012076,Low,0.3850913242009147,Stress_Induced
495:30,0.7671232876712395,0.40000000000000036,0.18518518518518512,0.45076949095214164,0.3767579908675813,1.3161282489012076,Low,0.3767579908675813,Stress_Induced
496:00,0.7671232876712395,0.40000000000000036,0.20370370370370372,0.4569423304583145,0.38509132420091474,1.3161282489012076,Low,0.3850913242009147,Stress_Induced
496:30,0.7671232876712395,0.40000000000000036,0.18518518518518512,0.45076949095214164,0.3767579908675813,1.3161282489012076,Low,0.3767579908675813,Stress_Induced
497:00,0.7671232876712395,0.40000000000000036,0.18518518518518512,0.45076949095214164,0.3767579908675813,1.3161282489012076,Low,0.3767579908675813,Stress_Induced
497:30,0.7671232876712395,0.40000000000000036,0.20370370370370372,0.4569423304583145,0.38509132420091474,1.3161282489012076,Low,0.3850913242009147,Stress_Induced
498:00,0.7671232876712395,0.666666666666667,0.20370370370370372,0.5458312193472034,0.478424657534248,1.5673027748556692,Medium,0.478424657534248,Stress_Induced
498:30,0.7671232876712395,0.666666666666667,0.22222222222222232,0.5520040588533762,0.4867579908675814,1.5673027748556692,Medium,0.4867579908675814,Stress_Induced
499:00,0.7671232876712395,0.666666666666667,0.22222222222222232,0.5520040588533762,0.4867579908675814,1.5673027748556692,Medium,0.4867579908675814,Stress_Induced
499:30,0.7671232876712395,0.666666666666667,0.22222222222222232,0.5520040588533762,0.4867579908675814,1.5673027748556692,Medium,0.4867579908675814,Stress_Induced
500:00,0.7671232876712395,0.666666666666667,0.2407407407407407,0.5581768983595491,0.4950913242009146,1.5673027748556692,Medium,0.4950913242009147,Stress_Induced
500:30,0.7671232876712395,0.666666666666667,0.2407407407407407,0.5581768983595491,0.4950913242009146,1.5673027748556692,Medium,0.4950913242009147,Stress_Induced
501:00,0.7671232876712395,0.666666666666667,0.2592592592592593,0.564349737865722,0.503424657534248,1.5673027748556692,Medium,0.503424657534248,Stress_Induced
501:30,0.7671232876712395,0.666666666666667,0.2777777777777777,0.5705225773718947,0.5117579908675813,1.5751572028096086,Medium,0.5117579908675813,Stress_Induced
502:00,0.7671232876712395,0.666666666666667,0.2777777777777777,0.5705225773718947,0.5117579908675813,1.5751572028096086,Medium,0.5117579908675813,Stress_Induced
502:30,0.849315068493155,0.666666666666667,0.2777777777777777,0.5979198376458665,0.5281963470319644,1.5946489540431417,Medium,0.5281963470319644,Stress_Induced
503:00,0.7671232876712395,0.33333333333333304,0.2962962962962963,0.46558430576695625,0.40342465753424783,1.2857741477344498,Low,0.4034246575342478,Stress_Induced
503:30,0.849315068493155,0.33333333333333304,0.3148148148148149,0.49915440554710094,0.42819634703196424,1.32179781289266,Low,0.4281963470319643,Stress_Induced
504:00,0.849315068493155,0.33333333333333304,0.33333333333333326,0.5053272450532738,0.4365296803652975,1.3422214641396046,Medium,0.4365296803652975,Stress_Induced
504:30,0.849315068493155,0.33333333333333304,0.33333333333333326,0.5053272450532738,0.4365296803652975,1.3422214641396046,Medium,0.4365296803652975,Stress_Induced
505:00,0.849315068493155,0.33333333333333304,0.35185185185185186,0.5115000845594466,0.4448630136986309,1.3629606897703084,Medium,0.4448630136986309,Stress_Induced
505:30,0.849315068493155,0.33333333333333304,0.35185185185185186,0.5115000845594466,0.4448630136986309,1.3629606897703084,Medium,0.4448630136986309,Stress_Induced
506:00,0.849315068493155,0.33333333333333304,0.35185185185185186,0.5115000845594466,0.4448630136986309,1.3629606897703084,Medium,0.4448630136986309,Stress_Induced
506:30,0.849315068493155,0.33333333333333304,0.37037037037037046,0.5176729240656195,0.45319634703196426,1.3840203658566577,Medium,0.4531963470319642,Stress_Induced
507:00,0.849315068493155,0.33333333333333304,0.37037037037037046,0.5176729240656195,0.45319634703196426,1.3840203658566577,Medium,0.4531963470319642,Stress_Induced
507:30,0.849315068493155,0.4666666666666668,0.38888888888888884,0.5682902080162369,0.5081963470319644,1.533659599499773,Medium,0.5081963470319644,Stress_Induced
508:00,0.849315068493155,0.4666666666666668,0.37037037037037046,0.5621173685100641,0.49986301369863106,1.510322967186423,Medium,0.49986301369863106,Stress_Induced
508:30,0.849315068493155,0.4666666666666668,0.37037037037037046,0.5621173685100641,0.49986301369863106,1.510322967186423,Medium,0.49986301369863106,Stress_Induced
509:00,0.849315068493155,0.4666666666666668,0.38888888888888884,0.5682902080162369,0.5081963470319644,1.533659599499773,Medium,0.5081963470319644,Stress_Induced
509:30,0.849315068493155,0.4666666666666668,0.37037037037037046,0.5621173685100641,0.49986301369863106,1.510322967186423,Medium,0.49986301369863106,Stress_Induced
510:00,0.849315068493155,0.4666666666666668,0.37037037037037046,0.5621173685100641,0.49986301369863106,1.510322967186423,Medium,0.49986301369863106,Stress_Induced
510:30,0.849315068493155,0.4666666666666668,0.37037037037037046,0.5621173685100641,0.49986301369863106,1.510322967186423,Medium,0.49986301369863106,Stress_Induced
511:00,0.849315068493155,0.4666666666666668,0.35185185185185186,0.5559445290038912,0.4915296803652977,1.4873414321892604,Medium,0.49152968036529765,Stress_Induced
511:30,0.849315068493155,0.4666666666666668,0.35185185185185186,0.5559445290038912,0.4915296803652977,1.4873414321892604,Medium,0.49152968036529765,Stress_Induced
512:00,0.849315068493155,0.4666666666666668,0.35185185185185186,0.5559445290038912,0.4915296803652977,1.4873414321892604,Medium,0.49152968036529765,Stress_Induced
512:30,0.849315068493155,0.33333333333333304,0.37037037037037046,0.5176729240656195,0.45319634703196426,1.3840203658566577,Medium,0.4531963470319642,Stress_Induced
513:00,0.849315068493155,0.33333333333333304,0.37037037037037046,0.5176729240656195,0.45319634703196426,1.3840203658566577,Medium,0.4531963470319642,Stress_Induced
513:30,0.849315068493155,0.33333333333333304,0.38888888888888884,0.5238457635717922,0.4615296803652975,1.4054054438127679,Medium,0.4615296803652975,Stress_Induced
514:00,0.849315068493155,0.33333333333333304,0.38888888888888884,0.5238457635717922,0.4615296803652975,1.4054054438127679,Medium,0.4615296803652975,Stress_Induced
514:30,0.849315068493155,0.33333333333333304,0.40740740740740744,0.5300186030779651,0.4698630136986309,1.427120951559126,Medium,0.4698630136986309,Stress_Induced
515:00,0.849315068493155,0.33333333333333304,0.38888888888888884,0.5238457635717922,0.4615296803652975,1.4054054438127679,Medium,0.4615296803652975,Stress_Induced
515:30,0.849315068493155,0.33333333333333304,0.38888888888888884,0.5238457635717922,0.4615296803652975,1.4054054438127679,Medium,0.4615296803652975,Stress_Induced
516:00,0.849315068493155,0.33333333333333304,0.40740740740740744,0.5300186030779651,0.4698630136986309,1.427120951559126,Medium,0.4698630136986309,Stress_Induced
516:30,0.849315068493155,0.33333333333333304,0.42592592592592604,0.536191442584138,0.4781963470319643,1.4491719947047235,Medium,0.47819634703196423,Stress_Induced
517:00,0.849315068493155,0.33333333333333304,0.42592592592592604,0.536191442584138,0.4781963470319643,1.4491719947047235,Medium,0.47819634703196423,Stress_Induced
517:30,0.849315068493155,0.2666666666666666,0.40740740740740744,0.507796380855743,0.44652968036529767,1.3666079780189575,Medium,0.4465296803652976,Stress_Induced
518:00,0.849315068493155,0.2666666666666666,0.38888888888888884,0.5016235413495701,0.4381963470319643,1.3458132541376466,Medium,0.4381963470319643,Stress_Induced
518:30,0.849315068493155,0.2666666666666666,0.40740740740740744,0.507796380855743,0.44652968036529767,1.3666079780189575,Medium,0.4465296803652976,Stress_Induced
519:00,0.849315068493155,0.2666666666666666,0.40740740740740744,0.507796380855743,0.44652968036529767,1.3666079780189575,Medium,0.4465296803652976,Stress_Induced
519:30,0.849315068493155,0.2666666666666666,0.38888888888888884,0.5016235413495701,0.4381963470319643,1.3458132541376466,Medium,0.4381963470319643,Stress_Induced
520:00,0.849315068493155,0.2666666666666666,0.38888888888888884,0.5016235413495701,0.4381963470319643,1.3458132541376466,Medium,0.4381963470319643,Stress_Induced
520:30,0.849315068493155,0.2666666666666666,0.40740740740740744,0.507796380855743,0.44652968036529767,1.3666079780189575,Medium,0.4465296803652976,Stress_Induced
521:00,0.849315068493155,0.2666666666666666,0.40740740740740744,0.507796380855743,0.44652968036529767,1.3666079780189575,Medium,0.4465296803652976,Stress_Induced
521:30,0.849315068493155,0.2666666666666666,0.40740740740740744,0.507796380855743,0.44652968036529767,1.3666079780189575,Medium,0.4465296803652976,Stress_Induced
522:00,0.849315068493155,0.5333333333333332,0.40740740740740744,0.5966852697446319,0.539863013698631,1.6268660673032411,Medium,0.539863013698631,Stress_Induced
522:30,0.849315068493155,0.5333333333333332,0.38888888888888884,0.590512430238459,0.5315296803652976,1.6021111769428866,Medium,0.5315296803652976,Stress_Induced
523:00,0.849315068493155,0.5333333333333332,0.38888888888888884,0.590512430238459,0.5315296803652976,1.6021111769428866,Medium,0.5315296803652976,Stress_Induced
523:30,0.849315068493155,0.5333333333333332,0.40740740740740744,0.5966852697446319,0.539863013698631,1.6268660673032411,Medium,0.539863013698631,Stress_Induced
524:00,0.849315068493155,0.5333333333333332,0.37037037037037046,0.5843395907322863,0.5231963470319643,1.5777329645458074,Medium,0.5231963470319643,Stress_Induced
524:30,0.849315068493155,0.5333333333333332,0.35185185185185186,0.5781667512261134,0.514863013698631,1.5537256984652073,Medium,0.514863013698631,Stress_Induced
525:00,0.849315068493155,0.5333333333333332,0.35185185185185186,0.5781667512261134,0.514863013698631,1.5537256984652073,Medium,0.514863013698631,Stress_Induced
525:30,0.849315068493155,0.5333333333333332,0.35185185185185186,0.5781667512261134,0.514863013698631,1.5537256984652073,Medium,0.514863013698631,Stress_Induced
526:00,0.849315068493155,0.5333333333333332,0.35185185185185186,0.5781667512261134,0.514863013698631,1.5537256984652073,Medium,0.514863013698631,Stress_Induced
526:30,0.9246575342465775,0.5333333333333332,0.35185185185185186,0.6032809064772542,0.5299315068493154,1.5537256984652073,Medium,0.5299315068493154,Stress_Induced
527:00,0.9246575342465775,0.2666666666666666,0.33333333333333326,0.5082191780821924,0.42826484018264876,1.285308410024751,Low,0.42826484018264876,Stress_Induced
527:30,0.9246575342465775,0.2666666666666666,0.33333333333333326,0.5082191780821924,0.42826484018264876,1.285308410024751,Low,0.42826484018264876,Stress_Induced
528:00,0.9246575342465775,0.2666666666666666,0.35185185185185186,0.5143920175883653,0.4365981735159822,1.305168248235304,Low,0.43659817351598207,Stress_Induced
528:30,0.9246575342465775,0.2666666666666666,0.37037037037037046,0.5205648570945381,0.4449315068493155,1.3253349491184054,Low,0.4449315068493155,Stress_Induced
529:00,0.849315068493155,0.2666666666666666,0.37037037037037046,0.49545070184339735,0.429863013698631,1.3253349491184054,Low,0.429863013698631,Stress_Induced
529:30,0.849315068493155,0.2666666666666666,0.37037037037037046,0.49545070184339735,0.429863013698631,1.3253349491184054,Low,0.429863013698631,Stress_Induced
530:00,0.849315068493155,0.2666666666666666,0.35185185185185186,0.4892778623372245,0.42152968036529764,1.305168248235304,Low,0.4215296803652976,Stress_Induced
530:30,0.849315068493155,0.2666666666666666,0.33333333333333326,0.4831050228310516,0.4131963470319643,1.285308410024751,Low,0.4131963470319643,Stress_Induced
531:00,0.849315068493155,0.2666666666666666,0.33333333333333326,0.4831050228310516,0.4131963470319643,1.285308410024751,Low,0.4131963470319643,Stress_Induced
531:30,0.849315068493155,0.5333333333333332,0.33333333333333326,0.5719939117199405,0.5065296803652976,1.5300837342687763,Medium,0.5065296803652976,Stress_Induced
532:00,0.849315068493155,0.5333333333333332,0.35185185185185186,0.5781667512261134,0.514863013698631,1.5537256984652073,Medium,0.514863013698631,Stress_Induced
532:30,0.849315068493155,0.5333333333333332,0.35185185185185186,0.5781667512261134,0.514863013698631,1.5537256984652073,Medium,0.514863013698631,Stress_Induced
533:00,0.849315068493155,0.5333333333333332,0.35185185185185186,0.5781667512261134,0.514863013698631,1.5537256984652073,Medium,0.514863013698631,Stress_Induced
533:30,0.849315068493155,0.5333333333333332,0.37037037037037046,0.5843395907322863,0.5231963470319643,1.5777329645458074,Medium,0.5231963470319643,Stress_Induced
534:00,0.849315068493155,0.5333333333333332,0.37037037037037046,0.5843395907322863,0.5231963470319643,1.5777329645458074,Medium,0.5231963470319643,Stress_Induced
534:30,0.849315068493155,0.5333333333333332,0.38888888888888884,0.590512430238459,0.5315296803652976,1.6021111769428866,Medium,0.5315296803652976,Stress_Induced
535:00,0.849315068493155,0.5333333333333332,0.38888888888888884,0.590512430238459,0.5315296803652976,1.6021111769428866,Medium,0.5315296803652976,Stress_Induced
535:30,0.849315068493155,0.5333333333333332,0.38888888888888884,0.590512430238459,0.5315296803652976,1.6021111769428866,Medium,0.5315296803652976,Stress_Induced
536:00,0.849315068493155,0.7333333333333334,0.38888888888888884,0.6571790969051258,0.6015296803652976,1.8263485705035254,High,0.6015296803652976,Stress_Induced
536:30,0.849315068493155,0.7333333333333334,0.38888888888888884,0.6571790969051258,0.6015296803652976,1.8263485705035254,High,0.6015296803652976,Stress_Induced
537:00,0.849315068493155,0.7333333333333334,0.38888888888888884,0.6571790969051258,0.6015296803652976,1.8263485705035254,High,0.6015296803652976,Stress_Induced
537:30,0.849315068493155,0.7333333333333334,0.40740740740740744,0.6633519364112986,0.6098630136986309,1.8545682466865954,High,0.609863013698631,Stress_Induced
538:00,0.9246575342465775,0.7333333333333334,0.42592592592592604,0.6946389311686123,0.6332648401826488,1.8832239568977465,High,0.633264840182649,Stress_Induced
538:30,0.849315068493155,0.7333333333333334,0.4444444444444444,0.6756976154236444,0.6265296803652977,1.9123224384812492,High,0.6265296803652977,Stress_Induced
539:00,0.849315068493155,0.7333333333333334,0.4444444444444444,0.6756976154236444,0.6265296803652977,1.9123224384812492,High,0.6265296803652977,Stress_Induced
539:30,0.849315068493155,0.7333333333333334,0.462962962962963,0.681870454929817,0.6348630136986311,1.9418705328829005,High,0.6348630136986311,Stress_Induced
540:00,0.849315068493155,0.7333333333333334,0.462962962962963,0.681870454929817,0.6348630136986311,1.9418705328829005,High,0.6348630136986311,Stress_Induced
540:30,0.9246575342465775,0.2666666666666666,0.462962962962963,0.5514290546254024,0.4865981735159822,1.430939932924539,Medium,0.4865981735159821,Stress_Induced
541:00,0.9246575342465775,0.2666666666666666,0.4814814814814814,0.5576018941315751,0.4949315068493154,1.4530499847496516,Medium,0.4949315068493154,Stress_Induced
541:30,0.849315068493155,0.2666666666666666,0.5,0.5386605783866072,0.4881963470319643,1.475501668239701,Medium,0.48819634703196435,Stress_Induced
542:00,0.849315068493155,0.2666666666666666,0.5185185185185186,0.5448334178927801,0.49652968036529765,1.4983002620885324,Medium,0.49652968036529765,Stress_Induced
542:30,0.9246575342465775,0.2666666666666666,0.5185185185185186,0.5699475731439209,0.5115981735159821,1.4983002620885324,Medium,0.5115981735159821,Stress_Induced
543:00,0.9246575342465775,0.2666666666666666,0.537037037037037,0.5761204126500937,0.5199315068493154,1.5214511265532986,Medium,0.5199315068493154,Stress_Induced
543:30,0.9246575342465775,0.2666666666666666,0.537037037037037,0.5761204126500937,0.5199315068493154,1.5214511265532986,Medium,0.5199315068493154,Stress_Induced
544:00,0.9246575342465775,0.2666666666666666,0.537037037037037,0.5761204126500937,0.5199315068493154,1.5214511265532986,Medium,0.5199315068493154,Stress_Induced
544:30,0.9246575342465775,0.2666666666666666,0.537037037037037,0.5761204126500937,0.5199315068493154,1.5214511265532986,Medium,0.5199315068493154,Stress_Induced
545:00,0.9246575342465775,0.2666666666666666,0.5555555555555556,0.5822932521562666,0.5282648401826489,1.54495970471473,Medium,0.5282648401826487,Stress_Induced
545:30,0.9246575342465775,0.33333333333333304,0.574074074074074,0.6106883138846615,0.5599315068493154,1.6382988926095727,Medium,0.5599315068493154,Stress_Induced
546:00,0.9246575342465775,0.33333333333333304,0.574074074074074,0.6106883138846615,0.5599315068493154,1.6382988926095727,Medium,0.5599315068493154,Stress_Induced
546:30,0.9246575342465775,0.33333333333333304,0.5925925925925926,0.6168611533908344,0.5682648401826487,1.663612934511102,Medium,0.5682648401826487,Stress_Induced
547:00,0.9246575342465775,0.33333333333333304,0.574074074074074,0.6106883138846615,0.5599315068493154,1.6382988926095727,Medium,0.5599315068493154,Stress_Induced
547:30,0.9246575342465775,0.33333333333333304,0.574074074074074,0.6106883138846615,0.5599315068493154,1.6382988926095727,Medium,0.5599315068493154,Stress_Induced
548:00,0.9246575342465775,0.33333333333333304,0.5925925925925926,0.6168611533908344,0.5682648401826487,1.663612934511102,Medium,0.5682648401826487,Stress_Induced
548:30,0.9246575342465775,0.33333333333333304,0.6111111111111112,0.6230339928970072,0.5765981735159821,1.6893181142692717,Medium,0.5765981735159821,Stress_Induced
549:00,0.9246575342465775,0.33333333333333304,0.6296296296296295,0.62920683240318,0.5849315068493154,1.7154204755188165,Medium,0.5849315068493154,Stress_Induced
549:30,0.9246575342465775,0.33333333333333304,0.6481481481481481,0.6353796719093529,0.5932648401826487,1.7419261552772,Medium,0.5932648401826487,Stress_Induced
550:00,0.9246575342465775,0.40000000000000036,0.6666666666666667,0.6637747336377482,0.6249315068493156,1.8477897929193607,High,0.6249315068493156,Stress_Induced
550:30,0.9246575342465775,0.40000000000000036,0.6666666666666667,0.6637747336377482,0.6249315068493156,1.8477897929193607,High,0.6249315068493156,Stress_Induced
551:00,0.9246575342465775,0.40000000000000036,0.6851851851851851,0.669947573143921,0.633264840182649,1.8763407664042246,High,0.633264840182649,Stress_Induced
551:30,0.9246575342465775,0.40000000000000036,0.7037037037037037,0.6761204126500938,0.6415981735159824,1.9053328929304454,High,0.6415981735159823,Stress_Induced
552:00,0.9246575342465775,0.40000000000000036,0.7222222222222223,0.6822932521562667,0.6499315068493157,1.9347729889383092,High,0.6499315068493157,Stress_Induced
552:30,0.9246575342465775,0.40000000000000036,0.7222222222222223,0.6822932521562667,0.6499315068493157,1.9347729889383092,High,0.6499315068493157,Stress_Induced
553:00,0.9246575342465775,0.40000000000000036,0.7037037037037037,0.6761204126500938,0.6415981735159824,1.9053328929304454,High,0.6415981735159823,Stress_Induced
553:30,0.9246575342465775,0.40000000000000036,0.7037037037037037,0.6761204126500938,0.6415981735159824,1.9053328929304454,High,0.6415981735159823,Stress_Induced
554:00,0.9246575342465775,0.40000000000000036,0.7037037037037037,0.6761204126500938,0.6415981735159824,1.9053328929304454,High,0.6415981735159823,Stress_Induced
554:30,0.9246575342465775,0.40000000000000036,0.7222222222222223,0.6822932521562667,0.6499315068493157,1.9347729889383092,High,0.6499315068493157,Stress_Induced
555:00,0.9246575342465775,0.4666666666666668,0.7222222222222223,0.7045154743784888,0.6732648401826489,2.021127394525019,High,0.6732648401826489,Stress_Induced
555:30,0.9246575342465775,0.4666666666666668,0.7222222222222223,0.7045154743784888,0.6732648401826489,2.021127394525019,High,0.6732648401826489,Stress_Induced
556:00,0.9246575342465775,0.4666666666666668,0.7222222222222223,0.7045154743784888,0.6732648401826489,2.021127394525019,High,0.6732648401826489,Stress_Induced
556:30,0.9246575342465775,0.4666666666666668,0.6851851851851851,0.6921697953661431,0.6565981735159822,1.9600871761832148,High,0.6565981735159822,Stress_Induced
557:00,1.0,0.4666666666666668,0.6111111111111112,0.6925925925925926,0.6383333333333334,1.8434815049023547,High,0.6383333333333334,Stress_Induced
557:30,0.9246575342465775,0.4666666666666668,0.537037037037037,0.6427870793167604,0.5899315068493155,1.7338127100727432,Medium,0.5899315068493155,Stress_Induced
558:00,0.9246575342465775,0.4666666666666668,0.537037037037037,0.6427870793167604,0.5899315068493155,1.7338127100727432,Medium,0.5899315068493155,Stress_Induced
558:30,0.9246575342465775,0.4666666666666668,0.5555555555555556,0.6489599188229332,0.5982648401826488,1.76060257594531,High,0.5982648401826488,Stress_Induced
559:00,0.9246575342465775,0.4666666666666668,0.5185185185185186,0.6366142398105876,0.5815981735159822,1.707430486971621,Medium,0.5815981735159822,Stress_Induced
559:30,0.9246575342465775,0.40000000000000036,0.5,0.6082191780821926,0.5499315068493156,1.6096083196100612,Medium,0.5499315068493156,Stress_Induced
560:00,0.9246575342465775,0.40000000000000036,0.5,0.6082191780821926,0.5499315068493156,1.6096083196100612,Medium,0.5499315068493156,Stress_Induced
560:30,0.9246575342465775,0.40000000000000036,0.462962962962963,0.595873499069847,0.533264840182649,1.5609964193706543,Medium,0.533264840182649,Stress_Induced
561:00,0.9246575342465775,0.40000000000000036,0.42592592592592604,0.5835278200575013,0.5165981735159824,1.5138526507357475,Medium,0.5165981735159823,Stress_Induced
561:30,0.9246575342465775,0.40000000000000036,0.40740740740740744,0.5773549805513284,0.508264840182649,1.4908174069969584,Medium,0.508264840182649,Stress_Induced
562:00,0.9246575342465775,0.40000000000000036,0.35185185185185186,0.5588364620328099,0.4832648401826489,1.4237934907635426,Medium,0.4832648401826489,Stress_Induced
562:30,0.9246575342465775,0.40000000000000036,0.35185185185185186,0.5588364620328099,0.4832648401826489,1.4237934907635426,Medium,0.4832648401826489,Stress_Induced
563:00,0.849315068493155,0.40000000000000036,0.38888888888888884,0.5460679857940147,0.4848630136986311,1.4681326745538672,Medium,0.48486301369863105,Stress_Induced
563:30,0.849315068493155,0.40000000000000036,0.38888888888888884,0.5460679857940147,0.4848630136986311,1.4681326745538672,Medium,0.48486301369863105,Stress_Induced
564:00,0.849315068493155,1.0,0.40740740740740744,0.7522408253001874,0.7031963470319643,1.93930903325535,High,0.7031963470319643,Stress_Induced
564:30,0.849315068493155,1.0,0.40740740740740744,0.7522408253001874,0.7031963470319643,1.93930903325535,High,0.7031963470319643,Stress_Induced
565:00,0.849315068493155,1.0,0.42592592592592604,0.7584136648063603,0.7115296803652977,1.9692741088281251,High,0.7115296803652977,Stress_Induced
565:30,0.849315068493155,1.0,0.4444444444444444,0.7645865043125332,0.7198630136986309,1.9997021873254908,High,0.719863013698631,Stress_Induced
566:00,0.9246575342465775,1.0,0.4444444444444444,0.7897006595636741,0.7349315068493154,1.9997021873254908,High,0.7349315068493155,Stress_Induced
566:30,0.9246575342465775,1.0,0.462962962962963,0.7958734990698467,0.7432648401826488,2.030600422799425,High,0.7432648401826489,Stress_Induced
567:00,0.849315068493155,1.0,0.4814814814814814,0.7769321833248788,0.7365296803652976,2.061976079842158,High,0.7365296803652976,Stress_Induced
567:30,0.9246575342465775,1.0,0.5,0.8082191780821925,0.7599315068493154,2.0938365352941744,High,0.7599315068493155,Stress_Induced
568:00,0.9246575342465775,1.0,0.4444444444444444,0.7897006595636741,0.7349315068493154,1.9997021873254908,High,0.7349315068493155,Stress_Induced
568:30,0.9246575342465775,0.33333333333333304,0.38888888888888884,0.5489599188229332,0.476598173515982,1.4054054438127679,Medium,0.476598173515982,Stress_Induced
569:00,0.9246575342465775,0.33333333333333304,0.35185185185185186,0.5366142398105874,0.4599315068493154,1.3629606897703084,Medium,0.4599315068493154,Stress_Induced
569:30,0.9246575342465775,0.33333333333333304,0.3148148148148149,0.5242685607982418,0.4432648401826488,1.32179781289266,Low,0.4432648401826488,Stress_Induced
570:00,0.9246575342465775,0.33333333333333304,0.33333333333333326,0.5304414003044146,0.45159817351598197,1.3422214641396046,Medium,0.45159817351598197,Stress_Induced
570:30,0.9246575342465775,0.33333333333333304,0.35185185185185186,0.5366142398105874,0.4599315068493154,1.3629606897703084,Medium,0.4599315068493154,Stress_Induced
571:00,0.9246575342465775,0.33333333333333304,0.35185185185185186,0.5366142398105874,0.4599315068493154,1.3629606897703084,Medium,0.4599315068493154,Stress_Induced
571:30,0.9246575342465775,0.33333333333333304,0.37037037037037046,0.5427870793167603,0.4682648401826488,1.3840203658566577,Medium,0.4682648401826487,Stress_Induced
572:00,0.9246575342465775,0.33333333333333304,0.37037037037037046,0.5427870793167603,0.4682648401826488,1.3840203658566577,Medium,0.4682648401826487,Stress_Induced
572:30,0.9246575342465775,0.33333333333333304,0.35185185185185186,0.5366142398105874,0.4599315068493154,1.3629606897703084,Medium,0.4599315068493154,Stress_Induced
573:00,0.9246575342465775,0.33333333333333304,0.33333333333333326,0.5304414003044146,0.45159817351598197,1.3422214641396046,Medium,0.45159817351598197,Stress_Induced
573:30,0.9246575342465775,0.33333333333333304,0.33333333333333326,0.5304414003044146,0.45159817351598197,1.3422214641396046,Medium,0.45159817351598197,Stress_Induced
574:00,0.9246575342465775,0.33333333333333304,0.35185185185185186,0.5366142398105874,0.4599315068493154,1.3629606897703084,Medium,0.4599315068493154,Stress_Induced
574:30,0.9246575342465775,0.33333333333333304,0.35185185185185186,0.5366142398105874,0.4599315068493154,1.3629606897703084,Medium,0.4599315068493154,Stress_Induced
575:00,0.849315068493155,0.33333333333333304,0.37037037037037046,0.5176729240656195,0.45319634703196426,1.3840203658566577,Medium,0.4531963470319642,Stress_Induced
575:30,0.849315068493155,0.33333333333333304,0.33333333333333326,0.5053272450532738,0.4365296803652975,1.3422214641396046,Medium,0.4365296803652975,Stress_Induced
576:00,0.9246575342465775,0.33333333333333304,0.2777777777777777,0.5119228817858961,0.42659817351598206,1.2818780991124958,Low,0.42659817351598195,Stress_Induced
576:30,0.9246575342465775,0.33333333333333304,0.2592592592592593,0.5057500422797233,0.41826484018264876,1.2754860900119103,Low,0.4182648401826487,Stress_Induced
577:00,0.9246575342465775,0.33333333333333304,0.2407407407407407,0.4995772027735504,0.40993150684931534,1.2754860900119103,Low,0.40993150684931534,Stress_Induced
577:30,0.849315068493155,0.33333333333333304,0.22222222222222232,0.4682902080162368,0.3865296803652976,1.2754860900119103,Low,0.38652968036529756,Stress_Induced
578:00,0.849315068493155,0.666666666666667,0.22222222222222232,0.579401319127348,0.5031963470319645,1.5866973316279214,Medium,0.5031963470319645,Stress_Induced
578:30,0.849315068493155,0.666666666666667,0.20370370370370372,0.5732284796211752,0.49486301369863106,1.5866973316279214,Medium,0.49486301369863106,Stress_Induced
579:00,0.849315068493155,0.666666666666667,0.22222222222222232,0.579401319127348,0.5031963470319645,1.5866973316279214,Medium,0.5031963470319645,Stress_Induced
579:30,0.849315068493155,0.666666666666667,0.22222222222222232,0.579401319127348,0.5031963470319645,1.5866973316279214,Medium,0.5031963470319645,Stress_Induced
580:00,0.849315068493155,0.666666666666667,0.22222222222222232,0.579401319127348,0.5031963470319645,1.5866973316279214,Medium,0.5031963470319645,Stress_Induced
580:30,0.849315068493155,0.666666666666667,0.22222222222222232,0.579401319127348,0.5031963470319645,1.5866973316279214,Medium,0.5031963470319645,Stress_Induced
581:00,0.849315068493155,0.666666666666667,0.22222222222222232,0.579401319127348,0.5031963470319645,1.5866973316279214,Medium,0.5031963470319645,Stress_Induced
581:30,0.849315068493155,0.666666666666667,0.2407407407407407,0.5855741586335209,0.5115296803652978,1.5866973316279214,Medium,0.5115296803652978,Stress_Induced
