Timestamp,Object Temperature(F),Heart Rate Ear(BPM),GSR,Feature_Mean,Weighted_Stress,QuantityIndex_Stress,StressIndex_Level,Predicted_Stress,Condition
00:00,0.0702028081123256,0.08000000000000007,0.9241379310344827,0.3581135797156028,0.4579026305879824,1.568312185490169,Medium,0.4579026305879824,Base
00:30,0.0702028081123256,0.08000000000000007,0.9310344827586207,0.3604124302903154,0.4610060788638445,1.568312185490169,Medium,0.4610060788638445,Base
01:00,0.0702028081123256,0.08000000000000007,0.9448275862068966,0.3650101314397407,0.4672129754155686,1.568312185490169,Medium,0.46721297541556867,Base
01:30,0.05148205928237104,0.08000000000000007,0.9517241379310345,0.3610687324044686,0.46657227392543976,1.568312185490169,Medium,0.4665722739254398,Base
02:00,0.0702028081123256,0.08000000000000007,0.9586206896551724,0.369607832589166,0.4734198719672928,1.568312185490169,Medium,0.4734198719672928,Base
02:30,0.0702028081123256,0.08000000000000007,0.9655172413793104,0.3719066831638787,0.47652332024315486,1.568312185490169,Medium,0.47652332024315486,Base
03:00,0.0702028081123256,0.08000000000000007,0.9724137931034481,0.3742055337385913,0.4796267685190168,1.568312185490169,Medium,0.4796267685190168,Base
03:30,0.05148205928237104,0.08000000000000007,0.979310344827586,0.37026413470331904,0.47898606702888796,1.568312185490169,Medium,0.478986067028888,Base
04:00,0.05148205928237104,0.08000000000000007,0.979310344827586,0.37026413470331904,0.47898606702888796,1.568312185490169,Medium,0.478986067028888,Base
04:30,0.05148205928237104,0.08000000000000007,0.986206896551724,0.3725629852780317,0.4820895153047501,1.568312185490169,Medium,0.4820895153047501,Base
05:00,0.05148205928237104,0.0,0.9931034482758619,0.3481951691860776,0.4571929635806121,1.568312185490169,Medium,0.4571929635806121,Base
05:30,0.05148205928237104,0.0,0.9999999999999999,0.35049401976079037,0.4602964118564742,1.568312185490169,Medium,0.4602964118564742,Base
06:00,0.05148205928237104,0.0,0.9999999999999999,0.35049401976079037,0.4602964118564742,1.568312185490169,Medium,0.4602964118564742,Base
06:30,0.05148205928237104,0.0,0.986206896551724,0.34589631861136505,0.45408951530475006,1.568312185490169,Medium,0.45408951530475006,Base
07:00,0.05148205928237104,0.0,0.9379310344827586,0.32980436458837653,0.4323653773737156,1.568312185490169,Medium,0.4323653773737156,Base
07:30,0.05148205928237104,0.0,0.9034482758620689,0.3183101117148133,0.41684813599440523,1.568312185490169,Medium,0.4168481359944053,Base
08:00,0.05148205928237104,0.0,0.8551724137931035,0.30221815769182486,0.3951239980633708,1.568312185490169,Medium,0.39512399806337084,Base
08:30,0.05148205928237104,0.0,0.793103448275862,0.28152850251941103,0.36719296358061215,1.568312185490169,Medium,0.3671929635806122,Base
09:00,0.03432137285491521,0.0,0.7379310344827587,0.257417469112558,0.33893324008822445,1.546449025590031,Medium,0.33893324008822456,Base
09:30,0.03432137285491521,0.43999999999999995,0.696551724137931,0.3902910323309487,0.474312550433052,1.9387073909582,Medium,0.474312550433052,Base
10:00,0.03432137285491521,0.43999999999999995,0.696551724137931,0.3902910323309487,0.474312550433052,1.9387073909582,Medium,0.474312550433052,Base
10:30,0.03432137285491521,0.43999999999999995,0.7103448275862069,0.39488873348037395,0.4805194469847761,1.9628075572524248,High,0.4805194469847761,Base
11:00,0.03432137285491521,0.43999999999999995,0.7172413793103448,0.3971875840550867,0.4836228952606382,1.9749697550932548,High,0.4836228952606383,Base
11:30,0.03432137285491521,0.43999999999999995,0.7241379310344828,0.39948643462979927,0.48672634353650024,1.9872073138912876,High,0.48672634353650035,Base
12:00,0.03432137285491521,0.43999999999999995,0.7241379310344828,0.39948643462979927,0.48672634353650024,1.9872073138912876,High,0.48672634353650035,Base
12:30,0.03432137285491521,0.43999999999999995,0.7310344827586207,0.401785285204512,0.48982979181236236,1.9995207006076718,High,0.4898297918123624,Base
13:00,0.03432137285491521,0.8000000000000003,0.7241379310344828,0.5194864346297994,0.6127263435365004,2.1675704535617246,High,0.6127263435365004,Base
13:30,0.03432137285491521,0.8000000000000003,0.7034482758620689,0.5125898829056615,0.6034159987089142,2.127771753418223,High,0.6034159987089142,Base
14:00,0.017160686427457605,0.8000000000000003,0.696551724137931,0.5045708035217963,0.5968804131475606,2.1146685750234835,High,0.5968804131475606,Base
14:30,0.017160686427457605,0.8000000000000003,0.696551724137931,0.5045708035217963,0.5968804131475606,2.1146685750234835,High,0.5968804131475606,Base
15:00,0.017160686427457605,0.8000000000000003,0.696551724137931,0.5045708035217963,0.5968804131475606,2.1146685750234835,High,0.5968804131475606,Base
15:30,0.017160686427457605,0.8000000000000003,0.7103448275862069,0.5091685046712215,0.6030873096992847,2.1409561233935595,High,0.6030873096992847,Base
16:00,0.017160686427457605,0.8000000000000003,0.7241379310344828,0.5137662058206468,0.6092942062510088,2.1675704535617246,High,0.6092942062510088,Base
16:30,0.017160686427457605,0.8000000000000003,0.7103448275862069,0.5091685046712215,0.6030873096992847,2.1409561233935595,High,0.6030873096992847,Base
17:00,0.017160686427457605,0.48,0.689655172413793,0.3956052862804169,0.48177696487169835,2.0050593175142177,High,0.4817769648716984,Base
17:30,0.017160686427457605,0.48,0.7103448275862069,0.4025018380045548,0.4910873096992846,2.0425627548164034,High,0.4910873096992846,Base
18:00,0.017160686427457605,0.48,0.7310344827586207,0.4093983897286928,0.5003976545268709,2.0807676715198182,High,0.5003976545268709,Base
18:30,0.0,0.48,0.7448275862068966,0.40827586206896554,0.5031724137931035,2.1066337961021824,High,0.5031724137931035,Base
19:00,0.0,0.48,0.7379310344827587,0.40597701149425286,0.5000689655172414,2.093660788824325,High,0.5000689655172414,Base
19:30,0.017160686427457605,0.48,0.7241379310344828,0.40709953915398006,0.49729420625100873,2.067953952212693,High,0.49729420625100884,Base
20:00,0.0,0.48,0.7379310344827587,0.40597701149425286,0.5000689655172414,2.093660788824325,High,0.5000689655172414,Base
20:30,0.0,0.48,0.7448275862068966,0.40827586206896554,0.5031724137931035,2.1066337961021824,High,0.5031724137931035,Base
21:00,0.0,0.6400000000000001,0.7586206896551723,0.4662068965517241,0.5653793103448276,2.225540928492468,High,0.5653793103448276,Base
21:30,0.0,0.6400000000000001,0.7586206896551723,0.4662068965517241,0.5653793103448276,2.225540928492468,High,0.5653793103448276,Base
22:00,0.0,0.6400000000000001,0.7655172413793102,0.46850574712643683,0.5684827586206896,2.225540928492468,High,0.5684827586206896,Base
22:30,0.0,0.6400000000000001,0.7793103448275861,0.4731034482758621,0.5746896551724138,2.225540928492468,High,0.5746896551724138,Base
23:00,0.0,0.6400000000000001,0.793103448275862,0.4777011494252874,0.580896551724138,2.225540928492468,High,0.5808965517241379,Base
23:30,0.0,0.6400000000000001,0.7999999999999999,0.48,0.5840000000000001,2.225540928492468,High,0.584,Base
24:00,0.0,0.6400000000000001,0.8137931034482758,0.4845977011494253,0.5902068965517242,2.225540928492468,High,0.5902068965517241,Base
24:30,0.0,0.6400000000000001,0.8068965517241379,0.4822988505747127,0.5871034482758621,2.225540928492468,High,0.587103448275862,Base
25:00,0.0,0.6400000000000001,0.786206896551724,0.47540229885057467,0.5777931034482758,2.225540928492468,High,0.5777931034482758,Base
25:30,0.0,0.1200000000000001,0.793103448275862,0.304367816091954,0.39889655172413796,1.568312185490169,Medium,0.39889655172413807,Base
26:00,0.0,0.1200000000000001,0.8068965517241379,0.30896551724137933,0.4051034482758621,1.568312185490169,Medium,0.4051034482758622,Base
26:30,0.0,0.1200000000000001,0.8206896551724138,0.31356321839080464,0.4113103448275862,1.568312185490169,Medium,0.4113103448275863,Base
27:00,0.0,0.1200000000000001,0.8275862068965517,0.3158620689655173,0.41441379310344834,1.568312185490169,Medium,0.41441379310344845,Base
27:30,0.0,0.1200000000000001,0.8206896551724138,0.31356321839080464,0.4113103448275862,1.568312185490169,Medium,0.4113103448275863,Base
28:00,0.0,0.1200000000000001,0.7793103448275861,0.29977011494252875,0.3926896551724138,1.568312185490169,Medium,0.3926896551724139,Base
28:30,0.0,0.1200000000000001,0.7448275862068966,0.28827586206896555,0.3771724137931035,1.5560313297392532,Medium,0.3771724137931036,Base
29:00,0.0,0.1200000000000001,0.7448275862068966,0.28827586206896555,0.3771724137931035,1.5560313297392532,Medium,0.3771724137931036,Base
29:30,0.0,0.1200000000000001,0.7448275862068966,0.28827586206896555,0.3771724137931035,1.5560313297392532,Medium,0.3771724137931036,Base
30:00,0.0,0.56,0.7448275862068966,0.43494252873563227,0.5311724137931035,2.2081135646273884,High,0.5311724137931035,Base
30:30,0.0,0.56,0.7517241379310343,0.43724137931034485,0.5342758620689654,2.2217957587522217,High,0.5342758620689655,Base
31:00,0.0,0.56,0.7655172413793102,0.4418390804597701,0.5404827586206896,2.225540928492468,High,0.5404827586206896,Base
31:30,0.0,0.56,0.7724137931034482,0.4441379310344827,0.5435862068965517,2.225540928492468,High,0.5435862068965517,Base
32:00,0.0,0.56,0.786206896551724,0.448735632183908,0.5497931034482758,2.225540928492468,High,0.5497931034482759,Base
32:30,0.0,0.56,0.793103448275862,0.45103448275862074,0.552896551724138,2.225540928492468,High,0.552896551724138,Base
33:00,0.0,0.56,0.786206896551724,0.448735632183908,0.5497931034482758,2.225540928492468,High,0.5497931034482759,Base
33:30,0.0,0.56,0.786206896551724,0.448735632183908,0.5497931034482758,2.225540928492468,High,0.5497931034482759,Base
34:00,0.0,0.56,0.7999999999999999,0.4533333333333333,0.556,2.225540928492468,High,0.556,Base
34:30,0.0,0.2400000000000002,0.8137931034482758,0.351264367816092,0.4502068965517242,1.6719262050498367,Medium,0.45020689655172424,Base
35:00,0.0,0.2400000000000002,0.8275862068965517,0.35586206896551725,0.4564137931034484,1.6719262050498367,Medium,0.45641379310344843,Base
35:30,0.0,0.2400000000000002,0.8275862068965517,0.35586206896551725,0.4564137931034484,1.6719262050498367,Medium,0.45641379310344843,Base
36:00,0.0,0.2400000000000002,0.8275862068965517,0.35586206896551725,0.4564137931034484,1.6719262050498367,Medium,0.45641379310344843,Base
36:30,0.017160686427457605,0.2400000000000002,0.8413793103448276,0.3661799989240951,0.466052826940664,1.6719262050498367,Medium,0.4660528269406641,Base
37:00,0.017160686427457605,0.2400000000000002,0.8551724137931035,0.3707777000735204,0.47225972349238815,1.6719262050498367,Medium,0.4722597234923882,Base
37:30,0.017160686427457605,0.2400000000000002,0.8620689655172414,0.37307655064823314,0.47536317176825027,1.6719262050498367,Medium,0.47536317176825027,Base
38:00,0.017160686427457605,0.2400000000000002,0.8689655172413792,0.3753754012229457,0.4784666200441122,1.6719262050498367,Medium,0.4784666200441123,Base
38:30,0.017160686427457605,0.2400000000000002,0.8758620689655171,0.3776742517976583,0.4815700683199743,1.6719262050498367,Medium,0.48157006831997434,Base
39:00,0.017160686427457605,0.2400000000000002,0.8758620689655171,0.3776742517976583,0.4815700683199743,1.6719262050498367,Medium,0.48157006831997434,Base
39:30,0.017160686427457605,0.040000000000000036,0.889655172413793,0.3156052862804169,0.4177769648716984,1.568312185490169,Medium,0.41777696487169846,Base
40:00,0.017160686427457605,0.040000000000000036,0.8965517241379309,0.3179041368551295,0.4208804131475605,1.568312185490169,Medium,0.42088041314756053,Base
40:30,0.017160686427457605,0.040000000000000036,0.8965517241379309,0.3179041368551295,0.4208804131475605,1.568312185490169,Medium,0.42088041314756053,Base
41:00,0.017160686427457605,0.040000000000000036,0.889655172413793,0.3156052862804169,0.4177769648716984,1.568312185490169,Medium,0.41777696487169846,Base
41:30,0.03432137285491521,0.040000000000000036,0.8689655172413792,0.31442896336543147,0.4118987573296037,1.568312185490169,Medium,0.4118987573296038,Base
42:00,0.03432137285491521,0.040000000000000036,0.8620689655172414,0.3121301127907189,0.40879530905374173,1.568312185490169,Medium,0.4087953090537418,Base
42:30,0.03432137285491521,0.040000000000000036,0.8689655172413792,0.31442896336543147,0.4118987573296037,1.568312185490169,Medium,0.4118987573296038,Base
43:00,0.03432137285491521,0.040000000000000036,0.8758620689655171,0.3167278139401441,0.41500220560546575,1.568312185490169,Medium,0.41500220560546586,Base
43:30,0.03432137285491521,0.3999999999999999,0.8620689655172414,0.4321301127907189,0.5347953090537416,1.9606851201381967,High,0.5347953090537417,Base
44:00,0.03432137285491521,0.3999999999999999,0.8551724137931035,0.42983126221600615,0.5316918607778796,1.9606851201381967,High,0.5316918607778797,Base
44:30,0.05148205928237104,0.3999999999999999,0.8620689655172414,0.43785034159987085,0.5382274463392328,1.9606851201381967,High,0.5382274463392329,Base
45:00,0.05148205928237104,0.3999999999999999,0.8413793103448276,0.4309537898757328,0.5289171015116466,1.9606851201381967,High,0.5289171015116467,Base
45:30,0.05148205928237104,0.3999999999999999,0.8275862068965517,0.42635608872630754,0.5227102049599225,1.9606851201381967,High,0.5227102049599226,Base
46:00,0.05148205928237104,0.3999999999999999,0.8275862068965517,0.42635608872630754,0.5227102049599225,1.9606851201381967,High,0.5227102049599226,Base
46:30,0.05148205928237104,0.3999999999999999,0.8344827586206897,0.4286549393010202,0.5258136532357846,1.9606851201381967,High,0.5258136532357847,Base
47:00,0.05148205928237104,0.3999999999999999,0.8206896551724138,0.42405723815159496,0.5196067566840604,1.9606851201381967,High,0.5196067566840604,Base
47:30,0.05148205928237104,0.3999999999999999,0.7999999999999999,0.4171606864274569,0.5102964118564741,1.9606851201381967,High,0.5102964118564742,Base
48:00,0.0702028081123256,0.3999999999999999,0.7999999999999999,0.4234009360374418,0.514040561622465,1.9606851201381967,High,0.5140405616224651,Base
48:30,0.0702028081123256,0.3999999999999999,0.7999999999999999,0.4234009360374418,0.514040561622465,1.9606851201381967,High,0.5140405616224651,Base
49:00,0.0702028081123256,0.3999999999999999,0.8137931034482758,0.4279986371868671,0.5202474581741893,1.9606851201381967,High,0.5202474581741893,Base
49:30,0.0702028081123256,0.3999999999999999,0.8206896551724138,0.4302974877615798,0.5233509064500513,1.9606851201381967,High,0.5233509064500513,Base
50:00,0.0702028081123256,0.3999999999999999,0.8206896551724138,0.4302974877615798,0.5233509064500513,1.9606851201381967,High,0.5233509064500513,Base
50:30,0.0873634945397832,0.3999999999999999,0.8206896551724138,0.43601771657073235,0.5267830437355429,1.9606851201381967,High,0.5267830437355429,Base
51:00,0.0873634945397832,0.3999999999999999,0.8137931034482758,0.4337188659960196,0.5236795954596808,1.9606851201381967,High,0.5236795954596808,Base
51:30,0.0873634945397832,0.3999999999999999,0.8137931034482758,0.4337188659960196,0.5236795954596808,1.9606851201381967,High,0.5236795954596808,Base
52:00,0.0873634945397832,0.7200000000000002,0.8206896551724138,0.5426843832373991,0.638783043735543,2.225540928492468,High,0.6387830437355428,Base
52:30,0.0873634945397832,0.7200000000000002,0.8275862068965517,0.5449832338121117,0.641886492011405,2.225540928492468,High,0.641886492011405,Base
53:00,0.0873634945397832,0.7200000000000002,0.8275862068965517,0.5449832338121117,0.641886492011405,2.225540928492468,High,0.641886492011405,Base
53:30,0.10452418096723903,0.7200000000000002,0.8206896551724138,0.548404612046551,0.6422151810210341,2.225540928492468,High,0.6422151810210339,Base
54:00,0.10452418096723903,0.7200000000000002,0.8206896551724138,0.548404612046551,0.6422151810210341,2.225540928492468,High,0.6422151810210339,Base
54:30,0.10452418096723903,0.7200000000000002,0.8344827586206897,0.5530023131959764,0.6484220775727583,2.225540928492468,High,0.6484220775727582,Base
55:00,0.10452418096723903,0.7200000000000002,0.8413793103448276,0.5553011637706889,0.6515255258486203,2.225540928492468,High,0.6515255258486202,Base
55:30,0.12324492979719359,0.7200000000000002,0.8413793103448276,0.5615414133806738,0.6552696756146112,2.225540928492468,High,0.6552696756146111,Base
56:00,0.12324492979719359,0.7200000000000002,0.8413793103448276,0.5615414133806738,0.6552696756146112,2.225540928492468,High,0.6552696756146111,Base
56:30,0.12324492979719359,0.16000000000000014,0.8482758620689655,0.3771735972887198,0.46237312389047325,1.568312185490169,Medium,0.4623731238904733,Base
57:00,0.12324492979719359,0.16000000000000014,0.8551724137931035,0.37947244786343237,0.4654765721663353,1.568312185490169,Medium,0.46547657216633537,Base
57:30,0.1404056162246512,0.16000000000000014,0.8620689655172414,0.38749152724729763,0.47201215772768895,1.568312185490169,Medium,0.47201215772768895,Base
58:00,0.1404056162246512,0.16000000000000014,0.8551724137931035,0.3851926766725849,0.46890870945182683,1.568312185490169,Medium,0.4689087094518269,Base
58:30,0.1404056162246512,0.16000000000000014,0.8344827586206897,0.37829612494844705,0.45959836462424064,1.568312185490169,Medium,0.4595983646242407,Base
59:00,0.15756630265210703,0.16000000000000014,0.8344827586206897,0.38401635375759896,0.46303050190973183,1.568312185490169,Medium,0.46303050190973183,Base
59:30,0.15756630265210703,0.16000000000000014,0.8482758620689655,0.3886140549070243,0.46923739846145596,1.568312185490169,Medium,0.46923739846145596,Base
60:00,0.15756630265210703,0.16000000000000014,0.8551724137931035,0.39091290548173685,0.472340846737318,1.568312185490169,Medium,0.472340846737318,Base
60:30,0.15756630265210703,0.31999999999999984,0.8620689655172414,0.4465450893897828,0.53144429501318,1.8105581548821725,Medium,0.53144429501318,Base
61:00,0.15756630265210703,0.31999999999999984,0.8689655172413792,0.4488439399644954,0.534547743289042,1.8105581548821725,Medium,0.534547743289042,Base
61:30,0.15756630265210703,0.31999999999999984,0.8689655172413792,0.4488439399644954,0.534547743289042,1.8105581548821725,Medium,0.534547743289042,Base
62:00,0.17472698907956463,0.31999999999999984,0.8482758620689655,0.44766761704951,0.5286695357469473,1.8105581548821725,Medium,0.5286695357469474,Base
62:30,0.17472698907956463,0.31999999999999984,0.786206896551724,0.42697796187709613,0.5007385012641886,1.8105581548821725,Medium,0.5007385012641887,Base
63:00,0.17472698907956463,0.31999999999999984,0.7310344827586207,0.4085871572793951,0.4759109150572922,1.7743236590632705,Medium,0.4759109150572922,Base
63:30,0.19344773790951564,0.31999999999999984,0.7103448275862069,0.40793085516524075,0.47034471999569616,1.7417453522550446,Medium,0.47034471999569616,Base
64:00,0.19344773790951564,0.31999999999999984,0.7241379310344828,0.41252855631466606,0.4765516165474203,1.7633970738234,Medium,0.4765516165474204,Base
64:30,0.19344773790951564,0.31999999999999984,0.7310344827586207,0.41482740688937875,0.4796550648232824,1.7743236590632705,Medium,0.47965506482328246,Base
65:00,0.19344773790951564,0.3599999999999999,0.7034482758620689,0.41896533792386154,0.4812412717198341,1.8013562869588073,Medium,0.4812412717198341,Base
65:30,0.19344773790951564,0.3599999999999999,0.6689655172413792,0.4074710850502982,0.46572403034052373,1.7465699385931435,Medium,0.4657240303405238,Base
66:00,0.19344773790951564,0.3599999999999999,0.6689655172413792,0.4074710850502982,0.46572403034052373,1.7465699385931435,Medium,0.4657240303405238,Base
66:30,0.21060842433697324,0.3599999999999999,0.6758620689655171,0.4154901644341635,0.4722596159018773,1.7573922573974132,Medium,0.47225961590187737,Base
67:00,0.21060842433697324,0.3599999999999999,0.689655172413793,0.42008786558358874,0.47846651245360144,1.7792384864080366,Medium,0.4784665124536015,Base
67:30,0.21060842433697324,0.3599999999999999,0.6689655172413792,0.41319131385945074,0.46915616762601525,1.7465699385931435,Medium,0.46915616762601525,Base
68:00,0.21060842433697324,0.3599999999999999,0.6137931034482759,0.3948005092617497,0.44432858141911874,1.662356473890232,Medium,0.4443285814191188,Base
68:30,0.22776911076443085,0.3599999999999999,0.5862068965517241,0.39132533577205164,0.43534692560116195,1.6217848836452666,Medium,0.435346925601162,Base
69:00,0.22776911076443085,0.6000000000000001,0.5517241379310344,0.4598310828984884,0.5038296842218517,1.857398237344294,Medium,0.5038296842218517,Base
69:30,0.22776911076443085,0.6000000000000001,0.5379310344827585,0.4552333817490631,0.4976227876701275,1.8345923304538303,Medium,0.4976227876701275,Base
70:00,0.22776911076443085,0.6000000000000001,0.5517241379310344,0.4598310828984884,0.5038296842218517,1.857398237344294,Medium,0.5038296842218517,Base
70:30,0.24492979719188668,0.6000000000000001,0.5655172413793103,0.4701490128570656,0.513468718059067,1.8804876455775157,Medium,0.513468718059067,Base
71:00,0.24492979719188668,0.6000000000000001,0.5724137931034482,0.47244786343177836,0.5165721663349291,1.8921397623111427,Medium,0.5165721663349291,Base
71:30,0.24492979719188668,0.6000000000000001,0.5793103448275861,0.47474671400649093,0.5196756146107911,1.9038640793725372,Medium,0.5196756146107911,Base
72:00,0.24492979719188668,0.6000000000000001,0.5862068965517241,0.4770455645812037,0.5227790628866532,1.915661044138554,Medium,0.5227790628866532,Base
72:30,0.24492979719188668,0.6000000000000001,0.593103448275862,0.47934441515591625,0.5258825111625153,1.9275311067581407,Medium,0.5258825111625153,Base
73:00,0.2620904836193443,0.6000000000000001,0.5724137931034482,0.4781680922409309,0.5200043036204206,1.8921397623111427,Medium,0.5200043036204206,Base
73:30,0.2620904836193443,0.3599999999999999,0.5241379310344828,0.38207613821794234,0.4142801656893861,1.5340824390438637,Medium,0.41428016568938614,Base
74:00,0.2620904836193443,0.3599999999999999,0.496551724137931,0.37288073591909177,0.4018663725859378,1.496641514009758,Medium,0.4018663725859379,Base
74:30,0.2620904836193443,0.3599999999999999,0.4896551724137931,0.370581885344379,0.3987629243100757,1.4874249423922719,Medium,0.3987629243100758,Base
75:00,0.28081123244929884,0.3599999999999999,0.4758620689655172,0.3722244338049386,0.3963001775243425,1.4691617212581474,Medium,0.3963001775243426,Base
75:30,0.28081123244929884,0.3599999999999999,0.45517241379310336,0.36532788208080075,0.38698983269675624,1.4421864842084886,Medium,0.38698983269675635,Base
76:00,0.28081123244929884,0.3599999999999999,0.45517241379310336,0.36532788208080075,0.38698983269675624,1.4421864842084886,Medium,0.38698983269675635,Base
76:30,0.28081123244929884,0.3599999999999999,0.45517241379310336,0.36532788208080075,0.38698983269675624,1.4421864842084886,Medium,0.38698983269675635,Base
77:00,0.28081123244929884,0.7600000000000002,0.44137931034482747,0.4940635142647089,0.5207829361450322,1.6826019399718781,Medium,0.5207829361450322,Base
77:30,0.28081123244929884,0.7600000000000002,0.4344827586206895,0.49176466368999616,0.5176794878691702,1.6722401925939614,Medium,0.5176794878691702,Base
78:00,0.29797191887675467,0.7600000000000002,0.4275862068965516,0.49518604192443555,0.5180081768787993,1.6687363601237424,Medium,0.5180081768787993,Base
78:30,0.29797191887675467,0.7600000000000002,0.45517241379310336,0.5043814442232861,0.5304219699822476,1.7104825180220942,Medium,0.5304219699822476,Base
79:00,0.29797191887675467,0.7600000000000002,0.4620689655172413,0.5066802947979987,0.5335254182581096,1.7210812273609692,Medium,0.5335254182581096,Base
79:30,0.29797191887675467,0.7600000000000002,0.45517241379310336,0.5043814442232861,0.5304219699822476,1.7104825180220942,Medium,0.5304219699822476,Base
80:00,0.3151326053042123,0.7600000000000002,0.45517241379310336,0.5101016730324387,0.5338541072677391,1.720766145163799,Medium,0.5338541072677391,Base
80:30,0.3151326053042123,0.7600000000000002,0.46896551724137925,0.514699374181864,0.5400610038194632,1.742157073183846,Medium,0.5400610038194632,Base
81:00,0.3151326053042123,0.6000000000000001,0.496551724137931,0.4705614431473812,0.49647479692291147,1.7857399697987852,Medium,0.49647479692291147,Base
81:30,0.3151326053042123,0.6000000000000001,0.5172413793103449,0.477457994871519,0.5057851417504977,1.8191411696587396,Medium,0.5057851417504977,Base
82:00,0.3322932917316699,0.6000000000000001,0.5103448275862069,0.480879373105959,0.5061138307601272,1.8188081354081844,Medium,0.5061138307601272,Base
82:30,0.3322932917316699,0.6000000000000001,0.4620689655172413,0.4647874190829704,0.48438969282909256,1.7418381325843508,Medium,0.4843896928290926,Base
83:00,0.3322932917316699,0.6000000000000001,0.44137931034482747,0.4578908673588325,0.47507934800150636,1.7098562916142772,Medium,0.4750793480015064,Base
83:30,0.3322932917316699,0.6000000000000001,0.46896551724137925,0.46708626965768313,0.4874931411049546,1.7526311315703784,Medium,0.4874931411049547,Base
84:00,0.35101404056162266,0.6000000000000001,0.48275862068965514,0.47792422041709265,0.4974441874226694,1.7860591850399588,Medium,0.4974441874226694,Base
84:30,0.35101404056162266,0.6000000000000001,0.496551724137931,0.48252192156651796,0.5036510839743935,1.8082617740286542,Medium,0.5036510839743935,Base
85:00,0.35101404056162266,0.8000000000000003,0.5103448275862069,0.55378628938261,0.5798579805261177,1.8307403644857947,Medium,0.5798579805261177,Base
85:30,0.35101404056162266,0.8000000000000003,0.5172413793103449,0.5560851399573226,0.5829614288019798,1.8420842307888354,Medium,0.5829614288019798,Base
86:00,0.36817472698908027,0.8000000000000003,0.503448275862069,0.5572076676170498,0.5801866695357472,1.8304052067446492,Medium,0.5801866695357472,Base
86:30,0.36817472698908027,0.8000000000000003,0.4896551724137931,0.5526099664676245,0.573979772984023,1.8079307314934374,Medium,0.573979772984023,Base
87:00,0.36817472698908027,0.8000000000000003,0.503448275862069,0.5572076676170498,0.5801866695357472,1.8304052067446492,Medium,0.5801866695357472,Base
87:30,0.36817472698908027,0.8000000000000003,0.5310344827586205,0.5664030699159004,0.5926004626391953,1.8761957741492334,Medium,0.5926004626391953,Base
88:00,0.3853354134165379,0.8000000000000003,0.5310344827586205,0.572123298725053,0.5960325999246869,1.887475689367837,Medium,0.5960325999246868,Base
88:30,0.3853354134165379,0.8000000000000003,0.5241379310344828,0.5698244481503404,0.5929291516488249,1.8758522947843772,Medium,0.5929291516488249,Base
89:00,0.3853354134165379,0.8000000000000003,0.5241379310344828,0.5698244481503404,0.5929291516488249,1.8758522947843772,Medium,0.5929291516488249,Base
89:30,0.3853354134165379,0.16000000000000014,0.5310344827586205,0.35878996539171953,0.37203259992468685,1.3300816379311329,Low,0.37203259992468696,Base
90:00,0.4024960998439937,0.16000000000000014,0.5517241379310344,0.3714067459250094,0.3847750820377642,1.3631062037902888,Low,0.38477508203776434,Base
90:30,0.4024960998439937,0.16000000000000014,0.5655172413793103,0.37600444707443464,0.39098197858948847,1.3800510436053364,Low,0.3909819785894885,Base
91:00,0.4024960998439937,0.16000000000000014,0.5724137931034482,0.3783032976491474,0.39408542686535053,1.3886022914139944,Low,0.3940854268653506,Base
91:30,0.4024960998439937,0.16000000000000014,0.5724137931034482,0.3783032976491474,0.39408542686535053,1.3886022914139944,Low,0.3940854268653506,Base
92:00,0.42121684867394826,0.16000000000000014,0.5724137931034482,0.38454354725913226,0.39782957663134144,1.3977121696448442,Medium,0.3978295766313415,Base
92:30,0.42121684867394826,0.16000000000000014,0.593103448275862,0.3914400989832701,0.40713992145892763,1.423855541196447,Medium,0.4071399214589277,Base
93:00,0.42121684867394826,0.16000000000000014,0.6137931034482759,0.39833665070740815,0.4164502662865138,1.4504879089025722,Medium,0.4164502662865139,Base
93:30,0.42121684867394826,0.56,0.6275862068965518,0.5362676851901668,0.562657162838238,2.083927650244749,High,0.562657162838238,Base
94:00,0.42121684867394826,0.56,0.6344827586206897,0.5385665357648793,0.5657606111141,2.0968403478113564,High,0.5657606111141,Base
94:30,0.43837753510140587,0.56,0.6413793103448276,0.5465856151487446,0.5722961966754536,2.122517627409265,High,0.5722961966754537,Base
95:00,0.43837753510140587,0.56,0.6275862068965518,0.5419879139993192,0.5660893001237295,2.0964564745499437,High,0.5660893001237295,Base
95:30,0.43837753510140587,0.56,0.6137931034482759,0.537390212849894,0.5598824035720054,2.070715311347992,High,0.5598824035720054,Base
96:00,0.43837753510140587,0.56,0.6206896551724138,0.5396890634246065,0.5629858518478674,2.0835461409398164,High,0.5629858518478674,Base
96:30,0.43837753510140587,0.56,0.6413793103448276,0.5465856151487446,0.5722961966754536,2.122517627409265,High,0.5722961966754537,Base
97:00,0.4555382215288617,0.56,0.6551724137931033,0.5569035451073217,0.5819352305126688,2.161822210158759,High,0.5819352305126688,Base
97:30,0.4555382215288617,0.43999999999999995,0.6689655172413792,0.5215012462567469,0.5461421270643929,2.0065749411766007,High,0.5461421270643929,Base
98:00,0.4555382215288617,0.43999999999999995,0.6758620689655171,0.5238000968314597,0.549245575340255,2.019008336048589,High,0.549245575340255,Base
98:30,0.4555382215288617,0.43999999999999995,0.6827586206896551,0.5260989474061722,0.552349023616117,2.0315187723033183,High,0.552349023616117,Base
99:00,0.47425897035881626,0.43999999999999995,0.6827586206896551,0.5323391970161571,0.556093173382108,2.044846482299046,High,0.556093173382108,Base
99:30,0.47425897035881626,0.43999999999999995,0.6758620689655171,0.5300403464414445,0.5529897251062459,2.0322539717516266,High,0.5529897251062459,Base
100:00,0.47425897035881626,0.43999999999999995,0.6827586206896551,0.5323391970161571,0.556093173382108,2.044846482299046,High,0.556093173382108,Base
100:30,0.47425897035881626,0.43999999999999995,0.689655172413793,0.5346380475908697,0.55919662165797,2.0575170201619932,High,0.55919662165797,Base
101:00,0.49141965678627386,0.43999999999999995,0.696551724137931,0.5426571269747349,0.5657322072193237,2.0827127580536744,High,0.5657322072193236,Base
101:30,0.49141965678627386,0.43999999999999995,0.7034482758620689,0.5449559775494476,0.5688356554951858,2.0956179277507627,High,0.5688356554951857,Base
102:00,0.49141965678627386,0.3599999999999999,0.7172413793103448,0.5228870120322062,0.5470425520469099,1.9592154031765954,High,0.5470425520469099,Base
102:30,0.49141965678627386,0.3599999999999999,0.7310344827586207,0.5274847131816315,0.5532494485986341,1.9835705055726436,High,0.553249448598634,Base
103:00,0.49141965678627386,0.3599999999999999,0.7379310344827587,0.5297835637563441,0.5563528968744962,1.9958613574347486,High,0.5563528968744961,Base
103:30,0.49141965678627386,0.3599999999999999,0.7517241379310343,0.5343812649057694,0.5625597934262201,2.0206720074785496,High,0.5625597934262202,Base
104:00,0.5085803432137297,0.3599999999999999,0.7379310344827587,0.5355037925654961,0.5597850341599873,2.0078607165688758,High,0.5597850341599873,Base
104:30,0.5085803432137297,0.3599999999999999,0.7310344827586207,0.5332049419907835,0.5566815858841252,1.9954959706233926,High,0.5566815858841252,Base
105:00,0.5085803432137297,0.3599999999999999,0.7448275862068966,0.5378026431402088,0.5628884824358493,2.0203020785258907,High,0.5628884824358493,Base
105:30,0.5085803432137297,0.3599999999999999,0.7586206896551723,0.5424003442896339,0.5690953789875735,2.0362471549041468,High,0.5690953789875735,Base
106:00,0.5257410296411873,0.3599999999999999,0.7724137931034482,0.5527182742482117,0.5787344128247891,2.0484893183222246,High,0.5787344128247891,Base
106:30,0.5257410296411873,0.3599999999999999,0.7793103448275861,0.5550171248229244,0.5818378611006512,2.0484893183222246,High,0.5818378611006512,Base
107:00,0.5257410296411873,0.1200000000000001,0.786206896551724,0.4773159753976371,0.5009413093765133,1.705124343255854,Medium,0.5009413093765134,Base
107:30,0.5257410296411873,0.1200000000000001,0.793103448275862,0.47961482597234983,0.5040447576523754,1.705124343255854,Medium,0.5040447576523754,Base
108:00,0.5257410296411873,0.1200000000000001,0.793103448275862,0.47961482597234983,0.5040447576523754,1.705124343255854,Medium,0.5040447576523754,Base
108:30,0.5257410296411873,0.1200000000000001,0.7999999999999999,0.4819136765470624,0.5071482059282375,1.705124343255854,Medium,0.5071482059282375,Base
109:00,0.5444617784711383,0.1200000000000001,0.7999999999999999,0.48815392615704606,0.5108923556942278,1.7163107536712499,Medium,0.5108923556942278,Base
109:30,0.5444617784711383,0.1200000000000001,0.7999999999999999,0.48815392615704606,0.5108923556942278,1.7163107536712499,Medium,0.5108923556942278,Base
110:00,0.5444617784711383,0.1200000000000001,0.793103448275862,0.4858550755823335,0.5077889074183657,1.7163107536712499,Medium,0.5077889074183657,Base
110:30,0.5444617784711383,0.1200000000000001,0.7517241379310343,0.4720619721340576,0.48916821776319314,1.713422523211313,Medium,0.4891682177631932,Base
111:00,0.5444617784711383,0.1200000000000001,0.7241379310344828,0.462866569835207,0.47675442465974494,1.6716046113373682,Medium,0.476754424659745,Base
111:30,0.5616224648985959,0.1200000000000001,0.7241379310344828,0.46858679864435954,0.48018656194523646,1.681654499816337,Medium,0.4801865619452365,Base
112:00,0.5616224648985959,0.1200000000000001,0.7379310344827587,0.47318449979378485,0.48639345849696064,1.7025592290622364,Medium,0.48639345849696064,Base
112:30,0.5616224648985959,0.1200000000000001,0.7448275862068966,0.4754833503684976,0.4894969067728227,1.7131088431102748,Medium,0.4894969067728227,Base
113:00,0.5616224648985959,0.1200000000000001,0.7310344827586207,0.4708856492190723,0.4832900102210986,1.6920745813220952,Medium,0.4832900102210986,Base
113:30,0.5616224648985959,0.1200000000000001,0.7241379310344828,0.46858679864435954,0.48018656194523646,1.681654499816337,Medium,0.4801865619452365,Base
114:00,0.5616224648985959,0.1200000000000001,0.7241379310344828,0.46858679864435954,0.48018656194523646,1.681654499816337,Medium,0.4801865619452365,Base
114:30,0.5787831513260535,0.1200000000000001,0.7103448275862069,0.4697093263040868,0.47741180267900385,1.6709926185575423,Medium,0.47741180267900385,Base
115:00,0.5787831513260535,0.1200000000000001,0.7034482758620689,0.4674104757293742,0.4743083544031418,1.660702363344746,Medium,0.4743083544031418,Base
115:30,0.5787831513260535,0.1200000000000001,0.7103448275862069,0.4697093263040868,0.47741180267900385,1.6709926185575423,Medium,0.47741180267900385,Base
116:00,0.5787831513260535,0.31999999999999984,0.6827586206896551,0.5271805906719028,0.5349980095755554,1.8820171753896884,Medium,0.5349980095755554,Base
116:30,0.5787831513260535,0.31999999999999984,0.6413793103448276,0.513387487223627,0.5163773199203832,1.8135403221065196,Medium,0.5163773199203832,Base
117:00,0.5959438377535093,0.31999999999999984,0.6413793103448276,0.5191077160327789,0.5198094572058742,1.82444354519269,Medium,0.5198094572058742,Base
117:30,0.5787831513260535,0.31999999999999984,0.6413793103448276,0.513387487223627,0.5163773199203832,1.8135403221065196,Medium,0.5163773199203832,Base
118:00,0.5959438377535093,0.31999999999999984,0.6482758620689654,0.5214065666074915,0.5229129054817362,1.8357483943431177,Medium,0.5229129054817362,Base
118:30,0.5959438377535093,0.31999999999999984,0.6551724137931033,0.5237054171822041,0.5260163537575983,1.8471232920377445,Medium,0.5260163537575983,Base
119:00,0.5959438377535093,0.31999999999999984,0.6482758620689654,0.5214065666074915,0.5229129054817362,1.8357483943431177,Medium,0.5229129054817362,Base
119:30,0.5959438377535093,0.31999999999999984,0.6344827586206897,0.5168088654580663,0.5167060089300122,1.8132083132156762,Medium,0.5167060089300122,Base
120:00,0.5959438377535093,0.28000000000000025,0.5793103448275861,0.48508472752703186,0.47787842272311576,1.6583958130483984,Medium,0.47787842272311576,Base
120:30,0.5959438377535093,0.28000000000000025,0.5172413793103449,0.46439507235461813,0.4499473882403572,1.5687135325019428,Medium,0.44994738824035724,Base
121:00,0.5959438377535093,0.28000000000000025,0.503448275862069,0.4597973712051928,0.44374049168863294,1.5494522163012758,Medium,0.44374049168863305,Base
121:30,0.613104524180967,0.28000000000000025,0.5172413793103449,0.47011530116377065,0.4533795255258487,1.5781448274087453,Medium,0.45337952552584876,Base
122:00,0.613104524180967,0.28000000000000025,0.5241379310344828,0.4724141517384834,0.45648297380171077,1.587923529116668,Medium,0.4564829738017108,Base
122:30,0.613104524180967,0.28000000000000025,0.5241379310344828,0.4724141517384834,0.45648297380171077,1.587923529116668,Medium,0.4564829738017108,Base
123:00,0.613104524180967,0.28000000000000025,0.4896551724137931,0.4609198988649201,0.44096573242240034,1.5396285125927047,Medium,0.4409657324224004,Base
123:30,0.613104524180967,0.28000000000000025,0.4758620689655172,0.45632219771549476,0.4347588358706762,1.5207243143447855,Medium,0.43475883587067626,Base
124:00,0.613104524180967,1.0,0.48275862068965514,0.6986210482902074,0.6898622841465382,1.9572847449418365,High,0.689862284146538,Base
124:30,0.613104524180967,1.0,0.4620689655172413,0.6917244965660694,0.680551939318952,1.9213470947808509,Medium,0.6805519393189519,Base
125:00,0.613104524180967,1.0,0.4482758620689654,0.6871267954166441,0.6743450427672278,1.8977559972623748,Medium,0.6743450427672277,Base
125:30,0.613104524180967,1.0,0.4344827586206895,0.6825290942672187,0.6681381462155036,1.8744545610360397,Medium,0.6681381462155036,Base
126:00,0.613104524180967,1.0,0.4,0.6710348413936557,0.6526209048361934,1.8174450058913965,Medium,0.6526209048361933,Base
126:30,0.6318252730109215,1.0,0.38620689655172413,0.6726773898542152,0.6501581580504602,1.806906548620174,Medium,0.6501581580504601,Base
127:00,0.613104524180967,1.0,0.4275862068965516,0.6802302436925062,0.6650346979396415,1.862911352763521,Medium,0.6650346979396414,Base
127:30,0.6318252730109215,1.0,0.45517241379310336,0.6956658956013416,0.6811926408090808,1.9220424234892786,Medium,0.6811926408090807,Base
128:00,0.6318252730109215,0.3999999999999999,0.46896551724137925,0.5002635967507669,0.47739953736080487,1.714354738279305,Medium,0.477399537360805,Base
128:30,0.6318252730109215,0.3999999999999999,0.48275862068965514,0.5048612979001922,0.4836064339125291,1.7356659657871358,Medium,0.4836064339125291,Base
129:00,0.6318252730109215,0.3999999999999999,0.503448275862069,0.5117578496243301,0.4929167787401153,1.7681305613015148,Medium,0.4929167787401153,Base
129:30,0.6318252730109215,0.3999999999999999,0.496551724137931,0.5094589990496176,0.48981333046425324,1.7572421142052952,Medium,0.48981333046425324,Base
130:00,0.6318252730109215,0.3999999999999999,0.496551724137931,0.5094589990496176,0.48981333046425324,1.7572421142052952,Medium,0.48981333046425324,Base
130:30,0.6318252730109215,0.3999999999999999,0.503448275862069,0.5117578496243301,0.4929167787401153,1.7681305613015148,Medium,0.4929167787401153,Base
131:00,0.6318252730109215,0.3999999999999999,0.5103448275862069,0.5140567001990428,0.49602022701597737,1.779086476778562,Medium,0.49602022701597737,Base
131:30,0.6318252730109215,0.3999999999999999,0.5172413793103449,0.5163555507737554,0.49912367529183943,1.790110278692599,Medium,0.49912367529183943,Base
132:00,0.6318252730109215,0.48,0.5172413793103449,0.5430222174404221,0.5271236752918395,1.938541757067965,Medium,0.5271236752918395,Base
132:30,0.6318252730109215,0.48,0.4758620689655172,0.5292291139921462,0.5085029856366671,1.8680082671413636,Medium,0.5085029856366671,Base
133:00,0.6489859594383773,0.48,0.4,0.509661986479459,0.47779719188767544,1.7557876989603418,Medium,0.4777971918876755,Base
133:30,0.6489859594383773,0.48,0.35862068965517235,0.4958688830311832,0.459176502232503,1.691903682262564,Medium,0.45917650223250306,Base
134:00,0.6489859594383773,0.48,0.34482758620689646,0.4912711818817579,0.4529696056807789,1.6711297862452605,Medium,0.45296960568077893,Base
134:30,0.6318252730109215,0.48,0.3517241379310344,0.48784980364731867,0.4526409166711498,1.6714357797390818,Medium,0.4526409166711498,Base
135:00,0.6489859594383773,0.48,0.37241379310344824,0.5004665841806085,0.4653833987842272,1.712935819596185,Medium,0.4653833987842272,Base
135:30,0.6489859594383773,0.48,0.3931034482758621,0.5073631359047465,0.4746937436118134,1.744975261298357,Medium,0.4746937436118134,Base
136:00,0.6489859594383773,0.48,0.4137931034482759,0.5142596876288844,0.4840040884393996,1.7776139816266419,Medium,0.4840040884393996,Base
136:30,0.6489859594383773,0.48,0.4137931034482759,0.5142596876288844,0.4840040884393996,1.7776139816266419,Medium,0.4840040884393996,Base
137:00,0.6489859594383773,0.16000000000000014,0.42068965517241386,0.40989187153693046,0.37510753671526176,1.321141926313109,Low,0.37510753671526187,Base
137:30,0.6489859594383773,0.16000000000000014,0.44137931034482747,0.41678842326106835,0.3844178815428479,1.345853097183704,Low,0.38441788154284795,Base
138:00,0.6489859594383773,0.16000000000000014,0.4620689655172413,0.42368497498520624,0.3937282263704341,1.3710264757502577,Low,0.39372822637043414,Base
138:30,0.6489859594383773,0.16000000000000014,0.4758620689655172,0.4282826761346315,0.39993512292215827,1.3880697728529914,Low,0.3999351229221583,Base
139:00,0.6489859594383773,0.16000000000000014,0.48275862068965514,0.43058152670934424,0.40303857119802033,1.3966707073317366,Medium,0.4030385711980204,Base
139:30,0.6489859594383773,0.16000000000000014,0.496551724137931,0.43517922785876956,0.40924546774974446,1.4140327891301308,Medium,0.4092454677497446,Base
140:00,0.6489859594383773,0.16000000000000014,0.496551724137931,0.43517922785876956,0.40924546774974446,1.4140327891301308,Medium,0.4092454677497446,Base
140:30,0.6661466458658349,0.16000000000000014,0.496551724137931,0.4408994566679221,0.412677605035236,1.4225341247569772,Medium,0.4126776050352361,Base
141:00,0.6661466458658349,0.16000000000000014,0.5172413793103449,0.44779600839205996,0.42198794986282223,1.4491417761576268,Medium,0.4219879498628223,Base
141:30,0.6661466458658349,0.1200000000000001,0.5172413793103449,0.4344626750587266,0.4079879498628222,1.4491417761576268,Medium,0.4079879498628223,Base
142:00,0.6661466458658349,0.1200000000000001,0.5172413793103449,0.4344626750587266,0.4079879498628222,1.4491417761576268,Medium,0.4079879498628223,Base
142:30,0.6661466458658349,0.1200000000000001,0.5241379310344828,0.43676152563343934,0.4110913981386843,1.4581211327511547,Medium,0.41109139813868434,Base
143:00,0.6661466458658349,0.1200000000000001,0.5310344827586205,0.4390603762081519,0.4141948464145463,1.4671561283761148,Medium,0.41419484641454635,Base
143:30,0.6661466458658349,0.1200000000000001,0.5379310344827585,0.4413592267828645,0.41729829469040836,1.476247107790151,Medium,0.4172982946904084,Base
144:00,0.6661466458658349,0.1200000000000001,0.5586206896551723,0.4482557785070025,0.42660863951799455,1.5038594284661193,Medium,0.42660863951799466,Base
144:30,0.6661466458658349,0.1200000000000001,0.5655172413793103,0.45055462908171506,0.42971208779385667,1.513177833536561,Medium,0.4297120877938567,Base
145:00,0.6661466458658349,0.1200000000000001,0.5655172413793103,0.45055462908171506,0.42971208779385667,1.513177833536561,Medium,0.4297120877938567,Base
145:30,0.6661466458658349,0.1200000000000001,0.5103448275862069,0.432163824484014,0.40488450158696015,1.440217715960964,Medium,0.4048845015869602,Base
146:00,0.6661466458658349,0.48,0.4344827586206895,0.5268764681621748,0.4967465705524773,1.8217503175734326,Medium,0.4967465705524773,Base
146:30,0.6833073322932925,0.48,0.40689655172413797,0.5234012946724769,0.48776491473452055,1.7879738229117363,Medium,0.4877649147345206,Base
147:00,0.6833073322932925,0.48,0.42068965517241386,0.5279989958219021,0.49397181128624473,1.8102002128573569,Medium,0.4939718112862448,Base
147:30,0.6833073322932925,0.48,0.44137931034482747,0.5348955475460401,0.5032821561138309,1.8440589269583758,Medium,0.5032821561138309,Base
148:00,0.6833073322932925,0.48,0.4620689655172413,0.5417920992701779,0.5125925009414171,1.8785509480894311,Medium,0.5125925009414171,Base
148:30,0.6833073322932925,0.48,0.46896551724137925,0.5440909498448906,0.5156959492172791,1.8901910644117488,Medium,0.5156959492172791,Base
149:00,0.6833073322932925,0.48,0.4758620689655172,0.5463898004196032,0.5187993974931413,1.9019033067033593,Medium,0.5187993974931412,Base
149:30,0.6833073322932925,0.48,0.496551724137931,0.5532863521437412,0.5281097423207275,1.937477272418348,Medium,0.5281097423207275,Base
150:00,0.6833073322932925,0.6000000000000001,0.5172413793103449,0.6001829038678791,0.5794200871483137,2.068793573380405,High,0.5794200871483137,Base
150:30,0.6833073322932925,0.6000000000000001,0.5241379310344828,0.6024817544425919,0.5825235354241758,2.081612495255003,High,0.5825235354241758,Base
151:00,0.6833073322932925,0.6000000000000001,0.5241379310344828,0.6024817544425919,0.5825235354241758,2.081612495255003,High,0.5825235354241758,Base
151:30,0.6833073322932925,0.6000000000000001,0.5379310344827585,0.607079455592017,0.5887304319758999,2.107489121882493,High,0.5887304319758998,Base
152:00,0.6833073322932925,0.6000000000000001,0.5586206896551723,0.613976007316155,0.5980407768034861,2.1469084475139897,High,0.598040776803486,Base
152:30,0.6833073322932925,0.6000000000000001,0.5655172413793103,0.6162748578908676,0.6011442250793482,2.160211394707328,High,0.6011442250793481,Base
153:00,0.6833073322932925,0.6000000000000001,0.5724137931034482,0.6185737084655804,0.6042476733552102,2.173596771314102,High,0.6042476733552101,Base
153:30,0.6833073322932925,0.6000000000000001,0.5724137931034482,0.6185737084655804,0.6042476733552102,2.173596771314102,High,0.6042476733552101,Base
154:00,0.6833073322932925,0.31999999999999984,0.5793103448275861,0.5275392257069594,0.5093511216310722,1.7792566651150488,Medium,0.5093511216310722,Base
154:30,0.6833073322932925,0.31999999999999984,0.5793103448275861,0.5275392257069594,0.5093511216310722,1.7792566651150488,Medium,0.5093511216310722,Base
155:00,0.7020280811232453,0.31999999999999984,0.5724137931034482,0.5314806247422311,0.5099918231212007,1.779900571800246,Medium,0.5099918231212007,Base
155:30,0.6833073322932925,0.31999999999999984,0.5448275862068964,0.5160449728333963,0.49383388025176184,1.7251424533998891,Medium,0.4938338802517619,Base
156:00,0.6833073322932925,0.31999999999999984,0.503448275862069,0.5022518693851205,0.4752131905965895,1.6623734583987841,Medium,0.4752131905965895,Base
156:30,0.6833073322932925,0.31999999999999984,0.48275862068965514,0.49535531766098256,0.46590284576900326,1.6318506660768022,Medium,0.4659028457690033,Base
157:00,0.6833073322932925,0.31999999999999984,0.4758620689655172,0.4930564670862698,0.4627993974931412,1.621801453628696,Medium,0.46279939749314125,Base
157:30,0.6833073322932925,0.31999999999999984,0.4758620689655172,0.4930564670862698,0.4627993974931412,1.621801453628696,Medium,0.46279939749314125,Base
158:00,0.6833073322932925,0.31999999999999984,0.4896551724137931,0.49765416823569514,0.4690062940448653,1.6419621467332646,Medium,0.4690062940448654,Base
158:30,0.6833073322932925,0.3599999999999999,0.503448275862069,0.5155852027184538,0.4892131905965895,1.7299210501684537,Medium,0.4892131905965895,Base
159:00,0.6833073322932925,0.3599999999999999,0.5172413793103449,0.520182903867879,0.49542008714831365,1.7514257832598843,Medium,0.49542008714831365,Base
159:30,0.7020280811232453,0.3599999999999999,0.4896551724137931,0.5172277511790128,0.48675044381085586,1.7198901006702878,Medium,0.48675044381085597,Base
160:00,0.7020280811232453,0.3599999999999999,0.46896551724137925,0.5103311994548748,0.47744009898326967,1.6883112468969868,Medium,0.47744009898326967,Base
160:30,0.7020280811232453,0.3599999999999999,0.48275862068965514,0.5149289006043002,0.4836469955349938,1.7092987264910668,Medium,0.4836469955349939,Base
161:00,0.7020280811232453,0.3599999999999999,0.5103448275862069,0.5241243029031507,0.49606078863844216,1.7520596180475116,Medium,0.49606078863844216,Base
161:30,0.7020280811232453,0.3599999999999999,0.5172413793103449,0.5264231534778633,0.4991642369143042,1.7629159527018632,Medium,0.4991642369143042,Base
162:00,0.7020280811232453,0.3599999999999999,0.5172413793103449,0.5264231534778633,0.4991642369143042,1.7629159527018632,Medium,0.4991642369143042,Base
162:30,0.7020280811232453,0.3599999999999999,0.5241379310344828,0.5287220040525761,0.5022676851901663,1.7738395567578455,Medium,0.5022676851901663,Base
163:00,0.7020280811232453,0.3599999999999999,0.5448275862068964,0.5356185557767139,0.5115780300177524,1.8070181664976706,Medium,0.5115780300177525,Base
163:30,0.7020280811232453,0.1200000000000001,0.5586206896551723,0.46021625692613927,0.43378492656947665,1.5228261471429563,Medium,0.43378492656947676,Base
164:00,0.7020280811232453,0.1200000000000001,0.5724137931034482,0.4648139580755646,0.4399918231212008,1.5417564733770766,Medium,0.4399918231212009,Base
164:30,0.7020280811232453,0.1200000000000001,0.5862068965517241,0.4694116592249899,0.4461987196729249,1.5609221234214705,Medium,0.446198719672925,Base
165:00,0.7020280811232453,0.1200000000000001,0.5862068965517241,0.4694116592249899,0.4461987196729249,1.5609221234214705,Medium,0.446198719672925,Base
165:30,0.7020280811232453,0.1200000000000001,0.5862068965517241,0.4694116592249899,0.4461987196729249,1.5609221234214705,Medium,0.446198719672925,Base
166:00,0.7020280811232453,0.1200000000000001,0.5517241379310344,0.4579174063514266,0.4306814782936146,1.5134483261252023,Medium,0.4306814782936146,Base
166:30,0.7020280811232453,0.1200000000000001,0.5172413793103449,0.4464231534778634,0.41516423691430426,1.4674183942184436,Medium,0.4151642369143044,Base
167:00,0.7020280811232453,0.1200000000000001,0.503448275862069,0.4418254523284381,0.40895734036258014,1.4494008217910308,Medium,0.40895734036258025,Base
167:30,0.7020280811232453,0.1200000000000001,0.503448275862069,0.4418254523284381,0.40895734036258014,1.4494008217910308,Medium,0.40895734036258025,Base
168:00,0.7020280811232453,0.08000000000000007,0.5241379310344828,0.43538867071924275,0.4042676851901663,1.4765109987174503,Medium,0.4042676851901664,Base
168:30,0.7020280811232453,0.08000000000000007,0.5379310344827585,0.4399863718686679,0.41047458174189044,1.4948655790787262,Medium,0.41047458174189044,Base
169:00,0.7020280811232453,0.08000000000000007,0.5379310344827585,0.4399863718686679,0.41047458174189044,1.4948655790787262,Medium,0.41047458174189044,Base
169:30,0.7020280811232453,0.08000000000000007,0.5448275862068964,0.44228522244338064,0.4135780300177525,1.5041282553156428,Medium,0.4135780300177525,Base
170:00,0.7191887675507029,0.08000000000000007,0.5448275862068964,0.44800545125253316,0.41701016730324403,1.5131712557485588,Medium,0.41701016730324403,Base
170:30,0.7191887675507029,0.08000000000000007,0.5172413793103449,0.4388100489536826,0.40459637419979577,1.4762406905401104,Medium,0.4045963741997959,Base
171:00,0.7191887675507029,0.08000000000000007,0.4758620689655172,0.4250169455054067,0.3859756845446234,1.4225279409974143,Medium,0.3859756845446234,Base
171:30,0.7191887675507029,0.08000000000000007,0.44137931034482747,0.41352269263184355,0.37045844316531296,1.3792632565484808,Low,0.37045844316531307,Base
172:00,0.7191887675507029,0.08000000000000007,0.4344827586206895,0.4112238420571308,0.3673549948894509,1.3707695200963306,Low,0.367354994889451,Base
172:30,0.7191887675507029,0.48,0.4482758620689654,0.5491548765398894,0.513561891441175,1.8788867540321177,Medium,0.513561891441175,Base
173:00,0.7191887675507029,0.48,0.46896551724137925,0.5560514282640274,0.5228722362687612,1.9140302088727006,Medium,0.5228722362687612,Base
173:30,0.7191887675507029,0.48,0.46896551724137925,0.5560514282640274,0.5228722362687612,1.9140302088727006,Medium,0.5228722362687612,Base
174:00,0.7191887675507029,0.48,0.45517241379310336,0.5514537271146022,0.5166653397170371,1.8905289511179295,Medium,0.5166653397170371,Base
174:30,0.7191887675507029,0.48,0.4620689655172413,0.5537525776893147,0.5197687879928992,1.9022432870661254,Medium,0.5197687879928992,Base
175:00,0.7191887675507029,0.48,0.48275862068965514,0.5606491294134527,0.5290791328204854,1.9378236119107957,Medium,0.5290791328204854,Base
175:30,0.7191887675507029,0.48,0.4896551724137931,0.5629479799881653,0.5321825810963474,1.9498310010517268,High,0.5321825810963474,Base
176:00,0.7191887675507029,0.48,0.4896551724137931,0.5629479799881653,0.5321825810963474,1.9498310010517268,High,0.5321825810963474,Base
176:30,0.7191887675507029,0.6400000000000001,0.496551724137931,0.6185801638962114,0.5912860293722096,2.0564211285491956,High,0.5912860293722095,Base
177:00,0.7191887675507029,0.6400000000000001,0.4620689655172413,0.6070859110226481,0.5757687879928992,1.9938772524982142,High,0.5757687879928992,Base
177:30,0.7191887675507029,0.6400000000000001,0.42068965517241386,0.5932928075743723,0.5571480983377268,1.9213303906154597,Medium,0.5571480983377268,Base
178:00,0.7363494539781605,0.6400000000000001,0.4275862068965516,0.6013118869582375,0.5636836838990804,1.944858427783996,High,0.5636836838990803,Base
178:30,0.7363494539781605,0.6400000000000001,0.4482758620689654,0.6082084386823753,0.5729940287266666,1.9812358433900592,High,0.5729940287266666,Base
179:00,0.7191887675507029,0.6400000000000001,0.4620689655172413,0.6070859110226481,0.5757687879928992,1.9938772524982142,High,0.5757687879928992,Base
179:30,0.7363494539781605,0.6400000000000001,0.46896551724137925,0.6151049904065133,0.5823043735542528,2.0182936768338795,High,0.5823043735542528,Base
180:00,0.7363494539781605,0.6400000000000001,0.48275862068965514,0.6197026915559386,0.5885112701059769,2.043383184136082,High,0.5885112701059769,Base
180:30,0.7363494539781605,0.6400000000000001,0.503448275862069,0.6265992432800765,0.5978216149335632,2.0816034464800386,High,0.5978216149335631,Base
181:00,0.7363494539781605,0.08000000000000007,0.5172413793103449,0.4445302777628351,0.4080285114852873,1.4851160275710216,Medium,0.4080285114852874,Base
181:30,0.7363494539781605,0.08000000000000007,0.5172413793103449,0.4445302777628351,0.4080285114852873,1.4851160275710216,Medium,0.4080285114852874,Base
182:00,0.7363494539781605,0.08000000000000007,0.5241379310344828,0.44682912833754784,0.41113195976114936,1.4943182923968152,Medium,0.41113195976114947,Base
182:30,0.7363494539781605,0.08000000000000007,0.5310344827586205,0.4491279789122604,0.4142354080370113,1.5035775774663822,Medium,0.4142354080370114,Base
183:00,0.7363494539781605,0.08000000000000007,0.5448275862068964,0.45372568006168573,0.42044230458873555,1.5222686237904477,Medium,0.42044230458873555,Base
183:30,0.7363494539781605,0.08000000000000007,0.5586206896551723,0.458323381211111,0.4266492011404597,1.5411920194245345,Medium,0.4266492011404598,Base
184:00,0.7363494539781605,0.08000000000000007,0.5448275862068964,0.45372568006168573,0.42044230458873555,1.5222686237904477,Medium,0.42044230458873555,Base
184:30,0.7363494539781605,0.08000000000000007,0.5172413793103449,0.4445302777628351,0.4080285114852873,1.4851160275710216,Medium,0.4080285114852874,Base
185:00,0.7363494539781605,0.08000000000000007,0.5172413793103449,0.4445302777628351,0.4080285114852873,1.4851160275710216,Medium,0.4080285114852874,Base
185:30,0.7535101404056164,0.08000000000000007,0.5379310344827585,0.45714705829612495,0.4207709935983647,1.5219899386621436,Medium,0.4207709935983647,Base
186:00,0.7535101404056164,0.1200000000000001,0.5517241379310344,0.4750780927788836,0.4409778901500888,1.5409098699477852,Medium,0.4409778901500888,Base
186:30,0.7535101404056164,0.1200000000000001,0.5448275862068964,0.472779242204171,0.43787444187422675,1.5314206863059285,Medium,0.43787444187422675,Base
187:00,0.7535101404056164,0.1200000000000001,0.5379310344827585,0.47048039162945826,0.4347709935983647,1.5219899386621436,Medium,0.4347709935983647,Base
187:30,0.7535101404056164,0.1200000000000001,0.5448275862068964,0.472779242204171,0.43787444187422675,1.5314206863059285,Medium,0.43787444187422675,Base
188:00,0.7535101404056164,0.1200000000000001,0.5241379310344828,0.4658826904800331,0.42856409704664056,1.5033023141498152,Medium,0.4285640970466406,Base
188:30,0.7535101404056164,0.1200000000000001,0.48275862068965514,0.4520895870317572,0.4099434073914682,1.448604932344588,Medium,0.4099434073914682,Base
189:00,0.7535101404056164,0.1200000000000001,0.4896551724137931,0.4543884376064698,0.41304685566733024,1.4575809624781988,Medium,0.41304685566733024,Base
189:30,0.7535101404056164,0.1200000000000001,0.496551724137931,0.45668728818118254,0.4161503039431923,1.4666126110314082,Medium,0.41615030394319236,Base
190:00,0.7535101404056164,0.1200000000000001,0.503448275862069,0.4589861387558951,0.41925375221905437,1.4757002226341416,Medium,0.4192537522190544,Base
190:30,0.7535101404056164,0.16000000000000014,0.4758620689655172,0.46312406979037785,0.4208399591156061,1.439684178122939,Medium,0.4208399591156061,Base
191:00,0.7535101404056164,0.16000000000000014,0.45517241379310336,0.45622751806624,0.4115296142880198,1.4132501774138466,Medium,0.4115296142880199,Base
191:30,0.7722308892355709,0.16000000000000014,0.44137931034482747,0.45787006652679957,0.4090668675022866,1.4050554443903192,Medium,0.40906686750228666,Base
192:00,0.7722308892355709,0.16000000000000014,0.4275862068965516,0.45327236537737425,0.4028599709505625,1.3878035901587136,Low,0.4028599709505625,Base
192:30,0.7722308892355709,0.16000000000000014,0.44137931034482747,0.45787006652679957,0.4090668675022866,1.4050554443903192,Medium,0.40906686750228666,Base
193:00,0.7722308892355709,0.16000000000000014,0.4620689655172413,0.4647666182509374,0.4183772123298728,1.4313361675113265,Medium,0.41837721232987285,Base
193:30,0.7722308892355709,0.16000000000000014,0.46896551724137925,0.46706546882565014,0.42148066060573486,1.4402051947278185,Medium,0.4214806606057349,Base
194:00,0.7722308892355709,0.16000000000000014,0.4344827586206895,0.4555712159520868,0.40596341922642454,1.3964028752823918,Medium,0.4059634192264246,Base
194:30,0.7722308892355709,0.16000000000000014,0.4,0.4440769630785237,0.3904461778471143,1.353932757106495,Low,0.39044617784711433,Base
195:00,0.7722308892355709,0.48,0.40689655172413797,0.553042480319903,0.5055496261229763,1.8443805496156642,Medium,0.5055496261229763,Base
195:30,0.7722308892355709,0.48,0.4137931034482759,0.5553413308946156,0.5086530743988383,1.8558089349687372,Medium,0.5086530743988383,Base
196:00,0.7722308892355709,0.48,0.4137931034482759,0.5553413308946156,0.5086530743988383,1.8558089349687372,Medium,0.5086530743988383,Base
196:30,0.7722308892355709,0.48,0.3931034482758621,0.5484447791704777,0.49934272957125214,1.8217344793010617,Medium,0.4993427295712521,Base
197:00,0.7722308892355709,0.48,0.37241379310344824,0.5415482274463397,0.49003238474366595,1.7882856637556914,Medium,0.4900323847436659,Base
197:30,0.7722308892355709,0.48,0.35862068965517235,0.5369505262969144,0.4838254881919417,1.7663283497445208,Medium,0.48382548819194177,Base
198:00,0.7722308892355709,0.48,0.34482758620689646,0.532352825147489,0.4776185916402176,1.7446406367531182,Medium,0.47761859164021764,Base
198:30,0.7722308892355709,0.6400000000000001,0.32413793103448263,0.5787896067566846,0.5243082468126314,1.795106251170075,Medium,0.5243082468126313,Base
199:00,0.7722308892355709,0.6400000000000001,0.3172413793103447,0.5764907561819719,0.5212047985367694,1.784051683212395,Medium,0.5212047985367693,Base
199:30,0.7722308892355709,0.6400000000000001,0.32413793103448263,0.5787896067566846,0.5243082468126314,1.795106251170075,Medium,0.5243082468126313,Base
200:00,0.7722308892355709,0.6400000000000001,0.303448275862069,0.5718930550325467,0.5149979019850454,1.7621463557726045,Medium,0.5149979019850454,Base
200:30,0.7893915756630285,0.6400000000000001,0.303448275862069,0.5776132838416993,0.5184300392705369,1.7727405921362906,Medium,0.5184300392705369,Base
201:00,0.7893915756630285,0.6400000000000001,0.3310344827586206,0.5868086861405497,0.530843832373985,1.8170885852888168,Medium,0.5308438323739849,Base
201:30,0.7893915756630285,0.6400000000000001,0.3310344827586206,0.5868086861405497,0.530843832373985,1.8170885852888168,Medium,0.5308438323739849,Base
202:00,0.7893915756630285,0.6400000000000001,0.3172413793103447,0.5822109849911244,0.5246369358222609,1.7947776170459087,Medium,0.5246369358222608,Base
202:30,0.7893915756630285,0.6400000000000001,0.32413793103448263,0.5845098355658371,0.527740384098123,1.8058986463990674,Medium,0.5277403840981228,Base
203:00,0.7893915756630285,0.6400000000000001,0.32413793103448263,0.5845098355658371,0.527740384098123,1.8058986463990674,Medium,0.5277403840981228,Base
203:30,0.7893915756630285,0.6400000000000001,0.31034482758620674,0.5799121344164119,0.5215334875463988,1.7837250728727576,Medium,0.5215334875463987,Base
204:00,0.7893915756630285,0.6400000000000001,0.3172413793103447,0.5822109849911244,0.5246369358222609,1.7947776170459087,Medium,0.5246369358222608,Base
204:30,0.7893915756630285,0.6400000000000001,0.32413793103448263,0.5845098355658371,0.527740384098123,1.8058986463990674,Medium,0.5277403840981228,Base
205:00,0.7893915756630285,0.6400000000000001,0.303448275862069,0.5776132838416993,0.5184300392705369,1.7727405921362906,Medium,0.5184300392705369,Base
205:30,0.7893915756630285,0.6400000000000001,0.2689655172413793,0.566119030968136,0.5029127978912264,1.71882455989666,Medium,0.5029127978912264,Base
206:00,0.7893915756630285,0.6400000000000001,0.2551724137931034,0.5615213298187106,0.4967059013395023,1.697720118164179,Medium,0.4967059013395023,Base
206:30,0.7893915756630285,0.6400000000000001,0.27586206896551724,0.5684178815428487,0.5060162461670885,1.7294749592564442,Medium,0.5060162461670885,Base
207:00,0.7893915756630285,0.6400000000000001,0.2896551724137931,0.5730155826922739,0.5122231427188126,1.7509741469699536,Medium,0.5122231427188128,Base
207:30,0.7893915756630285,0.16000000000000014,0.3172413793103447,0.4222109849911244,0.35663693582226086,1.2647584104259861,Low,0.35663693582226097,Base
208:00,0.7893915756630285,0.16000000000000014,0.3310344827586206,0.42680868614054973,0.36284383237398504,1.2804806840168557,Low,0.3628438323739851,Base
208:30,0.7893915756630285,0.16000000000000014,0.3172413793103447,0.4222109849911244,0.35663693582226086,1.2647584104259861,Low,0.35663693582226097,Base
209:00,0.7893915756630285,0.16000000000000014,0.2689655172413793,0.40611903096813595,0.3349127978912264,1.211235195675186,Low,0.3349127978912265,Base
209:30,0.8065522620904844,0.16000000000000014,0.2551724137931034,0.4072415586278626,0.33213803862499347,1.2035558264384172,Low,0.3321380386249936,Base
210:00,0.7893915756630285,0.16000000000000014,0.2896551724137931,0.41301558269227395,0.3442231427188127,1.2338906267751104,Low,0.34422314271881277,Base
210:30,0.8065522620904844,0.16000000000000014,0.3172413793103447,0.4279312138002764,0.36006907310775205,1.272362290489136,Low,0.36006907310775216,Base
211:00,0.8065522620904844,0.16000000000000014,0.3379310344827585,0.4348277655244144,0.36937941793533824,1.296161067398232,Low,0.36937941793533835,Base
211:30,0.8065522620904844,0.16000000000000014,0.3517241379310344,0.4394254666738397,0.3755863144870624,1.3122737089521275,Low,0.3755863144870625,Base
212:00,0.8065522620904844,0.2400000000000002,0.37241379310344824,0.47298868506464425,0.41289665931464864,1.4251389147736924,Medium,0.4128966593146487,Base
212:30,0.7893915756630285,0.2400000000000002,0.38620689655172413,0.4718661574049176,0.41567141858088164,1.434232109870941,Medium,0.4156714185808817,Base
213:00,0.8065522620904844,0.2400000000000002,0.3931034482758621,0.47988523678878225,0.4222070041422349,1.4517952872162703,Medium,0.4222070041422349,Base
213:30,0.8065522620904844,0.2400000000000002,0.4,0.48218408736349483,0.425310452418097,1.4607910858325266,Medium,0.42531045241809706,Base
214:00,0.8065522620904844,0.2400000000000002,0.4137931034482759,0.48678178851292014,0.43151734896982114,1.4789502511887205,Medium,0.4315173489698212,Base
214:30,0.8065522620904844,0.2400000000000002,0.42068965517241386,0.48908063908763283,0.4346207972456832,1.4881143108466532,Medium,0.43462079724568325,Base
215:00,0.8065522620904844,0.2400000000000002,0.4137931034482759,0.48678178851292014,0.43151734896982114,1.4789502511887205,Medium,0.4315173489698212,Base
215:30,0.8065522620904844,0.2400000000000002,0.4137931034482759,0.48678178851292014,0.43151734896982114,1.4789502511887205,Medium,0.4315173489698212,Base
216:00,0.8065522620904844,0.2400000000000002,0.44137931034482747,0.4959771908117707,0.44393114207326934,1.5159486004698213,Medium,0.44393114207326934,Base
216:30,0.8065522620904844,0.040000000000000036,0.4620689655172413,0.43620707586924184,0.38324148690085547,1.448598635255156,Medium,0.3832414869008556,Base
217:00,0.8065522620904844,0.040000000000000036,0.45517241379310336,0.43390822529452927,0.3801380386249934,1.439677919812049,Medium,0.3801380386249935,Base
217:30,0.8065522620904844,0.040000000000000036,0.45517241379310336,0.43390822529452927,0.3801380386249934,1.439677919812049,Medium,0.3801380386249935,Base
218:00,0.8065522620904844,0.040000000000000036,0.46896551724137925,0.4385059264439546,0.38634493517671753,1.4575746263699405,Medium,0.38634493517671764,Base
218:30,0.8065522620904844,0.040000000000000036,0.4344827586206895,0.42701167357039127,0.3708276937974072,1.413244034011627,Medium,0.37082769379740727,Base
219:00,0.8065522620904844,0.040000000000000036,0.37241379310344824,0.4063220183979775,0.34289665931464863,1.3368190051122466,Low,0.3428966593146487,Base
219:30,0.8065522620904844,0.040000000000000036,0.3379310344827585,0.39482776552441434,0.3273794179353382,1.296161067398232,Low,0.3273794179353383,Base
220:00,0.8065522620904844,0.040000000000000036,0.2827586206896552,0.37643696092671314,0.30255183172844174,1.2336647356529642,Low,0.30255183172844186,Base
220:30,0.8065522620904844,0.040000000000000036,0.2413793103448275,0.36264385747843725,0.2839311420732693,1.199282708184422,Low,0.2839311420732694,Base
221:00,0.8065522620904844,0.43999999999999995,0.2689655172413793,0.5051725931106211,0.4363449351767175,1.585275392212796,Medium,0.4363449351767176,Base
221:30,0.8065522620904844,0.43999999999999995,0.303448275862069,0.5166668459841844,0.45186217655602795,1.6350022585547437,Medium,0.4518621765560279,Base
222:00,0.8065522620904844,0.43999999999999995,0.303448275862069,0.5166668459841844,0.45186217655602795,1.6350022585547437,Medium,0.4518621765560279,Base
222:30,0.8065522620904844,0.43999999999999995,0.31034482758620674,0.518965696558897,0.4549656248318899,1.6451332675093766,Medium,0.45496562483188985,Base
223:00,0.8065522620904844,0.43999999999999995,0.3379310344827585,0.5281610988577476,0.46737941793533816,1.686288955603921,Medium,0.4673794179353382,Base
223:30,0.8252730109204389,0.43999999999999995,0.34482758620689646,0.536700199042445,0.4742270159771912,1.7078691441932845,Medium,0.4742270159771912,Base
224:00,0.8252730109204389,0.43999999999999995,0.3517241379310344,0.5389990496171578,0.47733046425305325,1.7184516602128397,Medium,0.47733046425305325,Base
224:30,0.8065522620904844,0.43999999999999995,0.3793103448275862,0.5419542023060235,0.48600010759051065,1.7499609677441261,Medium,0.4860001075905106,Base
225:00,0.8252730109204389,0.43999999999999995,0.4,0.5550910036401463,0.49905460218408776,1.7943882393156043,Medium,0.4990546021840878,Base
225:30,0.8252730109204389,0.28000000000000025,0.42068965517241386,0.508654222030951,0.4523649470116741,1.5587406061601,Medium,0.4523649470116742,Base
226:00,0.8252730109204389,0.28000000000000025,0.4344827586206895,0.5132519231803762,0.45857184356339814,1.578117386788894,Medium,0.4585718435633982,Base
226:30,0.8252730109204389,0.28000000000000025,0.4482758620689654,0.5178496243298015,0.4647787401151223,1.5977350411243543,Medium,0.4647787401151223,Base
227:00,0.8252730109204389,0.28000000000000025,0.45517241379310336,0.5201484749045142,0.4678821883909844,1.6076351302062315,Medium,0.4678821883909844,Base
227:30,0.8252730109204389,0.28000000000000025,0.4344827586206895,0.5132519231803762,0.45857184356339814,1.578117386788894,Medium,0.4585718435633982,Base
228:00,0.8252730109204389,0.28000000000000025,0.4137931034482759,0.5063553714562383,0.44926149873581206,1.5491416178283728,Medium,0.449261498735812,Base
228:30,0.8252730109204389,0.28000000000000025,0.4275862068965516,0.5109530726056636,0.4554683952875361,1.5683990729642483,Medium,0.45546839528753613,Base
229:00,0.8252730109204389,0.28000000000000025,0.4482758620689654,0.5178496243298015,0.4647787401151223,1.5977350411243543,Medium,0.4647787401151223,Base
229:30,0.8252730109204389,0.28000000000000025,0.4620689655172413,0.5224473254792268,0.4709856366668465,1.617596563479296,Medium,0.47098563666684645,Base
230:00,0.8424336973478965,0.08000000000000007,0.4620689655172413,0.4615008876217126,0.4044177739523379,1.4668684032071775,Medium,0.404417773952338,Base
230:30,0.8424336973478965,0.08000000000000007,0.4482758620689654,0.4569031864722873,0.3982108774006138,1.4488575837977988,Medium,0.3982108774006138,Base
231:00,0.8424336973478965,0.08000000000000007,0.4275862068965516,0.45000663474814945,0.3889005325730276,1.4222551504450762,Medium,0.3889005325730276,Base
231:30,0.8424336973478965,0.08000000000000007,0.3931034482758621,0.43851238187458624,0.37338329119371727,1.378998762632594,Low,0.3733832911937174,Base
232:00,0.8424336973478965,0.08000000000000007,0.3655172413793103,0.42931697957573567,0.360969498090269,1.3453428208267342,Low,0.360969498090269,Base
232:30,0.8424336973478965,0.08000000000000007,0.35862068965517235,0.42701812900102293,0.3578660498144069,1.3370579721557923,Low,0.35786604981440695,Base
233:00,0.8424336973478965,0.08000000000000007,0.3379310344827585,0.4201215772768851,0.34855570498682065,1.3125082883285064,Low,0.34855570498682076,Base
233:30,0.8424336973478965,0.08000000000000007,0.32413793103448263,0.4155238761274598,0.3423488084350965,1.2963927665116126,Low,0.34234880843509663,Base
234:00,0.8424336973478965,0.08000000000000007,0.32413793103448263,0.4155238761274598,0.3423488084350965,1.2963927665116126,Low,0.34234880843509663,Base
234:30,0.8424336973478965,0.08000000000000007,0.3172413793103447,0.41322502555274704,0.33924536015923445,1.2884093605556106,Low,0.33924536015923457,Base
235:00,0.8424336973478965,0.2400000000000002,0.3310344827586206,0.47115606003550575,0.40145225671095863,1.390605410499338,Medium,0.40145225671095874,Base
235:30,0.8595943837753524,0.2400000000000002,0.32413793103448263,0.4745774382699451,0.40178094572058776,1.390002013748808,Low,0.4017809457205878,Base
236:00,0.8595943837753524,0.2400000000000002,0.3172413793103447,0.4722785876952324,0.3986774974447257,1.381442146213233,Low,0.39867749744472575,Base
236:30,0.8595943837753524,0.2400000000000002,0.31034482758620674,0.4699797371205198,0.39557404916886363,1.3729349917899427,Low,0.39557404916886363,Base
237:00,0.8424336973478965,0.2400000000000002,0.32413793103448263,0.4688572094607932,0.39834880843509657,1.3820418271445019,Low,0.3983488084350967,Base
237:30,0.8595943837753524,0.2400000000000002,0.3379310344827585,0.4791751394193704,0.4079878422723119,1.407281196691468,Medium,0.40798784227231194,Base
238:00,0.8595943837753524,0.2400000000000002,0.3517241379310344,0.4837728405687957,0.414194738824036,1.4247751780014775,Medium,0.41419473882403607,Base
238:30,0.8595943837753524,0.2400000000000002,0.37241379310344824,0.49066939229293355,0.4235050836516222,1.4514247469649204,Medium,0.4235050836516223,Base
239:00,0.8595943837753524,0.2400000000000002,0.38620689655172413,0.49526709344235886,0.42971198020334644,1.4694674789050504,Medium,0.42971198020334644,Base
239:30,0.8595943837753524,0.16000000000000014,0.3931034482758621,0.4708992773504049,0.4048154284792085,1.3869414220095122,Low,0.4048154284792085,Base
240:00,0.8595943837753524,0.16000000000000014,0.34482758620689646,0.4548073233274163,0.3830912905481739,1.3282475537062424,Low,0.38309129054817403,Base
240:30,0.8595943837753524,0.16000000000000014,0.3172413793103447,0.44561192102856567,0.37067749744472567,1.295830249512313,Low,0.3706774974447257,Base
241:00,0.8595943837753524,0.16000000000000014,0.31034482758620674,0.4433130704538531,0.3675740491688636,1.2878503076311492,Low,0.3675740491688636,Base
241:30,0.8595943837753524,0.16000000000000014,0.26206896551724135,0.42722111643086463,0.34584991123782916,1.2333498686429556,Low,0.3458499112378292,Base
242:00,0.87675507020281,0.16000000000000014,0.22758620689655162,0.4214470923664539,0.33376480714401024,1.2214027581601699,Low,0.33376480714401036,Base
242:30,0.87675507020281,0.16000000000000014,0.2068965517241378,0.414550540642316,0.32445446231642405,1.2214027581601699,Low,0.32445446231642416,Base
243:00,0.87675507020281,0.16000000000000014,0.18620689655172418,0.4076539889181781,0.3151441174888379,1.2214027581601699,Low,0.315144117488838,Base
243:30,0.87675507020281,0.16000000000000014,0.1586206896551724,0.39845858661932754,0.3027303243853896,1.2214027581601699,Low,0.30273032438538977,Base
244:00,0.87675507020281,0.28000000000000025,0.1448275862068965,0.43386088546990226,0.3385234278336655,1.3550058535402203,Low,0.3385234278336656,Base
244:30,0.87675507020281,0.28000000000000025,0.11724137931034473,0.4246654831710517,0.32610963473021726,1.3550058535402203,Low,0.3261096347302173,Base
245:00,0.87675507020281,0.28000000000000025,0.12413793103448267,0.42696433374576426,0.3292130830060793,1.3550058535402203,Low,0.3292130830060794,Base
245:30,0.87675507020281,0.28000000000000025,0.1586206896551724,0.4384585866193276,0.34473032438538964,1.3550058535402203,Low,0.34473032438538975,Base
246:00,0.87675507020281,0.28000000000000025,0.16551724137931034,0.44075743719404015,0.3478337726612517,1.3550058535402203,Low,0.3478337726612518,Base
246:30,0.87675507020281,0.28000000000000025,0.18620689655172418,0.44765398891817815,0.357144117488838,1.3550058535402203,Low,0.35714411748883806,Base
247:00,0.87675507020281,0.28000000000000025,0.21379310344827573,0.4568493912170286,0.36955791059228615,1.3550058535402203,Low,0.36955791059228627,Base
247:30,0.87675507020281,0.28000000000000025,0.2068965517241378,0.45455054064231604,0.3664544623164241,1.3550058535402203,Low,0.3664544623164242,Base
248:00,0.87675507020281,0.48,0.21379310344827573,0.5235160578836952,0.4395579105922861,1.6535967366568414,Medium,0.4395579105922861,Base
248:30,0.87675507020281,0.48,0.20000000000000007,0.51891835673427,0.433351014040562,1.6535967366568414,Medium,0.4333510140405621,Base
249:00,0.87675507020281,0.48,0.1724137931034483,0.5097229544354195,0.4209372209371137,1.6535967366568414,Medium,0.4209372209371138,Base
249:30,0.87675507020281,0.48,0.2068965517241378,0.5212172073089826,0.43645446231642393,1.6535967366568414,Medium,0.43645446231642404,Base
250:00,0.87675507020281,0.48,0.22068965517241368,0.525814908458408,0.44266135886814817,1.6535967366568414,Medium,0.44266135886814817,Base
250:30,0.87675507020281,0.48,0.2068965517241378,0.5212172073089826,0.43645446231642393,1.6535967366568414,Medium,0.43645446231642404,Base
251:00,0.87675507020281,0.48,0.19310344827586212,0.5166195061595573,0.4302475657646999,1.6535967366568414,Medium,0.4302475657647,Base
251:30,0.87675507020281,0.48,0.18620689655172418,0.5143206555848447,0.42714411748883785,1.6535967366568414,Medium,0.4271441174888379,Base
252:00,0.895475819032761,0.7600000000000002,0.16551724137931034,0.6069976868040238,0.5195779224272419,1.7332530178673953,Medium,0.519577922427242,Base
252:30,0.895475819032761,0.7600000000000002,0.1586206896551724,0.6046988362293112,0.5164744741513798,1.7332530178673953,Medium,0.5164744741513799,Base
253:00,0.895475819032761,0.7600000000000002,0.16551724137931034,0.6069976868040238,0.5195779224272419,1.7332530178673953,Medium,0.519577922427242,Base
253:30,0.895475819032761,0.7600000000000002,0.15172413793103445,0.6023999856545985,0.5133710258755178,1.7332530178673953,Medium,0.5133710258755179,Base
254:00,0.895475819032761,0.7600000000000002,0.16551724137931034,0.6069976868040238,0.5195779224272419,1.7332530178673953,Medium,0.519577922427242,Base
254:30,0.895475819032761,0.7600000000000002,0.2068965517241378,0.6207907902522997,0.5381986120824143,1.7332530178673953,Medium,0.5381986120824144,Base
255:00,0.895475819032761,0.7600000000000002,0.21379310344827573,0.6230896408270122,0.5413020603582763,1.7332530178673953,Medium,0.5413020603582764,Base
255:30,0.895475819032761,0.7600000000000002,0.22068965517241368,0.625388491401725,0.5444055086341384,1.7332530178673953,Medium,0.5444055086341385,Base
256:00,0.9126365054602186,0.7600000000000002,0.2413793103448275,0.6380052719350154,0.5571479907472162,1.7332530178673953,Medium,0.5571479907472162,Base
256:30,0.9126365054602186,0.1200000000000001,0.26206896551724135,0.43156849032582006,0.3424583355748024,1.2333498686429556,Low,0.34245833557480243,Base
257:00,0.9126365054602186,0.1200000000000001,0.2827586206896552,0.4384650420499579,0.3517686804023886,1.2564189414959497,Low,0.3517686804023887,Base
257:30,0.9126365054602186,0.1200000000000001,0.29655172413793107,0.4430627431993832,0.35797557695411275,1.272037546741118,Low,0.3579755769541128,Base
258:00,0.9126365054602186,0.1200000000000001,0.3172413793103447,0.4499592949235211,0.3672859217816989,1.295830249512313,Low,0.36728592178169894,Base
258:30,0.9126365054602186,0.1200000000000001,0.32413793103448263,0.4522581454982338,0.37038937005756095,1.3038596377243508,Low,0.370389370057561,Base
259:00,0.9126365054602186,0.1200000000000001,0.2827586206896552,0.4384650420499579,0.3517686804023886,1.2564189414959497,Low,0.3517686804023887,Base
259:30,0.9126365054602186,0.1200000000000001,0.2413793103448275,0.424671938601682,0.3331479907472161,1.2214027581601699,Low,0.33314799074721624,Base
260:00,0.9126365054602186,0.1200000000000001,0.2413793103448275,0.424671938601682,0.3331479907472161,1.2214027581601699,Low,0.33314799074721624,Base
260:30,0.9126365054602186,0.1200000000000001,0.2551724137931034,0.4292696397511073,0.3393548872989403,1.2257546915164639,Low,0.33935488729894037,Base
261:00,0.9297971918876762,0.16000000000000014,0.24827586206896546,0.44602435131888063,0.3536835763085697,1.2214027581601699,Low,0.35368357630856984,Base
261:30,0.9297971918876762,0.16000000000000014,0.22758620689655162,0.43912779959474263,0.34437323148098353,1.2214027581601699,Low,0.34437323148098364,Base
262:00,0.9297971918876762,0.16000000000000014,0.24827586206896546,0.44602435131888063,0.3536835763085697,1.2214027581601699,Low,0.35368357630856984,Base
262:30,0.9297971918876762,0.16000000000000014,0.2827586206896552,0.4575186041924438,0.36920081768788016,1.2564189414959497,Low,0.3692008176878802,Base
263:00,0.9297971918876762,0.16000000000000014,0.2896551724137931,0.4598174547671565,0.3723042659637422,1.2642041243484299,Low,0.3723042659637423,Base
263:30,0.9297971918876762,0.16000000000000014,0.2896551724137931,0.4598174547671565,0.3723042659637422,1.2642041243484299,Low,0.3723042659637423,Base
264:00,0.9297971918876762,0.16000000000000014,0.303448275862069,0.46441515591658183,0.37851116251546635,1.2799195075819891,Low,0.37851116251546646,Base
264:30,0.9297971918876762,0.16000000000000014,0.303448275862069,0.46441515591658183,0.37851116251546635,1.2799195075819891,Low,0.37851116251546646,Base
265:00,0.9297971918876762,0.16000000000000014,0.303448275862069,0.46441515591658183,0.37851116251546635,1.2799195075819891,Low,0.37851116251546646,Base
265:30,0.946957878315132,0.16000000000000014,0.31034482758620674,0.4724342353004463,0.3850467480768195,1.2878503076311492,Low,0.38504674807681954,Base
266:00,0.946957878315132,0.1200000000000001,0.3310344827586206,0.46599745369125084,0.3803570929044057,1.3119387786529064,Low,0.3803570929044058,Base
266:30,0.946957878315132,0.1200000000000001,0.34482758620689646,0.47059515484067616,0.3865639894561299,1.3282475537062424,Low,0.3865639894561299,Base
267:00,0.946957878315132,0.1200000000000001,0.3172413793103447,0.4613997525418256,0.37415019635268154,1.295830249512313,Low,0.37415019635268165,Base
267:30,0.946957878315132,0.1200000000000001,0.22758620689655162,0.4315146950705612,0.3338053687664747,1.2214027581601699,Low,0.33380536876647476,Base
268:00,0.946957878315132,0.1200000000000001,0.18620689655172418,0.41772159162228545,0.3151846791113023,1.2214027581601699,Low,0.31518467911130243,Base
268:30,0.946957878315132,0.1200000000000001,0.2068965517241378,0.42461814334642334,0.32449502393888846,1.2214027581601699,Low,0.3244950239388885,Base
269:00,0.946957878315132,0.1200000000000001,0.17931034482758623,0.41542274104757276,0.31208123083544026,1.2214027581601699,Low,0.31208123083544037,Base
269:30,0.946957878315132,0.1200000000000001,0.15172413793103445,0.40622733874872213,0.29966743773199195,1.2214027581601699,Low,0.29966743773199206,Base
270:00,0.946957878315132,0.7600000000000002,0.16551724137931034,0.6241583732314808,0.5298743342837161,1.7332530178673953,Medium,0.5298743342837161,Base
270:30,0.946957878315132,0.7600000000000002,0.15172413793103445,0.6195606720820556,0.523667437731992,1.7332530178673953,Medium,0.523667437731992,Base
271:00,0.9641185647425896,0.7600000000000002,0.13793103448275856,0.6206831997417828,0.5208926784657594,1.7332530178673953,Medium,0.5208926784657594,Base
271:30,0.946957878315132,0.7600000000000002,0.1586206896551724,0.6218595226567682,0.526770886007854,1.7332530178673953,Medium,0.526770886007854,Base
272:00,0.946957878315132,0.7600000000000002,0.16551724137931034,0.6241583732314808,0.5298743342837161,1.7332530178673953,Medium,0.5298743342837161,Base
272:30,0.946957878315132,0.7600000000000002,0.15172413793103445,0.6195606720820556,0.523667437731992,1.7332530178673953,Medium,0.523667437731992,Base
273:00,0.9641185647425896,0.7600000000000002,0.1586206896551724,0.6275797514659208,0.5302030232933456,1.7332530178673953,Medium,0.5302030232933456,Base
273:30,0.9641185647425896,0.7600000000000002,0.1586206896551724,0.6275797514659208,0.5302030232933456,1.7332530178673953,Medium,0.5302030232933456,Base
274:00,0.9641185647425896,0.6400000000000001,0.13793103448275856,0.5806831997417827,0.47889267846575934,1.7332530178673953,Medium,0.47889267846575934,Base
274:30,0.9641185647425896,0.6400000000000001,0.1448275862068965,0.5829820503164954,0.4819961267416214,1.7332530178673953,Medium,0.4819961267416214,Base
275:00,0.9641185647425896,0.6400000000000001,0.16551724137931034,0.5898786020406334,0.4913064715692076,1.7332530178673953,Medium,0.4913064715692076,Base
275:30,0.9641185647425896,0.6400000000000001,0.18620689655172418,0.5967751537647713,0.5006168163967939,1.7332530178673953,Medium,0.5006168163967939,Base
276:00,0.9641185647425896,0.6400000000000001,0.2068965517241378,0.6036717054889092,0.50992716122438,1.7332530178673953,Medium,0.50992716122438,Base
276:30,0.9641185647425896,0.6400000000000001,0.21379310344827573,0.6059705560636218,0.513030609500242,1.7332530178673953,Medium,0.513030609500242,Base
277:00,0.9641185647425896,0.6400000000000001,0.22068965517241368,0.6082694066383345,0.5161340577761041,1.7332530178673953,Medium,0.5161340577761041,Base
277:30,0.9641185647425896,0.6400000000000001,0.23448275862068957,0.6128671077877598,0.5223409543278282,1.7332530178673953,Medium,0.5223409543278282,Base
278:00,0.9641185647425896,0.6400000000000001,0.24827586206896546,0.6174648089371851,0.5285478508795525,1.7332530178673953,Medium,0.5285478508795524,Base
278:30,0.9641185647425896,0.040000000000000036,0.26206896551724135,0.4220625100866104,0.3247547474312765,1.2333498686429556,Low,0.32475474743127664,Base
279:00,0.9828393135725442,0.040000000000000036,0.27586206896551724,0.4329004608460205,0.3347057937489916,1.2486817011164288,Low,0.3347057937489917,Base
279:30,0.9828393135725442,0.040000000000000036,0.2413793103448275,0.4214062079724572,0.31918855236968124,1.2214027581601699,Low,0.31918855236968136,Base
280:00,0.9828393135725442,0.040000000000000036,0.20000000000000007,0.4076131045241815,0.3005678627145089,1.2214027581601699,Low,0.30056786271450897,Base
280:30,0.9828393135725442,0.040000000000000036,0.20000000000000007,0.4076131045241815,0.3005678627145089,1.2214027581601699,Low,0.30056786271450897,Base
281:00,0.9828393135725442,0.040000000000000036,0.22068965517241368,0.4145096562483193,0.30987820754209505,1.2214027581601699,Low,0.3098782075420951,Base
281:30,0.9828393135725442,0.040000000000000036,0.23448275862068957,0.41910735739774463,0.3160851040938192,1.2214027581601699,Low,0.3160851040938193,Base
282:00,0.9828393135725442,0.040000000000000036,0.16551724137931034,0.39611885165061816,0.28505062133519854,1.2214027581601699,Low,0.28505062133519865,Base
282:30,0.9828393135725442,0.040000000000000036,0.05517241379310345,0.3593372424552159,0.2353954489214054,1.2214027581601699,Low,0.23539544892140557,Base
283:00,0.9828393135725442,0.3999999999999999,0.0,0.4609464378575147,0.3365678627145088,1.5269831069200792,Medium,0.3365678627145089,Base
283:30,0.9828393135725442,0.3999999999999999,0.020689655172413723,0.46784298958165255,0.345878207542095,1.5269831069200792,Medium,0.3458782075420951,Base
284:00,0.9828393135725442,0.3999999999999999,0.06896551724137934,0.4839349436046412,0.36760234547312953,1.5269831069200792,Medium,0.36760234547312964,Base
284:30,0.9828393135725442,0.3999999999999999,0.06896551724137934,0.4839349436046412,0.36760234547312953,1.5269831069200792,Medium,0.36760234547312964,Base
285:00,0.9828393135725442,0.3999999999999999,0.03448275862068961,0.47244069073107786,0.3520851040938191,1.5269831069200792,Medium,0.3520851040938192,Base
285:30,0.9828393135725442,0.3999999999999999,0.03448275862068961,0.47244069073107786,0.3520851040938191,1.5269831069200792,Medium,0.3520851040938192,Base
286:00,0.9828393135725442,0.3999999999999999,0.04137931034482756,0.4747395413057906,0.3551885523696812,1.5269831069200792,Medium,0.3551885523696813,Base
286:30,0.9828393135725442,0.3999999999999999,0.04137931034482756,0.4747395413057906,0.3551885523696812,1.5269831069200792,Medium,0.3551885523696813,Base
287:00,0.9828393135725442,0.8000000000000003,0.07586206896551728,0.6195671275126872,0.5107057937489917,1.7332530178673953,Medium,0.5107057937489917,Base
287:30,1.0,0.8000000000000003,0.0965517241379309,0.632183908045977,0.523448275862069,1.7332530178673953,Medium,0.523448275862069,Base
288:00,1.0,0.8000000000000003,0.0965517241379309,0.632183908045977,0.523448275862069,1.7332530178673953,Medium,0.523448275862069,Base
288:30,0.9828393135725442,0.8000000000000003,0.11724137931034473,0.633360230960963,0.5293264834041641,1.7332530178673953,Medium,0.529326483404164,Base
289:00,1.0,0.8000000000000003,0.15172413793103445,0.6505747126436782,0.5482758620689656,1.7332530178673953,Medium,0.5482758620689655,Base
289:30,1.0,0.8000000000000003,0.16551724137931034,0.6551724137931035,0.5544827586206897,1.7332530178673953,Medium,0.5544827586206896,Base
290:00,1.0,0.8000000000000003,0.16551724137931034,0.6551724137931035,0.5544827586206897,1.7332530178673953,Medium,0.5544827586206896,Base
290:30,0.9828393135725442,0.8000000000000003,0.1448275862068965,0.6425556332598137,0.5417402765076124,1.7332530178673953,Medium,0.5417402765076124,Base
291:00,1.0,0.8000000000000003,0.1448275862068965,0.6482758620689656,0.5451724137931035,1.7332530178673953,Medium,0.5451724137931034,Base
291:30,1.0,0.040000000000000036,0.16551724137931034,0.40183908045977007,0.28848275862068967,1.2214027581601699,Low,0.2884827586206898,Base
292:00,1.0,0.040000000000000036,0.17931034482758623,0.4064367816091954,0.29468965517241386,1.2214027581601699,Low,0.29468965517241397,Base
292:30,1.0,0.040000000000000036,0.19310344827586212,0.4110344827586207,0.300896551724138,1.2214027581601699,Low,0.3008965517241381,Base
293:00,0.9828393135725442,0.040000000000000036,0.19310344827586212,0.40531425394946874,0.2974644144386468,1.2214027581601699,Low,0.2974644144386469,Base
293:30,1.0,0.040000000000000036,0.21379310344827573,0.41793103448275853,0.3102068965517241,1.2214027581601699,Low,0.3102068965517242,Base
294:00,0.9828393135725442,0.040000000000000036,0.23448275862068957,0.41910735739774463,0.3160851040938192,1.2214027581601699,Low,0.3160851040938193,Base
294:30,0.9828393135725442,0.040000000000000036,0.2413793103448275,0.4214062079724572,0.31918855236968124,1.2214027581601699,Low,0.31918855236968136,Base
295:00,1.0,0.040000000000000036,0.22758620689655162,0.42252873563218385,0.31641379310344825,1.2214027581601699,Low,0.31641379310344836,Base
295:30,0.9828393135725442,0.040000000000000036,0.15172413793103445,0.39152115050119285,0.27884372478347436,1.2214027581601699,Low,0.2788437247834745,Base
296:00,0.9828393135725442,0.040000000000000036,0.05517241379310345,0.3593372424552159,0.2353954489214054,1.2214027581601699,Low,0.23539544892140557,Base
296:30,0.9828393135725442,0.040000000000000036,0.04137931034482756,0.3547395413057906,0.22918855236968128,1.2214027581601699,Low,0.22918855236968141,Base
297:00,1.0,0.040000000000000036,0.06896551724137934,0.36965517241379314,0.24503448275862072,1.2214027581601699,Low,0.24503448275862086,Base
297:30,0.9828393135725442,0.040000000000000036,0.08965517241379295,0.37083149532877907,0.25091269030071567,1.2214027581601699,Low,0.25091269030071583,Base
298:00,0.9828393135725442,0.040000000000000036,0.11034482758620678,0.37772804705291696,0.2602230351283019,1.2214027581601699,Low,0.260223035128302,Base
298:30,0.9828393135725442,0.040000000000000036,0.13103448275862062,0.38462459877705496,0.2695333799558881,1.2214027581601699,Low,0.2695333799558883,Base
299:00,1.0,0.040000000000000036,0.1448275862068965,0.39494252873563224,0.2791724137931034,1.2214027581601699,Low,0.27917241379310354,Base
299:30,0.9828393135725442,0.040000000000000036,0.1586206896551724,0.3938200010759056,0.2819471730593365,1.2214027581601699,Low,0.2819471730593366,Base
300:00,1.0,0.040000000000000036,0.1724137931034483,0.4041379310344828,0.29158620689655174,1.2214027581601699,Low,0.2915862068965519,Base
300:30,1.0,0.040000000000000036,0.19310344827586212,0.4110344827586207,0.300896551724138,1.2214027581601699,Low,0.3008965517241381,Base
301:00,1.0,0.040000000000000036,0.21379310344827573,0.41793103448275853,0.3102068965517241,1.2214027581601699,Low,0.3102068965517242,Base
301:30,1.0,0.0,0.22758620689655162,0.4091954022988505,0.30241379310344824,1.2214027581601699,Low,0.30241379310344835,Base
302:00,1.0,0.0,0.24827586206896546,0.41609195402298854,0.3117241379310345,1.2214027581601699,Low,0.3117241379310346,Base
302:30,1.0,0.0,0.2689655172413793,0.4229885057471264,0.3210344827586207,1.2409921079720088,Low,0.3210344827586208,Base
303:00,1.0,0.0,0.27586206896551724,0.4252873563218391,0.32413793103448274,1.2486817011164288,Low,0.32413793103448285,Base
303:30,0.0,0.384615384615385,0.5357142857142856,0.30677655677655685,0.3756868131868133,1.5885342358719052,Medium,0.37568681318681313,After_Lunch
304:00,0.03352769679300316,0.384615384615385,0.5357142857142856,0.3179524557075579,0.3823923525454139,1.5885342358719052,Medium,0.38239235254541376,After_Lunch
304:30,0.06559766763848351,0.384615384615385,0.5476190476190474,0.33261069995763864,0.3941634895716528,1.6055634689718503,Medium,0.3941634895716527,After_Lunch
305:00,0.09912536443148667,0.384615384615385,0.5119047619047619,0.33188183698387785,0.38479760035882493,1.5550157100473387,Medium,0.3847976003588248,After_Lunch
305:30,0.1311953352769688,0.384615384615385,0.4761904761904763,0.33066706536094337,0.37514016595649285,1.5060593400536717,Medium,0.37514016595649274,After_Lunch
306:00,0.14723032069970898,0.384615384615385,0.48809523809523814,0.33998031447011073,0.3837043058981837,1.5222044346855457,Medium,0.3837043058981836,After_Lunch
306:30,0.18075801749271214,0.384615384615385,0.4523809523809521,0.3392514514963498,0.3743384166853556,1.4742810580733579,Medium,0.37433841668535556,After_Lunch
307:00,0.19679300291545232,0.384615384615385,0.4166666666666665,0.33269168473250127,0.3614739851984752,1.4278664472836722,Low,0.36147398519847507,After_Lunch
307:30,0.23032069970845548,0.384615384615385,0.4523809523809521,0.3557723455682642,0.3842509531285043,1.4742810580733579,Medium,0.38425095312850427,After_Lunch
308:00,0.24635568513119743,0.3076923076923075,0.48809523809523814,0.34738107697291437,0.37660630186140426,1.409964571181749,Low,0.3766063018614042,After_Lunch
308:30,0.2623906705539376,0.3076923076923075,0.4523809523809521,0.34082131020906575,0.36374187037452355,1.3655748285066507,Low,0.36374187037452355,After_Lunch
309:00,0.2798833819241988,0.3076923076923075,0.44047619047619024,0.34268396003089885,0.361883269791433,1.351091008639381,Low,0.3618832697914329,After_Lunch
309:30,0.295918367346939,0.3076923076923075,0.46428571428571397,0.35596546310832017,0.3758045525902667,1.3848625937222236,Low,0.3758045525902666,After_Lunch
310:00,0.31195335276967917,0.3076923076923075,0.46428571428571397,0.3613104582492335,0.3790115496748147,1.3926408601649862,Low,0.37901154967481465,After_Lunch
310:30,0.32798833819241935,0.3076923076923075,0.4761904761904763,0.37062370735840106,0.3875756896165058,1.4154759044484677,Low,0.3875756896165058,After_Lunch
311:00,0.3440233236151595,0.3076923076923075,0.48809523809523814,0.37993695646756837,0.3961398295581967,1.4386853735117635,Low,0.39613982955819665,After_Lunch
311:30,0.3615160349854225,0.3076923076923075,0.5119047619047619,0.39370436819416393,0.41035265754653494,1.4787038602770408,Medium,0.41035265754653494,After_Lunch
312:00,0.3775510204081627,0.3076923076923075,0.5357142857142856,0.40698587127158525,0.4242739403453687,1.5190618371565838,Medium,0.42427394034536864,After_Lunch
312:30,0.3775510204081627,0.0,0.5595238095238093,0.3123582766439907,0.3272959183673468,1.3607541096871905,Low,0.3272959183673467,After_Lunch
313:00,0.39358600583090464,0.0,0.583333333333333,0.32563977972141256,0.3412172011661808,1.3978929069628063,Low,0.3412172011661808,After_Lunch
313:30,0.4096209912536448,0.0,0.5952380952380949,0.3349530288305799,0.34978134110787173,1.4208140687261328,Low,0.3497813411078717,After_Lunch
314:00,0.4096209912536448,0.0,0.6071428571428572,0.338921282798834,0.3551384839650147,1.4360453262096955,Low,0.35513848396501474,After_Lunch
314:30,0.4271137026239078,0.0,0.6190476190476191,0.3487204405571756,0.36399416909621013,1.4603354470984224,Medium,0.3639941690962102,After_Lunch
315:00,0.4271137026239078,0.0,0.6428571428571428,0.3566569484936835,0.3747084548104958,1.491813129979587,Medium,0.37470845481049586,After_Lunch
315:30,0.443148688046648,0.0,0.6547619047619047,0.3659701976028509,0.38327259475218667,1.5162742957116668,Medium,0.3832725947521867,After_Lunch
316:00,0.443148688046648,0.0,0.6666666666666665,0.36993845157110483,0.3886297376093295,1.5325288956076244,Medium,0.38862973760932956,After_Lunch
316:30,0.45918367346938815,0.07692307692307665,0.6666666666666665,0.4009244723530438,0.4187598116169544,1.5411365496343168,Medium,0.4187598116169544,After_Lunch
317:00,0.45918367346938815,0.07692307692307665,0.6428571428571428,0.3929879644165359,0.40804552590266874,1.5086181285190499,Medium,0.40804552590266874,After_Lunch
317:30,0.47521865889212833,0.07692307692307665,0.6547619047619047,0.4023012135257032,0.4166096658443596,1.5333548447514842,Medium,0.41660966584435966,After_Lunch
318:00,0.47521865889212833,0.07692307692307665,0.6666666666666665,0.40626946749395715,0.42196680870150244,1.5497925497039813,Medium,0.4219668087015025,After_Lunch
318:30,0.4927113702623913,0.07692307692307665,0.6785714285714284,0.41606862525229876,0.4308224938326979,1.5760066584773569,Medium,0.43082249383269794,After_Lunch
319:00,0.4927113702623913,0.07692307692307665,0.6785714285714284,0.41606862525229876,0.4308224938326979,1.5760066584773569,Medium,0.43082249383269794,After_Lunch
319:30,0.5087463556851315,0.07692307692307665,0.6785714285714284,0.4214136203932122,0.4340294909172459,1.5848585111887916,Medium,0.43402949091724596,After_Lunch
320:00,0.5087463556851315,0.07692307692307665,0.6547619047619047,0.41347711245670427,0.42331520520296023,1.5514175442042757,Medium,0.4233152052029603,After_Lunch
320:30,0.5087463556851315,0.07692307692307665,0.6309523809523809,0.40554060452019636,0.41260091948867456,1.5186821911688688,Medium,0.4126009194886746,After_Lunch
321:00,0.5247813411078734,0.23076923076923084,0.6428571428571428,0.4661359049114157,0.47501121327651974,1.6305084796645446,Medium,0.47501121327651974,After_Lunch
321:30,0.5247813411078734,0.23076923076923084,0.6428571428571428,0.4661359049114157,0.47501121327651974,1.6305084796645446,Medium,0.47501121327651974,After_Lunch
322:00,0.5247813411078734,0.23076923076923084,0.6428571428571428,0.4661359049114157,0.47501121327651974,1.6305084796645446,Medium,0.47501121327651974,After_Lunch
322:30,0.5422740524781364,0.23076923076923084,0.6428571428571428,0.47196680870150337,0.47850975555057235,1.6405015381077122,Medium,0.4785097555505724,After_Lunch
323:00,0.5422740524781364,0.23076923076923084,0.6428571428571428,0.47196680870150337,0.47850975555057235,1.6405015381077122,Medium,0.4785097555505724,After_Lunch
323:30,0.5583090379008766,0.23076923076923084,0.6428571428571428,0.4773118038424167,0.48171675263512037,1.649715634958192,Medium,0.4817167526351204,After_Lunch
324:00,0.5583090379008766,0.23076923076923084,0.6428571428571428,0.4773118038424167,0.48171675263512037,1.649715634958192,Medium,0.4817167526351204,After_Lunch
324:30,0.5583090379008766,0.23076923076923084,0.6428571428571428,0.4773118038424167,0.48171675263512037,1.649715634958192,Medium,0.4817167526351204,After_Lunch
325:00,0.5583090379008766,0.1538461538461542,0.6547619047619047,0.45563903216964513,0.4601508185691864,1.5785094109702285,Medium,0.46015081856918644,After_Lunch
325:30,0.5583090379008766,0.1538461538461542,0.6547619047619047,0.45563903216964513,0.4601508185691864,1.5785094109702285,Medium,0.46015081856918644,After_Lunch
326:00,0.5743440233236168,0.1538461538461542,0.6666666666666665,0.4649522812788125,0.4687149585108773,1.6043921301496198,Medium,0.4687149585108773,After_Lunch
326:30,0.5743440233236168,0.1538461538461542,0.6785714285714284,0.46892053524706645,0.47407210136802014,1.6215913613346116,Medium,0.47407210136802014,After_Lunch
327:00,0.5743440233236168,0.1538461538461542,0.6785714285714284,0.46892053524706645,0.47407210136802014,1.6215913613346116,Medium,0.47407210136802014,After_Lunch
327:30,0.590379008746357,0.1538461538461542,0.6904761904761902,0.4782337843562338,0.482636241309711,1.6481804925348833,Medium,0.482636241309711,After_Lunch
328:00,0.590379008746357,0.1538461538461542,0.7023809523809521,0.48220203832448777,0.48799338416685384,1.6658491389916927,Medium,0.48799338416685384,After_Lunch
328:30,0.590379008746357,0.1538461538461542,0.714285714285714,0.4861702922927417,0.4933505270239967,1.6837071949634366,Medium,0.4933505270239967,After_Lunch
329:00,0.590379008746357,0.1538461538461542,0.714285714285714,0.4861702922927417,0.4933505270239967,1.6837071949634366,Medium,0.4933505270239967,After_Lunch
329:30,0.590379008746357,0.07692307692307665,0.7261904761904758,0.4644975206199698,0.47178459295806235,1.7017566909375346,Medium,0.4717845929580624,After_Lunch
330:00,0.6078717201166182,0.07692307692307665,0.7261904761904758,0.4703284244100569,0.4752831352321146,1.712186415333747,Medium,0.4752831352321147,After_Lunch
330:30,0.6078717201166182,0.07692307692307665,0.7380952380952381,0.47429667837831097,0.48064027808925763,1.73054121116934,Medium,0.4806402780892577,After_Lunch
331:00,0.6078717201166182,0.07692307692307665,0.75,0.4782649323465649,0.48599742094640047,1.74909277210431,Medium,0.4859974209464005,After_Lunch
331:30,0.6078717201166182,0.07692307692307665,0.75,0.4782649323465649,0.48599742094640047,1.74909277210431,Medium,0.4859974209464005,After_Lunch
332:00,0.6078717201166182,0.07692307692307665,0.7380952380952381,0.47429667837831097,0.48064027808925763,1.73054121116934,Medium,0.4806402780892577,After_Lunch
332:30,0.6239067055393583,0.07692307692307665,0.7380952380952381,0.4796416735192244,0.48384727517380566,1.7402610279162685,Medium,0.4838472751738057,After_Lunch
333:00,0.6239067055393583,0.07692307692307665,0.75,0.48360992748747833,0.4892044180309485,1.7589167861806596,Medium,0.48920441803094855,After_Lunch
333:30,0.6239067055393583,0.07692307692307665,0.75,0.48360992748747833,0.4892044180309485,1.7589167861806596,Medium,0.48920441803094855,After_Lunch
334:00,0.6239067055393583,0.1538461538461542,0.7619047619047619,0.5132192070967582,0.5214846378111685,1.7646046838822342,Medium,0.5214846378111685,After_Lunch
334:30,0.6239067055393583,0.1538461538461542,0.75,0.5092509531285042,0.5161274949540257,1.7589167861806596,Medium,0.5161274949540257,After_Lunch
335:00,0.6399416909620985,0.1538461538461542,0.7380952380952381,0.5106276943011636,0.5139773491814309,1.7500354373172082,Medium,0.5139773491814309,After_Lunch
335:30,0.6399416909620985,0.1538461538461542,0.7261904761904758,0.5066594403329095,0.5086202063242878,1.7314738781068932,Medium,0.5086202063242878,After_Lunch
336:00,0.6399416909620985,0.1538461538461542,0.714285714285714,0.5026911863646556,0.503263063467145,1.713109190041569,Medium,0.503263063467145,After_Lunch
336:30,0.6399416909620985,0.1538461538461542,0.714285714285714,0.5026911863646556,0.503263063467145,1.713109190041569,Medium,0.503263063467145,After_Lunch
337:00,0.6399416909620985,0.1538461538461542,0.714285714285714,0.5026911863646556,0.503263063467145,1.713109190041569,Medium,0.503263063467145,After_Lunch
337:30,0.6399416909620985,0.1538461538461542,0.714285714285714,0.5026911863646556,0.503263063467145,1.713109190041569,Medium,0.503263063467145,After_Lunch
338:00,0.6559766763848387,0.23076923076923084,0.714285714285714,0.5336772071465945,0.5333931374747698,1.8197440470604942,Medium,0.5333931374747699,After_Lunch
338:30,0.6559766763848387,0.23076923076923084,0.7261904761904758,0.5376454611148485,0.5387502803319126,1.83925187059986,Medium,0.5387502803319127,After_Lunch
339:00,0.6559766763848387,0.23076923076923084,0.7023809523809521,0.5297089531783405,0.528035994617627,1.8004431311150944,Medium,0.5280359946176271,After_Lunch
339:30,0.6559766763848387,0.23076923076923084,0.6904761904761902,0.5257406992100866,0.5226788517604841,1.7813469282209244,Medium,0.5226788517604842,After_Lunch
340:00,0.6559766763848387,0.23076923076923084,0.7023809523809521,0.5297089531783405,0.528035994617627,1.8004431311150944,Medium,0.5280359946176271,After_Lunch
340:30,0.6720116618075789,0.23076923076923084,0.7023809523809521,0.5350539483192539,0.531242991702175,1.8105555613679862,Medium,0.531242991702175,After_Lunch
341:00,0.6559766763848387,0.23076923076923084,0.7023809523809521,0.5297089531783405,0.528035994617627,1.8004431311150944,Medium,0.5280359946176271,After_Lunch
341:30,0.6720116618075789,0.23076923076923084,0.7023809523809521,0.5350539483192539,0.531242991702175,1.8105555613679862,Medium,0.531242991702175,After_Lunch
342:00,0.6720116618075789,0.23076923076923084,0.714285714285714,0.5390222022875079,0.5366001345593179,1.8299648834956985,Medium,0.5366001345593179,After_Lunch
342:30,0.6720116618075789,0.23076923076923084,0.714285714285714,0.5390222022875079,0.5366001345593179,1.8299648834956985,Medium,0.5366001345593179,After_Lunch
343:00,0.6720116618075789,0.23076923076923084,0.714285714285714,0.5390222022875079,0.5366001345593179,1.8299648834956985,Medium,0.5366001345593179,After_Lunch
343:30,0.6720116618075789,0.23076923076923084,0.7261904761904758,0.5429904562557618,0.5419572774164607,1.8495822753416207,Medium,0.5419572774164607,After_Lunch
344:00,0.6720116618075789,0.23076923076923084,0.7261904761904758,0.5429904562557618,0.5419572774164607,1.8495822753416207,Medium,0.5419572774164607,After_Lunch
344:30,0.6720116618075789,0.23076923076923084,0.7380952380952381,0.546958710224016,0.5473144202736038,1.8694099674322682,High,0.5473144202736038,After_Lunch
345:00,0.6720116618075789,0.23076923076923084,0.7380952380952381,0.546958710224016,0.5473144202736038,1.8694099674322682,High,0.5473144202736038,After_Lunch
345:30,0.6895043731778436,0.23076923076923084,0.75,0.5567578679823582,0.5561701054047996,1.9010302744453995,High,0.5561701054047995,After_Lunch
346:00,0.6895043731778436,0.23076923076923084,0.7619047619047619,0.5607261219506121,0.5615272482619424,1.9071777316836243,High,0.5615272482619423,After_Lunch
346:30,0.6895043731778436,0.07692307692307665,0.7738095238095237,0.5134123246368146,0.5130382372729313,1.8055035773557202,Medium,0.5130382372729313,After_Lunch
347:00,0.6895043731778436,0.07692307692307665,0.7738095238095237,0.5134123246368146,0.5130382372729313,1.8055035773557202,Medium,0.5130382372729313,After_Lunch
347:30,0.6895043731778436,0.07692307692307665,0.7857142857142856,0.5173805786050686,0.5183953801300741,1.8055035773557202,Medium,0.5183953801300741,After_Lunch
348:00,0.6895043731778436,0.07692307692307665,0.7976190476190474,0.5213488325733225,0.523752522987217,1.8055035773557202,Medium,0.523752522987217,After_Lunch
348:30,0.7055393586005838,0.07692307692307665,0.8095238095238093,0.53066208168249,0.5323166629289078,1.8156444302834371,Medium,0.5323166629289079,After_Lunch
349:00,0.7055393586005838,0.07692307692307665,0.8214285714285712,0.5346303356507439,0.5376738057860506,1.8156444302834371,Medium,0.5376738057860507,After_Lunch
349:30,0.7055393586005838,0.07692307692307665,0.8214285714285712,0.5346303356507439,0.5376738057860506,1.8156444302834371,Medium,0.5376738057860507,After_Lunch
350:00,0.7055393586005838,0.07692307692307665,0.833333333333333,0.5385985896189979,0.5430309486431935,1.8156444302834371,Medium,0.5430309486431936,After_Lunch
350:30,0.7055393586005838,0.07692307692307665,0.8452380952380949,0.5425668435872518,0.5483880915003363,1.8156444302834371,Medium,0.5483880915003364,After_Lunch
351:00,0.7055393586005838,0.1538461538461542,0.8571428571428568,0.5721761231965315,0.5806683112805563,1.8156444302834371,Medium,0.5806683112805563,After_Lunch
351:30,0.7055393586005838,0.1538461538461542,0.8571428571428568,0.5721761231965315,0.5806683112805563,1.8156444302834371,Medium,0.5806683112805563,After_Lunch
352:00,0.7055393586005838,0.1538461538461542,0.8690476190476191,0.5761443771647857,0.5860254541376992,1.8156444302834371,Medium,0.5860254541376994,After_Lunch
352:30,0.7055393586005838,0.1538461538461542,0.8690476190476191,0.5761443771647857,0.5860254541376992,1.8156444302834371,Medium,0.5860254541376994,After_Lunch
353:00,0.7055393586005838,0.1538461538461542,0.8571428571428568,0.5721761231965315,0.5806683112805563,1.8156444302834371,Medium,0.5806683112805563,After_Lunch
353:30,0.721574344023324,0.1538461538461542,0.8571428571428568,0.577521118337445,0.5838753083651044,1.8258422406713284,Medium,0.5838753083651044,After_Lunch
354:00,0.721574344023324,0.1538461538461542,0.8690476190476191,0.5814893723056991,0.5892324512222473,1.8258422406713284,Medium,0.5892324512222474,After_Lunch
354:30,0.721574344023324,0.1538461538461542,0.8690476190476191,0.5814893723056991,0.5892324512222473,1.8258422406713284,Medium,0.5892324512222474,After_Lunch
355:00,0.721574344023324,0.3076923076923075,0.8690476190476191,0.6327714235877502,0.643078605068401,2.0821923520700865,High,0.643078605068401,After_Lunch
355:30,0.721574344023324,0.3076923076923075,0.8690476190476191,0.6327714235877502,0.643078605068401,2.0821923520700865,High,0.643078605068401,After_Lunch
356:00,0.721574344023324,0.3076923076923075,0.8690476190476191,0.6327714235877502,0.643078605068401,2.0821923520700865,High,0.643078605068401,After_Lunch
356:30,0.721574344023324,0.3076923076923075,0.8690476190476191,0.6327714235877502,0.643078605068401,2.0821923520700865,High,0.643078605068401,After_Lunch
357:00,0.721574344023324,0.3076923076923075,0.8809523809523809,0.6367396775560041,0.6484357479255438,2.0821923520700865,High,0.6484357479255438,After_Lunch
357:30,0.721574344023324,0.3076923076923075,0.8809523809523809,0.6367396775560041,0.6484357479255438,2.0821923520700865,High,0.6484357479255438,After_Lunch
358:00,0.7376093294460642,0.3076923076923075,0.8809523809523809,0.6420846726969175,0.6516427450100919,2.093887264599966,High,0.6516427450100919,After_Lunch
358:30,0.7376093294460642,0.3076923076923075,0.8928571428571428,0.6460529266651714,0.6569998878672347,2.093887264599966,High,0.6569998878672347,After_Lunch
359:00,0.7376093294460642,0.3076923076923075,0.8928571428571428,0.6460529266651714,0.6569998878672347,2.093887264599966,High,0.6569998878672347,After_Lunch
359:30,0.7376093294460642,0.3076923076923075,0.9047619047619047,0.6500211806334254,0.6623570307243776,2.093887264599966,High,0.6623570307243776,After_Lunch
360:00,0.7376093294460642,0.3076923076923075,0.9166666666666665,0.6539894346016794,0.6677141735815204,2.093887264599966,High,0.6677141735815204,After_Lunch
360:30,0.7376093294460642,0.3076923076923075,0.9166666666666665,0.6539894346016794,0.6677141735815204,2.093887264599966,High,0.6677141735815204,After_Lunch
361:00,0.7376093294460642,0.3076923076923075,0.9166666666666665,0.6539894346016794,0.6677141735815204,2.093887264599966,High,0.6677141735815204,After_Lunch
361:30,0.7376093294460642,0.3076923076923075,0.9285714285714284,0.6579576885699333,0.6730713164386632,2.093887264599966,High,0.6730713164386632,After_Lunch
362:00,0.7376093294460642,0.3076923076923075,0.9285714285714284,0.6579576885699333,0.6730713164386632,2.093887264599966,High,0.6730713164386632,After_Lunch
362:30,0.7376093294460642,0.3076923076923075,0.9404761904761902,0.6619259425381873,0.6784284592958061,2.093887264599966,High,0.6784284592958061,After_Lunch
363:00,0.7376093294460642,0.3076923076923075,0.9404761904761902,0.6619259425381873,0.6784284592958061,2.093887264599966,High,0.6784284592958061,After_Lunch
363:30,0.7376093294460642,0.23076923076923084,0.9404761904761902,0.6362849168971617,0.6515053823727293,1.9394943227481145,High,0.6515053823727293,After_Lunch
364:00,0.7376093294460642,0.23076923076923084,0.9523809523809521,0.6402531708654157,0.6568625252298721,1.9394943227481145,High,0.6568625252298721,After_Lunch
364:30,0.7376093294460642,0.23076923076923084,0.9523809523809521,0.6402531708654157,0.6568625252298721,1.9394943227481145,High,0.6568625252298721,After_Lunch
365:00,0.7376093294460642,0.23076923076923084,0.9523809523809521,0.6402531708654157,0.6568625252298721,1.9394943227481145,High,0.6568625252298721,After_Lunch
365:30,0.7376093294460642,0.23076923076923084,0.964285714285714,0.6442214248336696,0.6622196680870149,1.9394943227481145,High,0.6622196680870149,After_Lunch
366:00,0.7376093294460642,0.23076923076923084,0.964285714285714,0.6442214248336696,0.6622196680870149,1.9394943227481145,High,0.6622196680870149,After_Lunch
366:30,0.7376093294460642,0.23076923076923084,0.964285714285714,0.6442214248336696,0.6622196680870149,1.9394943227481145,High,0.6622196680870149,After_Lunch
367:00,0.7376093294460642,0.23076923076923084,0.9761904761904758,0.6481896788019236,0.6675768109441578,1.9394943227481145,High,0.6675768109441578,After_Lunch
367:30,0.7376093294460642,0.23076923076923084,0.9761904761904758,0.6481896788019236,0.6675768109441578,1.9394943227481145,High,0.6675768109441578,After_Lunch
368:00,0.7376093294460642,0.1538461538461542,0.9880952380952381,0.6265169071291522,0.646010876878224,1.8360973284286057,Medium,0.646010876878224,After_Lunch
368:30,0.7376093294460642,0.1538461538461542,0.9880952380952381,0.6265169071291522,0.646010876878224,1.8360973284286057,Medium,0.646010876878224,After_Lunch
369:00,0.7376093294460642,0.1538461538461542,0.9880952380952381,0.6265169071291522,0.646010876878224,1.8360973284286057,Medium,0.646010876878224,After_Lunch
369:30,0.7376093294460642,0.1538461538461542,1.0,0.6304851610974062,0.6513680197353668,1.8360973284286057,Medium,0.6513680197353668,After_Lunch
370:00,0.7376093294460642,0.1538461538461542,1.0,0.6304851610974062,0.6513680197353668,1.8360973284286057,Medium,0.6513680197353668,After_Lunch
370:30,0.7376093294460642,0.1538461538461542,0.9880952380952381,0.6265169071291522,0.646010876878224,1.8360973284286057,Medium,0.646010876878224,After_Lunch
371:00,0.7376093294460642,0.1538461538461542,0.9285714285714284,0.6066756372878822,0.6192251625925096,1.8360973284286057,Medium,0.6192251625925096,After_Lunch
371:30,0.7376093294460642,0.1538461538461542,0.8571428571428568,0.5828661134783584,0.5870823054496523,1.8360973284286057,Medium,0.5870823054496523,After_Lunch
372:00,0.7376093294460642,0.3076923076923075,0.7619047619047619,0.6024021330143778,0.5980713164386633,2.093887264599966,High,0.5980713164386633,After_Lunch
372:30,0.7551020408163271,0.3076923076923075,0.6428571428571428,0.5685504971219258,0.5479984301412874,1.907772788531973,High,0.5479984301412874,After_Lunch
373:00,0.7551020408163271,0.3076923076923075,0.5357142857142856,0.53283621140764,0.4997841444270016,1.7331995130435145,Medium,0.49978414442700164,After_Lunch
373:30,0.7551020408163271,0.3076923076923075,0.4761904761904763,0.5129949415663703,0.4729984301412874,1.6432137601132242,Medium,0.47299843014128745,After_Lunch
374:00,0.7551020408163271,0.3076923076923075,0.4166666666666665,0.4931536717251004,0.446212715855573,1.557899965413646,Medium,0.44621271585557304,After_Lunch
374:30,0.7376093294460642,0.3076923076923075,0.3571428571428572,0.46748149809374295,0.4159284592958062,1.468018376879103,Medium,0.41592845929580624,After_Lunch
375:00,0.7551020408163271,0.3076923076923075,0.3095238095238093,0.45743938601081463,0.3979984301412873,1.4153422659431054,Low,0.39799843014128733,After_Lunch
375:30,0.7551020408163271,0.3076923076923075,0.29761904761904745,0.4534711320425607,0.39264128728414444,1.4003305932009598,Low,0.3926412872841445,After_Lunch
376:00,0.7551020408163271,0.6153846153846159,0.25,0.5401622187336477,0.478905023547881,1.671551765750188,Medium,0.478905023547881,After_Lunch
376:30,0.7551020408163271,0.6153846153846159,0.15476190476190466,0.5084161869876159,0.4360478806907381,1.671551765750188,Medium,0.4360478806907381,After_Lunch
377:00,0.7551020408163271,0.6153846153846159,0.08333333333333304,0.48460666317809203,0.4039050235478808,1.671551765750188,Medium,0.4039050235478809,After_Lunch
377:30,0.7551020408163271,0.6153846153846159,0.05952380952380931,0.4766701552415841,0.39319073783359515,1.671551765750188,Medium,0.3931907378335952,After_Lunch
378:00,0.7551020408163271,0.6153846153846159,0.05952380952380931,0.4766701552415841,0.39319073783359515,1.671551765750188,Medium,0.3931907378335952,After_Lunch
378:30,0.7551020408163271,0.6153846153846159,0.03571428571428559,0.4687336473050762,0.3824764521193095,1.671551765750188,Medium,0.38247645211930953,After_Lunch
379:00,0.7551020408163271,0.6153846153846159,0.0,0.45682888540031436,0.36640502354788096,1.671551765750188,Medium,0.366405023547881,After_Lunch
379:30,0.7551020408163271,0.6153846153846159,0.023809523809523725,0.46476539333682226,0.37711930926216664,1.671551765750188,Medium,0.3771193092621667,After_Lunch
380:00,0.7551020408163271,0.1538461538461542,0.03571428571428559,0.3148874934589223,0.22093799058084793,1.1779226206724422,Low,0.22093799058084806,After_Lunch
380:30,0.7551020408163271,0.1538461538461542,0.03571428571428559,0.3148874934589223,0.22093799058084793,1.1779226206724422,Low,0.22093799058084806,After_Lunch
381:00,0.7551020408163271,0.1538461538461542,0.04761904761904745,0.31885574742717626,0.22629513343799076,1.1779226206724422,Low,0.2262951334379909,After_Lunch
381:30,0.7551020408163271,0.1538461538461542,0.04761904761904745,0.31885574742717626,0.22629513343799076,1.1779226206724422,Low,0.2262951334379909,After_Lunch
382:00,0.7551020408163271,0.1538461538461542,0.03571428571428559,0.3148874934589223,0.22093799058084793,1.1779226206724422,Low,0.22093799058084806,After_Lunch
382:30,0.7551020408163271,0.1538461538461542,0.04761904761904745,0.31885574742717626,0.22629513343799076,1.1779226206724422,Low,0.2262951334379909,After_Lunch
383:00,0.7551020408163271,0.1538461538461542,0.0952380952380949,0.3347287633001921,0.24772370486656212,1.1779226206724422,Low,0.24772370486656226,After_Lunch
383:30,0.7551020408163271,0.1538461538461542,0.13095238095238093,0.3466335252049541,0.2637951334379908,1.1779226206724422,Low,0.26379513343799094,After_Lunch
384:00,0.7551020408163271,0.6923076923076925,0.15476190476190466,0.5340572126286415,0.4629709576138149,1.671551765750188,Medium,0.4629709576138149,After_Lunch
384:30,0.7551020408163271,0.6923076923076925,0.17857142857142838,0.5419937205651494,0.4736852433281006,1.671551765750188,Medium,0.4736852433281006,After_Lunch
385:00,0.7551020408163271,0.6923076923076925,0.2023809523809521,0.5499302285016573,0.48439952904238626,1.671551765750188,Medium,0.48439952904238626,After_Lunch
385:30,0.7551020408163271,0.6923076923076925,0.2023809523809521,0.5499302285016573,0.48439952904238626,1.671551765750188,Medium,0.48439952904238626,After_Lunch
386:00,0.7551020408163271,0.6923076923076925,0.2023809523809521,0.5499302285016573,0.48439952904238626,1.671551765750188,Medium,0.48439952904238626,After_Lunch
386:30,0.7551020408163271,0.6923076923076925,0.22619047619047628,0.5578667364381653,0.49511381475667215,1.671551765750188,Medium,0.49511381475667215,After_Lunch
387:00,0.7551020408163271,0.6923076923076925,0.25,0.5658032443746732,0.5058281004709578,1.671551765750188,Medium,0.5058281004709578,After_Lunch
387:30,0.7551020408163271,0.6923076923076925,0.25,0.5658032443746732,0.5058281004709578,1.671551765750188,Medium,0.5058281004709578,After_Lunch
388:00,0.7551020408163271,0.6923076923076925,0.26190476190476186,0.5697714983429272,0.5111852433281007,1.6876537614914706,Medium,0.5111852433281007,After_Lunch
388:30,0.7551020408163271,0.6923076923076925,0.2857142857142856,0.5777080062794351,0.5218995290423863,1.7240313143496064,Medium,0.5218995290423862,After_Lunch
389:00,0.7551020408163271,0.6923076923076925,0.29761904761904745,0.581676260247689,0.5272566718995292,1.7425130885919788,Medium,0.5272566718995291,After_Lunch
389:30,0.7551020408163271,0.6923076923076925,0.2857142857142856,0.5777080062794351,0.5218995290423863,1.7240313143496064,Medium,0.5218995290423862,After_Lunch
390:00,0.7711370262390673,0.6923076923076925,0.19047619047619024,0.5513069696743167,0.48224938326979144,1.680940260367498,Medium,0.48224938326979144,After_Lunch
390:30,0.7711370262390673,0.6923076923076925,0.0952380952380949,0.519560937928285,0.4393922404126485,1.680940260367498,Medium,0.43939224041264857,After_Lunch
391:00,0.7711370262390673,0.6923076923076925,0.04761904761904745,0.5036879220552691,0.41796366898407716,1.680940260367498,Medium,0.4179636689840772,After_Lunch
391:30,0.7711370262390673,1.0,0.023809523809523725,0.5983155166828636,0.5149416909620992,1.680940260367498,Medium,0.5149416909620991,After_Lunch
392:00,0.7711370262390673,1.0,0.04761904761904745,0.6062520246193716,0.5256559766763849,1.680940260367498,Medium,0.5256559766763848,After_Lunch
392:30,0.7711370262390673,1.0,0.07142857142857117,0.6141885325558795,0.5363702623906705,1.680940260367498,Medium,0.5363702623906704,After_Lunch
393:00,0.7711370262390673,1.0,0.0952380952380949,0.6221250404923874,0.5470845481049562,1.680940260367498,Medium,0.5470845481049561,After_Lunch
393:30,0.7711370262390673,1.0,0.13095238095238093,0.6340298023971495,0.563155976676385,1.680940260367498,Medium,0.5631559766763847,After_Lunch
394:00,0.7871720116618075,1.0,0.15476190476190466,0.6473113054745707,0.5770772594752186,1.6903814867236542,Medium,0.5770772594752185,After_Lunch
394:30,0.7871720116618075,1.0,0.19047619047619024,0.6592160673793326,0.5931486880466471,1.6903814867236542,Medium,0.593148688046647,After_Lunch
395:00,0.7871720116618075,1.0,0.21428571428571397,0.6671525753158405,0.6038629737609328,1.6903814867236542,Medium,0.6038629737609327,After_Lunch
395:30,0.7871720116618075,0.6153846153846159,0.25,0.5508522090154745,0.48531901771697705,1.6903814867236542,Medium,0.48531901771697705,After_Lunch
396:00,0.7871720116618075,0.6153846153846159,0.26190476190476186,0.5548204629837284,0.4906761605741199,1.706664868463945,Medium,0.4906761605741199,After_Lunch
396:30,0.7871720116618075,0.6153846153846159,0.22619047619047628,0.5429157010789666,0.4746047320026914,1.6903814867236542,Medium,0.4746047320026914,After_Lunch
397:00,0.8032069970845477,0.6153846153846159,0.17857142857142838,0.532387680346864,0.4563831576586679,1.6998757409935379,Medium,0.4563831576586679,After_Lunch
397:30,0.8032069970845477,0.6153846153846159,0.19047619047619024,0.536355934315118,0.4617403005158107,1.6998757409935379,Medium,0.4617403005158107,After_Lunch
398:00,0.8032069970845477,0.6153846153846159,0.2023809523809521,0.5403241882833719,0.46709744337295356,1.6998757409935379,Medium,0.46709744337295356,After_Lunch
398:30,0.8032069970845477,0.6153846153846159,0.17857142857142838,0.532387680346864,0.4563831576586679,1.6998757409935379,Medium,0.4563831576586679,After_Lunch
399:00,0.8032069970845477,0.6153846153846159,0.17857142857142838,0.532387680346864,0.4563831576586679,1.6998757409935379,Medium,0.4563831576586679,After_Lunch
399:30,0.8032069970845477,0.6153846153846159,0.19047619047619024,0.536355934315118,0.4617403005158107,1.6998757409935379,Medium,0.4617403005158107,After_Lunch
400:00,0.8206997084548107,0.3076923076923075,0.2023809523809521,0.44359098950935677,0.3629036779546982,1.3744384129010672,Low,0.3629036779546983,After_Lunch
400:30,0.8206997084548107,0.3076923076923075,0.22619047619047628,0.4515274974458648,0.3736179636689841,1.3744384129010672,Low,0.37361796366898414,After_Lunch
401:00,0.8206997084548107,0.3076923076923075,0.22619047619047628,0.4515274974458648,0.3736179636689841,1.3744384129010672,Low,0.37361796366898414,After_Lunch
401:30,0.8206997084548107,0.3076923076923075,0.23809523809523814,0.45549575141411874,0.3789751065261269,1.3744384129010672,Low,0.378975106526127,After_Lunch
402:00,0.8206997084548107,0.3076923076923075,0.26190476190476186,0.46343225935062665,0.3896893922404126,1.3876783268090018,Low,0.38968939224041266,After_Lunch
402:30,0.8367346938775526,0.3076923076923075,0.2857142857142856,0.4767137624280486,0.4036106750392467,1.4255519615062895,Low,0.40361067503924675,After_Lunch
403:00,0.8367346938775526,0.3076923076923075,0.2738095238095237,0.47274550845979463,0.39825353218210385,1.4104320007462703,Low,0.3982535321821039,After_Lunch
403:30,0.8367346938775526,0.3076923076923075,0.26190476190476186,0.4687772544915407,0.392896389324961,1.395472408194186,Low,0.39289638932496107,After_Lunch
404:00,0.8367346938775526,0.4615384615384617,0.2738095238095237,0.524027559741846,0.4520996860282578,1.6439239342174508,Medium,0.45209968602825784,After_Lunch
404:30,0.8367346938775526,0.4615384615384617,0.2857142857142856,0.5279958137101,0.4574568288854006,1.6615469499776379,Medium,0.4574568288854007,After_Lunch
405:00,0.8527696793002928,0.4615384615384617,0.26190476190476186,0.5254043009145054,0.44994954025566297,1.6356232220521718,Medium,0.449949540255663,After_Lunch
405:30,0.8527696793002928,0.4615384615384617,0.2023809523809521,0.5055630310732355,0.4231638259699486,1.620017652499474,Medium,0.4231638259699486,After_Lunch
406:00,0.8527696793002928,0.4615384615384617,0.15476190476190466,0.4896900152002197,0.40173525454137726,1.620017652499474,Medium,0.40173525454137726,After_Lunch
406:30,0.8527696793002928,0.4615384615384617,0.1428571428571428,0.48572176123196575,0.3963781116842344,1.620017652499474,Medium,0.3963781116842344,After_Lunch
407:00,0.8527696793002928,0.4615384615384617,0.16666666666666652,0.49365826916847366,0.4070923973985201,1.620017652499474,Medium,0.4070923973985201,After_Lunch
407:30,0.8702623906705558,0.4615384615384617,0.19047619047619024,0.5074256808950692,0.4213052253868584,1.6234766948908328,Medium,0.42130522538685844,After_Lunch
408:00,0.8702623906705558,0.5384615384615383,0.2023809523809521,0.5370349605043487,0.45358544516707805,1.7332530178673953,Medium,0.4535854451670781,After_Lunch
408:30,0.8702623906705558,0.5384615384615383,0.19047619047619024,0.5330667065360948,0.4482283023099352,1.7332530178673953,Medium,0.44822830230993527,After_Lunch
409:00,0.8702623906705558,0.5384615384615383,0.17857142857142838,0.5290984525678408,0.4428711594527924,1.7332530178673953,Medium,0.44287115945279243,After_Lunch
409:30,0.8702623906705558,0.5384615384615383,0.2023809523809521,0.5370349605043487,0.45358544516707805,1.7332530178673953,Medium,0.4535854451670781,After_Lunch
410:00,0.8702623906705558,0.5384615384615383,0.21428571428571397,0.5410032144726027,0.4589425880242209,1.7332530178673953,Medium,0.45894258802422094,After_Lunch
410:30,0.886297376093296,0.5384615384615383,0.22619047619047628,0.5503164635817702,0.4675067279659119,1.7332530178673953,Medium,0.467506727965912,After_Lunch
411:00,0.886297376093296,0.5384615384615383,0.25,0.5582529715182781,0.4782210136801976,1.7332530178673953,Medium,0.47822101368019765,After_Lunch
411:30,0.886297376093296,0.5384615384615383,0.26190476190476186,0.5622212254865321,0.48357815653734043,1.7499493794663081,Medium,0.4835781565373405,After_Lunch
412:00,0.886297376093296,0.384615384615385,0.25,0.506970920236227,0.42437485983404394,1.5037695133296503,Medium,0.424374859834044,After_Lunch
412:30,0.9023323615160361,0.384615384615385,0.22619047619047628,0.5043794074406325,0.4168675712043063,1.5037695133296503,Medium,0.4168675712043064,After_Lunch
413:00,0.886297376093296,0.384615384615385,0.25,0.506970920236227,0.42437485983404394,1.5037695133296503,Medium,0.424374859834044,After_Lunch
413:30,0.9023323615160361,0.384615384615385,0.23809523809523814,0.5083476614088864,0.4222247140614491,1.5037695133296503,Medium,0.42222471406144924,After_Lunch
414:00,0.9023323615160361,0.384615384615385,0.21428571428571397,0.5004111534723784,0.4115104283471633,1.5037695133296503,Medium,0.4115104283471634,After_Lunch
414:30,0.9023323615160361,0.384615384615385,0.22619047619047628,0.5043794074406325,0.4168675712043063,1.5037695133296503,Medium,0.4168675712043064,After_Lunch
415:00,0.9023323615160361,0.384615384615385,0.25,0.5123159153771404,0.42758185691859196,1.5037695133296503,Medium,0.4275818569185921,After_Lunch
415:30,0.9023323615160361,0.384615384615385,0.26190476190476186,0.5162841693453943,0.4329389997757348,1.5182552688986006,Medium,0.4329389997757349,After_Lunch
416:00,0.9023323615160361,0.384615384615385,0.2738095238095237,0.5202524233136483,0.43829614263287764,1.534531105009305,Medium,0.43829614263287775,After_Lunch
416:30,0.9023323615160361,0.384615384615385,0.25,0.5123159153771404,0.42758185691859196,1.5037695133296503,Medium,0.4275818569185921,After_Lunch
417:00,0.9023323615160361,0.384615384615385,0.2023809523809521,0.4964428995041244,0.40615328549002044,1.5037695133296503,Medium,0.40615328549002055,After_Lunch
417:30,0.9183673469387763,0.384615384615385,0.17857142857142838,0.4938513867085299,0.3986459968602828,1.5037695133296503,Medium,0.3986459968602829,After_Lunch
418:00,0.9183673469387763,0.384615384615385,0.21428571428571397,0.5057561486132918,0.4147174254317113,1.5037695133296503,Medium,0.4147174254317114,After_Lunch
418:30,0.9183673469387763,0.384615384615385,0.22619047619047628,0.5097244025815458,0.42007456828885437,1.5037695133296503,Medium,0.4200745682888544,After_Lunch
419:00,0.9183673469387763,0.384615384615385,0.23809523809523814,0.5136926565497998,0.4254317111459972,1.5037695133296503,Medium,0.42543171114599726,After_Lunch
419:30,0.9183673469387763,0.384615384615385,0.25,0.5176609105180537,0.43078885400314004,1.5037695133296503,Medium,0.4307888540031401,After_Lunch
420:00,0.9183673469387763,0.4615384615384617,0.26190476190476186,0.5472701901273332,0.4630690737833597,1.6391155852697208,Medium,0.46306907378335976,After_Lunch
420:30,0.9183673469387763,0.4615384615384617,0.2857142857142856,0.5552066980638412,0.4737833594976454,1.6744468926766667,Medium,0.47378335949764544,After_Lunch
421:00,0.9183673469387763,0.4615384615384617,0.29761904761904745,0.5591749520320951,0.4791405023547882,1.6923971173586163,Medium,0.4791405023547883,After_Lunch
421:30,0.9183673469387763,0.4615384615384617,0.29761904761904745,0.5591749520320951,0.4791405023547882,1.6923971173586163,Medium,0.4791405023547883,After_Lunch
422:00,0.9183673469387763,0.4615384615384617,0.29761904761904745,0.5591749520320951,0.4791405023547882,1.6923971173586163,Medium,0.4791405023547883,After_Lunch
422:30,0.9183673469387763,0.4615384615384617,0.3095238095238093,0.5631432060003491,0.48449764521193106,1.7105397700999692,Medium,0.4844976452119311,After_Lunch
423:00,0.9183673469387763,0.4615384615384617,0.29761904761904745,0.5591749520320951,0.4791405023547882,1.6923971173586163,Medium,0.4791405023547883,After_Lunch
423:30,0.9183673469387763,0.4615384615384617,0.2857142857142856,0.5552066980638412,0.4737833594976454,1.6744468926766667,Medium,0.47378335949764544,After_Lunch
424:00,0.9183673469387763,0.4615384615384617,0.3095238095238093,0.5631432060003491,0.48449764521193106,1.7105397700999692,Medium,0.4844976452119311,After_Lunch
424:30,0.9358600583090375,0.3076923076923075,0.2738095238095237,0.5057872966036229,0.41807860506840083,1.4213823335013867,Low,0.4180786050684009,After_Lunch
425:00,0.9358600583090375,0.3076923076923075,0.22619047619047628,0.4899142807306071,0.3966500336398295,1.3928889501994044,Low,0.39665003363982954,After_Lunch
425:30,0.9358600583090375,0.3076923076923075,0.17857142857142838,0.4740412648575911,0.3752214622112579,1.3928889501994044,Low,0.375221462211258,After_Lunch
426:00,0.9358600583090375,0.3076923076923075,0.16666666666666652,0.4700730108893372,0.36986431935411507,1.3928889501994044,Low,0.3698643193541152,After_Lunch
426:30,0.9358600583090375,0.3076923076923075,0.16666666666666652,0.4700730108893372,0.36986431935411507,1.3928889501994044,Low,0.3698643193541152,After_Lunch
427:00,0.9358600583090375,0.3076923076923075,0.16666666666666652,0.4700730108893372,0.36986431935411507,1.3928889501994044,Low,0.3698643193541152,After_Lunch
427:30,0.9358600583090375,0.3076923076923075,0.16666666666666652,0.4700730108893372,0.36986431935411507,1.3928889501994044,Low,0.3698643193541152,After_Lunch
428:00,0.9358600583090375,0.3076923076923075,0.19047619047619024,0.4780095188258451,0.38057860506840074,1.3928889501994044,Low,0.38057860506840085,After_Lunch
428:30,0.9358600583090375,0.384615384615385,0.21428571428571397,0.5115870524033789,0.4182159677057636,1.5037695133296503,Medium,0.41821596770576364,After_Lunch
429:00,0.9358600583090375,0.384615384615385,0.22619047619047628,0.5155553063716329,0.4235731105629066,1.5037695133296503,Medium,0.4235731105629067,After_Lunch
429:30,0.9358600583090375,0.384615384615385,0.23809523809523814,0.5195235603398869,0.4289302534200494,1.5037695133296503,Medium,0.42893025342004953,After_Lunch
430:00,0.9358600583090375,0.384615384615385,0.25,0.5234918143081408,0.43428739627719226,1.5037695133296503,Medium,0.4342873962771924,After_Lunch
430:30,0.9358600583090375,0.384615384615385,0.26190476190476186,0.5274600682763948,0.4396445391343351,1.5182552688986006,Medium,0.4396445391343352,After_Lunch
431:00,0.9358600583090375,0.384615384615385,0.2857142857142856,0.5353965762129027,0.4503588248486208,1.550981419579942,Medium,0.4503588248486209,After_Lunch
431:30,0.9358600583090375,0.384615384615385,0.29761904761904745,0.5393648301811567,0.4557159677057636,1.5676080830356487,Medium,0.4557159677057637,After_Lunch
432:00,0.9518950437317777,0.384615384615385,0.29761904761904745,0.54470982532207,0.45892296479031164,1.5676080830356487,Medium,0.45892296479031175,After_Lunch
432:30,0.9518950437317777,0.384615384615385,0.2857142857142856,0.5407415713538161,0.4535658219331688,1.550981419579942,Medium,0.4535658219331689,After_Lunch
433:00,0.9518950437317777,0.384615384615385,0.26190476190476186,0.5328050634173082,0.4428515362188831,1.5182552688986006,Medium,0.44285153621888323,After_Lunch
433:30,0.9518950437317777,0.384615384615385,0.2738095238095237,0.5367733173855621,0.44820867907602596,1.534531105009305,Medium,0.4482086790760261,After_Lunch
434:00,0.9518950437317777,0.384615384615385,0.29761904761904745,0.54470982532207,0.45892296479031164,1.5676080830356487,Medium,0.45892296479031175,After_Lunch
434:30,0.9518950437317777,0.384615384615385,0.3095238095238093,0.548678079290324,0.4642801076474545,1.584412985852691,Medium,0.4642801076474546,After_Lunch
435:00,0.9518950437317777,0.384615384615385,0.3214285714285712,0.5526463332585779,0.4696372505045973,1.6013980387734144,Medium,0.4696372505045974,After_Lunch
435:30,0.9518950437317777,0.384615384615385,0.3214285714285712,0.5526463332585779,0.4696372505045973,1.6013980387734144,Medium,0.4696372505045974,After_Lunch
436:00,0.9518950437317777,0.384615384615385,0.26190476190476186,0.5328050634173082,0.4428515362188831,1.5182552688986006,Medium,0.44285153621888323,After_Lunch
436:30,0.9518950437317777,0.384615384615385,0.21428571428571397,0.5169320475442922,0.4214229647903116,1.5037695133296503,Medium,0.4214229647903117,After_Lunch
437:00,0.9679300291545179,0.23076923076923084,0.2023809523809521,0.46702673743490025,0.3654266651715628,1.290184174097092,Low,0.36542666517156297,After_Lunch
437:30,0.9679300291545179,0.23076923076923084,0.21428571428571397,0.4709949914031542,0.37078380802870564,1.290184174097092,Low,0.3707838080287058,After_Lunch
438:00,0.9679300291545179,0.23076923076923084,0.23809523809523814,0.4789314993396623,0.38149809374299154,1.290184174097092,Low,0.38149809374299165,After_Lunch
438:30,0.9679300291545179,0.23076923076923084,0.25,0.48289975330791624,0.3868552366001344,1.290184174097092,Low,0.3868552366001345,After_Lunch
439:00,0.9679300291545179,0.23076923076923084,0.25,0.48289975330791624,0.3868552366001344,1.290184174097092,Low,0.3868552366001345,After_Lunch
439:30,0.9679300291545179,0.23076923076923084,0.25,0.48289975330791624,0.3868552366001344,1.290184174097092,Low,0.3868552366001345,After_Lunch
440:00,0.9679300291545179,0.23076923076923084,0.26190476190476186,0.4868680072761702,0.3922123794572772,1.3026124700688044,Low,0.3922123794572773,After_Lunch
440:30,0.9679300291545179,0.23076923076923084,0.2738095238095237,0.49083626124442414,0.39756952231442005,1.3165765955442126,Low,0.39756952231442017,After_Lunch
441:00,0.9679300291545179,0.5384615384615383,0.2857142857142856,0.5973686177767806,0.5106189728638705,1.7876697208675791,Medium,0.5106189728638706,After_Lunch
441:30,0.9679300291545179,0.5384615384615383,0.29761904761904745,0.6013368717450346,0.5159761157210133,1.8068337046804042,Medium,0.5159761157210134,After_Lunch
442:00,0.9679300291545179,0.5384615384615383,0.2857142857142856,0.5973686177767806,0.5106189728638705,1.7876697208675791,Medium,0.5106189728638706,After_Lunch
442:30,0.9679300291545179,0.5384615384615383,0.2857142857142856,0.5973686177767806,0.5106189728638705,1.7876697208675791,Medium,0.5106189728638706,After_Lunch
443:00,0.9679300291545179,0.5384615384615383,0.29761904761904745,0.6013368717450346,0.5159761157210133,1.8068337046804042,Medium,0.5159761157210134,After_Lunch
443:30,0.9679300291545179,0.5384615384615383,0.3095238095238093,0.6053051257132885,0.5213332585781562,1.826203128162141,Medium,0.5213332585781563,After_Lunch
444:00,0.9679300291545179,0.5384615384615383,0.3214285714285712,0.6092733796815425,0.526690401435299,1.845780193644933,Medium,0.5266904014352991,After_Lunch
444:30,0.9679300291545179,0.5384615384615383,0.3214285714285712,0.6092733796815425,0.526690401435299,1.845780193644933,Medium,0.5266904014352991,After_Lunch
445:00,0.9679300291545179,0.4615384615384617,0.33333333333333304,0.5876006080087709,0.505124467369365,1.7474106332607657,Medium,0.5051244673693651,After_Lunch
445:30,0.9679300291545179,0.4615384615384617,0.33333333333333304,0.5876006080087709,0.505124467369365,1.7474106332607657,Medium,0.5051244673693651,After_Lunch
446:00,0.9679300291545179,0.4615384615384617,0.33333333333333304,0.5876006080087709,0.505124467369365,1.7474106332607657,Medium,0.5051244673693651,After_Lunch
446:30,0.9679300291545179,0.4615384615384617,0.33333333333333304,0.5876006080087709,0.505124467369365,1.7474106332607657,Medium,0.5051244673693651,After_Lunch
447:00,0.9839650145772598,0.4615384615384617,0.3095238095238093,0.5850090952131769,0.49761717873962774,1.7105397700999692,Medium,0.49761717873962785,After_Lunch
447:30,0.9839650145772598,0.4615384615384617,0.2738095238095237,0.573104333308415,0.4815457501681992,1.6566870550869828,Medium,0.48154575016819934,After_Lunch
448:00,0.9839650145772598,0.4615384615384617,0.25,0.5651678253719071,0.47083146445391355,1.6234766948908328,Medium,0.47083146445391366,After_Lunch
448:30,0.9839650145772598,0.4615384615384617,0.23809523809523814,0.5611995714036532,0.4654743215967707,1.6234766948908328,Medium,0.4654743215967708,After_Lunch
449:00,0.9839650145772598,0.5384615384615383,0.2023809523809521,0.5749358351399168,0.47632596994841886,1.7332530178673953,Medium,0.4763259699484189,After_Lunch
449:30,0.9839650145772598,0.5384615384615383,0.19047619047619024,0.5709675811716628,0.470968827091276,1.7332530178673953,Medium,0.4709688270912761,After_Lunch
450:00,0.9839650145772598,0.5384615384615383,0.2023809523809521,0.5749358351399168,0.47632596994841886,1.7332530178673953,Medium,0.4763259699484189,After_Lunch
450:30,0.9839650145772598,0.5384615384615383,0.21428571428571397,0.5789040891081707,0.4816831128055617,1.7332530178673953,Medium,0.48168311280556175,After_Lunch
451:00,0.9839650145772598,0.5384615384615383,0.21428571428571397,0.5789040891081707,0.4816831128055617,1.7332530178673953,Medium,0.48168311280556175,After_Lunch
451:30,0.9839650145772598,0.5384615384615383,0.19047619047619024,0.5709675811716628,0.470968827091276,1.7332530178673953,Medium,0.4709688270912761,After_Lunch
452:00,0.9839650145772598,0.5384615384615383,0.19047619047619024,0.5709675811716628,0.470968827091276,1.7332530178673953,Medium,0.4709688270912761,After_Lunch
452:30,0.9839650145772598,0.5384615384615383,0.22619047619047628,0.5828723430764248,0.4870402556627047,1.7332530178673953,Medium,0.4870402556627048,After_Lunch
453:00,0.9839650145772598,0.23076923076923084,0.23809523809523814,0.48427649448057625,0.38470509082753995,1.290184174097092,Low,0.38470509082754,After_Lunch
453:30,0.9839650145772598,0.23076923076923084,0.25,0.4882447484488302,0.3900622336846828,1.290184174097092,Low,0.39006223368468285,After_Lunch
454:00,0.9839650145772598,0.23076923076923084,0.23809523809523814,0.48427649448057625,0.38470509082753995,1.290184174097092,Low,0.38470509082754,After_Lunch
454:30,0.9839650145772598,0.23076923076923084,0.22619047619047628,0.4803082405123223,0.3793479479703971,1.290184174097092,Low,0.37934794797039717,After_Lunch
455:00,0.9839650145772598,0.23076923076923084,0.23809523809523814,0.48427649448057625,0.38470509082753995,1.290184174097092,Low,0.38470509082754,After_Lunch
455:30,0.9839650145772598,0.23076923076923084,0.25,0.4882447484488302,0.3900622336846828,1.290184174097092,Low,0.39006223368468285,After_Lunch
456:00,0.9839650145772598,0.23076923076923084,0.22619047619047628,0.4803082405123223,0.3793479479703971,1.290184174097092,Low,0.37934794797039717,After_Lunch
456:30,0.9839650145772598,0.23076923076923084,0.22619047619047628,0.4803082405123223,0.3793479479703971,1.290184174097092,Low,0.37934794797039717,After_Lunch
457:00,0.9839650145772598,0.6153846153846159,0.23809523809523814,0.6124816226857046,0.5193204754429247,1.7332530178673953,Medium,0.5193204754429247,After_Lunch
457:30,0.9839650145772598,0.6153846153846159,0.25,0.6164498766539586,0.5246776183000675,1.7332530178673953,Medium,0.5246776183000675,After_Lunch
458:00,1.0,0.6153846153846159,0.26190476190476186,0.6257631257631259,0.5332417582417583,1.7499493794663081,Medium,0.5332417582417585,After_Lunch
458:30,1.0,0.6153846153846159,0.26190476190476186,0.6257631257631259,0.5332417582417583,1.7499493794663081,Medium,0.5332417582417585,After_Lunch
459:00,1.0,0.6153846153846159,0.2738095238095237,0.6297313797313798,0.5385989010989012,1.7687089977503163,Medium,0.5385989010989013,After_Lunch
459:30,1.0,0.6153846153846159,0.2857142857142856,0.6336996336996338,0.543956043956044,1.7876697208675791,Medium,0.543956043956044,After_Lunch
460:00,1.0,0.6153846153846159,0.29761904761904745,0.6376678876678877,0.5493131868131869,1.8068337046804042,Medium,0.5493131868131869,After_Lunch
460:30,0.0,0.4666666666666668,0.96,0.47555555555555556,0.5953333333333334,2.0952571499832904,High,0.5953333333333333,Stress_Induced
461:00,0.032640949554895826,0.4666666666666668,0.952,0.48376920540718754,0.5982615232443125,2.0952571499832904,High,0.5982615232443125,Stress_Induced
461:30,0.032640949554895826,0.4666666666666668,0.952,0.48376920540718754,0.5982615232443125,2.0952571499832904,High,0.5982615232443125,Stress_Induced
462:00,0.032640949554895826,0.4666666666666668,0.8960000000000001,0.46510253874052093,0.5730615232443126,2.0952571499832904,High,0.5730615232443124,Stress_Induced
462:30,0.06824925816023963,0.4666666666666668,0.8480000000000001,0.4609719749423022,0.5585831849653813,2.0952571499832904,High,0.5585831849653813,Stress_Induced
463:00,0.06824925816023963,0.4666666666666668,0.8640000000000001,0.4663053082756355,0.5657831849653813,2.0952571499832904,High,0.5657831849653812,Stress_Induced
463:30,0.06824925816023963,0.4666666666666668,0.8640000000000001,0.4663053082756355,0.5657831849653813,2.0952571499832904,High,0.5657831849653812,Stress_Induced
464:00,0.06824925816023963,0.4666666666666668,0.8640000000000001,0.4663053082756355,0.5657831849653813,2.0952571499832904,High,0.5657831849653812,Stress_Induced
464:30,0.10089020771513546,0.4666666666666668,0.8560000000000001,0.47451895812726747,0.5687113748763605,2.0952571499832904,High,0.5687113748763604,Stress_Induced
465:00,0.10089020771513546,0.5333333333333332,0.8560000000000001,0.4967411803494896,0.5920447082096937,2.225540928492468,High,0.5920447082096936,Stress_Induced
465:30,0.1335311572700313,0.5333333333333332,0.8880000000000001,0.5182881635344548,0.612972898120673,2.225540928492468,High,0.6129728981206728,Stress_Induced
466:00,0.1335311572700313,0.5333333333333332,0.9120000000000001,0.5262881635344548,0.623772898120673,2.225540928492468,High,0.6237728981206727,Stress_Induced
466:30,0.1335311572700313,0.5333333333333332,0.9359999999999999,0.5342881635344549,0.6345728981206729,2.225540928492468,High,0.6345728981206726,Stress_Induced
467:00,0.1661721068249271,0.5333333333333332,0.952,0.5505018133860867,0.6483010880316521,2.225540928492468,High,0.648301088031652,Stress_Induced
467:30,0.1661721068249271,0.5333333333333332,0.976,0.5585018133860867,0.659101088031652,2.225540928492468,High,0.6591010880316519,Stress_Induced
468:00,0.1661721068249271,0.5333333333333332,0.984,0.5611684800527534,0.6627010880316521,2.225540928492468,High,0.662701088031652,Stress_Induced
468:30,0.1661721068249271,0.5333333333333332,0.952,0.5505018133860867,0.6483010880316521,2.225540928492468,High,0.648301088031652,Stress_Induced
469:00,0.20178041543026737,0.5333333333333332,0.9040000000000001,0.5463712495878669,0.6338227497527201,2.225540928492468,High,0.63382274975272,Stress_Induced
469:30,0.20178041543026737,0.4666666666666668,0.8640000000000001,0.5108156940323114,0.5924894164193868,2.0952571499832904,High,0.5924894164193868,Stress_Induced
470:00,0.20178041543026737,0.4666666666666668,0.8640000000000001,0.5108156940323114,0.5924894164193868,2.0952571499832904,High,0.5924894164193868,Stress_Induced
470:30,0.2344213649851632,0.4666666666666668,0.8960000000000001,0.5323626772172767,0.6134176063303661,2.0952571499832904,High,0.613417606330366,Stress_Induced
471:00,0.2344213649851632,0.4666666666666668,0.8880000000000001,0.52969601055061,0.6098176063303661,2.0952571499832904,High,0.609817606330366,Stress_Induced
471:30,0.267062314540059,0.4666666666666668,0.8960000000000001,0.5432429937355753,0.6199457962413453,2.0952571499832904,High,0.619945796241345,Stress_Induced
472:00,0.267062314540059,0.4666666666666668,0.9279999999999999,0.5539096604022419,0.6343457962413451,2.0952571499832904,High,0.634345796241345,Stress_Induced
472:30,0.29970326409495485,0.4666666666666668,0.9359999999999999,0.5674566435872072,0.6444739861523243,2.1050953364387524,High,0.6444739861523243,Stress_Induced
473:00,0.29970326409495485,0.4666666666666668,0.944,0.5701233102538739,0.6480739861523244,2.1050953364387524,High,0.6480739861523244,Stress_Induced
473:30,0.3323442136498507,0.4666666666666668,0.968,0.5890036267721724,0.6654021760633034,2.1292334558496346,High,0.6654021760633035,Stress_Induced
474:00,0.3323442136498507,0.0,0.968,0.4334480712166169,0.5020688427299701,1.5937436484056173,Medium,0.5020688427299702,Stress_Induced
474:30,0.36795252225519093,0.0,0.96,0.4426508407517303,0.5055905044510381,1.613690033799626,Medium,0.5055905044510383,Stress_Induced
475:00,0.36795252225519093,0.0,1.0,0.45598417408506364,0.5235905044510382,1.613690033799626,Medium,0.5235905044510383,Stress_Induced
475:30,0.36795252225519093,0.0,0.96,0.4426508407517303,0.5055905044510381,1.613690033799626,Medium,0.5055905044510383,Stress_Induced
476:00,0.4005934718100903,0.0,0.8800000000000001,0.42686449060336346,0.47611869436201815,1.632193444098328,Medium,0.4761186943620182,Stress_Induced
476:30,0.4005934718100903,0.0,0.9040000000000001,0.43486449060336346,0.4869186943620181,1.632193444098328,Medium,0.48691869436201823,Stress_Induced
477:00,0.4005934718100903,0.0,0.9279999999999999,0.4428644906033634,0.49771869436201804,1.632193444098328,Medium,0.49771869436201815,Stress_Induced
477:30,0.43323442136498613,0.0,0.8800000000000001,0.4377448071216621,0.4826468842729973,1.6509090241356459,Medium,0.48264688427299735,Stress_Induced
478:00,0.43323442136498613,0.0,0.8480000000000001,0.4270781404549954,0.46824688427299727,1.6509090241356459,Medium,0.4682468842729974,Stress_Induced
478:30,0.43323442136498613,0.0,0.8960000000000001,0.44307814045499544,0.4898468842729973,1.6509090241356459,Medium,0.4898468842729974,Stress_Induced
479:00,0.46587537091988196,0.20000000000000018,0.9200000000000002,0.5286251236399607,0.5771750741839765,1.7106515477897513,Medium,0.5771750741839765,Stress_Induced
479:30,0.46587537091988196,0.20000000000000018,0.9359999999999999,0.533958456973294,0.5843750741839764,1.7106515477897513,Medium,0.5843750741839764,Stress_Induced
480:00,0.46587537091988196,0.20000000000000018,0.8640000000000001,0.5099584569732941,0.5519750741839765,1.7106515477897513,Medium,0.5519750741839766,Stress_Induced
480:30,0.46587537091988196,0.20000000000000018,0.744,0.469958456973294,0.49797507418397646,1.6959984362106195,Medium,0.4979750741839765,Stress_Induced
481:00,0.5014836795252222,0.20000000000000018,0.6880000000000001,0.4631612265084075,0.47989673590504456,1.6332149552919042,Medium,0.47989673590504456,Stress_Induced
481:30,0.5014836795252222,0.20000000000000018,0.664,0.4551612265084075,0.4690967359050445,1.5984809156348174,Medium,0.4690967359050445,Stress_Induced
482:00,0.5014836795252222,0.20000000000000018,0.672,0.45782789317507416,0.4726967359050445,1.609976065666718,Medium,0.4726967359050445,Stress_Induced
482:30,0.5014836795252222,0.20000000000000018,0.7120000000000001,0.4711612265084075,0.49069673590504453,1.668703744973905,Medium,0.4906967359050446,Stress_Induced
483:00,0.534124629080118,0.4666666666666668,0.68,0.5602637652489283,0.576158259149357,2.138950872823004,High,0.576158259149357,Stress_Induced
483:30,0.534124629080118,0.4666666666666668,0.648,0.5495970985822617,0.5617582591493571,2.0785139956464436,High,0.5617582591493571,Stress_Induced
484:00,0.534124629080118,0.4666666666666668,0.6960000000000001,0.5655970985822617,0.583358259149357,2.169825147482886,High,0.5833582591493569,Stress_Induced
484:30,0.534124629080118,0.4666666666666668,0.7120000000000001,0.570930431915595,0.590558259149357,2.20114507091754,High,0.590558259149357,Stress_Induced
485:00,0.5667655786350174,0.4666666666666668,0.7120000000000001,0.5818107484338948,0.5970864490603368,2.226384546604362,High,0.5970864490603369,Stress_Induced
485:30,0.5667655786350174,0.4666666666666668,0.6960000000000001,0.5764774151005615,0.5898864490603368,2.194705492616939,High,0.5898864490603368,Stress_Induced
486:00,0.5667655786350174,0.4666666666666668,0.6960000000000001,0.5764774151005615,0.5898864490603368,2.194705492616939,High,0.5898864490603368,Stress_Induced
486:30,0.5667655786350174,0.4666666666666668,0.7040000000000001,0.5791440817672281,0.5934864490603369,2.210488270294612,High,0.5934864490603369,Stress_Induced
487:00,0.5994065281899132,0.4666666666666668,0.656,0.5740243982855268,0.5784146389713161,2.141745889232435,High,0.5784146389713161,Stress_Induced
487:30,0.5994065281899132,0.2666666666666666,0.648,0.5046910649521933,0.504814638971316,1.7424789592925243,Medium,0.504814638971316,Stress_Induced
488:00,0.5994065281899132,0.2666666666666666,0.672,0.5126910649521933,0.515614638971316,1.7803419908005795,Medium,0.5156146389713159,Stress_Induced
488:30,0.5994065281899132,0.2666666666666666,0.68,0.51535773161886,0.519214638971316,1.7931449577250973,Medium,0.5192146389713159,Stress_Induced
489:00,0.5994065281899132,0.2666666666666666,0.648,0.5046910649521933,0.504814638971316,1.7424789592925243,Medium,0.504814638971316,Stress_Induced
489:30,0.6350148367952535,0.2666666666666666,0.608,0.50322716782064,0.49393630069238403,1.7021952394358513,Medium,0.493936300692384,Stress_Induced
490:00,0.5994065281899132,0.2666666666666666,0.5760000000000001,0.4806910649521933,0.472414638971316,1.6336531897487303,Medium,0.47241463897131597,Stress_Induced
490:30,0.6350148367952535,0.2666666666666666,0.5840000000000001,0.4952271678206401,0.48313630069238406,1.665994176765505,Medium,0.48313630069238406,Stress_Induced
491:00,0.6350148367952535,0.2666666666666666,0.616,0.5058938344873067,0.497536300692384,1.7144362299096922,Medium,0.497536300692384,Stress_Induced
491:30,0.6350148367952535,0.2666666666666666,0.56,0.4872271678206401,0.4723363006923841,1.63056301222911,Medium,0.472336300692384,Stress_Induced
492:00,0.6676557863501493,0.7333333333333334,0.472,0.6243297065611609,0.6025978239366965,1.9758054651000707,High,0.6025978239366963,Stress_Induced
492:30,0.6676557863501493,0.7333333333333334,0.44000000000000006,0.6136630398944942,0.5881978239366965,1.9199783239832533,Medium,0.5881978239366963,Stress_Induced
493:00,0.6676557863501493,0.7333333333333334,0.44800000000000006,0.6163297065611609,0.5917978239366966,1.9337854571659596,Medium,0.5917978239366963,Stress_Induced
493:30,0.6676557863501493,0.7333333333333334,0.4640000000000001,0.6216630398944942,0.5989978239366965,1.9616983111246056,High,0.5989978239366964,Stress_Induced
494:00,0.6676557863501493,0.7333333333333334,0.42400000000000004,0.6083297065611609,0.5809978239366965,1.8926591005036824,Medium,0.5809978239366964,Stress_Induced
494:30,0.7002967359050452,0.7333333333333334,0.40800000000000003,0.6138766897461262,0.5803260138476758,1.8871220159039093,Medium,0.5803260138476756,Stress_Induced
495:00,0.7002967359050452,0.7333333333333334,0.384,0.6058766897461262,0.5695260138476756,1.8469880637099356,Medium,0.5695260138476756,Stress_Induced
495:30,0.7002967359050452,1.0,0.4,0.7000989119683484,0.670059347181009,1.8736480573998522,Medium,0.6700593471810088,Stress_Induced
496:00,0.7002967359050452,1.0,0.392,0.6974322453016817,0.666459347181009,1.8602703022977156,Medium,0.6664593471810087,Stress_Induced
496:30,0.7002967359050452,1.0,0.36,0.686765578635015,0.652059347181009,1.8077076515123867,Medium,0.6520593471810088,Stress_Induced
497:00,0.7002967359050452,1.0,0.4,0.7000989119683484,0.670059347181009,1.8736480573998522,Medium,0.6700593471810088,Stress_Induced
497:30,0.735905044510389,1.0,0.40800000000000003,0.7146350148367963,0.6807810089020778,1.9107401574114204,Medium,0.6807810089020776,Stress_Induced
498:00,0.735905044510389,1.0,0.368,0.701301681503463,0.6627810089020778,1.8434943472777725,Medium,0.6627810089020776,Stress_Induced
498:30,0.735905044510389,1.0,0.36,0.6986350148367962,0.6591810089020778,1.8303318881848525,Medium,0.6591810089020775,Stress_Induced
499:00,0.735905044510389,1.0,0.392,0.709301681503463,0.6735810089020777,1.883552383091439,Medium,0.6735810089020775,Stress_Induced
499:30,0.735905044510389,1.0,0.40800000000000003,0.7146350148367963,0.6807810089020778,1.9107401574114204,Medium,0.6807810089020776,Stress_Induced
500:00,0.735905044510389,0.7999999999999998,0.41600000000000004,0.6506350148367962,0.6143810089020778,1.9244808562002447,Medium,0.6143810089020776,Stress_Induced
500:30,0.735905044510389,0.7999999999999998,0.43200000000000005,0.6559683481701296,0.6215810089020777,1.9522594046872377,High,0.6215810089020777,Stress_Induced
501:00,0.735905044510389,0.7999999999999998,0.44000000000000006,0.6586350148367962,0.6251810089020777,1.966298680688951,High,0.6251810089020775,Stress_Induced
501:30,0.735905044510389,0.7999999999999998,0.45600000000000007,0.6639683481701296,0.6323810089020778,1.994680840514263,High,0.6323810089020776,Stress_Induced
502:00,0.7685459940652848,0.7999999999999998,0.4640000000000001,0.6775153313550949,0.6425091988130569,2.0320617106189887,High,0.6425091988130567,Stress_Induced
502:30,0.735905044510389,0.7999999999999998,0.48,0.6719683481701296,0.6431810089020777,2.03802406891317,High,0.6431810089020775,Stress_Induced
503:00,0.7685459940652848,0.7999999999999998,0.496,0.6881819980217615,0.6569091988130569,2.091147896363759,High,0.6569091988130566,Stress_Induced
503:30,0.7685459940652848,0.7999999999999998,0.488,0.6855153313550949,0.6533091988130569,2.0762172030943287,High,0.6533091988130568,Stress_Induced
504:00,0.7685459940652848,0.7999999999999998,0.472,0.6801819980217615,0.646109198813057,2.0466748686549536,High,0.6461091988130567,Stress_Induced
504:30,0.7685459940652848,0.7999999999999998,0.44800000000000006,0.6721819980217615,0.6353091988130569,2.00314766127623,High,0.6353091988130568,Stress_Induced
505:00,0.7685459940652848,0.7999999999999998,0.43200000000000005,0.6668486646884282,0.6281091988130569,1.9746450277113612,High,0.6281091988130567,Stress_Induced
505:30,0.7685459940652848,0.7999999999999998,0.45600000000000007,0.6748486646884282,0.638909198813057,2.017552889813648,High,0.6389091988130569,Stress_Induced
506:00,0.7685459940652848,0.7999999999999998,0.44800000000000006,0.6721819980217615,0.6353091988130569,2.00314766127623,High,0.6353091988130568,Stress_Induced
506:30,0.7685459940652848,0.7999999999999998,0.41600000000000004,0.6615153313550949,0.620909198813057,1.946547955921013,Medium,0.6209091988130568,Stress_Induced
507:00,0.8011869436201806,0.7999999999999998,0.4,0.6670623145400602,0.6202373887240361,1.94085321633131,Medium,0.6202373887240358,Stress_Induced
507:30,0.8011869436201806,0.7999999999999998,0.4,0.6670623145400602,0.6202373887240361,1.94085321633131,Medium,0.6202373887240358,Stress_Induced
508:00,0.8011869436201806,0.7333333333333334,0.41600000000000004,0.6501734256511713,0.6041040553907029,1.968868088499197,High,0.6041040553907027,Stress_Induced
508:30,0.8011869436201806,0.7333333333333334,0.44000000000000006,0.6581734256511713,0.6149040553907028,2.011650421148033,High,0.6149040553907026,Stress_Induced
509:00,0.8011869436201806,0.7333333333333334,0.44000000000000006,0.6581734256511713,0.6149040553907028,2.011650421148033,High,0.6149040553907026,Stress_Induced
509:30,0.8011869436201806,0.7333333333333334,0.44000000000000006,0.6581734256511713,0.6149040553907028,2.011650421148033,High,0.6149040553907026,Stress_Induced
510:00,0.8011869436201806,0.7333333333333334,0.45600000000000007,0.6635067589845046,0.6221040553907029,2.0406872019415156,High,0.6221040553907027,Stress_Induced
510:30,0.8011869436201806,0.7333333333333334,0.45600000000000007,0.6635067589845046,0.6221040553907029,2.0406872019415156,High,0.6221040553907027,Stress_Induced
511:00,0.8011869436201806,0.7333333333333334,0.40800000000000003,0.6475067589845046,0.6005040553907028,1.9548104670519197,High,0.6005040553907026,Stress_Induced
511:30,0.8338278931750764,0.7333333333333334,0.392,0.6530537421694699,0.599832245301682,1.94909155500394,High,0.599832245301682,Stress_Induced
512:00,0.8338278931750764,0.6000000000000005,0.42400000000000004,0.6192759643916923,0.5675655786350156,2.005765220498797,High,0.5675655786350156,Stress_Induced
512:30,0.8338278931750764,0.6000000000000005,0.40800000000000003,0.613942631058359,0.5603655786350155,1.977225341885649,High,0.5603655786350155,Stress_Induced
513:00,0.8338278931750764,0.6000000000000005,0.384,0.605942631058359,0.5495655786350155,1.935175137034458,Medium,0.5495655786350153,Stress_Induced
513:30,0.8338278931750764,0.6000000000000005,0.368,0.6006092977250256,0.5423655786350154,1.9076396792741468,Medium,0.5423655786350154,Stress_Induced
514:00,0.8338278931750764,0.6000000000000005,0.384,0.605942631058359,0.5495655786350155,1.935175137034458,Medium,0.5495655786350153,Stress_Induced
514:30,0.8338278931750764,0.6000000000000005,0.4,0.6112759643916923,0.5567655786350155,1.9631080500596743,High,0.5567655786350154,Stress_Induced
515:00,0.8338278931750764,0.6000000000000005,0.384,0.605942631058359,0.5495655786350155,1.935175137034458,Medium,0.5495655786350153,Stress_Induced
515:30,0.8338278931750764,0.6000000000000005,0.384,0.605942631058359,0.5495655786350155,1.935175137034458,Medium,0.5495655786350153,Stress_Induced
516:00,0.8338278931750764,0.6000000000000005,0.4,0.6112759643916923,0.5567655786350155,1.9631080500596743,High,0.5567655786350154,Stress_Induced
516:30,0.8694362017804167,0.2666666666666666,0.392,0.5093676228156944,0.44362057368941665,1.516859171135387,Medium,0.4436205736894167,Stress_Induced
517:00,0.8694362017804167,0.2666666666666666,0.384,0.5067009561490278,0.4400205736894167,1.506028871156831,Medium,0.44002057368941666,Stress_Induced
517:30,0.8694362017804167,0.2666666666666666,0.392,0.5093676228156944,0.44362057368941665,1.516859171135387,Medium,0.4436205736894167,Stress_Induced
518:00,0.8694362017804167,0.2666666666666666,0.384,0.5067009561490278,0.4400205736894167,1.506028871156831,Medium,0.44002057368941666,Stress_Induced
518:30,0.8694362017804167,0.2666666666666666,0.352,0.49603428948236106,0.42562057368941664,1.4634754478562149,Medium,0.42562057368941664,Stress_Induced
519:00,0.8694362017804167,0.2666666666666666,0.3360000000000001,0.4907009561490278,0.41842057368941665,1.4426517685899287,Medium,0.4184205736894167,Stress_Induced
519:30,0.8694362017804167,0.2666666666666666,0.352,0.49603428948236106,0.42562057368941664,1.4634754478562149,Medium,0.42562057368941664,Stress_Induced
520:00,0.8694362017804167,0.2666666666666666,0.36,0.4987009561490277,0.4292205736894167,1.4739997335555717,Medium,0.4292205736894167,Stress_Induced
520:30,0.8694362017804167,0.2666666666666666,0.352,0.49603428948236106,0.42562057368941664,1.4634754478562149,Medium,0.42562057368941664,Stress_Induced
521:00,0.9020771513353125,0.5333333333333332,0.3360000000000001,0.5904701615562152,0.5182820969337292,1.8700283987029835,Medium,0.5182820969337292,Stress_Induced
521:30,0.9020771513353125,0.5333333333333332,0.31200000000000006,0.5824701615562152,0.5074820969337291,1.8302579812512165,Medium,0.507482096933729,Stress_Induced
522:00,0.9020771513353125,0.5333333333333332,0.31200000000000006,0.5824701615562152,0.5074820969337291,1.8302579812512165,Medium,0.507482096933729,Stress_Induced
522:30,0.9020771513353125,0.5333333333333332,0.31200000000000006,0.5824701615562152,0.5074820969337291,1.8302579812512165,Medium,0.507482096933729,Stress_Induced
523:00,0.9020771513353125,0.5333333333333332,0.28800000000000003,0.5744701615562152,0.49668209693372917,1.7913333724007436,Medium,0.49668209693372906,Stress_Induced
523:30,0.9020771513353125,0.5333333333333332,0.28800000000000003,0.5744701615562152,0.49668209693372917,1.7913333724007436,Medium,0.49668209693372906,Stress_Induced
524:00,0.9020771513353125,0.5333333333333332,0.31200000000000006,0.5824701615562152,0.5074820969337291,1.8302579812512165,Medium,0.507482096933729,Stress_Induced
524:30,0.9020771513353125,0.5333333333333332,0.30400000000000005,0.5798034948895486,0.5038820969337292,1.8171900291615972,Medium,0.5038820969337292,Stress_Induced
525:00,0.9020771513353125,0.5333333333333332,0.31200000000000006,0.5824701615562152,0.5074820969337291,1.8302579812512165,Medium,0.507482096933729,Stress_Induced
525:30,0.9020771513353125,0.2666666666666666,0.32000000000000006,0.4962479393339931,0.41774876360039587,1.4221243878497438,Low,0.41774876360039587,Stress_Induced
526:00,0.9020771513353125,0.2666666666666666,0.29600000000000004,0.4882479393339931,0.40694876360039584,1.3918796703832332,Low,0.40694876360039584,Stress_Induced
526:30,0.9020771513353125,0.2666666666666666,0.31200000000000006,0.4935812726673264,0.4141487636003959,1.411970489570773,Low,0.4141487636003958,Stress_Induced
527:00,0.9020771513353125,0.2666666666666666,0.3440000000000001,0.504247939333993,0.4285487636003959,1.453026305039832,Medium,0.4285487636003959,Stress_Induced
527:30,0.9020771513353125,0.2666666666666666,0.3440000000000001,0.504247939333993,0.4285487636003959,1.453026305039832,Medium,0.4285487636003959,Stress_Induced
528:00,0.9020771513353125,0.2666666666666666,0.31200000000000006,0.4935812726673264,0.4141487636003959,1.411970489570773,Low,0.4141487636003958,Stress_Induced
528:30,0.9020771513353125,0.2666666666666666,0.272,0.48024793933399307,0.39614876360039586,1.3622781757898021,Low,0.3961487636003958,Stress_Induced
529:00,0.9020771513353125,0.2666666666666666,0.28,0.4829146060006597,0.39974876360039585,1.3720747219122615,Low,0.39974876360039585,Stress_Induced
529:30,0.9020771513353125,0.2666666666666666,0.28800000000000003,0.48558127266732637,0.40334876360039584,1.381941717901448,Low,0.4033487636003959,Stress_Induced
530:00,0.9020771513353125,0.4666666666666668,0.28800000000000003,0.5522479393339931,0.4733487636003959,1.6864682237359456,Medium,0.47334876360039585,Stress_Induced
530:30,0.9020771513353125,0.4666666666666668,0.29600000000000004,0.5549146060006598,0.4769487636003959,1.698596116578619,Medium,0.4769487636003959,Stress_Induced
531:00,0.9020771513353125,0.4666666666666668,0.29600000000000004,0.5549146060006598,0.4769487636003959,1.698596116578619,Medium,0.4769487636003959,Stress_Induced
531:30,0.9020771513353125,0.4666666666666668,0.28,0.5495812726673265,0.4697487636003959,1.674426923452485,Medium,0.4697487636003959,Stress_Induced
532:00,0.9020771513353125,0.4666666666666668,0.24799999999999997,0.5389146060006598,0.4553487636003959,1.6317879091429468,Medium,0.45534876360039583,Stress_Induced
532:30,0.9347181008902083,0.4666666666666668,0.24799999999999997,0.5497949225189583,0.46187695351137503,1.6317879091429468,Medium,0.461876953511375,Stress_Induced
533:00,0.9347181008902083,0.4666666666666668,0.264,0.5551282558522918,0.469076953511375,1.6506016319111165,Medium,0.469076953511375,Stress_Induced
533:30,0.9020771513353125,0.4666666666666668,0.28,0.5495812726673265,0.4697487636003959,1.674426923452485,Medium,0.4697487636003959,Stress_Induced
534:00,0.9347181008902083,0.40000000000000036,0.29600000000000004,0.5435727002967362,0.4601436201780418,1.5895004252469846,Medium,0.46014362017804183,Stress_Induced
534:30,0.9347181008902083,0.40000000000000036,0.28,0.5382393669634029,0.4529436201780418,1.5668835462980044,Medium,0.4529436201780418,Stress_Induced
535:00,0.9347181008902083,0.40000000000000036,0.28,0.5382393669634029,0.4529436201780418,1.5668835462980044,Medium,0.4529436201780418,Stress_Induced
535:30,0.9347181008902083,0.40000000000000036,0.29600000000000004,0.5435727002967362,0.4601436201780418,1.5895004252469846,Medium,0.46014362017804183,Stress_Induced
536:00,0.9347181008902083,0.40000000000000036,0.29600000000000004,0.5435727002967362,0.4601436201780418,1.5895004252469846,Medium,0.46014362017804183,Stress_Induced
536:30,0.9347181008902083,0.40000000000000036,0.28,0.5382393669634029,0.4529436201780418,1.5668835462980044,Medium,0.4529436201780418,Stress_Induced
537:00,0.9347181008902083,0.40000000000000036,0.28,0.5382393669634029,0.4529436201780418,1.5668835462980044,Medium,0.4529436201780418,Stress_Induced
537:30,0.9347181008902083,0.40000000000000036,0.30400000000000005,0.5462393669634029,0.4637436201780418,1.6009309939108136,Medium,0.4637436201780418,Stress_Induced
538:00,0.9347181008902083,0.40000000000000036,0.31200000000000006,0.5489060336300696,0.4673436201780418,1.612443763181766,Medium,0.4673436201780418,Stress_Induced
538:30,0.9347181008902083,0.40000000000000036,0.31200000000000006,0.5489060336300696,0.4673436201780418,1.612443763181766,Medium,0.4673436201780418,Stress_Induced
539:00,0.9347181008902083,0.13333333333333375,0.32000000000000006,0.46268381140784737,0.37761028684470854,1.2990360541222166,Low,0.3776102868447086,Stress_Induced
539:30,0.9347181008902083,0.13333333333333375,0.32000000000000006,0.46268381140784737,0.37761028684470854,1.2990360541222166,Low,0.3776102868447086,Stress_Induced
540:00,0.9347181008902083,0.13333333333333375,0.32000000000000006,0.46268381140784737,0.37761028684470854,1.2990360541222166,Low,0.3776102868447086,Stress_Induced
540:30,0.9347181008902083,0.13333333333333375,0.28800000000000003,0.4520171447411807,0.36321028684470846,1.262331292246461,Low,0.3632102868447086,Stress_Induced
541:00,0.9347181008902083,0.13333333333333375,0.28800000000000003,0.4520171447411807,0.36321028684470846,1.262331292246461,Low,0.3632102868447086,Stress_Induced
541:30,0.9347181008902083,0.13333333333333375,0.32000000000000006,0.46268381140784737,0.37761028684470854,1.2990360541222166,Low,0.3776102868447086,Stress_Induced
542:00,0.9347181008902083,0.13333333333333375,0.3360000000000001,0.4680171447411807,0.3848102868447085,1.31778674000175,Low,0.3848102868447086,Stress_Induced
542:30,0.9347181008902083,0.13333333333333375,0.3360000000000001,0.4680171447411807,0.3848102868447085,1.31778674000175,Low,0.3848102868447086,Stress_Induced
543:00,0.9347181008902083,0.13333333333333375,0.3360000000000001,0.4680171447411807,0.3848102868447085,1.31778674000175,Low,0.3848102868447086,Stress_Induced
543:30,0.9347181008902083,0.3333333333333339,0.3440000000000001,0.5373504780745141,0.4584102868447086,1.5527550668278267,Medium,0.4584102868447086,Stress_Induced
544:00,0.9347181008902083,0.3333333333333339,0.352,0.5400171447411807,0.4620102868447085,1.5639213887284487,Medium,0.4620102868447085,Stress_Induced
544:30,0.9673590504451042,0.3333333333333339,0.352,0.5508974612594794,0.4685384767556877,1.5639213887284487,Medium,0.46853847675568766,Stress_Induced
545:00,0.9347181008902083,0.3333333333333339,0.352,0.5400171447411807,0.4620102868447085,1.5639213887284487,Medium,0.4620102868447085,Stress_Induced
545:30,0.9673590504451042,0.3333333333333339,0.32000000000000006,0.5402307945928128,0.45413847675568775,1.519732190142681,Medium,0.4541384767556877,Stress_Induced
546:00,0.9673590504451042,0.3333333333333339,0.29600000000000004,0.5322307945928128,0.4433384767556877,1.4874116202204364,Medium,0.44333847675568777,Stress_Induced
546:30,0.9673590504451042,0.3333333333333339,0.32000000000000006,0.5402307945928128,0.45413847675568775,1.519732190142681,Medium,0.4541384767556877,Stress_Induced
547:00,0.9673590504451042,0.3333333333333339,0.31200000000000006,0.537564127926146,0.4505384767556877,1.5088813769495266,Medium,0.45053847675568776,Stress_Induced
547:30,0.9673590504451042,0.3333333333333339,0.32800000000000007,0.5428974612594794,0.4577384767556877,1.5306610347495377,Medium,0.45773847675568774,Stress_Induced
548:00,0.9673590504451042,0.13333333333333375,0.3440000000000001,0.481564127926146,0.3949384767556877,1.3272633350228131,Low,0.3949384767556878,Stress_Induced
548:30,0.9673590504451042,0.13333333333333375,0.31200000000000006,0.47089746125947934,0.38053847675568764,1.2897610005003486,Low,0.38053847675568775,Stress_Induced
549:00,0.9673590504451042,0.13333333333333375,0.29600000000000004,0.465564127926146,0.37333847675568765,1.27140909070649,Low,0.3733384767556877,Stress_Induced
549:30,0.9673590504451042,0.13333333333333375,0.256,0.4522307945928126,0.35533847675568764,1.226663637493391,Low,0.3553384767556877,Stress_Induced
550:00,0.9673590504451042,0.13333333333333375,0.19199999999999998,0.4308974612594793,0.32653847675568765,1.2214027581601699,Low,0.32653847675568765,Stress_Induced
550:30,0.9673590504451042,0.13333333333333375,0.208,0.4362307945928126,0.3337384767556877,1.2214027581601699,Low,0.33373847675568774,Stress_Induced
551:00,0.9673590504451042,0.13333333333333375,0.24000000000000002,0.4468974612594793,0.34813847675568765,1.2214027581601699,Low,0.3481384767556877,Stress_Induced
551:30,0.9673590504451042,0.13333333333333375,0.224,0.44156412792614597,0.34093847675568767,1.2214027581601699,Low,0.3409384767556877,Stress_Induced
552:00,0.9673590504451042,0.13333333333333375,0.17600000000000002,0.425564127926146,0.31933847675568766,1.2214027581601699,Low,0.31933847675568766,Stress_Induced
552:30,0.9673590504451042,0.40000000000000036,0.18400000000000002,0.5171196834817016,0.416271810089021,1.5269831069200799,Medium,0.416271810089021,Stress_Induced
553:00,0.9673590504451042,0.40000000000000036,0.17600000000000002,0.5144530168150349,0.412671810089021,1.5269831069200799,Medium,0.41267181008902093,Stress_Induced
553:30,0.9673590504451042,0.40000000000000036,0.12799999999999997,0.4984530168150349,0.3910718100890209,1.5269831069200799,Medium,0.3910718100890209,Stress_Induced
554:00,1.0,0.40000000000000036,0.088,0.49600000000000016,0.37960000000000016,1.5269831069200799,Medium,0.3796000000000001,Stress_Induced
554:30,1.0,0.40000000000000036,0.05600000000000002,0.48533333333333345,0.36520000000000014,1.5269831069200799,Medium,0.36520000000000014,Stress_Induced
555:00,1.0,0.40000000000000036,0.06399999999999997,0.48800000000000016,0.3688000000000001,1.5269831069200799,Medium,0.36880000000000007,Stress_Induced
555:30,1.0,0.40000000000000036,0.05600000000000002,0.48533333333333345,0.36520000000000014,1.5269831069200799,Medium,0.36520000000000014,Stress_Induced
556:00,1.0,0.40000000000000036,0.04000000000000001,0.48000000000000015,0.35800000000000015,1.5269831069200799,Medium,0.3580000000000001,Stress_Induced
556:30,1.0,0.7999999999999998,0.023999999999999994,0.608,0.4907999999999999,1.7332530178673953,Medium,0.49079999999999974,Stress_Induced
557:00,1.0,0.7999999999999998,0.0,0.6,0.4799999999999999,1.7332530178673953,Medium,0.47999999999999976,Stress_Induced
557:30,1.0,0.7999999999999998,0.015999999999999986,0.6053333333333333,0.4871999999999999,1.7332530178673953,Medium,0.48719999999999974,Stress_Induced
558:00,1.0,0.7999999999999998,0.048000000000000015,0.616,0.5015999999999999,1.7332530178673953,Medium,0.5015999999999998,Stress_Induced
558:30,1.0,0.7999999999999998,0.05600000000000002,0.6186666666666666,0.5051999999999999,1.7332530178673953,Medium,0.5051999999999996,Stress_Induced
559:00,1.0,0.7999999999999998,0.048000000000000015,0.616,0.5015999999999999,1.7332530178673953,Medium,0.5015999999999998,Stress_Induced
559:30,1.0,0.7999999999999998,0.06399999999999997,0.6213333333333333,0.5087999999999999,1.7332530178673953,Medium,0.5087999999999997,Stress_Induced
560:00,1.0,0.7999999999999998,0.088,0.6293333333333333,0.5195999999999998,1.7332530178673953,Medium,0.5195999999999998,Stress_Induced
560:30,1.0,0.7999999999999998,0.088,0.6293333333333333,0.5195999999999998,1.7332530178673953,Medium,0.5195999999999998,Stress_Induced
561:00,1.0,0.4666666666666668,0.10400000000000001,0.5235555555555557,0.41013333333333335,1.6317879091429468,Medium,0.41013333333333335,Stress_Induced
561:30,1.0,0.4666666666666668,0.12799999999999997,0.5315555555555557,0.4209333333333334,1.6317879091429468,Medium,0.4209333333333333,Stress_Induced
562:00,1.0,0.4666666666666668,0.13599999999999998,0.5342222222222223,0.4245333333333334,1.6317879091429468,Medium,0.4245333333333333,Stress_Induced
562:30,1.0,0.4666666666666668,0.13599999999999998,0.5342222222222223,0.4245333333333334,1.6317879091429468,Medium,0.4245333333333333,Stress_Induced
563:00,1.0,0.4666666666666668,0.12799999999999997,0.5315555555555557,0.4209333333333334,1.6317879091429468,Medium,0.4209333333333333,Stress_Induced
563:30,1.0,0.4666666666666668,0.152,0.5395555555555557,0.43173333333333336,1.6317879091429468,Medium,0.43173333333333336,Stress_Induced
564:00,1.0,0.4666666666666668,0.18400000000000002,0.5502222222222223,0.4461333333333334,1.6317879091429468,Medium,0.4461333333333333,Stress_Induced
564:30,1.0,0.4666666666666668,0.16,0.5422222222222223,0.43533333333333335,1.6317879091429468,Medium,0.43533333333333335,Stress_Induced
565:00,1.0,0.40000000000000036,0.13599999999999998,0.5120000000000001,0.4012000000000001,1.5269831069200799,Medium,0.4012000000000001,Stress_Induced
565:30,1.0,0.40000000000000036,0.152,0.5173333333333335,0.40840000000000015,1.5269831069200799,Medium,0.4084000000000001,Stress_Induced
566:00,1.0,0.40000000000000036,0.168,0.5226666666666668,0.41560000000000014,1.5269831069200799,Medium,0.41560000000000014,Stress_Induced
566:30,1.0,0.40000000000000036,0.18400000000000002,0.5280000000000001,0.4228000000000002,1.5269831069200799,Medium,0.4228000000000001,Stress_Induced
567:00,1.0,0.40000000000000036,0.18400000000000002,0.5280000000000001,0.4228000000000002,1.5269831069200799,Medium,0.4228000000000001,Stress_Induced
567:30,1.0,0.40000000000000036,0.17600000000000002,0.5253333333333335,0.41920000000000013,1.5269831069200799,Medium,0.41920000000000013,Stress_Induced
568:00,1.0,0.40000000000000036,0.168,0.5226666666666668,0.41560000000000014,1.5269831069200799,Medium,0.41560000000000014,Stress_Induced
568:30,1.0,0.40000000000000036,0.18400000000000002,0.5280000000000001,0.4228000000000002,1.5269831069200799,Medium,0.4228000000000001,Stress_Induced
569:00,1.0,0.40000000000000036,0.18400000000000002,0.5280000000000001,0.4228000000000002,1.5269831069200799,Medium,0.4228000000000001,Stress_Induced
569:30,1.0,0.6000000000000005,0.17600000000000002,0.5920000000000002,0.4892000000000002,1.7332530178673953,Medium,0.48920000000000013,Stress_Induced
570:00,0.9673590504451042,0.6000000000000005,0.18400000000000002,0.5837863501483683,0.486271810089021,1.7332530178673953,Medium,0.48627181008902093,Stress_Induced
570:30,0.9673590504451042,0.6000000000000005,0.152,0.5731196834817016,0.471871810089021,1.7332530178673953,Medium,0.47187181008902096,Stress_Induced
571:00,0.9673590504451042,0.6000000000000005,0.11999999999999997,0.5624530168150349,0.45747181008902105,1.7332530178673953,Medium,0.4574718100890209,Stress_Induced
571:30,0.9673590504451042,0.6000000000000005,0.13599999999999998,0.5677863501483683,0.46467181008902103,1.7332530178673953,Medium,0.464671810089021,Stress_Induced
572:00,0.9673590504451042,0.6000000000000005,0.16,0.5757863501483683,0.47547181008902106,1.7332530178673953,Medium,0.4754718100890209,Stress_Induced
572:30,0.9673590504451042,0.6000000000000005,0.16,0.5757863501483683,0.47547181008902106,1.7332530178673953,Medium,0.4754718100890209,Stress_Induced
573:00,0.9673590504451042,0.6000000000000005,0.11999999999999997,0.5624530168150349,0.45747181008902105,1.7332530178673953,Medium,0.4574718100890209,Stress_Induced
573:30,0.9673590504451042,0.6000000000000005,0.088,0.5517863501483683,0.443071810089021,1.7332530178673953,Medium,0.4430718100890209,Stress_Induced
574:00,0.9673590504451042,0.4666666666666668,0.10400000000000001,0.512675239037257,0.4036051434223542,1.6317879091429468,Medium,0.40360514342235415,Stress_Induced
574:30,0.9673590504451042,0.4666666666666668,0.11999999999999997,0.5180085723705904,0.4108051434223542,1.6317879091429468,Medium,0.41080514342235414,Stress_Induced
575:00,0.9673590504451042,0.4666666666666668,0.12799999999999997,0.520675239037257,0.4144051434223542,1.6317879091429468,Medium,0.4144051434223542,Stress_Induced
575:30,0.9673590504451042,0.4666666666666668,0.12799999999999997,0.520675239037257,0.4144051434223542,1.6317879091429468,Medium,0.4144051434223542,Stress_Induced
576:00,0.9673590504451042,0.4666666666666668,0.11999999999999997,0.5180085723705904,0.4108051434223542,1.6317879091429468,Medium,0.41080514342235414,Stress_Induced
576:30,0.9673590504451042,0.4666666666666668,0.12799999999999997,0.520675239037257,0.4144051434223542,1.6317879091429468,Medium,0.4144051434223542,Stress_Induced
577:00,0.9673590504451042,0.4666666666666668,0.144,0.5260085723705904,0.4216051434223542,1.6317879091429468,Medium,0.42160514342235417,Stress_Induced
577:30,0.9673590504451042,0.4666666666666668,0.13599999999999998,0.5233419057039237,0.4180051434223542,1.6317879091429468,Medium,0.4180051434223541,Stress_Induced
578:00,0.9673590504451042,0.4666666666666668,0.13599999999999998,0.5233419057039237,0.4180051434223542,1.6317879091429468,Medium,0.4180051434223541,Stress_Induced
578:30,0.9673590504451042,0.4666666666666668,0.16,0.5313419057039237,0.4288051434223542,1.6317879091429468,Medium,0.42880514342235415,Stress_Induced
579:00,0.9673590504451042,0.4666666666666668,0.12799999999999997,0.520675239037257,0.4144051434223542,1.6317879091429468,Medium,0.4144051434223542,Stress_Induced
579:30,0.9673590504451042,0.4666666666666668,0.11999999999999997,0.5180085723705904,0.4108051434223542,1.6317879091429468,Medium,0.41080514342235414,Stress_Induced
580:00,0.9673590504451042,0.4666666666666668,0.144,0.5260085723705904,0.4216051434223542,1.6317879091429468,Medium,0.42160514342235417,Stress_Induced
580:30,0.9673590504451042,0.4666666666666668,0.144,0.5260085723705904,0.4216051434223542,1.6317879091429468,Medium,0.42160514342235417,Stress_Induced
581:00,0.9673590504451042,0.4666666666666668,0.144,0.5260085723705904,0.4216051434223542,1.6317879091429468,Medium,0.42160514342235417,Stress_Induced
581:30,0.9673590504451042,0.4666666666666668,0.152,0.528675239037257,0.42520514342235416,1.6317879091429468,Medium,0.4252051434223542,Stress_Induced
582:00,0.9673590504451042,0.4666666666666668,0.16,0.5313419057039237,0.4288051434223542,1.6317879091429468,Medium,0.42880514342235415,Stress_Induced
582:30,0.9673590504451042,0.3333333333333339,0.152,0.48423079459281276,0.37853847675568775,1.4289096001722132,Medium,0.3785384767556877,Stress_Induced
583:00,0.9673590504451042,0.3333333333333339,0.152,0.48423079459281276,0.37853847675568775,1.4289096001722132,Medium,0.3785384767556877,Stress_Induced
583:30,0.9673590504451042,0.3333333333333339,0.144,0.48156412792614606,0.3749384767556877,1.4289096001722132,Medium,0.3749384767556877,Stress_Induced
584:00,0.9673590504451042,0.3333333333333339,0.11999999999999997,0.47356412792614605,0.36413847675568767,1.4289096001722132,Medium,0.3641384767556877,Stress_Induced
584:30,0.9673590504451042,0.3333333333333339,0.12799999999999997,0.47623079459281276,0.3677384767556877,1.4289096001722132,Medium,0.36773847675568766,Stress_Induced
585:00,0.9673590504451042,0.3333333333333339,0.16,0.4868974612594794,0.3821384767556877,1.4289096001722132,Medium,0.38213847675568774,Stress_Induced
585:30,0.9673590504451042,0.3333333333333339,0.168,0.48956412792614606,0.38573847675568773,1.4289096001722132,Medium,0.3857384767556877,Stress_Induced
586:00,0.9673590504451042,0.3333333333333339,0.168,0.48956412792614606,0.38573847675568773,1.4289096001722132,Medium,0.3857384767556877,Stress_Induced
586:30,0.9347181008902083,0.3333333333333339,0.144,0.4706838114078475,0.36841028684470856,1.4289096001722132,Medium,0.3684102868447085,Stress_Induced
587:00,0.9347181008902083,0.2666666666666666,0.144,0.448461589185625,0.34507695351137496,1.3371350581491253,Low,0.34507695351137496,Stress_Induced
587:30,0.9347181008902083,0.2666666666666666,0.152,0.4511282558522917,0.34867695351137495,1.3371350581491253,Low,0.348676953511375,Stress_Induced
588:00,0.9347181008902083,0.2666666666666666,0.144,0.448461589185625,0.34507695351137496,1.3371350581491253,Low,0.34507695351137496,Stress_Induced
588:30,0.9347181008902083,0.2666666666666666,0.11200000000000002,0.43779492251895835,0.330676953511375,1.3371350581491253,Low,0.330676953511375,Stress_Induced
589:00,0.9347181008902083,0.2666666666666666,0.07999999999999999,0.4271282558522917,0.31627695351137497,1.3371350581491253,Low,0.31627695351137497,Stress_Induced
589:30,0.9347181008902083,0.2666666666666666,0.07999999999999999,0.4271282558522917,0.31627695351137497,1.3371350581491253,Low,0.31627695351137497,Stress_Induced
590:00,0.9347181008902083,0.2666666666666666,0.096,0.432461589185625,0.32347695351137495,1.3371350581491253,Low,0.32347695351137495,Stress_Induced
590:30,0.9347181008902083,0.2666666666666666,0.11999999999999997,0.440461589185625,0.334276953511375,1.3371350581491253,Low,0.33427695351137493,Stress_Induced
591:00,0.9347181008902083,0.2666666666666666,0.13599999999999998,0.44579492251895836,0.34147695351137497,1.3371350581491253,Low,0.34147695351137497,Stress_Induced
591:30,0.9347181008902083,0.3333333333333339,0.13599999999999998,0.4680171447411808,0.3648102868447085,1.4289096001722132,Medium,0.3648102868447085,Stress_Induced
592:00,0.9347181008902083,0.3333333333333339,0.11999999999999997,0.4626838114078475,0.3576102868447085,1.4289096001722132,Medium,0.3576102868447085,Stress_Induced
592:30,0.9347181008902083,0.3333333333333339,0.088,0.45201714474118077,0.34321028684470856,1.4289096001722132,Medium,0.3432102868447085,Stress_Induced
593:00,0.9347181008902083,0.3333333333333339,0.096,0.45468381140784747,0.34681028684470855,1.4289096001722132,Medium,0.34681028684470855,Stress_Induced
593:30,0.9347181008902083,0.3333333333333339,0.11999999999999997,0.4626838114078475,0.3576102868447085,1.4289096001722132,Medium,0.3576102868447085,Stress_Induced
594:00,0.9347181008902083,0.3333333333333339,0.10400000000000001,0.4573504780745141,0.35041028684470854,1.4289096001722132,Medium,0.35041028684470854,Stress_Induced
594:30,0.9347181008902083,0.3333333333333339,0.10400000000000001,0.4573504780745141,0.35041028684470854,1.4289096001722132,Medium,0.35041028684470854,Stress_Induced
595:00,0.9347181008902083,0.3333333333333339,0.10400000000000001,0.4573504780745141,0.35041028684470854,1.4289096001722132,Medium,0.35041028684470854,Stress_Induced
595:30,0.9347181008902083,0.3333333333333339,0.096,0.45468381140784747,0.34681028684470855,1.4289096001722132,Medium,0.34681028684470855,Stress_Induced
596:00,0.9020771513353125,0.20000000000000018,0.10400000000000001,0.40202571711177093,0.2972154302670626,1.251254917397142,Low,0.2972154302670626,Stress_Induced
596:30,0.9347181008902083,0.20000000000000018,0.096,0.41023936696340285,0.30014362017804175,1.251254917397142,Low,0.30014362017804175,Stress_Induced
597:00,0.9020771513353125,0.20000000000000018,0.096,0.3993590504451043,0.2936154302670626,1.251254917397142,Low,0.29361543026706255,Stress_Induced
597:30,0.9020771513353125,0.20000000000000018,0.088,0.3966923837784376,0.29001543026706256,1.251254917397142,Low,0.29001543026706256,Stress_Induced
598:00,0.9020771513353125,0.20000000000000018,0.07999999999999999,0.3940257171117709,0.2864154302670626,1.251254917397142,Low,0.28641543026706257,Stress_Induced
598:30,0.9020771513353125,0.20000000000000018,0.096,0.3993590504451043,0.2936154302670626,1.251254917397142,Low,0.29361543026706255,Stress_Induced
599:00,0.9020771513353125,0.20000000000000018,0.11200000000000002,0.4046923837784376,0.3008154302670626,1.251254917397142,Low,0.3008154302670626,Stress_Induced
599:30,0.9020771513353125,0.20000000000000018,0.11200000000000002,0.4046923837784376,0.3008154302670626,1.251254917397142,Low,0.3008154302670626,Stress_Induced
600:00,0.9020771513353125,0.20000000000000018,0.11200000000000002,0.4046923837784376,0.3008154302670626,1.251254917397142,Low,0.3008154302670626,Stress_Induced
600:30,0.9020771513353125,0.40000000000000036,0.11999999999999997,0.474025717111771,0.37441543026706264,1.5269831069200799,Medium,0.37441543026706253,Stress_Induced
601:00,0.8694362017804167,0.40000000000000036,0.088,0.4524787339268057,0.3534872403560835,1.5269831069200799,Medium,0.3534872403560834,Stress_Induced
601:30,0.8694362017804167,0.40000000000000036,0.06399999999999997,0.4444787339268057,0.34268724035608344,1.5269831069200799,Medium,0.3426872403560834,Stress_Induced
602:00,0.8694362017804167,0.40000000000000036,0.07999999999999999,0.44981206726013906,0.3498872403560835,1.5269831069200799,Medium,0.3498872403560834,Stress_Induced
602:30,0.8694362017804167,0.40000000000000036,0.10400000000000001,0.45781206726013907,0.36068724035608346,1.5269831069200799,Medium,0.3606872403560834,Stress_Induced
603:00,0.8694362017804167,0.40000000000000036,0.13599999999999998,0.4684787339268057,0.37508724035608343,1.5269831069200799,Medium,0.37508724035608343,Stress_Induced
603:30,0.8694362017804167,0.40000000000000036,0.168,0.4791454005934724,0.3894872403560835,1.5269831069200799,Medium,0.38948724035608345,Stress_Induced
604:00,0.8694362017804167,0.40000000000000036,0.16,0.47647873392680573,0.38588724035608346,1.5269831069200799,Medium,0.3858872403560834,Stress_Induced
604:30,0.8694362017804167,0.40000000000000036,0.144,0.4711454005934724,0.3786872403560835,1.5269831069200799,Medium,0.3786872403560834,Stress_Induced
605:00,0.8694362017804167,0.5333333333333332,0.11200000000000002,0.50492317837125,0.41095390702275,1.7332530178673953,Medium,0.41095390702274986,Stress_Induced
605:30,0.8338278931750764,0.5333333333333332,0.06399999999999997,0.4770537421694699,0.38223224530168187,1.7181546575529434,Medium,0.38223224530168176,Stress_Induced
606:00,0.8338278931750764,0.5333333333333332,0.07199999999999998,0.4797204088361366,0.3858322453016819,1.7181546575529434,Medium,0.38583224530168175,Stress_Induced
606:30,0.8338278931750764,0.5333333333333332,0.06399999999999997,0.4770537421694699,0.38223224530168187,1.7181546575529434,Medium,0.38223224530168176,Stress_Induced
607:00,0.8338278931750764,0.5333333333333332,0.07199999999999998,0.4797204088361366,0.3858322453016819,1.7181546575529434,Medium,0.38583224530168175,Stress_Induced
607:30,0.8011869436201806,0.5333333333333332,0.088,0.4741734256511713,0.38650405539070276,1.6986767453604417,Medium,0.3865040553907026,Stress_Induced
608:00,0.8011869436201806,0.5333333333333332,0.096,0.47684009231783797,0.39010405539070275,1.6986767453604417,Medium,0.39010405539070264,Stress_Induced
608:30,0.8011869436201806,0.5333333333333332,0.10400000000000001,0.4795067589845046,0.39370405539070275,1.6986767453604417,Medium,0.39370405539070263,Stress_Induced
609:00,0.8011869436201806,0.8666666666666671,0.11200000000000002,0.5932845367622827,0.5139707220573696,1.6986767453604417,Medium,0.5139707220573693,Stress_Induced
609:30,0.8011869436201806,0.8666666666666671,0.11200000000000002,0.5932845367622827,0.5139707220573696,1.6986767453604417,Medium,0.5139707220573693,Stress_Induced
610:00,0.7685459940652848,0.8666666666666671,0.10400000000000001,0.5797375535773174,0.5038425321463904,1.6794196451080705,Medium,0.5038425321463902,Stress_Induced
610:30,0.7685459940652848,0.8666666666666671,0.088,0.574404220243984,0.4966425321463904,1.6794196451080705,Medium,0.49664253214639026,Stress_Induced
611:00,0.7685459940652848,0.8666666666666671,0.07999999999999999,0.5717375535773174,0.4930425321463904,1.6794196451080705,Medium,0.4930425321463902,Stress_Induced
611:30,0.7685459940652848,0.8666666666666671,0.05600000000000002,0.5637375535773174,0.48224253214639046,1.6794196451080705,Medium,0.4822425321463902,Stress_Induced
612:00,0.7685459940652848,0.8666666666666671,0.05600000000000002,0.5637375535773174,0.48224253214639046,1.6794196451080705,Medium,0.4822425321463902,Stress_Induced
612:30,0.735905044510389,0.8666666666666671,0.06399999999999997,0.5555239037256854,0.47931434223541125,1.6603808535545985,Medium,0.47931434223541103,Stress_Induced
613:00,0.735905044510389,1.0,0.05600000000000002,0.597301681503463,0.5223810089020777,1.6603808535545985,Medium,0.5223810089020775,Stress_Induced
613:30,0.735905044510389,1.0,0.048000000000000015,0.5946350148367964,0.5187810089020778,1.6603808535545985,Medium,0.5187810089020775,Stress_Induced
614:00,0.7002967359050452,1.0,0.06399999999999997,0.5880989119683484,0.518859347181009,1.6398573355851318,Medium,0.5188593471810088,Stress_Induced
614:30,0.7002967359050452,1.0,0.07999999999999999,0.5934322453016817,0.526059347181009,1.6398573355851318,Medium,0.5260593471810087,Stress_Induced
