Timestamp,Object Temperature(F),Heart Rate Ear(BPM),GSR,Feature_Mean,Weighted_Stress,QuantityIndex_Stress,StressIndex_Level,Predicted_Stress,Condition
00:00,0.05481120584652999,0.22727272727272751,0.882352941176471,0.38814562476524284,0.4875665192441726,1.3821676701554058,Low,0.48756651924417255,Base
00:30,0.05481120584652999,0.22727272727272751,0.882352941176471,0.38814562476524284,0.4875665192441726,1.3821676701554058,Low,0.48756651924417255,Base
01:00,0.05481120584652999,0.22727272727272751,0.882352941176471,0.38814562476524284,0.4875665192441726,1.3821676701554058,Low,0.48756651924417255,Base
01:30,0.05481120584652999,0.22727272727272751,0.882352941176471,0.38814562476524284,0.4875665192441726,1.3821676701554058,Low,0.48756651924417255,Base
02:00,0.05481120584652999,0.22727272727272751,0.882352941176471,0.38814562476524284,0.4875665192441726,1.3821676701554058,Low,0.48756651924417255,Base
02:30,0.05481120584652999,0.22727272727272751,0.9117647058823533,0.39794954633387025,0.5008018133618196,1.407677913581336,Low,0.5008018133618195,Base
03:00,0.05481120584652999,0.22727272727272751,0.9117647058823533,0.39794954633387025,0.5008018133618196,1.407677913581336,Low,0.5008018133618195,Base
03:30,0.05481120584652999,0.22727272727272751,0.9117647058823533,0.39794954633387025,0.5008018133618196,1.407677913581336,Low,0.5008018133618195,Base
04:00,0.05481120584652999,0.22727272727272751,0.9117647058823533,0.39794954633387025,0.5008018133618196,1.407677913581336,Low,0.5008018133618195,Base
04:30,0.05481120584652999,0.13636363636363624,0.9117647058823533,0.3676465160308398,0.46898363154363765,1.407677913581336,Low,0.4689836315436376,Base
05:00,0.05481120584652999,0.13636363636363624,0.9117647058823533,0.3676465160308398,0.46898363154363765,1.407677913581336,Low,0.4689836315436376,Base
05:30,0.05481120584652999,0.13636363636363624,0.9117647058823533,0.3676465160308398,0.46898363154363765,1.407677913581336,Low,0.4689836315436376,Base
06:00,0.05481120584652999,0.13636363636363624,0.9117647058823533,0.3676465160308398,0.46898363154363765,1.407677913581336,Low,0.4689836315436376,Base
06:30,0.05481120584652999,0.13636363636363624,0.9411764705882355,0.3774504375994672,0.48221892566128466,1.4336589917212461,Medium,0.4822189256612846,Base
07:00,0.05481120584652999,0.13636363636363624,0.9411764705882355,0.3774504375994672,0.48221892566128466,1.4336589917212461,Medium,0.4822189256612846,Base
07:30,0.05481120584652999,0.13636363636363624,0.9117647058823533,0.3676465160308398,0.46898363154363765,1.407677913581336,Low,0.4689836315436376,Base
08:00,0.05481120584652999,0.13636363636363624,0.852941176470587,0.3480386728935844,0.44251304330834285,1.357119728874994,Low,0.44251304330834274,Base
08:30,0.05481120584652999,0.13636363636363624,0.7941176470588225,0.3284308297563296,0.4160424550730488,1.308377392819925,Low,0.4160424550730487,Base
09:00,0.05481120584652999,0.36363636363636376,0.735294117647058,0.38458056237665056,0.46911732138320944,1.3588923911126793,Low,0.46911732138320933,Base
09:30,0.05481120584652999,0.36363636363636376,0.735294117647058,0.38458056237665056,0.46911732138320944,1.3588923911126793,Low,0.46911732138320933,Base
10:00,0.05481120584652999,0.36363636363636376,0.735294117647058,0.38458056237665056,0.46911732138320944,1.3588923911126793,Low,0.46911732138320933,Base
10:30,0.05481120584652999,0.36363636363636376,0.735294117647058,0.38458056237665056,0.46911732138320944,1.3588923911126793,Low,0.46911732138320933,Base
11:00,0.05481120584652999,0.36363636363636376,0.735294117647058,0.38458056237665056,0.46911732138320944,1.3588923911126793,Low,0.46911732138320933,Base
11:30,0.05481120584652999,0.36363636363636376,0.7058823529411757,0.37477664080802314,0.45588202726556243,1.3342662494701396,Low,0.4558820272655623,Base
12:00,0.05481120584652999,0.36363636363636376,0.7058823529411757,0.37477664080802314,0.45588202726556243,1.3342662494701396,Low,0.4558820272655623,Base
12:30,0.05481120584652999,0.36363636363636376,0.7058823529411757,0.37477664080802314,0.45588202726556243,1.3342662494701396,Low,0.4558820272655623,Base
13:00,0.040194884287455324,0.36363636363636376,0.735294117647058,0.37970845519029234,0.4661940570713945,1.3588923911126793,Low,0.4661940570713944,Base
13:30,0.040194884287455324,0.31818181818181834,0.735294117647058,0.3645569400387772,0.45028496616230357,1.3171727249895344,Low,0.4502849661623035,Base
14:00,0.040194884287455324,0.31818181818181834,0.7647058823529402,0.3743608616074046,0.4635202602799506,1.3414833767100316,Low,0.4635202602799505,Base
14:30,0.05481120584652999,0.31818181818181834,0.7647058823529402,0.37923296879376284,0.4664435245917655,1.3414833767100316,Low,0.46644352459176547,Base
15:00,0.040194884287455324,0.31818181818181834,0.7647058823529402,0.3743608616074046,0.4635202602799506,1.3414833767100316,Low,0.4635202602799505,Base
15:30,0.040194884287455324,0.31818181818181834,0.7647058823529402,0.3743608616074046,0.4635202602799506,1.3414833767100316,Low,0.4635202602799505,Base
16:00,0.040194884287455324,0.31818181818181834,0.7647058823529402,0.3743608616074046,0.4635202602799506,1.3414833767100316,Low,0.4635202602799505,Base
16:30,0.040194884287455324,0.31818181818181834,0.7941176470588225,0.38416478317603203,0.4767555543975976,1.366242722649489,Low,0.47675555439759754,Base
17:00,0.040194884287455324,0.31818181818181834,0.7941176470588225,0.38416478317603203,0.4767555543975976,1.366242722649489,Low,0.47675555439759754,Base
17:30,0.040194884287455324,0.31818181818181834,0.7941176470588225,0.38416478317603203,0.4767555543975976,1.366242722649489,Low,0.47675555439759754,Base
18:00,0.05481120584652999,0.31818181818181834,0.8235294117647047,0.39884081193101767,0.49291411282705955,1.3914590442190533,Low,0.4929141128270595,Base
18:30,0.040194884287455324,0.31818181818181834,0.8235294117647047,0.39396870474465945,0.4899908485152446,1.3914590442190533,Low,0.48999084851524455,Base
19:00,0.040194884287455324,0.31818181818181834,0.8235294117647047,0.39396870474465945,0.4899908485152446,1.3914590442190533,Low,0.48999084851524455,Base
19:30,0.040194884287455324,0.31818181818181834,0.852941176470587,0.40377262631328686,0.5032261426328917,1.417140775677328,Low,0.5032261426328916,Base
20:00,0.040194884287455324,0.31818181818181834,0.852941176470587,0.40377262631328686,0.5032261426328917,1.417140775677328,Low,0.5032261426328916,Base
20:30,0.040194884287455324,0.31818181818181834,0.882352941176471,0.4135765478819149,0.5164614367505395,1.4432965069514343,Medium,0.5164614367505395,Base
21:00,0.040194884287455324,0.31818181818181834,0.882352941176471,0.4135765478819149,0.5164614367505395,1.4432965069514343,Medium,0.5164614367505395,Base
21:30,0.040194884287455324,0.31818181818181834,0.882352941176471,0.4135765478819149,0.5164614367505395,1.4432965069514343,Medium,0.5164614367505395,Base
22:00,0.040194884287455324,0.31818181818181834,0.882352941176471,0.4135765478819149,0.5164614367505395,1.4432965069514343,Medium,0.5164614367505395,Base
22:30,0.040194884287455324,0.22727272727272751,0.882352941176471,0.3832735175788846,0.48464325493235766,1.3821676701554058,Low,0.4846432549323576,Base
23:00,0.040194884287455324,0.22727272727272751,0.9117647058823533,0.39307743914751203,0.49787854905000467,1.407677913581336,Low,0.4978785490500046,Base
23:30,0.040194884287455324,0.22727272727272751,0.9117647058823533,0.39307743914751203,0.49787854905000467,1.407677913581336,Low,0.4978785490500046,Base
24:00,0.040194884287455324,0.22727272727272751,0.9117647058823533,0.39307743914751203,0.49787854905000467,1.407677913581336,Low,0.4978785490500046,Base
24:30,0.040194884287455324,0.22727272727272751,0.9117647058823533,0.39307743914751203,0.49787854905000467,1.407677913581336,Low,0.4978785490500046,Base
25:00,0.040194884287455324,0.22727272727272751,0.9117647058823533,0.39307743914751203,0.49787854905000467,1.407677913581336,Low,0.4978785490500046,Base
25:30,0.040194884287455324,0.22727272727272751,0.9117647058823533,0.39307743914751203,0.49787854905000467,1.407677913581336,Low,0.4978785490500046,Base
26:00,0.040194884287455324,0.22727272727272751,0.9117647058823533,0.39307743914751203,0.49787854905000467,1.407677913581336,Low,0.4978785490500046,Base
26:30,0.040194884287455324,0.6818181818181817,0.9117647058823533,0.5445925906626634,0.6569694581409137,1.8864132109242089,High,0.6569694581409137,Base
27:00,0.040194884287455324,0.6818181818181817,0.9411764705882355,0.5543965122312908,0.6702047522585607,1.921230159151016,High,0.6702047522585607,Base
27:30,0.040194884287455324,0.6818181818181817,0.9411764705882355,0.5543965122312908,0.6702047522585607,1.921230159151016,High,0.6702047522585607,Base
28:00,0.040194884287455324,0.6818181818181817,0.9411764705882355,0.5543965122312908,0.6702047522585607,1.921230159151016,High,0.6702047522585607,Base
28:30,0.026796589524970216,0.6818181818181817,0.9411764705882355,0.5499304139771292,0.6675250933060636,1.921230159151016,High,0.6675250933060636,Base
29:00,0.040194884287455324,0.6818181818181817,0.9411764705882355,0.5543965122312908,0.6702047522585607,1.921230159151016,High,0.6702047522585607,Base
29:30,0.040194884287455324,0.6818181818181817,0.9411764705882355,0.5543965122312908,0.6702047522585607,1.921230159151016,High,0.6702047522585607,Base
30:00,0.026796589524970216,0.6818181818181817,0.9411764705882355,0.5499304139771292,0.6675250933060636,1.921230159151016,High,0.6675250933060636,Base
30:30,0.040194884287455324,0.5909090909090908,0.9411764705882355,0.5240934819282606,0.6383865704403788,1.8050727911824647,Medium,0.6383865704403788,Base
31:00,0.040194884287455324,0.5909090909090908,0.9411764705882355,0.5240934819282606,0.6383865704403788,1.8050727911824647,Medium,0.6383865704403788,Base
31:30,0.026796589524970216,0.5909090909090908,0.9411764705882355,0.5196273836740989,0.6357069114878817,1.8050727911824647,Medium,0.6357069114878817,Base
32:00,0.026796589524970216,0.5909090909090908,0.9411764705882355,0.5196273836740989,0.6357069114878817,1.8050727911824647,Medium,0.6357069114878817,Base
32:30,0.026796589524970216,0.5909090909090908,0.9117647058823533,0.5098234621054715,0.6224716173702347,1.7723608718859294,Medium,0.6224716173702347,Base
33:00,0.026796589524970216,0.5909090909090908,0.9117647058823533,0.5098234621054715,0.6224716173702347,1.7723608718859294,Medium,0.6224716173702347,Base
33:30,0.026796589524970216,0.5909090909090908,0.9411764705882355,0.5196273836740989,0.6357069114878817,1.8050727911824647,Medium,0.6357069114878817,Base
34:00,0.026796589524970216,0.5909090909090908,0.9117647058823533,0.5098234621054715,0.6224716173702347,1.7723608718859294,Medium,0.6224716173702347,Base
34:30,0.026796589524970216,0.9545454545454541,0.9117647058823533,0.6310355833175926,0.7497443446429619,1.9975900460347373,High,0.7497443446429619,Base
35:00,0.026796589524970216,0.9545454545454541,0.9117647058823533,0.6310355833175926,0.7497443446429619,1.9975900460347373,High,0.7497443446429619,Base
35:30,0.026796589524970216,0.9545454545454541,0.9117647058823533,0.6310355833175926,0.7497443446429619,1.9975900460347373,High,0.7497443446429619,Base
36:00,0.026796589524970216,0.9545454545454541,0.9117647058823533,0.6310355833175926,0.7497443446429619,1.9975900460347373,High,0.7497443446429619,Base
36:30,0.026796589524970216,0.9545454545454541,0.9411764705882355,0.64083950488622,0.7629796387606089,2.0344589509005497,High,0.7629796387606089,Base
37:00,0.026796589524970216,0.9545454545454541,0.9117647058823533,0.6310355833175926,0.7497443446429619,1.9975900460347373,High,0.7497443446429619,Base
37:30,0.026796589524970216,0.9545454545454541,0.9117647058823533,0.6310355833175926,0.7497443446429619,1.9975900460347373,High,0.7497443446429619,Base
38:00,0.026796589524970216,0.9545454545454541,0.9411764705882355,0.64083950488622,0.7629796387606089,2.0344589509005497,High,0.7629796387606089,Base
38:30,0.026796589524970216,0.5909090909090908,0.9411764705882355,0.5196273836740989,0.6357069114878817,1.8050727911824647,Medium,0.6357069114878817,Base
39:00,0.013398294762485108,0.5909090909090908,0.9411764705882355,0.5151612854199371,0.6330272525353847,1.8050727911824647,Medium,0.6330272525353847,Base
39:30,0.026796589524970216,0.5909090909090908,0.9411764705882355,0.5196273836740989,0.6357069114878817,1.8050727911824647,Medium,0.6357069114878817,Base
40:00,0.026796589524970216,0.5909090909090908,0.9411764705882355,0.5196273836740989,0.6357069114878817,1.8050727911824647,Medium,0.6357069114878817,Base
40:30,0.026796589524970216,0.5909090909090908,0.9411764705882355,0.5196273836740989,0.6357069114878817,1.8050727911824647,Medium,0.6357069114878817,Base
41:00,0.026796589524970216,0.5909090909090908,0.9411764705882355,0.5196273836740989,0.6357069114878817,1.8050727911824647,Medium,0.6357069114878817,Base
41:30,0.026796589524970216,0.5909090909090908,0.9705882352941178,0.5294313052427263,0.6489422056055287,1.8383884643087292,High,0.6489422056055287,Base
42:00,0.026796589524970216,0.5909090909090908,0.9705882352941178,0.5294313052427263,0.6489422056055287,1.8383884643087292,High,0.6489422056055287,Base
42:30,0.013398294762485108,0.5909090909090908,0.9705882352941178,0.5249652069885645,0.6462625466530317,1.8383884643087292,High,0.6462625466530317,Base
43:00,0.013398294762485108,0.27272727272727293,0.9705882352941178,0.4189046009279586,0.5348989102893955,1.477885954194598,Medium,0.5348989102893955,Base
43:30,0.026796589524970216,0.27272727272727293,0.9705882352941178,0.4233706991821203,0.5375785692418925,1.477885954194598,Medium,0.5375785692418925,Base
44:00,0.013398294762485108,0.27272727272727293,0.9705882352941178,0.4189046009279586,0.5348989102893955,1.477885954194598,Medium,0.5348989102893955,Base
44:30,0.026796589524970216,0.27272727272727293,0.9705882352941178,0.4233706991821203,0.5375785692418925,1.477885954194598,Medium,0.5375785692418925,Base
45:00,0.013398294762485108,0.27272727272727293,0.9705882352941178,0.4189046009279586,0.5348989102893955,1.477885954194598,Medium,0.5348989102893955,Base
45:30,0.013398294762485108,0.27272727272727293,0.9705882352941178,0.4189046009279586,0.5348989102893955,1.477885954194598,Medium,0.5348989102893955,Base
46:00,0.013398294762485108,0.27272727272727293,0.9705882352941178,0.4189046009279586,0.5348989102893955,1.477885954194598,Medium,0.5348989102893955,Base
46:30,0.013398294762485108,0.27272727272727293,1.0,0.42870852249658603,0.5481342044070425,1.505162840538661,Medium,0.5481342044070425,Base
47:00,0.013398294762485108,0.4545454545454546,1.0,0.4893145831026466,0.6117705680434061,1.705111718401859,Medium,0.611770568043406,Base
47:30,0.013398294762485108,0.4545454545454546,1.0,0.4893145831026466,0.6117705680434061,1.705111718401859,Medium,0.611770568043406,Base
48:00,0.013398294762485108,0.4545454545454546,1.0,0.4893145831026466,0.6117705680434061,1.705111718401859,Medium,0.611770568043406,Base
48:30,0.013398294762485108,0.4545454545454546,1.0,0.4893145831026466,0.6117705680434061,1.705111718401859,Medium,0.611770568043406,Base
49:00,0.013398294762485108,0.4545454545454546,0.9705882352941178,0.47951066153401917,0.5985352739257591,1.674211315273296,Medium,0.598535273925759,Base
49:30,0.013398294762485108,0.4545454545454546,0.9705882352941178,0.47951066153401917,0.5985352739257591,1.674211315273296,Medium,0.598535273925759,Base
50:00,0.013398294762485108,0.4545454545454546,0.9705882352941178,0.47951066153401917,0.5985352739257591,1.674211315273296,Medium,0.598535273925759,Base
50:30,0.013398294762485108,0.4545454545454546,0.9705882352941178,0.47951066153401917,0.5985352739257591,1.674211315273296,Medium,0.598535273925759,Base
51:00,0.013398294762485108,0.8181818181818183,0.9705882352941178,0.6007227827461404,0.7258080011984863,2.0720083337997317,High,0.7258080011984864,Base
51:30,0.013398294762485108,0.8181818181818183,0.9705882352941178,0.6007227827461404,0.7258080011984863,2.0720083337997317,High,0.7258080011984864,Base
52:00,0.013398294762485108,0.8181818181818183,0.9705882352941178,0.6007227827461404,0.7258080011984863,2.0720083337997317,High,0.7258080011984864,Base
52:30,0.013398294762485108,0.8181818181818183,0.9705882352941178,0.6007227827461404,0.7258080011984863,2.0720083337997317,High,0.7258080011984864,Base
53:00,0.013398294762485108,0.8181818181818183,0.9411764705882355,0.590918861177513,0.7125727070808393,2.0344589509005497,High,0.7125727070808394,Base
53:30,0.013398294762485108,0.8181818181818183,0.9117647058823533,0.5811149396088856,0.6993374129631923,1.9975900460347373,High,0.6993374129631924,Base
54:00,0.013398294762485108,0.8181818181818183,0.882352941176471,0.5713110180402582,0.6861021188455453,1.9613892874322854,High,0.6861021188455454,Base
54:30,0.013398294762485108,0.8181818181818183,0.852941176470587,0.5615070964716301,0.6728668247278976,1.925844566802184,High,0.6728668247278975,Base
55:00,0.013398294762485108,0.6363636363636367,0.852941176470587,0.5009010358655696,0.609230461091534,1.7628256408502834,Medium,0.6092304610915339,Base
55:30,0.013398294762485108,0.6363636363636367,0.852941176470587,0.5009010358655696,0.609230461091534,1.7628256408502834,Medium,0.6092304610915339,Base
56:00,0.013398294762485108,0.6363636363636367,0.852941176470587,0.5009010358655696,0.609230461091534,1.7628256408502834,Medium,0.6092304610915339,Base
56:30,0.013398294762485108,0.6363636363636367,0.8235294117647047,0.4910971142969422,0.595995166973887,1.7308793335439823,Medium,0.5959951669738869,Base
57:00,0.013398294762485108,0.6363636363636367,0.7941176470588225,0.4812931927283148,0.58275987285624,1.6995119641240262,Medium,0.5827598728562399,Base
57:30,0.0,0.6363636363636367,0.7647058823529402,0.46702317290552564,0.566844919786096,1.6687130409528985,Medium,0.5668449197860959,Base
58:00,0.013398294762485108,0.6363636363636367,0.735294117647058,0.46168534959105995,0.556289284620946,1.638472262524806,Medium,0.5562892846209458,Base
58:30,0.013398294762485108,0.6363636363636367,0.735294117647058,0.46168534959105995,0.556289284620946,1.638472262524806,Medium,0.5562892846209458,Base
59:00,0.0,0.6818181818181817,0.735294117647058,0.4723707664884132,0.5695187165775397,1.6903686573162418,Medium,0.5695187165775396,Base
59:30,0.0,0.6818181818181817,0.735294117647058,0.4723707664884132,0.5695187165775397,1.6903686573162418,Medium,0.5695187165775396,Base
60:00,0.0,0.6818181818181817,0.735294117647058,0.4723707664884132,0.5695187165775397,1.6903686573162418,Medium,0.5695187165775396,Base
60:30,0.013398294762485108,0.6818181818181817,0.7647058823529402,0.48664078631120233,0.5854336696476837,1.7215672715356383,Medium,0.5854336696476836,Base
61:00,0.013398294762485108,0.6818181818181817,0.735294117647058,0.4768368647425749,0.5721983755300367,1.6903686573162418,Medium,0.5721983755300366,Base
61:30,0.0,0.6818181818181817,0.6764705882352935,0.45276292335115836,0.5430481283422457,1.629657346885168,Medium,0.5430481283422456,Base
62:00,0.0,0.6818181818181817,0.6764705882352935,0.45276292335115836,0.5430481283422457,1.629657346885168,Medium,0.5430481283422456,Base
62:30,0.0,0.6818181818181817,0.7058823529411757,0.4625668449197858,0.5562834224598927,1.6597354311274526,Medium,0.5562834224598926,Base
63:00,0.0,0.9090909090909092,0.7058823529411757,0.5383244206773616,0.6358288770053473,1.7575528824074689,Medium,0.6358288770053472,Base
63:30,0.0,0.9090909090909092,0.7058823529411757,0.5383244206773616,0.6358288770053473,1.7575528824074689,Medium,0.6358288770053472,Base
64:00,0.0,0.9090909090909092,0.7058823529411757,0.5383244206773616,0.6358288770053473,1.7575528824074689,Medium,0.6358288770053472,Base
64:30,0.0,0.9090909090909092,0.6764705882352935,0.5285204991087342,0.6225935828877003,1.7257021291693992,Medium,0.6225935828877002,Base
65:00,0.013398294762485108,0.9090909090909092,0.6764705882352935,0.5329865973628959,0.6252732418401973,1.7257021291693992,Medium,0.6252732418401972,Base
65:30,0.013398294762485108,0.9090909090909092,0.6764705882352935,0.5329865973628959,0.6252732418401973,1.7257021291693992,Medium,0.6252732418401972,Base
66:00,0.0,0.9090909090909092,0.6764705882352935,0.5285204991087342,0.6225935828877003,1.7257021291693992,Medium,0.6225935828877002,Base
66:30,0.0,0.9090909090909092,0.6764705882352935,0.5285204991087342,0.6225935828877003,1.7257021291693992,Medium,0.6225935828877002,Base
67:00,0.013398294762485108,0.8181818181818183,0.7058823529411757,0.512487488628493,0.6066903541396625,1.7575528824074689,Medium,0.6066903541396624,Base
67:30,0.013398294762485108,0.8181818181818183,0.7058823529411757,0.512487488628493,0.6066903541396625,1.7575528824074689,Medium,0.6066903541396624,Base
68:00,0.013398294762485108,0.8181818181818183,0.7058823529411757,0.512487488628493,0.6066903541396625,1.7575528824074689,Medium,0.6066903541396624,Base
68:30,0.013398294762485108,0.8181818181818183,0.7058823529411757,0.512487488628493,0.6066903541396625,1.7575528824074689,Medium,0.6066903541396624,Base
69:00,0.013398294762485108,0.8181818181818183,0.735294117647058,0.5222914101971204,0.6199256482573096,1.789991495198288,Medium,0.6199256482573094,Base
69:30,0.013398294762485108,0.8181818181818183,0.735294117647058,0.5222914101971204,0.6199256482573096,1.789991495198288,Medium,0.6199256482573094,Base
70:00,0.013398294762485108,0.8181818181818183,0.735294117647058,0.5222914101971204,0.6199256482573096,1.789991495198288,Medium,0.6199256482573094,Base
70:30,0.013398294762485108,0.8181818181818183,0.7647058823529402,0.5320953317657479,0.6331609423749566,1.8230288174847507,Medium,0.6331609423749565,Base
71:00,0.013398294762485108,0.8181818181818183,0.7647058823529402,0.5320953317657479,0.6331609423749566,1.8230288174847507,Medium,0.6331609423749565,Base
71:30,0.013398294762485108,0.40909090909090917,0.7647058823529402,0.3957316954021115,0.4899791241931383,1.4278085260188997,Medium,0.48997912419313827,Base
72:00,0.013398294762485108,0.40909090909090917,0.7647058823529402,0.3957316954021115,0.4899791241931383,1.4278085260188997,Medium,0.48997912419313827,Base
72:30,0.013398294762485108,0.40909090909090917,0.7647058823529402,0.3957316954021115,0.4899791241931383,1.4278085260188997,Medium,0.48997912419313827,Base
73:00,0.013398294762485108,0.40909090909090917,0.7647058823529402,0.3957316954021115,0.4899791241931383,1.4278085260188997,Medium,0.48997912419313827,Base
73:30,0.013398294762485108,0.40909090909090917,0.7941176470588225,0.4055356169707389,0.5032144183107853,1.4541611486788302,Medium,0.5032144183107853,Base
74:00,0.013398294762485108,0.40909090909090917,0.7941176470588225,0.4055356169707389,0.5032144183107853,1.4541611486788302,Medium,0.5032144183107853,Base
74:30,0.013398294762485108,0.40909090909090917,0.7941176470588225,0.4055356169707389,0.5032144183107853,1.4541611486788302,Medium,0.5032144183107853,Base
75:00,0.026796589524970216,0.8636363636363633,0.7647058823529402,0.5517129451714246,0.6517496922365442,1.8230288174847507,Medium,0.6517496922365442,Base
75:30,0.026796589524970216,0.8636363636363633,0.7647058823529402,0.5517129451714246,0.6517496922365442,1.8230288174847507,Medium,0.6517496922365442,Base
76:00,0.026796589524970216,0.8636363636363633,0.7647058823529402,0.5517129451714246,0.6517496922365442,1.8230288174847507,Medium,0.6517496922365442,Base
76:30,0.026796589524970216,0.8636363636363633,0.7647058823529402,0.5517129451714246,0.6517496922365442,1.8230288174847507,Medium,0.6517496922365442,Base
77:00,0.026796589524970216,0.8636363636363633,0.7647058823529402,0.5517129451714246,0.6517496922365442,1.8230288174847507,Medium,0.6517496922365442,Base
77:30,0.026796589524970216,0.8636363636363633,0.7647058823529402,0.5517129451714246,0.6517496922365442,1.8230288174847507,Medium,0.6517496922365442,Base
78:00,0.026796589524970216,0.8636363636363633,0.7647058823529402,0.5517129451714246,0.6517496922365442,1.8230288174847507,Medium,0.6517496922365442,Base
78:30,0.026796589524970216,0.8636363636363633,0.7647058823529402,0.5517129451714246,0.6517496922365442,1.8230288174847507,Medium,0.6517496922365442,Base
79:00,0.040194884287455324,1.0,0.7647058823529402,0.6016335888801319,0.7021566239163142,1.8230288174847507,Medium,0.7021566239163142,Base
79:30,0.026796589524970216,1.0,0.7647058823529402,0.5971674906259702,0.6994769649638171,1.8230288174847507,Medium,0.6994769649638171,Base
80:00,0.026796589524970216,1.0,0.7647058823529402,0.5971674906259702,0.6994769649638171,1.8230288174847507,Medium,0.6994769649638171,Base
80:30,0.026796589524970216,1.0,0.735294117647058,0.5873635690573428,0.68624167084617,1.789991495198288,Medium,0.68624167084617,Base
81:00,0.040194884287455324,1.0,0.735294117647058,0.5918296673115044,0.6889213297986672,1.789991495198288,Medium,0.6889213297986672,Base
81:30,0.026796589524970216,1.0,0.7058823529411757,0.5775596474887154,0.673006376728523,1.7575528824074689,Medium,0.673006376728523,Base
82:00,0.040194884287455324,1.0,0.7058823529411757,0.582025745742877,0.6756860356810201,1.7575528824074689,Medium,0.6756860356810201,Base
82:30,0.040194884287455324,1.0,0.7058823529411757,0.582025745742877,0.6756860356810201,1.7575528824074689,Medium,0.6756860356810201,Base
83:00,0.040194884287455324,0.8636363636363633,0.7058823529411757,0.5365712002883315,0.6279587629537473,1.7575528824074689,Medium,0.6279587629537473,Base
83:30,0.040194884287455324,0.8636363636363633,0.7058823529411757,0.5365712002883315,0.6279587629537473,1.7575528824074689,Medium,0.6279587629537473,Base
84:00,0.040194884287455324,0.8636363636363633,0.7058823529411757,0.5365712002883315,0.6279587629537473,1.7575528824074689,Medium,0.6279587629537473,Base
84:30,0.040194884287455324,0.8636363636363633,0.7058823529411757,0.5365712002883315,0.6279587629537473,1.7575528824074689,Medium,0.6279587629537473,Base
85:00,0.040194884287455324,0.8636363636363633,0.7058823529411757,0.5365712002883315,0.6279587629537473,1.7575528824074689,Medium,0.6279587629537473,Base
85:30,0.040194884287455324,0.8636363636363633,0.7058823529411757,0.5365712002883315,0.6279587629537473,1.7575528824074689,Medium,0.6279587629537473,Base
86:00,0.026796589524970216,0.8636363636363633,0.7058823529411757,0.5321051020341697,0.6252791040012502,1.7575528824074689,Medium,0.6252791040012502,Base
86:30,0.040194884287455324,0.8636363636363633,0.735294117647058,0.5463751218569589,0.6411940570713943,1.789991495198288,Medium,0.6411940570713943,Base
87:00,0.040194884287455324,0.6818181818181817,0.735294117647058,0.4857690612508983,0.5775576934350308,1.6903686573162418,Medium,0.5775576934350307,Base
87:30,0.040194884287455324,0.6818181818181817,0.735294117647058,0.4857690612508983,0.5775576934350308,1.6903686573162418,Medium,0.5775576934350307,Base
88:00,0.040194884287455324,0.6818181818181817,0.7058823529411757,0.4759651396822709,0.5643223993173838,1.6597354311274526,Medium,0.5643223993173837,Base
88:30,0.040194884287455324,0.6818181818181817,0.7058823529411757,0.4759651396822709,0.5643223993173838,1.6597354311274526,Medium,0.5643223993173837,Base
89:00,0.040194884287455324,0.6818181818181817,0.7058823529411757,0.4759651396822709,0.5643223993173838,1.6597354311274526,Medium,0.5643223993173837,Base
89:30,0.040194884287455324,0.6818181818181817,0.735294117647058,0.4857690612508983,0.5775576934350308,1.6903686573162418,Medium,0.5775576934350307,Base
90:00,0.040194884287455324,0.6818181818181817,0.735294117647058,0.4857690612508983,0.5775576934350308,1.6903686573162418,Medium,0.5775576934350307,Base
90:30,0.040194884287455324,0.6818181818181817,0.7058823529411757,0.4759651396822709,0.5643223993173838,1.6597354311274526,Medium,0.5643223993173837,Base
91:00,0.040194884287455324,0.5454545454545454,0.735294117647058,0.4403145157963529,0.5298304207077581,1.5394104064541823,Medium,0.5298304207077581,Base
91:30,0.040194884287455324,0.5454545454545454,0.735294117647058,0.4403145157963529,0.5298304207077581,1.5394104064541823,Medium,0.5298304207077581,Base
92:00,0.026796589524970216,0.5454545454545454,0.735294117647058,0.4358484175421912,0.527150761755261,1.5394104064541823,Medium,0.527150761755261,Base
92:30,0.026796589524970216,0.5454545454545454,0.735294117647058,0.4358484175421912,0.527150761755261,1.5394104064541823,Medium,0.527150761755261,Base
93:00,0.040194884287455324,0.5454545454545454,0.735294117647058,0.4403145157963529,0.5298304207077581,1.5394104064541823,Medium,0.5298304207077581,Base
93:30,0.026796589524970216,0.5454545454545454,0.735294117647058,0.4358484175421912,0.527150761755261,1.5394104064541823,Medium,0.527150761755261,Base
94:00,0.040194884287455324,0.5454545454545454,0.7647058823529402,0.4501184373649803,0.5430657148254051,1.5678228306839006,Medium,0.5430657148254051,Base
94:30,0.040194884287455324,0.5454545454545454,0.7647058823529402,0.4501184373649803,0.5430657148254051,1.5678228306839006,Medium,0.5430657148254051,Base
95:00,0.040194884287455324,0.5909090909090908,0.7647058823529402,0.46526995251649544,0.5589748057344961,1.617481500192788,Medium,0.558974805734496,Base
95:30,0.040194884287455324,0.5909090909090908,0.7647058823529402,0.46526995251649544,0.5589748057344961,1.617481500192788,Medium,0.558974805734496,Base
96:00,0.026796589524970216,0.5909090909090908,0.7647058823529402,0.4608038542623338,0.556295146781999,1.617481500192788,Medium,0.5562951467819989,Base
96:30,0.026796589524970216,0.5909090909090908,0.7647058823529402,0.4608038542623338,0.556295146781999,1.617481500192788,Medium,0.5562951467819989,Base
97:00,0.040194884287455324,0.5909090909090908,0.7647058823529402,0.46526995251649544,0.5589748057344961,1.617481500192788,Medium,0.558974805734496,Base
97:30,0.040194884287455324,0.5909090909090908,0.7647058823529402,0.46526995251649544,0.5589748057344961,1.617481500192788,Medium,0.558974805734496,Base
98:00,0.040194884287455324,0.5909090909090908,0.7941176470588225,0.47507387408512286,0.5722100998521431,1.6473348585789074,Medium,0.572210099852143,Base
98:30,0.040194884287455324,0.5909090909090908,0.7941176470588225,0.47507387408512286,0.5722100998521431,1.6473348585789074,Medium,0.572210099852143,Base
99:00,0.026796589524970216,0.5909090909090908,0.7941176470588225,0.4706077758309612,0.569530440899646,1.6473348585789074,Medium,0.5695304408996459,Base
99:30,0.040194884287455324,0.22727272727272751,0.7941176470588225,0.35386175287300176,0.44493737257941585,1.308377392819925,Low,0.44493737257941574,Base
100:00,0.040194884287455324,0.22727272727272751,0.7941176470588225,0.35386175287300176,0.44493737257941585,1.308377392819925,Low,0.44493737257941574,Base
100:30,0.040194884287455324,0.22727272727272751,0.8235294117647047,0.36366567444162917,0.45817266669706286,1.3325257118006948,Low,0.45817266669706275,Base
101:00,0.040194884287455324,0.22727272727272751,0.8235294117647047,0.36366567444162917,0.45817266669706286,1.3325257118006948,Low,0.45817266669706275,Base
101:30,0.040194884287455324,0.22727272727272751,0.8235294117647047,0.36366567444162917,0.45817266669706286,1.3325257118006948,Low,0.45817266669706275,Base
102:00,0.040194884287455324,0.22727272727272751,0.8235294117647047,0.36366567444162917,0.45817266669706286,1.3325257118006948,Low,0.45817266669706275,Base
102:30,0.040194884287455324,0.22727272727272751,0.8235294117647047,0.36366567444162917,0.45817266669706286,1.3325257118006948,Low,0.45817266669706275,Base
103:00,0.040194884287455324,0.22727272727272751,0.8235294117647047,0.36366567444162917,0.45817266669706286,1.3325257118006948,Low,0.45817266669706275,Base
103:30,0.040194884287455324,0.22727272727272751,0.8235294117647047,0.36366567444162917,0.45817266669706286,1.3325257118006948,Low,0.45817266669706275,Base
104:00,0.040194884287455324,0.22727272727272751,0.8235294117647047,0.36366567444162917,0.45817266669706286,1.3325257118006948,Low,0.45817266669706275,Base
104:30,0.040194884287455324,0.22727272727272751,0.8235294117647047,0.36366567444162917,0.45817266669706286,1.3325257118006948,Low,0.45817266669706275,Base
105:00,0.040194884287455324,0.22727272727272751,0.8235294117647047,0.36366567444162917,0.45817266669706286,1.3325257118006948,Low,0.45817266669706275,Base
105:30,0.040194884287455324,0.22727272727272751,0.8235294117647047,0.36366567444162917,0.45817266669706286,1.3325257118006948,Low,0.45817266669706275,Base
106:00,0.040194884287455324,0.22727272727272751,0.852941176470587,0.3734695960102566,0.47140796081470987,1.357119728874994,Low,0.47140796081470976,Base
106:30,0.040194884287455324,0.22727272727272751,0.852941176470587,0.3734695960102566,0.47140796081470987,1.357119728874994,Low,0.47140796081470976,Base
107:00,0.05481120584652999,0.22727272727272751,0.852941176470587,0.3783417031966148,0.4743312251265248,1.357119728874994,Low,0.4743312251265247,Base
107:30,0.05481120584652999,0.22727272727272751,0.852941176470587,0.3783417031966148,0.4743312251265248,1.357119728874994,Low,0.4743312251265247,Base
108:00,0.05481120584652999,0.22727272727272751,0.852941176470587,0.3783417031966148,0.4743312251265248,1.357119728874994,Low,0.4743312251265247,Base
108:30,0.05481120584652999,0.36363636363636376,0.852941176470587,0.4237962486511602,0.5220584978537974,1.4620267947157364,Medium,0.5220584978537973,Base
109:00,0.05481120584652999,0.36363636363636376,0.852941176470587,0.4237962486511602,0.5220584978537974,1.4620267947157364,Medium,0.5220584978537973,Base
109:30,0.05481120584652999,0.36363636363636376,0.852941176470587,0.4237962486511602,0.5220584978537974,1.4620267947157364,Medium,0.5220584978537973,Base
110:00,0.05481120584652999,0.36363636363636376,0.852941176470587,0.4237962486511602,0.5220584978537974,1.4620267947157364,Medium,0.5220584978537973,Base
110:30,0.05481120584652999,0.36363636363636376,0.882352941176471,0.43360017021978825,0.5352937919714453,1.4890109734328092,Medium,0.5352937919714452,Base
111:00,0.05481120584652999,0.36363636363636376,0.882352941176471,0.43360017021978825,0.5352937919714453,1.4890109734328092,Medium,0.5352937919714452,Base
111:30,0.05481120584652999,0.36363636363636376,0.882352941176471,0.43360017021978825,0.5352937919714453,1.4890109734328092,Medium,0.5352937919714452,Base
112:00,0.05481120584652999,0.36363636363636376,0.882352941176471,0.43360017021978825,0.5352937919714453,1.4890109734328092,Medium,0.5352937919714452,Base
112:30,0.05481120584652999,0.36363636363636376,0.882352941176471,0.43360017021978825,0.5352937919714453,1.4890109734328092,Medium,0.5352937919714452,Base
113:00,0.06820950060901332,0.27272727272727293,0.882352941176471,0.4077632381709191,0.5061552691057601,1.3989855307619135,Low,0.50615526910576,Base
113:30,0.06820950060901332,0.27272727272727293,0.882352941176471,0.4077632381709191,0.5061552691057601,1.3989855307619135,Low,0.50615526910576,Base
114:00,0.06820950060901332,0.27272727272727293,0.882352941176471,0.4077632381709191,0.5061552691057601,1.3989855307619135,Low,0.50615526910576,Base
114:30,0.06820950060901332,0.27272727272727293,0.882352941176471,0.4077632381709191,0.5061552691057601,1.3989855307619135,Low,0.50615526910576,Base
115:00,0.06820950060901332,0.27272727272727293,0.882352941176471,0.4077632381709191,0.5061552691057601,1.3989855307619135,Low,0.50615526910576,Base
115:30,0.06820950060901332,0.27272727272727293,0.9117647058823533,0.4175671597395465,0.5193905632234072,1.4248061762665778,Medium,0.5193905632234072,Base
116:00,0.06820950060901332,0.27272727272727293,0.9117647058823533,0.4175671597395465,0.5193905632234072,1.4248061762665778,Medium,0.5193905632234072,Base
116:30,0.06820950060901332,0.27272727272727293,0.9117647058823533,0.4175671597395465,0.5193905632234072,1.4248061762665778,Medium,0.5193905632234072,Base
117:00,0.06820950060901332,0.27272727272727293,0.9117647058823533,0.4175671597395465,0.5193905632234072,1.4248061762665778,Medium,0.5193905632234072,Base
117:30,0.06820950060901332,0.18181818181818166,0.9117647058823533,0.38726412943651606,0.4875723814052252,1.407677913581336,Low,0.4875723814052252,Base
118:00,0.06820950060901332,0.18181818181818166,0.9117647058823533,0.38726412943651606,0.4875723814052252,1.407677913581336,Low,0.4875723814052252,Base
118:30,0.06820950060901332,0.18181818181818166,0.9117647058823533,0.38726412943651606,0.4875723814052252,1.407677913581336,Low,0.4875723814052252,Base
119:00,0.06820950060901332,0.18181818181818166,0.9411764705882355,0.3970680510051435,0.5008076755228722,1.4336589917212461,Medium,0.5008076755228722,Base
119:30,0.06820950060901332,0.18181818181818166,0.9411764705882355,0.3970680510051435,0.5008076755228722,1.4336589917212461,Medium,0.5008076755228722,Base
120:00,0.06820950060901332,0.18181818181818166,0.9411764705882355,0.3970680510051435,0.5008076755228722,1.4336589917212461,Medium,0.5008076755228722,Base
120:30,0.06820950060901332,0.18181818181818166,0.9411764705882355,0.3970680510051435,0.5008076755228722,1.4336589917212461,Medium,0.5008076755228722,Base
121:00,0.06820950060901332,0.18181818181818166,0.9411764705882355,0.3970680510051435,0.5008076755228722,1.4336589917212461,Medium,0.5008076755228722,Base
121:30,0.06820950060901332,0.6818181818181817,0.9411764705882355,0.5637347176718102,0.6758076755228722,1.921230159151016,High,0.6758076755228722,Base
122:00,0.06820950060901332,0.6818181818181817,0.9411764705882355,0.5637347176718102,0.6758076755228722,1.921230159151016,High,0.6758076755228722,Base
122:30,0.06820950060901332,0.6818181818181817,0.9411764705882355,0.5637347176718102,0.6758076755228722,1.921230159151016,High,0.6758076755228722,Base
123:00,0.06820950060901332,0.6818181818181817,0.9411764705882355,0.5637347176718102,0.6758076755228722,1.921230159151016,High,0.6758076755228722,Base
123:30,0.06820950060901332,0.6818181818181817,0.9411764705882355,0.5637347176718102,0.6758076755228722,1.921230159151016,High,0.6758076755228722,Base
124:00,0.06820950060901332,0.6818181818181817,0.9411764705882355,0.5637347176718102,0.6758076755228722,1.921230159151016,High,0.6758076755228722,Base
124:30,0.06820950060901332,0.6818181818181817,0.9411764705882355,0.5637347176718102,0.6758076755228722,1.921230159151016,High,0.6758076755228722,Base
125:00,0.06820950060901332,0.6818181818181817,0.9411764705882355,0.5637347176718102,0.6758076755228722,1.921230159151016,High,0.6758076755228722,Base
125:30,0.06820950060901332,0.6363636363636367,0.9411764705882355,0.5485832025202951,0.6598985846137815,1.8622460325860966,High,0.6598985846137815,Base
126:00,0.08160779537149843,0.6363636363636367,0.9411764705882355,0.5530493007744569,0.6625782435662785,1.8622460325860966,High,0.6625782435662785,Base
126:30,0.06820950060901332,0.6363636363636367,0.9411764705882355,0.5485832025202951,0.6598985846137815,1.8622460325860966,High,0.6598985846137815,Base
127:00,0.06820950060901332,0.6363636363636367,0.9411764705882355,0.5485832025202951,0.6598985846137815,1.8622460325860966,High,0.6598985846137815,Base
127:30,0.08160779537149843,0.6363636363636367,0.9411764705882355,0.5530493007744569,0.6625782435662785,1.8622460325860966,High,0.6625782435662785,Base
128:00,0.06820950060901332,0.6363636363636367,0.9411764705882355,0.5485832025202951,0.6598985846137815,1.8622460325860966,High,0.6598985846137815,Base
128:30,0.08160779537149843,0.6363636363636367,0.9411764705882355,0.5530493007744569,0.6625782435662785,1.8622460325860966,High,0.6625782435662785,Base
129:00,0.08160779537149843,0.6363636363636367,0.9705882352941178,0.5628532223430843,0.6758135376839255,1.8966169346380182,High,0.6758135376839255,Base
129:30,0.08160779537149843,0.8181818181818183,0.9705882352941178,0.6234592829491449,0.739449901320289,2.0720083337997317,High,0.7394499013202891,Base
130:00,0.08160779537149843,0.8181818181818183,0.9705882352941178,0.6234592829491449,0.739449901320289,2.0720083337997317,High,0.7394499013202891,Base
130:30,0.08160779537149843,0.8181818181818183,0.9705882352941178,0.6234592829491449,0.739449901320289,2.0720083337997317,High,0.7394499013202891,Base
131:00,0.08160779537149843,0.8181818181818183,0.9705882352941178,0.6234592829491449,0.739449901320289,2.0720083337997317,High,0.7394499013202891,Base
131:30,0.08160779537149843,0.8181818181818183,0.9705882352941178,0.6234592829491449,0.739449901320289,2.0720083337997317,High,0.7394499013202891,Base
132:00,0.08160779537149843,0.8181818181818183,0.9705882352941178,0.6234592829491449,0.739449901320289,2.0720083337997317,High,0.7394499013202891,Base
132:30,0.09500609013398353,0.8181818181818183,0.9411764705882355,0.6181214596346791,0.728894266155139,2.0344589509005497,High,0.7288942661551391,Base
133:00,0.09500609013398353,0.8181818181818183,0.9411764705882355,0.6181214596346791,0.728894266155139,2.0344589509005497,High,0.7288942661551391,Base
133:30,0.09500609013398353,0.6818181818181817,0.9411764705882355,0.5726669141801336,0.6811669934278662,1.921230159151016,High,0.6811669934278662,Base
134:00,0.09500609013398353,0.6818181818181817,0.9705882352941178,0.582470835748761,0.6944022875455133,1.9566897130788476,High,0.6944022875455133,Base
134:30,0.09500609013398353,0.6818181818181817,0.9705882352941178,0.582470835748761,0.6944022875455133,1.9566897130788476,High,0.6944022875455133,Base
135:00,0.09500609013398353,0.6818181818181817,0.9705882352941178,0.582470835748761,0.6944022875455133,1.9566897130788476,High,0.6944022875455133,Base
135:30,0.09500609013398353,0.6818181818181817,0.9411764705882355,0.5726669141801336,0.6811669934278662,1.921230159151016,High,0.6811669934278662,Base
136:00,0.09500609013398353,0.6818181818181817,0.9705882352941178,0.582470835748761,0.6944022875455133,1.9566897130788476,High,0.6944022875455133,Base
136:30,0.09500609013398353,0.6818181818181817,0.9705882352941178,0.582470835748761,0.6944022875455133,1.9566897130788476,High,0.6944022875455133,Base
137:00,0.09500609013398353,0.6818181818181817,0.9705882352941178,0.582470835748761,0.6944022875455133,1.9566897130788476,High,0.6944022875455133,Base
137:30,0.09500609013398353,1.0,0.9705882352941178,0.6885314418093671,0.8057659239091497,2.0720083337997317,High,0.8057659239091496,Base
138:00,0.09500609013398353,1.0,0.9705882352941178,0.6885314418093671,0.8057659239091497,2.0720083337997317,High,0.8057659239091496,Base
138:30,0.1096224116930582,1.0,0.9411764705882355,0.6835996274270979,0.7954538941033177,2.0344589509005497,High,0.7954538941033176,Base
139:00,0.09500609013398353,1.0,0.9411764705882355,0.6787275202407397,0.7925306297915027,2.0344589509005497,High,0.7925306297915026,Base
139:30,0.09500609013398353,1.0,0.9117647058823533,0.6689235986721123,0.7792953356738557,1.9975900460347373,High,0.7792953356738556,Base
140:00,0.1096224116930582,1.0,0.9117647058823533,0.6737957058584705,0.7822185999856707,1.9975900460347373,High,0.7822185999856706,Base
140:30,0.1096224116930582,1.0,0.9117647058823533,0.6737957058584705,0.7822185999856707,1.9975900460347373,High,0.7822185999856706,Base
141:00,0.1096224116930582,1.0,0.882352941176471,0.6639917842898431,0.7689833058680237,1.9613892874322854,High,0.7689833058680235,Base
141:30,0.1096224116930582,0.6363636363636367,0.882352941176471,0.542779663077722,0.6417105785952965,1.7953615713213738,Medium,0.6417105785952965,Base
142:00,0.1096224116930582,0.6363636363636367,0.882352941176471,0.542779663077722,0.6417105785952965,1.7953615713213738,Medium,0.6417105785952965,Base
142:30,0.1096224116930582,0.6363636363636367,0.882352941176471,0.542779663077722,0.6417105785952965,1.7953615713213738,Medium,0.6417105785952965,Base
143:00,0.1096224116930582,0.6363636363636367,0.882352941176471,0.542779663077722,0.6417105785952965,1.7953615713213738,Medium,0.6417105785952965,Base
143:30,0.1096224116930582,0.6363636363636367,0.9117647058823533,0.5525835846463494,0.6549458727129435,1.8284980074505877,Medium,0.6549458727129435,Base
144:00,0.1096224116930582,0.6363636363636367,0.9117647058823533,0.5525835846463494,0.6549458727129435,1.8284980074505877,Medium,0.6549458727129435,Base
144:30,0.1096224116930582,0.6363636363636367,0.9117647058823533,0.5525835846463494,0.6549458727129435,1.8284980074505877,Medium,0.6549458727129435,Base
145:00,0.1096224116930582,0.6363636363636367,0.882352941176471,0.542779663077722,0.6417105785952965,1.7953615713213738,Medium,0.6417105785952965,Base
145:30,0.1096224116930582,0.7727272727272725,0.882352941176471,0.5882342085322673,0.689437851322569,1.9613892874322854,High,0.689437851322569,Base
146:00,0.1096224116930582,0.7727272727272725,0.9117647058823533,0.5980381301008947,0.702673145440216,1.9975900460347373,High,0.702673145440216,Base
146:30,0.1096224116930582,0.7727272727272725,0.9117647058823533,0.5980381301008947,0.702673145440216,1.9975900460347373,High,0.702673145440216,Base
147:00,0.1096224116930582,0.7727272727272725,0.9117647058823533,0.5980381301008947,0.702673145440216,1.9975900460347373,High,0.702673145440216,Base
147:30,0.1096224116930582,0.7727272727272725,0.9117647058823533,0.5980381301008947,0.702673145440216,1.9975900460347373,High,0.702673145440216,Base
148:00,0.1096224116930582,0.7727272727272725,0.9117647058823533,0.5980381301008947,0.702673145440216,1.9975900460347373,High,0.702673145440216,Base
148:30,0.1096224116930582,0.7727272727272725,0.9117647058823533,0.5980381301008947,0.702673145440216,1.9975900460347373,High,0.702673145440216,Base
149:00,0.1096224116930582,1.0,0.9117647058823533,0.6737957058584705,0.7822185999856707,1.9975900460347373,High,0.7822185999856706,Base
149:30,0.1096224116930582,1.0,0.882352941176471,0.6639917842898431,0.7689833058680237,1.9613892874322854,High,0.7689833058680235,Base
150:00,0.1096224116930582,1.0,0.852941176470587,0.6541878627212151,0.7557480117503758,1.925844566802184,High,0.7557480117503758,Base
150:30,0.1096224116930582,1.0,0.8235294117647047,0.6443839411525877,0.7425127176327287,1.8909439952824971,High,0.7425127176327287,Base
151:00,0.1096224116930582,1.0,0.8235294117647047,0.6443839411525877,0.7425127176327287,1.8909439952824971,High,0.7425127176327287,Base
151:30,0.1096224116930582,1.0,0.8235294117647047,0.6443839411525877,0.7425127176327287,1.8909439952824971,High,0.7425127176327287,Base
152:00,0.1096224116930582,1.0,0.852941176470587,0.6541878627212151,0.7557480117503758,1.925844566802184,High,0.7557480117503758,Base
152:30,0.1096224116930582,1.0,0.852941176470587,0.6541878627212151,0.7557480117503758,1.925844566802184,High,0.7557480117503758,Base
153:00,0.1096224116930582,1.0,0.8235294117647047,0.6443839411525877,0.7425127176327287,1.8909439952824971,High,0.7425127176327287,Base
153:30,0.1096224116930582,0.5,0.8235294117647047,0.477717274485921,0.5675127176327288,1.5763032796671124,Medium,0.5675127176327287,Base
154:00,0.1230207064555433,0.5,0.8235294117647047,0.48218337274008266,0.5701923765852258,1.5763032796671124,Medium,0.5701923765852257,Base
154:30,0.1230207064555433,0.5,0.8235294117647047,0.48218337274008266,0.5701923765852258,1.5763032796671124,Medium,0.5701923765852257,Base
155:00,0.1230207064555433,0.5,0.8235294117647047,0.48218337274008266,0.5701923765852258,1.5763032796671124,Medium,0.5701923765852257,Base
155:30,0.1096224116930582,0.5,0.8235294117647047,0.477717274485921,0.5675127176327288,1.5763032796671124,Medium,0.5675127176327287,Base
156:00,0.1230207064555433,0.5,0.8235294117647047,0.48218337274008266,0.5701923765852258,1.5763032796671124,Medium,0.5701923765852257,Base
156:30,0.1230207064555433,0.5,0.8235294117647047,0.48218337274008266,0.5701923765852258,1.5763032796671124,Medium,0.5701923765852257,Base
157:00,0.1230207064555433,0.9090909090909092,0.8235294117647047,0.6185470091037191,0.713374194767044,1.8909439952824971,High,0.7133741947670439,Base
157:30,0.1230207064555433,0.9090909090909092,0.8235294117647047,0.6185470091037191,0.713374194767044,1.8909439952824971,High,0.7133741947670439,Base
158:00,0.1230207064555433,0.9090909090909092,0.8235294117647047,0.6185470091037191,0.713374194767044,1.8909439952824971,High,0.7133741947670439,Base
158:30,0.1230207064555433,0.9090909090909092,0.8235294117647047,0.6185470091037191,0.713374194767044,1.8909439952824971,High,0.7133741947670439,Base
159:00,0.1230207064555433,0.9090909090909092,0.8235294117647047,0.6185470091037191,0.713374194767044,1.8909439952824971,High,0.7133741947670439,Base
159:30,0.1230207064555433,0.9090909090909092,0.8235294117647047,0.6185470091037191,0.713374194767044,1.8909439952824971,High,0.7133741947670439,Base
160:00,0.1230207064555433,0.9090909090909092,0.8235294117647047,0.6185470091037191,0.713374194767044,1.8909439952824971,High,0.7133741947670439,Base
160:30,0.1230207064555433,0.9090909090909092,0.8235294117647047,0.6185470091037191,0.713374194767044,1.8909439952824971,High,0.7133741947670439,Base
161:00,0.1230207064555433,0.9090909090909092,0.8235294117647047,0.6185470091037191,0.713374194767044,1.8909439952824971,High,0.7133741947670439,Base
161:30,0.1230207064555433,0.36363636363636376,0.8235294117647047,0.43672882728553725,0.5224651038579531,1.4355316291181297,Medium,0.522465103857953,Base
162:00,0.1230207064555433,0.36363636363636376,0.8235294117647047,0.43672882728553725,0.5224651038579531,1.4355316291181297,Medium,0.522465103857953,Base
162:30,0.1364190012180284,0.36363636363636376,0.8235294117647047,0.44119492553969897,0.5251447628104502,1.4355316291181297,Medium,0.5251447628104501,Base
163:00,0.1364190012180284,0.36363636363636376,0.8235294117647047,0.44119492553969897,0.5251447628104502,1.4355316291181297,Medium,0.5251447628104501,Base
163:30,0.1364190012180284,0.36363636363636376,0.8235294117647047,0.44119492553969897,0.5251447628104502,1.4355316291181297,Medium,0.5251447628104501,Base
164:00,0.1364190012180284,0.36363636363636376,0.8235294117647047,0.44119492553969897,0.5251447628104502,1.4355316291181297,Medium,0.5251447628104501,Base
164:30,0.1364190012180284,0.36363636363636376,0.8235294117647047,0.44119492553969897,0.5251447628104502,1.4355316291181297,Medium,0.5251447628104501,Base
165:00,0.1364190012180284,0.36363636363636376,0.7647058823529402,0.42158708240244414,0.4986741745751561,1.3839730498746017,Low,0.498674174575156,Base
165:30,0.1364190012180284,0.36363636363636376,0.7647058823529402,0.42158708240244414,0.4986741745751561,1.3839730498746017,Low,0.498674174575156,Base
166:00,0.15103532277710308,0.36363636363636376,0.7647058823529402,0.42645918958880236,0.5015974388869711,1.3895547331400269,Low,0.501597438886971,Base
166:30,0.15103532277710308,0.36363636363636376,0.7647058823529402,0.42645918958880236,0.5015974388869711,1.3895547331400269,Low,0.501597438886971,Base
167:00,0.15103532277710308,0.36363636363636376,0.7647058823529402,0.42645918958880236,0.5015974388869711,1.3895547331400269,Low,0.501597438886971,Base
167:30,0.15103532277710308,0.36363636363636376,0.7647058823529402,0.42645918958880236,0.5015974388869711,1.3895547331400269,Low,0.501597438886971,Base
168:00,0.15103532277710308,0.36363636363636376,0.7647058823529402,0.42645918958880236,0.5015974388869711,1.3895547331400269,Low,0.501597438886971,Base
168:30,0.15103532277710308,0.36363636363636376,0.7647058823529402,0.42645918958880236,0.5015974388869711,1.3895547331400269,Low,0.501597438886971,Base
169:00,0.15103532277710308,0.36363636363636376,0.7647058823529402,0.42645918958880236,0.5015974388869711,1.3895547331400269,Low,0.501597438886971,Base
169:30,0.15103532277710308,0.36363636363636376,0.7647058823529402,0.42645918958880236,0.5015974388869711,1.3895547331400269,Low,0.501597438886971,Base
170:00,0.1644336175395864,0.5454545454545454,0.7647058823529402,0.491531348449024,0.5679134614758313,1.588739480915676,Medium,0.5679134614758312,Base
170:30,0.1644336175395864,0.5454545454545454,0.7647058823529402,0.491531348449024,0.5679134614758313,1.588739480915676,Medium,0.5679134614758312,Base
171:00,0.1644336175395864,0.5454545454545454,0.735294117647058,0.4817274268803966,0.5546781673581843,1.5599480006292281,Medium,0.5546781673581842,Base
171:30,0.1644336175395864,0.5454545454545454,0.735294117647058,0.4817274268803966,0.5546781673581843,1.5599480006292281,Medium,0.5546781673581842,Base
172:00,0.1644336175395864,0.5454545454545454,0.735294117647058,0.4817274268803966,0.5546781673581843,1.5599480006292281,Medium,0.5546781673581842,Base
172:30,0.1644336175395864,0.5454545454545454,0.735294117647058,0.4817274268803966,0.5546781673581843,1.5599480006292281,Medium,0.5546781673581842,Base
173:00,0.1644336175395864,0.5454545454545454,0.7058823529411757,0.4719235053117692,0.5414428732405373,1.5316782857719413,Medium,0.5414428732405372,Base
173:30,0.1644336175395864,0.5454545454545454,0.7058823529411757,0.4719235053117692,0.5414428732405373,1.5316782857719413,Medium,0.5414428732405372,Base
174:00,0.17783191230207152,0.6363636363636367,0.6764705882352935,0.4968887123003339,0.5627054198935693,1.6155386178663123,Medium,0.5627054198935691,Base
174:30,0.17783191230207152,0.6363636363636367,0.7058823529411757,0.5066926338689614,0.5759407140112163,1.6453561170711133,Medium,0.5759407140112162,Base
175:00,0.17783191230207152,0.6363636363636367,0.7058823529411757,0.5066926338689614,0.5759407140112163,1.6453561170711133,Medium,0.5759407140112162,Base
175:30,0.17783191230207152,0.6363636363636367,0.7058823529411757,0.5066926338689614,0.5759407140112163,1.6453561170711133,Medium,0.5759407140112162,Base
176:00,0.17783191230207152,0.6363636363636367,0.7058823529411757,0.5066926338689614,0.5759407140112163,1.6453561170711133,Medium,0.5759407140112162,Base
176:30,0.17783191230207152,0.6363636363636367,0.7058823529411757,0.5066926338689614,0.5759407140112163,1.6453561170711133,Medium,0.5759407140112162,Base
177:00,0.17783191230207152,0.6363636363636367,0.7058823529411757,0.5066926338689614,0.5759407140112163,1.6453561170711133,Medium,0.5759407140112162,Base
177:30,0.17783191230207152,0.6363636363636367,0.7058823529411757,0.5066926338689614,0.5759407140112163,1.6453561170711133,Medium,0.5759407140112162,Base
178:00,0.17783191230207152,0.6818181818181817,0.7058823529411757,0.5218441490204763,0.591849804920307,1.6974705486529136,Medium,0.5918498049203069,Base
178:30,0.19123020706455662,0.6818181818181817,0.7058823529411757,0.526310247274638,0.594529463872804,1.7132073423322296,Medium,0.5945294638728039,Base
179:00,0.19123020706455662,0.6818181818181817,0.7058823529411757,0.526310247274638,0.594529463872804,1.7132073423322296,Medium,0.5945294638728039,Base
179:30,0.17783191230207152,0.6818181818181817,0.7058823529411757,0.5218441490204763,0.591849804920307,1.6974705486529136,Medium,0.5918498049203069,Base
180:00,0.19123020706455662,0.6818181818181817,0.7058823529411757,0.526310247274638,0.594529463872804,1.7132073423322296,Medium,0.5945294638728039,Base
180:30,0.19123020706455662,0.6818181818181817,0.735294117647058,0.5361141688432655,0.607764757990451,1.7448274831340123,Medium,0.6077647579904509,Base
181:00,0.19123020706455662,0.6818181818181817,0.735294117647058,0.5361141688432655,0.607764757990451,1.7448274831340123,Medium,0.6077647579904509,Base
181:30,0.19123020706455662,0.6818181818181817,0.7058823529411757,0.526310247274638,0.594529463872804,1.7132073423322296,Medium,0.5945294638728039,Base
182:00,0.19123020706455662,0.6818181818181817,0.7058823529411757,0.526310247274638,0.594529463872804,1.7132073423322296,Medium,0.5945294638728039,Base
182:30,0.2058465286236295,0.31818181818181834,0.7058823529411757,0.40997023324887455,0.4701800009118914,1.3484760521206294,Low,0.4701800009118913,Base
183:00,0.2058465286236295,0.31818181818181834,0.7058823529411757,0.40997023324887455,0.4701800009118914,1.3484760521206294,Low,0.4701800009118913,Base
183:30,0.2058465286236295,0.31818181818181834,0.735294117647058,0.41977415481750197,0.4834152950295384,1.3733644597186503,Low,0.48341529502953834,Base
184:00,0.2058465286236295,0.31818181818181834,0.735294117647058,0.41977415481750197,0.4834152950295384,1.3733644597186503,Low,0.48341529502953834,Base
184:30,0.2058465286236295,0.31818181818181834,0.735294117647058,0.41977415481750197,0.4834152950295384,1.3733644597186503,Low,0.48341529502953834,Base
185:00,0.2058465286236295,0.31818181818181834,0.7058823529411757,0.40997023324887455,0.4701800009118914,1.3484760521206294,Low,0.4701800009118913,Base
185:30,0.2058465286236295,0.31818181818181834,0.617647058823529,0.3805584685429923,0.43047411855895035,1.2764844811883955,Low,0.4304741185589503,Base
186:00,0.21924482338611462,0.31818181818181834,0.47058823529411775,0.3360049589540169,0.36697730692321234,1.1757375450929228,Low,0.36697730692321223,Base
186:30,0.2058465286236295,0.8181818181818183,0.41176470588235325,0.478597684229267,0.5128270597354212,1.526250480361369,Medium,0.5128270597354212,Base
187:00,0.21924482338611462,0.8181818181818183,0.4411764705882355,0.49286770405205615,0.5287420128055652,1.5688306264838325,Medium,0.5287420128055652,Base
187:30,0.21924482338611462,0.8181818181818183,0.47058823529411775,0.5026716256206836,0.5419773069232122,1.597786050662693,Medium,0.5419773069232122,Base
188:00,0.21924482338611462,0.8181818181818183,0.47058823529411775,0.5026716256206836,0.5419773069232122,1.597786050662693,Medium,0.5419773069232122,Base
188:30,0.21924482338611462,0.8181818181818183,0.5,0.512475547189311,0.5552126010408592,1.6272758961966853,Medium,0.5552126010408592,Base
189:00,0.21924482338611462,0.8181818181818183,0.5,0.512475547189311,0.5552126010408592,1.6272758961966853,Medium,0.5552126010408592,Base
189:30,0.23264311814859973,0.8181818181818183,0.5,0.5169416454434727,0.5578922599933563,1.6423619341006086,Medium,0.5578922599933562,Base
190:00,0.23264311814859973,0.8181818181818183,0.5294117647058822,0.5267455670121001,0.5711275541110034,1.6726745030002106,Medium,0.5711275541110032,Base
190:30,0.23264311814859973,0.6818181818181817,0.5882352941176467,0.5008988646948094,0.5498708696190246,1.6384267632122913,Medium,0.5498708696190244,Base
191:00,0.23264311814859973,0.6818181818181817,0.617647058823529,0.5107027862634368,0.5631061637366717,1.6686667018735717,Medium,0.5631061637366714,Base
191:30,0.23264311814859973,0.6818181818181817,0.5882352941176467,0.5008988646948094,0.5498708696190246,1.6384267632122913,Medium,0.5498708696190244,Base
192:00,0.23264311814859973,0.6818181818181817,0.5882352941176467,0.5008988646948094,0.5498708696190246,1.6384267632122913,Medium,0.5498708696190244,Base
192:30,0.23264311814859973,0.6818181818181817,0.5882352941176467,0.5008988646948094,0.5498708696190246,1.6384267632122913,Medium,0.5498708696190244,Base
193:00,0.23264311814859973,0.6818181818181817,0.617647058823529,0.5107027862634368,0.5631061637366717,1.6686667018735717,Medium,0.5631061637366714,Base
193:30,0.23264311814859973,0.6818181818181817,0.617647058823529,0.5107027862634368,0.5631061637366717,1.6686667018735717,Medium,0.5631061637366714,Base
194:00,0.23264311814859973,0.6818181818181817,0.6470588235294112,0.5205067078320642,0.5763414578543187,1.6994647697785699,Medium,0.5763414578543185,Base
194:30,0.24604141291108306,0.6363636363636367,0.6470588235294112,0.5098212909347103,0.5631120258977246,1.6625606882225905,Medium,0.5631120258977244,Base
195:00,0.24604141291108306,0.6363636363636367,0.6764705882352935,0.5196252125033377,0.5763473200153716,1.6932460593123162,Medium,0.5763473200153714,Base
195:30,0.24604141291108306,0.6363636363636367,0.6764705882352935,0.5196252125033377,0.5763473200153716,1.6932460593123162,Medium,0.5763473200153714,Base
196:00,0.24604141291108306,0.6363636363636367,0.6764705882352935,0.5196252125033377,0.5763473200153716,1.6932460593123162,Medium,0.5763473200153714,Base
196:30,0.24604141291108306,0.6363636363636367,0.7058823529411757,0.5294291340719651,0.5895826141330186,1.724497780855042,Medium,0.5895826141330184,Base
197:00,0.24604141291108306,0.6363636363636367,0.7058823529411757,0.5294291340719651,0.5895826141330186,1.724497780855042,Medium,0.5895826141330184,Base
197:30,0.24604141291108306,0.6363636363636367,0.735294117647058,0.5392330556405925,0.6028179082506656,1.7563263058068244,Medium,0.6028179082506654,Base
198:00,0.24604141291108306,0.6363636363636367,0.735294117647058,0.5392330556405925,0.6028179082506656,1.7563263058068244,Medium,0.6028179082506654,Base
198:30,0.24604141291108306,0.6363636363636367,0.7647058823529402,0.54903697720922,0.6160532023683126,1.7887422800507158,Medium,0.6160532023683124,Base
199:00,0.25943970767356817,0.5,0.7647058823529402,0.5080485300088361,0.5710055885935368,1.644100790211238,Medium,0.5710055885935367,Base
199:30,0.25943970767356817,0.5,0.7647058823529402,0.5080485300088361,0.5710055885935368,1.644100790211238,Medium,0.5710055885935367,Base
200:00,0.25943970767356817,0.5,0.7647058823529402,0.5080485300088361,0.5710055885935368,1.644100790211238,Medium,0.5710055885935367,Base
200:30,0.25943970767356817,0.5,0.7647058823529402,0.5080485300088361,0.5710055885935368,1.644100790211238,Medium,0.5710055885935367,Base
201:00,0.25943970767356817,0.5,0.7647058823529402,0.5080485300088361,0.5710055885935368,1.644100790211238,Medium,0.5710055885935367,Base
201:30,0.25943970767356817,0.5,0.7647058823529402,0.5080485300088361,0.5710055885935368,1.644100790211238,Medium,0.5710055885935367,Base
202:00,0.25943970767356817,0.5,0.7647058823529402,0.5080485300088361,0.5710055885935368,1.644100790211238,Medium,0.5710055885935367,Base
202:30,0.25943970767356817,0.5,0.7647058823529402,0.5080485300088361,0.5710055885935368,1.644100790211238,Medium,0.5710055885935367,Base
203:00,0.27405602923264283,0.40909090909090917,0.7941176470588225,0.4924215284607915,0.5553459652048168,1.5891260328925612,Medium,0.5553459652048168,Base
203:30,0.25943970767356817,0.40909090909090917,0.7941176470588225,0.4875494212744333,0.5524227008930019,1.573208661382265,Medium,0.5524227008930019,Base
204:00,0.27405602923264283,0.40909090909090917,0.7941176470588225,0.4924215284607915,0.5553459652048168,1.5891260328925612,Medium,0.5553459652048168,Base
204:30,0.27405602923264283,0.40909090909090917,0.8235294117647047,0.5022254500294189,0.5685812593224638,1.6184560431430643,Medium,0.5685812593224638,Base
205:00,0.27405602923264283,0.40909090909090917,0.8235294117647047,0.5022254500294189,0.5685812593224638,1.6184560431430643,Medium,0.5685812593224638,Base
205:30,0.27405602923264283,0.40909090909090917,0.8235294117647047,0.5022254500294189,0.5685812593224638,1.6184560431430643,Medium,0.5685812593224638,Base
206:00,0.27405602923264283,0.40909090909090917,0.7941176470588225,0.4924215284607915,0.5553459652048168,1.5891260328925612,Medium,0.5553459652048168,Base
206:30,0.27405602923264283,0.40909090909090917,0.7941176470588225,0.4924215284607915,0.5553459652048168,1.5891260328925612,Medium,0.5553459652048168,Base
207:00,0.27405602923264283,0.40909090909090917,0.7941176470588225,0.4924215284607915,0.5553459652048168,1.5891260328925612,Medium,0.5553459652048168,Base
207:30,0.28745432399512794,0.4545454545454546,0.7647058823529402,0.502235220297841,0.5606994209487578,1.6246723629986823,Medium,0.5606994209487577,Base
208:00,0.28745432399512794,0.4545454545454546,0.7647058823529402,0.502235220297841,0.5606994209487578,1.6246723629986823,Medium,0.5606994209487577,Base
208:30,0.28745432399512794,0.4545454545454546,0.7941176470588225,0.5120391418664684,0.5739347150664048,1.654658440927142,Medium,0.5739347150664047,Base
209:00,0.28745432399512794,0.4545454545454546,0.7941176470588225,0.5120391418664684,0.5739347150664048,1.654658440927142,Medium,0.5739347150664047,Base
209:30,0.30085261875761304,0.4545454545454546,0.7647058823529402,0.5067013185520026,0.5633790799012549,1.6397342642453856,Medium,0.5633790799012547,Base
210:00,0.28745432399512794,0.4545454545454546,0.735294117647058,0.4924312987292135,0.5474641268311108,1.5952296992560697,Medium,0.5474641268311107,Base
210:30,0.30085261875761304,0.4545454545454546,0.7058823529411757,0.4870934754147478,0.5369084916659609,1.5808415395665432,Medium,0.5369084916659607,Base
211:00,0.30085261875761304,0.4545454545454546,0.7058823529411757,0.4870934754147478,0.5369084916659609,1.5808415395665432,Medium,0.5369084916659607,Base
211:30,0.30085261875761304,0.4545454545454546,0.7058823529411757,0.4870934754147478,0.5369084916659609,1.5808415395665432,Medium,0.5369084916659607,Base
212:00,0.30085261875761304,0.22727272727272751,0.735294117647058,0.4211398212257995,0.47059833123815337,1.4041356371940863,Low,0.47059833123815326,Base
212:30,0.30085261875761304,0.22727272727272751,0.735294117647058,0.4211398212257995,0.47059833123815337,1.4041356371940863,Low,0.47059833123815326,Base
213:00,0.30085261875761304,0.22727272727272751,0.735294117647058,0.4211398212257995,0.47059833123815337,1.4041356371940863,Low,0.47059833123815326,Base
213:30,0.31425091352009815,0.22727272727272751,0.735294117647058,0.42560591947996124,0.4732779901906504,1.4171530016707976,Low,0.47327799019065026,Base
214:00,0.31425091352009815,0.22727272727272751,0.735294117647058,0.42560591947996124,0.4732779901906504,1.4171530016707976,Low,0.47327799019065026,Base
214:30,0.31425091352009815,0.22727272727272751,0.735294117647058,0.42560591947996124,0.4732779901906504,1.4171530016707976,Low,0.47327799019065026,Base
215:00,0.31425091352009815,0.22727272727272751,0.7647058823529402,0.43540984104858865,0.48651328430829743,1.4433089585963024,Medium,0.48651328430829727,Base
215:30,0.31425091352009815,0.22727272727272751,0.7647058823529402,0.43540984104858865,0.48651328430829743,1.4433089585963024,Medium,0.48651328430829727,Base
216:00,0.31425091352009815,0.22727272727272751,0.7647058823529402,0.43540984104858865,0.48651328430829743,1.4433089585963024,Medium,0.48651328430829727,Base
216:30,0.3288672350791728,0.22727272727272751,0.7647058823529402,0.4402819482349469,0.4894365486201123,1.4579120341208998,Medium,0.4894365486201122,Base
217:00,0.3288672350791728,0.22727272727272751,0.7647058823529402,0.4402819482349469,0.4894365486201123,1.4579120341208998,Medium,0.4894365486201122,Base
217:30,0.3288672350791728,0.22727272727272751,0.7647058823529402,0.4402819482349469,0.4894365486201123,1.4579120341208998,Medium,0.4894365486201122,Base
218:00,0.3288672350791728,0.22727272727272751,0.7647058823529402,0.4402819482349469,0.4894365486201123,1.4579120341208998,Medium,0.4894365486201122,Base
218:30,0.3288672350791728,0.22727272727272751,0.735294117647058,0.43047802666631946,0.4762012545024653,1.4314914371042171,Medium,0.4762012545024652,Base
219:00,0.3288672350791728,0.22727272727272751,0.735294117647058,0.43047802666631946,0.4762012545024653,1.4314914371042171,Medium,0.4762012545024652,Base
219:30,0.3288672350791728,0.22727272727272751,0.6764705882352935,0.4108701835290646,0.4497306662671713,1.3800779654681306,Low,0.4497306662671712,Base
220:00,0.34226552984165615,0.22727272727272751,0.5882352941176467,0.3859245170773435,0.4127044428667269,1.3185105286321526,Low,0.4127044428667268,Base
220:30,0.34226552984165615,0.8636363636363633,0.5588235294117645,0.588241807629928,0.6221964214763523,1.8371478313859027,High,0.6221964214763523,Base
221:00,0.34226552984165615,0.8636363636363633,0.5588235294117645,0.588241807629928,0.6221964214763523,1.8371478313859027,High,0.6221964214763523,Base
221:30,0.34226552984165615,0.8636363636363633,0.5,0.5686339644926731,0.5957258332410583,1.7711647975569829,Medium,0.5957258332410583,Base
222:00,0.34226552984165615,0.8636363636363633,0.41176470588235325,0.5392221997867909,0.5560199508881173,1.6766069921324984,Medium,0.5560199508881173,Base
222:30,0.35566382460414125,0.8636363636363633,0.41176470588235325,0.5436882980409526,0.5586996098406143,1.6921503653812575,Medium,0.5586996098406143,Base
223:00,0.35566382460414125,0.8636363636363633,0.4411764705882355,0.5534922196095801,0.5719349039582613,1.723381864038218,Medium,0.5719349039582613,Base
223:30,0.35566382460414125,0.8636363636363633,0.47058823529411775,0.5632961411782075,0.5851701980759083,1.7551897928566549,Medium,0.5851701980759083,Base
224:00,0.35566382460414125,0.8636363636363633,0.47058823529411775,0.5632961411782075,0.5851701980759083,1.7551897928566549,Medium,0.5851701980759083,Base
224:30,0.35566382460414125,0.40909090909090917,0.47058823529411775,0.41178098966305604,0.4260792889849994,1.374676542129341,Low,0.42607928898499936,Base
225:00,0.36906211936662636,0.40909090909090917,0.5,0.4260510094858452,0.4419942420551434,1.4130279980588625,Low,0.44199424205514337,Base
225:30,0.36906211936662636,0.40909090909090917,0.5294117647058822,0.4358549310544726,0.45522953617279044,1.439107821061873,Medium,0.4552295361727904,Base
226:00,0.36906211936662636,0.40909090909090917,0.5294117647058822,0.4358549310544726,0.45522953617279044,1.439107821061873,Medium,0.4552295361727904,Base
226:30,0.36906211936662636,0.40909090909090917,0.5588235294117645,0.4456588526231,0.4684648302904375,1.465668991333871,Medium,0.4684648302904374,Base
227:00,0.36906211936662636,0.40909090909090917,0.5882352941176467,0.4554627741917274,0.4817001244080845,1.4927203929533002,Medium,0.4817001244080844,Base
227:30,0.36906211936662636,0.40909090909090917,0.5882352941176467,0.4554627741917274,0.4817001244080845,1.4927203929533002,Medium,0.4817001244080844,Base
228:00,0.36906211936662636,0.40909090909090917,0.617647058823529,0.46526669576035484,0.49493541852573153,1.520271073969307,Medium,0.4949354185257314,Base
228:30,0.36906211936662636,0.40909090909090917,0.617647058823529,0.46526669576035484,0.49493541852573153,1.520271073969307,Medium,0.4949354185257314,Base
229:00,0.36906211936662636,0.5,0.6470588235294112,0.5053736476320125,0.5399888944615604,1.6479661020087801,Medium,0.5399888944615602,Base
229:30,0.36906211936662636,0.5,0.6470588235294112,0.5053736476320125,0.5399888944615604,1.6479661020087801,Medium,0.5399888944615602,Base
230:00,0.383678440925701,0.5,0.6764705882352935,0.5200496763869982,0.5561474528910223,1.6953635980796014,Medium,0.5561474528910222,Base
230:30,0.383678440925701,0.5,0.6764705882352935,0.5200496763869982,0.5561474528910223,1.6953635980796014,Medium,0.5561474528910222,Base
231:00,0.383678440925701,0.5,0.6764705882352935,0.5200496763869982,0.5561474528910223,1.6953635980796014,Medium,0.5561474528910222,Base
231:30,0.383678440925701,0.5,0.7058823529411757,0.5298535979556256,0.5693827470086693,1.726654402383835,Medium,0.5693827470086692,Base
232:00,0.383678440925701,0.5,0.7058823529411757,0.5298535979556256,0.5693827470086693,1.726654402383835,Medium,0.5693827470086692,Base
232:30,0.383678440925701,0.5,0.7058823529411757,0.5298535979556256,0.5693827470086693,1.726654402383835,Medium,0.5693827470086692,Base
233:00,0.383678440925701,0.5,0.7058823529411757,0.5298535979556256,0.5693827470086693,1.726654402383835,Medium,0.5693827470086692,Base
233:30,0.39707673568818613,0.31818181818181834,0.735294117647058,0.4835175571723542,0.5216613364424497,1.5667016991290208,Medium,0.5216613364424496,Base
234:00,0.39707673568818613,0.31818181818181834,0.735294117647058,0.4835175571723542,0.5216613364424497,1.5667016991290208,Medium,0.5216613364424496,Base
234:30,0.39707673568818613,0.31818181818181834,0.735294117647058,0.4835175571723542,0.5216613364424497,1.5667016991290208,Medium,0.5216613364424496,Base
235:00,0.39707673568818613,0.31818181818181834,0.7647058823529402,0.4933214787409816,0.5348966305600967,1.595617830350717,Medium,0.5348966305600966,Base
235:30,0.39707673568818613,0.31818181818181834,0.7647058823529402,0.4933214787409816,0.5348966305600967,1.595617830350717,Medium,0.5348966305600966,Base
236:00,0.39707673568818613,0.31818181818181834,0.7647058823529402,0.4933214787409816,0.5348966305600967,1.595617830350717,Medium,0.5348966305600966,Base
236:30,0.41047503045067124,0.31818181818181834,0.7647058823529402,0.49778757699514325,0.5375762895125937,1.6104103748264924,Medium,0.5375762895125936,Base
237:00,0.41047503045067124,0.31818181818181834,0.7647058823529402,0.49778757699514325,0.5375762895125937,1.6104103748264924,Medium,0.5375762895125936,Base
237:30,0.41047503045067124,0.4545454545454546,0.7647058823529402,0.5432421224496887,0.5853035622398666,1.7683310516873685,Medium,0.5853035622398663,Base
238:00,0.41047503045067124,0.4545454545454546,0.7647058823529402,0.5432421224496887,0.5853035622398666,1.7683310516873685,Medium,0.5853035622398663,Base
238:30,0.41047503045067124,0.4545454545454546,0.7941176470588225,0.5530460440183161,0.5985388563575136,1.8009685938323847,Medium,0.5985388563575134,Base
239:00,0.41047503045067124,0.4545454545454546,0.7941176470588225,0.5530460440183161,0.5985388563575136,1.8009685938323847,Medium,0.5985388563575134,Base
239:30,0.4250913520097459,0.4545454545454546,0.7941176470588225,0.5579181512046744,0.6014621206693285,1.8191903891288959,Medium,0.6014621206693282,Base
240:00,0.4250913520097459,0.4545454545454546,0.7941176470588225,0.5579181512046744,0.6014621206693285,1.8191903891288959,Medium,0.6014621206693282,Base
240:30,0.4250913520097459,0.4545454545454546,0.8235294117647047,0.5677220727733018,0.6146974147869755,1.852766626416788,High,0.6146974147869753,Base
241:00,0.4250913520097459,0.4545454545454546,0.8235294117647047,0.5677220727733018,0.6146974147869755,1.852766626416788,High,0.6146974147869753,Base
241:30,0.4250913520097459,0.7727272727272725,0.7941176470588225,0.6639787572652803,0.7128257570329647,2.2514348174908494,High,0.7128257570329645,Base
242:00,0.4250913520097459,0.7727272727272725,0.735294117647058,0.6443709141280255,0.6863551687976707,2.1705722449813534,High,0.6863551687976704,Base
242:30,0.43848964677222924,0.7727272727272725,0.5882352941176467,0.5998174045390495,0.6228583571619323,1.995248681280695,High,0.622858357161932,Base
243:00,0.43848964677222924,0.7727272727272725,0.47058823529411775,0.5606017182645399,0.5699171806913442,1.8544996994375271,High,0.5699171806913441,Base
243:30,0.43848964677222924,0.7727272727272725,0.41176470588235325,0.540993875127285,0.5434465924560502,1.787893455610432,Medium,0.5434465924560501,Base
244:00,0.43848964677222924,0.7727272727272725,0.382352941176471,0.5311899535586576,0.5302112983384032,1.7554928639465246,Medium,0.5302112983384031,Base
244:30,0.43848964677222924,0.7727272727272725,0.41176470588235325,0.540993875127285,0.5434465924560502,1.787893455610432,Medium,0.5434465924560501,Base
245:00,0.45188794153471434,0.7727272727272725,0.4411764705882355,0.5552638949500741,0.5593615455261942,1.8208920550257413,Medium,0.5593615455261941,Base
245:30,0.45188794153471434,0.5909090909090908,0.47058823529411775,0.504461755912641,0.5089604760074776,1.6454040260822025,Medium,0.5089604760074776,Base
246:00,0.45188794153471434,0.5909090909090908,0.47058823529411775,0.504461755912641,0.5089604760074776,1.6454040260822025,Medium,0.5089604760074776,Base
246:30,0.45188794153471434,0.5909090909090908,0.5,0.5142656774812684,0.5221957701251246,1.675772741937525,Medium,0.5221957701251246,Base
247:00,0.45188794153471434,0.5909090909090908,0.5,0.5142656774812684,0.5221957701251246,1.675772741937525,Medium,0.5221957701251246,Base
247:30,0.45188794153471434,0.5909090909090908,0.5294117647058822,0.5240695990498958,0.5354310642427716,1.7067019638376135,Medium,0.5354310642427716,Base
248:00,0.45188794153471434,0.5909090909090908,0.5588235294117645,0.5338735206185232,0.5486663583604188,1.738202036870081,Medium,0.5486663583604187,Base
248:30,0.45188794153471434,0.5909090909090908,0.5588235294117645,0.5338735206185232,0.5486663583604188,1.738202036870081,Medium,0.5486663583604187,Base
249:00,0.46528623629719945,0.5909090909090908,0.5882352941176467,0.5481435404413123,0.5645813114305628,1.7702834970586399,Medium,0.5645813114305627,Base
249:30,0.46528623629719945,0.5909090909090908,0.617647058823529,0.5579474620099397,0.5778166055482098,1.8029570748871497,Medium,0.5778166055482097,Base
250:00,0.46528623629719945,0.5909090909090908,0.617647058823529,0.5579474620099397,0.5778166055482098,1.8029570748871497,Medium,0.5778166055482097,Base
250:30,0.46528623629719945,0.18181818181818166,0.617647058823529,0.42158382564630337,0.4346347873663915,1.4319786075807692,Medium,0.4346347873663914,Base
251:00,0.46528623629719945,0.18181818181818166,0.5882352941176467,0.41177990407767595,0.4213994932487445,1.4060279817254753,Low,0.4213994932487444,Base
251:30,0.46528623629719945,0.18181818181818166,0.617647058823529,0.42158382564630337,0.4346347873663915,1.4319786075807692,Medium,0.4346347873663914,Base
252:00,0.46528623629719945,0.18181818181818166,0.617647058823529,0.42158382564630337,0.4346347873663915,1.4319786075807692,Medium,0.4346347873663914,Base
252:30,0.46528623629719945,0.18181818181818166,0.6470588235294112,0.4313877472149308,0.4478700814840385,1.4584081961530462,Medium,0.4478700814840384,Base
253:00,0.46528623629719945,0.18181818181818166,0.6764705882352935,0.4411916687835582,0.4611053756016855,1.4853255875098075,Medium,0.4611053756016854,Base
253:30,0.46528623629719945,0.18181818181818166,0.6764705882352935,0.4411916687835582,0.4611053756016855,1.4853255875098075,Medium,0.4611053756016854,Base
254:00,0.46528623629719945,0.18181818181818166,0.6764705882352935,0.4411916687835582,0.4611053756016855,1.4853255875098075,Medium,0.4611053756016854,Base
254:30,0.46528623629719945,0.36363636363636376,0.7058823529411757,0.5116016509582463,0.5379770333556964,1.6296764772228538,Medium,0.5379770333556961,Base
255:00,0.46528623629719945,0.36363636363636376,0.735294117647058,0.5214055725268737,0.5512123274733434,1.6597549145478947,Medium,0.5512123274733431,Base
255:30,0.47990255785627234,0.36363636363636376,0.735294117647058,0.5262776797132314,0.5541355917851579,1.6597549145478947,Medium,0.5541355917851577,Base
256:00,0.47990255785627234,0.36363636363636376,0.735294117647058,0.5262776797132314,0.5541355917851579,1.6597549145478947,Medium,0.5541355917851577,Base
256:30,0.47990255785627234,0.36363636363636376,0.7647058823529402,0.5360816012818588,0.5673708859028049,1.6903885003361807,Medium,0.5673708859028047,Base
257:00,0.47990255785627234,0.36363636363636376,0.7647058823529402,0.5360816012818588,0.5673708859028049,1.6903885003361807,Medium,0.5673708859028047,Base
257:30,0.47990255785627234,0.36363636363636376,0.7941176470588225,0.5458855228504862,0.580606180020452,1.7215874807920906,Medium,0.5806061800204517,Base
258:00,0.47990255785627234,0.36363636363636376,0.7941176470588225,0.5458855228504862,0.580606180020452,1.7215874807920906,Medium,0.5806061800204517,Base
258:30,0.47990255785627234,0.36363636363636376,0.7941176470588225,0.5458855228504862,0.580606180020452,1.7215874807920906,Medium,0.5806061800204517,Base
259:00,0.47990255785627234,0.36363636363636376,0.7941176470588225,0.5458855228504862,0.580606180020452,1.7215874807920906,Medium,0.5806061800204517,Base
259:30,0.47990255785627234,0.36363636363636376,0.8235294117647047,0.5556894444191136,0.593841474138099,1.7533622912310456,Medium,0.5938414741380987,Base
260:00,0.49330085261875745,0.36363636363636376,0.8235294117647047,0.5601555426732753,0.596521133090596,1.7533622912310456,Medium,0.5965211330905958,Base
260:30,0.49330085261875745,0.36363636363636376,0.8235294117647047,0.5601555426732753,0.596521133090596,1.7533622912310456,Medium,0.5965211330905958,Base
261:00,0.49330085261875745,0.36363636363636376,0.8235294117647047,0.5601555426732753,0.596521133090596,1.7533622912310456,Medium,0.5965211330905958,Base
261:30,0.49330085261875745,0.36363636363636376,0.8235294117647047,0.5601555426732753,0.596521133090596,1.7533622912310456,Medium,0.5965211330905958,Base
262:00,0.49330085261875745,0.36363636363636376,0.8235294117647047,0.5601555426732753,0.596521133090596,1.7533622912310456,Medium,0.5965211330905958,Base
262:30,0.5066991473812426,0.36363636363636376,0.7647058823529402,0.5450137977901822,0.5727302038077989,1.6903885003361807,Medium,0.5727302038077988,Base
263:00,0.5066991473812426,0.36363636363636376,0.6764705882352935,0.5156020330843,0.5330243214548579,1.6001431278406086,Medium,0.5330243214548578,Base
263:30,0.5066991473812426,0.4545454545454546,0.617647058823529,0.5262972202500754,0.5383719150377457,1.641944123525132,Medium,0.5383719150377455,Base
264:00,0.5066991473812426,0.4545454545454546,0.5882352941176467,0.516493298681448,0.5251366209200987,1.6121884572048892,Medium,0.5251366209200985,Base
264:30,0.5066991473812426,0.4545454545454546,0.5588235294117645,0.5066893771128206,0.5119013268024517,1.5829720295015248,Medium,0.5119013268024515,Base
265:00,0.5066991473812426,0.4545454545454546,0.5588235294117645,0.5066893771128206,0.5119013268024517,1.5829720295015248,Medium,0.5119013268024515,Base
265:30,0.5066991473812426,0.4545454545454546,0.5882352941176467,0.516493298681448,0.5251366209200987,1.6121884572048892,Medium,0.5251366209200985,Base
266:00,0.5200974421437259,0.4545454545454546,0.5882352941176467,0.5209593969356091,0.5278162798725954,1.6121884572048892,Medium,0.5278162798725952,Base
266:30,0.5200974421437259,0.4545454545454546,0.5882352941176467,0.5209593969356091,0.5278162798725954,1.6121884572048892,Medium,0.5278162798725952,Base
267:00,0.5200974421437259,0.4545454545454546,0.5882352941176467,0.5209593969356091,0.5278162798725954,1.6121884572048892,Medium,0.5278162798725952,Base
267:30,0.5200974421437259,0.5909090909090908,0.5294117647058822,0.5468060992528997,0.549072964364574,1.7067019638376135,Medium,0.5490729643645739,Base
268:00,0.5200974421437259,0.5909090909090908,0.41176470588235325,0.50759041297839,0.49613178789398593,1.5863076661374935,Medium,0.4961317878939859,Base
268:30,0.533495736906211,0.5909090909090908,0.41176470588235325,0.5120565112325517,0.49881144684648293,1.5863076661374935,Medium,0.4988114468464829,Base
269:00,0.533495736906211,0.5909090909090908,0.41176470588235325,0.5120565112325517,0.49881144684648293,1.5863076661374935,Medium,0.4988114468464829,Base
269:30,0.533495736906211,0.5909090909090908,0.4411764705882355,0.5218604328011791,0.5120467409641299,1.6155856586599469,Medium,0.5120467409641299,Base
270:00,0.533495736906211,0.5909090909090908,0.47058823529411775,0.5316643543698065,0.525282035081777,1.6454040260822025,Medium,0.525282035081777,Base
270:30,0.533495736906211,0.5909090909090908,0.47058823529411775,0.5316643543698065,0.525282035081777,1.6454040260822025,Medium,0.525282035081777,Base
271:00,0.533495736906211,0.5909090909090908,0.47058823529411775,0.5316643543698065,0.525282035081777,1.6454040260822025,Medium,0.525282035081777,Base
271:30,0.533495736906211,0.5909090909090908,0.5,0.5414682759384339,0.538517329199424,1.675772741937525,Medium,0.538517329199424,Base
272:00,0.533495736906211,0.27272727272727293,0.5294117647058822,0.4452115914464554,0.44038898695343476,1.3720227848037467,Low,0.4403889869534346,Base
272:30,0.533495736906211,0.27272727272727293,0.5294117647058822,0.4452115914464554,0.44038898695343476,1.3720227848037467,Low,0.4403889869534346,Base
273:00,0.533495736906211,0.27272727272727293,0.5588235294117645,0.4550155130150828,0.45362428107108177,1.397345787202096,Low,0.4536242810710816,Base
273:30,0.533495736906211,0.27272727272727293,0.5588235294117645,0.4550155130150828,0.45362428107108177,1.397345787202096,Low,0.4536242810710816,Base
274:00,0.533495736906211,0.27272727272727293,0.5882352941176467,0.4648194345837102,0.4668595751887288,1.4231361684643893,Low,0.4668595751887286,Base
274:30,0.533495736906211,0.27272727272727293,0.617647058823529,0.47462335615233764,0.4800948693063758,1.4494025548585163,Medium,0.4800948693063756,Base
275:00,0.533495736906211,0.27272727272727293,0.617647058823529,0.47462335615233764,0.4800948693063758,1.4494025548585163,Medium,0.4800948693063756,Base
275:30,0.533495736906211,0.27272727272727293,0.6470588235294112,0.48442727772096505,0.4933301634240228,1.4761537318647393,Medium,0.49333016342402264,Base
276:00,0.5481120584652857,0.27272727272727293,0.6470588235294112,0.4892993849073233,0.49625342773583775,1.4761537318647393,Medium,0.4962534277358376,Base
276:30,0.533495736906211,0.40909090909090917,0.6764705882352935,0.5396857447441379,0.5542927302689424,1.6508254990864037,Medium,0.5542927302689423,Base
277:00,0.5481120584652857,0.40909090909090917,0.6764705882352935,0.5445578519304961,0.5572159945807574,1.6508254990864037,Medium,0.5572159945807573,Base
277:30,0.5481120584652857,0.40909090909090917,0.6764705882352935,0.5445578519304961,0.5572159945807574,1.6508254990864037,Medium,0.5572159945807573,Base
278:00,0.5481120584652857,0.40909090909090917,0.7058823529411757,0.5543617734991235,0.5704512886984044,1.6812942774008985,Medium,0.5704512886984043,Base
278:30,0.5481120584652857,0.40909090909090917,0.7058823529411757,0.5543617734991235,0.5704512886984044,1.6812942774008985,Medium,0.5704512886984043,Base
279:00,0.5481120584652857,0.40909090909090917,0.7058823529411757,0.5543617734991235,0.5704512886984044,1.6812942774008985,Medium,0.5704512886984043,Base
279:30,0.5481120584652857,0.40909090909090917,0.7058823529411757,0.5543617734991235,0.5704512886984044,1.6812942774008985,Medium,0.5704512886984043,Base
280:00,0.5481120584652857,0.40909090909090917,0.735294117647058,0.5641656950677509,0.5836865828160515,1.7123254085821813,Medium,0.5836865828160513,Base
280:30,0.5481120584652857,0.5,0.735294117647058,0.5944687253707812,0.6155047646342333,1.822514434497466,Medium,0.6155047646342331,Base
281:00,0.5481120584652857,0.5,0.735294117647058,0.5944687253707812,0.6155047646342333,1.822514434497466,Medium,0.6155047646342331,Base
281:30,0.5481120584652857,0.5,0.735294117647058,0.5944687253707812,0.6155047646342333,1.822514434497466,Medium,0.6155047646342331,Base
282:00,0.5615103532277708,0.5,0.7647058823529402,0.6087387451935703,0.6314197177043773,1.8561520226679915,High,0.6314197177043771,Base
282:30,0.5615103532277708,0.5,0.735294117647058,0.5989348236249429,0.6181844235867303,1.822514434497466,Medium,0.6181844235867301,Base
283:00,0.5615103532277708,0.5,0.7058823529411757,0.5891309020563155,0.6049491294690833,1.7894864339706855,Medium,0.6049491294690831,Base
283:30,0.5615103532277708,0.5,0.5588235294117645,0.5401112942131784,0.5387726588808482,1.6331105294113264,Medium,0.538772658880848,Base
284:00,0.5615103532277708,0.5,0.47058823529411775,0.5106995295072961,0.49906677652790715,1.5459230763353882,Medium,0.499066776527907,Base
284:30,0.5615103532277708,0.5,0.4411764705882355,0.5008956079386687,0.48583148241026014,1.5179075241877058,Medium,0.48583148241026,Base
285:00,0.5615103532277708,0.36363636363636376,0.4411764705882355,0.45544106248412336,0.4381042096829874,1.3823509023644307,Low,0.4381042096829873,Base
285:30,0.5749086479902559,0.36363636363636376,0.4411764705882355,0.459907160738285,0.44078386863548447,1.3823509023644307,Low,0.44078386863548435,Base
286:00,0.5749086479902559,0.36363636363636376,0.47058823529411775,0.46971108230691244,0.4540191627531315,1.4078645276508666,Low,0.45401916275313137,Base
286:30,0.5749086479902559,0.36363636363636376,0.47058823529411775,0.46971108230691244,0.4540191627531315,1.4078645276508666,Low,0.45401916275313137,Base
287:00,0.5749086479902559,0.36363636363636376,0.5,0.47951500387553986,0.4672544568707785,1.4338490500692411,Medium,0.4672544568707784,Base
287:30,0.5749086479902559,0.36363636363636376,0.5,0.47951500387553986,0.4672544568707785,1.4338490500692411,Medium,0.4672544568707784,Base
288:00,0.5749086479902559,0.36363636363636376,0.5294117647058822,0.4893189254441673,0.4804897509884255,1.4603131608230344,Medium,0.4804897509884254,Base
288:30,0.5749086479902559,0.36363636363636376,0.5294117647058822,0.4893189254441673,0.4804897509884255,1.4603131608230344,Medium,0.4804897509884254,Base
289:00,0.588306942752741,0.36363636363636376,0.5588235294117645,0.5035889452669564,0.49640470405856957,1.4872657115265946,Medium,0.4964047040585694,Base
289:30,0.588306942752741,0.22727272727272751,0.5588235294117645,0.458134399812411,0.4486774313312969,1.3805476387212772,Low,0.4486774313312967,Base
290:00,0.588306942752741,0.22727272727272751,0.5882352941176467,0.4679383213810384,0.4619127254489439,1.4060279817254753,Low,0.46191272544894374,Base
290:30,0.588306942752741,0.22727272727272751,0.5882352941176467,0.4679383213810384,0.4619127254489439,1.4060279817254753,Low,0.46191272544894374,Base
291:00,0.588306942752741,0.22727272727272751,0.5882352941176467,0.4679383213810384,0.4619127254489439,1.4060279817254753,Low,0.46191272544894374,Base
291:30,0.588306942752741,0.22727272727272751,0.5882352941176467,0.4679383213810384,0.4619127254489439,1.4060279817254753,Low,0.46191272544894374,Base
292:00,0.588306942752741,0.22727272727272751,0.617647058823529,0.47774224294966583,0.4751480195665909,1.4319786075807692,Medium,0.47514801956659075,Base
292:30,0.588306942752741,0.22727272727272751,0.617647058823529,0.47774224294966583,0.4751480195665909,1.4319786075807692,Medium,0.47514801956659075,Base
293:00,0.6029232643118156,0.22727272727272751,0.6470588235294112,0.49241827170465147,0.4913065779960529,1.4584081961530462,Medium,0.4913065779960527,Base
293:30,0.6029232643118156,0.36363636363636376,0.6470588235294112,0.5378728171591969,0.5390338507233255,1.5711449881996369,Medium,0.5390338507233253,Base
294:00,0.6029232643118156,0.36363636363636376,0.6470588235294112,0.5378728171591969,0.5390338507233255,1.5711449881996369,Medium,0.5390338507233253,Base
294:30,0.6029232643118156,0.36363636363636376,0.6764705882352935,0.5476767387278243,0.5522691448409726,1.6001431278406086,Medium,0.5522691448409723,Base
295:00,0.6029232643118156,0.36363636363636376,0.6764705882352935,0.5476767387278243,0.5522691448409726,1.6001431278406086,Medium,0.5522691448409723,Base
295:30,0.616321559074299,0.36363636363636376,0.6470588235294112,0.542338915413358,0.5417135096758222,1.5711449881996369,Medium,0.541713509675822,Base
296:00,0.6029232643118156,0.36363636363636376,0.6470588235294112,0.5378728171591969,0.5390338507233255,1.5711449881996369,Medium,0.5390338507233253,Base
296:30,0.616321559074299,0.36363636363636376,0.6470588235294112,0.542338915413358,0.5417135096758222,1.5711449881996369,Medium,0.541713509675822,Base
297:00,0.616321559074299,0.36363636363636376,0.6470588235294112,0.542338915413358,0.5417135096758222,1.5711449881996369,Medium,0.541713509675822,Base
297:30,0.616321559074299,0.36363636363636376,0.6764705882352935,0.5521428369819854,0.5549488037934692,1.6001431278406086,Medium,0.554948803793469,Base
298:00,0.6297198538367841,0.27272727272727293,0.6764705882352935,0.5263059049331168,0.5258102809277845,1.5033986471142262,Medium,0.5258102809277843,Base
298:30,0.6297198538367841,0.27272727272727293,0.6764705882352935,0.5263059049331168,0.5258102809277845,1.5033986471142262,Medium,0.5258102809277843,Base
299:00,0.6297198538367841,0.27272727272727293,0.6764705882352935,0.5263059049331168,0.5258102809277845,1.5033986471142262,Medium,0.5258102809277843,Base
299:30,0.6297198538367841,0.27272727272727293,0.7058823529411757,0.5361098265017442,0.5390455750454315,1.531146413381821,Medium,0.5390455750454313,Base
300:00,0.6431181485992692,0.27272727272727293,0.7058823529411757,0.540575924755906,0.5417252339979285,1.531146413381821,Medium,0.5417252339979283,Base
300:30,0.6297198538367841,0.27272727272727293,0.7058823529411757,0.5361098265017442,0.5390455750454315,1.531146413381821,Medium,0.5390455750454313,Base
301:00,0.6431181485992692,0.27272727272727293,0.735294117647058,0.5503798463245334,0.5549605281155755,1.5594063116340484,Medium,0.5549605281155753,Base
301:30,0.6431181485992692,0.27272727272727293,0.735294117647058,0.5503798463245334,0.5549605281155755,1.5594063116340484,Medium,0.5549605281155753,Base
302:00,0.6431181485992692,0.27272727272727293,0.735294117647058,0.5503798463245334,0.5549605281155755,1.5594063116340484,Medium,0.5549605281155753,Base
302:30,0.6431181485992692,0.40909090909090917,0.735294117647058,0.5958343917790788,0.6026878008428481,1.7123254085821813,Medium,0.602687800842848,Base
303:00,0.6577344701583439,0.40909090909090917,0.7647058823529402,0.6105104205340645,0.6188463592723101,1.7439292718040909,Medium,0.61884635927231,Base
303:30,0.6577344701583439,0.40909090909090917,0.7647058823529402,0.6105104205340645,0.6188463592723101,1.7439292718040909,Medium,0.61884635927231,Base
304:00,0.6577344701583439,0.40909090909090917,0.7647058823529402,0.6105104205340645,0.6188463592723101,1.7439292718040909,Medium,0.61884635927231,Base
304:30,0.671132764920829,0.40909090909090917,0.7647058823529402,0.6149765187882261,0.6215260182248071,1.7439292718040909,Medium,0.621526018224807,Base
305:00,0.671132764920829,0.40909090909090917,0.7647058823529402,0.6149765187882261,0.6215260182248071,1.7439292718040909,Medium,0.621526018224807,Base
305:30,0.671132764920829,0.40909090909090917,0.7941176470588225,0.6247804403568535,0.634761312342454,1.7761164378056842,Medium,0.634761312342454,Base
306:00,0.671132764920829,0.40909090909090917,0.7941176470588225,0.6247804403568535,0.634761312342454,1.7761164378056842,Medium,0.634761312342454,Base
306:30,0.6845310596833141,0.6818181818181817,0.7941176470588225,0.720155629520106,0.7328955167494966,2.1415363993436847,High,0.7328955167494964,Base
307:00,0.6845310596833141,0.6818181818181817,0.7941176470588225,0.720155629520106,0.7328955167494966,2.1415363993436847,High,0.7328955167494964,Base
307:30,0.6845310596833141,0.6818181818181817,0.7941176470588225,0.720155629520106,0.7328955167494966,2.1415363993436847,High,0.7328955167494964,Base
308:00,0.6845310596833141,0.6818181818181817,0.735294117647058,0.7005477863828512,0.7064249285142026,2.064620940353561,High,0.7064249285142024,Base
308:30,0.6991473812423887,0.6818181818181817,0.617647058823529,0.6662042072946998,0.6564070163554294,1.9189782954175296,High,0.6564070163554292,Base
309:00,0.6991473812423887,0.6818181818181817,0.5,0.6269885210201901,0.6034658398848414,1.7836095848436728,Medium,0.6034658398848411,Base
309:30,0.7125456760048721,0.6818181818181817,0.47058823529411775,0.6216506977057238,0.592910204719691,1.7512866264117792,Medium,0.5929102047196908,Base
310:00,0.6991473812423887,0.6818181818181817,0.47058823529411775,0.6171845994515627,0.5902305457671944,1.7512866264117792,Medium,0.5902305457671941,Base
310:30,0.7125456760048721,0.7727272727272725,0.47058823529411775,0.6519537280087541,0.6247283865378728,1.8544996994375271,High,0.6247283865378727,Base
311:00,0.7125456760048721,0.7727272727272725,0.47058823529411775,0.6519537280087541,0.6247283865378728,1.8544996994375271,High,0.6247283865378727,Base
311:30,0.7125456760048721,0.7727272727272725,0.4411764705882355,0.6421498064401266,0.6114930924202258,1.8208920550257413,Medium,0.6114930924202256,Base
312:00,0.7259439707673572,0.7727272727272725,0.41176470588235325,0.636811983125661,0.6009374572550757,1.787893455610432,Medium,0.6009374572550756,Base
312:30,0.7259439707673572,0.7727272727272725,0.41176470588235325,0.636811983125661,0.6009374572550757,1.787893455610432,Medium,0.6009374572550756,Base
313:00,0.7259439707673572,0.7727272727272725,0.32352941176470473,0.6074002184197781,0.5612315749021339,1.7332530178673953,Medium,0.5612315749021338,Base
313:30,0.7393422655298423,0.7727272727272725,0.1764705882352935,0.5628467088308028,0.4977347632663959,1.7332530178673953,Medium,0.49773476326639576,Base
314:00,0.7393422655298423,0.7727272727272725,0.117647058823529,0.543238865693548,0.47126417503110185,1.7332530178673953,Medium,0.47126417503110174,Base
314:30,0.7393422655298423,0.6818181818181817,0.1764705882352935,0.5325436785277725,0.4659165814482141,1.6367879872397255,Medium,0.4659165814482139,Base
315:00,0.7539585870889152,0.6818181818181817,0.235294117647058,0.5570236288513849,0.4953104339953227,1.6367879872397255,Medium,0.49531043399532254,Base
315:30,0.7539585870889152,0.6818181818181817,0.26470588235294024,0.5668275504200123,0.5085457281129697,1.6367879872397255,Medium,0.5085457281129696,Base
316:00,0.7539585870889152,0.6818181818181817,0.26470588235294024,0.5668275504200123,0.5085457281129697,1.6367879872397255,Medium,0.5085457281129696,Base
316:30,0.7539585870889152,0.6818181818181817,0.2941176470588225,0.5766314719886397,0.5217810222306167,1.6367879872397255,Medium,0.5217810222306166,Base
317:00,0.7673568818514003,0.6818181818181817,0.32352941176470473,0.5909014918114289,0.5376959753007607,1.6367879872397255,Medium,0.5376959753007606,Base
317:30,0.7673568818514003,0.6818181818181817,0.32352941176470473,0.5909014918114289,0.5376959753007607,1.6367879872397255,Medium,0.5376959753007606,Base
318:00,0.7673568818514003,0.6818181818181817,0.352941176470587,0.6007054133800563,0.5509312694184078,1.6367879872397255,Medium,0.5509312694184076,Base
318:30,0.7673568818514003,0.6818181818181817,0.382352941176471,0.6105093349486843,0.5641665635360555,1.6577900639850867,Medium,0.5641665635360554,Base
319:00,0.7807551766138854,0.31818181818181834,0.41176470588235325,0.5035672335593523,0.45280878933347246,1.315628873787735,Low,0.45280878933347235,Base
319:30,0.7807551766138854,0.31818181818181834,0.4411764705882355,0.5133711551279797,0.4660440834511195,1.3399110311216091,Low,0.46604408345111936,Base
320:00,0.7807551766138854,0.31818181818181834,0.4411764705882355,0.5133711551279797,0.4660440834511195,1.3399110311216091,Low,0.46604408345111936,Base
320:30,0.7941534713763687,0.31818181818181834,0.47058823529411775,0.5276411749507682,0.48195903652126315,1.3646413567623168,Low,0.48195903652126304,Base
321:00,0.7941534713763687,0.31818181818181834,0.47058823529411775,0.5276411749507682,0.48195903652126315,1.3646413567623168,Low,0.48195903652126304,Base
321:30,0.7941534713763687,0.31818181818181834,0.5,0.5374450965193956,0.49519433063891016,1.389828122414406,Low,0.49519433063891005,Base
322:00,0.8075517661388538,0.31818181818181834,0.5,0.5419111947735574,0.49787398959140716,1.389828122414406,Low,0.49787398959140705,Base
322:30,0.8075517661388538,0.31818181818181834,0.5294117647058822,0.5517151163421848,0.5111092837090542,1.4154797524507305,Low,0.5111092837090541,Base
323:00,0.8075517661388538,0.31818181818181834,0.5294117647058822,0.5517151163421848,0.5111092837090542,1.4154797524507305,Low,0.5111092837090541,Base
323:30,0.8221680876979285,0.22727272727272751,0.5294117647058822,0.5262841932255128,0.4822143662026873,1.3555290560006938,Low,0.4822143662026872,Base
324:00,0.8221680876979285,0.22727272727272751,0.5588235294117645,0.5360881147941402,0.49544966032033444,1.3805476387212772,Low,0.4954496603203342,Base
324:30,0.8221680876979285,0.22727272727272751,0.5588235294117645,0.5360881147941402,0.49544966032033444,1.3805476387212772,Low,0.4954496603203342,Base
325:00,0.8221680876979285,0.22727272727272751,0.5588235294117645,0.5360881147941402,0.49544966032033444,1.3805476387212772,Low,0.4954496603203342,Base
325:30,0.8355663824604136,0.22727272727272751,0.5588235294117645,0.5405542130483019,0.49812931927283144,1.3805476387212772,Low,0.4981293192728312,Base
326:00,0.8355663824604136,0.22727272727272751,0.5882352941176467,0.5503581346169293,0.5113646133904785,1.4060279817254753,Low,0.5113646133904782,Base
326:30,0.8489646772228987,0.22727272727272751,0.5882352941176467,0.554824232871091,0.5140442723429755,1.4060279817254753,Low,0.5140442723429752,Base
327:00,0.8355663824604136,0.22727272727272751,0.5588235294117645,0.5405542130483019,0.49812931927283144,1.3805476387212772,Low,0.4981293192728312,Base
327:30,0.8489646772228987,0.5,0.5,0.6163215590742995,0.5697929354445798,1.5744557029093007,Medium,0.5697929354445795,Base
328:00,0.8489646772228987,0.5,0.5,0.6163215590742995,0.5697929354445798,1.5744557029093007,Medium,0.5697929354445795,Base
328:30,0.8623629719853838,0.5,0.47058823529411775,0.6109837357598339,0.5592373002794297,1.5459230763353882,Medium,0.5592373002794296,Base
329:00,0.8623629719853838,0.5,0.47058823529411775,0.6109837357598339,0.5592373002794297,1.5459230763353882,Medium,0.5592373002794296,Base
329:30,0.8623629719853838,0.5,0.47058823529411775,0.6109837357598339,0.5592373002794297,1.5459230763353882,Medium,0.5592373002794296,Base
330:00,0.8769792935444585,0.5,0.5,0.6256597645148195,0.5753958587088918,1.5744557029093007,Medium,0.5753958587088915,Base
330:30,0.8769792935444585,0.5,0.5,0.6256597645148195,0.5753958587088918,1.5744557029093007,Medium,0.5753958587088915,Base
331:00,0.8769792935444585,0.5,0.5,0.6256597645148195,0.5753958587088918,1.5744557029093007,Medium,0.5753958587088915,Base
331:30,0.8769792935444585,0.5,0.5294117647058822,0.6354636860834469,0.5886311528265388,1.6035149473930357,Medium,0.5886311528265386,Base
332:00,0.8903775883069418,0.5,0.5294117647058822,0.639929784337608,0.5913108117790354,1.6035149473930357,Medium,0.5913108117790352,Base
332:30,0.8903775883069418,0.0,0.5294117647058822,0.47326311767094137,0.4163108117790354,1.3555290560006938,Low,0.4163108117790352,Base
333:00,0.8903775883069418,0.0,0.5588235294117645,0.4830670392395688,0.4295461058966824,1.3805476387212772,Low,0.4295461058966822,Base
333:30,0.8903775883069418,0.0,0.5588235294117645,0.4830670392395688,0.4295461058966824,1.3805476387212772,Low,0.4295461058966822,Base
334:00,0.9037758830694269,0.0,0.5588235294117645,0.48753313749373045,0.43222576484917946,1.3805476387212772,Low,0.43222576484917924,Base
334:30,0.9037758830694269,0.0,0.5588235294117645,0.48753313749373045,0.43222576484917946,1.3805476387212772,Low,0.43222576484917924,Base
335:00,0.9037758830694269,0.0,0.5882352941176467,0.49733705906235787,0.4454610589668265,1.4060279817254753,Low,0.44546105896682625,Base
335:30,0.9037758830694269,0.0,0.5882352941176467,0.49733705906235787,0.4454610589668265,1.4060279817254753,Low,0.44546105896682625,Base
336:00,0.917174177831912,0.0,0.5882352941176467,0.5018031573165196,0.4481407179193235,1.4060279817254753,Low,0.4481407179193233,Base
336:30,0.917174177831912,0.0,0.617647058823529,0.511607078885147,0.4613760120369705,1.4319786075807692,Medium,0.4613760120369703,Base
337:00,0.9317904993909867,0.13636363636363624,0.617647058823529,0.5619337315260506,0.512026549076058,1.4319786075807692,Medium,0.5120265490760579,Base
337:30,0.9317904993909867,0.13636363636363624,0.617647058823529,0.5619337315260506,0.512026549076058,1.4319786075807692,Medium,0.5120265490760579,Base
338:00,0.9317904993909867,0.13636363636363624,0.617647058823529,0.5619337315260506,0.512026549076058,1.4319786075807692,Medium,0.5120265490760579,Base
338:30,0.9317904993909867,0.13636363636363624,0.617647058823529,0.5619337315260506,0.512026549076058,1.4319786075807692,Medium,0.5120265490760579,Base
339:00,0.9317904993909867,0.13636363636363624,0.6470588235294112,0.571737653094678,0.5252618431937051,1.4584081961530462,Medium,0.525261843193705,Base
339:30,0.9451887941534718,0.13636363636363624,0.6470588235294112,0.5762037513488397,0.5279415021462022,1.4584081961530462,Medium,0.527941502146202,Base
340:00,0.9451887941534718,0.13636363636363624,0.6470588235294112,0.5762037513488397,0.5279415021462022,1.4584081961530462,Medium,0.527941502146202,Base
340:30,0.9451887941534718,0.13636363636363624,0.5588235294117645,0.5467919866429575,0.48823561979326113,1.3805476387212772,Low,0.4882356197932609,Base
341:00,0.9585870889159569,0.13636363636363624,0.4411764705882355,0.5120423986226096,0.4379741022751701,1.2831609438400722,Low,0.43797410227516986,Base
341:30,0.9585870889159569,0.4545454545454546,0.352941176470587,0.5886912399773329,0.5096318562858646,1.4004923471633373,Low,0.5096318562858645,Base
342:00,0.9585870889159569,0.4545454545454546,0.352941176470587,0.5886912399773329,0.5096318562858646,1.4004923471633373,Low,0.5096318562858645,Base
342:30,0.9585870889159569,0.4545454545454546,0.352941176470587,0.5886912399773329,0.5096318562858646,1.4004923471633373,Low,0.5096318562858645,Base
343:00,0.9732034104750316,0.4545454545454546,0.352941176470587,0.5935633471636911,0.5125551205976795,1.4004923471633373,Low,0.5125551205976794,Base
343:30,0.9732034104750316,0.4545454545454546,0.2941176470588225,0.5739555040264362,0.48608453236238547,1.4004923471633373,Low,0.48608453236238536,Base
344:00,0.9732034104750316,0.4545454545454546,0.117647058823529,0.5151319746146718,0.40667276765650345,1.4004923471633373,Low,0.4066727676565033,Base
344:30,0.9866017052375149,0.4545454545454546,0.02941176470588225,0.49018630816295056,0.3696465442560591,1.4004923471633373,Low,0.3696465442560589,Base
345:00,0.9866017052375149,0.4545454545454546,0.0588235294117645,0.499990229731578,0.3828818383737061,1.4004923471633373,Low,0.38288183837370593,Base
345:30,0.9866017052375149,0.5454545454545454,0.08823529411764675,0.5400971816032357,0.4279353143095349,1.4906147542492172,Medium,0.4279353143095347,Base
346:00,0.9866017052375149,0.5454545454545454,0.0588235294117645,0.5302932600346083,0.4147000201918879,1.4906147542492172,Medium,0.4147000201918877,Base
346:30,1.0,0.5454545454545454,0.0,0.5151515151515151,0.3909090909090909,1.4906147542492172,Medium,0.3909090909090907,Base
347:00,1.0,0.5454545454545454,0.0588235294117645,0.53475935828877,0.4173796791443849,1.4906147542492172,Medium,0.41737967914438473,Base
347:30,1.0,0.5454545454545454,0.117647058823529,0.5543672014260248,0.4438502673796789,1.4906147542492172,Medium,0.44385026737967875,Base
348:00,1.0,0.5454545454545454,0.117647058823529,0.5543672014260248,0.4438502673796789,1.4906147542492172,Medium,0.44385026737967875,Base
348:30,1.0,0.5454545454545454,0.14705882352941124,0.5641711229946522,0.457085561497326,1.4906147542492172,Medium,0.45708556149732577,Base
349:00,1.0,0.5454545454545454,0.1764705882352935,0.5739750445632796,0.470320855614973,1.4906147542492172,Medium,0.4703208556149728,Base
349:30,1.0,0.5454545454545454,0.20588235294117574,0.583778966131907,0.48355614973262,1.4906147542492172,Medium,0.4835561497326198,Base
350:00,0.0,0.0,0.934640522875817,0.3115468409586057,0.42058823529411765,1.4278442868385774,Medium,0.4205882352941176,After_Lunch
350:30,0.010256410256409332,0.0,0.934640522875817,0.31496564437740876,0.4226395173453995,1.4278442868385774,Medium,0.42263951734539945,After_Lunch
351:00,0.0196581196581187,0.0,0.9411764705882353,0.32027819674878466,0.4274610356963296,1.4336589917212461,Medium,0.42746103569632954,After_Lunch
351:30,0.02905982905982807,0.0,0.9281045751633987,0.3190548014077423,0.42345902463549506,1.4220531655228992,Medium,0.423459024635495,After_Lunch
352:00,0.02905982905982807,0.0,0.9084967320261439,0.312518853695324,0.4146354952237304,1.4048203484020236,Medium,0.41463549522373033,After_Lunch
352:30,0.03846153846153744,0.0,0.9084967320261439,0.3156527568292271,0.41651583710407225,1.4048203484020236,Medium,0.4165158371040722,After_Lunch
353:00,0.03846153846153744,0.0,0.9150326797385622,0.31783140606669985,0.4194570135746605,1.4105412913748823,Medium,0.4194570135746604,After_Lunch
353:30,0.047863247863246805,0.5625,0.8954248366013073,0.5019293614881847,0.6093888260432376,1.72058311121857,Medium,0.6093888260432376,After_Lunch
354:00,0.058119658119657025,0.5625,0.8692810457516342,0.49663356795709707,0.5996754022121668,1.6928387696311678,Medium,0.5996754022121668,After_Lunch
354:30,0.058119658119657025,0.5625,0.8823529411764708,0.5009908664320426,0.6055577551533432,1.7066545628929748,Medium,0.6055577551533432,After_Lunch
355:00,0.0675213675213664,0.5625,0.8954248366013073,0.5084820680408912,0.6133204499748616,1.72058311121857,Medium,0.6133204499748616,After_Lunch
355:30,0.0675213675213664,0.5625,0.8954248366013073,0.5084820680408912,0.6133204499748616,1.72058311121857,Medium,0.6133204499748616,After_Lunch
356:00,0.07692307692307576,0.5625,0.9019607843137256,0.5137946204122671,0.6181419683257916,1.7275899558094405,Medium,0.6181419683257916,After_Lunch
356:30,0.07692307692307576,0.5625,0.9019607843137256,0.5137946204122671,0.6181419683257916,1.7275899558094405,Medium,0.6181419683257916,After_Lunch
357:00,0.08632478632478513,0.4375,0.9084967320261439,0.47744050611697636,0.5792134866767218,1.5920776886288688,Medium,0.5792134866767218,After_Lunch
357:30,0.08632478632478513,0.4375,0.9084967320261439,0.47744050611697636,0.5792134866767218,1.5920776886288688,Medium,0.5792134866767218,After_Lunch
358:00,0.09658119658119624,0.4375,0.9084967320261439,0.48085930953578004,0.581264768728004,1.5920776886288688,Medium,0.581264768728004,After_Lunch
358:30,0.09658119658119624,0.4375,0.9150326797385622,0.4830379587732528,0.5842059451985923,1.5985612120739603,Medium,0.5842059451985923,After_Lunch
359:00,0.1059829059829056,0.4375,0.9150326797385622,0.48617186190715594,0.5860862870789341,1.5985612120739603,Medium,0.5860862870789341,After_Lunch
359:30,0.11538461538461497,0.4375,0.9215686274509804,0.4914844142785318,0.5909078054298642,1.6050711388011047,Medium,0.5909078054298642,After_Lunch
360:00,0.11538461538461497,0.4375,0.9150326797385622,0.48930576504105905,0.587966628959276,1.5985612120739603,Medium,0.587966628959276,After_Lunch
360:30,0.12478632478632434,0.4375,0.9150326797385622,0.49243966817496215,0.5898469708396179,1.5985612120739603,Medium,0.5898469708396179,After_Lunch
361:00,0.12478632478632434,0.1875,0.9150326797385622,0.40910633484162884,0.5023469708396179,1.4105412913748823,Medium,0.5023469708396179,After_Lunch
361:30,0.13504273504273456,0.1875,0.9215686274509804,0.414703787497905,0.5073394293614881,1.4162855321228165,Medium,0.5073394293614881,After_Lunch
362:00,0.13504273504273456,0.1875,0.9281045751633987,0.4168824367353778,0.5102806058320764,1.4220531655228992,Medium,0.5102806058320764,After_Lunch
362:30,0.14444444444444393,0.1875,0.934640522875817,0.4221949891067536,0.5151021241830064,1.4278442868385774,Medium,0.5151021241830064,After_Lunch
363:00,0.14444444444444393,0.1875,0.9411764705882353,0.4243736383442264,0.5180433006535946,1.4336589917212461,Medium,0.5180433006535946,After_Lunch
363:30,0.14444444444444393,0.1875,0.9477124183006536,0.42655228758169916,0.5209844771241828,1.4394973762118273,Medium,0.5209844771241828,After_Lunch
364:00,0.1538461538461533,0.1875,0.9542483660130718,0.43186483995307506,0.525805995475113,1.4540009452707965,Medium,0.525805995475113,After_Lunch
364:30,0.1538461538461533,0.375,0.9542483660130718,0.49436483995307506,0.5914309954751129,1.578655770230333,Medium,0.591430995475113,After_Lunch
365:00,0.1538461538461533,0.375,0.9607843137254901,0.4965434891905478,0.5943721719457011,1.5850846347079406,Medium,0.5943721719457012,After_Lunch
365:30,0.1641025641025644,0.375,0.9607843137254901,0.4999622926093515,0.5964234539969834,1.5963214121530707,Medium,0.5964234539969835,After_Lunch
366:00,0.1641025641025644,0.375,0.9673202614379084,0.5021409418468242,0.5993646304675716,1.6028222175946127,Medium,0.5993646304675717,After_Lunch
366:30,0.17350427350427378,0.375,0.9738562091503267,0.5074534942182002,0.6041861488185016,1.619804475537578,Medium,0.6041861488185017,After_Lunch
367:00,0.17350427350427378,0.375,0.9738562091503267,0.5074534942182002,0.6041861488185016,1.619804475537578,Medium,0.6041861488185017,After_Lunch
367:30,0.17350427350427378,0.375,0.980392156862745,0.5096321434556729,0.6071273252890899,1.626400912613872,Medium,0.60712732528909,After_Lunch
368:00,0.18290598290598314,0.5,0.980392156862745,0.5544327132562427,0.6527576671694318,1.7835334722844824,Medium,0.6527576671694318,After_Lunch
368:30,0.18290598290598314,0.5,0.980392156862745,0.5544327132562427,0.6527576671694318,1.7835334722844824,Medium,0.6527576671694318,After_Lunch
369:00,0.1923076923076925,0.5,0.9869281045751632,0.5597452656276186,0.657579185520362,1.8024304061700767,Medium,0.657579185520362,After_Lunch
369:30,0.1923076923076925,0.5,0.9869281045751632,0.5597452656276186,0.657579185520362,1.8024304061700767,Medium,0.657579185520362,After_Lunch
370:00,0.1923076923076925,0.5,0.9869281045751632,0.5597452656276186,0.657579185520362,1.8024304061700767,Medium,0.657579185520362,After_Lunch
370:30,0.20256410256410184,0.5,0.980392156862745,0.5609854198089489,0.6566892911010556,1.8078457531820615,Medium,0.6566892911010556,After_Lunch
371:00,0.20256410256410184,0.5,0.9869281045751632,0.5631640690464217,0.6596304675716438,1.8152079632108695,Medium,0.6596304675716438,After_Lunch
371:30,0.2119658119658112,0.5,0.993464052287582,0.5684766214177978,0.6644519859225742,1.8344404953738154,Medium,0.6644519859225742,After_Lunch
372:00,0.2119658119658112,0.5,0.993464052287582,0.5684766214177978,0.6644519859225742,1.8344404953738154,Medium,0.6644519859225742,After_Lunch
372:30,0.22136752136752058,0.5,0.993464052287582,0.5716105245517008,0.666332327802916,1.8463577554861248,Medium,0.666332327802916,After_Lunch
373:00,0.22136752136752058,0.5,1.0000000000000002,0.5737891737891736,0.6692735042735042,1.8538768004933008,Medium,0.6692735042735042,After_Lunch
373:30,0.22136752136752058,0.5,1.0000000000000002,0.5737891737891736,0.6692735042735042,1.8538768004933008,Medium,0.6692735042735042,After_Lunch
374:00,0.23076923076922995,0.5,1.0000000000000002,0.5769230769230768,0.6711538461538461,1.865920326627493,Medium,0.6711538461538461,After_Lunch
374:30,0.23076923076922995,0.5,1.0000000000000002,0.5769230769230768,0.6711538461538461,1.865920326627493,Medium,0.6711538461538461,After_Lunch
375:00,0.24017094017093932,0.75,0.9673202614379084,0.6524970672029492,0.7458283056812467,2.184555617419884,High,0.7458283056812467,After_Lunch
375:30,0.24017094017093932,0.75,0.9084967320261439,0.6328892240656944,0.7193577174459527,2.106095079436594,High,0.7193577174459527,After_Lunch
376:00,0.25042735042734954,0.75,0.8627450980392155,0.6210574828221883,0.7008207642031169,2.061535193837562,High,0.7008207642031169,After_Lunch
376:30,0.2598290598290589,0.75,0.8562091503267972,0.6220127367186187,0.6997599296128705,2.066512157693372,High,0.6997599296128705,After_Lunch
377:00,0.2598290598290589,0.75,0.8562091503267972,0.6220127367186187,0.6997599296128705,2.066512157693372,High,0.6997599296128705,After_Lunch
377:30,0.2692307692307683,0.75,0.8366013071895424,0.6186106921401036,0.6928167420814477,2.054731819904854,High,0.6928167420814477,After_Lunch
378:00,0.2692307692307683,0.75,0.8235294117647058,0.6142533936651581,0.6869343891402713,2.0380982546541677,High,0.6869343891402713,After_Lunch
378:30,0.27863247863247764,0.1875,0.8235294117647058,0.4298872967990612,0.49193973102061317,1.4607984649808667,Medium,0.4919397310206131,After_Lunch
379:00,0.27863247863247764,0.1875,0.8104575163398693,0.42552999832411564,0.4860573780794367,1.4489729379948257,Medium,0.48605737807943666,After_Lunch
379:30,0.28888888888888875,0.1875,0.803921568627451,0.4267701525054466,0.48516748366013074,1.4533263328573176,Medium,0.4851674836601307,After_Lunch
380:00,0.28888888888888875,0.1875,0.8104575163398693,0.42894880174291933,0.48810866013071896,1.4592448099641504,Medium,0.4881086601307189,After_Lunch
380:30,0.2982905982905981,0.1875,0.8169934640522876,0.43426135411429523,0.49293017848164905,1.4747058333344991,Medium,0.492930178481649,After_Lunch
381:00,0.3076923076923075,0.1875,0.8235294117647058,0.43957390648567113,0.49775169683257914,1.490330669686759,Medium,0.4977516968325791,After_Lunch
381:30,0.3076923076923075,1.0,0.8300653594771241,0.7125858890564771,0.7850678733031674,2.1234924555107435,High,0.7850678733031675,After_Lunch
382:00,0.31709401709401686,1.0,0.8300653594771241,0.7157197921903803,0.7869482151835092,2.1372875129152584,High,0.7869482151835093,After_Lunch
382:30,0.31709401709401686,1.0,0.8300653594771241,0.7157197921903803,0.7869482151835092,2.1372875129152584,High,0.7869482151835093,After_Lunch
383:00,0.3273504273504271,1.0,0.7973856209150327,0.7082453494218198,0.7742936148818501,2.109141697500175,High,0.7742936148818502,After_Lunch
383:30,0.3273504273504271,1.0,0.7385620915032678,0.688637506284565,0.7478230266465559,2.03338972719131,High,0.747823026646556,After_Lunch
384:00,0.33675213675213644,1.0,0.6928104575163399,0.6765208647561588,0.7291151332327802,1.989196782476574,High,0.7291151332327803,After_Lunch
384:30,0.3461538461538458,1.0,0.673202614379085,0.6731188201776437,0.7221719457013575,1.9778571879147089,High,0.7221719457013576,After_Lunch
385:00,0.3461538461538458,0.75,0.6862745098039216,0.5941427853192558,0.6405542986425339,1.9731901101598606,High,0.6405542986425339,After_Lunch
385:30,0.3564102564102569,0.75,0.6993464052287581,0.601918887213005,0.6484879336349925,2.003396185376586,High,0.6484879336349925,After_Lunch
386:00,0.3564102564102569,0.75,0.7058823529411764,0.6040975364504778,0.6514291101055807,2.011554748385457,High,0.6514291101055807,After_Lunch
386:30,0.3658119658119663,0.75,0.7124183006535947,0.6094100888218537,0.6562506284565108,2.0328676184146386,High,0.6562506284565108,After_Lunch
387:00,0.37521367521367566,0.75,0.718954248366013,0.6147226411932295,0.661072146807441,2.054406303042824,High,0.661072146807441,After_Lunch
387:30,0.37521367521367566,0.75,0.7058823529411764,0.610365342718284,0.6551897938662645,2.037775372932116,High,0.6551897938662645,After_Lunch
388:00,0.384615384615385,0.75,0.6993464052287581,0.6113205966147144,0.6541289592760181,2.04269497576386,High,0.6541289592760181,After_Lunch
388:30,0.384615384615385,0.4375,0.718954248366013,0.513689877660466,0.5535774886877828,1.6687642702597587,Medium,0.5535774886877828,After_Lunch
389:00,0.39487179487179436,0.4375,0.7254901960784312,0.5192873303167419,0.5585699472096529,1.6874382539158426,Medium,0.5585699472096529,After_Lunch
389:30,0.39487179487179436,0.4375,0.7385620915032678,0.5236446287916874,0.5644523001508294,1.7012099718587423,Medium,0.5644523001508294,After_Lunch
390:00,0.4042735042735037,0.4375,0.7516339869281048,0.5311358304005361,0.5722149949723478,1.7262360231886138,Medium,0.5722149949723478,After_Lunch
390:30,0.4042735042735037,0.4375,0.7581699346405231,0.5333144796380089,0.5751561714429361,1.7332658885074,Medium,0.5751561714429361,After_Lunch
391:00,0.4136752136752131,0.4375,0.7647058823529413,0.5386270320093848,0.5799776897938662,1.75163022616086,Medium,0.5799776897938662,After_Lunch
391:30,0.4136752136752131,0.4375,0.7712418300653596,0.5408056812468576,0.5829188662644544,1.7587635059747526,Medium,0.5829188662644544,After_Lunch
392:00,0.42307692307692246,0.4375,0.7777777777777779,0.5461182336182334,0.5877403846153846,1.7773979965572206,Medium,0.5877403846153846,After_Lunch
392:30,0.42307692307692246,0.0625,0.7908496732026145,0.42547553209317895,0.462372737556561,1.581143360859498,Medium,0.46237273755656094,After_Lunch
393:00,0.43247863247863183,0.0625,0.7973856209150327,0.43078808446455485,0.4671942559074911,1.5978959264928965,Medium,0.4671942559074911,After_Lunch
393:30,0.43247863247863183,0.0625,0.803921568627451,0.4329667337020276,0.4701354323780793,1.6044031439334947,Medium,0.4701354323780793,After_Lunch
394:00,0.44273504273504205,0.0625,0.8104575163398693,0.4385641863583038,0.4751278908999496,1.6143751528739458,Medium,0.47512789089994956,After_Lunch
394:30,0.44273504273504205,0.0625,0.8104575163398693,0.4385641863583038,0.4751278908999496,1.6143751528739458,Medium,0.47512789089994956,After_Lunch
395:00,0.4521367521367514,0.0625,0.8169934640522876,0.44387673872967964,0.4799494092508797,1.6209494797598691,Medium,0.47994940925087964,After_Lunch
395:30,0.4521367521367514,0.75,0.8169934640522876,0.6730434053963462,0.7205744092508797,2.276231969505108,High,0.7205744092508797,After_Lunch
396:00,0.4615384615384608,0.75,0.8169934640522876,0.6761773085302494,0.7224547511312216,2.276231969505108,High,0.7224547511312216,After_Lunch
396:30,0.4615384615384608,0.75,0.8235294117647058,0.6783559577677222,0.7253959276018098,2.285501619752806,High,0.7253959276018098,After_Lunch
397:00,0.4615384615384608,0.75,0.8300653594771241,0.6805346070051949,0.728337104072398,2.2948090194113138,High,0.728337104072398,After_Lunch
397:30,0.47094017094017016,0.75,0.8431372549019607,0.6880258086140435,0.7360997988939163,2.3135376825045064,High,0.7360997988939163,After_Lunch
398:00,0.48119658119658126,0.75,0.849673202614379,0.69362326127032,0.7410922574157868,2.3229592552787217,High,0.7410922574157868,After_Lunch
398:30,0.48119658119658126,0.75,0.8562091503267972,0.6958019105077927,0.744033433886375,2.332419196147916,High,0.744033433886375,After_Lunch
399:00,0.48119658119658126,0.75,0.8562091503267972,0.6958019105077927,0.744033433886375,2.332419196147916,High,0.744033433886375,After_Lunch
399:30,0.49059829059829063,0.25,0.8562091503267972,0.5322691469750293,0.570913775766717,1.6609615070997763,Medium,0.5709137757667169,After_Lunch
400:00,0.49059829059829063,0.25,0.8692810457516342,0.536626445449975,0.5767961287078935,1.674517139927651,Medium,0.5767961287078935,After_Lunch
400:30,0.5,0.25,0.8758169934640525,0.5419389978213508,0.5816176470588236,1.6813363870118045,Medium,0.5816176470588236,After_Lunch
401:00,0.5,0.25,0.8823529411764708,0.5441176470588236,0.5845588235294118,1.688183404567628,Medium,0.5845588235294118,After_Lunch
401:30,0.5094017094017094,0.25,0.8823529411764708,0.5472515501927268,0.5864391654097537,1.688183404567628,Medium,0.5864391654097537,After_Lunch
402:00,0.5094017094017094,0.25,0.8758169934640525,0.545072900955254,0.5834979889391655,1.6813363870118045,Medium,0.5834979889391655,After_Lunch
402:30,0.5094017094017094,0.25,0.8823529411764708,0.5472515501927268,0.5864391654097537,1.688183404567628,Medium,0.5864391654097537,After_Lunch
403:00,0.5196581196581196,0.4375,0.8888888888888891,0.6153490028490028,0.657056623931624,1.9210032887681976,High,0.657056623931624,After_Lunch
403:30,0.5196581196581196,0.4375,0.8823529411764708,0.6131703536115302,0.6541154474610358,1.913211988837513,High,0.6541154474610358,After_Lunch
404:00,0.5196581196581196,0.4375,0.8823529411764708,0.6131703536115302,0.6541154474610358,1.913211988837513,High,0.6541154474610358,After_Lunch
404:30,0.529059829059829,0.4375,0.8888888888888891,0.618482905982906,0.6589369658119659,1.9210032887681976,High,0.6589369658119659,After_Lunch
405:00,0.529059829059829,0.4375,0.8888888888888891,0.618482905982906,0.6589369658119659,1.9210032887681976,High,0.6589369658119659,After_Lunch
405:30,0.5384615384615383,0.4375,0.8954248366013073,0.6237954583542819,0.663758484162896,1.9288263177257563,High,0.663758484162896,After_Lunch
406:00,0.5384615384615383,0.4375,0.8954248366013073,0.6237954583542819,0.663758484162896,1.9288263177257563,High,0.663758484162896,After_Lunch
406:30,0.5384615384615383,0.25,0.8627450980392155,0.550402212166918,0.5834276018099547,1.667725550682317,Medium,0.5834276018099546,After_Lunch
407:00,0.5487179487179494,0.25,0.8235294117647058,0.540749120160885,0.5678318250377076,1.6275505797127134,Medium,0.5678318250377075,After_Lunch
407:30,0.5487179487179494,0.25,0.8104575163398693,0.5363918216859396,0.5619494720965311,1.6143751528739458,Medium,0.561949472096531,After_Lunch
408:00,0.5581196581196588,0.25,0.7777777777777779,0.5286324786324789,0.5491239316239319,1.5819013292617832,Medium,0.5491239316239318,After_Lunch
408:30,0.5581196581196588,0.25,0.7647058823529413,0.5242751801575334,0.5432415786827555,1.569095444461867,Medium,0.5432415786827554,After_Lunch
409:00,0.5581196581196588,0.25,0.7516339869281048,0.5199178816825879,0.537359225741579,1.5563932264852065,Medium,0.5373592257415789,After_Lunch
409:30,0.5675213675213682,0.25,0.7385620915032678,0.5186944863415454,0.5333572146807442,1.5437938361230776,Medium,0.533357214680744,After_Lunch
410:00,0.5675213675213682,0.6875,0.7516339869281048,0.6688851181498242,0.6923645676219208,2.093850436756494,High,0.6923645676219208,After_Lunch
410:30,0.5769230769230775,0.6875,0.7647058823529413,0.6763763197586729,0.7001272624434391,2.110939013220084,High,0.7001272624434391,After_Lunch
411:00,0.5769230769230775,0.6875,0.7516339869281048,0.6720190212837274,0.6942449095022627,2.093850436756494,High,0.6942449095022627,After_Lunch
411:30,0.5871794871794869,0.6875,0.7254901960784312,0.6667232277526395,0.6845314856711915,2.060087172795846,High,0.6845314856711915,After_Lunch
412:00,0.5871794871794869,0.6875,0.718954248366013,0.6645445785151666,0.6815903092006033,2.051731769585214,High,0.6815903092006033,After_Lunch
412:30,0.5965811965811962,0.6875,0.6862745098039216,0.656785235461706,0.6687647687280039,2.0104603368167098,High,0.6687647687280039,After_Lunch
413:00,0.5965811965811962,0.6875,0.6797385620915033,0.6546065862242332,0.6658235922574157,2.002306212576283,High,0.6658235922574157,After_Lunch
413:30,0.6059829059829056,0.5,0.6862745098039216,0.597419138595609,0.6050201106083458,1.7678009631285567,Medium,0.6050201106083458,After_Lunch
414:00,0.615384615384615,0.5,0.6601307189542485,0.5918384447796211,0.5951357466063348,1.7392952353553477,Medium,0.5951357466063347,After_Lunch
414:30,0.615384615384615,0.5,0.6666666666666667,0.5940170940170939,0.5980769230769231,1.7463782825690013,Medium,0.598076923076923,After_Lunch
415:00,0.6247863247863243,0.5,0.6797385620915033,0.6015082956259425,0.6058396178984413,1.7606310287499856,Medium,0.6058396178984413,After_Lunch
415:30,0.6247863247863243,0.5,0.6862745098039216,0.6036869448634153,0.6087807943690295,1.7678009631285567,Medium,0.6087807943690295,After_Lunch
416:00,0.6247863247863243,0.5,0.6928104575163399,0.605865594100888,0.6117219708396178,1.7750000961058994,Medium,0.6117219708396178,After_Lunch
416:30,0.6350427350427346,0.5,0.6993464052287581,0.6114630467571642,0.6167144293614881,1.7822285465894019,Medium,0.616714429361488,After_Lunch
417:00,0.6444444444444439,0.0625,0.7058823529411764,0.47094226579520676,0.4684109477124182,1.5127397848769608,Medium,0.4684109477124181,After_Lunch
417:30,0.6444444444444439,0.0625,0.7124183006535947,0.47312091503267956,0.4713521241830064,1.5189002153205402,Medium,0.4713521241830063,After_Lunch
418:00,0.6538461538461533,0.0625,0.7254901960784312,0.4806121166415282,0.4791148190045247,1.53129644096036,Medium,0.4791148190045247,After_Lunch
418:30,0.6538461538461533,0.0625,0.7320261437908495,0.48279076587900094,0.4820559954751129,1.537532440903869,Medium,0.4820559954751129,After_Lunch
419:00,0.6538461538461533,0.0625,0.7385620915032678,0.4849694151164737,0.48499717194570113,1.5437938361230776,Medium,0.48499717194570113,After_Lunch
419:30,0.6632478632478627,0.0625,0.7450980392156865,0.49028196748784975,0.4898186902966315,1.5500807300368493,Medium,0.4898186902966314,After_Lunch
420:00,0.6632478632478627,0.0625,0.7516339869281048,0.4924606167253225,0.4927598667672197,1.5563932264852065,Medium,0.4927598667672196,After_Lunch
420:30,0.6735042735042738,0.0625,0.7581699346405231,0.49805806938159897,0.4977523252890902,1.5627314297310477,Medium,0.4977523252890901,After_Lunch
421:00,0.6829059829059831,0.125,0.7647058823529413,0.5242039550863081,0.5244488436400203,1.569095444461867,Medium,0.5244488436400202,After_Lunch
421:30,0.6829059829059831,0.125,0.7712418300653596,0.5263826043237809,0.5273900201106085,1.5754853757914846,Medium,0.5273900201106084,After_Lunch
422:00,0.6829059829059831,0.125,0.7777777777777779,0.5285612535612537,0.5303311965811968,1.5819013292617832,Medium,0.5303311965811967,After_Lunch
422:30,0.6923076923076925,0.125,0.7908496732026145,0.5360524551701024,0.538093891402715,1.5948117269427273,Medium,0.5380938914027149,After_Lunch
423:00,0.6923076923076925,0.125,0.7973856209150327,0.538231104407575,0.5410350678733032,1.6013063843931719,Medium,0.5410350678733031,After_Lunch
423:30,0.6923076923076925,0.125,0.7973856209150327,0.538231104407575,0.5410350678733032,1.6013063843931719,Medium,0.5410350678733031,After_Lunch
424:00,0.7017094017094019,0.125,0.803921568627451,0.543543656778951,0.5458565862242334,1.607827490467417,Medium,0.5458565862242333,After_Lunch
424:30,0.7017094017094019,0.125,0.8104575163398693,0.5457223060164237,0.5487977626948216,1.6143751528739458,Medium,0.5487977626948215,After_Lunch
425:00,0.7119658119658121,0.125,0.8104575163398693,0.5491411094352271,0.5508490447461036,1.6143751528739458,Medium,0.5508490447461035,After_Lunch
425:30,0.7119658119658121,0.125,0.7973856209150327,0.5447838109602816,0.5449666918049272,1.6013063843931719,Medium,0.5449666918049271,After_Lunch
426:00,0.7213675213675215,0.125,0.7647058823529413,0.5370244679068209,0.532141151332328,1.569095444461867,Medium,0.5321411513323279,After_Lunch
426:30,0.7213675213675215,0.125,0.7124183006535947,0.5195952740070388,0.508611739567622,1.5189002153205402,Medium,0.5086117395676218,After_Lunch
427:00,0.7307692307692308,0.125,0.6339869281045751,0.49658538629126864,0.47519796380090495,1.446602018987809,Medium,0.47519796380090484,After_Lunch
427:30,0.7307692307692308,0.125,0.6143790849673203,0.49004943857885036,0.4663744343891403,1.4290717123549064,Medium,0.46637443438914017,After_Lunch
428:00,0.7307692307692308,0.8125,0.6274509803921569,0.7235734037204625,0.7128817873303167,2.0445000279649514,High,0.7128817873303167,After_Lunch
428:30,0.741025641025642,0.8125,0.6339869281045751,0.7291708563767391,0.7178742458521872,2.0528259808750864,High,0.7178742458521872,After_Lunch
429:00,0.741025641025642,0.8125,0.6339869281045751,0.7291708563767391,0.7178742458521872,2.0528259808750864,High,0.7178742458521872,After_Lunch
429:30,0.741025641025642,0.8125,0.6274509803921569,0.7269922071392663,0.714933069381599,2.0445000279649514,High,0.714933069381599,After_Lunch
430:00,0.7504273504273513,0.8125,0.6274509803921569,0.7301261102731694,0.7168134112619408,2.0445000279649514,High,0.7168134112619408,After_Lunch
430:30,0.7504273504273513,0.8125,0.5947712418300655,0.7192328640858056,0.7021075289089996,2.0033740646688725,High,0.7021075289089996,After_Lunch
431:00,0.7598290598290607,0.8125,0.5751633986928104,0.7158308195072903,0.6951643413775769,1.979096646835166,High,0.6951643413775769,After_Lunch
431:30,0.7598290598290607,0.375,0.6013071895424837,0.5787120831238481,0.5538040472599298,1.5390287958276898,Medium,0.5538040472599298,After_Lunch
432:00,0.7598290598290607,0.375,0.5816993464052287,0.5721761354114298,0.544980517848165,1.5203784370188418,Medium,0.544980517848165,After_Lunch
432:30,0.76923076923077,0.375,0.5163398692810457,0.5535235461706053,0.5174490950226245,1.4598275459028123,Medium,0.5174490950226245,After_Lunch
433:00,0.76923076923077,0.375,0.5032679738562091,0.5491662476956597,0.511566742081448,1.4480098787482498,Medium,0.511566742081448,After_Lunch
433:30,0.76923076923077,0.375,0.5098039215686274,0.5513448969331325,0.5145079185520363,1.4539067053068042,Medium,0.5145079185520363,After_Lunch
434:00,0.7794871794871794,0.375,0.457516339869281,0.5373345064521534,0.49302978883861226,1.4073963540846612,Medium,0.49302978883861226,After_Lunch
434:30,0.7794871794871794,0.375,0.43790849673202614,0.5307985587397351,0.4842062594268476,1.3903411520890243,Medium,0.4842062594268476,After_Lunch
435:00,0.7794871794871794,0.9375,0.43137254901960786,0.7161199095022625,0.6781400829562594,1.8098253994260174,Medium,0.6781400829562594,After_Lunch
435:30,0.7888888888888888,0.9375,0.4183006535947713,0.7148965141612201,0.6741380718954249,1.7951744125760176,Medium,0.6741380718954249,After_Lunch
436:00,0.7888888888888888,0.9375,0.43790849673202614,0.7214324618736384,0.6829616013071895,1.8171956712993746,Medium,0.6829616013071895,After_Lunch
436:30,0.7888888888888888,0.9375,0.457516339869281,0.7279684095860567,0.6917851307189542,1.839487063015027,Medium,0.6917851307189542,After_Lunch
437:00,0.7982905982905981,0.9375,0.457516339869281,0.7311023127199597,0.693665472599296,1.839487063015027,Medium,0.693665472599296,After_Lunch
437:30,0.7982905982905981,0.9375,0.4509803921568627,0.728923663482487,0.6907242961287078,1.8320263806151784,Medium,0.6907242961287078,After_Lunch
438:00,0.7982905982905981,0.6875,0.3790849673202614,0.6216251885369531,0.5708713549522373,1.6608859727244372,Medium,0.5708713549522372,After_Lunch
438:30,0.8076923076923075,0.6875,0.3594771241830066,0.618223143958438,0.5639281674208145,1.6431803063064576,Medium,0.5639281674208144,After_Lunch
439:00,0.8076923076923075,0.6875,0.40522875816993476,0.6334736886207474,0.5845164027149321,1.6881066322412512,Medium,0.5845164027149321,After_Lunch
439:30,0.8076923076923075,0.6875,0.40522875816993476,0.6334736886207474,0.5845164027149321,1.6881066322412512,Medium,0.5845164027149321,After_Lunch
440:00,0.8076923076923075,0.6875,0.3790849673202614,0.6247590916708563,0.5727516968325792,1.6608859727244372,Medium,0.5727516968325791,After_Lunch
440:30,0.8076923076923075,0.6875,0.3594771241830066,0.618223143958438,0.5639281674208145,1.6431803063064576,Medium,0.5639281674208144,After_Lunch
441:00,0.8170940170940169,0.6875,0.36601307189542487,0.6235356963298139,0.5687496857717446,1.6474406875861842,Medium,0.5687496857717445,After_Lunch
441:30,0.8170940170940169,0.75,0.3790849673202614,0.6487263281380927,0.596507038712921,1.733646438252594,Medium,0.596507038712921,After_Lunch
442:00,0.8170940170940169,0.75,0.326797385620915,0.6312971342383106,0.5729776269482151,1.7151651180256144,Medium,0.5729776269482151,After_Lunch
442:30,0.8170940170940169,0.75,0.30065359477124187,0.6225825372884196,0.5612129210658622,1.7151651180256144,Medium,0.5612129210658622,After_Lunch
443:00,0.8273504273504271,0.75,0.34640522875817004,0.6412518853695324,0.5838524384112619,1.7151651180256144,Medium,0.5838524384112619,After_Lunch
443:30,0.8273504273504271,0.75,0.3594771241830066,0.6456091838444779,0.5897347913524383,1.7151651180256144,Medium,0.5897347913524383,After_Lunch
444:00,0.8273504273504271,0.75,0.3790849673202614,0.6521451315568961,0.598558320764203,1.733646438252594,Medium,0.598558320764203,After_Lunch
444:30,0.8273504273504271,0.75,0.392156862745098,0.6565024300318417,0.6044406737053795,1.7477952758203825,Medium,0.6044406737053795,After_Lunch
445:00,0.8273504273504271,0.3125,0.41176470588235303,0.5172050444109267,0.4601392031171443,1.3105107990990477,Low,0.4601392031171442,After_Lunch
445:30,0.8367521367521364,0.3125,0.4248366013071896,0.5246962460197754,0.46790189793866255,1.3212062927234423,Low,0.46790189793866255,After_Lunch
446:00,0.8367521367521364,0.3125,0.43790849673202614,0.5290535444947209,0.473784250879839,1.3319890756581942,Low,0.473784250879839,After_Lunch
446:30,0.8367521367521364,0.3125,0.4444444444444444,0.5312321937321937,0.4767254273504272,1.3374134230140533,Low,0.4767254273504272,After_Lunch
447:00,0.8367521367521364,0.3125,0.4444444444444444,0.5312321937321937,0.4767254273504272,1.3374134230140533,Low,0.4767254273504272,After_Lunch
447:30,0.8367521367521364,0.3125,0.4509803921568627,0.5334108429696663,0.47966660382101545,1.3428598602990074,Medium,0.47966660382101545,After_Lunch
448:00,0.8367521367521364,0.3125,0.46405228758169925,0.5377681414446119,0.4855489567621919,1.3538193648556713,Medium,0.4855489567621919,After_Lunch
448:30,0.8367521367521364,0.3125,0.47712418300653603,0.5421254399195575,0.49143130970336846,1.3648683133995143,Medium,0.49143130970336846,After_Lunch
449:00,0.8461538461538458,0.25,0.47712418300653603,0.5244260097201273,0.4714366515837104,1.312165797370486,Low,0.4714366515837103,After_Lunch
449:30,0.8461538461538458,0.25,0.47712418300653603,0.5244260097201273,0.4714366515837104,1.312165797370486,Low,0.4714366515837103,After_Lunch
450:00,0.8461538461538458,0.25,0.4836601307189543,0.5266046589576,0.4743778280542986,1.3175094170769,Low,0.4743778280542985,After_Lunch
450:30,0.8461538461538458,0.25,0.4901960784313726,0.5287833081950728,0.47731900452488685,1.322874797959854,Low,0.47731900452488674,After_Lunch
451:00,0.8461538461538458,0.25,0.47712418300653603,0.5244260097201273,0.4714366515837104,1.312165797370486,Low,0.4714366515837103,After_Lunch
451:30,0.8461538461538458,0.25,0.4444444444444444,0.5135327635327634,0.45673076923076916,1.2857710398831292,Low,0.45673076923076905,After_Lunch
452:00,0.8461538461538458,0.25,0.3790849673202614,0.49174627115803576,0.4273190045248868,1.2345636691782642,Low,0.4273190045248867,After_Lunch
452:30,0.8461538461538458,0.3125,0.3594771241830066,0.5060436567789508,0.44037047511312216,1.2704598198278583,Low,0.44037047511312205,After_Lunch
453:00,0.8555555555555552,0.3125,0.3856209150326797,0.5178921568627449,0.4540155228758169,1.2893788589869346,Low,0.4540155228758168,After_Lunch
453:30,0.8555555555555552,0.3125,0.39869281045751626,0.5222494553376905,0.4598978758169934,1.2999018881563276,Low,0.45989787581699326,After_Lunch
454:00,0.8555555555555552,0.3125,0.40522875816993476,0.5244281045751633,0.46283905228758165,1.305195564732776,Low,0.4628390522875816,After_Lunch
454:30,0.8555555555555552,0.3125,0.40522875816993476,0.5244281045751633,0.46283905228758165,1.305195564732776,Low,0.4628390522875816,After_Lunch
455:00,0.8555555555555552,0.3125,0.41176470588235303,0.5266067538126361,0.4657802287581699,1.3105107990990477,Low,0.4657802287581698,After_Lunch
455:30,0.8555555555555552,0.3125,0.43137254901960786,0.5331427015250544,0.47460375816993455,1.3265867286380064,Low,0.4746037581699345,After_Lunch
456:00,0.8555555555555552,0.4375,0.4509803921568627,0.5813453159041393,0.5271772875816992,1.4630936363522642,Medium,0.5271772875816991,After_Lunch
456:30,0.8555555555555552,0.4375,0.46405228758169925,0.5857026143790848,0.5330596405228757,1.4750344068291317,Medium,0.5330596405228756,After_Lunch
457:00,0.8555555555555552,0.4375,0.4183006535947713,0.5704520697167755,0.5124714052287581,1.4336629029874706,Medium,0.512471405228758,After_Lunch
457:30,0.8555555555555552,0.4375,0.37254901960784315,0.5552015250544661,0.4918831699346405,1.3934517797594383,Medium,0.4918831699346404,After_Lunch
458:00,0.8658119658119663,0.4375,0.3790849673202614,0.5607989777107426,0.4968756284565109,1.3991264257570564,Medium,0.4968756284565108,After_Lunch
458:30,0.8658119658119663,0.4375,0.2941176470588236,0.5324765376235966,0.45864033433886386,1.384211214130337,Medium,0.45864033433886375,After_Lunch
459:00,0.8658119658119663,0.4375,0.2549019607843137,0.51940464219876,0.4409932755153344,1.384211214130337,Medium,0.4409932755153343,After_Lunch
459:30,0.8658119658119663,0.5,0.3202614379084967,0.562024467906821,0.49228004022121674,1.4448510497261602,Medium,0.49228004022121663,After_Lunch
460:00,0.8752136752136757,0.5,0.34640522875817004,0.5738729679906153,0.5059250879839117,1.4448510497261602,Medium,0.5059250879839116,After_Lunch
460:30,0.8752136752136757,0.5,0.2941176470588236,0.5564437740908331,0.48239567621920576,1.4448510497261602,Medium,0.48239567621920565,After_Lunch
461:00,0.8752136752136757,0.5,0.261437908496732,0.5455505279034693,0.4676897938662645,1.4448510497261602,Medium,0.4676897938662644,After_Lunch
461:30,0.8752136752136757,0.5,0.2941176470588236,0.5564437740908331,0.48239567621920576,1.4448510497261602,Medium,0.48239567621920565,After_Lunch
462:00,0.8752136752136757,0.5,0.30718954248366015,0.5608010725657786,0.4882780291603822,1.4448510497261602,Medium,0.4882780291603821,After_Lunch
462:30,0.8752136752136757,0.5,0.3202614379084967,0.5651583710407241,0.49416038210155866,1.4448510497261602,Medium,0.49416038210155855,After_Lunch
463:00,0.8752136752136757,0.6875,0.27450980392156854,0.6124078263784147,0.539197146807441,1.6431803063064576,Medium,0.5391971468074409,After_Lunch
463:30,0.884615384615385,0.6875,0.2287581699346406,0.6002911848500085,0.5204892533936653,1.6431803063064576,Medium,0.5204892533936651,After_Lunch
464:00,0.884615384615385,0.6875,0.261437908496732,0.6111844310373723,0.5351951357466064,1.6431803063064576,Medium,0.5351951357466063,After_Lunch
464:30,0.884615384615385,0.6875,0.2875816993464053,0.6198990279872635,0.5469598416289594,1.6431803063064576,Medium,0.5469598416289594,After_Lunch
465:00,0.884615384615385,0.6875,0.21568627450980382,0.595933886375063,0.5146069004524887,1.6431803063064576,Medium,0.5146069004524887,After_Lunch
465:30,0.8940170940170944,0.6875,0.15032679738562083,0.5772812971342384,0.48707547762694825,1.6431803063064576,Medium,0.48707547762694814,After_Lunch
466:00,0.8940170940170944,0.6875,0.20261437908496727,0.5947104910340205,0.5106048893916542,1.6431803063064576,Medium,0.510604889391654,After_Lunch
466:30,0.8940170940170944,0.75,0.2549019607843137,0.632973018267136,0.55600930115636,1.7151651180256144,Medium,0.55600930115636,After_Lunch
467:00,0.8940170940170944,0.75,0.27450980392156854,0.6395089659795543,0.5648328305681247,1.7151651180256144,Medium,0.5648328305681247,After_Lunch
467:30,0.8940170940170944,0.75,0.30065359477124187,0.6482235629294454,0.5765975364504776,1.7151651180256144,Medium,0.5765975364504776,After_Lunch
468:00,0.9042735042735046,0.75,0.3137254901960784,0.6559996648231944,0.5845311714429362,1.7151651180256144,Medium,0.5845311714429362,After_Lunch
468:30,0.9042735042735046,0.75,0.33333333333333326,0.6625356125356127,0.5933547008547009,1.7151651180256144,Medium,0.5933547008547009,After_Lunch
469:00,0.9042735042735046,0.75,0.3529411764705883,0.6690715602480309,0.6021782302664657,1.7151651180256144,Medium,0.6021782302664657,After_Lunch
469:30,0.9042735042735046,0.75,0.261437908496732,0.6385704709234122,0.5610017596782303,1.7151651180256144,Medium,0.5610017596782303,After_Lunch
470:00,0.9042735042735046,0.4375,0.1633986928104576,0.5017240656946541,0.4075091126194068,1.384211214130337,Medium,0.4075091126194067,After_Lunch
470:30,0.9042735042735046,0.4375,0.20261437908496727,0.5147959611194907,0.42515617144293616,1.384211214130337,Medium,0.42515617144293605,After_Lunch
471:00,0.913675213675214,0.4375,0.18300653594771243,0.5113939165409754,0.4182129839115134,1.384211214130337,Medium,0.4182129839115133,After_Lunch
471:30,0.913675213675214,0.4375,0.16993464052287588,0.50703661806603,0.41233063097033695,1.384211214130337,Medium,0.41233063097033684,After_Lunch
472:00,0.913675213675214,0.4375,0.2287581699346406,0.5266444612032849,0.4388012192056311,1.384211214130337,Medium,0.438801219205631,After_Lunch
472:30,0.9230769230769234,0.4375,0.24836601307189543,0.5363143120496062,0.4495050904977376,1.384211214130337,Medium,0.4495050904977375,After_Lunch
473:00,0.913675213675214,0.4375,0.26797385620915026,0.5397163566281215,0.45644827802916044,1.384211214130337,Medium,0.4564482780291603,After_Lunch
473:30,0.9230769230769234,0.3125,0.2875816993464053,0.5077195408077763,0.4234021493212671,1.2704598198278583,Low,0.42340214932126696,After_Lunch
474:00,0.9230769230769234,0.3125,0.3137254901960784,0.5164341377576672,0.43516685520362,1.2704598198278583,Low,0.43516685520361986,After_Lunch
474:30,0.9230769230769234,0.3125,0.33333333333333326,0.5229700854700855,0.44399038461538465,1.2704598198278583,Low,0.44399038461538454,After_Lunch
475:00,0.9230769230769234,0.3125,0.33986928104575154,0.5251487347075583,0.4469315610859729,1.2704598198278583,Low,0.44693156108597276,After_Lunch
475:30,0.9230769230769234,0.3125,0.30065359477124187,0.5120768392827217,0.4292845022624435,1.2704598198278583,Low,0.4292845022624434,After_Lunch
476:00,0.9230769230769234,0.3125,0.1895424836601307,0.4750398022456847,0.3792845022624435,1.2704598198278583,Low,0.37928450226244337,After_Lunch
476:30,0.9333333333333345,0.3125,0.15032679738562083,0.4653867102396518,0.36368872549019626,1.2704598198278583,Low,0.36368872549019615,After_Lunch
477:00,0.9333333333333345,0.375,0.12418300653594772,0.4775054466230941,0.37379901960784334,1.3261164088072093,Low,0.37379901960784323,After_Lunch
477:30,0.9333333333333345,0.375,0.10457516339869288,0.4709694989106758,0.36497549019607867,1.3261164088072093,Low,0.36497549019607856,After_Lunch
478:00,0.9333333333333345,0.375,0.17647058823529416,0.4949346405228762,0.39732843137254925,1.3261164088072093,Low,0.39732843137254914,After_Lunch
478:30,0.9333333333333345,0.375,0.15032679738562083,0.4862200435729851,0.38556372549019624,1.3261164088072093,Low,0.38556372549019613,After_Lunch
479:00,0.9333333333333345,0.375,0.15032679738562083,0.4862200435729851,0.38556372549019624,1.3261164088072093,Low,0.38556372549019613,After_Lunch
479:30,0.9427350427350438,0.375,0.20915032679738554,0.5089617898441431,0.4139146556058323,1.3261164088072093,Low,0.4139146556058322,After_Lunch
480:00,0.9427350427350438,0.375,0.22222222222222232,0.5133190883190887,0.4197970085470088,1.3261164088072093,Low,0.41979700854700874,After_Lunch
480:30,0.9427350427350438,0.375,0.2287581699346406,0.5154977375565615,0.422738185017597,1.3261164088072093,Low,0.42273818501759697,After_Lunch
481:00,0.9427350427350438,0.0625,0.23529411764705888,0.4135097201273676,0.3163043614881853,1.2214027581601699,Low,0.3163043614881851,After_Lunch
481:30,0.9427350427350438,0.0625,0.24836601307189543,0.41786701860231307,0.32218671442936175,1.2214027581601699,Low,0.32218671442936153,After_Lunch
482:00,0.9521367521367532,0.0625,0.26797385620915026,0.4275368694486345,0.33289058572146824,1.2214027581601699,Low,0.3328905857214681,After_Lunch
482:30,0.9521367521367532,0.0625,0.24836601307189543,0.4210009217362162,0.32406705630970356,1.2214027581601699,Low,0.32406705630970345,After_Lunch
483:00,0.9521367521367532,0.0625,0.22222222222222232,0.41228632478632515,0.31230235042735066,1.2214027581601699,Low,0.31230235042735055,After_Lunch
483:30,0.9521367521367532,0.0625,0.24183006535947715,0.41882227249874343,0.32112587983911534,1.2214027581601699,Low,0.3211258798391152,After_Lunch
484:00,0.9521367521367532,0.0625,0.26797385620915026,0.4275368694486345,0.33289058572146824,1.2214027581601699,Low,0.3328905857214681,After_Lunch
484:30,0.9521367521367532,0.5625,0.26797385620915026,0.5942035361153012,0.5078905857214683,1.508147408852172,Medium,0.5078905857214682,After_Lunch
485:00,0.9521367521367532,0.5625,0.24836601307189543,0.5876675884028829,0.4990670563097036,1.508147408852172,Medium,0.4990670563097035,After_Lunch
485:30,0.9615384615384626,0.5625,0.196078431372549,0.5733722976370038,0.47741798642533956,1.508147408852172,Medium,0.47741798642533945,After_Lunch
486:00,0.9615384615384626,0.5625,0.15686274509803932,0.5603004022121673,0.4597709276018102,1.508147408852172,Medium,0.4597709276018101,After_Lunch
486:30,0.9615384615384626,0.5625,0.13725490196078427,0.553764454499749,0.4509473981900454,1.508147408852172,Medium,0.4509473981900453,After_Lunch
487:00,0.9615384615384626,0.5625,0.11764705882352944,0.5472285067873307,0.44212386877828075,1.508147408852172,Medium,0.44212386877828064,After_Lunch
487:30,0.9615384615384626,0.5625,0.130718954248366,0.5515858052622762,0.4480062217194572,1.508147408852172,Medium,0.4480062217194571,After_Lunch
488:00,0.9615384615384626,0.1875,0.11764705882352944,0.42222850678733065,0.3108738687782807,1.2214027581601699,Low,0.3108738687782806,After_Lunch
488:30,0.9615384615384626,0.1875,0.12418300653594772,0.42440715602480344,0.31381504524886894,1.2214027581601699,Low,0.31381504524886883,After_Lunch
489:00,0.9615384615384626,0.1875,0.16993464052287588,0.4396577006871128,0.3344032805429866,1.2214027581601699,Low,0.3344032805429865,After_Lunch
489:30,0.971794871794871,0.1875,0.20261437908496727,0.4539697502932794,0.35116044494720944,1.2214027581601699,Low,0.3511604449472093,After_Lunch
490:00,0.971794871794871,0.1875,0.22222222222222232,0.4605056980056978,0.3599839743589742,1.2214027581601699,Low,0.3599839743589741,After_Lunch
490:30,0.971794871794871,0.1875,0.24183006535947715,0.46704164571811607,0.3688075037707389,1.2214027581601699,Low,0.3688075037707388,After_Lunch
491:00,0.971794871794871,0.1875,0.261437908496732,0.47357759343053435,0.3776310331825036,1.2214027581601699,Low,0.37763103318250346,After_Lunch
491:30,0.971794871794871,0.3125,0.28104575163398704,0.5217802078096193,0.43020456259426837,1.2704598198278583,Low,0.43020456259426826,After_Lunch
492:00,0.971794871794871,0.3125,0.24836601307189543,0.5108869616222554,0.41549868024132713,1.2704598198278583,Low,0.415498680241327,After_Lunch
492:30,0.971794871794871,0.3125,0.15686274509803932,0.4803858722976368,0.37432220965309193,1.2704598198278583,Low,0.37432220965309176,After_Lunch
493:00,0.9811965811965804,0.3125,0.12418300653594772,0.47262652924417603,0.36149666918049256,1.2704598198278583,Low,0.3614966691804924,After_Lunch
493:30,0.971794871794871,0.3125,0.130718954248366,0.47167127534774567,0.3625575037707389,1.2704598198278583,Low,0.36255750377073875,After_Lunch
494:00,0.9811965811965804,0.3125,0.10457516339869288,0.46609058153175775,0.3526731397687279,1.2704598198278583,Low,0.3526731397687277,After_Lunch
494:30,0.9811965811965804,0.3125,0.12418300653594772,0.47262652924417603,0.36149666918049256,1.2704598198278583,Low,0.3614966691804924,After_Lunch
495:00,0.9811965811965804,0.4375,0.1633986928104576,0.5273650913356793,0.42289372800402203,1.384211214130337,Medium,0.4228937280040219,After_Lunch
495:30,0.9811965811965804,0.4375,0.18300653594771243,0.5339010390480976,0.4317172574157867,1.384211214130337,Medium,0.4317172574157866,After_Lunch
496:00,0.9811965811965804,0.4375,0.14379084967320255,0.5208291436232609,0.41407019859225724,1.384211214130337,Medium,0.41407019859225713,After_Lunch
496:30,0.9811965811965804,0.4375,0.12418300653594772,0.5142931959108427,0.40524666918049257,1.384211214130337,Medium,0.40524666918049246,After_Lunch
497:00,0.9905982905982897,0.4375,0.10457516339869288,0.5108911513323275,0.3983034816490697,1.384211214130337,Medium,0.3983034816490696,After_Lunch
497:30,0.9905982905982897,0.4375,0.03921568627450989,0.48910465895759986,0.3688917169431874,1.384211214130337,Medium,0.36889171694318723,After_Lunch
498:00,0.9905982905982897,0.4375,0.006535947712418277,0.478211412770236,0.35418583459024616,1.384211214130337,Medium,0.354185834590246,After_Lunch
498:30,0.9905982905982897,0.5,0.0,0.49686609686609656,0.37311965811965797,1.4448510497261602,Medium,0.3731196581196578,After_Lunch
499:00,0.9905982905982897,0.5,0.03267973856209161,0.5077593430534605,0.3878255404725992,1.4448510497261602,Medium,0.38782554047259904,After_Lunch
499:30,0.9905982905982897,0.5,0.07189542483660127,0.520831238478297,0.40547259929612856,1.4448510497261602,Medium,0.4054725992961284,After_Lunch
500:00,0.9999999999999991,0.5,0.08496732026143783,0.5283224400871457,0.41323529411764687,1.4448510497261602,Medium,0.4132352941176467,After_Lunch
500:30,0.9905982905982897,0.5,0.0980392156862746,0.5295458354281881,0.4172373051784815,1.4448510497261602,Medium,0.4172373051784814,After_Lunch
501:00,0.9999999999999991,0.5,0.130718954248366,0.543572984749455,0.4338235294117645,1.4448510497261602,Medium,0.4338235294117644,After_Lunch
501:30,0.9999999999999991,0.5,0.15686274509803932,0.5522875816993461,0.4455882352941175,1.4448510497261602,Medium,0.4455882352941174,After_Lunch
502:00,0.9999999999999991,0.4375,0.16993464052287588,0.5358115468409583,0.429595588235294,1.384211214130337,Medium,0.42959558823529387,After_Lunch
502:30,0.9999999999999991,0.4375,0.17647058823529416,0.5379901960784311,0.4325367647058822,1.384211214130337,Medium,0.4325367647058821,After_Lunch
503:00,0.9999999999999991,0.4375,0.18300653594771243,0.5401688453159038,0.43547794117647043,1.384211214130337,Medium,0.4354779411764703,After_Lunch
503:30,0.9999999999999991,0.4375,0.17647058823529416,0.5379901960784311,0.4325367647058822,1.384211214130337,Medium,0.4325367647058821,After_Lunch
504:00,0.9999999999999991,0.4375,0.15686274509803932,0.5314542483660128,0.42371323529411753,1.384211214130337,Medium,0.4237132352941174,After_Lunch
504:30,0.9999999999999991,0.4375,0.16993464052287588,0.5358115468409583,0.429595588235294,1.384211214130337,Medium,0.42959558823529387,After_Lunch
505:00,0.9999999999999991,0.4375,0.196078431372549,0.5445261437908494,0.4413602941176469,1.384211214130337,Medium,0.44136029411764677,After_Lunch
505:30,0.0,0.35294117647058876,0.9217391304347826,0.4248934356351238,0.5383120204603582,1.5147731489944398,Medium,0.5383120204603582,Stress_Induced
506:00,0.04247104247104261,0.35294117647058876,0.9304347826086956,0.44194900051677566,0.5507192724328276,1.5229857336511436,Medium,0.5507192724328276,Stress_Induced
506:30,0.04247104247104261,0.35294117647058876,0.9391304347826086,0.44484755124141334,0.5546323159110885,1.5312428441477652,Medium,0.5546323159110885,Stress_Induced
507:00,0.04247104247104261,0.35294117647058876,0.9478260869565216,0.44774610196605097,0.5585453593893493,1.5395447218882596,Medium,0.5585453593893493,Stress_Induced
507:30,0.04247104247104261,0.35294117647058876,0.9652173913043476,0.45354320341532633,0.5663714463458711,1.5562837512678356,Medium,0.566371446345871,Stress_Induced
508:00,0.08494208494208522,0.35294117647058876,0.973913043478261,0.47059876829697833,0.5787786983183406,1.5647213922873011,Medium,0.5787786983183405,Stress_Induced
508:30,0.08494208494208522,0.35294117647058876,0.982608695652174,0.473497319021616,0.5826917417966014,1.573204779325714,Medium,0.5826917417966013,Stress_Induced
509:00,0.08494208494208522,0.35294117647058876,1.0,0.4792944204708913,0.5905178287531231,1.590309784881463,Medium,0.590517828753123,Stress_Induced
509:30,0.13127413127413234,0.35294117647058876,0.973913043478261,0.486042783740994,0.58804510758475,1.5647213922873011,Medium,0.5880451075847499,Stress_Induced
510:00,0.13127413127413234,0.35294117647058876,0.9391304347826086,0.47444858084244323,0.5723929336717064,1.5312428441477652,Medium,0.5723929336717064,Stress_Induced
510:30,0.13127413127413234,0.35294117647058876,0.9217391304347826,0.4686514793931679,0.5645668467151846,1.5147731489944398,Medium,0.5645668467151846,Stress_Induced
511:00,0.13127413127413234,0.35294117647058876,0.9130434782608696,0.46575292866853024,0.5606538032369238,1.5066048500754503,Medium,0.5606538032369237,Stress_Induced
511:30,0.13127413127413234,0.35294117647058876,0.9217391304347826,0.4686514793931679,0.5645668467151846,1.5147731489944398,Medium,0.5645668467151846,Stress_Induced
512:00,0.17374517374517495,0.35294117647058876,0.9391304347826086,0.48860559499945744,0.580887142165915,1.5616547821772695,Medium,0.580887142165915,Stress_Induced
512:30,0.17374517374517495,0.35294117647058876,0.9391304347826086,0.48860559499945744,0.580887142165915,1.5616547821772695,Medium,0.580887142165915,Stress_Induced
513:00,0.17374517374517495,0.35294117647058876,0.9478260869565216,0.4915041457240951,0.5848001856441758,1.5701215430989897,Medium,0.5848001856441758,Stress_Induced
513:30,0.17374517374517495,0.41176470588235325,0.9565217391304346,0.5140105395859876,0.6093014644165542,1.643640703751626,Medium,0.6093014644165542,Stress_Induced
514:00,0.21621621621621756,0.41176470588235325,0.9652173913043476,0.5310661044676395,0.6217087163890236,1.7016059798551832,Medium,0.6217087163890235,Stress_Induced
514:30,0.21621621621621756,0.41176470588235325,0.9130434782608696,0.5136748001198135,0.5982304555194584,1.6472881761302958,Medium,0.5982304555194584,Stress_Induced
515:00,0.21621621621621756,0.41176470588235325,0.8434782608695652,0.490486394322712,0.5669261076933715,1.57755200609902,Medium,0.5669261076933715,Stress_Induced
515:30,0.21621621621621756,0.41176470588235325,0.8347826086956522,0.48758784359807433,0.5630130642151105,1.5690451769710927,Medium,0.5630130642151105,Stress_Induced
516:00,0.21621621621621756,0.41176470588235325,0.7913043478260868,0.47309508997488586,0.5434478468238062,1.5271941904545416,Medium,0.5434478468238062,Stress_Induced
516:30,0.25868725868726017,0.41176470588235325,0.7739130434782608,0.48145500268262476,0.5441159683614931,1.5556133720550118,Medium,0.544115968361493,Stress_Induced
517:00,0.25868725868726017,0.41176470588235325,0.8086956521739128,0.49304920558117543,0.5597681422745364,1.5896247487363082,Medium,0.5597681422745364,Stress_Induced
517:30,0.25868725868726017,0.5294117647058822,0.8086956521739128,0.532264891855685,0.6009446128627716,1.723238434049538,Medium,0.6009446128627716,Stress_Induced
518:00,0.25868725868726017,0.5294117647058822,0.7652173913043478,0.5177721382324968,0.5813793954714673,1.677274666067134,Medium,0.5813793954714673,Stress_Induced
518:30,0.25868725868726017,0.5294117647058822,0.7565217391304349,0.514873587507859,0.5774663519932065,1.6682300900850608,Medium,0.5774663519932065,Stress_Induced
519:00,0.3050193050193073,0.5294117647058822,0.7999999999999998,0.5448103565750632,0.6062979786509202,1.7695217768393918,Medium,0.6062979786509202,Stress_Induced
519:30,0.3050193050193073,0.5294117647058822,0.8173913043478263,0.5506074580243386,0.614124065607442,1.7887612809533002,Medium,0.614124065607442,Stress_Induced
520:00,0.3050193050193073,0.5294117647058822,0.8173913043478263,0.5506074580243386,0.614124065607442,1.7887612809533002,Medium,0.614124065607442,Stress_Induced
520:30,0.3474903474903499,0.5294117647058822,0.8173913043478263,0.5647644721813528,0.6226182741016506,1.8418585059274901,Medium,0.6226182741016505,Stress_Induced
521:00,0.3474903474903499,0.5294117647058822,0.8173913043478263,0.5647644721813528,0.6226182741016506,1.8418585059274901,Medium,0.6226182741016505,Stress_Induced
521:30,0.3474903474903499,0.5294117647058822,0.7913043478260868,0.5560688200074396,0.6108791436668679,1.812222645668929,Medium,0.6108791436668678,Stress_Induced
522:00,0.3474903474903499,0.5294117647058822,0.7391304347826089,0.5386775156596136,0.5874008827973027,1.7543737927978202,Medium,0.5874008827973026,Stress_Induced
522:30,0.3474903474903499,0.5294117647058822,0.6695652173913045,0.5154891098625122,0.5560965349712158,1.6801042685665688,Medium,0.5560965349712158,Stress_Induced
523:00,0.3474903474903499,0.5294117647058822,0.5739130434782607,0.4836050518914976,0.5130530567103461,1.5830900829157089,Medium,0.5130530567103461,Stress_Induced
523:30,0.3474903474903499,0.5294117647058822,0.4869565217391303,0.45461954464512083,0.4739226219277374,1.4997651524887847,Medium,0.4739226219277373,Stress_Induced
524:00,0.3899613899613925,0.5294117647058822,0.4869565217391303,0.46877655880213503,0.48241683042194594,1.5442838753379888,Medium,0.48241683042194583,Stress_Induced
524:30,0.3899613899613925,0.5294117647058822,0.5043478260869563,0.47457366025141035,0.4902429173784676,1.5610744321774053,Medium,0.4902429173784676,Stress_Induced
525:00,0.3899613899613925,0.7058823529411766,0.5130434782608697,0.5362957403878129,0.5559206667390817,1.7715278438935527,Medium,0.5559206667390817,Stress_Induced
525:30,0.3899613899613925,0.7058823529411766,0.5130434782608697,0.5362957403878129,0.5559206667390817,1.7715278438935527,Medium,0.5559206667390817,Stress_Induced
526:00,0.3899613899613925,0.7058823529411766,0.4695652173913043,0.5218029867646244,0.5363554493477772,1.7242760572677491,Medium,0.5363554493477772,Stress_Induced
526:30,0.4324324324324351,0.7058823529411766,0.3999999999999999,0.5127715951245372,0.5135453100158988,1.7002969673455193,Medium,0.5135453100158988,Stress_Induced
527:00,0.4324324324324351,0.7058823529411766,0.37391304347826093,0.5040759429506242,0.5018061795811163,1.6729388596732189,Medium,0.5018061795811163,Stress_Induced
527:30,0.4324324324324351,0.7058823529411766,0.3913043478260869,0.5098730443998996,0.5096322665376379,1.6911282453559928,Medium,0.5096322665376379,Stress_Induced
528:00,0.4324324324324351,0.7058823529411766,0.3999999999999999,0.5127715951245372,0.5135453100158988,1.7002969673455193,Medium,0.5135453100158988,Stress_Induced
528:30,0.47876447876448225,0.7058823529411766,0.3478260869565215,0.5108243062207268,0.49933345841274296,1.664032874569628,Medium,0.4993334584127429,Stress_Induced
529:00,0.4324324324324351,0.9411764705882355,0.27826086956521756,0.5506232575286294,0.5411156424967174,1.7295065064517392,Medium,0.5411156424967174,Stress_Induced
529:30,0.47876447876448225,0.9411764705882355,0.27826086956521756,0.5660672729726451,0.5503820517631268,1.7332530178673953,Medium,0.5503820517631268,Stress_Induced
530:00,0.47876447876448225,0.9411764705882355,0.30434782608695654,0.5747629251465581,0.5621211821979093,1.7332530178673953,Medium,0.5621211821979094,Stress_Induced
530:30,0.47876447876448225,0.9411764705882355,0.3478260869565215,0.5892556787697464,0.5816863995892135,1.7332530178673953,Medium,0.5816863995892136,Stress_Induced
531:00,0.47876447876448225,0.9411764705882355,0.3913043478260869,0.6037484323929349,0.601251616980518,1.7652912607134883,Medium,0.601251616980518,Stress_Induced
531:30,0.5212355212355249,0.9411764705882355,0.4260869565217389,0.6294996494484998,0.6253979993877699,1.8038869600684075,Medium,0.6253979993877699,Stress_Induced
532:00,0.5212355212355249,0.9411764705882355,0.4608695652173913,0.6410938523470505,0.6410501733008134,1.8433265020468343,Medium,0.6410501733008135,Stress_Induced
532:30,0.5212355212355249,0.7058823529411766,0.4869565217391303,0.571358131971944,0.5704363625591253,1.7986510475855502,Medium,0.5704363625591253,Stress_Induced
533:00,0.5212355212355249,0.7058823529411766,0.5130434782608697,0.5800537841458571,0.5821754929939083,1.82806496713211,Medium,0.5821754929939081,Stress_Induced
533:30,0.5212355212355249,0.7058823529411766,0.4260869565217389,0.5510682768994801,0.5430450582112993,1.7318459409086406,Medium,0.5430450582112992,Stress_Induced
534:00,0.5212355212355249,0.7058823529411766,0.35652173913043494,0.5278798711023788,0.5117407103852125,1.664032874569628,Medium,0.5117407103852125,Stress_Induced
534:30,0.5212355212355249,0.7058823529411766,0.4173913043478259,0.5481697261748425,0.5391320147330385,1.7225070934803173,Medium,0.5391320147330384,Stress_Induced
535:00,0.5637065637065675,0.7058823529411766,0.43478260869565233,0.5681238417811322,0.5554523101837688,1.7412354203904519,Medium,0.5554523101837688,Stress_Induced
535:30,0.5637065637065675,0.7058823529411766,0.3826086956521739,0.550732537433306,0.5319740493142036,1.685652585748768,Medium,0.5319740493142036,Stress_Induced
536:00,0.5637065637065675,0.7058823529411766,0.3913043478260869,0.5536310881579437,0.5358870927924644,1.6947916205748366,Medium,0.5358870927924644,Stress_Induced
536:30,0.5637065637065675,0.5882352941176467,0.4521739130434783,0.5347052569558975,0.5221019265520551,1.6236903529998692,Medium,0.522101926552055,Stress_Induced
537:00,0.5637065637065675,0.5882352941176467,0.4782608695652173,0.5434009091298105,0.5338410569868376,1.6502430839900037,Medium,0.5338410569868376,Stress_Induced
537:30,0.5637065637065675,0.5882352941176467,0.5130434782608697,0.5549951120283613,0.5494932308998812,1.686323410987414,Medium,0.5494932308998812,Stress_Induced
538:00,0.5637065637065675,0.5882352941176467,0.5391304347826087,0.5636907642022743,0.5612323613346637,1.7139004005356908,Medium,0.5612323613346637,Stress_Induced
538:30,0.5637065637065675,0.5882352941176467,0.5739130434782607,0.575284967100825,0.5768845352477072,1.7513725084283083,Medium,0.5768845352477071,Stress_Induced
539:00,0.6100386100386146,0.5882352941176467,0.6086956521739131,0.6023231854433915,0.6018031184271602,1.7896638931409077,Medium,0.6018031184271602,Stress_Induced
539:30,0.6100386100386146,0.5882352941176467,0.6173913043478261,0.6052217361680291,0.605716161905421,1.799366841888859,Medium,0.605716161905421,Stress_Induced
540:00,0.6100386100386146,0.5882352941176467,0.6000000000000001,0.5994246347187538,0.5978900749488993,1.7800132668056037,Medium,0.5978900749488993,Stress_Induced
540:30,0.6100386100386146,0.5882352941176467,0.5217391304347827,0.5733376781970146,0.5626726836445515,1.6954660827996977,Medium,0.5626726836445515,Stress_Induced
541:00,0.6100386100386146,0.5882352941176467,0.4608695652173913,0.5530478231245509,0.5352813792967254,1.6324934496808057,Medium,0.5352813792967254,Stress_Induced
541:30,0.6100386100386146,0.5882352941176467,0.3826086956521739,0.5269608666028117,0.5000639879923775,1.5549531713848503,Medium,0.5000639879923775,Stress_Induced
542:00,0.6100386100386146,0.5882352941176467,0.3304347826086955,0.5095695622549856,0.4765857271228122,1.53500977453864,Medium,0.4765857271228122,Stress_Induced
542:30,0.6100386100386146,0.5882352941176467,0.3913043478260869,0.5298594173274495,0.5039770314706384,1.5633835984528808,Medium,0.5039770314706383,Stress_Induced
543:00,0.6100386100386146,0.5882352941176467,0.4521739130434783,0.5501492723999132,0.5313683358184645,1.6236903529998692,Medium,0.5313683358184644,Stress_Induced
543:30,0.6100386100386146,0.5882352941176467,0.4695652173913043,0.5559463738491885,0.5391944227749862,1.641344273756951,Medium,0.5391944227749862,Stress_Induced
544:00,0.6100386100386146,0.8235294117647056,0.4521739130434783,0.6285806449489328,0.6137212769949351,1.8333865041771804,Medium,0.6137212769949352,Stress_Induced
544:30,0.6525096525096572,0.8235294117647056,0.4608695652173913,0.6456362098305847,0.6261285289674045,1.8433265020468343,Medium,0.6261285289674045,Stress_Induced
545:00,0.6525096525096572,0.8235294117647056,0.5130434782608697,0.6630275141784109,0.6496067898369697,1.9041084882165356,Medium,0.6496067898369697,Stress_Induced
545:30,0.6525096525096572,0.8235294117647056,0.5565217391304347,0.6775202678015991,0.6691720072282741,1.9562883741567,High,0.669172007228274,Stress_Induced
546:00,0.6525096525096572,0.8235294117647056,0.5739130434782607,0.6833173692508745,0.6769980941847957,1.977558538059291,High,0.6769980941847957,Stress_Induced
546:30,0.6525096525096572,0.8235294117647056,0.5478260869565217,0.6746217170769615,0.6652589637500131,1.9457392379890412,High,0.6652589637500131,Stress_Induced
547:00,0.6525096525096572,0.8235294117647056,0.5304347826086957,0.6688246156276861,0.6574328767934915,1.9248113151451773,Medium,0.6574328767934914,Stress_Induced
547:30,0.6525096525096572,0.8235294117647056,0.5652173913043477,0.6804188185262369,0.6730850507065349,1.9668947041516258,High,0.6730850507065348,Stress_Induced
548:00,0.6525096525096572,0.5882352941176467,0.5913043478260871,0.6106830981511303,0.602471239964847,1.7704146807383192,Medium,0.6024712399648469,Stress_Induced
548:30,0.6525096525096572,0.5882352941176467,0.6086956521739131,0.6164801996004057,0.6102973269213687,1.7896638931409077,Medium,0.6102973269213686,Stress_Induced
549:00,0.6525096525096572,0.5882352941176467,0.6260869565217391,0.622277301049681,0.6181234138778904,1.8091223967237784,Medium,0.6181234138778903,Stress_Induced
549:30,0.6525096525096572,0.5882352941176467,0.652173913043478,0.630972953223594,0.629862544312673,1.8387075576134038,Medium,0.6298625443126729,Stress_Induced
550:00,0.6525096525096572,0.5882352941176467,0.6695652173913045,0.6367700546728695,0.6376886312691948,1.8586992989313114,Medium,0.6376886312691947,Stress_Induced
550:30,0.6525096525096572,0.5882352941176467,0.6782608695652175,0.6396686053975071,0.6416016747474558,1.8687765341621863,Medium,0.6416016747474556,Stress_Induced
551:00,0.6525096525096572,0.5882352941176467,0.6869565217391305,0.6425671561221448,0.6455147182257166,1.878908404733999,Medium,0.6455147182257164,Stress_Induced
551:30,0.6949806949806998,0.7058823529411766,0.6956521739130435,0.6988384072783066,0.6990984407864214,2.0478804627504035,High,0.6990984407864214,Stress_Induced
552:00,0.6949806949806998,0.7058823529411766,0.6956521739130435,0.6988384072783066,0.6990984407864214,2.0478804627504035,High,0.6990984407864214,Stress_Induced
552:30,0.6525096525096572,0.7058823529411766,0.660869565217391,0.6730871902227417,0.6749520583791693,2.0040643143969996,High,0.6749520583791692,Stress_Induced
553:00,0.6525096525096572,0.7058823529411766,0.5826086956521737,0.6470002337010025,0.6397346670748214,1.9088751394010939,Medium,0.6397346670748213,Stress_Induced
553:30,0.6525096525096572,0.7058823529411766,0.5478260869565217,0.6354060308024518,0.624082493161778,1.868033128445147,Medium,0.624082493161778,Stress_Induced
554:00,0.6949806949806998,0.7058823529411766,0.5739130434782607,0.658258697133379,0.644315832090769,1.8985816754933091,Medium,0.644315832090769,Stress_Induced
554:30,0.6949806949806998,0.7058823529411766,0.6086956521739131,0.6698529000319299,0.6599680060038127,1.9400915890009995,High,0.6599680060038127,Stress_Induced
555:00,0.6949806949806998,0.7058823529411766,0.6086956521739131,0.6698529000319299,0.6599680060038127,1.9400915890009995,High,0.6599680060038127,Stress_Induced
555:30,0.6949806949806998,0.7647058823529411,0.5217391304347827,0.6604752359228079,0.6414258065153216,1.9136620360932668,Medium,0.6414258065153216,Stress_Induced
556:00,0.6949806949806998,0.7647058823529411,0.4782608695652173,0.6459824822996194,0.6218605891240171,1.8626191182440945,Medium,0.6218605891240171,Stress_Induced
556:30,0.6949806949806998,0.7647058823529411,0.5217391304347827,0.6604752359228079,0.6414258065153216,1.9136620360932668,Medium,0.6414258065153216,Stress_Induced
557:00,0.6949806949806998,0.7647058823529411,0.5391304347826087,0.6662723373720832,0.6492518934718432,1.9344687360152126,High,0.6492518934718432,Stress_Induced
557:30,0.6949806949806998,0.7647058823529411,0.5478260869565217,0.6691708880967209,0.653164936950104,1.9449567673556272,High,0.6531649369501041,Stress_Induced
558:00,0.6949806949806998,0.7647058823529411,0.5739130434782607,0.6778665402706339,0.6649040673848866,1.97676327143174,High,0.6649040673848867,Stress_Induced
558:30,0.6949806949806998,0.7647058823529411,0.6000000000000001,0.686562192444547,0.6766431978196693,2.009089917507164,High,0.6766431978196694,Stress_Induced
559:00,0.6949806949806998,0.5882352941176467,0.6260869565217391,0.6364343152066952,0.626617622372099,1.8091223967237784,Medium,0.6266176223720988,Stress_Induced
559:30,0.6949806949806998,0.5882352941176467,0.660869565217391,0.6480285181052459,0.6422697962851422,1.8486764044244566,Medium,0.6422697962851422,Stress_Induced
560:00,0.6949806949806998,0.5882352941176467,0.6956521739130435,0.6596227210037967,0.6579219701981859,1.8890952068609799,Medium,0.6579219701981859,Stress_Induced
560:30,0.6949806949806998,0.5882352941176467,0.6695652173913045,0.6509270688298837,0.6461828397634033,1.8586992989313114,Medium,0.6461828397634033,Stress_Induced
561:00,0.6949806949806998,0.5882352941176467,0.6000000000000001,0.6277386630327823,0.6148784919373164,1.7800132668056037,Medium,0.6148784919373164,Stress_Induced
561:30,0.6949806949806998,0.5882352941176467,0.5652173913043477,0.6161444601342314,0.5992263180242727,1.7419283654707707,Medium,0.5992263180242727,Stress_Induced
562:00,0.6949806949806998,0.5882352941176467,0.4260869565217389,0.5697676485400285,0.5366176223720988,1.5975648605965063,Medium,0.5366176223720988,Stress_Induced
562:30,0.6949806949806998,0.5882352941176467,0.3217391304347825,0.5349850398443764,0.4896611006329684,1.53500977453864,Medium,0.4896611006329684,Stress_Induced
563:00,0.6949806949806998,0.41176470588235325,0.35652173913043494,0.4877557133311627,0.4435485686636593,1.3599877932518254,Low,0.44354856866365927,Stress_Induced
563:30,0.6949806949806998,0.41176470588235325,0.27826086956521756,0.46166875680942354,0.40833117735931146,1.3599877932518254,Low,0.40833117735931146,Stress_Induced
564:00,0.6949806949806998,0.41176470588235325,0.24347826086956514,0.45007455391087275,0.39267900344626794,1.3599877932518254,Low,0.3926790034462678,Stress_Induced
564:30,0.7374517374517424,0.41176470588235325,0.3217391304347825,0.49031852458962605,0.43639060324482426,1.3599877932518254,Low,0.4363906032448242,Stress_Induced
565:00,0.7374517374517424,0.41176470588235325,0.36521739130434794,0.5048112782128146,0.4559558206361287,1.362839478013724,Low,0.45595582063612866,Stress_Induced
565:30,0.7374517374517424,0.41176470588235325,0.3999999999999999,0.5164054811113652,0.4716079945491721,1.3926361149387676,Low,0.471607994549172,Stress_Induced
566:00,0.7374517374517424,0.41176470588235325,0.43478260869565233,0.527999684009916,0.48726016846221565,1.4230842149204417,Medium,0.4872601684622156,Stress_Induced
566:30,0.7374517374517424,0.41176470588235325,0.4695652173913043,0.5395938869084667,0.5029123423752591,1.4541980213149746,Medium,0.502912342375259,Stress_Induced
567:00,0.7374517374517424,0.41176470588235325,0.5130434782608697,0.5540866405316551,0.5224775597665635,1.4940486324309943,Medium,0.5224775597665635,Stress_Induced
567:30,0.7374517374517424,0.11764705882352988,0.5478260869565217,0.4676416277439313,0.4351885572090187,1.3711392667092428,Low,0.43518855720901856,Stress_Induced
568:00,0.7374517374517424,0.11764705882352988,0.5826086956521737,0.479235830642482,0.45084073112206213,1.4011173672580695,Low,0.45084073112206197,Stress_Induced
568:30,0.7374517374517424,0.11764705882352988,0.6173913043478261,0.4908300335410328,0.46649290503510565,1.4317508983195624,Medium,0.46649290503510554,Stress_Induced
569:00,0.7374517374517424,0.11764705882352988,0.652173913043478,0.5024242364395834,0.48214507894814906,1.4630541899929956,Medium,0.48214507894814895,Stress_Induced
569:30,0.7374517374517424,0.11764705882352988,0.6869565217391305,0.5140184393381343,0.4977972528611927,1.495041885685831,Medium,0.49779725286119253,Stress_Induced
570:00,0.7374517374517424,0.11764705882352988,0.7130434782608694,0.5227140915120473,0.5095363832959752,1.5194907868794951,Medium,0.5095363832959751,Stress_Induced
570:30,0.7374517374517424,0.11764705882352988,0.7391304347826089,0.5314097436859604,0.521275513730758,1.544339508824204,Medium,0.5212755137307578,Stress_Induced
571:00,0.7374517374517424,0.11764705882352988,0.7652173913043478,0.5401053958598734,0.5330146441655405,1.5695945899173964,Medium,0.5330146441655403,Stress_Induced
571:30,0.7374517374517424,0.11764705882352988,0.7826086956521738,0.5459024973091487,0.5408407311220622,1.586660342916391,Medium,0.5408407311220621,Stress_Induced
572:00,0.7374517374517424,0.11764705882352988,0.7999999999999998,0.551699598758424,0.5486668180785839,1.6039116469661432,Medium,0.5486668180785838,Stress_Induced
572:30,0.7837837837837824,0.11764705882352988,0.8173913043478263,0.5729407156517129,0.5657593143015137,1.6213505195101523,Medium,0.5657593143015136,Stress_Induced
573:00,0.7374517374517424,0.11764705882352988,0.8260869565217392,0.5603952509323372,0.5604059485133667,1.6301409304099674,Medium,0.5604059485133664,Stress_Induced
573:30,0.7374517374517424,0.11764705882352988,0.8347826086956522,0.5632938016569748,0.5643189919916275,1.638978999927002,Medium,0.5643189919916273,Stress_Induced
574:00,0.7837837837837824,0.11764705882352988,0.7913043478260868,0.5642450634777997,0.554020183866731,1.5952626754810302,Medium,0.5540201838667309,Stress_Induced
574:30,0.7837837837837824,0.11764705882352988,0.652173913043478,0.5178682518835968,0.49141148821455705,1.4630541899929956,Medium,0.49141148821455694,Stress_Induced
575:00,0.7837837837837824,0.11764705882352988,0.5391304347826087,0.480187092463307,0.4405419229971659,1.363745502568731,Low,0.44054192299716577,Stress_Induced
575:30,0.7837837837837824,0.47058823529411775,0.4521739130434783,0.5688486440404595,0.524940899979263,1.4977952664087266,Medium,0.5249408999792629,Stress_Induced
576:00,0.7837837837837824,0.47058823529411775,0.29565217391304355,0.5166747309969812,0.4545061173705673,1.4159906597629994,Medium,0.45450611737056723,Stress_Induced
576:30,0.7837837837837824,0.47058823529411775,0.18260869565217375,0.4789935715766913,0.4036365521531759,1.4159906597629994,Medium,0.40363655215317584,Stress_Induced
577:00,0.7837837837837824,0.47058823529411775,0.08695652173913038,0.44710951360567686,0.3605930738923063,1.4159906597629994,Medium,0.3605930738923063,Stress_Induced
577:30,0.7837837837837824,0.47058823529411775,0.0,0.4181240063593001,0.3214626391096977,1.4159906597629994,Medium,0.32146263910969763,Stress_Induced
578:00,0.7837837837837824,0.47058823529411775,0.052173913043478404,0.4355153107071262,0.34494089997926297,1.4159906597629994,Medium,0.3449408999792629,Stress_Induced
578:30,0.7837837837837824,0.47058823529411775,0.10434782608695636,0.45290661505495217,0.3684191608488281,1.4159906597629994,Medium,0.368419160848828,Stress_Induced
579:00,0.7837837837837824,1.0,0.13913043478260878,0.6409714061887971,0.5693654524089304,1.7332530178673953,Medium,0.5693654524089304,Stress_Induced
579:30,0.7837837837837824,1.0,0.19130434782608674,0.6583627105366231,0.5928437132784955,1.7332530178673953,Medium,0.5928437132784955,Stress_Induced
580:00,0.7837837837837824,1.0,0.1304347826086958,0.6380728554641594,0.5654524089306696,1.7332530178673953,Medium,0.5654524089306696,Stress_Induced
580:30,0.7837837837837824,1.0,0.10434782608695636,0.6293772032902463,0.5537132784958868,1.7332530178673953,Medium,0.5537132784958868,Stress_Induced
581:00,0.7837837837837824,1.0,0.19999999999999973,0.6612612612612607,0.5967567567567563,1.7332530178673953,Medium,0.5967567567567564,Stress_Induced
581:30,0.7837837837837824,1.0,0.25217391304347814,0.6786525656090868,0.6202350176263216,1.7332530178673953,Medium,0.6202350176263217,Stress_Induced
582:00,0.7837837837837824,1.0,0.28695652173913055,0.6902467685076377,0.6358871915393652,1.7332530178673953,Medium,0.6358871915393652,Stress_Induced
582:30,0.7837837837837824,1.0,0.3391304347826085,0.7076380728554637,0.6593654524089303,1.7332530178673953,Medium,0.6593654524089304,Stress_Induced
583:00,0.7837837837837824,0.2941176470588234,0.3826086956521739,0.48683670883159325,0.4318718462708229,1.2708386742110147,Low,0.43187184627082287,Stress_Induced
583:30,0.7837837837837824,0.2941176470588234,0.3391304347826085,0.4723439552084048,0.4123066288795185,1.2545392508755004,Low,0.4123066288795184,Stress_Induced
584:00,0.7837837837837824,0.2941176470588234,0.19999999999999973,0.42596714361420185,0.34969793322734455,1.2545392508755004,Low,0.34969793322734444,Stress_Induced
584:30,0.826254826254825,0.2941176470588234,0.11304347826086936,0.4111386505248393,0.3190617069389444,1.2545392508755004,Low,0.3190617069389443,Stress_Induced
585:00,0.826254826254825,0.2941176470588234,0.10434782608695636,0.4082400998002016,0.3151486634606836,1.2545392508755004,Low,0.31514866346068343,Stress_Induced
585:30,0.826254826254825,0.2941176470588234,0.1304347826086958,0.41693575197411475,0.3268877938954663,1.2545392508755004,Low,0.3268877938954662,Stress_Induced
586:00,0.826254826254825,0.2941176470588234,0.19130434782608674,0.43722560704657837,0.35427909824329223,1.2545392508755004,Low,0.35427909824329207,Stress_Induced
586:30,0.7837837837837824,0.2941176470588234,0.25217391304347814,0.443358447962028,0.37317619409690983,1.2545392508755004,Low,0.3731761940969097,Stress_Induced
587:00,0.826254826254825,0.35294117647058876,0.30434782608695654,0.49451460960412347,0.4257368987548016,1.3061998573518416,Low,0.42573689875480136,Stress_Induced
587:30,0.826254826254825,0.35294117647058876,0.3478260869565215,0.5090073632273118,0.4453021161461058,1.3061998573518416,Low,0.4453021161461056,Stress_Induced
588:00,0.826254826254825,0.35294117647058876,0.3999999999999999,0.5263986675751379,0.4687803770156711,1.3375569278651682,Low,0.4687803770156709,Stress_Induced
588:30,0.826254826254825,0.35294117647058876,0.4434782608695653,0.5408914211983263,0.48834559440697545,1.374211125021683,Low,0.48834559440697534,Stress_Induced
589:00,0.826254826254825,0.35294117647058876,0.4869565217391303,0.5553841748215147,0.5079108117982797,1.411869787962942,Medium,0.5079108117982796,Stress_Induced
589:30,0.826254826254825,0.35294117647058876,0.5217391304347827,0.5669783777200655,0.5235629857113233,1.4427384061208812,Medium,0.5235629857113232,Stress_Induced
590:00,0.826254826254825,0.35294117647058876,0.5565217391304347,0.5785725806186162,0.5392151596243667,1.4742819247513028,Medium,0.5392151596243666,Stress_Induced
590:30,0.826254826254825,0.35294117647058876,0.5913043478260871,0.590166783517167,0.5548673335374102,1.5065150996377492,Medium,0.5548673335374101,Stress_Induced
591:00,0.826254826254825,0.35294117647058876,0.6347826086956521,0.6046595371403553,0.5744325509287145,1.547799399640982,Medium,0.5744325509287144,Stress_Induced
591:30,0.826254826254825,0.35294117647058876,0.660869565217391,0.6133551893142682,0.5861716813634971,1.5731110614424006,Medium,0.586171681363497,Stress_Induced
592:00,0.826254826254825,0.35294117647058876,0.6869565217391305,0.6220508414881815,0.5979108117982798,1.5988366529967957,Medium,0.5979108117982797,Stress_Induced
592:30,0.826254826254825,0.35294117647058876,0.6956521739130435,0.6249493922128191,0.6018238552765407,1.6075050013720582,Medium,0.6018238552765406,Stress_Induced
593:00,0.826254826254825,0.35294117647058876,0.660869565217391,0.6133551893142682,0.5861716813634971,1.5731110614424006,Medium,0.586171681363497,Stress_Induced
593:30,0.826254826254825,0.35294117647058876,0.643478260869565,0.607558087864993,0.5783455944069754,1.5561910413924782,Medium,0.5783455944069753,Stress_Induced
594:00,0.826254826254825,0.35294117647058876,0.643478260869565,0.607558087864993,0.5783455944069754,1.5561910413924782,Medium,0.5783455944069753,Stress_Induced
594:30,0.826254826254825,0.35294117647058876,0.652173913043478,0.6104566385896306,0.5822586378852362,1.564628179770541,Medium,0.5822586378852361,Stress_Induced
595:00,0.826254826254825,0.41176470588235325,0.6695652173913045,0.6358615831761609,0.6106729601358757,1.646770202901192,Medium,0.6106729601358756,Stress_Induced
595:30,0.826254826254825,0.41176470588235325,0.6782608695652175,0.6387601339007986,0.6145860036141365,1.6556984306760514,Medium,0.6145860036141364,Stress_Induced
596:00,0.826254826254825,0.41176470588235325,0.6956521739130435,0.6445572353500739,0.6224120905706583,1.673700366105905,Medium,0.6224120905706582,Stress_Induced
596:30,0.826254826254825,0.41176470588235325,0.7130434782608694,0.6503543367993493,0.6302381775271799,1.6918980314302952,Medium,0.6302381775271798,Stress_Induced
597:00,0.826254826254825,0.41176470588235325,0.7304347826086954,0.6561514382486245,0.6380642644837016,1.7102935547643776,Medium,0.6380642644837015,Stress_Induced
597:30,0.8687258687258677,0.41176470588235325,0.7478260869565219,0.6761055538549142,0.654384559934432,1.7288890873616949,Medium,0.654384559934432,Stress_Induced
598:00,0.826254826254825,0.41176470588235325,0.6956521739130435,0.6445572353500739,0.6224120905706583,1.673700366105905,Medium,0.6224120905706582,Stress_Induced
598:30,0.8687258687258677,0.41176470588235325,0.4695652173913043,0.5833519306665084,0.5291671686300841,1.4541980213149746,Medium,0.5291671686300841,Stress_Induced
599:00,0.826254826254825,0.2941176470588234,0.28695652173913055,0.469109665017593,0.3973225765041619,1.2545392508755004,Low,0.3973225765041618,Stress_Induced
599:30,0.8687258687258677,0.2941176470588234,0.19999999999999973,0.45428117192823025,0.36668635021576157,1.2545392508755004,Low,0.36668635021576146,Stress_Induced
600:00,0.8687258687258677,0.2941176470588234,0.19999999999999973,0.45428117192823025,0.36668635021576157,1.2545392508755004,Low,0.36668635021576146,Stress_Induced
600:30,0.8687258687258677,0.2941176470588234,0.29565217391304355,0.4861652298992449,0.4097298284766313,1.2545392508755004,Low,0.4097298284766312,Stress_Induced
601:00,0.8687258687258677,0.2941176470588234,0.3304347826086955,0.4977594327977955,0.4253820023896747,1.2545392508755004,Low,0.4253820023896746,Stress_Induced
601:30,0.8687258687258677,0.2941176470588234,0.37391304347826093,0.512252186420984,0.4449472197809792,1.263985773381832,Low,0.44494721978097906,Stress_Induced
602:00,0.8687258687258677,0.2941176470588234,0.4173913043478259,0.5267449400441723,0.4645124371722834,1.298623838330973,Low,0.4645124371722833,Stress_Induced
602:30,0.8687258687258677,0.2941176470588234,0.4608695652173913,0.5412376936673607,0.48407765456358776,1.3342111192987491,Low,0.48407765456358764,Stress_Induced
603:00,0.8687258687258677,0.882352941176471,0.4260869565217389,0.7257219221413592,0.6743078335917209,1.8038869600684075,Medium,0.6743078335917209,Stress_Induced
603:30,0.8687258687258677,0.882352941176471,0.35652173913043494,0.7025335163442579,0.643003485765634,1.7332530178673953,Medium,0.6430034857656342,Stress_Induced
604:00,0.8687258687258677,0.882352941176471,0.35652173913043494,0.7025335163442579,0.643003485765634,1.7332530178673953,Medium,0.6430034857656342,Stress_Induced
604:30,0.8687258687258677,0.882352941176471,0.3999999999999999,0.7170262699674462,0.6625687031569383,1.774862069340492,Medium,0.6625687031569384,Stress_Induced
605:00,0.8687258687258677,0.882352941176471,0.43478260869565233,0.728620472865997,0.6782208770699819,1.813667021446259,Medium,0.6782208770699819,Stress_Induced
605:30,0.8687258687258677,0.882352941176471,0.4695652173913043,0.7402146757645477,0.6938730509830253,1.8533203912031446,Medium,0.6938730509830253,Stress_Induced
606:00,0.8687258687258677,0.882352941176471,0.5043478260869563,0.7518088786630983,0.7095252248960687,1.893840728112481,Medium,0.7095252248960687,Stress_Induced
606:30,0.9111969111969103,0.882352941176471,0.43478260869565233,0.7427774870230112,0.6867150855641905,1.813667021446259,Medium,0.6867150855641905,Stress_Induced
607:00,0.9111969111969103,0.11764705882352988,0.27826086956521756,0.4357016131952192,0.34863324413196545,1.2214027581601699,Low,0.3486332441319653,Stress_Induced
607:30,0.9111969111969103,0.11764705882352988,0.16521739130434776,0.3980204537749293,0.297763678914574,1.2214027581601699,Low,0.2977636789145739,Stress_Induced
608:00,0.9111969111969103,0.11764705882352988,0.13913043478260878,0.3893248016010163,0.2860245484797915,1.2214027581601699,Low,0.2860245484797913,Stress_Induced
608:30,0.9111969111969103,0.11764705882352988,0.19130434782608674,0.4067161059488423,0.3095028093493566,1.2214027581601699,Low,0.3095028093493564,Stress_Induced
609:00,0.9111969111969103,0.11764705882352988,0.22608695652173916,0.4183103088473931,0.32515498326240017,1.2214027581601699,Low,0.3251549832624,Stress_Induced
609:30,0.9111969111969103,0.11764705882352988,0.26086956521739113,0.42990451174594374,0.3408071571754435,1.2214027581601699,Low,0.3408071571754434,Stress_Induced
610:00,0.9111969111969103,0.11764705882352988,0.31304347826086953,0.4472958160937699,0.3642854180450088,1.2214027581601699,Low,0.3642854180450087,Stress_Induced
610:30,0.9111969111969103,0.11764705882352988,0.3478260869565215,0.45889001899232057,0.3799375919580522,1.2214027581601699,Low,0.3799375919580521,Stress_Induced
611:00,0.9111969111969103,0.2941176470588234,0.3913043478260869,0.5322063020272735,0.4612675152317094,1.2777287291369948,Low,0.4612675152317092,Stress_Induced
611:30,0.9111969111969103,0.2941176470588234,0.4260869565217389,0.5438005049258242,0.47691968914475275,1.305664534963724,Low,0.47691968914475263,Stress_Induced
612:00,0.9536679536679529,0.2941176470588234,0.4695652173913043,0.5724502727060269,0.5049791150302657,1.3414447580613789,Low,0.5049791150302656,Stress_Induced
612:30,0.9111969111969103,0.2941176470588234,0.5217391304347827,0.5756845628968388,0.5199631674056224,1.3856776580068675,Low,0.5199631674056223,Stress_Induced
613:00,0.9111969111969103,0.2941176470588234,0.5043478260869563,0.5698874614475633,0.5121370804491006,1.3707736284498513,Low,0.5121370804491004,Stress_Induced
613:30,0.9111969111969103,0.2941176470588234,0.25217391304347814,0.4858294904330706,0.3986588195795354,1.2545392508755004,Low,0.3986588195795353,Stress_Induced
614:00,0.9111969111969103,0.2941176470588234,0.02608695652173898,0.41046717159249085,0.2969196891447528,1.2545392508755004,Low,0.29691968914475264,Stress_Induced
614:30,0.9111969111969103,0.2941176470588234,0.06956521739130439,0.4249599252156793,0.3164849065360572,1.2545392508755004,Low,0.3164849065360571,Stress_Induced
615:00,0.9536679536679529,0.5294117647058822,0.043478260869564966,0.5088526597478,0.3955929257719536,1.4742996653976497,Medium,0.3955929257719535,Stress_Induced
615:30,0.9111969111969103,0.5294117647058822,0.043478260869564966,0.4946956455907858,0.3870987172777451,1.4742996653976497,Medium,0.38709871727774503,Stress_Induced
616:00,0.9111969111969103,0.5294117647058822,0.13913043478260878,0.5265797035618004,0.4301421955386148,1.4742996653976497,Medium,0.4301421955386147,Stress_Induced
616:30,0.9536679536679529,0.5294117647058822,0.19130434782608674,0.5581280220666406,0.4621146649023884,1.4742996653976497,Medium,0.4621146649023883,Stress_Induced
617:00,0.9536679536679529,0.5294117647058822,0.23478260869565215,0.572620775689829,0.48167988229369285,1.4742996653976497,Medium,0.48167988229369274,Stress_Induced
617:30,0.9536679536679529,0.5294117647058822,0.25217391304347814,0.5784178771391044,0.48950596925021456,1.4742996653976497,Medium,0.48950596925021445,Stress_Induced
618:00,0.9536679536679529,0.5294117647058822,0.26086956521739113,0.581316427863742,0.4934190127284754,1.4742996653976497,Medium,0.49341901272847527,Stress_Induced
618:30,0.9536679536679529,0.5294117647058822,0.3217391304347825,0.6016062829362059,0.5208103170763014,1.4742996653976497,Medium,0.5208103170763014,Stress_Induced
619:00,0.9536679536679529,0.5294117647058822,0.35652173913043494,0.6132004858347567,0.5364624909893452,1.4742996653976497,Medium,0.5364624909893451,Stress_Induced
619:30,0.9536679536679529,0.5294117647058822,0.3304347826086955,0.6045048336608435,0.5247233605545623,1.4742996653976497,Medium,0.5247233605545623,Stress_Induced
620:00,0.9536679536679529,0.5294117647058822,0.29565217391304355,0.5929106307622929,0.509071186641519,1.4742996653976497,Medium,0.5090711866415188,Stress_Induced
620:30,0.9536679536679529,0.5294117647058822,0.30434782608695654,0.5958091814869305,0.5129842301197798,1.4742996653976497,Medium,0.5129842301197797,Stress_Induced
621:00,0.9536679536679529,0.5294117647058822,0.3478260869565215,0.6103019351101189,0.5325494475110841,1.4742996653976497,Medium,0.532549447511084,Stress_Induced
621:30,0.9536679536679529,0.5294117647058822,0.3826086956521739,0.6218961380086697,0.5482016214241276,1.4934542947589498,Medium,0.5482016214241275,Stress_Induced
622:00,0.9536679536679529,0.5294117647058822,0.35652173913043494,0.6132004858347567,0.5364624909893452,1.4742996653976497,Medium,0.5364624909893451,Stress_Induced
622:30,0.9536679536679529,0.35294117647058876,0.3478260869565215,0.5514784056983544,0.47078474162873135,1.3061998573518416,Low,0.4707847416287312,Stress_Induced
623:00,1.0,0.35294117647058876,0.3999999999999999,0.5843137254901962,0.503529411764706,1.3375569278651682,Low,0.5035294117647059,Stress_Induced
623:30,1.0,0.35294117647058876,0.4260869565217389,0.5930093776641092,0.5152685421994885,1.3594304268509676,Low,0.5152685421994885,Stress_Induced
624:00,1.0,0.35294117647058876,0.4521739130434783,0.6017050298380223,0.5270076726342714,1.3816616302065134,Low,0.5270076726342712,Stress_Induced
624:30,1.0,0.35294117647058876,0.4782608695652173,0.6104006820119353,0.5387468030690539,1.4042563875865046,Low,0.5387468030690538,Stress_Induced
625:00,1.0,0.35294117647058876,0.5043478260869563,0.6190963341858483,0.5504859335038363,1.4272206443069275,Medium,0.5504859335038362,Stress_Induced
625:30,1.0,0.35294117647058876,0.5391304347826087,0.6306905370843991,0.56613810741688,1.4584248881202349,Medium,0.5661381074168799,Stress_Induced
626:00,1.0,0.35294117647058876,0.5565217391304347,0.6364876385336745,0.5739641943734017,1.4742819247513028,Medium,0.5739641943734016,Stress_Induced
626:30,1.0,0.47058823529411775,0.5739130434782607,0.6815004262574594,0.6229667519181585,1.6155774085839563,Medium,0.6229667519181584,Stress_Induced
627:00,1.0,0.47058823529411775,0.5913043478260871,0.6872975277067349,0.6307928388746804,1.6331431196170845,Medium,0.6307928388746803,Stress_Induced
627:30,1.0,0.47058823529411775,0.6173913043478261,0.6959931798806479,0.6425319693094629,1.659850434742449,Medium,0.6425319693094629,Stress_Induced
628:00,1.0,0.47058823529411775,0.6347826086956521,0.7017902813299233,0.6503580562659846,1.6778975137248497,Medium,0.6503580562659845,Stress_Induced
628:30,1.0,0.47058823529411775,0.6782608695652175,0.7162830349531117,0.6699232736572891,1.7238783501253294,Medium,0.669923273657289,Stress_Induced
629:00,1.0,0.47058823529411775,0.6956521739130435,0.7220801364023871,0.6777493606138107,1.742621586316722,Medium,0.6777493606138107,Stress_Induced
629:30,1.0,0.47058823529411775,0.6956521739130435,0.7220801364023871,0.6777493606138107,1.742621586316722,Medium,0.6777493606138107,Stress_Induced
630:00,1.0,0.47058823529411775,0.7130434782608694,0.7278772378516624,0.6855754475703324,1.7615686123537844,Medium,0.6855754475703324,Stress_Induced
630:30,1.0,0.2941176470588234,0.7304347826086954,0.6748508098891729,0.6316368286445011,1.5776835686450887,Medium,0.631636828644501,Stress_Induced
631:00,1.0,0.2941176470588234,0.7391304347826089,0.6777493606138107,0.6355498721227621,1.5862372321937135,Medium,0.635549872122762,Stress_Induced
631:30,1.0,0.2941176470588234,0.7478260869565219,0.6806479113384484,0.639462915601023,1.5948372707959653,Medium,0.6394629156010229,Stress_Induced
632:00,1.0,0.2941176470588234,0.7652173913043478,0.6864450127877237,0.6472890025575446,1.6121774802435698,Medium,0.6472890025575445,Stress_Induced
632:30,1.0,0.2941176470588234,0.7826086956521738,0.6922421142369991,0.6551150895140665,1.6297062248283904,Medium,0.6551150895140663,Stress_Induced
633:00,1.0,0.2941176470588234,0.7913043478260868,0.6951406649616367,0.6590281329923273,1.6385419375196575,Medium,0.6590281329923272,Stress_Induced
633:30,1.0,0.2941176470588234,0.8086956521739128,0.7009377664109121,0.666854219948849,1.6563573353069778,Medium,0.6668542199488489,Stress_Induced
634:00,0.9536679536679529,0.2941176470588234,0.8260869565217392,0.6912908524161718,0.6654138976389614,1.6743664348184066,Medium,0.6654138976389613,Stress_Induced
634:30,0.9536679536679529,0.2941176470588234,0.8347826086956522,0.6941894031408095,0.6693269411172222,1.6834442799739124,Medium,0.6693269411172221,Stress_Induced
635:00,0.9536679536679529,0.0,0.8434782608695652,0.5990487381791727,0.570298808124895,1.6478649864500636,Medium,0.5702988081248949,Stress_Induced
635:30,0.9536679536679529,0.0,0.8434782608695652,0.5990487381791727,0.570298808124895,1.6478649864500636,Medium,0.5702988081248949,Stress_Induced
636:00,1.0,0.0,0.8521739130434782,0.6173913043478261,0.5834782608695652,1.6567991497688572,Medium,0.5834782608695651,Stress_Induced
636:30,0.9536679536679529,0.0,0.8608695652173912,0.6048458396284481,0.5781248950814166,1.6657817510815782,Medium,0.5781248950814165,Stress_Induced
637:00,0.9536679536679529,0.0,0.8782608695652172,0.6106429410777233,0.5859509820379383,1.6838933195699015,Medium,0.5859509820379382,Stress_Induced
637:30,0.9536679536679529,0.0,0.8869565217391302,0.6135414918023611,0.5898640255161992,1.693022816253287,Medium,0.589864025516199,Stress_Induced
638:00,0.9536679536679529,0.0,0.8434782608695652,0.5990487381791727,0.570298808124895,1.6478649864500636,Medium,0.5702988081248949,Stress_Induced
638:30,0.9536679536679529,0.0,0.7999999999999998,0.5845559845559842,0.5507335907335905,1.6039116469661432,Medium,0.5507335907335903,Stress_Induced
639:00,0.9111969111969103,0.35294117647058876,0.7913043478260868,0.685147478497862,0.6618557505258272,1.7060153706307468,Medium,0.6618557505258271,Stress_Induced
639:30,0.9536679536679529,0.35294117647058876,0.7913043478260868,0.6993044926548762,0.6703499590200357,1.7060153706307468,Medium,0.6703499590200356,Stress_Induced
640:00,0.9111969111969103,0.35294117647058876,0.7999999999999998,0.6880460292224996,0.6657687940040881,1.7152648055486048,Medium,0.665768794004088,Stress_Induced
640:30,0.9111969111969103,0.35294117647058876,0.8086956521739128,0.6909445799471373,0.6696818374823489,1.7245643877557388,Medium,0.6696818374823488,Stress_Induced
641:00,0.9111969111969103,0.35294117647058876,0.8260869565217392,0.6967416813964128,0.6775079244388709,1.7433150830380484,Medium,0.6775079244388708,Stress_Induced
641:30,0.9111969111969103,0.35294117647058876,0.8347826086956522,0.6996402321210504,0.6814209679171317,1.7527667443064454,Medium,0.6814209679171316,Stress_Induced
642:00,0.9111969111969103,0.35294117647058876,0.8434782608695652,0.702538782845688,0.6853340113953925,1.7622696492665892,Medium,0.6853340113953924,Stress_Induced
642:30,0.9111969111969103,0.35294117647058876,0.8608695652173912,0.7083358842949634,0.6931600983519142,1.7814303030718446,Medium,0.6931600983519141,Stress_Induced
643:00,0.9111969111969103,0.2941176470588234,0.8608695652173912,0.6887280411577082,0.6725718630577963,1.7109741861659657,Medium,0.6725718630577961,Stress_Induced
643:30,0.9111969111969103,0.2941176470588234,0.8695652173913042,0.691626591882346,0.6764849065360572,1.7202505060945643,Medium,0.6764849065360571,Stress_Induced
644:00,0.8687258687258677,0.2941176470588234,0.8782608695652172,0.6803681284499694,0.6719037415201095,1.72957711907382,Medium,0.6719037415201093,Stress_Induced
644:30,0.8687258687258677,0.2941176470588234,0.8869565217391302,0.683266679174607,0.6758167849983703,1.7389542977755423,Medium,0.6758167849983703,Stress_Induced
645:00,0.8687258687258677,0.2941176470588234,0.8869565217391302,0.683266679174607,0.6758167849983703,1.7389542977755423,Medium,0.6758167849983703,Stress_Induced
645:30,0.8687258687258677,0.2941176470588234,0.8956521739130436,0.6861652298992449,0.6797298284766313,1.7483823163498762,Medium,0.6797298284766313,Stress_Induced
646:00,0.8687258687258677,0.2941176470588234,0.9043478260869566,0.6890637806238825,0.6836428719548922,1.7578614504333125,Medium,0.6836428719548922,Stress_Induced
646:30,0.8687258687258677,0.2941176470588234,0.9043478260869566,0.6890637806238825,0.6836428719548922,1.7578614504333125,Medium,0.6836428719548922,Stress_Induced
647:00,0.826254826254825,0.41176470588235325,0.9130434782608696,0.7170210034660159,0.72023817752718,1.915947638263991,Medium,0.7202381775271799,Stress_Induced
647:30,0.8687258687258677,0.41176470588235325,0.9217391304347826,0.7340765683476679,0.7326454294996493,1.9263352545136587,Medium,0.7326454294996493,Stress_Induced
648:00,0.826254826254825,0.41176470588235325,0.9304347826086956,0.7228181049152913,0.7280642644837017,1.9367791888845503,High,0.7280642644837015,Stress_Induced
648:30,0.826254826254825,0.41176470588235325,0.9391304347826086,0.7257166556399289,0.7319773079619626,1.9472797467143586,High,0.7319773079619625,Stress_Induced
649:00,0.826254826254825,0.41176470588235325,0.9391304347826086,0.7257166556399289,0.7319773079619626,1.9472797467143586,High,0.7319773079619625,Stress_Induced
649:30,0.826254826254825,0.41176470588235325,0.9478260869565216,0.7286152063645667,0.7358903514402234,1.957837234996213,High,0.7358903514402233,Stress_Induced
650:00,0.826254826254825,0.41176470588235325,0.9565217391304346,0.7315137570892043,0.7398033949184842,1.9684519623876562,High,0.7398033949184841,Stress_Induced
650:30,0.826254826254825,0.41176470588235325,0.9652173913043476,0.7344123078138419,0.7437164383967452,1.9791242392196657,High,0.743716438396745,Stress_Induced
651:00,0.7837837837837824,0.5294117647058822,0.973913043478261,0.7623695306559752,0.7803117439690328,2.1571088045814033,High,0.7803117439690327,Stress_Induced
651:30,0.7837837837837824,0.5294117647058822,0.982608695652174,0.7652680813806129,0.7842247874472936,2.1688039146268294,High,0.7842247874472935,Stress_Induced
652:00,0.7837837837837824,0.5294117647058822,0.982608695652174,0.7652680813806129,0.7842247874472936,2.1688039146268294,High,0.7842247874472935,Stress_Induced
652:30,0.7837837837837824,0.5294117647058822,0.982608695652174,0.7652680813806129,0.7842247874472936,2.1688039146268294,High,0.7842247874472935,Stress_Induced
653:00,0.7837837837837824,0.5294117647058822,0.991304347826087,0.7681666321052506,0.7881378309255545,2.1805624315800034,High,0.7881378309255545,Stress_Induced
653:30,0.7837837837837824,0.5294117647058822,0.991304347826087,0.7681666321052506,0.7881378309255545,2.1805624315800034,High,0.7881378309255545,Stress_Induced
654:00,0.7837837837837824,0.5294117647058822,0.991304347826087,0.7681666321052506,0.7881378309255545,2.1805624315800034,High,0.7881378309255545,Stress_Induced
654:30,0.7837837837837824,0.8235294117647056,0.982608695652174,0.8633072970668874,0.8871659639178817,2.5497434601775266,High,0.8871659639178818,Stress_Induced
655:00,0.7374517374517424,0.8235294117647056,0.982608695652174,0.847863281622874,0.8778995546514737,2.5497434601775266,High,0.8778995546514737,Stress_Induced
655:30,0.7374517374517424,0.8235294117647056,0.9652173913043476,0.8420661801735986,0.8700734676949519,2.5223190071139223,High,0.8700734676949519,Stress_Induced
656:00,0.7374517374517424,0.8235294117647056,0.9478260869565216,0.8362690787243232,0.8622473807384302,2.495189525147444,High,0.8622473807384302,Stress_Induced
656:30,0.7374517374517424,0.8235294117647056,0.9652173913043476,0.8420661801735986,0.8700734676949519,2.5223190071139223,High,0.8700734676949519,Stress_Induced
657:00,0.7374517374517424,0.8235294117647056,0.9478260869565216,0.8362690787243232,0.8622473807384302,2.495189525147444,High,0.8622473807384302,Stress_Induced
657:30,0.7374517374517424,0.8235294117647056,0.9217391304347826,0.8275734265504102,0.8505082503036476,2.4550414421932345,High,0.8505082503036475,Stress_Induced
658:00,0.7374517374517424,0.8235294117647056,0.9130434782608696,0.8246748758257726,0.8465952068253867,2.4418028180654874,High,0.8465952068253867,Stress_Induced
658:30,0.7374517374517424,0.5882352941176467,0.9043478260869566,0.7433449525521153,0.7603292221706553,2.150856983403851,High,0.7603292221706553,Stress_Induced
659:00,0.7374517374517424,0.5882352941176467,0.8695652173913042,0.7317507496535645,0.7446770482576118,2.1048375646018345,High,0.7446770482576116,Stress_Induced
659:30,0.7374517374517424,0.5882352941176467,0.8521739130434782,0.7259536482042891,0.7368509613010901,2.0821984168214875,High,0.73685096130109,Stress_Induced
660:00,0.7374517374517424,0.5882352941176467,0.8521739130434782,0.7259536482042891,0.7368509613010901,2.0821984168214875,High,0.73685096130109,Stress_Induced
660:30,0.7374517374517424,0.5882352941176467,0.8434782608695652,0.7230550974796515,0.7329379178228292,2.070970320331571,High,0.7329379178228291,Stress_Induced
661:00,0.7374517374517424,0.5882352941176467,0.8434782608695652,0.7230550974796515,0.7329379178228292,2.070970320331571,High,0.7329379178228291,Stress_Induced
661:30,0.7374517374517424,0.5882352941176467,0.8521739130434782,0.7259536482042891,0.7368509613010901,2.0821984168214875,High,0.73685096130109,Stress_Induced
662:00,0.6949806949806998,0.6470588235294121,0.8521739130434782,0.73140447718453,0.7489449881009994,2.167941156988451,High,0.7489449881009994,Stress_Induced
662:30,0.7374517374517424,0.6470588235294121,0.8608695652173912,0.7484600420661819,0.7613522400734688,2.1796949963632373,High,0.7613522400734688,Stress_Induced
663:00,0.6949806949806998,0.6470588235294121,0.8695652173913042,0.7372015786338054,0.7567710750575211,2.191512561056215,High,0.7567710750575211,Stress_Induced
663:30,0.6949806949806998,0.6470588235294121,0.8782608695652172,0.740100129358443,0.7606841185357819,2.2033941965643784,High,0.7606841185357819,Stress_Induced
664:00,0.6949806949806998,0.6470588235294121,0.8782608695652172,0.740100129358443,0.7606841185357819,2.2033941965643784,High,0.7606841185357819,Stress_Induced
664:30,0.6949806949806998,0.6470588235294121,0.8869565217391302,0.7429986800830807,0.7645971620140428,2.2153402502578885,High,0.7645971620140428,Stress_Induced
665:00,0.6949806949806998,0.6470588235294121,0.8956521739130436,0.7458972308077185,0.7685102054923039,2.227351071390231,High,0.7685102054923039,Stress_Induced
665:30,0.6949806949806998,0.6470588235294121,0.9043478260869566,0.7487957815323562,0.7724232489705647,2.239427011108423,High,0.7724232489705647,Stress_Induced
666:00,0.6949806949806998,0.41176470588235325,0.9043478260869566,0.6703644089833366,0.6900703077940941,1.9056160364443646,Medium,0.6900703077940941,Stress_Induced
666:30,0.6949806949806998,0.41176470588235325,0.9130434782608696,0.6732629597079742,0.6939833512723549,1.915947638263991,Medium,0.6939833512723549,Stress_Induced
667:00,0.6949806949806998,0.41176470588235325,0.9217391304347826,0.6761615104326119,0.6978963947506157,1.9263352545136587,Medium,0.6978963947506157,Stress_Induced
667:30,0.6949806949806998,0.41176470588235325,0.9130434782608696,0.6732629597079742,0.6939833512723549,1.915947638263991,Medium,0.6939833512723549,Stress_Induced
668:00,0.6949806949806998,0.41176470588235325,0.8869565217391302,0.6645673075340611,0.6822442208375722,1.8851196695098336,Medium,0.6822442208375722,Stress_Induced
668:30,0.6949806949806998,0.41176470588235325,0.8695652173913042,0.6587702060847858,0.6744181338810505,1.8648437567746172,Medium,0.6744181338810504,Stress_Induced
669:00,0.6525096525096572,0.41176470588235325,0.8782608695652172,0.6475117426524092,0.6698369688651029,1.8749543051654467,Medium,0.6698369688651027,Stress_Induced
669:30,0.6949806949806998,0.41176470588235325,0.8782608695652172,0.6616687568094234,0.6783311773593114,1.8749543051654467,Medium,0.6783311773593113,Stress_Induced
670:00,0.6949806949806998,0.5294117647058822,0.8521739130434782,0.6921887909100201,0.7077685175127639,1.9998468284243236,High,0.7077685175127639,Stress_Induced
670:30,0.6949806949806998,0.5294117647058822,0.7391304347826089,0.6545076314897303,0.6568989522953727,1.8641019155299152,Medium,0.6568989522953727,Stress_Induced
671:00,0.6949806949806998,0.5294117647058822,0.5043478260869563,0.5762467619245127,0.551246778382329,1.6108950759007328,Medium,0.551246778382329,Stress_Induced
671:30,0.6949806949806998,0.5294117647058822,0.36521739130434794,0.52986995033031,0.4886380827301553,1.477391044534395,Medium,0.4886380827301553,Stress_Induced
672:00,0.6525096525096572,0.5294117647058822,0.3304347826086955,0.504118733274745,0.4644917003229032,1.4742996653976497,Medium,0.4644917003229031,Stress_Induced
672:30,0.6525096525096572,0.5294117647058822,0.3217391304347825,0.5012201825501074,0.4605786568446424,1.4742996653976497,Medium,0.4605786568446423,Stress_Induced
673:00,0.6525096525096572,0.5294117647058822,0.36521739130434794,0.5157129361732958,0.48014387423594684,1.477391044534395,Medium,0.48014387423594673,Stress_Induced
673:30,0.6525096525096572,0.5294117647058822,0.3826086956521739,0.5215100376225711,0.4879699611924685,1.4934542947589498,Medium,0.4879699611924684,Stress_Induced
674:00,0.6525096525096572,0.7647058823529411,0.37391304347826093,0.5970428594469531,0.5664098588906783,1.7456019260366915,Medium,0.5664098588906782,Stress_Induced
674:30,0.6949806949806998,0.7647058823529411,0.3826086956521739,0.614098424328605,0.5788171108631476,1.755065985789796,Medium,0.5788171108631476,Stress_Induced
675:00,0.6525096525096572,0.7647058823529411,0.4173913043478259,0.6115356130701414,0.5859750762819825,1.7934381233758674,Medium,0.5859750762819824,Stress_Induced
675:30,0.6525096525096572,0.7647058823529411,0.4521739130434783,0.6231298159686922,0.601627250195026,1.8326492157105618,Medium,0.601627250195026,Stress_Induced
676:00,0.6525096525096572,0.7647058823529411,0.4782608695652173,0.6318254681426052,0.6133663806298086,1.8626191182440945,Medium,0.6133663806298085,Stress_Induced
676:30,0.6525096525096572,0.7647058823529411,0.4521739130434783,0.6231298159686922,0.601627250195026,1.8326492157105618,Medium,0.601627250195026,Stress_Induced
677:00,0.6525096525096572,0.7647058823529411,0.3217391304347825,0.5796515550991269,0.542931598021113,1.7325559976499485,Medium,0.5429315980211129,Stress_Induced
677:30,0.6525096525096572,0.47058823529411775,0.2695652173913041,0.4642210350650264,0.41651216068095953,1.4159906597629994,Medium,0.4165121606809594,Stress_Induced
678:00,0.6525096525096572,0.47058823529411775,0.30434782608695654,0.47581523796357716,0.43216433459400316,1.4159906597629994,Medium,0.43216433459400305,Stress_Induced
678:30,0.6525096525096572,0.47058823529411775,0.3304347826086955,0.48451089013749016,0.44390346502878564,1.4159906597629994,Medium,0.4439034650287855,Stress_Induced
679:00,0.6525096525096572,0.47058823529411775,0.3304347826086955,0.48451089013749016,0.44390346502878564,1.4159906597629994,Medium,0.4439034650287855,Stress_Induced
679:30,0.6525096525096572,0.47058823529411775,0.3391304347826085,0.48740944086212784,0.44781650850704646,1.4159906597629994,Medium,0.44781650850704635,Stress_Induced
680:00,0.6525096525096572,0.47058823529411775,0.36521739130434794,0.49610509303604094,0.45955563894182927,1.4189597739031947,Medium,0.45955563894182916,Stress_Induced
680:30,0.6525096525096572,0.47058823529411775,0.4086956521739129,0.5105978466592292,0.4791208563331335,1.4578447216959018,Medium,0.4791208563331334,Stress_Induced
681:00,0.6525096525096572,0.47058823529411775,0.43478260869565233,0.5192934988331425,0.4908599867679162,1.4816853256934934,Medium,0.4908599867679161,Stress_Induced
681:30,0.6525096525096572,0.47058823529411775,0.4695652173913043,0.5308877017316931,0.5065121606809596,1.514080365901163,Medium,0.5065121606809595,Stress_Induced
682:00,0.6525096525096572,0.47058823529411775,0.4869565217391303,0.5366848031809685,0.5143382476374813,1.5305425286220835,Medium,0.5143382476374811,Stress_Induced
682:30,0.6949806949806998,0.47058823529411775,0.5043478260869563,0.5566389187872579,0.5306585430882115,1.5471836797293232,Medium,0.5306585430882115,Stress_Induced
683:00,0.6525096525096572,0.47058823529411775,0.5304347826086957,0.5511775568041569,0.5339034650287857,1.5724852724648337,Medium,0.5339034650287856,Stress_Induced
683:30,0.6525096525096572,0.47058823529411775,0.5217391304347827,0.5482790060795192,0.5299904215505249,1.5640057653124078,Medium,0.5299904215505248,Stress_Induced
684:00,0.6525096525096572,0.47058823529411775,0.5130434782608697,0.5453804553548816,0.5260773780722641,1.5555719832569395,Medium,0.526077378072264,Stress_Induced
684:30,0.6525096525096572,0.47058823529411775,0.5391304347826087,0.5540761075287945,0.5378165085070465,1.5810107526201365,Medium,0.5378165085070464,Stress_Induced
685:00,0.6525096525096572,0.47058823529411775,0.5565217391304347,0.5598732089780699,0.5456425954635683,1.5982006302906437,Medium,0.5456425954635682,Stress_Induced
685:30,0.6949806949806998,0.41176470588235325,0.5739130434782607,0.5602194814471045,0.541374655620181,1.551680824713453,Medium,0.5413746556201808,Stress_Induced
686:00,0.6525096525096572,0.41176470588235325,0.5826086956521737,0.5489610180147281,0.5367934906042332,1.560093510231151,Medium,0.5367934906042331,Stress_Induced
686:30,0.6949806949806998,0.41176470588235325,0.6000000000000001,0.5689151336210178,0.5531137860549636,1.577055960708469,Medium,0.5531137860549636,Stress_Induced
687:00,0.6525096525096572,0.41176470588235325,0.6173913043478261,0.5605552209132788,0.5524456645172768,1.5942028390577754,Medium,0.5524456645172767,Stress_Induced
687:30,0.6525096525096572,0.41176470588235325,0.6086956521739131,0.5576566701886412,0.548532621039016,1.5856062215803863,Medium,0.5485326210390159,Stress_Induced
688:00,0.6525096525096572,0.41176470588235325,0.5304347826086957,0.5315697136669021,0.5133152297346681,1.5102929958439026,Medium,0.513315229734668,Stress_Induced
688:30,0.6949806949806998,0.41176470588235325,0.4260869565217389,0.510944119128264,0.47485291648974604,1.4154103416001478,Medium,0.47485291648974604,Stress_Induced
689:00,0.6525096525096572,0.41176470588235325,0.36521739130434794,0.4764972498987861,0.4389674036477117,1.362839478013724,Low,0.4389674036477116,Stress_Induced
