Timestamp,Object Temperature(F),Heart Rate Ear(BPM),GSR,Feature_Mean,Weighted_Stress,QuantityIndex_Stress,StressIndex_Level,Predicted_Stress,Condition
00:00,0.9712041884816749,0.30769230769230793,0.8103448275862069,0.6964137745867299,0.6665883178024359,1.9529375280191086,Medium,0.6665883178024359,Base
00:30,1.0,0.30769230769230793,0.8448275862068968,0.7175066312997349,0.6878647214854113,1.9529375280191086,Medium,0.6878647214854114,Base
01:00,1.0,0.30769230769230793,0.8620689655172415,0.7232537577365165,0.6956233421750665,1.9529375280191086,Medium,0.6956233421750666,Base
01:30,1.0,0.30769230769230793,0.827586206896552,0.7117595048629534,0.6801061007957562,1.9529375280191086,Medium,0.6801061007957563,Base
02:00,0.9712041884816749,0.30769230769230793,0.7758620689655173,0.6849195217131667,0.6510710764231256,1.9529375280191086,Medium,0.6510710764231256,Base
02:30,0.9712041884816749,0.30769230769230793,0.7758620689655173,0.6849195217131667,0.6510710764231256,1.9529375280191086,Medium,0.6510710764231256,Base
03:00,1.0,0.30769230769230793,0.827586206896552,0.7117595048629534,0.6801061007957562,1.9529375280191086,Medium,0.6801061007957563,Base
03:30,0.9712041884816749,0.30769230769230793,0.8620689655172415,0.7136551538970748,0.6898641798714015,1.9529375280191086,Medium,0.6898641798714016,Base
04:00,0.9712041884816749,0.1538461538461542,0.8620689655172415,0.6623731026150236,0.6360180260252477,1.9155408290138962,Medium,0.6360180260252477,Base
04:30,1.0,0.1538461538461542,0.8793103448275863,0.6777188328912468,0.6495358090185679,1.9155408290138962,Medium,0.6495358090185679,Base
05:00,0.9712041884816749,0.1538461538461542,0.896551724137931,0.6738673554885867,0.651535267404558,1.9155408290138962,Medium,0.651535267404558,Base
05:30,1.0,0.1538461538461542,0.9137931034482762,0.6892130857648101,0.6650530503978782,1.9155408290138962,Medium,0.6650530503978784,Base
06:00,1.0,0.1538461538461542,0.9137931034482762,0.6892130857648101,0.6650530503978782,1.9155408290138962,Medium,0.6650530503978784,Base
06:30,0.9712041884816749,0.1538461538461542,0.896551724137931,0.6738673554885867,0.651535267404558,1.9155408290138962,Medium,0.651535267404558,Base
07:00,1.0,0.1538461538461542,0.8793103448275863,0.6777188328912468,0.6495358090185679,1.9155408290138962,Medium,0.6495358090185679,Base
07:30,1.0,0.1538461538461542,0.896551724137931,0.6834659593280284,0.657294429708223,1.9155408290138962,Medium,0.657294429708223,Base
08:00,0.9712041884816749,0.1538461538461542,0.9137931034482762,0.6796144819253684,0.6592938880942132,1.9155408290138962,Medium,0.6592938880942134,Base
08:30,0.9712041884816749,0.1538461538461542,0.931034482758621,0.68536160836215,0.6670525087838683,1.9155408290138962,Medium,0.6670525087838686,Base
09:00,0.9712041884816749,0.1538461538461542,0.9482758620689657,0.6911087347989316,0.6748111294735235,1.9155408290138962,Medium,0.6748111294735235,Base
09:30,0.9712041884816749,0.1538461538461542,0.9655172413793109,0.6968558612357133,0.6825697501631789,1.9155408290138962,Medium,0.6825697501631789,Base
10:00,0.9712041884816749,0.1538461538461542,0.9655172413793109,0.6968558612357133,0.6825697501631789,1.9155408290138962,Medium,0.6825697501631789,Base
10:30,0.9712041884816749,0.1538461538461542,0.9655172413793109,0.6968558612357133,0.6825697501631789,1.9155408290138962,Medium,0.6825697501631789,Base
11:00,0.9712041884816749,0.1538461538461542,0.9827586206896552,0.7026029876724947,0.6903283708528338,1.9155408290138962,Medium,0.6903283708528338,Base
11:30,0.9712041884816749,0.1538461538461542,1.0000000000000004,0.7083501141092765,0.6980869915424892,1.9155408290138962,Medium,0.6980869915424892,Base
12:00,0.9712041884816749,0.1538461538461542,0.9482758620689657,0.6911087347989316,0.6748111294735235,1.9155408290138962,Medium,0.6748111294735235,Base
12:30,0.9712041884816749,0.1923076923076925,0.827586206896552,0.6636993625619731,0.6339623231074758,1.9155408290138962,Medium,0.6339623231074758,Base
13:00,0.9712041884816749,0.1923076923076925,0.7586206896551726,0.6407108568148466,0.6029278403488549,1.9155408290138962,Medium,0.6029278403488552,Base
13:30,0.9712041884816749,0.1923076923076925,0.7931034482758621,0.6522051096884098,0.6184450817281653,1.9155408290138962,Medium,0.6184450817281655,Base
14:00,0.9712041884816749,0.1923076923076925,0.8103448275862069,0.6579522361251914,0.6262037024178204,1.9155408290138962,Medium,0.6262037024178206,Base
14:30,0.9712041884816749,0.1923076923076925,0.827586206896552,0.6636993625619731,0.6339623231074758,1.9155408290138962,Medium,0.6339623231074758,Base
15:00,0.9424083769633498,0.1923076923076925,0.8448275862068968,0.659847885159313,0.6359617814934659,1.9155408290138962,Medium,0.6359617814934659,Base
15:30,0.9424083769633498,0.8461538461538467,0.8620689655172415,0.8835437295448126,0.872566556029275,2.718281828459045,High,0.8725665560292748,Base
16:00,0.9424083769633498,0.8461538461538467,0.8793103448275863,0.8892908559815943,0.8803251767189302,2.718281828459045,High,0.88032517671893,Base
16:30,0.9424083769633498,0.8461538461538467,0.8620689655172415,0.8835437295448126,0.872566556029275,2.718281828459045,High,0.8725665560292748,Base
17:00,0.9424083769633498,0.8461538461538467,0.827586206896552,0.8720494766712495,0.8570493146499647,2.718281828459045,High,0.8570493146499647,Base
17:30,0.9424083769633498,0.8461538461538467,0.7758620689655173,0.8548080973609046,0.833773452580999,2.718281828459045,High,0.833773452580999,Base
18:00,0.9424083769633498,0.8461538461538467,0.7931034482758621,0.8605552237976862,0.8415320732706542,2.718281828459045,High,0.8415320732706542,Base
18:30,0.9424083769633498,0.8461538461538467,0.827586206896552,0.8720494766712495,0.8570493146499647,2.718281828459045,High,0.8570493146499647,Base
19:00,0.9136125654450247,0.8461538461538467,0.827586206896552,0.8624508728318078,0.8512901523462997,2.718281828459045,High,0.8512901523462997,Base
19:30,0.9136125654450247,0.6538461538461542,0.8103448275862069,0.7926011822924619,0.776223839348952,2.430169870155995,High,0.776223839348952,Base
20:00,0.9136125654450247,0.6538461538461542,0.827586206896552,0.7983483087292437,0.7839824600386074,2.430169870155995,High,0.7839824600386072,Base
20:30,0.9136125654450247,0.6538461538461542,0.8448275862068968,0.8040954351660252,0.7917410807282625,2.430169870155995,High,0.7917410807282623,Base
21:00,0.9136125654450247,0.6538461538461542,0.8620689655172415,0.8098425616028068,0.7994997014179177,2.430169870155995,High,0.7994997014179175,Base
21:30,0.9136125654450247,0.6538461538461542,0.8793103448275863,0.8155896880395884,0.8072583221075726,2.430169870155995,High,0.8072583221075726,Base
22:00,0.9136125654450247,0.6538461538461542,0.8793103448275863,0.8155896880395884,0.8072583221075726,2.430169870155995,High,0.8072583221075726,Base
22:30,0.9136125654450247,0.6538461538461542,0.8793103448275863,0.8155896880395884,0.8072583221075726,2.430169870155995,High,0.8072583221075726,Base
23:00,0.9136125654450247,0.5384615384615388,0.896551724137931,0.7828752760148315,0.7746323274126126,2.259369204885939,High,0.7746323274126123,Base
23:30,0.9136125654450247,0.5384615384615388,0.896551724137931,0.7828752760148315,0.7746323274126126,2.259369204885939,High,0.7746323274126123,Base
24:00,0.9136125654450247,0.5384615384615388,0.8793103448275863,0.7771281495780499,0.7668737067229574,2.259369204885939,High,0.7668737067229572,Base
24:30,0.9136125654450247,0.5384615384615388,0.8793103448275863,0.7771281495780499,0.7668737067229574,2.259369204885939,High,0.7668737067229572,Base
25:00,0.8821989528795804,0.5384615384615388,0.8793103448275863,0.7666569453895685,0.7605909842098685,2.259369204885939,High,0.7605909842098684,Base
25:30,0.8821989528795804,0.5384615384615388,0.896551724137931,0.7724040718263501,0.7683496048995236,2.259369204885939,High,0.7683496048995235,Base
26:00,0.8821989528795804,0.5384615384615388,0.896551724137931,0.7724040718263501,0.7683496048995236,2.259369204885939,High,0.7683496048995235,Base
26:30,0.8821989528795804,0.6923076923076925,0.9137931034482762,0.829433249545183,0.8299543794353328,2.489926005288265,High,0.8299543794353326,Base
27:00,0.8821989528795804,0.6923076923076925,0.9137931034482762,0.829433249545183,0.8299543794353328,2.489926005288265,High,0.8299543794353326,Base
27:30,0.8821989528795804,0.6923076923076925,0.9137931034482762,0.829433249545183,0.8299543794353328,2.489926005288265,High,0.8299543794353326,Base
28:00,0.8821989528795804,0.6923076923076925,0.9137931034482762,0.829433249545183,0.8299543794353328,2.489926005288265,High,0.8299543794353326,Base
28:30,0.8821989528795804,0.6923076923076925,0.931034482758621,0.8351803759819646,0.837713000124988,2.489926005288265,High,0.8377130001249877,Base
29:00,0.8534031413612553,0.6923076923076925,0.931034482758621,0.8255817721425229,0.8319538378213229,2.489926005288265,High,0.8319538378213227,Base
29:30,0.8534031413612553,0.6923076923076925,0.9482758620689657,0.8313288985793045,0.839712458510978,2.489926005288265,High,0.8397124585109779,Base
30:00,0.8534031413612553,0.6923076923076925,0.9482758620689657,0.8313288985793045,0.839712458510978,2.489926005288265,High,0.8397124585109779,Base
30:30,0.8534031413612553,0.30769230769230793,0.9482758620689657,0.7031237703741763,0.7050970738955934,1.9529375280191086,Medium,0.7050970738955933,Base
31:00,0.8534031413612553,0.30769230769230793,0.9482758620689657,0.7031237703741763,0.7050970738955934,1.9529375280191086,Medium,0.7050970738955933,Base
31:30,0.8534031413612553,0.30769230769230793,0.9482758620689657,0.7031237703741763,0.7050970738955934,1.9529375280191086,Medium,0.7050970738955933,Base
32:00,0.8534031413612553,0.30769230769230793,0.896551724137931,0.6858823910638314,0.6818212118266278,1.9529375280191086,Medium,0.6818212118266278,Base
32:30,0.8534031413612553,0.30769230769230793,0.7931034482758621,0.6513996324431418,0.6352694876886968,1.9529375280191086,Medium,0.6352694876886968,Base
33:00,0.8534031413612553,0.30769230769230793,0.7586206896551726,0.6399053795695786,0.6197522463093865,1.9529375280191086,Medium,0.6197522463093865,Base
33:30,0.8534031413612553,0.30769230769230793,0.7931034482758621,0.6513996324431418,0.6352694876886968,1.9529375280191086,Medium,0.6352694876886968,Base
34:00,0.8246073298429302,0.30769230769230793,0.827586206896552,0.6532952814772633,0.6450275667643421,1.9529375280191086,Medium,0.6450275667643421,Base
34:30,0.8534031413612553,0.4615384615384617,0.8448275862068968,0.7199230630355379,0.7123915036038162,2.1522245798528727,High,0.712391503603816,Base
35:00,0.8246073298429302,0.4615384615384617,0.8620689655172415,0.7160715856328778,0.7143909619898063,2.1522245798528727,High,0.7143909619898061,Base
35:30,0.8246073298429302,0.4615384615384617,0.8793103448275863,0.7218187120696594,0.7221495826794615,2.1522245798528727,High,0.7221495826794613,Base
36:00,0.8246073298429302,0.4615384615384617,0.896551724137931,0.727565838506441,0.7299082033691167,2.1522245798528727,High,0.7299082033691164,Base
36:30,0.8246073298429302,0.4615384615384617,0.896551724137931,0.727565838506441,0.7299082033691167,2.1522245798528727,High,0.7299082033691164,Base
37:00,0.8246073298429302,0.4615384615384617,0.896551724137931,0.727565838506441,0.7299082033691167,2.1522245798528727,High,0.7299082033691164,Base
37:30,0.7958115183246051,0.4615384615384617,0.9137931034482762,0.723714361103781,0.7319076617551069,2.1522245798528727,High,0.7319076617551068,Base
38:00,0.7958115183246051,0.4615384615384617,0.9137931034482762,0.723714361103781,0.7319076617551069,2.1522245798528727,High,0.7319076617551068,Base
38:30,0.7958115183246051,0.30769230769230793,0.9137931034482762,0.6724323098217297,0.6780615079089531,1.9529375280191086,Medium,0.6780615079089529,Base
39:00,0.7958115183246051,0.30769230769230793,0.931034482758621,0.6781794362585113,0.6858201285986083,1.9529375280191086,Medium,0.6858201285986081,Base
39:30,0.7958115183246051,0.30769230769230793,0.931034482758621,0.6781794362585113,0.6858201285986083,1.9529375280191086,Medium,0.6858201285986081,Base
40:00,0.7958115183246051,0.30769230769230793,0.931034482758621,0.6781794362585113,0.6858201285986083,1.9529375280191086,Medium,0.6858201285986081,Base
40:30,0.7958115183246051,0.30769230769230793,0.9482758620689657,0.683926562695293,0.6935787492882634,1.9529375280191086,Medium,0.6935787492882632,Base
41:00,0.7958115183246051,0.30769230769230793,0.9482758620689657,0.683926562695293,0.6935787492882634,1.9529375280191086,Medium,0.6935787492882632,Base
41:30,0.7958115183246051,0.30769230769230793,0.896551724137931,0.666685183384948,0.6703028872192978,1.9529375280191086,Medium,0.6703028872192978,Base
42:00,0.76701570680628,0.30769230769230793,0.827586206896552,0.63409807379838,0.6335092421570121,1.9529375280191086,Medium,0.6335092421570121,Base
42:30,0.76701570680628,0.26923076923076916,0.7586206896551726,0.5982890552307406,0.5890132209368528,1.9155408290138962,Medium,0.5890132209368528,Base
43:00,0.76701570680628,0.26923076923076916,0.7241379310344831,0.5867948023571774,0.5734959795575426,1.9155408290138962,Medium,0.5734959795575427,Base
43:30,0.76701570680628,0.26923076923076916,0.7586206896551726,0.5982890552307406,0.5890132209368528,1.9155408290138962,Medium,0.5890132209368528,Base
44:00,0.76701570680628,0.26923076923076916,0.7931034482758621,0.6097833081043037,0.6045304623161631,1.9155408290138962,Medium,0.6045304623161631,Base
44:30,0.76701570680628,0.26923076923076916,0.7931034482758621,0.6097833081043037,0.6045304623161631,1.9155408290138962,Medium,0.6045304623161631,Base
45:00,0.76701570680628,0.26923076923076916,0.7931034482758621,0.6097833081043037,0.6045304623161631,1.9155408290138962,Medium,0.6045304623161631,Base
45:30,0.76701570680628,0.26923076923076916,0.8103448275862069,0.6155304345410854,0.6122890830058183,1.9155408290138962,Medium,0.6122890830058183,Base
46:00,0.7356020942408392,0.26923076923076916,0.827586206896552,0.6108063567893868,0.6137649811823854,1.9155408290138962,Medium,0.6137649811823855,Base
46:30,0.76701570680628,0.26923076923076916,0.827586206896552,0.621277560977867,0.6200477036954736,1.9155408290138962,Medium,0.6200477036954737,Base
47:00,0.76701570680628,0.26923076923076916,0.8448275862068968,0.6270246874146487,0.6278063243851287,1.9155408290138962,Medium,0.6278063243851286,Base
47:30,0.7356020942408392,0.26923076923076916,0.8448275862068968,0.6165534832261684,0.6215236018720406,1.9155408290138962,Medium,0.6215236018720405,Base
48:00,0.7356020942408392,0.26923076923076916,0.8620689655172415,0.62230060966295,0.6292822225616957,1.9155408290138962,Medium,0.6292822225616956,Base
48:30,0.7356020942408392,0.26923076923076916,0.8620689655172415,0.62230060966295,0.6292822225616957,1.9155408290138962,Medium,0.6292822225616956,Base
49:00,0.7356020942408392,0.26923076923076916,0.8620689655172415,0.62230060966295,0.6292822225616957,1.9155408290138962,Medium,0.6292822225616956,Base
49:30,0.7356020942408392,0.26923076923076916,0.8620689655172415,0.62230060966295,0.6292822225616957,1.9155408290138962,Medium,0.6292822225616956,Base
50:00,0.7356020942408392,0.26923076923076916,0.8793103448275863,0.6280477360997315,0.6370408432513509,1.9155408290138962,Medium,0.6370408432513508,Base
50:30,0.7356020942408392,0.1538461538461542,0.8793103448275863,0.5895861976381932,0.5966562278667357,1.9155408290138962,Medium,0.5966562278667356,Base
51:00,0.7356020942408392,0.1538461538461542,0.8793103448275863,0.5895861976381932,0.5966562278667357,1.9155408290138962,Medium,0.5966562278667356,Base
51:30,0.7356020942408392,0.1538461538461542,0.8620689655172415,0.5838390712014117,0.5888976071770805,1.9155408290138962,Medium,0.5888976071770806,Base
52:00,0.7068062827225141,0.1538461538461542,0.7241379310344831,0.5282634558677172,0.5210694793561742,1.9155408290138962,Medium,0.5210694793561743,Base
52:30,0.7356020942408392,0.1538461538461542,0.6206896551724141,0.5033793010864692,0.48027691752190815,1.7643713605378286,Medium,0.4802769175219083,Base
53:00,0.7068062827225141,0.1538461538461542,0.6379310344827589,0.49952782368380905,0.4822763759078983,1.7936649234705597,Medium,0.48227637590789846,Base
53:30,0.7068062827225141,0.1538461538461542,0.6551724137931036,0.5052749501205906,0.49003499659755345,1.8234448425347074,Medium,0.49003499659755356,Base
54:00,0.7068062827225141,0.7307692307692308,0.6379310344827589,0.6918355159915013,0.6841994528309752,2.3888349923964145,High,0.6841994528309752,Base
54:30,0.7068062827225141,0.7307692307692308,0.6206896551724141,0.6860883895547197,0.67644083214132,2.349821301896031,High,0.67644083214132,Base
55:00,0.7068062827225141,0.7307692307692308,0.6206896551724141,0.6860883895547197,0.67644083214132,2.349821301896031,High,0.67644083214132,Base
55:30,0.7068062827225141,0.7307692307692308,0.6206896551724141,0.6860883895547197,0.67644083214132,2.349821301896031,High,0.67644083214132,Base
56:00,0.7068062827225141,0.7307692307692308,0.6206896551724141,0.6860883895547197,0.67644083214132,2.349821301896031,High,0.67644083214132,Base
56:30,0.7068062827225141,0.7307692307692308,0.6551724137931036,0.6975826424282828,0.6919580735206303,2.4284964206823183,High,0.6919580735206301,Base
57:00,0.7068062827225141,0.7307692307692308,0.6724137931034484,0.7033297688650645,0.6997166942102855,2.4688163410359816,High,0.6997166942102853,Base
57:30,0.7068062827225141,0.7307692307692308,0.6724137931034484,0.7033297688650645,0.6997166942102855,2.4688163410359816,High,0.6997166942102853,Base
58:00,0.7068062827225141,0.5769230769230771,0.6724137931034484,0.6520477175830132,0.6458705403641316,2.240214207815426,High,0.6458705403641316,Base
58:30,0.7068062827225141,0.5769230769230771,0.6896551724137931,0.6577948440197948,0.6536291610537868,2.2774081100443966,High,0.6536291610537868,Base
59:00,0.7068062827225141,0.5769230769230771,0.6896551724137931,0.6577948440197948,0.6536291610537868,2.2774081100443966,High,0.6536291610537868,Base
59:30,0.678010471204189,0.5769230769230771,0.7068965517241379,0.6539433666171347,0.6556286194397769,2.3149254740911807,High,0.6556286194397769,Base
60:00,0.678010471204189,0.5769230769230771,0.7068965517241379,0.6539433666171347,0.6556286194397769,2.3149254740911807,High,0.6556286194397769,Base
60:30,0.678010471204189,0.5769230769230771,0.7241379310344831,0.6596904930539164,0.6633872401294322,2.3149254740911807,High,0.6633872401294321,Base
61:00,0.678010471204189,0.5769230769230771,0.7241379310344831,0.6596904930539164,0.6633872401294322,2.3149254740911807,High,0.6633872401294321,Base
61:30,0.678010471204189,0.6923076923076925,0.7413793103448278,0.7038991579522365,0.7115304762037027,2.489926005288265,High,0.7115304762037027,Base
62:00,0.678010471204189,0.6923076923076925,0.7413793103448278,0.7038991579522365,0.7115304762037027,2.489926005288265,High,0.7115304762037027,Base
62:30,0.678010471204189,0.6923076923076925,0.7068965517241379,0.6924049050786731,0.6960132348243923,2.489926005288265,High,0.6960132348243921,Base
63:00,0.678010471204189,0.6923076923076925,0.6724137931034484,0.6809106522051099,0.6804959934450819,2.40956682013521,High,0.6804959934450818,Base
63:30,0.678010471204189,0.6923076923076925,0.6896551724137931,0.6866577786418916,0.6882546141347371,2.44957245549348,High,0.688254614134737,Base
64:00,0.678010471204189,0.6923076923076925,0.7241379310344831,0.6981520315154549,0.7037718555140475,2.489926005288265,High,0.7037718555140475,Base
64:30,0.678010471204189,0.6923076923076925,0.7241379310344831,0.6981520315154549,0.7037718555140475,2.489926005288265,High,0.7037718555140475,Base
65:00,0.6492146596858639,0.5,0.7413793103448278,0.6301979900102306,0.6384636215923454,2.2051462395311017,High,0.6384636215923452,Base
65:30,0.6492146596858639,0.5,0.7413793103448278,0.6301979900102306,0.6384636215923454,2.2051462395311017,High,0.6384636215923452,Base
66:00,0.6492146596858639,0.5,0.7413793103448278,0.6301979900102306,0.6384636215923454,2.2051462395311017,High,0.6384636215923452,Base
66:30,0.6492146596858639,0.5,0.7586206896551726,0.6359451164470121,0.6462222422820004,2.2051462395311017,High,0.6462222422820003,Base
67:00,0.6492146596858639,0.5,0.7413793103448278,0.6301979900102306,0.6384636215923454,2.2051462395311017,High,0.6384636215923452,Base
67:30,0.6492146596858639,0.5,0.7068965517241379,0.6187037371366673,0.6229463802130348,2.2051462395311017,High,0.6229463802130348,Base
68:00,0.6492146596858639,0.5,0.6206896551724141,0.5899681049527593,0.5841532767647591,2.0311218700722047,Medium,0.584153276764759,Base
68:30,0.6178010471204196,0.5,0.53448275862069,0.5507612685803699,0.5390774508033944,1.870593429021267,Medium,0.5390774508033944,Base
69:00,0.6178010471204196,0.6153846153846154,0.5172413793103452,0.5834756806051268,0.5717034454983547,1.9791445550111464,Medium,0.5717034454983547,Base
69:30,0.6178010471204196,0.6153846153846154,0.5517241379310347,0.5949699334786899,0.5872206868776649,2.045408927044499,Medium,0.5872206868776648,Base
70:00,0.6178010471204196,0.6153846153846154,0.5862068965517242,0.6064641863522531,0.6027379282569753,2.113891917717838,High,0.6027379282569751,Base
70:30,0.6178010471204196,0.6153846153846154,0.603448275862069,0.6122113127890346,0.6104965489466304,2.148988512068464,High,0.6104965489466303,Base
71:00,0.6178010471204196,0.6153846153846154,0.6206896551724141,0.6179584392258164,0.6182551696362857,2.184667809311651,High,0.6182551696362857,Base
71:30,0.6178010471204196,0.6153846153846154,0.6206896551724141,0.6179584392258164,0.6182551696362857,2.184667809311651,High,0.6182551696362857,Base
72:00,0.6178010471204196,0.6153846153846154,0.603448275862069,0.6122113127890346,0.6104965489466304,2.148988512068464,High,0.6104965489466303,Base
72:30,0.6178010471204196,0.6923076923076925,0.603448275862069,0.6378523384300604,0.6374196258697074,2.2559720352943184,High,0.6374196258697074,Base
73:00,0.6178010471204196,0.6923076923076925,0.6379310344827589,0.6493465913036237,0.6529368672490179,2.331504956760352,High,0.6529368672490177,Base
73:30,0.6178010471204196,0.6923076923076925,0.6551724137931036,0.6550937177404053,0.6606954879386729,2.370214544042484,High,0.6606954879386728,Base
74:00,0.5890052356020945,0.6923076923076925,0.6551724137931036,0.6454951139009636,0.6549363256350079,2.370214544042484,High,0.6549363256350078,Base
74:30,0.5890052356020945,0.6923076923076925,0.6551724137931036,0.6454951139009636,0.6549363256350079,2.370214544042484,High,0.6549363256350078,Base
75:00,0.5890052356020945,0.6923076923076925,0.6551724137931036,0.6454951139009636,0.6549363256350079,2.370214544042484,High,0.6549363256350078,Base
75:30,0.5890052356020945,0.6923076923076925,0.6724137931034484,0.6512422403377451,0.6626949463246631,2.40956682013521,High,0.662694946324663,Base
76:00,0.5890052356020945,0.884615384615385,0.6724137931034484,0.7153448044403093,0.7300026386323555,2.6305527504513493,High,0.7300026386323553,Base
76:30,0.5890052356020945,0.884615384615385,0.6896551724137931,0.7210919308770909,0.7377612593220106,2.674227378291446,High,0.7377612593220104,Base
77:00,0.5890052356020945,0.884615384615385,0.6896551724137931,0.7210919308770909,0.7377612593220106,2.674227378291446,High,0.7377612593220104,Base
77:30,0.5890052356020945,0.884615384615385,0.7068965517241379,0.7268390573138724,0.7455198800116658,2.718281828459045,High,0.7455198800116656,Base
78:00,0.5890052356020945,0.884615384615385,0.7068965517241379,0.7268390573138724,0.7455198800116658,2.718281828459045,High,0.7455198800116656,Base
78:30,0.5890052356020945,0.884615384615385,0.7068965517241379,0.7268390573138724,0.7455198800116658,2.718281828459045,High,0.7455198800116656,Base
79:00,0.5890052356020945,0.884615384615385,0.7241379310344831,0.7325861837506542,0.7532785007013211,2.718281828459045,High,0.753278500701321,Base
79:30,0.5602094240837694,0.8076923076923075,0.7241379310344831,0.6973465542701867,0.7205962614745789,2.678155984371262,High,0.7205962614745787,Base
80:00,0.5602094240837694,0.8076923076923075,0.7413793103448278,0.7030936807069682,0.728354882164234,2.678155984371262,High,0.7283548821642338,Base
80:30,0.5602094240837694,0.8076923076923075,0.7413793103448278,0.7030936807069682,0.728354882164234,2.678155984371262,High,0.7283548821642338,Base
81:00,0.5602094240837694,0.8076923076923075,0.7586206896551726,0.7088408071437499,0.7361135028538892,2.678155984371262,High,0.736113502853889,Base
81:30,0.5602094240837694,0.8076923076923075,0.7586206896551726,0.7088408071437499,0.7361135028538892,2.678155984371262,High,0.736113502853889,Base
82:00,0.5602094240837694,0.8076923076923075,0.7586206896551726,0.7088408071437499,0.7361135028538892,2.678155984371262,High,0.736113502853889,Base
82:30,0.5602094240837694,0.8076923076923075,0.7758620689655173,0.7145879335805314,0.7438721235435444,2.678155984371262,High,0.7438721235435442,Base
83:00,0.5602094240837694,0.5384615384615388,0.7413793103448278,0.6133500909633787,0.634124112933465,2.259369204885939,High,0.6341241129334649,Base
83:30,0.5602094240837694,0.5384615384615388,0.6206896551724141,0.5731202059059074,0.5798137681058788,2.0810657009248,High,0.5798137681058788,Base
84:00,0.5602094240837694,0.5384615384615388,0.5172413793103452,0.5386374472852178,0.5332620439679479,1.8852888448534926,Medium,0.5332620439679479,Base
84:30,0.5602094240837694,0.5384615384615388,0.53448275862069,0.5443845737219993,0.541020664657603,1.916589980577129,Medium,0.541020664657603,Base
85:00,0.5602094240837694,0.5384615384615388,0.5862068965517242,0.5616259530323441,0.5642965267265684,2.013646169305179,Medium,0.5642965267265683,Base
85:30,0.5602094240837694,0.5384615384615388,0.603448275862069,0.5673730794691257,0.5720551474162235,2.047078400242555,Medium,0.5720551474162234,Base
86:00,0.5287958115183251,0.5384615384615388,0.603448275862069,0.5569018752806443,0.5657724249031346,2.047078400242555,Medium,0.5657724249031346,Base
86:30,0.5287958115183251,0.5384615384615388,0.5862068965517242,0.5511547488438627,0.5580138042134795,2.013646169305179,Medium,0.5580138042134795,Base
87:00,0.5287958115183251,0.5,0.603448275862069,0.5440813624601314,0.5523108864415961,1.9979502360917154,Medium,0.552310886441596,Base
87:30,0.5287958115183251,0.5,0.6206896551724141,0.549828488896913,0.5600695071312514,2.0311218700722047,Medium,0.5600695071312514,Base
88:00,0.5287958115183251,0.5,0.6379310344827589,0.5555756153336947,0.5678281278209065,2.0648442471498227,High,0.5678281278209065,Base
88:30,0.5287958115183251,0.5,0.6551724137931036,0.5613227417704763,0.5755867485105617,2.099126511220201,High,0.5755867485105617,Base
89:00,0.5287958115183251,0.5,0.6551724137931036,0.5613227417704763,0.5755867485105617,2.099126511220201,High,0.5755867485105617,Base
89:30,0.5287958115183251,0.5,0.6724137931034484,0.5670698682072578,0.5833453692002168,2.133977957993543,High,0.5833453692002166,Base
90:00,0.5287958115183251,0.5,0.6896551724137931,0.5728169946440395,0.5911039898898719,2.1694080375151743,High,0.5911039898898718,Base
90:30,0.5287958115183251,0.6923076923076925,0.6896551724137931,0.6369195587466036,0.6584116821975643,2.44957245549348,High,0.6584116821975641,Base
91:00,0.5287958115183251,0.6923076923076925,0.6206896551724141,0.6139310529994773,0.6273771994389438,2.293427562100326,High,0.6273771994389437,Base
91:30,0.5287958115183251,0.6923076923076925,0.5172413793103452,0.5794482943787876,0.5808254753010127,2.077672702685866,High,0.5808254753010127,Base
92:00,0.5,0.6923076923076925,0.3793103448275863,0.5238726790450929,0.5129973474801062,1.8212376049822327,Medium,0.5129973474801064,Base
92:30,0.5287958115183251,0.6923076923076925,0.2586206896551726,0.4932413978270634,0.46444616495618507,1.6229584440748448,Medium,0.46444616495618524,Base
93:00,0.5287958115183251,0.6923076923076925,0.27586206896551735,0.498988524263845,0.47220478564584023,1.649904151980816,Medium,0.47220478564584034,Base
93:30,0.5,0.6923076923076925,0.36206896551724155,0.5181255526083114,0.505238726790451,1.7914937338171684,Medium,0.5052387267904512,Base
94:00,0.5,0.6923076923076925,0.39655172413793105,0.5296198054818745,0.5207559681697613,1.851475308671064,Medium,0.5207559681697613,Base
94:30,0.5,0.0,0.41379310344827624,0.3045977011494254,0.2862068965517243,1.448018839886011,Medium,0.28620689655172454,Base
95:00,0.5,0.0,0.431034482758621,0.310344827586207,0.2939655172413794,1.4720600547700764,Medium,0.2939655172413797,Base
95:30,0.5,0.0,0.44827586206896575,0.31609195402298856,0.3017241379310346,1.496500421928395,Medium,0.30172413793103486,Base
96:00,0.5,0.0,0.431034482758621,0.310344827586207,0.2939655172413794,1.4720600547700764,Medium,0.2939655172413797,Base
96:30,0.5,0.0,0.39655172413793105,0.2988505747126437,0.278448275862069,1.4243702584486775,Medium,0.27844827586206927,Base
97:00,0.5,0.0,0.41379310344827624,0.3045977011494254,0.2862068965517243,1.448018839886011,Medium,0.28620689655172454,Base
97:30,0.5,0.0,0.4655172413793105,0.32183908045977017,0.30948275862068975,1.5213465684194913,Medium,0.30948275862068997,Base
98:00,0.5,0.0,0.48275862068965525,0.32758620689655177,0.3172413793103449,1.5466052313298357,Medium,0.3172413793103451,Base
98:30,0.4712041884816749,0.3846153846153846,0.48275862068965525,0.44619273126223824,0.44609760162206447,1.641036601176627,Medium,0.4460976016220645,Base
99:00,0.4712041884816749,0.3846153846153846,0.5,0.45193985769901984,0.4538562223117195,1.6682824577047157,Medium,0.4538562223117197,Base
99:30,0.4712041884816749,0.3846153846153846,0.5,0.45193985769901984,0.4538562223117195,1.6682824577047157,Medium,0.4538562223117197,Base
100:00,0.4712041884816749,0.3846153846153846,0.48275862068965525,0.44619273126223824,0.44609760162206447,1.641036601176627,Medium,0.4460976016220645,Base
100:30,0.4712041884816749,0.3846153846153846,0.48275862068965525,0.44619273126223824,0.44609760162206447,1.641036601176627,Medium,0.4460976016220645,Base
101:00,0.4712041884816749,0.3846153846153846,0.48275862068965525,0.44619273126223824,0.44609760162206447,1.641036601176627,Medium,0.4460976016220645,Base
101:30,0.4712041884816749,0.3846153846153846,0.48275862068965525,0.44619273126223824,0.44609760162206447,1.641036601176627,Medium,0.4460976016220645,Base
102:00,0.4712041884816749,0.6153846153846154,0.5,0.5288629346220968,0.5346254530809503,1.9300494541741342,Medium,0.5346254530809504,Base
102:30,0.4712041884816749,0.6153846153846154,0.5172413793103452,0.5346100610588785,0.5423840737706057,1.9620937428163507,Medium,0.5423840737706056,Base
103:00,0.4712041884816749,0.6153846153846154,0.5172413793103452,0.5346100610588785,0.5423840737706057,1.9620937428163507,Medium,0.5423840737706056,Base
103:30,0.4712041884816749,0.6153846153846154,0.53448275862069,0.5403571874956601,0.5501426944602609,1.9946700574293854,Medium,0.5501426944602608,Base
104:00,0.4424083769633498,0.6153846153846154,0.53448275862069,0.5307585836562184,0.5443835321565959,1.9594701140213295,Medium,0.5443835321565957,Base
104:30,0.4424083769633498,0.6153846153846154,0.5517241379310347,0.536505710093,0.552142152846251,1.9920028689637994,Medium,0.5521421528462509,Base
105:00,0.4712041884816749,0.6153846153846154,0.5517241379310347,0.5461043139324416,0.557901315149916,2.0277872311515495,Medium,0.5579013151499159,Base
105:30,0.4424083769633498,0.6153846153846154,0.5517241379310347,0.536505710093,0.552142152846251,1.9920028689637994,Medium,0.5521421528462509,Base
106:00,0.4424083769633498,0.6538461538461542,0.5172413793103452,0.5378319700399498,0.5500864499284792,1.9748637466993981,Medium,0.5500864499284792,Base
106:30,0.4424083769633498,0.6538461538461542,0.48275862068965525,0.5263377171663864,0.5345692085491688,1.9108848013177713,Medium,0.5345692085491687,Base
107:00,0.4424083769633498,0.6538461538461542,0.5,0.532084843603168,0.5423278292388239,1.9426109024303728,Medium,0.5423278292388238,Base
107:30,0.4424083769633498,0.6538461538461542,0.53448275862069,0.5435790964767313,0.5578450706181344,2.0076520795534707,Medium,0.5578450706181344,Base
108:00,0.4424083769633498,0.6538461538461542,0.5517241379310347,0.5493262229135129,0.5656036913077895,2.0409847916201076,Medium,0.5656036913077895,Base
108:30,0.4424083769633498,0.6538461538461542,0.5517241379310347,0.5493262229135129,0.5656036913077895,2.0409847916201076,Medium,0.5656036913077895,Base
109:00,0.4424083769633498,0.6538461538461542,0.5517241379310347,0.5493262229135129,0.5656036913077895,2.0409847916201076,Medium,0.5656036913077895,Base
109:30,0.4424083769633498,0.7307692307692308,0.5517241379310347,0.5749672485545384,0.5925267682308664,2.1425915441139742,High,0.5925267682308661,Base
110:00,0.4424083769633498,0.7307692307692308,0.5517241379310347,0.5749672485545384,0.5925267682308664,2.1425915441139742,High,0.5925267682308661,Base
110:30,0.4424083769633498,0.7307692307692308,0.5689655172413794,0.5807143749913201,0.6002853889205215,2.1781646335669267,High,0.6002853889205213,Base
111:00,0.4424083769633498,0.7307692307692308,0.5862068965517242,0.5864615014281016,0.6080440096101766,2.214328337081017,High,0.6080440096101765,Base
111:30,0.4109947643979055,0.7307692307692308,0.53448275862069,0.5587489179292754,0.5784854250281224,2.067058172049095,High,0.5784854250281222,Base
112:00,0.4109947643979055,0.7307692307692308,0.44827586206896575,0.5300132857453673,0.5396923215798465,1.903689527946589,Medium,0.5396923215798464,Base
112:30,0.4424083769633498,0.7307692307692308,0.44827586206896575,0.5404844899338488,0.5459750440929353,1.9410266265983018,Medium,0.5459750440929354,Base
113:00,0.4109947643979055,0.884615384615385,0.48275862068965525,0.592789589900982,0.6090557168053107,2.0963171335336503,High,0.6090557168053106,Base
113:30,0.4109947643979055,0.884615384615385,0.5172413793103452,0.6042838427745453,0.6245729581846212,2.166504598155498,High,0.6245729581846211,Base
114:00,0.4109947643979055,0.884615384615385,0.5172413793103452,0.6042838427745453,0.6245729581846212,2.166504598155498,High,0.6245729581846211,Base
114:30,0.4109947643979055,0.884615384615385,0.5172413793103452,0.6042838427745453,0.6245729581846212,2.166504598155498,High,0.6245729581846211,Base
115:00,0.4109947643979055,0.884615384615385,0.53448275862069,0.6100309692113268,0.6323315788742764,2.2024747120496464,High,0.6323315788742763,Base
115:30,0.4109947643979055,0.884615384615385,0.53448275862069,0.6100309692113268,0.6323315788742764,2.2024747120496464,High,0.6323315788742763,Base
116:00,0.4109947643979055,0.884615384615385,0.53448275862069,0.6100309692113268,0.6323315788742764,2.2024747120496464,High,0.6323315788742763,Base
116:30,0.4109947643979055,0.7307692307692308,0.53448275862069,0.5587489179292754,0.5784854250281224,2.067058172049095,High,0.5784854250281222,Base
117:00,0.4109947643979055,0.7307692307692308,0.53448275862069,0.5587489179292754,0.5784854250281224,2.067058172049095,High,0.5784854250281222,Base
117:30,0.4109947643979055,0.7307692307692308,0.5517241379310347,0.564496044366057,0.5862440457177776,2.1013771935447045,High,0.5862440457177773,Base
118:00,0.4109947643979055,0.7307692307692308,0.5517241379310347,0.564496044366057,0.5862440457177776,2.1013771935447045,High,0.5862440457177773,Base
118:30,0.3821989528795804,0.7307692307692308,0.5689655172413794,0.5606445669633969,0.5882435041037677,2.098567320808313,High,0.5882435041037675,Base
119:00,0.4109947643979055,0.7307692307692308,0.5862068965517242,0.5759902972396201,0.6017612870970878,2.171734075654645,High,0.6017612870970876,Base
119:30,0.4109947643979055,0.7307692307692308,0.5862068965517242,0.5759902972396201,0.6017612870970878,2.171734075654645,High,0.6017612870970876,Base
120:00,0.3821989528795804,0.5384615384615388,0.603448275862069,0.508036255734396,0.5364530531753857,1.9207749882690108,Medium,0.5364530531753855,Base
120:30,0.3821989528795804,0.5384615384615388,0.5862068965517242,0.5022891292976145,0.5286944324857306,1.889405504335744,Medium,0.5286944324857303,Base
121:00,0.3821989528795804,0.5384615384615388,0.5689655172413794,0.4965420028608329,0.5209358117960754,1.8585483367998947,Medium,0.5209358117960754,Base
121:30,0.4109947643979055,0.5384615384615388,0.5517241379310347,0.500393480263493,0.5189363534100853,1.861036836572601,Medium,0.5189363534100853,Base
122:00,0.3821989528795804,0.5384615384615388,0.53448275862069,0.4850477499872697,0.5054185704167652,1.7983376196160061,Medium,0.5054185704167651,Base
122:30,0.3821989528795804,0.5384615384615388,0.5517241379310347,0.4907948764240513,0.5131771911064202,1.8281951186736085,Medium,0.5131771911064202,Base
123:00,0.3821989528795804,0.5384615384615388,0.5689655172413794,0.4965420028608329,0.5209358117960754,1.8585483367998947,Medium,0.5209358117960754,Base
123:30,0.3821989528795804,0.5384615384615388,0.5172413793103452,0.47930062355048814,0.49765994972711003,1.7689677437015074,Medium,0.4976599497271099,Base
124:00,0.3821989528795804,0.5384615384615388,0.41379310344827624,0.44481786492979847,0.45110822558917896,1.6025515929766485,Medium,0.45110822558917896,Base
124:30,0.3821989528795804,0.5384615384615388,0.3793103448275863,0.43332361205623515,0.4355909842098685,1.5506343095642359,Medium,0.4355909842098685,Base
125:00,0.3821989528795804,0.5384615384615388,0.39655172413793105,0.43907073849301675,0.4433496048995237,1.5763792319478238,Medium,0.44334960489952363,Base
125:30,0.3821989528795804,0.5384615384615388,0.431034482758621,0.45056499136658007,0.4588668462788341,1.6291584893431255,Medium,0.45886684627883406,Base
126:00,0.3821989528795804,0.5384615384615388,0.4655172413793105,0.4620592442401432,0.47438408765814444,1.6837048659409277,Medium,0.4743840876581444,Base
126:30,0.3821989528795804,0.5384615384615388,0.4655172413793105,0.4620592442401432,0.47438408765814444,1.6837048659409277,Medium,0.4743840876581444,Base
127:00,0.3534031413612553,0.5384615384615388,0.44827586206896575,0.44671351396391995,0.46086630466482426,1.6269800474924527,Medium,0.4608663046648242,Base
127:30,0.3534031413612553,0.5384615384615388,0.431034482758621,0.44096638752713835,0.4531076839751691,1.6004087287428501,Medium,0.45310768397516904,Base
128:00,0.3534031413612553,0.5384615384615388,0.431034482758621,0.44096638752713835,0.4531076839751691,1.6004087287428501,Medium,0.45310768397516904,Base
128:30,0.3534031413612553,0.5384615384615388,0.431034482758621,0.44096638752713835,0.4531076839751691,1.6004087287428501,Medium,0.45310768397516904,Base
129:00,0.3534031413612553,0.5384615384615388,0.431034482758621,0.44096638752713835,0.4531076839751691,1.6004087287428501,Medium,0.45310768397516904,Base
129:30,0.3534031413612553,0.5384615384615388,0.4655172413793105,0.4524606404007015,0.4686249253544794,1.653992525408094,Medium,0.46862492535447936,Base
130:00,0.3534031413612553,0.5384615384615388,0.48275862068965525,0.4582077668374831,0.4763835460441345,1.6814534869817048,Medium,0.4763835460441344,Base
130:30,0.3534031413612553,0.5384615384615388,0.48275862068965525,0.4582077668374831,0.4763835460441345,1.6814534869817048,Medium,0.4763835460441344,Base
131:00,0.3534031413612553,0.5384615384615388,0.48275862068965525,0.4582077668374831,0.4763835460441345,1.6814534869817048,Medium,0.4763835460441344,Base
131:30,0.3534031413612553,0.4615384615384617,0.48275862068965525,0.4325667411964574,0.4494604691210575,1.6017149905095036,Medium,0.44946046912105747,Base
132:00,0.3534031413612553,0.4615384615384617,0.5,0.438313867633239,0.4572190898107127,1.6283079969049863,Medium,0.45721908981071263,Base
132:30,0.3534031413612553,0.4615384615384617,0.5,0.438313867633239,0.4572190898107127,1.6283079969049863,Medium,0.45721908981071263,Base
133:00,0.3534031413612553,0.4615384615384617,0.48275862068965525,0.4325667411964574,0.4494604691210575,1.6017149905095036,Medium,0.44946046912105747,Base
133:30,0.3534031413612553,0.4615384615384617,0.4655172413793105,0.42681961475967584,0.44170184843140237,1.5755562926051017,Medium,0.44170184843140237,Base
134:00,0.3534031413612553,0.4615384615384617,0.48275862068965525,0.4325667411964574,0.4494604691210575,1.6017149905095036,Medium,0.44946046912105747,Base
134:30,0.3534031413612553,0.4615384615384617,0.5,0.438313867633239,0.4572190898107127,1.6283079969049863,Medium,0.45721908981071263,Base
135:00,0.3534031413612553,0.6153846153846154,0.5172413793103452,0.49534304535207196,0.5188238643465218,1.824261561866797,Medium,0.5188238643465217,Base
135:30,0.3534031413612553,0.6153846153846154,0.48275862068965525,0.48384879247850865,0.5033066229672113,1.765161620909583,Medium,0.5033066229672112,Base
136:00,0.32460732984293017,0.6153846153846154,0.3448275862068968,0.4282731771448141,0.435478495146305,1.5199927867411356,Medium,0.43547849514630504,Base
136:30,0.32460732984293017,0.6153846153846154,0.27586206896551735,0.40528467139768765,0.40444401238768424,1.4231027718686236,Medium,0.4044440123876843,Base
137:00,0.32460732984293017,0.6153846153846154,0.27586206896551735,0.40528467139768765,0.40444401238768424,1.4231027718686236,Medium,0.4044440123876843,Base
137:30,0.32460732984293017,0.6153846153846154,0.24137931034482785,0.3937904185241245,0.388926771008374,1.3769990269059682,Medium,0.3889267710083741,Base
138:00,0.32460732984293017,0.6153846153846154,0.27586206896551735,0.40528467139768765,0.40444401238768424,1.4231027718686236,Medium,0.4044440123876843,Base
138:30,0.32460732984293017,0.6538461538461542,0.3103448275862073,0.4295994370917639,0.4334227922285333,1.5069148225379434,Medium,0.43342279222853336,Base
139:00,0.32460732984293017,0.6538461538461542,0.3103448275862073,0.4295994370917639,0.4334227922285333,1.5069148225379434,Medium,0.43342279222853336,Base
139:30,0.32460732984293017,0.6538461538461542,0.27586206896551735,0.4181051842182006,0.4179055508492228,1.458095848931764,Medium,0.4179055508492229,Base
140:00,0.32460732984293017,0.6538461538461542,0.3103448275862073,0.4295994370917639,0.4334227922285333,1.5069148225379434,Medium,0.43342279222853336,Base
140:30,0.32460732984293017,0.6538461538461542,0.3448275862068968,0.44109368996532705,0.44894003360784357,1.5573683198180681,Medium,0.44894003360784357,Base
141:00,0.32460732984293017,0.6538461538461542,0.36206896551724155,0.44684081640210865,0.4566986542974987,1.5832250458488768,Medium,0.45669865429749873,Base
141:30,0.32460732984293017,0.6538461538461542,0.36206896551724155,0.44684081640210865,0.4566986542974987,1.5832250458488768,Medium,0.45669865429749873,Base
142:00,0.32460732984293017,0.884615384615385,0.36206896551724155,0.5237638933251856,0.5374678850667295,1.7709263559489299,Medium,0.5374678850667294,Base
142:30,0.32460732984293017,0.884615384615385,0.3793103448275863,0.5295110197619671,0.5452265057563846,1.8003287503753551,Medium,0.5452265057563845,Base
143:00,0.32460732984293017,0.884615384615385,0.39655172413793105,0.5352581461987488,0.5529851264460398,1.8302193078443052,Medium,0.5529851264460397,Base
143:30,0.32460732984293017,0.884615384615385,0.39655172413793105,0.5352581461987488,0.5529851264460398,1.8302193078443052,Medium,0.5529851264460397,Base
144:00,0.32460732984293017,0.884615384615385,0.41379310344827624,0.5410052726355304,0.5607437471356951,1.8606061332452202,Medium,0.5607437471356951,Base
144:30,0.32460732984293017,0.884615384615385,0.41379310344827624,0.5410052726355304,0.5607437471356951,1.8606061332452202,Medium,0.5607437471356951,Base
145:00,0.2931937172774859,0.884615384615385,0.39655172413793105,0.5247869420102673,0.5467024039329509,1.7950136708299325,Medium,0.5467024039329507,Base
145:30,0.32460732984293017,0.6153846153846154,0.39655172413793105,0.44551455645515886,0.45875435721527047,1.5969652786513766,Medium,0.4587543572152704,Base
146:00,0.2931937172774859,0.6153846153846154,0.41379310344827624,0.44079047870345917,0.4602302553918369,1.5922505855790476,Medium,0.4602302553918368,Base
146:30,0.32460732984293017,0.6153846153846154,0.431034482758621,0.4570088093287222,0.4742715985945809,1.6504337840624466,Medium,0.47427159859458085,Base
147:00,0.2931937172774859,0.6153846153846154,0.431034482758621,0.44653760514024077,0.46798887608149203,1.618686456040649,Medium,0.467988876081492,Base
147:30,0.2931937172774859,0.6153846153846154,0.41379310344827624,0.44079047870345917,0.4602302553918369,1.5922505855790476,Medium,0.4602302553918368,Base
148:00,0.32460732984293017,0.6153846153846154,0.41379310344827624,0.45126168289194063,0.46651297790492574,1.6234794263743941,Medium,0.4665129779049257,Base
148:30,0.2931937172774859,0.6153846153846154,0.431034482758621,0.44653760514024077,0.46798887608149203,1.618686456040649,Medium,0.467988876081492,Base
149:00,0.2931937172774859,0.6153846153846154,0.44827586206896575,0.45228473157702237,0.4757474967711472,1.6455612368429922,Medium,0.47574749677114714,Base
149:30,0.2931937172774859,0.5,0.44827586206896575,0.4138231931154839,0.43536288138653173,1.5299055547250349,Medium,0.4353628813865318,Base
150:00,0.2931937172774859,0.5,0.4655172413793105,0.4195703195522655,0.4431215020761869,1.5553063210550955,Medium,0.4431215020761869,Base
150:30,0.2931937172774859,0.5,0.4655172413793105,0.4195703195522655,0.4431215020761869,1.5553063210550955,Medium,0.4431215020761869,Base
151:00,0.2931937172774859,0.5,0.4655172413793105,0.4195703195522655,0.4431215020761869,1.5553063210550955,Medium,0.4431215020761869,Base
151:30,0.2931937172774859,0.5,0.4655172413793105,0.4195703195522655,0.4431215020761869,1.5553063210550955,Medium,0.4431215020761869,Base
152:00,0.2931937172774859,0.5,0.44827586206896575,0.4138231931154839,0.43536288138653173,1.5299055547250349,Medium,0.4353628813865318,Base
152:30,0.2931937172774859,0.5,0.41379310344827624,0.40232894024192073,0.4198456400072215,1.480341758696884,Medium,0.41984564000722147,Base
153:00,0.2643979057591608,0.5384615384615388,0.41379310344827624,0.40555084922299195,0.427548016165095,1.489976349335587,Medium,0.427548016165095,Base
153:30,0.2931937172774859,0.5384615384615388,0.431034482758621,0.4208965794992152,0.4410657991584152,1.5419245204510503,Medium,0.44106579915841515,Base
154:00,0.2931937172774859,0.5384615384615388,0.44827586206896575,0.4266437059359968,0.44882441984807037,1.5675248356611007,Medium,0.4488244198480703,Base
154:30,0.2643979057591608,0.5384615384615388,0.4655172413793105,0.4227922285333367,0.4508238782340605,1.5654288077262437,Medium,0.45082387823406045,Base
155:00,0.2931937172774859,0.5384615384615388,0.48275862068965525,0.43813795880955997,0.46434166122738063,1.6200076361815419,Medium,0.4643416612273805,Base
155:30,0.2931937172774859,0.5384615384615388,0.48275862068965525,0.43813795880955997,0.46434166122738063,1.6200076361815419,Medium,0.4643416612273805,Base
156:00,0.2931937172774859,0.5384615384615388,0.5,0.44388508524634157,0.47210028191703574,1.6469043523170401,Medium,0.4721002819170357,Base
156:30,0.2643979057591608,0.5384615384615388,0.5,0.43428648140689985,0.4663411196133707,1.6178414304648163,Medium,0.46634111961337066,Base
157:00,0.2931937172774859,0.7307692307692308,0.5,0.5079876493489056,0.539407974224728,1.8595909430154542,Medium,0.5394079742247277,Base
157:30,0.2643979057591608,0.7307692307692308,0.5,0.4983890455094639,0.533648811921063,1.8267747408007207,Medium,0.5336488119210627,Base
158:00,0.2643979057591608,0.7307692307692308,0.5172413793103452,0.5041361719462456,0.5414074326107182,1.8571043766304807,Medium,0.5414074326107181,Base
158:30,0.2643979057591608,0.7307692307692308,0.5172413793103452,0.5041361719462456,0.5414074326107182,1.8571043766304807,Medium,0.5414074326107181,Base
159:00,0.2643979057591608,0.7307692307692308,0.5172413793103452,0.5041361719462456,0.5414074326107182,1.8571043766304807,Medium,0.5414074326107181,Base
159:30,0.2643979057591608,0.7307692307692308,0.53448275862069,0.5098832983830272,0.5491660533003734,1.8879375703368737,Medium,0.5491660533003733,Base
160:00,0.2643979057591608,0.7307692307692308,0.53448275862069,0.5098832983830272,0.5491660533003734,1.8879375703368737,Medium,0.5491660533003733,Base
160:30,0.2643979057591608,0.5384615384615388,0.53448275862069,0.44578073428046316,0.48185836099268126,1.6720088969936522,Medium,0.4818583609926811,Base
161:00,0.2643979057591608,0.5384615384615388,0.53448275862069,0.44578073428046316,0.48185836099268126,1.6720088969936522,Medium,0.4818583609926811,Base
161:30,0.2643979057591608,0.5384615384615388,0.5517241379310347,0.45152786071724477,0.48961698168233636,1.6997689813747767,Medium,0.48961698168233625,Base
162:00,0.2643979057591608,0.5384615384615388,0.5517241379310347,0.45152786071724477,0.48961698168233636,1.6997689813747767,Medium,0.48961698168233625,Base
162:30,0.2643979057591608,0.5384615384615388,0.53448275862069,0.44578073428046316,0.48185836099268126,1.6720088969936522,Medium,0.4818583609926811,Base
163:00,0.2643979057591608,0.5384615384615388,0.5,0.43428648140689985,0.4663411196133707,1.6178414304648163,Medium,0.46634111961337066,Base
163:30,0.2643979057591608,0.5384615384615388,0.5,0.43428648140689985,0.4663411196133707,1.6178414304648163,Medium,0.46634111961337066,Base
164:00,0.2643979057591608,0.5384615384615388,0.5172413793103452,0.44003360784368156,0.4740997403030261,1.6447021814486997,Medium,0.474099740303026,Base
164:30,0.2643979057591608,0.5,0.53448275862069,0.4329602214599502,0.4683968225311426,1.6318820862454972,Medium,0.46839682253114256,Base
165:00,0.2643979057591608,0.5,0.53448275862069,0.4329602214599502,0.4683968225311426,1.6318820862454972,Medium,0.46839682253114256,Base
165:30,0.2643979057591608,0.5,0.44827586206896575,0.40422458927604216,0.4296037190828667,1.5029073107069773,Medium,0.42960371908286676,Base
166:00,0.2643979057591608,0.5,0.36206896551724155,0.3754889570921341,0.39081061563459085,1.3841259755312245,Medium,0.3908106156345909,Base
166:30,0.23560209424083567,0.5,0.3793103448275863,0.37163747968947397,0.39281007402058093,1.382275180797978,Medium,0.39281007402058093,Base
167:00,0.23560209424083567,0.5,0.24137931034482785,0.32566046819522115,0.33074110850333965,1.2116689680951733,Low,0.33074110850333976,Base
167:30,0.2643979057591608,0.8461538461538467,0.10344827586206895,0.4046666759250255,0.3955851514436095,1.512068045843965,Medium,0.3955851514436097,Base
168:00,0.23560209424083567,0.8461538461538467,0.15517241379310365,0.41230945139592867,0.41310185120891013,1.485384580353221,Medium,0.41310185120891013,Base
168:30,0.23560209424083567,0.8461538461538467,0.2241379310344831,0.43529795714305514,0.4441363339675309,1.485384580353221,Medium,0.4441363339675309,Base
169:00,0.23560209424083567,0.8461538461538467,0.2586206896551726,0.44679221001661834,0.45965357534684115,1.518421648062806,Medium,0.4596535753468411,Base
169:30,0.23560209424083567,0.8461538461538467,0.2931034482758621,0.4582864628901815,0.4751708167261514,1.5692604090497033,Medium,0.4751708167261514,Base
170:00,0.23560209424083567,0.8461538461538467,0.3103448275862073,0.4640335893269632,0.4829294374158068,1.595314577451263,Medium,0.4829294374158067,Base
170:30,0.23560209424083567,0.8461538461538467,0.3103448275862073,0.4640335893269632,0.4829294374158068,1.595314577451263,Medium,0.4829294374158067,Base
171:00,0.23560209424083567,0.8461538461538467,0.2931034482758621,0.4582864628901815,0.4751708167261514,1.5692604090497033,Medium,0.4751708167261514,Base
171:30,0.23560209424083567,0.6153846153846154,0.2586206896551726,0.36986913309354125,0.3788843445776102,1.3249049662605692,Medium,0.3788843445776103,Base
172:00,0.23560209424083567,0.6153846153846154,0.27586206896551735,0.3756162595303228,0.3866429652672653,1.3469021420689609,Medium,0.3866429652672653,Base
172:30,0.23560209424083567,0.6153846153846154,0.3103448275862073,0.3871105124038861,0.40216020664657587,1.391998203601503,Medium,0.40216020664657587,Base
173:00,0.23560209424083567,0.6153846153846154,0.32758620689655205,0.3928576388406677,0.409918827336231,1.4151093172204747,Medium,0.4099188273362309,Base
173:30,0.23560209424083567,0.6153846153846154,0.32758620689655205,0.3928576388406677,0.409918827336231,1.4151093172204747,Medium,0.4099188273362309,Base
174:00,0.23560209424083567,0.6153846153846154,0.32758620689655205,0.3928576388406677,0.409918827336231,1.4151093172204747,Medium,0.4099188273362309,Base
174:30,0.23560209424083567,0.6153846153846154,0.3448275862068968,0.3986047652774493,0.4176774480258861,1.438604140797783,Medium,0.4176774480258861,Base
175:00,0.23560209424083567,0.5384615384615388,0.36206896551724155,0.3787108660732053,0.3985129917924644,1.3931343596346208,Medium,0.3985129917924644,Base
175:30,0.23560209424083567,0.5384615384615388,0.36206896551724155,0.3787108660732053,0.3985129917924644,1.3931343596346208,Medium,0.3985129917924644,Base
176:00,0.23560209424083567,0.5384615384615388,0.3793103448275863,0.3844579925099869,0.40627161248211957,1.4162643366623973,Medium,0.40627161248211957,Base
176:30,0.23560209424083567,0.5384615384615388,0.3793103448275863,0.3844579925099869,0.40627161248211957,1.4162643366623973,Medium,0.40627161248211957,Base
177:00,0.20680628272251056,0.5384615384615388,0.39655172413793105,0.3806065151073268,0.4082710708681097,1.414370567871465,Medium,0.4082710708681096,Base
177:30,0.23560209424083567,0.5384615384615388,0.39655172413793105,0.3902051189467685,0.41403023317177473,1.4397783368345356,Medium,0.4140302331717746,Base
178:00,0.20680628272251056,0.5384615384615388,0.39655172413793105,0.3806065151073268,0.4082710708681097,1.414370567871465,Medium,0.4082710708681096,Base
178:30,0.23560209424083567,0.6538461538461542,0.39655172413793105,0.42866665740830695,0.4544148485563901,1.5486207063069337,Medium,0.45441484855638997,Base
179:00,0.23560209424083567,0.6538461538461542,0.41379310344827624,0.4344137838450887,0.4621734692460454,1.5743321971720456,Medium,0.46217346924604535,Base
179:30,0.20680628272251056,0.6538461538461542,0.41379310344827624,0.424815180005647,0.4564143069423804,1.5465499561745777,Medium,0.4564143069423803,Base
180:00,0.20680628272251056,0.6538461538461542,0.39655172413793105,0.4190680535688653,0.44865568625272506,1.5212921960004226,Medium,0.44865568625272495,Base
180:30,0.20680628272251056,0.6538461538461542,0.39655172413793105,0.4190680535688653,0.44865568625272506,1.5212921960004226,Medium,0.44865568625272495,Base
181:00,0.20680628272251056,0.6538461538461542,0.41379310344827624,0.424815180005647,0.4564143069423804,1.5465499561745777,Medium,0.4564143069423803,Base
181:30,0.20680628272251056,0.6538461538461542,0.41379310344827624,0.424815180005647,0.4564143069423804,1.5465499561745777,Medium,0.4564143069423803,Base
182:00,0.20680628272251056,0.7692307692307692,0.41379310344827624,0.4632767184671853,0.4967989223269956,1.6634638987107329,Medium,0.49679892232699546,Base
182:30,0.20680628272251056,0.7692307692307692,0.431034482758621,0.4690238449039669,0.5045575430166507,1.6910821119129438,Medium,0.5045575430166507,Base
183:00,0.20680628272251056,0.7692307692307692,0.431034482758621,0.4690238449039669,0.5045575430166507,1.6910821119129438,Medium,0.5045575430166507,Base
183:30,0.20680628272251056,0.7692307692307692,0.44827586206896575,0.47477097134074847,0.5123161637063058,1.7191588656948897,Medium,0.5123161637063058,Base
184:00,0.20680628272251056,0.7692307692307692,0.44827586206896575,0.47477097134074847,0.5123161637063058,1.7191588656948897,Medium,0.5123161637063058,Base
184:30,0.20680628272251056,0.7692307692307692,0.44827586206896575,0.47477097134074847,0.5123161637063058,1.7191588656948897,Medium,0.5123161637063058,Base
185:00,0.20680628272251056,0.7692307692307692,0.4655172413793105,0.4805180977775301,0.520074784395961,1.7477017731292093,Medium,0.520074784395961,Base
185:30,0.20680628272251056,0.7692307692307692,0.48275862068965525,0.4862652242143117,0.5278334050856162,1.7767185736871145,Medium,0.5278334050856159,Base
186:00,0.20680628272251056,0.6538461538461542,0.48275862068965525,0.44780368575277335,0.487448789701001,1.6518447045349371,Medium,0.48744878970100075,Base
186:30,0.20680628272251056,0.6538461538461542,0.48275862068965525,0.44780368575277335,0.487448789701001,1.6518447045349371,Medium,0.48744878970100075,Base
187:00,0.20680628272251056,0.6538461538461542,0.5,0.4535508121895549,0.4952074103906561,1.6792700061974186,Medium,0.4952074103906559,Base
187:30,0.20680628272251056,0.6538461538461542,0.5,0.4535508121895549,0.4952074103906561,1.6792700061974186,Medium,0.4952074103906559,Base
188:00,0.20680628272251056,0.6538461538461542,0.5,0.4535508121895549,0.4952074103906561,1.6792700061974186,Medium,0.4952074103906559,Base
188:30,0.20680628272251056,0.6538461538461542,0.5172413793103452,0.45929793862633667,0.5029660310803113,1.7071506455615701,Medium,0.5029660310803112,Base
189:00,0.20680628272251056,0.6538461538461542,0.5172413793103452,0.45929793862633667,0.5029660310803113,1.7071506455615701,Medium,0.5029660310803112,Base
189:30,0.20680628272251056,0.5384615384615388,0.48275862068965525,0.40934214729123486,0.44706417431638557,1.5357473987777572,Medium,0.4470641743163854,Base
190:00,0.20680628272251056,0.5384615384615388,0.44827586206896575,0.3978478944176717,0.4315469329370753,1.4859943466441146,Medium,0.4315469329370752,Base
190:30,0.20680628272251056,0.5384615384615388,0.4655172413793105,0.40359502085445326,0.43930555362673046,1.5106660625224728,Medium,0.43930555362673035,Base
191:00,0.20680628272251056,0.5384615384615388,0.48275862068965525,0.40934214729123486,0.44706417431638557,1.5357473987777572,Medium,0.4470641743163854,Base
191:30,0.20680628272251056,0.5384615384615388,0.5,0.41508927372801646,0.45482279500604067,1.5612451562686525,Medium,0.45482279500604056,Base
192:00,0.17801047120418545,0.5384615384615388,0.5172413793103452,0.41123779632535645,0.45682225339203103,1.559157525255573,Medium,0.45682225339203086,Base
192:30,0.20680628272251056,0.5384615384615388,0.5172413793103452,0.4208364001647982,0.46258141569569605,1.587166248767364,Medium,0.4625814156956959,Base
193:00,0.17801047120418545,0.5384615384615388,0.5172413793103452,0.41123779632535645,0.45682225339203103,1.559157525255573,Medium,0.45682225339203086,Base
193:30,0.17801047120418545,0.5384615384615388,0.53448275862069,0.41698492276213805,0.4645808740816862,1.5850439571653456,Medium,0.46458087408168597,Base
194:00,0.17801047120418545,0.5384615384615388,0.53448275862069,0.41698492276213805,0.4645808740816862,1.5850439571653456,Medium,0.46458087408168597,Base
194:30,0.17801047120418545,0.5384615384615388,0.5517241379310347,0.42273204919891966,0.4723394947713413,1.6113601771793762,Medium,0.47233949477134113,Base
195:00,0.17801047120418545,0.5384615384615388,0.5517241379310347,0.42273204919891966,0.4723394947713413,1.6113601771793762,Medium,0.47233949477134113,Base
195:30,0.17801047120418545,0.5384615384615388,0.5689655172413794,0.4284791756357012,0.48009811546099646,1.6381133209977567,Medium,0.4800981154609963,Base
196:00,0.17801047120418545,0.5384615384615388,0.5689655172413794,0.4284791756357012,0.48009811546099646,1.6381133209977567,Medium,0.4800981154609963,Base
196:30,0.17801047120418545,0.5384615384615388,0.5689655172413794,0.4284791756357012,0.48009811546099646,1.6381133209977567,Medium,0.4800981154609963,Base
197:00,0.17801047120418545,0.7307692307692308,0.5689655172413794,0.49258173973826525,0.5474058077686886,1.8496646092862947,Medium,0.5474058077686883,Base
197:30,0.17801047120418545,0.7307692307692308,0.5689655172413794,0.49258173973826525,0.5474058077686886,1.8496646092862947,Medium,0.5474058077686883,Base
198:00,0.17801047120418545,0.7307692307692308,0.5689655172413794,0.49258173973826525,0.5474058077686886,1.8496646092862947,Medium,0.5474058077686883,Base
198:30,0.17801047120418545,0.7307692307692308,0.5862068965517242,0.49832886617504685,0.5551644284583437,1.8803742817784037,Medium,0.5551644284583435,Base
199:00,0.17801047120418545,0.7307692307692308,0.5862068965517242,0.49832886617504685,0.5551644284583437,1.8803742817784037,Medium,0.5551644284583435,Base
199:30,0.17801047120418545,0.7307692307692308,0.5862068965517242,0.49832886617504685,0.5551644284583437,1.8803742817784037,Medium,0.5551644284583435,Base
200:00,0.17801047120418545,0.7307692307692308,0.5172413793103452,0.4753403604279205,0.5241299456997232,1.7605122049865711,Medium,0.524129945699723,Base
200:30,0.17801047120418545,0.7307692307692308,0.3448275862068968,0.41786909606010436,0.4465437388031715,1.4932271722940416,Medium,0.4465437388031714,Base
201:00,0.17801047120418545,0.30769230769230793,0.27586206896551735,0.25385494928733693,0.2674323329676277,1.0702191620861374,Low,0.2674323329676278,Base
201:30,0.17801047120418545,0.30769230769230793,0.32758620689655205,0.2710963285976818,0.2907081950365933,1.1244151007211345,Low,0.2907081950365934,Base
202:00,0.17801047120418545,0.30769230769230793,0.3793103448275863,0.28833770790802654,0.3139840571055587,1.1813555237277273,Low,0.31398405710555877,Base
202:30,0.17801047120418545,0.30769230769230793,0.39655172413793105,0.29408483434480814,0.32174267779521387,1.2009693721239623,Low,0.32174267779521387,Base
203:00,0.17801047120418545,0.30769230769230793,0.41379310344827624,0.29983196078158986,0.3295012984848692,1.2209088659683152,Low,0.3295012984848692,Base
203:30,0.14659685863874472,0.30769230769230793,0.431034482758621,0.2951078830298912,0.33097719666143616,1.2287501090567516,Medium,0.33097719666143616,Base
204:00,0.17801047120418545,0.30769230769230793,0.431034482758621,0.30557908721837146,0.3372599191745243,1.241179411897756,Medium,0.3372599191745243,Base
204:30,0.17801047120418545,0.7692307692307692,0.431034482758621,0.4594252410645252,0.4987983807129857,1.6612395851170962,Medium,0.4987983807129856,Base
205:00,0.17801047120418545,0.7692307692307692,0.44827586206896575,0.4651723675013068,0.5065570014026408,1.6888208684123192,Medium,0.5065570014026408,Base
205:30,0.17801047120418545,0.7692307692307692,0.44827586206896575,0.4651723675013068,0.5065570014026408,1.6888208684123192,Medium,0.5065570014026408,Base
206:00,0.14659685863874472,0.7692307692307692,0.44827586206896575,0.45470116331282656,0.5002742788895527,1.6719088363430716,Medium,0.5002742788895527,Base
206:30,0.14659685863874472,0.7692307692307692,0.3793103448275863,0.43171265756570004,0.469239796130932,1.5653351253150911,Medium,0.46923979613093186,Base
207:00,0.14659685863874472,0.7692307692307692,0.3448275862068968,0.4202184046921369,0.45372255475162165,1.5146235303233588,Medium,0.45372255475162165,Base
207:30,0.14659685863874472,0.884615384615385,0.36206896551724155,0.4644270695904571,0.5018657908258923,1.60126952338341,Medium,0.5018657908258923,Base
208:00,0.14659685863874472,0.884615384615385,0.3793103448275863,0.4701741960272387,0.5096244115155475,1.6278551337626204,Medium,0.5096244115155475,Base
208:30,0.14659685863874472,0.884615384615385,0.3793103448275863,0.4701741960272387,0.5096244115155475,1.6278551337626204,Medium,0.5096244115155475,Base
209:00,0.14659685863874472,0.884615384615385,0.2241379310344831,0.4184500580962043,0.4397968253086511,1.4190675485932571,Medium,0.4397968253086511,Base
209:30,0.14659685863874472,0.884615384615385,0.0517241379310347,0.36097879372838815,0.3622106184120993,1.4190675485932571,Medium,0.36221061841209945,Base
210:00,0.14659685863874472,0.884615384615385,0.06896551724137945,0.36672592016516975,0.36996923910175444,1.4190675485932571,Medium,0.36996923910175455,Base
210:30,0.14659685863874472,0.884615384615385,0.1379310344827589,0.3897144259122962,0.4010037218603752,1.4190675485932571,Medium,0.40100372186037525,Base
211:00,0.14659685863874472,0.884615384615385,0.18965517241379315,0.40695580522264097,0.4242795839293406,1.4190675485932571,Medium,0.4242795839293406,Base
211:30,0.14659685863874472,0.5,0.2241379310344831,0.2902449298910759,0.30518144069326636,1.1511872814876474,Low,0.3051814406932664,Base
212:00,0.14659685863874472,0.5,0.2586206896551726,0.3017391827646391,0.3206986820725766,1.1767913254961537,Low,0.3206986820725767,Base
212:30,0.14659685863874472,0.5,0.2586206896551726,0.3017391827646391,0.3206986820725766,1.1767913254961537,Low,0.3206986820725767,Base
213:00,0.14659685863874472,0.5,0.27586206896551735,0.30748630920142067,0.3284573027622318,1.1963293952716714,Low,0.3284573027622318,Base
213:30,0.14659685863874472,0.5,0.24137931034482785,0.2959920563278575,0.31294006138292146,1.157572345239009,Low,0.3129400613829216,Base
214:00,0.14659685863874472,0.5,0.15517241379310365,0.26725642414394946,0.2741469579346456,1.1511872814876474,Low,0.2741469579346457,Base
214:30,0.14659685863874472,0.5,0.12068965517241415,0.2557621712703863,0.2586297165553353,1.1511872814876474,Low,0.2586297165553355,Base
215:00,0.14659685863874472,0.5384615384615388,0.1724137931034484,0.28582406340124394,0.2953671170858393,1.1794941515545994,Low,0.2953671170858394,Base
215:30,0.14659685863874472,0.5384615384615388,0.2068965517241379,0.29731831627480715,0.31088435846514956,1.1794941515545994,Low,0.31088435846514967,Base
216:00,0.14659685863874472,0.5384615384615388,0.24137931034482785,0.30881256914837046,0.32640159984446004,1.1860362194467167,Low,0.3264015998444601,Base
216:30,0.14659685863874472,0.5384615384615388,0.2586206896551726,0.314559695585152,0.3341602205341152,1.2057277806519893,Low,0.33416022053411526,Base
217:00,0.14659685863874472,0.5384615384615388,0.2586206896551726,0.314559695585152,0.3341602205341152,1.2057277806519893,Low,0.33416022053411526,Base
217:30,0.14659685863874472,0.5384615384615388,0.2586206896551726,0.314559695585152,0.3341602205341152,1.2057277806519893,Low,0.33416022053411526,Base
218:00,0.14659685863874472,0.5384615384615388,0.2586206896551726,0.314559695585152,0.3341602205341152,1.2057277806519893,Low,0.33416022053411526,Base
218:30,0.14659685863874472,0.5384615384615388,0.27586206896551735,0.3203068220219336,0.3419188412237703,1.2257462775581647,Low,0.34191884122377036,Base
219:00,0.14659685863874472,0.5384615384615388,0.2931034482758621,0.3260539484587152,0.34967746191342547,1.2460971382240653,Medium,0.34967746191342547,Base
219:30,0.14659685863874472,0.5384615384615388,0.2931034482758621,0.3260539484587152,0.34967746191342547,1.2460971382240653,Medium,0.34967746191342547,Base
220:00,0.14659685863874472,0.5384615384615388,0.2931034482758621,0.3260539484587152,0.34967746191342547,1.2460971382240653,Medium,0.34967746191342547,Base
220:30,0.11780104712041961,0.5384615384615388,0.3103448275862073,0.3222024710560552,0.35167692029941583,1.2667858808296677,Medium,0.35167692029941583,Base
221:00,0.14659685863874472,0.5384615384615388,0.3103448275862073,0.33180107489549693,0.35743608260308085,1.2667858808296677,Medium,0.35743608260308085,Base
221:30,0.11780104712041961,0.5384615384615388,0.3103448275862073,0.3222024710560552,0.35167692029941583,1.2667858808296677,Medium,0.35167692029941583,Base
222:00,0.14659685863874472,0.5384615384615388,0.3103448275862073,0.33180107489549693,0.35743608260308085,1.2667858808296677,Medium,0.35743608260308085,Base
222:30,0.14659685863874472,0.5384615384615388,0.3103448275862073,0.33180107489549693,0.35743608260308085,1.2667858808296677,Medium,0.35743608260308085,Base
223:00,0.14659685863874472,0.5384615384615388,0.32758620689655205,0.33754820133227853,0.36519470329273596,1.287818115172367,Medium,0.36519470329273596,Base
223:30,0.11780104712041961,0.5384615384615388,0.3448275862068968,0.3336967239296184,0.36719416167872604,1.3091995441880893,Medium,0.36719416167872604,Base
224:00,0.14659685863874472,0.5384615384615388,0.32758620689655205,0.33754820133227853,0.36519470329273596,1.287818115172367,Medium,0.36519470329273596,Base
224:30,0.11780104712041961,0.5384615384615388,0.2931034482758621,0.3164553446192735,0.34391829960976045,1.2460971382240653,Medium,0.34391829960976045,Base
225:00,0.11780104712041961,0.5384615384615388,0.27586206896551735,0.3107082181824919,0.3361596789201053,1.2257462775581647,Low,0.33615967892010534,Base
225:30,0.11780104712041961,0.5384615384615388,0.2931034482758621,0.3164553446192735,0.34391829960976045,1.2460971382240653,Medium,0.34391829960976045,Base
226:00,0.11780104712041961,0.5384615384615388,0.27586206896551735,0.3107082181824919,0.3361596789201053,1.2257462775581647,Low,0.33615967892010534,Base
226:30,0.11780104712041961,0.6153846153846154,0.2068965517241379,0.313360738076391,0.33204827308456136,1.238213143884689,Medium,0.3320482730845615,Base
227:00,0.11780104712041961,0.6153846153846154,0.18965517241379315,0.3076136116396094,0.32428965239490626,1.238213143884689,Medium,0.3242896523949063,Base
227:30,0.11780104712041961,0.6153846153846154,0.2241379310344831,0.3191078645131727,0.33980689377421675,1.238213143884689,Medium,0.33980689377421675,Base
228:00,0.11780104712041961,0.6153846153846154,0.2586206896551726,0.3306021173867359,0.355324135153527,1.2657527669657966,Medium,0.355324135153527,Base
228:30,0.11780104712041961,0.6153846153846154,0.2586206896551726,0.3306021173867359,0.355324135153527,1.2657527669657966,Medium,0.355324135153527,Base
229:00,0.11780104712041961,0.6153846153846154,0.2068965517241379,0.313360738076391,0.33204827308456136,1.238213143884689,Medium,0.3320482730845615,Base
229:30,0.11780104712041961,0.9230769230769234,0.1724137931034484,0.40443058776693047,0.42422333939755885,1.4190675485932571,Medium,0.42422333939755885,Base
230:00,0.11780104712041961,0.9230769230769234,0.2068965517241379,0.4159248406404936,0.4397405807768691,1.4190675485932571,Medium,0.4397405807768691,Base
230:30,0.11780104712041961,0.9230769230769234,0.24137931034482785,0.42741909351405694,0.4552578221561796,1.4269384110593082,Medium,0.45525782215617955,Base
231:00,0.11780104712041961,0.9230769230769234,0.2586206896551726,0.43316621995083854,0.46301644284583476,1.4506296311053848,Medium,0.46301644284583465,Base
231:30,0.11780104712041961,0.9230769230769234,0.27586206896551735,0.4389133463876201,0.47077506353548987,1.4747141925198912,Medium,0.47077506353548976,Base
232:00,0.11780104712041961,0.9230769230769234,0.27586206896551735,0.4389133463876201,0.47077506353548987,1.4747141925198912,Medium,0.47077506353548976,Base
232:30,0.11780104712041961,0.9230769230769234,0.27586206896551735,0.4389133463876201,0.47077506353548987,1.4747141925198912,Medium,0.47077506353548976,Base
233:00,0.11780104712041961,0.7307692307692308,0.27586206896551735,0.37481078228505593,0.4034673712277976,1.3840431431097908,Medium,0.40346737122779747,Base
233:30,0.11780104712041961,0.7307692307692308,0.2931034482758621,0.38055790872183753,0.4112259919174527,1.4070221801884377,Medium,0.4112259919174526,Base
234:00,0.11780104712041961,0.7307692307692308,0.3103448275862073,0.38630503515861925,0.418984612607108,1.4303827343806885,Medium,0.41898461260710795,Base
234:30,0.11780104712041961,0.7307692307692308,0.3103448275862073,0.38630503515861925,0.418984612607108,1.4303827343806885,Medium,0.41898461260710795,Base
235:00,0.11780104712041961,0.7307692307692308,0.27586206896551735,0.37481078228505593,0.4034673712277976,1.3840431431097908,Medium,0.40346737122779747,Base
235:30,0.11780104712041961,0.7307692307692308,0.18965517241379315,0.34607515010114787,0.36467426777952167,1.3318178669482263,Medium,0.36467426777952167,Base
236:00,0.11780104712041961,0.7307692307692308,0.1379310344827589,0.3288337707908031,0.34139840571055624,1.3318178669482263,Medium,0.3413984057105563,Base
236:30,0.11780104712041961,0.7307692307692308,0.18965517241379315,0.34607515010114787,0.36467426777952167,1.3318178669482263,Medium,0.36467426777952167,Base
237:00,0.11780104712041961,0.6538461538461542,0.2241379310344831,0.33192837733368563,0.35326843223575527,1.268659917526804,Medium,0.3532684322357553,Base
237:30,0.11780104712041961,0.6538461538461542,0.24137931034482785,0.33767550377046723,0.36102705292541043,1.2756965436105614,Medium,0.36102705292541043,Base
238:00,0.11780104712041961,0.6538461538461542,0.24137931034482785,0.33767550377046723,0.36102705292541043,1.2756965436105614,Medium,0.36102705292541043,Base
238:30,0.11780104712041961,0.6538461538461542,0.2586206896551726,0.3434226302072488,0.36878567361506553,1.2968767201987441,Medium,0.3687856736150656,Base
239:00,0.0890052356020945,0.6538461538461542,0.27586206896551735,0.33957115280458866,0.3707851320010557,1.3184085477203353,Medium,0.3707851320010556,Base
239:30,0.0890052356020945,0.6538461538461542,0.2931034482758621,0.34531827924137026,0.3785437526907108,1.3402978645770334,Medium,0.3785437526907107,Base
240:00,0.0890052356020945,0.6538461538461542,0.2931034482758621,0.34531827924137026,0.3785437526907108,1.3402978645770334,Medium,0.3785437526907107,Base
240:30,0.0890052356020945,0.42307692307692335,0.3103448275862073,0.27414232875507505,0.30553314261113534,1.1777518285777844,Low,0.3055331426111354,Base
241:00,0.0890052356020945,0.42307692307692335,0.3103448275862073,0.27414232875507505,0.30553314261113534,1.1777518285777844,Low,0.3055331426111354,Base
241:30,0.0890052356020945,0.42307692307692335,0.32758620689655205,0.27988945519185665,0.3132917633007905,1.1973058454254992,Low,0.3132917633007905,Base
242:00,0.0890052356020945,0.42307692307692335,0.32758620689655205,0.27988945519185665,0.3132917633007905,1.1973058454254992,Low,0.3132917633007905,Base
242:30,0.0890052356020945,0.42307692307692335,0.32758620689655205,0.27988945519185665,0.3132917633007905,1.1973058454254992,Low,0.3132917633007905,Base
243:00,0.0890052356020945,0.42307692307692335,0.32758620689655205,0.27988945519185665,0.3132917633007905,1.1973058454254992,Low,0.3132917633007905,Base
243:30,0.0890052356020945,0.42307692307692335,0.2931034482758621,0.26839520231829334,0.29777452192148,1.1585171616909347,Low,0.29777452192148,Base
244:00,0.0890052356020945,0.42307692307692335,0.27586206896551735,0.26264807588151173,0.2900159012318249,1.139596629243337,Low,0.2900159012318249,Base
244:30,0.0890052356020945,0.6538461538461542,0.2931034482758621,0.34531827924137026,0.3785437526907108,1.3402978645770334,Medium,0.3785437526907107,Base
245:00,0.0890052356020945,0.6538461538461542,0.3103448275862073,0.351065405678152,0.38630237338036616,1.3625506061045456,Medium,0.3863023733803661,Base
245:30,0.0890052356020945,0.6538461538461542,0.32758620689655205,0.3568125321149336,0.3940609940700213,1.3851728061819644,Medium,0.3940609940700212,Base
246:00,0.0890052356020945,0.6538461538461542,0.32758620689655205,0.3568125321149336,0.3940609940700213,1.3851728061819644,Medium,0.3940609940700212,Base
246:30,0.0890052356020945,0.6538461538461542,0.3448275862068968,0.3625596585517152,0.4018196147596764,1.4081705988678703,Medium,0.4018196147596763,Base
247:00,0.0890052356020945,0.6538461538461542,0.36206896551724155,0.3683067849884967,0.40957823544933153,1.4315502200635937,Medium,0.4095782354493315,Base
247:30,0.0890052356020945,0.6538461538461542,0.36206896551724155,0.3683067849884967,0.40957823544933153,1.4315502200635937,Medium,0.4095782354493315,Base
248:00,0.0890052356020945,0.8076923076923075,0.36206896551724155,0.4195888362705478,0.4634243892954852,1.5776324263888628,Medium,0.4634243892954851,Base
248:30,0.0890052356020945,0.8076923076923075,0.3448275862068968,0.4138417098337663,0.45566576860583,1.551867037233725,Medium,0.45566576860582997,Base
249:00,0.0890052356020945,0.8076923076923075,0.36206896551724155,0.4195888362705478,0.4634243892954852,1.5776324263888628,Medium,0.4634243892954851,Base
249:30,0.0890052356020945,0.8076923076923075,0.3793103448275863,0.42533596270732943,0.47118300998514034,1.6038255939956254,Medium,0.4711830099851402,Base
250:00,0.0890052356020945,0.8076923076923075,0.3793103448275863,0.42533596270732943,0.47118300998514034,1.6038255939956254,Medium,0.4711830099851402,Base
250:30,0.0890052356020945,0.8076923076923075,0.3793103448275863,0.42533596270732943,0.47118300998514034,1.6038255939956254,Medium,0.4711830099851402,Base
251:00,0.0890052356020945,0.8076923076923075,0.39655172413793105,0.43108308914411103,0.4789416306747955,1.6304536423881781,Medium,0.47894163067479534,Base
251:30,0.0890052356020945,0.7692307692307692,0.39655172413793105,0.41826257632359826,0.4654800922132571,1.5913241228865855,Medium,0.4654800922132569,Base
252:00,0.0890052356020945,0.7692307692307692,0.39655172413793105,0.41826257632359826,0.4654800922132571,1.5913241228865855,Medium,0.4654800922132569,Base
252:30,0.0890052356020945,0.7692307692307692,0.39655172413793105,0.41826257632359826,0.4654800922132571,1.5913241228865855,Medium,0.4654800922132569,Base
253:00,0.0890052356020945,0.7692307692307692,0.3793103448275863,0.41251544988681665,0.45772147152360193,1.5653351253150911,Medium,0.45772147152360176,Base
253:30,0.0890052356020945,0.7692307692307692,0.3793103448275863,0.41251544988681665,0.45772147152360193,1.5653351253150911,Medium,0.45772147152360176,Base
254:00,0.0890052356020945,0.7692307692307692,0.3793103448275863,0.41251544988681665,0.45772147152360193,1.5653351253150911,Medium,0.45772147152360176,Base
254:30,0.0890052356020945,1.0,0.3103448275862073,0.4664500210627673,0.5074562195342122,1.5240895702044457,Medium,0.507456219534212,Base
255:00,0.0890052356020945,1.0,0.12068965517241415,0.40323163025816955,0.42211139194800523,1.4190675485932571,Medium,0.42211139194800523,Base
255:30,0.0890052356020945,1.0,0.0517241379310347,0.3802431245110431,0.3910769091893845,1.4190675485932571,Medium,0.39107690918938454,Base
256:00,0.0890052356020945,1.0,0.10344827586206895,0.39748450382138784,0.4143527712583499,1.4190675485932571,Medium,0.4143527712583499,Base
256:30,0.0890052356020945,1.0,0.15517241379310365,0.4147258831317327,0.43762863332731555,1.4190675485932571,Medium,0.4376286333273155,Base
257:00,0.0890052356020945,1.0,0.1724137931034484,0.4204730095685143,0.44538725401697066,1.4190675485932571,Medium,0.4453872540169706,Base
257:30,0.0890052356020945,1.0,0.18965517241379315,0.4262201360052959,0.4531458747066258,1.4190675485932571,Medium,0.4531458747066257,Base
258:00,0.06020942408376939,0.7307692307692308,0.2068965517241379,0.332625068859046,0.3609145638618468,1.3318178669482263,Medium,0.3609145638618467,Base
258:30,0.0890052356020945,0.7307692307692308,0.2241379310344831,0.34797079913526946,0.37443234685516713,1.3318178669482263,Medium,0.374432346855167,Base
259:00,0.0890052356020945,0.7307692307692308,0.24137931034482785,0.35371792557205106,0.38219096754482224,1.3392047987901745,Medium,0.3821909675448222,Base
259:30,0.06020942408376939,0.7307692307692308,0.2586206896551726,0.34986644816939094,0.3841904259308124,1.3614393923290409,Medium,0.38419042593081226,Base
260:00,0.06020942408376939,0.7307692307692308,0.27586206896551735,0.35561357460617254,0.39194904662046753,1.3840431431097908,Medium,0.39194904662046737,Base
260:30,0.0890052356020945,0.7307692307692308,0.2241379310344831,0.34797079913526946,0.37443234685516713,1.3318178669482263,Medium,0.374432346855167,Base
261:00,0.0890052356020945,0.7307692307692308,0.15517241379310365,0.324982293388143,0.3433978640965464,1.3318178669482263,Medium,0.3433978640965464,Base
261:30,0.0890052356020945,0.7307692307692308,0.15517241379310365,0.324982293388143,0.3433978640965464,1.3318178669482263,Medium,0.3433978640965464,Base
262:00,0.06020942408376939,0.7307692307692308,0.1379310344827589,0.3096365631119197,0.3298800811032262,1.3318178669482263,Medium,0.3298800811032262,Base
262:30,0.06020942408376939,0.7307692307692308,0.10344827586206895,0.2981423102383564,0.3143628397239157,1.3318178669482263,Medium,0.31436283972391577,Base
263:00,0.06020942408376939,0.7307692307692308,0.1379310344827589,0.3096365631119197,0.3298800811032262,1.3318178669482263,Medium,0.3298800811032262,Base
263:30,0.06020942408376939,0.7307692307692308,0.1724137931034484,0.3211308159854829,0.34539732248253646,1.3318178669482263,Medium,0.34539732248253646,Base
264:00,0.06020942408376939,0.7307692307692308,0.2068965517241379,0.332625068859046,0.3609145638618468,1.3318178669482263,Medium,0.3609145638618467,Base
264:30,0.06020942408376939,0.7307692307692308,0.2241379310344831,0.3383721952958278,0.3686731845515021,1.3318178669482263,Medium,0.368673184551502,Base
265:00,0.06020942408376939,0.7307692307692308,0.2241379310344831,0.3383721952958278,0.3686731845515021,1.3318178669482263,Medium,0.368673184551502,Base
265:30,0.06020942408376939,0.6153846153846154,0.2068965517241379,0.2941635303975076,0.3205299484772313,1.238213143884689,Medium,0.3205299484772314,Base
266:00,0.06020942408376939,0.6153846153846154,0.1724137931034484,0.2826692775239444,0.30501270709792105,1.238213143884689,Medium,0.3050127070979211,Base
266:30,0.06020942408376939,0.6153846153846154,0.1724137931034484,0.2826692775239444,0.30501270709792105,1.238213143884689,Medium,0.3050127070979211,Base
267:00,0.06020942408376939,0.6153846153846154,0.2068965517241379,0.2941635303975076,0.3205299484772313,1.238213143884689,Medium,0.3205299484772314,Base
267:30,0.06020942408376939,0.6153846153846154,0.2241379310344831,0.2999106568342893,0.3282885691668867,1.238213143884689,Medium,0.32828856916688665,Base
268:00,0.06020942408376939,0.6153846153846154,0.2241379310344831,0.2999106568342893,0.3282885691668867,1.238213143884689,Medium,0.32828856916688665,Base
268:30,0.06020942408376939,0.6153846153846154,0.24137931034482785,0.3056577832710709,0.3360471898565418,1.2450808968460152,Medium,0.3360471898565418,Base
269:00,0.06020942408376939,0.42307692307692335,0.2586206896551726,0.24730234560528844,0.27649811823850473,1.1209851008916116,Low,0.2764981182385048,Base
269:30,0.06020942408376939,0.42307692307692335,0.2586206896551726,0.24730234560528844,0.27649811823850473,1.1209851008916116,Low,0.2764981182385048,Base
270:00,0.06020942408376939,0.42307692307692335,0.27586206896551735,0.25304947204207,0.2842567389281599,1.139596629243337,Low,0.2842567389281599,Base
270:30,0.06020942408376939,0.42307692307692335,0.27586206896551735,0.25304947204207,0.2842567389281599,1.139596629243337,Low,0.2842567389281599,Base
271:00,0.06020942408376939,0.42307692307692335,0.2931034482758621,0.2587965984788516,0.292015359617815,1.1585171616909347,Low,0.292015359617815,Base
271:30,0.06020942408376939,0.42307692307692335,0.3103448275862073,0.2645437249156333,0.2997739803074703,1.1777518285777844,Low,0.2997739803074704,Base
272:00,0.06020942408376939,0.42307692307692335,0.3103448275862073,0.2645437249156333,0.2997739803074703,1.1777518285777844,Low,0.2997739803074704,Base
272:30,0.06020942408376939,0.42307692307692335,0.3103448275862073,0.2645437249156333,0.2997739803074703,1.1777518285777844,Low,0.2997739803074704,Base
273:00,0.06020942408376939,0.34615384615384626,0.32758620689655205,0.24464982571138924,0.2806095240740485,1.140526773824189,Low,0.28060952407404854,Base
273:30,0.06020942408376939,0.34615384615384626,0.32758620689655205,0.24464982571138924,0.2806095240740485,1.140526773824189,Low,0.28060952407404854,Base
274:00,0.02879581151832511,0.34615384615384626,0.3448275862068968,0.23992574795968938,0.2820854222506148,1.1594627493068672,Low,0.2820854222506148,Base
274:30,0.06020942408376939,0.34615384615384626,0.3448275862068968,0.2503969521481708,0.28836814476370365,1.1594627493068672,Low,0.28836814476370365,Base
275:00,0.02879581151832511,0.34615384615384626,0.3448275862068968,0.23992574795968938,0.2820854222506148,1.1594627493068672,Low,0.2820854222506148,Base
275:30,0.06020942408376939,0.34615384615384626,0.3448275862068968,0.2503969521481708,0.28836814476370365,1.1594627493068672,Low,0.28836814476370365,Base
276:00,0.06020942408376939,0.34615384615384626,0.36206896551724155,0.2561440785849524,0.29612676545335875,1.1787131156269284,Low,0.29612676545335875,Base
276:30,0.06020942408376939,0.34615384615384626,0.36206896551724155,0.2561440785849524,0.29612676545335875,1.1787131156269284,Low,0.29612676545335875,Base
277:00,0.06020942408376939,0.42307692307692335,0.36206896551724155,0.2817851042259781,0.32304984237643575,1.2373932254898306,Medium,0.32304984237643575,Base
277:30,0.02879581151832511,0.42307692307692335,0.36206896551724155,0.27131390003749667,0.3167671198633469,1.2373932254898306,Medium,0.3167671198633469,Base
278:00,0.06020942408376939,0.42307692307692335,0.3793103448275863,0.2875322306627597,0.33080846306609085,1.2579374584864327,Medium,0.33080846306609085,Base
278:30,0.02879581151832511,0.42307692307692335,0.3793103448275863,0.27706102647427827,0.324525740553002,1.2579374584864327,Medium,0.324525740553002,Base
279:00,0.02879581151832511,0.42307692307692335,0.39655172413793105,0.2828081529110598,0.33228436124265714,1.278822783951237,Medium,0.3322843612426571,Base
279:30,0.02879581151832511,0.42307692307692335,0.39655172413793105,0.2828081529110598,0.33228436124265714,1.278822783951237,Medium,0.3322843612426571,Base
280:00,0.02879581151832511,0.42307692307692335,0.39655172413793105,0.2828081529110598,0.33228436124265714,1.278822783951237,Medium,0.3322843612426571,Base
280:30,0.06020942408376939,0.5769230769230771,0.32758620689655205,0.3215729026344662,0.3613787548432793,1.319484639501008,Medium,0.36137875484327925,Base
281:00,0.02879581151832511,0.5769230769230771,0.24137931034482785,0.28236606626207666,0.3163029288819145,1.2151999999179457,Low,0.3163029288819145,Base
281:30,0.02879581151832511,0.5769230769230771,0.24137931034482785,0.28236606626207666,0.3163029288819145,1.2151999999179457,Low,0.3163029288819145,Base
282:00,0.02879581151832511,0.5769230769230771,0.2586206896551726,0.28811319269885827,0.3240615495715697,1.2353757624981092,Medium,0.3240615495715697,Base
282:30,0.02879581151832511,0.5769230769230771,0.2931034482758621,0.2996074455724214,0.33957879095087995,1.2767377736356436,Medium,0.3395787909508799,Base
283:00,0.06020942408376939,0.5769230769230771,0.3103448275862073,0.3158257761976846,0.3536201341536242,1.297935237591979,Medium,0.35362013415362414,Base
283:30,0.02879581151832511,0.5769230769230771,0.3103448275862073,0.3053545720092032,0.34733741164053533,1.297935237591979,Medium,0.3473374116405353,Base
284:00,0.02879581151832511,0.5769230769230771,0.3103448275862073,0.3053545720092032,0.34733741164053533,1.297935237591979,Medium,0.3473374116405353,Base
284:30,0.02879581151832511,0.5769230769230771,0.3103448275862073,0.3053545720092032,0.34733741164053533,1.297935237591979,Medium,0.3473374116405353,Base
285:00,0.02879581151832511,0.5769230769230771,0.2931034482758621,0.2996074455724214,0.33957879095087995,1.2767377736356436,Medium,0.3395787909508799,Base
285:30,0.02879581151832511,0.5769230769230771,0.3103448275862073,0.3053545720092032,0.34733741164053533,1.297935237591979,Medium,0.3473374116405353,Base
286:00,0.02879581151832511,0.5769230769230771,0.32758620689655205,0.31110169844598473,0.35509603233019044,1.319484639501008,Medium,0.3550960323301904,Base
286:30,0.02879581151832511,0.5769230769230771,0.3448275862068968,0.31684882488276633,0.36285465301984554,1.3413918225297625,Medium,0.3628546530198455,Base
287:00,0.02879581151832511,0.5769230769230771,0.36206896551724155,0.32259595131954794,0.3706132737095007,1.3636627268584,Medium,0.37061327370950065,Base
287:30,0.02879581151832511,0.5769230769230771,0.36206896551724155,0.32259595131954794,0.3706132737095007,1.3636627268584,Medium,0.37061327370950065,Base
288:00,0.02879581151832511,0.42307692307692335,0.36206896551724155,0.27131390003749667,0.3167671198633469,1.2373932254898306,Medium,0.3167671198633469,Base
288:30,0.02879581151832511,0.42307692307692335,0.3793103448275863,0.27706102647427827,0.324525740553002,1.2579374584864327,Medium,0.324525740553002,Base
289:00,0.02879581151832511,0.42307692307692335,0.3793103448275863,0.27706102647427827,0.324525740553002,1.2579374584864327,Medium,0.324525740553002,Base
289:30,0.02879581151832511,0.42307692307692335,0.39655172413793105,0.2828081529110598,0.33228436124265714,1.278822783951237,Medium,0.3322843612426571,Base
290:00,0.06020942408376939,0.42307692307692335,0.39655172413793105,0.2932793570995413,0.338567083755746,1.278822783951237,Medium,0.33856708375574596,Base
290:30,0.02879581151832511,0.42307692307692335,0.39655172413793105,0.2828081529110598,0.33228436124265714,1.278822783951237,Medium,0.3322843612426571,Base
291:00,0.02879581151832511,0.42307692307692335,0.41379310344827624,0.2885552793478416,0.3400429819323125,1.3000548649855084,Medium,0.3400429819323124,Base
291:30,0.02879581151832511,0.42307692307692335,0.41379310344827624,0.2885552793478416,0.3400429819323125,1.3000548649855084,Medium,0.3400429819323124,Base
292:00,0.02879581151832511,0.5384615384615388,0.431034482758621,0.3327639442461616,0.38818621800658304,1.4215509288302741,Medium,0.3881862180065829,Base
292:30,0.02879581151832511,0.5384615384615388,0.431034482758621,0.3327639442461616,0.38818621800658304,1.4215509288302741,Medium,0.3881862180065829,Base
293:00,0.02879581151832511,0.5384615384615388,0.431034482758621,0.3327639442461616,0.38818621800658304,1.4215509288302741,Medium,0.3881862180065829,Base
293:30,0.02879581151832511,0.5384615384615388,0.431034482758621,0.3327639442461616,0.38818621800658304,1.4215509288302741,Medium,0.3881862180065829,Base
294:00,0.02879581151832511,0.5384615384615388,0.44827586206896575,0.3385110706829432,0.3959448386962382,1.4451527014089665,Medium,0.39594483869623803,Base
294:30,0.02879581151832511,0.5384615384615388,0.44827586206896575,0.3385110706829432,0.3959448386962382,1.4451527014089665,Medium,0.39594483869623803,Base
295:00,0.02879581151832511,0.5384615384615388,0.44827586206896575,0.3385110706829432,0.3959448386962382,1.4451527014089665,Medium,0.39594483869623803,Base
295:30,0.02879581151832511,0.6923076923076925,0.4655172413793105,0.39554024840177604,0.4575496132320471,1.6190650228454138,Medium,0.45754961323204696,Base
296:00,0.02879581151832511,0.6923076923076925,0.4655172413793105,0.39554024840177604,0.4575496132320471,1.6190650228454138,Medium,0.45754961323204696,Base
296:30,0.02879581151832511,0.6923076923076925,0.4655172413793105,0.39554024840177604,0.4575496132320471,1.6190650228454138,Medium,0.45754961323204696,Base
297:00,0.02879581151832511,0.6923076923076925,0.3103448275862073,0.3438161104707416,0.3877220270251507,1.3960547488160644,Medium,0.38772202702515063,Base
297:30,0.02879581151832511,0.6923076923076925,0.1724137931034484,0.2978390989764887,0.3256530615079092,1.2998553555081662,Medium,0.3256530615079092,Base
298:00,0.02879581151832511,0.6923076923076925,0.2068965517241379,0.30933335185005184,0.34117030288721945,1.2998553555081662,Medium,0.34117030288721945,Base
298:30,0.02879581151832511,0.6923076923076925,0.2586206896551726,0.32657473116039676,0.36444616495618504,1.3287659891316672,Medium,0.36444616495618504,Base
299:00,0.02879581151832511,0.6923076923076925,0.2931034482758621,0.3380689840339599,0.3799634063354953,1.3732548283254224,Medium,0.37996340633549525,Base
299:30,0.02879581151832511,0.3846153846153846,0.3103448275862073,0.241252007906639,0.28002971933284293,1.1494867728005043,Low,0.28002971933284293,Base
300:00,0.02879581151832511,0.3846153846153846,0.3103448275862073,0.241252007906639,0.28002971933284293,1.1494867728005043,Low,0.28002971933284293,Base
300:30,0.02879581151832511,0.3846153846153846,0.32758620689655205,0.24699913434342058,0.28778834002249803,1.168571509649276,Low,0.28778834002249803,Base
301:00,0.02879581151832511,0.3846153846153846,0.3103448275862073,0.241252007906639,0.28002971933284293,1.1494867728005043,Low,0.28002971933284293,Base
301:30,0.02879581151832511,0.3846153846153846,0.24137931034482785,0.2182635021595125,0.24899523657422212,1.0762141944804573,Low,0.24899523657422223,Base
302:00,0.02879581151832511,0.3846153846153846,0.18965517241379315,0.20102212284916762,0.22571937450525653,1.0702778948874851,Low,0.22571937450525664,Base
302:30,0.02879581151832511,0.3846153846153846,0.2241379310344831,0.21251637572273094,0.24123661588456702,1.0702778948874851,Low,0.2412366158845671,Base
303:00,0.02879581151832511,0.3846153846153846,0.2586206896551726,0.2240106285962941,0.2567538572638773,1.0940823989527297,Low,0.25675385726387734,Base
303:30,0.02879581151832511,0.42307692307692335,0.27586206896551735,0.2425782678535886,0.277974016415071,1.139596629243337,Low,0.277974016415071,Base
304:00,0.02879581151832511,0.42307692307692335,0.2931034482758621,0.24832539429037018,0.28573263710472613,1.1585171616909347,Low,0.28573263710472613,Base
304:30,0.02879581151832511,0.42307692307692335,0.3103448275862073,0.2540725207271519,0.29349125779438145,1.1777518285777844,Low,0.2934912577943815,Base
305:00,0.02879581151832511,0.42307692307692335,0.32758620689655205,0.2598196471639335,0.3012498784840366,1.1973058454254992,Low,0.3012498784840366,Base
305:30,0.02879581151832511,0.42307692307692335,0.32758620689655205,0.2598196471639335,0.3012498784840366,1.1973058454254992,Low,0.3012498784840366,Base
306:00,0.02879581151832511,0.42307692307692335,0.32758620689655205,0.2598196471639335,0.3012498784840366,1.1973058454254992,Low,0.3012498784840366,Base
306:30,0.02879581151832511,0.42307692307692335,0.32758620689655205,0.2598196471639335,0.3012498784840366,1.1973058454254992,Low,0.3012498784840366,Base
307:00,0.02879581151832511,0.5769230769230771,0.3448275862068968,0.31684882488276633,0.36285465301984554,1.3413918225297625,Medium,0.3628546530198455,Base
307:30,0.02879581151832511,0.5769230769230771,0.3448275862068968,0.31684882488276633,0.36285465301984554,1.3413918225297625,Medium,0.3628546530198455,Base
308:00,0.02879581151832511,0.5769230769230771,0.36206896551724155,0.32259595131954794,0.3706132737095007,1.3636627268584,Medium,0.37061327370950065,Base
308:30,0.02879581151832511,0.5769230769230771,0.36206896551724155,0.32259595131954794,0.3706132737095007,1.3636627268584,Medium,0.37061327370950065,Base
309:00,0.02879581151832511,0.5769230769230771,0.32758620689655205,0.31110169844598473,0.35509603233019044,1.319484639501008,Medium,0.3550960323301904,Base
309:30,0.02879581151832511,0.5769230769230771,0.3103448275862073,0.3053545720092032,0.34733741164053533,1.297935237591979,Medium,0.3473374116405353,Base
310:00,0.02879581151832511,0.5769230769230771,0.32758620689655205,0.31110169844598473,0.35509603233019044,1.319484639501008,Medium,0.3550960323301904,Base
310:30,0.02879581151832511,0.5,0.32758620689655205,0.28546067280495907,0.32817295540711344,1.2569115608600767,Medium,0.3281729554071134,Base
311:00,0.02879581151832511,0.5,0.32758620689655205,0.28546067280495907,0.32817295540711344,1.2569115608600767,Medium,0.3281729554071134,Base
311:30,0.02879581151832511,0.5,0.3448275862068968,0.2912077992417406,0.3359315760967686,1.277779853517983,Medium,0.33593157609676855,Base
312:00,0.02879581151832511,0.5,0.3448275862068968,0.2912077992417406,0.3359315760967686,1.277779853517983,Medium,0.33593157609676855,Base
312:30,0.02879581151832511,0.5,0.3448275862068968,0.2912077992417406,0.3359315760967686,1.277779853517983,Medium,0.33593157609676855,Base
313:00,0.02879581151832511,0.5,0.36206896551724155,0.2969549256785222,0.3436901967864237,1.2989946189525086,Medium,0.34369019678642365,Base
313:30,0.02879581151832511,0.5,0.3793103448275863,0.3027020521153038,0.3514488174760788,1.3205616095932797,Medium,0.35144881747607876,Base
314:00,0.02879581151832511,0.5,0.39655172413793105,0.30844917855208537,0.35920743816573397,1.3424866733765513,Medium,0.3592074381657339,Base
314:30,0.02879581151832511,0.5384615384615388,0.39655172413793105,0.3212696913725983,0.3726689766272726,1.3754974583643562,Medium,0.37266897662727244,Base
315:00,0.02879581151832511,0.5384615384615388,0.39655172413793105,0.3212696913725983,0.3726689766272726,1.3754974583643562,Medium,0.37266897662727244,Base
315:30,0.02879581151832511,0.5384615384615388,0.41379310344827624,0.32701681780938,0.3804275973169279,1.3983346128668677,Medium,0.38042759731692777,Base
316:00,0.02879581151832511,0.5384615384615388,0.41379310344827624,0.32701681780938,0.3804275973169279,1.3983346128668677,Medium,0.38042759731692777,Base
316:30,0.02879581151832511,0.5384615384615388,0.41379310344827624,0.32701681780938,0.3804275973169279,1.3983346128668677,Medium,0.38042759731692777,Base
317:00,0.02879581151832511,0.5384615384615388,0.431034482758621,0.3327639442461616,0.38818621800658304,1.4215509288302741,Medium,0.3881862180065829,Base
317:30,0.02879581151832511,0.5384615384615388,0.431034482758621,0.3327639442461616,0.38818621800658304,1.4215509288302741,Medium,0.3881862180065829,Base
318:00,0.02879581151832511,0.5384615384615388,0.431034482758621,0.3327639442461616,0.38818621800658304,1.4215509288302741,Medium,0.3881862180065829,Base
318:30,0.0,0.5,0.44827586206896575,0.31609195402298856,0.37672413793103454,1.4104702490273495,Medium,0.3767241379310345,Base
319:00,0.0,0.5,0.44827586206896575,0.31609195402298856,0.37672413793103454,1.4104702490273495,Medium,0.3767241379310345,Base
319:30,0.02879581151832511,0.5,0.44827586206896575,0.3256905578624303,0.38248330023469956,1.4104702490273495,Medium,0.3824833002346995,Base
320:00,0.02879581151832511,0.5,0.4655172413793105,0.3314376842992119,0.3902419209243547,1.4338880509304777,Medium,0.3902419209243546,Base
320:30,0.02879581151832511,0.5,0.41379310344827624,0.31419630498886714,0.36696605885538935,1.3647757553308864,Medium,0.3669660588553892,Base
321:00,0.0,0.5,0.36206896551724155,0.2873563218390805,0.3379310344827587,1.2989946189525086,Medium,0.33793103448275863,Base
321:30,0.02879581151832511,0.5,0.36206896551724155,0.2969549256785222,0.3436901967864237,1.2989946189525086,Medium,0.34369019678642365,Base
322:00,0.0,0.3846153846153846,0.36206896551724155,0.24889478337754203,0.2975464190981433,1.2076968262245174,Low,0.2975464190981433,Base
322:30,0.02879581151832511,0.3846153846153846,0.3448275862068968,0.2527462607802022,0.29554696071215314,1.1879731071955388,Low,0.2955469607121532,Base
323:00,0.02879581151832511,0.3846153846153846,0.32758620689655205,0.24699913434342058,0.28778834002249803,1.168571509649276,Low,0.28778834002249803,Base
323:30,0.02879581151832511,0.3846153846153846,0.32758620689655205,0.24699913434342058,0.28778834002249803,1.168571509649276,Low,0.28778834002249803,Base
324:00,0.02879581151832511,0.3846153846153846,0.3448275862068968,0.2527462607802022,0.29554696071215314,1.1879731071955388,Low,0.2955469607121532,Base
324:30,0.02879581151832511,0.3846153846153846,0.36206896551724155,0.2584933872169837,0.3033055814018083,1.2076968262245174,Low,0.3033055814018083,Base
325:00,0.02879581151832511,0.3846153846153846,0.36206896551724155,0.2584933872169837,0.3033055814018083,1.2076968262245174,Low,0.3033055814018083,Base
325:30,0.0,0.3846153846153846,0.3448275862068968,0.24314765694076046,0.2897877984084881,1.1879731071955388,Low,0.2897877984084882,Base
326:00,0.02879581151832511,0.6153846153846154,0.3103448275862073,0.31817508482971596,0.36079895010207375,1.3298505347088438,Medium,0.36079895010207363,Base
326:30,0.02879581151832511,0.6153846153846154,0.27586206896551735,0.30668083195615264,0.3452817087227632,1.286767848691612,Medium,0.34528170872276315,Base
327:00,0.0,0.6153846153846154,0.27586206896551735,0.2970822281167109,0.3395225464190982,1.286767848691612,Medium,0.3395225464190981,Base
327:30,0.02879581151832511,0.6153846153846154,0.2931034482758621,0.3124279583929342,0.35304032941241836,1.308131840308418,Medium,0.3530403294124183,Base
328:00,0.02879581151832511,0.6153846153846154,0.3103448275862073,0.31817508482971596,0.36079895010207375,1.3298505347088438,Medium,0.36079895010207363,Base
328:30,0.0,0.6153846153846154,0.32758620689655205,0.31432360742705584,0.36279840848806383,1.3519298209639465,Medium,0.3627984084880637,Base
329:00,0.02879581151832511,0.6153846153846154,0.32758620689655205,0.3239222112664975,0.36855757079172885,1.3519298209639465,Medium,0.36855757079172874,Base
329:30,0.02879581151832511,0.5,0.32758620689655205,0.28546067280495907,0.32817295540711344,1.2569115608600767,Medium,0.3281729554071134,Base
330:00,0.0,0.5,0.2931034482758621,0.26436781609195403,0.30689655172413793,1.216191852355527,Low,0.30689655172413793,Base
330:30,0.02879581151832511,0.5,0.27586206896551735,0.26821929349461415,0.30489709333814785,1.1963293952716714,Low,0.3048970933381478,Base
331:00,0.02879581151832511,0.5,0.2931034482758621,0.27396641993139575,0.31265571402780296,1.216191852355527,Low,0.31265571402780296,Base
331:30,0.02879581151832511,0.5,0.2931034482758621,0.27396641993139575,0.31265571402780296,1.216191852355527,Low,0.31265571402780296,Base
332:00,0.02879581151832511,0.5,0.2931034482758621,0.27396641993139575,0.31265571402780296,1.216191852355527,Low,0.31265571402780296,Base
332:30,0.02879581151832511,0.5,0.3103448275862073,0.27971354636817747,0.3204143347174583,1.2363840824960075,Medium,0.3204143347174583,Base
333:00,0.0,0.5,0.32758620689655205,0.27586206896551735,0.3224137931034484,1.2569115608600767,Medium,0.32241379310344837,Base
333:30,0.02879581151832511,0.3846153846153846,0.3448275862068968,0.2527462607802022,0.29554696071215314,1.1879731071955388,Low,0.2955469607121532,Base
334:00,0.0,0.3846153846153846,0.3448275862068968,0.24314765694076046,0.2897877984084881,1.1879731071955388,Low,0.2897877984084882,Base
334:30,0.02879581151832511,0.3846153846153846,0.3448275862068968,0.2527462607802022,0.29554696071215314,1.1879731071955388,Low,0.2955469607121532,Base
335:00,0.02879581151832511,0.3846153846153846,0.32758620689655205,0.24699913434342058,0.28778834002249803,1.168571509649276,Low,0.28778834002249803,Base
335:30,0.02879581151832511,0.3846153846153846,0.32758620689655205,0.24699913434342058,0.28778834002249803,1.168571509649276,Low,0.28778834002249803,Base
336:00,0.0,0.3846153846153846,0.3448275862068968,0.24314765694076046,0.2897877984084881,1.1879731071955388,Low,0.2897877984084882,Base
336:30,0.0,0.3846153846153846,0.32758620689655205,0.23740053050397888,0.282029177718833,1.168571509649276,Low,0.282029177718833,Base
337:00,0.02879581151832511,0.3846153846153846,0.27586206896551735,0.2297577550330757,0.2645124779535324,1.1122472662386877,Low,0.26451247795353244,Base
337:30,0.0,0.42307692307692335,0.2586206896551726,0.2272325375773653,0.26445623342175084,1.1209851008916116,Low,0.2644562334217509,Base
338:00,0.02879581151832511,0.42307692307692335,0.27586206896551735,0.2425782678535886,0.277974016415071,1.139596629243337,Low,0.277974016415071,Base
338:30,0.02879581151832511,0.42307692307692335,0.2931034482758621,0.24832539429037018,0.28573263710472613,1.1585171616909347,Low,0.28573263710472613,Base
339:00,0.02879581151832511,0.42307692307692335,0.3103448275862073,0.2540725207271519,0.29349125779438145,1.1777518285777844,Low,0.2934912577943815,Base
339:30,0.02879581151832511,0.42307692307692335,0.3103448275862073,0.2540725207271519,0.29349125779438145,1.1777518285777844,Low,0.2934912577943815,Base
340:00,0.02879581151832511,0.42307692307692335,0.27586206896551735,0.2425782678535886,0.277974016415071,1.139596629243337,Low,0.277974016415071,Base
340:30,0.02879581151832511,0.42307692307692335,0.27586206896551735,0.2425782678535886,0.277974016415071,1.139596629243337,Low,0.277974016415071,Base
341:00,0.0,0.5,0.3103448275862073,0.27011494252873575,0.31465517241379326,1.2363840824960075,Medium,0.31465517241379326,Base
341:30,0.02879581151832511,0.5,0.3103448275862073,0.27971354636817747,0.3204143347174583,1.2363840824960075,Medium,0.3204143347174583,Base
342:00,0.02879581151832511,0.5,0.3103448275862073,0.27971354636817747,0.3204143347174583,1.2363840824960075,Medium,0.3204143347174583,Base
342:30,0.02879581151832511,0.5,0.3103448275862073,0.27971354636817747,0.3204143347174583,1.2363840824960075,Medium,0.3204143347174583,Base
343:00,0.02879581151832511,0.5,0.3103448275862073,0.27971354636817747,0.3204143347174583,1.2363840824960075,Medium,0.3204143347174583,Base
343:30,0.02879581151832511,0.5,0.27586206896551735,0.26821929349461415,0.30489709333814785,1.1963293952716714,Low,0.3048970933381478,Base
344:00,0.02879581151832511,0.5,0.24137931034482785,0.256725040621051,0.28937985195883753,1.157572345239009,Low,0.2893798519588376,Base
344:30,0.02879581151832511,0.5,0.2586206896551726,0.26247216705783255,0.2971384726484927,1.1767913254961537,Low,0.2971384726484927,Base
345:00,0.02879581151832511,0.34615384615384626,0.27586206896551735,0.21693724221256291,0.25105093949199403,1.08555426500062,Low,0.2510509394919941,Base
345:30,0.0,0.34615384615384626,0.2931034482758621,0.2130857648099028,0.2530503978779841,1.1035775411033317,Low,0.25305039787798417,Base
346:00,0.0,0.34615384615384626,0.2931034482758621,0.2130857648099028,0.2530503978779841,1.1035775411033317,Low,0.25305039787798417,Base
346:30,0.0,0.34615384615384626,0.3103448275862073,0.2188328912466845,0.2608090185676395,1.1219000546481024,Low,0.2608090185676395,Base
347:00,0.0,0.34615384615384626,0.3103448275862073,0.2188328912466845,0.2608090185676395,1.1219000546481024,Low,0.2608090185676395,Base
347:30,0.02879581151832511,0.34615384615384626,0.32758620689655205,0.2341786215229078,0.2743268015609596,1.140526773824189,Low,0.2743268015609597,Base
348:00,0.02879581151832511,0.34615384615384626,0.32758620689655205,0.2341786215229078,0.2743268015609596,1.140526773824189,Low,0.2743268015609597,Base
348:30,0.0,0.34615384615384626,0.2586206896551726,0.20159151193633962,0.23753315649867385,1.06782533928959,Low,0.23753315649867393,Base
349:00,0.0,0.1538461538461542,0.2068965517241379,0.1202475685234307,0.14694960212201602,1.0,Low,0.1469496021220162,Base
349:30,0.02879581151832511,0.1538461538461542,0.2068965517241379,0.1298461723628724,0.15270876442568104,1.0,Low,0.1527087644256812,Base
350:00,0.0,0.1538461538461542,0.2241379310344831,0.12599469496021243,0.15470822281167135,1.0,Low,0.15470822281167151,Base
350:30,0.0,0.1538461538461542,0.2241379310344831,0.12599469496021243,0.15470822281167135,1.0,Low,0.15470822281167151,Base
351:00,0.0,0.1538461538461542,0.24137931034482785,0.131741821396994,0.1624668435013265,1.0055465030356403,Low,0.16246684350132665,Base
351:30,0.0,0.1538461538461542,0.24137931034482785,0.131741821396994,0.1624668435013265,1.0055465030356403,Low,0.16246684350132665,Base
352:00,0.0,0.1538461538461542,0.24137931034482785,0.131741821396994,0.1624668435013265,1.0055465030356403,Low,0.16246684350132665,Base
352:30,0.0,0.1538461538461542,0.2241379310344831,0.12599469496021243,0.15470822281167135,1.0,Low,0.15470822281167151,Base
353:00,0.0,0.5769230769230771,0.12068965517241415,0.23253757736516376,0.2562334217506633,1.2084970672657938,Low,0.25623342175066344,Base
353:30,0.0,0.5769230769230771,0.017241379310345195,0.1980548187444741,0.2096816976127323,1.2084970672657938,Low,0.2096816976127325,Base
354:00,0.0,0.5769230769230771,0.0,0.19230769230769237,0.20192307692307698,1.2084970672657938,Low,0.20192307692307718,Base
354:30,0.0,0.5769230769230771,0.034482758620689946,0.2038019451812557,0.21744031830238747,1.2084970672657938,Low,0.21744031830238764,Base
355:00,0.0,0.5769230769230771,0.06896551724137945,0.21529619805481884,0.23295755968169773,1.2084970672657938,Low,0.23295755968169787,Base
355:30,0.0,0.5769230769230771,0.06896551724137945,0.21529619805481884,0.23295755968169773,1.2084970672657938,Low,0.23295755968169787,Base
356:00,0.0,0.5769230769230771,0.06896551724137945,0.21529619805481884,0.23295755968169773,1.2084970672657938,Low,0.23295755968169787,Base
356:30,0.0,0.22222222222222143,0.9870129870129873,0.4030784030784029,0.5219336219336218,1.568312185490169,Medium,0.5219336219336222,After_Lunch
357:00,0.040740740740737635,0.22222222222222143,0.9870129870129873,0.41665864999198216,0.5300817700817694,1.568312185490169,Medium,0.5300817700817698,After_Lunch
357:30,0.040740740740737635,0.22222222222222143,0.9740259740259742,0.41232964566297775,0.5242376142376135,1.568312185490169,Medium,0.524237614237614,After_Lunch
358:00,0.08148148148147527,0.22222222222222143,1.0,0.43456790123456557,0.5440740740740725,1.568312185490169,Medium,0.5440740740740729,After_Lunch
358:30,0.08148148148147527,0.22222222222222143,1.0,0.43456790123456557,0.5440740740740725,1.568312185490169,Medium,0.5440740740740729,After_Lunch
359:00,0.12222222222222001,0.22222222222222143,0.948051948051948,0.43083213083212984,0.5288455988455982,1.568312185490169,Medium,0.5288455988455985,After_Lunch
359:30,0.12222222222222001,0.22222222222222143,0.9350649350649354,0.4265031265031256,0.5230014430014425,1.568312185490169,Medium,0.5230014430014428,After_Lunch
360:00,0.12222222222222001,0.22222222222222143,0.9610389610389611,0.4351611351611342,0.534689754689754,1.568312185490169,Medium,0.5346897546897544,After_Lunch
360:30,0.12222222222222001,0.22222222222222143,0.9740259740259742,0.43949013949013854,0.54053391053391,1.568312185490169,Medium,0.5405339105339104,After_Lunch
361:00,0.1666666666666572,0.22222222222222143,0.9740259740259742,0.45430495430495094,0.5494227994227974,1.5731038863303135,Medium,0.5494227994227978,After_Lunch
361:30,0.1666666666666572,0.22222222222222143,0.9740259740259742,0.45430495430495094,0.5494227994227974,1.5731038863303135,Medium,0.5494227994227978,After_Lunch
362:00,0.1666666666666572,0.22222222222222143,0.9350649350649354,0.441317941317938,0.5318903318903299,1.5731038863303135,Medium,0.5318903318903302,After_Lunch
362:30,0.1666666666666572,0.22222222222222143,0.9220779220779223,0.43698893698893365,0.526046176046174,1.5731038863303135,Medium,0.5260461760461743,After_Lunch
363:00,0.20740740740740193,0.44444444444444375,0.8961038961038961,0.5159852493185806,0.6002837902837889,1.7931008746274193,Medium,0.6002837902837892,After_Lunch
363:30,0.20740740740740193,0.44444444444444375,0.8831168831168834,0.5116562449895764,0.5944396344396332,1.7931008746274193,Medium,0.5944396344396334,After_Lunch
364:00,0.20740740740740193,0.44444444444444375,0.9090909090909092,0.520314253647585,0.6061279461279447,1.7931008746274193,Medium,0.6061279461279451,After_Lunch
364:30,0.20740740740740193,0.44444444444444375,0.9220779220779223,0.5246432579765893,0.6119721019721007,1.7931008746274193,Medium,0.611972101972101,After_Lunch
365:00,0.24814814814813957,0.44444444444444375,0.9220779220779223,0.5382235048901686,0.6201202501202483,1.8388430853861124,Medium,0.6201202501202485,After_Lunch
365:30,0.24814814814813957,0.44444444444444375,0.9090909090909092,0.5338945005611642,0.6142760942760923,1.8388430853861124,Medium,0.6142760942760926,After_Lunch
366:00,0.24814814814813957,0.44444444444444375,0.8961038961038961,0.5295654962321598,0.6084319384319364,1.8388430853861124,Medium,0.6084319384319368,After_Lunch
366:30,0.2888888888888843,0.5555555555555554,0.8831168831168834,0.5758537758537744,0.6496248196248187,2.0228414570443998,High,0.649624819624819,After_Lunch
367:00,0.2888888888888843,0.5555555555555554,0.8701298701298703,0.57152477152477,0.6437806637806629,2.0228414570443998,High,0.6437806637806631,After_Lunch
367:30,0.2888888888888843,0.5555555555555554,0.8571428571428572,0.5671957671957656,0.6379365079365069,2.0228414570443998,High,0.6379365079365071,After_Lunch
368:00,0.2888888888888843,0.5555555555555554,0.8701298701298703,0.57152477152477,0.6437806637806629,2.0228414570443998,High,0.6437806637806631,After_Lunch
368:30,0.2888888888888843,0.5555555555555554,0.8831168831168834,0.5758537758537744,0.6496248196248187,2.0228414570443998,High,0.649624819624819,After_Lunch
369:00,0.2888888888888843,0.5555555555555554,0.8831168831168834,0.5758537758537744,0.6496248196248187,2.0228414570443998,High,0.649624819624819,After_Lunch
369:30,0.2888888888888843,0.6666666666666661,0.8831168831168834,0.6128908128908113,0.6885137085137074,2.169896761822577,High,0.6885137085137076,After_Lunch
370:00,0.2888888888888843,0.6666666666666661,0.8831168831168834,0.6128908128908113,0.6885137085137074,2.169896761822577,High,0.6885137085137076,After_Lunch
370:30,0.32962962962962195,0.6666666666666661,0.8701298701298703,0.6221420554753861,0.6908177008176992,2.225251079255788,High,0.6908177008176993,After_Lunch
371:00,0.32962962962962195,0.6666666666666661,0.8571428571428572,0.6178130511463817,0.6849735449735432,2.225251079255788,High,0.6849735449735435,After_Lunch
371:30,0.32962962962962195,0.6666666666666661,0.8701298701298703,0.6221420554753861,0.6908177008176992,2.225251079255788,High,0.6908177008176993,After_Lunch
372:00,0.32962962962962195,0.6666666666666661,0.8701298701298703,0.6221420554753861,0.6908177008176992,2.225251079255788,High,0.6908177008176993,After_Lunch
372:30,0.32962962962962195,0.5555555555555554,0.8831168831168834,0.5894340227673536,0.6577729677729662,2.0744443766396357,High,0.6577729677729666,After_Lunch
373:00,0.32962962962962195,0.5555555555555554,0.8831168831168834,0.5894340227673536,0.6577729677729662,2.0744443766396357,High,0.6577729677729666,After_Lunch
373:30,0.32962962962962195,0.5555555555555554,0.8831168831168834,0.5894340227673536,0.6577729677729662,2.0744443766396357,High,0.6577729677729666,After_Lunch
374:00,0.32962962962962195,0.5555555555555554,0.8831168831168834,0.5894340227673536,0.6577729677729662,2.0744443766396357,High,0.6577729677729666,After_Lunch
374:30,0.32962962962962195,0.5555555555555554,0.8831168831168834,0.5894340227673536,0.6577729677729662,2.0744443766396357,High,0.6577729677729666,After_Lunch
375:00,0.37407407407406623,0.5555555555555554,0.8831168831168834,0.6042488375821683,0.6666618566618551,2.132240969380001,High,0.6666618566618554,After_Lunch
375:30,0.37407407407406623,0.2777777777777777,0.8831168831168834,0.5116562449895757,0.569439634439633,1.7891354406634463,Medium,0.5694396344396333,After_Lunch
376:00,0.37407407407406623,0.2777777777777777,0.8701298701298703,0.5073272406605714,0.5635954785954771,1.7891354406634463,Medium,0.5635954785954774,After_Lunch
376:30,0.37407407407406623,0.2777777777777777,0.8571428571428572,0.502998236331567,0.5577513227513211,1.7891354406634463,Medium,0.5577513227513214,After_Lunch
377:00,0.37407407407406623,0.2777777777777777,0.8441558441558441,0.4986692320025627,0.5519071669071652,1.7891354406634463,Medium,0.5519071669071656,After_Lunch
377:30,0.414814814814811,0.2777777777777777,0.8441558441558441,0.5122494789161443,0.5600553150553143,1.8347764927429582,Medium,0.5600553150553146,After_Lunch
378:00,0.414814814814811,0.2777777777777777,0.8441558441558441,0.5122494789161443,0.5600553150553143,1.8347764927429582,Medium,0.5600553150553146,After_Lunch
378:30,0.414814814814811,0.2777777777777777,0.7922077922077921,0.4949334616001269,0.5366786916786909,1.8347764927429582,Medium,0.5366786916786912,After_Lunch
379:00,0.414814814814811,0.6666666666666661,0.7792207792207795,0.6202340869007522,0.6669456469456461,2.3455973288578553,High,0.6669456469456462,After_Lunch
379:30,0.414814814814811,0.6666666666666661,0.7792207792207795,0.6202340869007522,0.6669456469456461,2.3455973288578553,High,0.6669456469456462,After_Lunch
380:00,0.414814814814811,0.6666666666666661,0.7922077922077921,0.6245630912297564,0.6727898027898018,2.3455973288578553,High,0.6727898027898019,After_Lunch
380:30,0.414814814814811,0.6666666666666661,0.7922077922077921,0.6245630912297564,0.6727898027898018,2.3455973288578553,High,0.6727898027898019,After_Lunch
381:00,0.414814814814811,0.6666666666666661,0.7792207792207795,0.6202340869007522,0.6669456469456461,2.3455973288578553,High,0.6669456469456462,After_Lunch
381:30,0.4555555555555486,0.6666666666666661,0.7272727272727275,0.6164983164983141,0.6517171717171703,2.4054337880832386,High,0.6517171717171704,After_Lunch
382:00,0.414814814814811,0.7222222222222214,0.7012987012987013,0.6127785794452446,0.6513251563251553,2.416714679820941,High,0.6513251563251553,After_Lunch
382:30,0.4555555555555486,0.7222222222222214,0.6883116883116882,0.6220298220298194,0.6536291486291469,2.4478151787432454,High,0.6536291486291471,After_Lunch
383:00,0.4555555555555486,0.7222222222222214,0.6883116883116882,0.6220298220298194,0.6536291486291469,2.4478151787432454,High,0.6536291486291471,After_Lunch
383:30,0.4555555555555486,0.7222222222222214,0.7142857142857144,0.6306878306878282,0.6653174603174586,2.491334373036847,High,0.6653174603174589,After_Lunch
384:00,0.4555555555555486,0.7222222222222214,0.6753246753246755,0.6177008177008152,0.6477849927849911,2.4176415907029223,High,0.6477849927849914,After_Lunch
384:30,0.4555555555555486,0.7222222222222214,0.6103896103896105,0.5960557960557935,0.6185642135642119,2.272261928259804,High,0.6185642135642121,After_Lunch
385:00,0.4555555555555486,0.833333333333333,0.5974025974025974,0.6287638287638263,0.6516089466089451,2.4042206360109146,High,0.6516089466089452,After_Lunch
385:30,0.4555555555555486,0.833333333333333,0.5974025974025974,0.6287638287638263,0.6516089466089451,2.4042206360109146,High,0.6516089466089452,After_Lunch
386:00,0.4555555555555486,0.833333333333333,0.6103896103896105,0.6330928330928307,0.657453102453101,2.4342267226484084,High,0.6574531024531011,After_Lunch
386:30,0.4555555555555486,0.833333333333333,0.6493506493506493,0.6460798460798437,0.6749855699855684,2.526510698080079,High,0.6749855699855686,After_Lunch
387:00,0.4555555555555486,0.833333333333333,0.6363636363636367,0.6417508417508394,0.6691414141414128,2.4953670506162715,High,0.6691414141414128,After_Lunch
387:30,0.4555555555555486,0.833333333333333,0.6103896103896105,0.6330928330928307,0.657453102453101,2.4342267226484084,High,0.6574531024531011,After_Lunch
388:00,0.4555555555555486,0.7777777777777777,0.5974025974025974,0.6102453102453079,0.6321645021645007,2.324396964929337,High,0.6321645021645008,After_Lunch
388:30,0.4555555555555486,0.7777777777777777,0.5974025974025974,0.6102453102453079,0.6321645021645007,2.324396964929337,High,0.6321645021645008,After_Lunch
389:00,0.4555555555555486,0.7777777777777777,0.6103896103896105,0.6145743145743122,0.6380086580086566,2.3534068052347257,High,0.6380086580086567,After_Lunch
389:30,0.4555555555555486,0.7777777777777777,0.5714285714285716,0.6015873015872993,0.6204761904761891,2.267445666831454,High,0.6204761904761892,After_Lunch
390:00,0.4555555555555486,0.7777777777777777,0.5714285714285716,0.6015873015872993,0.6204761904761891,2.267445666831454,High,0.6204761904761892,After_Lunch
390:30,0.4555555555555486,0.7777777777777777,0.6103896103896105,0.6145743145743122,0.6380086580086566,2.3534068052347257,High,0.6380086580086567,After_Lunch
391:00,0.4555555555555486,0.05555555555555536,0.6103896103896105,0.37383357383357146,0.3852308802308788,1.7153705791253515,Medium,0.38523088023087926,After_Lunch
391:30,0.4555555555555486,0.05555555555555536,0.5714285714285716,0.36084656084655853,0.3676984126984113,1.652714514973116,Medium,0.36769841269841175,After_Lunch
392:00,0.4555555555555486,0.05555555555555536,0.5584415584415585,0.3565175565175542,0.36185425685425543,1.632341928285968,Medium,0.3618542568542559,After_Lunch
392:30,0.4555555555555486,0.05555555555555536,0.5714285714285716,0.36084656084655853,0.3676984126984113,1.652714514973116,Medium,0.36769841269841175,After_Lunch
393:00,0.4555555555555486,0.05555555555555536,0.5844155844155847,0.3651755651755629,0.3735425685425673,1.6733413635162717,Medium,0.3735425685425676,After_Lunch
393:30,0.4555555555555486,0.05555555555555536,0.5584415584415585,0.3565175565175542,0.36185425685425543,1.632341928285968,Medium,0.3618542568542559,After_Lunch
394:00,0.4555555555555486,0.6666666666666661,0.5064935064935066,0.5429052429052404,0.5523665223665207,1.9866718441745252,High,0.552366522366521,After_Lunch
394:30,0.4555555555555486,0.6666666666666661,0.49350649350649345,0.538576238576236,0.5465223665223649,1.962182651396413,Medium,0.5465223665223651,After_Lunch
395:00,0.49629629629629335,0.6666666666666661,0.49350649350649345,0.5521564854898177,0.5546705146705139,1.998477484131587,High,0.554670514670514,After_Lunch
395:30,0.49629629629629335,0.6666666666666661,0.4155844155844157,0.5261824595157917,0.5196055796055788,1.8551499889007594,Medium,0.519605579605579,After_Lunch
396:00,0.49629629629629335,0.6666666666666661,0.3116883116883118,0.49155042488375705,0.4728523328523321,1.6799075657252653,Medium,0.4728523328523322,After_Lunch
396:30,0.49629629629629335,0.6666666666666661,0.27272727272727293,0.4785634118967441,0.4553198653198646,1.6185468326633883,Medium,0.4553198653198647,After_Lunch
397:00,0.49629629629629335,0.6666666666666661,0.2857142857142856,0.48289241622574836,0.4611640211640203,1.638747248448987,Medium,0.4611640211640204,After_Lunch
397:30,0.49629629629629335,0.6666666666666661,0.3246753246753249,0.49587942921276146,0.478696488696488,1.700873799524743,Medium,0.47869648869648806,After_Lunch
398:00,0.49629629629629335,0.6666666666666661,0.3246753246753249,0.49587942921276146,0.478696488696488,1.700873799524743,Medium,0.47869648869648806,After_Lunch
398:30,0.49629629629629335,0.6666666666666661,0.33766233766233755,0.5002084335417657,0.48454064454064366,1.7221017042451099,Medium,0.4845406445406438,After_Lunch
399:00,0.5407407407407376,0.6666666666666661,0.35064935064935066,0.5193522526855848,0.4992736892736884,1.7435945456932607,Medium,0.4992736892736886,After_Lunch
399:30,0.5407407407407376,0.6666666666666661,0.36363636363636376,0.5236812570145891,0.5051178451178443,1.7653556304352753,Medium,0.5051178451178444,After_Lunch
400:00,0.5407407407407376,0.6666666666666661,0.36363636363636376,0.5236812570145891,0.5051178451178443,1.7653556304352753,Medium,0.5051178451178444,After_Lunch
400:30,0.5407407407407376,0.33333333333333304,0.35064935064935066,0.4082411415744738,0.3826070226070219,1.4125825067655766,Medium,0.3826070226070222,After_Lunch
401:00,0.5407407407407376,0.33333333333333304,0.33766233766233755,0.4039121372454694,0.376762866762866,1.3951699655728234,Medium,0.37676286676286624,After_Lunch
401:30,0.5407407407407376,0.33333333333333304,0.36363636363636376,0.4125701459034781,0.3884511784511778,1.4302123667067768,Medium,0.38845117845117805,After_Lunch
402:00,0.5814814814814753,0.33333333333333304,0.36363636363636376,0.42615039281705736,0.39659932659932534,1.4302123667067768,Medium,0.39659932659932556,After_Lunch
402:30,0.5814814814814753,0.33333333333333304,0.33766233766233755,0.4174923841590486,0.38491101491101354,1.3951699655728234,Medium,0.38491101491101376,After_Lunch
403:00,0.62222222222222,0.33333333333333304,0.3116883116883118,0.42241462241462163,0.3813708513708509,1.360986157124697,Low,0.38137085137085114,After_Lunch
403:30,0.62222222222222,0.44444444444444375,0.33766233766233755,0.4681096681096671,0.43194805194805125,1.4965951878957058,Medium,0.4319480519480514,After_Lunch
404:00,0.62222222222222,0.44444444444444375,0.36363636363636376,0.47676767676767584,0.44363636363636305,1.5341850803127586,Medium,0.44363636363636316,After_Lunch
404:30,0.62222222222222,0.44444444444444375,0.3896103896103895,0.48542568542568443,0.45532467532467463,1.5727191158243186,Medium,0.4553246753246748,After_Lunch
405:00,0.6629629629629576,0.44444444444444375,0.4025974025974026,0.503334936668268,0.469316979316978,1.592347574768156,Medium,0.46931697931697824,After_Lunch
405:30,0.62222222222222,0.44444444444444375,0.36363636363636376,0.47676767676767584,0.44363636363636305,1.5341850803127586,Medium,0.44363636363636316,After_Lunch
406:00,0.6629629629629576,0.44444444444444375,0.33766233766233755,0.4816899150232463,0.44009620009619876,1.4965951878957058,Medium,0.440096200096199,After_Lunch
406:30,0.6629629629629576,0.44444444444444375,0.37662337662337686,0.4946769280102594,0.45762866762866644,1.5533326118447213,Medium,0.4576286676286666,After_Lunch
407:00,0.6629629629629576,0.33333333333333304,0.4025974025974026,0.4662978996312311,0.43042809042808927,1.484433151354002,Medium,0.4304280904280895,After_Lunch
407:30,0.6629629629629576,0.33333333333333304,0.4025974025974026,0.4662978996312311,0.43042809042808927,1.484433151354002,Medium,0.4304280904280895,After_Lunch
408:00,0.6629629629629576,0.33333333333333304,0.36363636363636376,0.45331088664421815,0.4128956228956218,1.4302123667067768,Medium,0.412895622895622,After_Lunch
408:30,0.6629629629629576,0.33333333333333304,0.33766233766233755,0.4446528779862094,0.40120731120731,1.3951699655728234,Medium,0.40120731120731024,After_Lunch
409:00,0.6629629629629576,0.33333333333333304,0.35064935064935066,0.4489818823152138,0.4070514670514659,1.4125825067655766,Medium,0.4070514670514661,After_Lunch
409:30,0.707407407407409,0.33333333333333304,0.37662337662337686,0.47245470578803966,0.42762866762866797,1.4480622576621356,Medium,0.42762866762866825,After_Lunch
410:00,0.707407407407409,0.11111111111111072,0.37662337662337686,0.39838063171396554,0.3498508898508902,1.3975169708215773,Medium,0.3498508898508905,After_Lunch
410:30,0.707407407407409,0.11111111111111072,0.33766233766233755,0.38539361872695244,0.33231842231842246,1.3464709087967273,Low,0.3323184223184228,After_Lunch
411:00,0.707407407407409,0.11111111111111072,0.3116883116883118,0.37673561006894385,0.3206301106301109,1.3134803020871109,Low,0.3206301106301112,After_Lunch
411:30,0.707407407407409,0.11111111111111072,0.3246753246753249,0.3810646143979482,0.3264742664742668,1.3298733082658034,Low,0.32647426647426714,After_Lunch
412:00,0.7481481481481467,0.11111111111111072,0.35064935064935066,0.403302869969536,0.3463107263107259,1.3632756571376512,Low,0.34631072631072624,After_Lunch
412:30,0.7481481481481467,0.11111111111111072,0.37662337662337686,0.41196087862754477,0.35799903799903765,1.3975169708215773,Medium,0.357999037999038,After_Lunch
413:00,0.7481481481481467,0.7222222222222214,0.35064935064935066,0.6070065736732396,0.5601996151996146,1.8058601512314285,Medium,0.5601996151996147,After_Lunch
413:30,0.7481481481481467,0.7222222222222214,0.35064935064935066,0.6070065736732396,0.5601996151996146,1.8058601512314285,Medium,0.5601996151996147,After_Lunch
414:00,0.7481481481481467,0.7222222222222214,0.3246753246753249,0.598348565015231,0.5485113035113031,1.7616138020287677,Medium,0.5485113035113031,After_Lunch
414:30,0.7481481481481467,0.7222222222222214,0.3246753246753249,0.598348565015231,0.5485113035113031,1.7616138020287677,Medium,0.5485113035113031,After_Lunch
415:00,0.7481481481481467,0.7222222222222214,0.35064935064935066,0.6070065736732396,0.5601996151996146,1.8058601512314285,Medium,0.5601996151996147,After_Lunch
415:30,0.7888888888888843,0.7222222222222214,0.36363636363636376,0.6249158249158232,0.574191919191918,1.8283983473276715,Medium,0.5741919191919181,After_Lunch
416:00,0.7481481481481467,1.0,0.37662337662337686,0.7082571749238412,0.6691101491101489,1.9831709819012502,High,0.6691101491101489,After_Lunch
416:30,0.7888888888888843,1.0,0.36363636363636376,0.717508417508416,0.6714141414141406,1.95872494335183,Medium,0.6714141414141405,After_Lunch
417:00,0.7888888888888843,1.0,0.36363636363636376,0.717508417508416,0.6714141414141406,1.95872494335183,Medium,0.6714141414141405,After_Lunch
417:30,0.7888888888888843,1.0,0.3896103896103895,0.7261664261664246,0.6831024531024522,2.007922121380123,High,0.6831024531024521,After_Lunch
418:00,0.7481481481481467,1.0,0.3896103896103895,0.7125861792528454,0.6749543049543046,2.007922121380123,High,0.6749543049543045,After_Lunch
418:30,0.7888888888888843,1.0,0.3896103896103895,0.7261664261664246,0.6831024531024522,2.007922121380123,High,0.6831024531024521,After_Lunch
419:00,0.7888888888888843,1.0,0.4025974025974026,0.730495430495429,0.6889466089466081,2.032982169627375,High,0.688946608946608,After_Lunch
419:30,0.7481481481481467,0.44444444444444375,0.4155844155844157,0.5360590027256688,0.49219817219817175,1.6122210084163975,Medium,0.49219817219817186,After_Lunch
420:00,0.7888888888888843,0.44444444444444375,0.4155844155844157,0.5496392496392479,0.5003463203463193,1.6122210084163975,Medium,0.5003463203463194,After_Lunch
420:30,0.7888888888888843,0.44444444444444375,0.3896103896103895,0.5409812409812392,0.48865800865800746,1.5727191158243186,Medium,0.4886580086580077,After_Lunch
421:00,0.7888888888888843,0.44444444444444375,0.3896103896103895,0.5409812409812392,0.48865800865800746,1.5727191158243186,Medium,0.4886580086580077,After_Lunch
421:30,0.7888888888888843,0.44444444444444375,0.4285714285714288,0.5539682539682523,0.5061904761904752,1.6323424741973402,Medium,0.5061904761904754,After_Lunch
422:00,0.7888888888888843,1.0,0.4415584415584415,0.743482443482442,0.7064790764790756,2.110054561795841,High,0.7064790764790755,After_Lunch
422:30,0.7888888888888843,1.0,0.4285714285714288,0.7391534391534377,0.7006349206349198,2.0840444619961813,High,0.7006349206349197,After_Lunch
423:00,0.7888888888888843,1.0,0.4155844155844157,0.7348244348244334,0.694790764790764,2.058354982005998,High,0.6947907647907638,After_Lunch
423:30,0.7888888888888843,1.0,0.4285714285714288,0.7391534391534377,0.7006349206349198,2.0840444619961813,High,0.7006349206349197,After_Lunch
424:00,0.7888888888888843,1.0,0.4025974025974026,0.730495430495429,0.6889466089466081,2.032982169627375,High,0.688946608946608,After_Lunch
424:30,0.7888888888888843,1.0,0.3896103896103895,0.7261664261664246,0.6831024531024522,2.007922121380123,High,0.6831024531024521,After_Lunch
425:00,0.7888888888888843,1.0,0.4285714285714288,0.7391534391534377,0.7006349206349198,2.0840444619961813,High,0.7006349206349197,After_Lunch
425:30,0.7888888888888843,0.0,0.4285714285714288,0.40582010582010436,0.35063492063491986,1.468601310812953,Medium,0.35063492063492024,After_Lunch
426:00,0.7888888888888843,0.0,0.4155844155844157,0.4014911014911,0.344790764790764,1.4504982402328035,Medium,0.3447907647907643,After_Lunch
426:30,0.7888888888888843,0.0,0.4025974025974026,0.39716209716209566,0.33894660894660805,1.4326183215469204,Medium,0.33894660894660844,After_Lunch
427:00,0.7888888888888843,0.0,0.4025974025974026,0.39716209716209566,0.33894660894660805,1.4326183215469204,Medium,0.33894660894660844,After_Lunch
427:30,0.7888888888888843,0.0,0.4155844155844157,0.4014911014911,0.344790764790764,1.4504982402328035,Medium,0.3447907647907643,After_Lunch
428:00,0.7888888888888843,0.0,0.4285714285714288,0.40582010582010436,0.35063492063491986,1.468601310812953,Medium,0.35063492063492024,After_Lunch
428:30,0.7888888888888843,0.7777777777777777,0.4025974025974026,0.6564213564213549,0.6111688311688303,1.9654841631664108,Medium,0.6111688311688303,After_Lunch
429:00,0.7888888888888843,0.7777777777777777,0.37662337662337686,0.6477633477633463,0.5994805194805186,1.9173267803389207,Medium,0.5994805194805186,After_Lunch
429:30,0.7888888888888843,0.7777777777777777,0.3896103896103895,0.6520923520923505,0.6053246753246744,1.941256145481835,Medium,0.6053246753246744,After_Lunch
430:00,0.7888888888888843,0.7777777777777777,0.4025974025974026,0.6564213564213549,0.6111688311688303,1.9654841631664108,Medium,0.6111688311688303,After_Lunch
430:30,0.7888888888888843,0.7777777777777777,0.37662337662337686,0.6477633477633463,0.5994805194805186,1.9173267803389207,Medium,0.5994805194805186,After_Lunch
431:00,0.7888888888888843,0.7777777777777777,0.37662337662337686,0.6477633477633463,0.5994805194805186,1.9173267803389207,Medium,0.5994805194805186,After_Lunch
431:30,0.7481481481481467,0.7777777777777777,0.4025974025974026,0.6428411095077756,0.6030206830206827,1.9654841631664108,Medium,0.6030206830206827,After_Lunch
432:00,0.7481481481481467,0.22222222222222143,0.3896103896103895,0.4533269199935859,0.40273208273208216,1.4149588040193055,Medium,0.4027320827320824,After_Lunch
432:30,0.7481481481481467,0.22222222222222143,0.36363636363636376,0.4446689113355773,0.3910437710437705,1.3802901386149962,Medium,0.39104377104377086,After_Lunch
433:00,0.7888888888888843,0.22222222222222143,0.37662337662337686,0.46257816257816087,0.405036075036074,1.3975169708215773,Medium,0.40503607503607425,After_Lunch
433:30,0.7481481481481467,0.22222222222222143,0.4025974025974026,0.4576559243225902,0.40857623857623804,1.4326183215469204,Medium,0.40857623857623826,After_Lunch
434:00,0.7481481481481467,0.22222222222222143,0.4155844155844157,0.46198492865159463,0.4144203944203939,1.4504982402328035,Medium,0.41442039442039424,After_Lunch
434:30,0.7481481481481467,0.9444444444444438,0.3896103896103895,0.6940676607343267,0.6555098605098599,2.007922121380123,High,0.6555098605098598,After_Lunch
435:00,0.7481481481481467,0.9444444444444438,0.37662337662337686,0.6897386564053224,0.6496657046657042,1.9831709819012502,High,0.6496657046657042,After_Lunch
435:30,0.7481481481481467,0.9444444444444438,0.3896103896103895,0.6940676607343267,0.6555098605098599,2.007922121380123,High,0.6555098605098598,After_Lunch
436:00,0.7481481481481467,0.9444444444444438,0.4025974025974026,0.698396665063331,0.6613540163540158,2.032982169627375,High,0.6613540163540158,After_Lunch
436:30,0.7481481481481467,0.9444444444444438,0.4155844155844157,0.7027256693923354,0.6671981721981717,2.058354982005998,High,0.6671981721981717,After_Lunch
437:00,0.7481481481481467,0.9444444444444438,0.4025974025974026,0.698396665063331,0.6613540163540158,2.032982169627375,High,0.6613540163540158,After_Lunch
437:30,0.7481481481481467,0.833333333333333,0.37662337662337686,0.6527016193682855,0.6107768157768154,1.9831709819012502,High,0.6107768157768155,After_Lunch
438:00,0.7481481481481467,0.833333333333333,0.3896103896103895,0.6570306236972897,0.6166209716209712,2.007922121380123,High,0.6166209716209712,After_Lunch
438:30,0.7481481481481467,0.833333333333333,0.36363636363636376,0.6483726150392811,0.6049326599326595,1.95872494335183,Medium,0.6049326599326595,After_Lunch
439:00,0.7481481481481467,0.833333333333333,0.36363636363636376,0.6483726150392811,0.6049326599326595,1.95872494335183,Medium,0.6049326599326595,After_Lunch
439:30,0.7481481481481467,0.833333333333333,0.3896103896103895,0.6570306236972897,0.6166209716209712,2.007922121380123,High,0.6166209716209712,After_Lunch
440:00,0.7481481481481467,0.833333333333333,0.4025974025974026,0.6613596280262941,0.622465127465127,2.032982169627375,High,0.622465127465127,After_Lunch
440:30,0.7481481481481467,0.833333333333333,0.4025974025974026,0.6613596280262941,0.622465127465127,2.032982169627375,High,0.622465127465127,After_Lunch
441:00,0.7481481481481467,0.5,0.35064935064935066,0.5329324995991658,0.4824218374218371,1.5693855976585787,Medium,0.4824218374218373,After_Lunch
441:30,0.7481481481481467,0.5,0.3246753246753249,0.5242744909411572,0.47073352573352556,1.5309332384654943,Medium,0.47073352573352567,After_Lunch
442:00,0.7481481481481467,0.5,0.35064935064935066,0.5329324995991658,0.4824218374218371,1.5693855976585787,Medium,0.4824218374218373,After_Lunch
442:30,0.7481481481481467,0.5,0.2987012987012987,0.5156164822831485,0.4590452140452137,1.493423021171583,Medium,0.4590452140452139,After_Lunch
443:00,0.7481481481481467,0.5,0.27272727272727293,0.5069584736251399,0.4473569023569022,1.4568318618523017,Medium,0.4473569023569023,After_Lunch
443:30,0.7481481481481467,0.5,0.3116883116883118,0.5199454866121528,0.46488936988936963,1.512061818247235,Medium,0.4648893698893698,After_Lunch
444:00,0.7481481481481467,0.44444444444444375,0.3246753246753249,0.5057559724226385,0.45128908128908085,1.4781470439938118,Medium,0.4512890812890811,After_Lunch
444:30,0.707407407407409,0.44444444444444375,0.3246753246753249,0.49217572550905925,0.44314093314093334,1.4781470439938118,Medium,0.4431409331409335,After_Lunch
445:00,0.7481481481481467,0.44444444444444375,0.3116883116883118,0.5014269680936341,0.445444925444925,1.4599263056162552,Medium,0.4454449254449251,After_Lunch
445:30,0.7481481481481467,0.44444444444444375,0.3116883116883118,0.5014269680936341,0.445444925444925,1.4599263056162552,Medium,0.4454449254449251,After_Lunch
446:00,0.7481481481481467,0.44444444444444375,0.3116883116883118,0.5014269680936341,0.445444925444925,1.4599263056162552,Medium,0.4454449254449251,After_Lunch
446:30,0.7481481481481467,0.44444444444444375,0.3116883116883118,0.5014269680936341,0.445444925444925,1.4599263056162552,Medium,0.4454449254449251,After_Lunch
447:00,0.707407407407409,0.833333333333333,0.3116883116883118,0.6174763508096847,0.5734078884078886,1.8639172724082873,Medium,0.5734078884078887,After_Lunch
447:30,0.7481481481481467,0.833333333333333,0.3246753246753249,0.6353856020522682,0.587400192400192,1.8871800555003588,Medium,0.5874001924001921,After_Lunch
448:00,0.7481481481481467,0.833333333333333,0.3246753246753249,0.6353856020522682,0.587400192400192,1.8871800555003588,Medium,0.5874001924001921,After_Lunch
448:30,0.7481481481481467,0.833333333333333,0.3116883116883118,0.6310565977232638,0.5815560365560362,1.8639172724082873,Medium,0.5815560365560362,After_Lunch
449:00,0.7481481481481467,0.833333333333333,0.2857142857142856,0.6223985890652551,0.5698677248677244,1.8182484345065197,Medium,0.5698677248677244,After_Lunch
449:30,0.7481481481481467,0.833333333333333,0.2987012987012987,0.6267275933942594,0.5757118807118803,1.840941243659349,Medium,0.5757118807118803,After_Lunch
450:00,0.7481481481481467,0.2777777777777777,0.3116883116883118,0.4458714125380787,0.38711159211159185,1.314059695435708,Low,0.3871115921115921,After_Lunch
450:30,0.7481481481481467,0.2777777777777777,0.3116883116883118,0.4458714125380787,0.38711159211159185,1.314059695435708,Low,0.3871115921115921,After_Lunch
451:00,0.7481481481481467,0.2777777777777777,0.3116883116883118,0.4458714125380787,0.38711159211159185,1.314059695435708,Low,0.3871115921115921,After_Lunch
451:30,0.7481481481481467,0.2777777777777777,0.3116883116883118,0.4458714125380787,0.38711159211159185,1.314059695435708,Low,0.3871115921115921,After_Lunch
452:00,0.7481481481481467,0.2777777777777777,0.2857142857142856,0.43721340388006996,0.37542328042328005,1.2818632132675045,Low,0.3754232804232803,After_Lunch
452:30,0.7481481481481467,0.2777777777777777,0.2857142857142856,0.43721340388006996,0.37542328042328005,1.2818632132675045,Low,0.3754232804232803,After_Lunch
453:00,0.7481481481481467,0.833333333333333,0.3116883116883118,0.6310565977232638,0.5815560365560362,1.8639172724082873,Medium,0.5815560365560362,After_Lunch
453:30,0.7481481481481467,0.833333333333333,0.3246753246753249,0.6353856020522682,0.587400192400192,1.8871800555003588,Medium,0.5874001924001921,After_Lunch
454:00,0.7888888888888843,0.833333333333333,0.2987012987012987,0.6403078403078387,0.5838600288600279,1.840941243659349,Medium,0.5838600288600279,After_Lunch
454:30,0.7481481481481467,0.833333333333333,0.2857142857142856,0.6223985890652551,0.5698677248677244,1.8182484345065197,Medium,0.5698677248677244,After_Lunch
455:00,0.7888888888888843,0.833333333333333,0.3116883116883118,0.644636844636843,0.5897041847041837,1.8639172724082873,Medium,0.5897041847041837,After_Lunch
455:30,0.7888888888888843,0.833333333333333,0.3116883116883118,0.644636844636843,0.5897041847041837,1.8639172724082873,Medium,0.5897041847041837,After_Lunch
456:00,0.7888888888888843,0.833333333333333,0.3116883116883118,0.644636844636843,0.5897041847041837,1.8639172724082873,Medium,0.5897041847041837,After_Lunch
456:30,0.7888888888888843,0.44444444444444375,0.3116883116883118,0.5150072150072132,0.45359307359307255,1.4599263056162552,Medium,0.45359307359307266,After_Lunch
457:00,0.8333333333333357,0.44444444444444375,0.2857142857142856,0.5211640211640217,0.45079365079365097,1.4241558673104984,Medium,0.4507936507936512,After_Lunch
457:30,0.8333333333333357,0.44444444444444375,0.27272727272727293,0.5168350168350174,0.4449494949494953,1.4066006642794022,Medium,0.4449494949494954,After_Lunch
458:00,0.8333333333333357,0.44444444444444375,0.2857142857142856,0.5211640211640217,0.45079365079365097,1.4241558673104984,Medium,0.4507936507936512,After_Lunch
458:30,0.8333333333333357,0.44444444444444375,0.2987012987012987,0.525493025493026,0.45663780663780684,1.4419301695936353,Medium,0.45663780663780706,After_Lunch
459:00,0.8333333333333357,0.44444444444444375,0.2987012987012987,0.525493025493026,0.45663780663780684,1.4419301695936353,Medium,0.45663780663780706,After_Lunch
459:30,0.8333333333333357,0.6111111111111107,0.2597402597402598,0.5680615680615687,0.4974386724386728,1.5434762525932393,Medium,0.4974386724386729,After_Lunch
460:00,0.8740740740740733,0.6111111111111107,0.22077922077922096,0.568654801988135,0.48805435305435285,1.508280461638197,Medium,0.48805435305435296,After_Lunch
460:30,0.8740740740740733,0.6111111111111107,0.2597402597402598,0.581641814975148,0.5055868205868204,1.5434762525932393,Medium,0.5055868205868204,After_Lunch
461:00,0.8740740740740733,0.6111111111111107,0.2857142857142856,0.5902998236331566,0.5172751322751319,1.582243653926951,Medium,0.5172751322751321,After_Lunch
461:30,0.8740740740740733,0.6111111111111107,0.2857142857142856,0.5902998236331566,0.5172751322751319,1.582243653926951,Medium,0.5172751322751321,After_Lunch
462:00,0.8740740740740733,0.6111111111111107,0.2597402597402598,0.581641814975148,0.5055868205868204,1.5434762525932393,Medium,0.5055868205868204,After_Lunch
462:30,0.9148148148148181,0.7777777777777777,0.24675324675324672,0.6464486131152808,0.5662241462241469,1.6936711341166075,Medium,0.5662241462241469,After_Lunch
463:00,0.9148148148148181,0.7777777777777777,0.24675324675324672,0.6464486131152808,0.5662241462241469,1.6936711341166075,Medium,0.5662241462241469,After_Lunch
463:30,0.9148148148148181,0.7777777777777777,0.19480519480519476,0.6291325957992635,0.5428475228475235,1.6757064613130195,Medium,0.5428475228475235,After_Lunch
464:00,0.9148148148148181,0.7777777777777777,0.20779220779220786,0.6334616001282679,0.5486916786916793,1.6757064613130195,Medium,0.5486916786916793,After_Lunch
464:30,0.9148148148148181,0.7777777777777777,0.20779220779220786,0.6334616001282679,0.5486916786916793,1.6757064613130195,Medium,0.5486916786916793,After_Lunch
465:00,0.9555555555555557,0.7777777777777777,0.19480519480519476,0.6427128427128427,0.5509956709956709,1.6757064613130195,Medium,0.5509956709956709,After_Lunch
465:30,0.9555555555555557,0.9444444444444438,0.1558441558441559,0.6852813852813852,0.5917965367965365,1.7332530178673953,Medium,0.5917965367965365,After_Lunch
466:00,0.9555555555555557,0.9444444444444438,0.1428571428571428,0.6809523809523808,0.5859523809523807,1.7332530178673953,Medium,0.5859523809523807,After_Lunch
466:30,0.9555555555555557,0.9444444444444438,0.168831168831169,0.6896103896103895,0.5976406926406924,1.7332530178673953,Medium,0.5976406926406924,After_Lunch
467:00,0.9555555555555557,0.9444444444444438,0.1558441558441559,0.6852813852813852,0.5917965367965365,1.7332530178673953,Medium,0.5917965367965365,After_Lunch
467:30,0.9555555555555557,0.9444444444444438,0.1558441558441559,0.6852813852813852,0.5917965367965365,1.7332530178673953,Medium,0.5917965367965365,After_Lunch
468:00,0.9555555555555557,0.9444444444444438,0.168831168831169,0.6896103896103895,0.5976406926406924,1.7332530178673953,Medium,0.5976406926406924,After_Lunch
468:30,1.0,0.7222222222222214,0.1558441558441559,0.6260221260221258,0.5229076479076477,1.6179285223919309,Medium,0.5229076479076477,After_Lunch
469:00,0.9555555555555557,0.7222222222222214,0.1558441558441559,0.611207311207311,0.5140187590187588,1.6179285223919309,Medium,0.5140187590187588,After_Lunch
469:30,1.0,0.7222222222222214,0.1558441558441559,0.6260221260221258,0.5229076479076477,1.6179285223919309,Medium,0.5229076479076477,After_Lunch
470:00,0.9555555555555557,0.7222222222222214,0.11688311688311703,0.5982202982202981,0.4964862914862913,1.6179285223919309,Medium,0.4964862914862913,After_Lunch
470:30,0.9555555555555557,0.7222222222222214,0.10389610389610393,0.5938912938912937,0.49064213564213544,1.6179285223919309,Medium,0.49064213564213544,After_Lunch
471:00,0.9555555555555557,0.7222222222222214,0.1428571428571428,0.6068783068783067,0.508174603174603,1.6179285223919309,Medium,0.508174603174603,After_Lunch
471:30,0.9555555555555557,1.0,0.1558441558441559,0.7037999037999039,0.6112409812409813,1.7332530178673953,Medium,0.6112409812409811,After_Lunch
472:00,0.9555555555555557,1.0,0.168831168831169,0.7081289081289083,0.6170851370851371,1.7332530178673953,Medium,0.617085137085137,After_Lunch
472:30,1.0,1.0,0.168831168831169,0.722943722943723,0.6259740259740261,1.7332530178673953,Medium,0.6259740259740258,After_Lunch
473:00,1.0,1.0,0.168831168831169,0.722943722943723,0.6259740259740261,1.7332530178673953,Medium,0.6259740259740258,After_Lunch
473:30,1.0,1.0,0.168831168831169,0.722943722943723,0.6259740259740261,1.7332530178673953,Medium,0.6259740259740258,After_Lunch
474:00,0.9555555555555557,1.0,0.11688311688311703,0.6908128908128909,0.5937085137085137,1.7332530178673953,Medium,0.5937085137085136,After_Lunch
474:30,0.9555555555555557,0.7222222222222214,0.10389610389610393,0.5938912938912937,0.49064213564213544,1.6179285223919309,Medium,0.49064213564213544,After_Lunch
475:00,0.9555555555555557,0.7222222222222214,0.1558441558441559,0.611207311207311,0.5140187590187588,1.6179285223919309,Medium,0.5140187590187588,After_Lunch
475:30,0.9555555555555557,0.7222222222222214,0.1558441558441559,0.611207311207311,0.5140187590187588,1.6179285223919309,Medium,0.5140187590187588,After_Lunch
476:00,0.9555555555555557,0.7222222222222214,0.1428571428571428,0.6068783068783067,0.508174603174603,1.6179285223919309,Medium,0.508174603174603,After_Lunch
476:30,0.9555555555555557,0.7222222222222214,0.1428571428571428,0.6068783068783067,0.508174603174603,1.6179285223919309,Medium,0.508174603174603,After_Lunch
477:00,0.9555555555555557,0.7222222222222214,0.168831168831169,0.6155363155363154,0.5198629148629147,1.6179285223919309,Medium,0.5198629148629147,After_Lunch
477:30,0.9555555555555557,0.33333333333333304,0.1558441558441559,0.48157768157768155,0.37790764790764786,1.2655783596362373,Low,0.3779076479076481,After_Lunch
478:00,0.9555555555555557,0.33333333333333304,0.11688311688311703,0.4685906685906686,0.36037518037518035,1.2655783596362373,Low,0.36037518037518057,After_Lunch
478:30,0.9555555555555557,0.33333333333333304,0.12987012987013014,0.47291967291967296,0.3662193362193363,1.2655783596362373,Low,0.36621933621933644,After_Lunch
479:00,0.9555555555555557,0.33333333333333304,0.168831168831169,0.4859066859066859,0.38375180375180373,1.2655783596362373,Low,0.38375180375180395,After_Lunch
479:30,0.9555555555555557,0.33333333333333304,0.1818181818181821,0.4902356902356903,0.3895959595959596,1.2655783596362373,Low,0.38959595959595983,After_Lunch
480:00,0.9148148148148181,0.33333333333333304,0.19480519480519476,0.4809844476511153,0.3872919672919678,1.2655783596362373,Low,0.387291967291968,After_Lunch
480:30,0.9148148148148181,0.7222222222222214,0.19480519480519476,0.6106140772807448,0.5234030784030788,1.6179285223919309,Medium,0.5234030784030788,After_Lunch
481:00,0.9148148148148181,0.7222222222222214,0.1818181818181821,0.6062850729517405,0.5175589225589231,1.6179285223919309,Medium,0.5175589225589231,After_Lunch
481:30,0.9148148148148181,0.7222222222222214,0.1818181818181821,0.6062850729517405,0.5175589225589231,1.6179285223919309,Medium,0.5175589225589231,After_Lunch
482:00,0.9148148148148181,0.7222222222222214,0.168831168831169,0.6019560686227362,0.5117147667147672,1.6179285223919309,Medium,0.5117147667147672,After_Lunch
482:30,0.9148148148148181,0.7222222222222214,0.168831168831169,0.6019560686227362,0.5117147667147672,1.6179285223919309,Medium,0.5117147667147672,After_Lunch
483:00,0.9148148148148181,0.7222222222222214,0.1818181818181821,0.6062850729517405,0.5175589225589231,1.6179285223919309,Medium,0.5175589225589231,After_Lunch
483:30,0.9148148148148181,0.2777777777777777,0.19480519480519476,0.4624659291325968,0.3678475228475234,1.2219415348992742,Low,0.36784752284752364,After_Lunch
484:00,0.9148148148148181,0.2777777777777777,0.19480519480519476,0.4624659291325968,0.3678475228475234,1.2219415348992742,Low,0.36784752284752364,After_Lunch
484:30,0.9148148148148181,0.2777777777777777,0.168831168831169,0.45380792047458823,0.3561592111592119,1.2219415348992742,Low,0.3561592111592121,After_Lunch
485:00,0.9148148148148181,0.2777777777777777,0.1558441558441559,0.4494789161455839,0.35031505531505597,1.2219415348992742,Low,0.3503150553150562,After_Lunch
485:30,0.9148148148148181,0.2777777777777777,0.168831168831169,0.45380792047458823,0.3561592111592119,1.2219415348992742,Low,0.3561592111592121,After_Lunch
486:00,0.9148148148148181,0.2777777777777777,0.1818181818181821,0.45813692480359264,0.36200336700336777,1.2219415348992742,Low,0.362003367003368,After_Lunch
486:30,0.9148148148148181,0.2777777777777777,0.1818181818181821,0.45813692480359264,0.36200336700336777,1.2219415348992742,Low,0.362003367003368,After_Lunch
487:00,0.9148148148148181,0.16666666666666607,0.1818181818181821,0.42109988776655544,0.3231144781144787,1.2214027581601699,Low,0.32311447811447896,After_Lunch
487:30,0.9555555555555557,0.16666666666666607,0.1818181818181821,0.4346801346801346,0.3312626262626262,1.2214027581601699,Low,0.3312626262626265,After_Lunch
488:00,0.9148148148148181,0.16666666666666607,0.1818181818181821,0.42109988776655544,0.3231144781144787,1.2214027581601699,Low,0.32311447811447896,After_Lunch
488:30,0.9148148148148181,0.16666666666666607,0.19480519480519476,0.4254288920955596,0.3289586339586344,1.2214027581601699,Low,0.32895863395863467,After_Lunch
489:00,0.9555555555555557,0.16666666666666607,0.1818181818181821,0.4346801346801346,0.3312626262626262,1.2214027581601699,Low,0.3312626262626265,After_Lunch
489:30,0.9555555555555557,0.16666666666666607,0.1558441558441559,0.4260221260221259,0.3195743145743144,1.2214027581601699,Low,0.31957431457431473,After_Lunch
490:00,0.9555555555555557,0.6666666666666661,0.1428571428571428,0.5883597883597882,0.48873015873015857,1.5621427523280027,Medium,0.48873015873015857,After_Lunch
490:30,0.9555555555555557,0.6666666666666661,0.168831168831169,0.5970177970177969,0.5004184704184703,1.5621427523280027,Medium,0.5004184704184703,After_Lunch
491:00,0.9555555555555557,0.6666666666666661,0.168831168831169,0.5970177970177969,0.5004184704184703,1.5621427523280027,Medium,0.5004184704184703,After_Lunch
491:30,0.9555555555555557,0.6666666666666661,0.168831168831169,0.5970177970177969,0.5004184704184703,1.5621427523280027,Medium,0.5004184704184703,After_Lunch
492:00,0.9555555555555557,0.6666666666666661,0.1818181818181821,0.6013468013468013,0.5062626262626262,1.5621427523280027,Medium,0.5062626262626262,After_Lunch
492:30,0.9555555555555557,0.6666666666666661,0.1818181818181821,0.6013468013468013,0.5062626262626262,1.5621427523280027,Medium,0.5062626262626262,After_Lunch
493:00,0.9555555555555557,0.5555555555555554,0.1818181818181821,0.5643097643097644,0.46737373737373744,1.4562753292356412,Medium,0.46737373737373755,After_Lunch
493:30,0.9555555555555557,0.5555555555555554,0.168831168831169,0.55998075998076,0.46152958152958157,1.4562753292356412,Medium,0.4615295815295817,After_Lunch
494:00,0.9555555555555557,0.5555555555555554,0.1428571428571428,0.5513227513227513,0.4498412698412698,1.4562753292356412,Medium,0.4498412698412698,After_Lunch
494:30,0.9555555555555557,0.5555555555555554,0.12987012987013014,0.546993746993747,0.44399711399711406,1.4562753292356412,Medium,0.44399711399711417,After_Lunch
495:00,0.9555555555555557,0.5555555555555554,0.09090909090909083,0.5340067340067339,0.4264646464646464,1.4562753292356412,Medium,0.42646464646464644,After_Lunch
495:30,0.9555555555555557,0.5555555555555554,0.10389610389610393,0.5383357383357383,0.4323088023088023,1.4562753292356412,Medium,0.43230880230880236,After_Lunch
496:00,0.9555555555555557,0.833333333333333,0.12987012987013014,0.6395863395863396,0.5412193362193363,1.7332530178673953,Medium,0.5412193362193363,After_Lunch
496:30,0.9555555555555557,0.833333333333333,0.12987012987013014,0.6395863395863396,0.5412193362193363,1.7332530178673953,Medium,0.5412193362193363,After_Lunch
497:00,0.9555555555555557,0.833333333333333,0.12987012987013014,0.6395863395863396,0.5412193362193363,1.7332530178673953,Medium,0.5412193362193363,After_Lunch
497:30,0.9555555555555557,0.833333333333333,0.11688311688311703,0.6352573352573353,0.5353751803751803,1.7332530178673953,Medium,0.5353751803751803,After_Lunch
498:00,0.9555555555555557,0.833333333333333,0.12987012987013014,0.6395863395863396,0.5412193362193363,1.7332530178673953,Medium,0.5412193362193363,After_Lunch
498:30,0.9555555555555557,0.833333333333333,0.12987012987013014,0.6395863395863396,0.5412193362193363,1.7332530178673953,Medium,0.5412193362193363,After_Lunch
499:00,0.9555555555555557,0.7222222222222214,0.1428571428571428,0.6068783068783067,0.508174603174603,1.6179285223919309,Medium,0.508174603174603,After_Lunch
499:30,0.9555555555555557,0.7222222222222214,0.12987012987013014,0.6025493025493024,0.5023304473304472,1.6179285223919309,Medium,0.5023304473304472,After_Lunch
500:00,0.9555555555555557,0.7222222222222214,0.12987012987013014,0.6025493025493024,0.5023304473304472,1.6179285223919309,Medium,0.5023304473304472,After_Lunch
500:30,0.9555555555555557,0.7222222222222214,0.09090909090909083,0.5895622895622893,0.48479797979797956,1.6179285223919309,Medium,0.48479797979797956,After_Lunch
501:00,0.9555555555555557,0.7222222222222214,0.051948051948051965,0.5765752765752764,0.46726551226551205,1.6179285223919309,Medium,0.46726551226551205,After_Lunch
501:30,0.9555555555555557,0.7222222222222214,0.07792207792207817,0.5852332852332851,0.4789538239538238,1.6179285223919309,Medium,0.4789538239538238,After_Lunch
502:00,0.9555555555555557,0.7222222222222214,0.11688311688311703,0.5982202982202981,0.4964862914862913,1.6179285223919309,Medium,0.4964862914862913,After_Lunch
502:30,0.9555555555555557,0.16666666666666607,0.10389610389610393,0.4087061087061086,0.296197691197691,1.2214027581601699,Low,0.2961976911976913,After_Lunch
503:00,0.9555555555555557,0.16666666666666607,0.07792207792207817,0.4000481000481,0.28450937950937943,1.2214027581601699,Low,0.2845093795093797,After_Lunch
503:30,0.9555555555555557,0.16666666666666607,0.06493506493506507,0.39571909571909564,0.27866522366522356,1.2214027581601699,Low,0.27866522366522384,After_Lunch
504:00,1.0,0.16666666666666607,0.07792207792207817,0.41486291486291477,0.2933982683982683,1.2214027581601699,Low,0.29339826839826855,After_Lunch
504:30,1.0,0.16666666666666607,0.10389610389610393,0.42352092352092335,0.3050865800865799,1.2214027581601699,Low,0.3050865800865802,After_Lunch
505:00,1.0,0.16666666666666607,0.10389610389610393,0.42352092352092335,0.3050865800865799,1.2214027581601699,Low,0.3050865800865802,After_Lunch
505:30,0.9555555555555557,0.7222222222222214,0.11688311688311703,0.5982202982202981,0.4964862914862913,1.6179285223919309,Medium,0.4964862914862913,After_Lunch
506:00,1.0,0.7222222222222214,0.10389610389610393,0.6087061087061084,0.49953102453102427,1.6179285223919309,Medium,0.49953102453102427,After_Lunch
506:30,1.0,0.7222222222222214,0.09090909090909083,0.6043771043771041,0.4936868686868684,1.6179285223919309,Medium,0.4936868686868684,After_Lunch
507:00,1.0,0.7222222222222214,0.09090909090909083,0.6043771043771041,0.4936868686868684,1.6179285223919309,Medium,0.4936868686868684,After_Lunch
507:30,0.9555555555555557,0.7222222222222214,0.10389610389610393,0.5938912938912937,0.49064213564213544,1.6179285223919309,Medium,0.49064213564213544,After_Lunch
508:00,1.0,0.7222222222222214,0.10389610389610393,0.6087061087061084,0.49953102453102427,1.6179285223919309,Medium,0.49953102453102427,After_Lunch
508:30,1.0,0.5555555555555554,0.09090909090909083,0.5488215488215488,0.43535353535353527,1.4562753292356412,Medium,0.4353535353535353,After_Lunch
509:00,1.0,0.5555555555555554,0.09090909090909083,0.5488215488215488,0.43535353535353527,1.4562753292356412,Medium,0.4353535353535353,After_Lunch
509:30,1.0,0.5555555555555554,0.10389610389610393,0.5531505531505531,0.44119769119769114,1.4562753292356412,Medium,0.44119769119769126,After_Lunch
510:00,0.9555555555555557,0.5555555555555554,0.10389610389610393,0.5383357383357383,0.4323088023088023,1.4562753292356412,Medium,0.43230880230880236,After_Lunch
510:30,1.0,0.5555555555555554,0.09090909090909083,0.5488215488215488,0.43535353535353527,1.4562753292356412,Medium,0.4353535353535353,After_Lunch
511:00,1.0,0.5555555555555554,0.09090909090909083,0.5488215488215488,0.43535353535353527,1.4562753292356412,Medium,0.4353535353535353,After_Lunch
511:30,1.0,0.5555555555555554,0.09090909090909083,0.5488215488215488,0.43535353535353527,1.4562753292356412,Medium,0.4353535353535353,After_Lunch
512:00,0.9555555555555557,0.22222222222222143,0.10389610389610393,0.427224627224627,0.3156421356421354,1.2214027581601699,Low,0.31564213564213567,After_Lunch
512:30,0.9555555555555557,0.22222222222222143,0.10389610389610393,0.427224627224627,0.3156421356421354,1.2214027581601699,Low,0.31564213564213567,After_Lunch
513:00,0.9555555555555557,0.22222222222222143,0.09090909090909083,0.42289562289562266,0.3097979797979795,1.2214027581601699,Low,0.30979797979797974,After_Lunch
513:30,1.0,0.22222222222222143,0.07792207792207817,0.4333814333814332,0.3128427128427127,1.2214027581601699,Low,0.3128427128427129,After_Lunch
514:00,0.9555555555555557,0.22222222222222143,0.10389610389610393,0.427224627224627,0.3156421356421354,1.2214027581601699,Low,0.31564213564213567,After_Lunch
514:30,0.9555555555555557,0.22222222222222143,0.10389610389610393,0.427224627224627,0.3156421356421354,1.2214027581601699,Low,0.31564213564213567,After_Lunch
515:00,1.0,0.33333333333333304,0.09090909090909083,0.47474747474747464,0.35757575757575744,1.2655783596362373,Low,0.35757575757575766,After_Lunch
515:30,1.0,0.33333333333333304,0.051948051948051965,0.46176046176046165,0.3400432900432899,1.2655783596362373,Low,0.34004329004329015,After_Lunch
516:00,0.9555555555555557,0.33333333333333304,0.025974025974026205,0.43828763828763834,0.3194660894660895,1.2655783596362373,Low,0.3194660894660897,After_Lunch
516:30,0.9555555555555557,0.33333333333333304,0.051948051948051965,0.4469456469456469,0.3311544011544011,1.2655783596362373,Low,0.3311544011544013,After_Lunch
517:00,0.9555555555555557,0.33333333333333304,0.06493506493506507,0.4512746512746513,0.33699855699855696,1.2655783596362373,Low,0.3369985569985572,After_Lunch
517:30,0.9555555555555557,0.33333333333333304,0.09090909090909083,0.45993265993265986,0.3486868686868686,1.2655783596362373,Low,0.34868686868686877,After_Lunch
518:00,0.9555555555555557,0.833333333333333,0.09090909090909083,0.6265993265993265,0.5236868686868685,1.7332530178673953,Medium,0.5236868686868685,After_Lunch
518:30,0.9555555555555557,0.833333333333333,0.09090909090909083,0.6265993265993265,0.5236868686868685,1.7332530178673953,Medium,0.5236868686868685,After_Lunch
519:00,0.9555555555555557,0.833333333333333,0.09090909090909083,0.6265993265993265,0.5236868686868685,1.7332530178673953,Medium,0.5236868686868685,After_Lunch
519:30,0.9555555555555557,0.833333333333333,0.09090909090909083,0.6265993265993265,0.5236868686868685,1.7332530178673953,Medium,0.5236868686868685,After_Lunch
520:00,0.9555555555555557,0.833333333333333,0.10389610389610393,0.6309283309283309,0.5295310245310244,1.7332530178673953,Medium,0.5295310245310244,After_Lunch
520:30,0.9555555555555557,0.833333333333333,0.07792207792207817,0.6222703222703223,0.5178427128427129,1.7332530178673953,Medium,0.5178427128427129,After_Lunch
521:00,0.9555555555555557,0.6111111111111107,0.051948051948051965,0.5395382395382394,0.4283766233766233,1.508280461638197,Medium,0.4283766233766233,After_Lunch
521:30,0.9555555555555557,0.6111111111111107,0.07792207792207817,0.5481962481962482,0.44006493506493505,1.508280461638197,Medium,0.44006493506493516,After_Lunch
522:00,0.9555555555555557,0.6111111111111107,0.09090909090909083,0.5525252525252524,0.4459090909090908,1.508280461638197,Medium,0.4459090909090908,After_Lunch
522:30,0.9555555555555557,0.6111111111111107,0.09090909090909083,0.5525252525252524,0.4459090909090908,1.508280461638197,Medium,0.4459090909090908,After_Lunch
523:00,0.9555555555555557,0.6111111111111107,0.09090909090909083,0.5525252525252524,0.4459090909090908,1.508280461638197,Medium,0.4459090909090908,After_Lunch
523:30,0.9555555555555557,0.6111111111111107,0.09090909090909083,0.5525252525252524,0.4459090909090908,1.508280461638197,Medium,0.4459090909090908,After_Lunch
524:00,0.9555555555555557,0.6111111111111107,0.09090909090909083,0.5525252525252524,0.4459090909090908,1.508280461638197,Medium,0.4459090909090908,After_Lunch
524:30,0.9555555555555557,0.11111111111111072,0.09090909090909083,0.38585858585858573,0.27090909090909077,1.2214027581601699,Low,0.2709090909090911,After_Lunch
525:00,0.9148148148148181,0.11111111111111072,0.09090909090909083,0.37227833894500656,0.26276094276094325,1.2214027581601699,Low,0.2627609427609435,After_Lunch
525:30,0.9555555555555557,0.11111111111111072,0.09090909090909083,0.38585858585858573,0.27090909090909077,1.2214027581601699,Low,0.2709090909090911,After_Lunch
526:00,0.9555555555555557,0.11111111111111072,0.07792207792207817,0.38152958152958155,0.2650649350649351,1.2214027581601699,Low,0.26506493506493534,After_Lunch
526:30,0.9555555555555557,0.11111111111111072,0.051948051948051965,0.3728715728715728,0.25337662337662326,1.2214027581601699,Low,0.2533766233766236,After_Lunch
527:00,0.9148148148148181,0.11111111111111072,0.051948051948051965,0.35929132595799357,0.24522847522847577,1.2214027581601699,Low,0.24522847522847607,After_Lunch
527:30,0.9148148148148181,0.7222222222222214,0.07792207792207817,0.5716530383197059,0.47080567580567634,1.6179285223919309,Medium,0.47080567580567634,After_Lunch
528:00,0.9555555555555557,0.7222222222222214,0.09090909090909083,0.5895622895622893,0.48479797979797956,1.6179285223919309,Medium,0.48479797979797956,After_Lunch
528:30,0.9148148148148181,0.7222222222222214,0.09090909090909083,0.5759820426487101,0.476649831649832,1.6179285223919309,Medium,0.476649831649832,After_Lunch
529:00,0.9555555555555557,0.7222222222222214,0.07792207792207817,0.5852332852332851,0.4789538239538238,1.6179285223919309,Medium,0.4789538239538238,After_Lunch
529:30,0.9555555555555557,0.7222222222222214,0.07792207792207817,0.5852332852332851,0.4789538239538238,1.6179285223919309,Medium,0.4789538239538238,After_Lunch
530:00,0.9555555555555557,0.7222222222222214,0.07792207792207817,0.5852332852332851,0.4789538239538238,1.6179285223919309,Medium,0.4789538239538238,After_Lunch
530:30,0.9555555555555557,0.7777777777777777,0.09090909090909083,0.6080808080808081,0.5042424242424242,1.6757064613130195,Medium,0.5042424242424242,After_Lunch
531:00,0.9555555555555557,0.7777777777777777,0.07792207792207817,0.6037518037518038,0.4983982683982685,1.6757064613130195,Medium,0.4983982683982685,After_Lunch
531:30,0.9555555555555557,0.7777777777777777,0.06493506493506507,0.5994227994227995,0.4925541125541125,1.6757064613130195,Medium,0.4925541125541125,After_Lunch
532:00,0.9555555555555557,0.7777777777777777,0.07792207792207817,0.6037518037518038,0.4983982683982685,1.6757064613130195,Medium,0.4983982683982685,After_Lunch
532:30,0.9555555555555557,0.7777777777777777,0.07792207792207817,0.6037518037518038,0.4983982683982685,1.6757064613130195,Medium,0.4983982683982685,After_Lunch
533:00,0.9148148148148181,0.7777777777777777,0.07792207792207817,0.5901715568382246,0.49025012025012094,1.6757064613130195,Medium,0.49025012025012094,After_Lunch
533:30,0.9555555555555557,0.5555555555555554,0.07792207792207817,0.5296777296777297,0.4206204906204907,1.4562753292356412,Medium,0.4206204906204908,After_Lunch
534:00,0.9555555555555557,0.5555555555555554,0.07792207792207817,0.5296777296777297,0.4206204906204907,1.4562753292356412,Medium,0.4206204906204908,After_Lunch
534:30,0.9555555555555557,0.5555555555555554,0.06493506493506507,0.5253487253487253,0.4147763347763348,1.4562753292356412,Medium,0.4147763347763349,After_Lunch
535:00,0.9148148148148181,0.5555555555555554,0.06493506493506507,0.5117684784351462,0.4066281866281873,1.4562753292356412,Medium,0.40662818662818734,After_Lunch
535:30,0.9555555555555557,0.5555555555555554,0.06493506493506507,0.5253487253487253,0.4147763347763348,1.4562753292356412,Medium,0.4147763347763349,After_Lunch
536:00,0.9555555555555557,0.5555555555555554,0.06493506493506507,0.5253487253487253,0.4147763347763348,1.4562753292356412,Medium,0.4147763347763349,After_Lunch
536:30,0.9555555555555557,0.6666666666666661,0.06493506493506507,0.5623857623857623,0.45366522366522355,1.5621427523280027,Medium,0.45366522366522355,After_Lunch
537:00,0.9148148148148181,0.6666666666666661,0.03896103896103886,0.5401475068141743,0.43382876382876423,1.5621427523280027,Medium,0.43382876382876423,After_Lunch
537:30,0.9148148148148181,0.6666666666666661,0.012987012987013102,0.5314894981561658,0.42214045214045265,1.5621427523280027,Medium,0.4221404521404527,After_Lunch
538:00,0.9148148148148181,0.6666666666666661,0.0,0.5271604938271613,0.4162962962962967,1.5621427523280027,Medium,0.4162962962962968,After_Lunch
538:30,0.6917808219178099,0.16666666666666696,0.0,0.2861491628614923,0.19668949771689542,1.2214027581601699,Medium,0.19668949771689545,Stress_Induced
539:00,0.7671232876712324,0.16666666666666696,0.0,0.31126331811263314,0.21175799086757993,1.2214027581601699,Medium,0.21175799086757996,Stress_Induced
539:30,0.7671232876712324,0.16666666666666696,0.0,0.31126331811263314,0.21175799086757993,1.2214027581601699,Medium,0.21175799086757996,Stress_Induced
540:00,0.7671232876712324,0.16666666666666696,0.0,0.31126331811263314,0.21175799086757993,1.2214027581601699,Medium,0.21175799086757996,Stress_Induced
540:30,0.7671232876712324,0.3333333333333335,0.0,0.3668188736681886,0.2700913242009132,1.2655783596362375,Medium,0.2700913242009132,Stress_Induced
541:00,0.8424657534246549,0.3333333333333335,0.0,0.39193302891932946,0.2851598173515977,1.2655783596362375,Medium,0.28515981735159773,Stress_Induced
541:30,0.8424657534246549,0.3333333333333335,0.0,0.39193302891932946,0.2851598173515977,1.2655783596362375,Medium,0.28515981735159773,Stress_Induced
542:00,0.8424657534246549,0.3333333333333335,0.0,0.39193302891932946,0.2851598173515977,1.2655783596362375,Medium,0.28515981735159773,Stress_Induced
542:30,0.8424657534246549,0.30952380952380976,0.0,0.38399652098282155,0.2768264840182644,1.2466892251465789,Medium,0.27682648401826443,Stress_Induced
543:00,0.8424657534246549,0.30952380952380976,0.0,0.38399652098282155,0.2768264840182644,1.2466892251465789,Medium,0.27682648401826443,Stress_Induced
543:30,0.8424657534246549,0.30952380952380976,0.0,0.38399652098282155,0.2768264840182644,1.2466892251465789,Medium,0.27682648401826443,Stress_Induced
544:00,0.8424657534246549,0.30952380952380976,0.0,0.38399652098282155,0.2768264840182644,1.2466892251465789,Medium,0.27682648401826443,Stress_Induced
544:30,0.8424657534246549,0.30952380952380976,0.0,0.38399652098282155,0.2768264840182644,1.2466892251465789,Medium,0.27682648401826443,Stress_Induced
545:00,0.8424657534246549,0.30952380952380976,0.1111111111111111,0.4210335580198586,0.3268264840182644,1.2466892251465789,Medium,0.3268264840182644,Stress_Induced
545:30,0.8424657534246549,0.3333333333333335,0.2222222222222222,0.4660071029934036,0.38515981735159766,1.2655783596362375,Medium,0.38515981735159777,Stress_Induced
546:00,0.8424657534246549,0.3333333333333335,0.3333333333333333,0.5030441400304405,0.4351598173515977,1.3894136142672362,Medium,0.43515981735159776,Stress_Induced
546:30,0.9246575342465775,0.3333333333333335,0.4444444444444445,0.5674784373414518,0.5015981735159822,1.5449620148616723,Medium,0.5015981735159823,Stress_Induced
547:00,0.9246575342465775,0.3333333333333335,0.4444444444444445,0.5674784373414518,0.5015981735159822,1.5449620148616723,Medium,0.5015981735159823,Stress_Induced
547:30,0.9246575342465775,0.3333333333333335,0.3333333333333333,0.5304414003044148,0.4515981735159822,1.3894136142672362,Medium,0.4515981735159823,Stress_Induced
548:00,0.9246575342465775,0.666666666666667,0.1111111111111111,0.5674784373414519,0.4682648401826489,1.5621427523280036,Medium,0.4682648401826489,Stress_Induced
548:30,0.9246575342465775,0.666666666666667,0.0,0.5304414003044148,0.4182648401826489,1.5621427523280036,Medium,0.418264840182649,Stress_Induced
549:00,0.9246575342465775,0.666666666666667,0.0,0.5304414003044148,0.4182648401826489,1.5621427523280036,Medium,0.418264840182649,Stress_Induced
549:30,0.9246575342465775,0.8571428571428572,0.0,0.5939334637964783,0.4849315068493155,1.7332530178673953,High,0.4849315068493155,Stress_Induced
550:00,0.9246575342465775,0.8571428571428572,0.0,0.5939334637964783,0.4849315068493155,1.7332530178673953,High,0.4849315068493155,Stress_Induced
550:30,0.9246575342465775,0.8571428571428572,0.0,0.5939334637964783,0.4849315068493155,1.7332530178673953,High,0.4849315068493155,Stress_Induced
551:00,0.9246575342465775,0.8571428571428572,0.0,0.5939334637964783,0.4849315068493155,1.7332530178673953,High,0.4849315068493155,Stress_Induced
551:30,0.9246575342465775,0.9047619047619051,0.0,0.6098064796694942,0.5015981735159822,1.7332530178673953,High,0.5015981735159822,Stress_Induced
552:00,0.9246575342465775,0.9047619047619051,0.0,0.6098064796694942,0.5015981735159822,1.7332530178673953,High,0.5015981735159822,Stress_Induced
552:30,0.9246575342465775,0.9047619047619051,0.0,0.6098064796694942,0.5015981735159822,1.7332530178673953,High,0.5015981735159822,Stress_Induced
553:00,0.9246575342465775,0.9047619047619051,0.0,0.6098064796694942,0.5015981735159822,1.7332530178673953,High,0.5015981735159822,Stress_Induced
553:30,0.9246575342465775,1.0,0.0,0.6415525114155258,0.5349315068493155,1.7332530178673953,High,0.5349315068493155,Stress_Induced
554:00,0.9246575342465775,1.0,0.0,0.6415525114155258,0.5349315068493155,1.7332530178673953,High,0.5349315068493155,Stress_Induced
554:30,0.9246575342465775,1.0,0.0,0.6415525114155258,0.5349315068493155,1.7332530178673953,High,0.5349315068493155,Stress_Induced
555:00,0.9246575342465775,0.8095238095238098,0.1111111111111111,0.6150974849604994,0.5182648401826488,1.7096441443081396,High,0.5182648401826488,Stress_Induced
555:30,0.9246575342465775,0.8095238095238098,0.2222222222222222,0.6521345219975365,0.5682648401826489,1.7096441443081396,High,0.5682648401826489,Stress_Induced
556:00,0.9246575342465775,0.8095238095238098,0.1111111111111111,0.6150974849604994,0.5182648401826488,1.7096441443081396,High,0.5182648401826488,Stress_Induced
556:30,0.9246575342465775,0.8095238095238098,0.1111111111111111,0.6150974849604994,0.5182648401826488,1.7096441443081396,High,0.5182648401826488,Stress_Induced
557:00,0.9246575342465775,0.8809523809523809,0.3333333333333333,0.7129810828440973,0.6432648401826487,1.9028496510377417,High,0.6432648401826488,Stress_Induced
557:30,0.8424657534246549,0.8809523809523809,0.4444444444444445,0.72262085960716,0.6768264840182643,2.1158785264937383,High,0.6768264840182643,Stress_Induced
558:00,0.9246575342465775,0.8809523809523809,0.4444444444444445,0.7500181198811342,0.6932648401826488,2.1158785264937383,High,0.6932648401826489,Stress_Induced
558:30,0.9246575342465775,0.8809523809523809,0.4444444444444445,0.7500181198811342,0.6932648401826488,2.1158785264937383,High,0.6932648401826489,Stress_Induced
559:00,0.9246575342465775,0.8809523809523809,0.2222222222222222,0.6759440458070602,0.5932648401826488,1.7332530178673953,High,0.5932648401826488,Stress_Induced
559:30,0.9246575342465775,0.9523809523809526,0.0,0.62567949554251,0.5182648401826488,1.7332530178673953,High,0.5182648401826488,Stress_Induced
560:00,0.9246575342465775,0.9523809523809526,0.0,0.62567949554251,0.5182648401826488,1.7332530178673953,High,0.5182648401826488,Stress_Induced
560:30,0.9246575342465775,0.9523809523809526,0.0,0.62567949554251,0.5182648401826488,1.7332530178673953,High,0.5182648401826488,Stress_Induced
561:00,0.9246575342465775,0.9047619047619051,0.0,0.6098064796694942,0.5015981735159822,1.7332530178673953,High,0.5015981735159822,Stress_Induced
561:30,1.0,0.9047619047619051,0.0,0.634920634920635,0.5166666666666668,1.7332530178673953,High,0.5166666666666668,Stress_Induced
562:00,0.9246575342465775,0.9047619047619051,0.1111111111111111,0.6468435167065313,0.5515981735159823,1.7332530178673953,High,0.5515981735159823,Stress_Induced
562:30,0.9246575342465775,0.7142857142857144,0.1111111111111111,0.5833514532144677,0.4849315068493155,1.6098387853974432,Medium,0.4849315068493155,Stress_Induced
563:00,0.9246575342465775,0.7142857142857144,0.1111111111111111,0.5833514532144677,0.4849315068493155,1.6098387853974432,Medium,0.4849315068493155,Stress_Induced
563:30,0.9246575342465775,0.7142857142857144,0.1111111111111111,0.5833514532144677,0.4849315068493155,1.6098387853974432,Medium,0.4849315068493155,Stress_Induced
564:00,0.9246575342465775,0.7142857142857144,0.0,0.5463144161774306,0.4349315068493156,1.6098387853974432,Medium,0.4349315068493156,Stress_Induced
564:30,0.9246575342465775,0.785714285714286,0.0,0.5701239399869545,0.4599315068493156,1.6841271955349506,Medium,0.4599315068493156,Stress_Induced
565:00,0.9246575342465775,0.785714285714286,0.1111111111111111,0.6071609770239915,0.5099315068493155,1.6841271955349506,Medium,0.5099315068493155,Stress_Induced
565:30,0.9246575342465775,0.785714285714286,0.1111111111111111,0.6071609770239915,0.5099315068493155,1.6841271955349506,Medium,0.5099315068493155,Stress_Induced
566:00,0.9246575342465775,0.785714285714286,0.1111111111111111,0.6071609770239915,0.5099315068493155,1.6841271955349506,Medium,0.5099315068493155,Stress_Induced
566:30,0.9246575342465775,0.785714285714286,0.1111111111111111,0.6071609770239915,0.5099315068493155,1.6841271955349506,Medium,0.5099315068493155,Stress_Induced
567:00,0.9246575342465775,0.785714285714286,0.1111111111111111,0.6071609770239915,0.5099315068493155,1.6841271955349506,Medium,0.5099315068493155,Stress_Induced
567:30,0.9246575342465775,0.785714285714286,0.0,0.5701239399869545,0.4599315068493156,1.6841271955349506,Medium,0.4599315068493156,Stress_Induced
568:00,0.9246575342465775,0.785714285714286,0.0,0.5701239399869545,0.4599315068493156,1.6841271955349506,Medium,0.4599315068493156,Stress_Induced
568:30,0.9246575342465775,0.785714285714286,0.0,0.5701239399869545,0.4599315068493156,1.6841271955349506,Medium,0.4599315068493156,Stress_Induced
569:00,0.9246575342465775,0.785714285714286,0.0,0.5701239399869545,0.4599315068493156,1.6841271955349506,Medium,0.4599315068493156,Stress_Induced
569:30,0.9246575342465775,0.666666666666667,0.0,0.5304414003044148,0.4182648401826489,1.5621427523280036,Medium,0.418264840182649,Stress_Induced
570:00,0.9246575342465775,0.666666666666667,0.0,0.5304414003044148,0.4182648401826489,1.5621427523280036,Medium,0.418264840182649,Stress_Induced
570:30,0.8424657534246549,0.666666666666667,0.0,0.5030441400304406,0.4018264840182644,1.5621427523280036,Medium,0.40182648401826443,Stress_Induced
571:00,0.8424657534246549,0.666666666666667,0.0,0.5030441400304406,0.4018264840182644,1.5621427523280036,Medium,0.40182648401826443,Stress_Induced
571:30,0.8424657534246549,0.9761904761904763,0.0,0.6062187432050438,0.5101598173515977,1.7332530178673953,High,0.5101598173515977,Stress_Induced
572:00,0.8424657534246549,0.8571428571428572,0.0,0.566536203522504,0.46849315068493097,1.7332530178673953,High,0.46849315068493097,Stress_Induced
572:30,0.8424657534246549,0.8571428571428572,0.0,0.566536203522504,0.46849315068493097,1.7332530178673953,High,0.46849315068493097,Stress_Induced
573:00,0.8424657534246549,0.8571428571428572,0.0,0.566536203522504,0.46849315068493097,1.7332530178673953,High,0.46849315068493097,Stress_Induced
573:30,0.8424657534246549,0.8571428571428572,0.0,0.566536203522504,0.46849315068493097,1.7332530178673953,High,0.46849315068493097,Stress_Induced
574:00,0.8424657534246549,0.6904761904761907,0.0,0.5109806479669485,0.4101598173515977,1.585811461373997,Medium,0.41015981735159773,Stress_Induced
574:30,0.8424657534246549,0.6904761904761907,0.0,0.5109806479669485,0.4101598173515977,1.585811461373997,Medium,0.41015981735159773,Stress_Induced
575:00,0.7671232876712324,0.6904761904761907,0.0,0.4858664927158077,0.3950913242009132,1.585811461373997,Medium,0.3950913242009132,Stress_Induced
575:30,0.7671232876712324,0.7619047619047619,0.0,0.5096760165253315,0.4200913242009131,1.6589910948329003,Medium,0.4200913242009131,Stress_Induced
576:00,0.7671232876712324,0.7619047619047619,0.0,0.5096760165253315,0.4200913242009131,1.6589910948329003,Medium,0.4200913242009131,Stress_Induced
576:30,0.7671232876712324,0.7619047619047619,0.0,0.5096760165253315,0.4200913242009131,1.6589910948329003,Medium,0.4200913242009131,Stress_Induced
577:00,0.7671232876712324,0.7619047619047619,0.0,0.5096760165253315,0.4200913242009131,1.6589910948329003,Medium,0.4200913242009131,Stress_Induced
577:30,0.7671232876712324,0.7619047619047619,0.0,0.5096760165253315,0.4200913242009131,1.6589910948329003,Medium,0.4200913242009131,Stress_Induced
578:00,0.7671232876712324,0.5952380952380953,0.0,0.45412046096977593,0.36175799086757987,1.493235188940895,Medium,0.36175799086757987,Stress_Induced
578:30,0.7671232876712324,0.5476190476190479,0.0,0.4382474450967601,0.34509132420091326,1.4489938676370402,Medium,0.34509132420091326,Stress_Induced
579:00,0.7671232876712324,0.5476190476190479,0.0,0.4382474450967601,0.34509132420091326,1.4489938676370402,Medium,0.34509132420091326,Stress_Induced
579:30,0.7671232876712324,0.5476190476190479,0.0,0.4382474450967601,0.34509132420091326,1.4489938676370402,Medium,0.34509132420091326,Stress_Induced
580:00,0.7671232876712324,0.5476190476190479,0.0,0.4382474450967601,0.34509132420091326,1.4489938676370402,Medium,0.34509132420091326,Stress_Induced
580:30,0.6917808219178099,0.5952380952380953,0.1111111111111111,0.4660433427556721,0.3966894977168953,1.493235188940895,Medium,0.3966894977168953,Stress_Induced
581:00,0.7671232876712324,0.5952380952380953,0.1111111111111111,0.49115749800681296,0.41175799086757986,1.493235188940895,Medium,0.4117579908675798,Stress_Induced
581:30,0.7671232876712324,0.5952380952380953,0.2222222222222222,0.52819453504385,0.46175799086757985,1.493235188940895,Medium,0.46175799086757985,Stress_Induced
582:00,0.6917808219178099,0.5952380952380953,0.2222222222222222,0.5030803797927091,0.44668949771689537,1.493235188940895,Medium,0.44668949771689537,Stress_Induced
582:30,0.6917808219178099,0.5952380952380953,0.2222222222222222,0.5030803797927091,0.44668949771689537,1.493235188940895,Medium,0.44668949771689537,Stress_Induced
583:00,0.6917808219178099,0.6428571428571432,0.2222222222222222,0.5189533956657252,0.4633561643835621,1.5388273058239637,Medium,0.46335616438356214,Stress_Induced
583:30,0.6917808219178099,0.6428571428571432,0.1111111111111111,0.4819163586286881,0.41335616438356215,1.5388273058239637,Medium,0.4133561643835621,Stress_Induced
584:00,0.7671232876712324,0.6428571428571432,0.1111111111111111,0.5070305138798289,0.42842465753424663,1.5388273058239637,Medium,0.42842465753424663,Stress_Induced
584:30,0.6917808219178099,0.6428571428571432,0.1111111111111111,0.4819163586286881,0.41335616438356215,1.5388273058239637,Medium,0.4133561643835621,Stress_Induced
585:00,0.6917808219178099,0.6428571428571432,0.1111111111111111,0.4819163586286881,0.41335616438356215,1.5388273058239637,Medium,0.4133561643835621,Stress_Induced
585:30,0.6917808219178099,0.5952380952380953,0.1111111111111111,0.4660433427556721,0.3966894977168953,1.493235188940895,Medium,0.3966894977168953,Stress_Induced
586:00,0.6164383561643874,0.5952380952380953,0.2222222222222222,0.47796622454156834,0.43162100456621083,1.493235188940895,Medium,0.4316210045662109,Stress_Induced
586:30,0.6164383561643874,0.5952380952380953,0.1111111111111111,0.4409291875045313,0.38162100456621084,1.493235188940895,Medium,0.38162100456621084,Stress_Induced
587:00,0.6164383561643874,0.666666666666667,0.0,0.4277016742770181,0.35662100456621093,1.5621427523280036,Medium,0.35662100456621093,Stress_Induced
587:30,0.6164383561643874,0.666666666666667,0.0,0.4277016742770181,0.35662100456621093,1.5621427523280036,Medium,0.35662100456621093,Stress_Induced
588:00,0.6164383561643874,0.666666666666667,0.0,0.4277016742770181,0.35662100456621093,1.5621427523280036,Medium,0.35662100456621093,Stress_Induced
588:30,0.6164383561643874,0.666666666666667,0.0,0.4277016742770181,0.35662100456621093,1.5621427523280036,Medium,0.35662100456621093,Stress_Induced
589:00,0.6164383561643874,0.5952380952380953,0.0,0.4038921504674942,0.33162100456621085,1.493235188940895,Medium,0.3316210045662108,Stress_Induced
589:30,0.6164383561643874,0.5952380952380953,0.0,0.4038921504674942,0.33162100456621085,1.493235188940895,Medium,0.3316210045662108,Stress_Induced
590:00,0.5342465753424648,0.5952380952380953,0.0,0.37649489019352006,0.3151826484018263,1.493235188940895,Medium,0.3151826484018263,Stress_Induced
590:30,0.5342465753424648,0.5952380952380953,0.0,0.37649489019352006,0.3151826484018263,1.493235188940895,Medium,0.3151826484018263,Stress_Induced
591:00,0.5342465753424648,0.6190476190476191,0.0,0.38443139813002797,0.3235159817351596,1.5158598493130737,Medium,0.3235159817351596,Stress_Induced
591:30,0.5342465753424648,0.6190476190476191,0.0,0.38443139813002797,0.3235159817351596,1.5158598493130737,Medium,0.3235159817351596,Stress_Induced
592:00,0.5342465753424648,0.5476190476190479,0.0,0.36062187432050424,0.2985159817351597,1.4489938676370402,Medium,0.2985159817351597,Stress_Induced
592:30,0.5342465753424648,0.5476190476190479,0.0,0.36062187432050424,0.2985159817351597,1.4489938676370402,Medium,0.2985159817351597,Stress_Induced
593:00,0.45890410958904226,0.6428571428571432,0.0,0.3672537508153952,0.31678082191780854,1.514011694958349,Medium,0.31678082191780854,Stress_Induced
593:30,0.38356164383561975,0.6428571428571432,0.0,0.34213959556425433,0.30171232876712406,1.4450997237883565,Medium,0.30171232876712406,Stress_Induced
594:00,0.38356164383561975,0.6428571428571432,0.0,0.34213959556425433,0.30171232876712406,1.4450997237883565,Medium,0.30171232876712406,Stress_Induced
594:30,0.38356164383561975,0.6428571428571432,0.0,0.34213959556425433,0.30171232876712406,1.4450997237883565,Medium,0.30171232876712406,Stress_Induced
595:00,0.38356164383561975,0.6428571428571432,0.0,0.34213959556425433,0.30171232876712406,1.4450997237883565,Medium,0.30171232876712406,Stress_Induced
595:30,0.38356164383561975,0.6428571428571432,0.0,0.34213959556425433,0.30171232876712406,1.4450997237883565,Medium,0.30171232876712406,Stress_Induced
596:00,0.38356164383561975,0.6428571428571432,0.0,0.34213959556425433,0.30171232876712406,1.4450997237883565,Medium,0.30171232876712406,Stress_Induced
596:30,0.38356164383561975,0.6428571428571432,0.1111111111111111,0.37917663260129136,0.3517123287671241,1.4450997237883565,Medium,0.35171232876712405,Stress_Induced
597:00,0.38356164383561975,0.6428571428571432,0.1111111111111111,0.37917663260129136,0.3517123287671241,1.4450997237883565,Medium,0.35171232876712405,Stress_Induced
597:30,0.38356164383561975,0.6428571428571432,0.1111111111111111,0.37917663260129136,0.3517123287671241,1.4450997237883565,Medium,0.35171232876712405,Stress_Induced
598:00,0.38356164383561975,0.6428571428571432,0.2222222222222222,0.41621366963832845,0.4017123287671241,1.4450997237883565,Medium,0.4017123287671241,Stress_Induced
598:30,0.38356164383561975,0.6428571428571432,0.1111111111111111,0.37917663260129136,0.3517123287671241,1.4450997237883565,Medium,0.35171232876712405,Stress_Induced
599:00,0.3082191780821901,0.6428571428571432,0.0,0.31702544031311114,0.28664383561643814,1.3793243596778328,Medium,0.28664383561643814,Stress_Induced
599:30,0.3082191780821901,0.4761904761904763,0.0,0.26146988475755545,0.2283105022831047,1.2415109865564187,Medium,0.2283105022831047,Stress_Induced
600:00,0.3082191780821901,0.4761904761904763,0.0,0.26146988475755545,0.2283105022831047,1.2415109865564187,Medium,0.2283105022831047,Stress_Induced
600:30,0.3082191780821901,0.4761904761904763,0.0,0.26146988475755545,0.2283105022831047,1.2415109865564187,Medium,0.2283105022831047,Stress_Induced
601:00,0.3082191780821901,0.4761904761904763,0.0,0.26146988475755545,0.2283105022831047,1.2415109865564187,Medium,0.2283105022831047,Stress_Induced
601:30,0.3082191780821901,0.4761904761904763,0.0,0.26146988475755545,0.2283105022831047,1.2415109865564187,Medium,0.2283105022831047,Stress_Induced
602:00,0.3082191780821901,0.4761904761904763,0.0,0.26146988475755545,0.2283105022831047,1.2415109865564187,Medium,0.2283105022831047,Stress_Induced
602:30,0.3082191780821901,0.4761904761904763,0.0,0.26146988475755545,0.2283105022831047,1.2415109865564187,Medium,0.2283105022831047,Stress_Induced
603:00,0.3082191780821901,0.4761904761904763,0.0,0.26146988475755545,0.2283105022831047,1.2415109865564187,Medium,0.2283105022831047,Stress_Induced
603:30,0.22602739726027465,0.4761904761904763,0.0,0.23407262448358365,0.21187214611872163,1.179994372213485,Low,0.2118721461187216,Stress_Induced
604:00,0.3082191780821901,0.4761904761904763,0.0,0.26146988475755545,0.2283105022831047,1.2415109865564187,Medium,0.2283105022831047,Stress_Induced
604:30,0.22602739726027465,0.4047619047619051,0.0,0.21026310067405993,0.18687214611872172,1.1279437277518585,Low,0.1868721461187217,Stress_Induced
605:00,0.22602739726027465,0.4047619047619051,0.0,0.21026310067405993,0.18687214611872172,1.1279437277518585,Low,0.1868721461187217,Stress_Induced
605:30,0.22602739726027465,0.4047619047619051,0.0,0.21026310067405993,0.18687214611872172,1.1279437277518585,Low,0.1868721461187217,Stress_Induced
606:00,0.22602739726027465,0.4047619047619051,0.0,0.21026310067405993,0.18687214611872172,1.1279437277518585,Low,0.1868721461187217,Stress_Induced
606:30,0.22602739726027465,0.5476190476190479,0.1111111111111111,0.29491918533014455,0.2868721461187217,1.2344469712427129,Medium,0.2868721461187217,Stress_Induced
607:00,0.22602739726027465,0.5476190476190479,0.1111111111111111,0.29491918533014455,0.2868721461187217,1.2344469712427129,Medium,0.2868721461187217,Stress_Induced
607:30,0.22602739726027465,0.5476190476190479,0.2222222222222222,0.3319562223671816,0.3368721461187217,1.2344469712427129,Medium,0.3368721461187217,Stress_Induced
608:00,0.22602739726027465,0.5476190476190479,0.2222222222222222,0.3319562223671816,0.3368721461187217,1.2344469712427129,Medium,0.3368721461187217,Stress_Induced
608:30,0.22602739726027465,0.5476190476190479,0.3333333333333333,0.3689932594042186,0.3868721461187217,1.3552360585784389,Medium,0.38687214611872167,Stress_Induced
609:00,0.22602739726027465,0.5476190476190479,0.3333333333333333,0.3689932594042186,0.3868721461187217,1.3552360585784389,Medium,0.38687214611872167,Stress_Induced
609:30,0.15068493150684503,0.4761904761904763,0.2222222222222222,0.2830325433065145,0.2968036529680357,1.1340054679577012,Low,0.2968036529680357,Stress_Induced
610:00,0.22602739726027465,0.4761904761904763,0.1111111111111111,0.2711096615206207,0.2618721461187216,1.179994372213485,Low,0.2618721461187216,Stress_Induced
610:30,0.15068493150684503,0.4761904761904763,0.0,0.20895846923244044,0.1968036529680357,1.1340054679577012,Low,0.19680365296803567,Stress_Induced
611:00,0.22602739726027465,0.4761904761904763,0.1111111111111111,0.2711096615206207,0.2618721461187216,1.179994372213485,Low,0.2618721461187216,Stress_Induced
611:30,0.15068493150684503,0.4761904761904763,0.1111111111111111,0.2459955062694775,0.2468036529680357,1.1340054679577012,Low,0.2468036529680357,Stress_Induced
612:00,0.15068493150684503,0.5238095238095242,0.0,0.2248314851054564,0.21347031963470248,1.1686294241998767,Low,0.21347031963470245,Stress_Induced
612:30,0.15068493150684503,0.5238095238095242,0.0,0.2248314851054564,0.21347031963470248,1.1686294241998767,Low,0.21347031963470245,Stress_Induced
613:00,0.22602739726027465,0.5238095238095242,0.0,0.2499456403565996,0.2285388127853884,1.2160224820100922,Medium,0.22853881278538837,Stress_Induced
613:30,0.15068493150684503,0.5238095238095242,0.0,0.2248314851054564,0.21347031963470248,1.1686294241998767,Low,0.21347031963470245,Stress_Induced
614:00,0.15068493150684503,0.4761904761904763,0.0,0.20895846923244044,0.1968036529680357,1.1340054679577012,Low,0.19680365296803567,Stress_Induced
614:30,0.15068493150684503,0.4761904761904763,0.0,0.20895846923244044,0.1968036529680357,1.1340054679577012,Low,0.19680365296803567,Stress_Induced
615:00,0.15068493150684503,0.4761904761904763,0.0,0.20895846923244044,0.1968036529680357,1.1340054679577012,Low,0.19680365296803567,Stress_Induced
615:30,0.15068493150684503,0.4761904761904763,0.0,0.20895846923244044,0.1968036529680357,1.1340054679577012,Low,0.19680365296803567,Stress_Induced
616:00,0.15068493150684503,0.4761904761904763,0.0,0.20895846923244044,0.1968036529680357,1.1340054679577012,Low,0.19680365296803567,Stress_Induced
616:30,0.15068493150684503,0.5238095238095242,0.0,0.2248314851054564,0.21347031963470248,1.1686294241998767,Low,0.21347031963470245,Stress_Induced
617:00,0.15068493150684503,0.5238095238095242,0.0,0.2248314851054564,0.21347031963470248,1.1686294241998767,Low,0.21347031963470245,Stress_Induced
617:30,0.15068493150684503,0.5238095238095242,0.0,0.2248314851054564,0.21347031963470248,1.1686294241998767,Low,0.21347031963470245,Stress_Induced
618:00,0.22602739726027465,0.5238095238095242,0.0,0.2499456403565996,0.2285388127853884,1.2160224820100922,Medium,0.22853881278538837,Stress_Induced
618:30,0.15068493150684503,0.5238095238095242,0.0,0.2248314851054564,0.21347031963470248,1.1686294241998767,Low,0.21347031963470245,Stress_Induced
619:00,0.15068493150684503,0.4285714285714288,0.0,0.19308545335942462,0.1801369863013691,1.1004073444739995,Low,0.18013698630136907,Stress_Induced
619:30,0.15068493150684503,0.4285714285714288,0.0,0.19308545335942462,0.1801369863013691,1.1004073444739995,Low,0.18013698630136907,Stress_Induced
620:00,0.15068493150684503,0.4285714285714288,0.0,0.19308545335942462,0.1801369863013691,1.1004073444739995,Low,0.18013698630136907,Stress_Induced
620:30,0.15068493150684503,0.4285714285714288,0.1111111111111111,0.23012249039646168,0.23013698630136908,1.1004073444739995,Low,0.23013698630136908,Stress_Induced
621:00,0.15068493150684503,0.4285714285714288,0.1111111111111111,0.23012249039646168,0.23013698630136908,1.1004073444739995,Low,0.23013698630136908,Stress_Induced
621:30,0.15068493150684503,0.4285714285714288,0.1111111111111111,0.23012249039646168,0.23013698630136908,1.1004073444739995,Low,0.23013698630136908,Stress_Induced
622:00,0.15068493150684503,0.5,0.1111111111111111,0.2539320142059854,0.255136986301369,1.1511872814876474,Low,0.255136986301369,Stress_Induced
622:30,0.15068493150684503,0.5,0.1111111111111111,0.2539320142059854,0.255136986301369,1.1511872814876474,Low,0.255136986301369,Stress_Induced
623:00,0.15068493150684503,0.5,0.0,0.21689497716894834,0.205136986301369,1.1511872814876474,Low,0.20513698630136898,Stress_Induced
623:30,0.15068493150684503,0.5,0.0,0.21689497716894834,0.205136986301369,1.1511872814876474,Low,0.20513698630136898,Stress_Induced
624:00,0.15068493150684503,0.5,0.0,0.21689497716894834,0.205136986301369,1.1511872814876474,Low,0.20513698630136898,Stress_Induced
624:30,0.15068493150684503,0.3809523809523814,0.0,0.1772124374864088,0.1634703196347025,1.0678046605481502,Low,0.16347031963470246,Stress_Induced
625:00,0.15068493150684503,0.3809523809523814,0.0,0.1772124374864088,0.1634703196347025,1.0678046605481502,Low,0.16347031963470246,Stress_Induced
625:30,0.07534246575342252,0.3809523809523814,0.0,0.15209828223526797,0.14840182648401798,1.0678046605481502,Low,0.14840182648401795,Stress_Induced
626:00,0.07534246575342252,0.3809523809523814,0.0,0.15209828223526797,0.14840182648401798,1.0678046605481502,Low,0.14840182648401795,Stress_Induced
626:30,0.07534246575342252,0.5952380952380953,0.0,0.2235268536638393,0.22340182648401788,1.2225575707641216,Medium,0.22340182648401782,Stress_Induced
627:00,0.07534246575342252,0.5952380952380953,0.0,0.2235268536638393,0.22340182648401788,1.2225575707641216,Medium,0.22340182648401782,Stress_Induced
627:30,0.07534246575342252,0.5952380952380953,0.1111111111111111,0.2605638907008763,0.27340182648401784,1.2225575707641216,Medium,0.2734018264840178,Stress_Induced
628:00,0.07534246575342252,0.5952380952380953,0.1111111111111111,0.2605638907008763,0.27340182648401784,1.2225575707641216,Medium,0.2734018264840178,Stress_Induced
628:30,0.07534246575342252,0.5952380952380953,0.2222222222222222,0.29760092773791336,0.32340182648401783,1.2225575707641216,Medium,0.32340182648401783,Stress_Induced
629:00,0.07534246575342252,0.45238095238095255,0.2222222222222222,0.24998188011886577,0.27340182648401784,1.1170800981193467,Low,0.2734018264840179,Stress_Induced
629:30,0.07534246575342252,0.45238095238095255,0.3333333333333333,0.2870189171559028,0.32340182648401783,1.2263849841744394,Medium,0.32340182648401783,Stress_Induced
630:00,0.0,0.45238095238095255,0.3333333333333333,0.2619047619047619,0.30833333333333335,1.2263849841744394,Medium,0.30833333333333335,Stress_Induced
630:30,0.07534246575342252,0.45238095238095255,0.4444444444444445,0.3240559541929398,0.3734018264840179,1.3636819134995297,Medium,0.3734018264840179,Stress_Induced
631:00,0.07534246575342252,0.45238095238095255,0.4444444444444445,0.3240559541929398,0.3734018264840179,1.3636819134995297,Medium,0.3734018264840179,Stress_Induced
631:30,0.07534246575342252,0.45238095238095255,0.3333333333333333,0.2870189171559028,0.32340182648401783,1.2263849841744394,Medium,0.32340182648401783,Stress_Induced
632:00,0.0,0.45238095238095255,0.2222222222222222,0.2248677248677249,0.25833333333333336,1.1170800981193467,Low,0.25833333333333336,Stress_Induced
632:30,0.0,0.45238095238095255,0.2222222222222222,0.2248677248677249,0.25833333333333336,1.1170800981193467,Low,0.25833333333333336,Stress_Induced
633:00,0.07534246575342252,0.45238095238095255,0.2222222222222222,0.24998188011886577,0.27340182648401784,1.1170800981193467,Low,0.2734018264840179,Stress_Induced
633:30,0.07534246575342252,0.45238095238095255,0.3333333333333333,0.2870189171559028,0.32340182648401783,1.2263849841744394,Medium,0.32340182648401783,Stress_Induced
634:00,0.0,0.4047619047619051,0.3333333333333333,0.24603174603174613,0.29166666666666674,1.190049855904681,Low,0.29166666666666674,Stress_Induced
634:30,0.0,0.4047619047619051,0.3333333333333333,0.24603174603174613,0.29166666666666674,1.190049855904681,Low,0.29166666666666674,Stress_Induced
635:00,0.07534246575342252,0.4047619047619051,0.3333333333333333,0.27114590128288696,0.3067351598173512,1.190049855904681,Low,0.3067351598173512,Stress_Induced
635:30,0.07534246575342252,0.4047619047619051,0.3333333333333333,0.27114590128288696,0.3067351598173512,1.190049855904681,Low,0.3067351598173512,Stress_Induced
636:00,0.07534246575342252,0.4047619047619051,0.3333333333333333,0.27114590128288696,0.3067351598173512,1.190049855904681,Low,0.3067351598173512,Stress_Induced
636:30,0.07534246575342252,0.4047619047619051,0.3333333333333333,0.27114590128288696,0.3067351598173512,1.190049855904681,Low,0.3067351598173512,Stress_Induced
637:00,0.07534246575342252,0.4285714285714288,0.3333333333333333,0.27908240921939487,0.3150684931506845,1.2080808225033854,Medium,0.3150684931506845,Stress_Induced
637:30,0.07534246575342252,0.4285714285714288,0.2222222222222222,0.24204537218235786,0.26506849315068454,1.1004073444739995,Low,0.2650684931506846,Stress_Induced
638:00,0.07534246575342252,0.4285714285714288,0.2222222222222222,0.24204537218235786,0.26506849315068454,1.1004073444739995,Low,0.2650684931506846,Stress_Induced
638:30,0.15068493150684503,0.4285714285714288,0.3333333333333333,0.3041965644705357,0.33013698630136906,1.2080808225033854,Medium,0.33013698630136906,Stress_Induced
639:00,0.15068493150684503,0.4285714285714288,0.3333333333333333,0.3041965644705357,0.33013698630136906,1.2080808225033854,Medium,0.33013698630136906,Stress_Induced
639:30,0.15068493150684503,0.3571428571428572,0.3333333333333333,0.28038704066101183,0.30513698630136904,1.1547912587107398,Low,0.30513698630136904,Stress_Induced
640:00,0.15068493150684503,0.3571428571428572,0.3333333333333333,0.28038704066101183,0.30513698630136904,1.1547912587107398,Low,0.30513698630136904,Stress_Induced
640:30,0.22602739726027465,0.3571428571428572,0.3333333333333333,0.305501195912155,0.32020547945205496,1.2016231181090096,Low,0.32020547945205496,Stress_Induced
641:00,0.22602739726027465,0.3571428571428572,0.3333333333333333,0.305501195912155,0.32020547945205496,1.2016231181090096,Low,0.32020547945205496,Stress_Induced
641:30,0.22602739726027465,0.3571428571428572,0.2222222222222222,0.26846415887511804,0.270205479452055,1.09452520048856,Low,0.270205479452055,Stress_Induced
642:00,0.22602739726027465,0.45238095238095255,0.2222222222222222,0.3002101906211498,0.3035388127853883,1.1623826042624372,Low,0.3035388127853883,Stress_Induced
642:30,0.22602739726027465,0.45238095238095255,0.1111111111111111,0.2631731535841128,0.2535388127853883,1.1623826042624372,Low,0.2535388127853883,Stress_Induced
643:00,0.3082191780821901,0.45238095238095255,0.1111111111111111,0.29057041385808463,0.2699771689497714,1.222981064788324,Medium,0.2699771689497714,Stress_Induced
643:30,0.3082191780821901,0.45238095238095255,0.1111111111111111,0.29057041385808463,0.2699771689497714,1.222981064788324,Medium,0.2699771689497714,Stress_Induced
644:00,0.22602739726027465,0.45238095238095255,0.1111111111111111,0.2631731535841128,0.2535388127853883,1.1623826042624372,Low,0.2535388127853883,Stress_Induced
644:30,0.3082191780821901,0.45238095238095255,0.1111111111111111,0.29057041385808463,0.2699771689497714,1.222981064788324,Medium,0.2699771689497714,Stress_Induced
645:00,0.3082191780821901,0.3809523809523814,0.2222222222222222,0.3037979270855979,0.2949771689497715,1.1690342375105058,Low,0.2949771689497715,Stress_Induced
645:30,0.22602739726027465,0.3809523809523814,0.2222222222222222,0.27640066681162606,0.2785388127853884,1.111108831194054,Low,0.2785388127853884,Stress_Induced
646:00,0.3082191780821901,0.3809523809523814,0.2222222222222222,0.3037979270855979,0.2949771689497715,1.1690342375105058,Low,0.2949771689497715,Stress_Induced
646:30,0.3082191780821901,0.3809523809523814,0.2222222222222222,0.3037979270855979,0.2949771689497715,1.1690342375105058,Low,0.2949771689497715,Stress_Induced
647:00,0.3082191780821901,0.3809523809523814,0.2222222222222222,0.3037979270855979,0.2949771689497715,1.1690342375105058,Low,0.2949771689497715,Stress_Induced
647:30,0.3082191780821901,0.3571428571428572,0.2222222222222222,0.29586141914908987,0.2866438356164381,1.1515860528388755,Low,0.2866438356164381,Stress_Induced
648:00,0.3082191780821901,0.3571428571428572,0.3333333333333333,0.33289845618612685,0.33664383561643807,1.2642673032703367,Medium,0.33664383561643807,Stress_Induced
648:30,0.38356164383561975,0.3571428571428572,0.2222222222222222,0.32097557440023305,0.301712328767124,1.2065013390067858,Medium,0.301712328767124,Stress_Induced
649:00,0.38356164383561975,0.3571428571428572,0.1111111111111111,0.283938537363196,0.25171232876712396,1.2065013390067858,Medium,0.251712328767124,Stress_Induced
649:30,0.38356164383561975,0.3571428571428572,0.2222222222222222,0.32097557440023305,0.301712328767124,1.2065013390067858,Medium,0.301712328767124,Stress_Induced
650:00,0.38356164383561975,0.3571428571428572,0.2222222222222222,0.32097557440023305,0.301712328767124,1.2065013390067858,Medium,0.301712328767124,Stress_Induced
650:30,0.38356164383561975,0.3809523809523814,0.2222222222222222,0.32891208233674113,0.3100456621004574,1.2247815692315827,Medium,0.3100456621004574,Stress_Induced
651:00,0.38356164383561975,0.3809523809523814,0.1111111111111111,0.2918750452997041,0.26004566210045743,1.2247815692315827,Medium,0.26004566210045743,Stress_Induced
651:30,0.38356164383561975,0.3809523809523814,0.0,0.25483800826266706,0.21004566210045744,1.2247815692315827,Medium,0.21004566210045741,Stress_Induced
652:00,0.38356164383561975,0.3809523809523814,0.0,0.25483800826266706,0.21004566210045744,1.2247815692315827,Medium,0.21004566210045741,Stress_Induced
652:30,0.38356164383561975,0.4761904761904763,0.0,0.2865840400086987,0.24337899543379066,1.3007144919647025,Medium,0.24337899543379063,Stress_Induced
653:00,0.38356164383561975,0.4761904761904763,0.0,0.2865840400086987,0.24337899543379066,1.3007144919647025,Medium,0.24337899543379063,Stress_Induced
653:30,0.38356164383561975,0.4761904761904763,0.0,0.2865840400086987,0.24337899543379066,1.3007144919647025,Medium,0.24337899543379063,Stress_Induced
654:00,0.38356164383561975,0.4761904761904763,0.0,0.2865840400086987,0.24337899543379066,1.3007144919647025,Medium,0.24337899543379063,Stress_Induced
654:30,0.38356164383561975,0.6428571428571432,0.0,0.34213959556425433,0.30171232876712406,1.4450997237883565,Medium,0.30171232876712406,Stress_Induced
655:00,0.38356164383561975,0.6428571428571432,0.0,0.34213959556425433,0.30171232876712406,1.4450997237883565,Medium,0.30171232876712406,Stress_Induced
655:30,0.38356164383561975,0.6428571428571432,0.0,0.34213959556425433,0.30171232876712406,1.4450997237883565,Medium,0.30171232876712406,Stress_Induced
656:00,0.38356164383561975,0.6428571428571432,0.0,0.34213959556425433,0.30171232876712406,1.4450997237883565,Medium,0.30171232876712406,Stress_Induced
656:30,0.38356164383561975,0.6428571428571432,0.0,0.34213959556425433,0.30171232876712406,1.4450997237883565,Medium,0.30171232876712406,Stress_Induced
657:00,0.38356164383561975,0.6428571428571432,0.0,0.34213959556425433,0.30171232876712406,1.4450997237883565,Medium,0.30171232876712406,Stress_Induced
657:30,0.38356164383561975,0.6428571428571432,0.0,0.34213959556425433,0.30171232876712406,1.4450997237883565,Medium,0.30171232876712406,Stress_Induced
658:00,0.38356164383561975,0.7142857142857144,0.0,0.36594911937377805,0.326712328767124,1.511786004392463,Medium,0.32671232876712397,Stress_Induced
658:30,0.38356164383561975,0.7142857142857144,0.1111111111111111,0.4029861564108151,0.376712328767124,1.511786004392463,Medium,0.37671232876712396,Stress_Induced
659:00,0.38356164383561975,0.7142857142857144,0.0,0.36594911937377805,0.326712328767124,1.511786004392463,Medium,0.32671232876712397,Stress_Induced
659:30,0.38356164383561975,0.7142857142857144,0.0,0.36594911937377805,0.326712328767124,1.511786004392463,Medium,0.32671232876712397,Stress_Induced
660:00,0.38356164383561975,0.7142857142857144,0.0,0.36594911937377805,0.326712328767124,1.511786004392463,Medium,0.32671232876712397,Stress_Induced
660:30,0.3082191780821901,0.5714285714285716,0.0,0.29321591650358725,0.2616438356164381,1.3184810848847708,Medium,0.26164383561643806,Stress_Induced
661:00,0.3082191780821901,0.5714285714285716,0.1111111111111111,0.3302529535406243,0.3116438356164381,1.3184810848847708,Medium,0.31164383561643805,Stress_Induced
661:30,0.3082191780821901,0.5714285714285716,0.1111111111111111,0.3302529535406243,0.3116438356164381,1.3184810848847708,Medium,0.31164383561643805,Stress_Induced
662:00,0.3082191780821901,0.5714285714285716,0.1111111111111111,0.3302529535406243,0.3116438356164381,1.3184810848847708,Medium,0.31164383561643805,Stress_Induced
662:30,0.3082191780821901,0.5714285714285716,0.1111111111111111,0.3302529535406243,0.3116438356164381,1.3184810848847708,Medium,0.31164383561643805,Stress_Induced
663:00,0.3082191780821901,0.5,0.2222222222222222,0.3434804667681375,0.336643835616438,1.2603216632851728,Medium,0.336643835616438,Stress_Induced
663:30,0.3082191780821901,0.5,0.2222222222222222,0.3434804667681375,0.336643835616438,1.2603216632851728,Medium,0.336643835616438,Stress_Induced
664:00,0.3082191780821901,0.5,0.2222222222222222,0.3434804667681375,0.336643835616438,1.2603216632851728,Medium,0.336643835616438,Stress_Induced
664:30,0.3082191780821901,0.5,0.3333333333333333,0.38051750380517446,0.386643835616438,1.38364255677354,Medium,0.386643835616438,Stress_Induced
665:00,0.3082191780821901,0.5,0.4444444444444445,0.4175545408422115,0.43664383561643805,1.5385448727509368,Medium,0.43664383561643805,Stress_Induced
665:30,0.3082191780821901,0.5,0.4444444444444445,0.4175545408422115,0.43664383561643805,1.5385448727509368,Medium,0.43664383561643805,Stress_Induced
666:00,0.3082191780821901,0.3333333333333335,0.4444444444444445,0.361998985286656,0.37831050228310475,1.3848231921869925,Medium,0.3783105022831048,Stress_Induced
666:30,0.3082191780821901,0.3333333333333335,0.4444444444444445,0.361998985286656,0.37831050228310475,1.3848231921869925,Medium,0.3783105022831048,Stress_Induced
667:00,0.3082191780821901,0.3333333333333335,0.5555555555555556,0.39903602232369306,0.42831050228310474,1.5398576833124962,Medium,0.4283105022831048,Stress_Induced
667:30,0.3082191780821901,0.3333333333333335,0.5555555555555556,0.39903602232369306,0.42831050228310474,1.5398576833124962,Medium,0.4283105022831048,Stress_Induced
668:00,0.3082191780821901,0.3333333333333335,0.6666666666666665,0.43607305936073004,0.4783105022831047,1.7122486814449231,High,0.47831050228310473,Stress_Induced
668:30,0.3082191780821901,0.4047619047619051,0.6666666666666665,0.45988258317025393,0.5033105022831047,1.7912629488724428,High,0.5033105022831048,Stress_Induced
669:00,0.3082191780821901,0.4047619047619051,0.7777777777777777,0.49691962020729097,0.5533105022831047,1.8611894475672497,High,0.5533105022831049,Stress_Induced
669:30,0.3082191780821901,0.4047619047619051,0.7777777777777777,0.49691962020729097,0.5533105022831047,1.8611894475672497,High,0.5533105022831049,Stress_Induced
670:00,0.3082191780821901,0.4047619047619051,0.7777777777777777,0.49691962020729097,0.5533105022831047,1.8611894475672497,High,0.5533105022831049,Stress_Induced
670:30,0.3082191780821901,0.4047619047619051,0.8888888888888888,0.5339566572443281,0.6033105022831048,1.8611894475672497,High,0.6033105022831049,Stress_Induced
671:00,0.3082191780821901,0.4047619047619051,0.8888888888888888,0.5339566572443281,0.6033105022831048,1.8611894475672497,High,0.6033105022831049,Stress_Induced
671:30,0.3082191780821901,0.4047619047619051,0.8888888888888888,0.5339566572443281,0.6033105022831048,1.8611894475672497,High,0.6033105022831049,Stress_Induced
672:00,0.3082191780821901,0.4047619047619051,0.8888888888888888,0.5339566572443281,0.6033105022831048,1.8611894475672497,High,0.6033105022831049,Stress_Induced
672:30,0.22602739726027465,0.4047619047619051,0.8888888888888888,0.5065593969703562,0.5868721461187216,1.7689678927804453,High,0.5868721461187218,Stress_Induced
673:00,0.3082191780821901,0.4047619047619051,0.8888888888888888,0.5339566572443281,0.6033105022831048,1.8611894475672497,High,0.6033105022831049,Stress_Induced
673:30,0.3082191780821901,0.4047619047619051,0.8888888888888888,0.5339566572443281,0.6033105022831048,1.8611894475672497,High,0.6033105022831049,Stress_Induced
674:00,0.3082191780821901,0.4761904761904763,0.8888888888888888,0.5577661810538518,0.6283105022831047,1.9470768086363526,High,0.6283105022831048,Stress_Induced
674:30,0.3082191780821901,0.4761904761904763,0.8888888888888888,0.5577661810538518,0.6283105022831047,1.9470768086363526,High,0.6283105022831048,Stress_Induced
675:00,0.3082191780821901,0.4761904761904763,0.7777777777777777,0.5207291440168147,0.5783105022831047,1.9470768086363526,High,0.5783105022831048,Stress_Induced
675:30,0.3082191780821901,0.4761904761904763,0.4444444444444445,0.4096180329057036,0.42831050228310474,1.5155816316379007,Medium,0.42831050228310474,Stress_Induced
676:00,0.3082191780821901,0.4761904761904763,0.3333333333333333,0.37258099586866655,0.3783105022831047,1.3629912789277154,Medium,0.3783105022831047,Stress_Induced
676:30,0.3082191780821901,0.4761904761904763,0.4444444444444445,0.4096180329057036,0.42831050228310474,1.5155816316379007,Medium,0.42831050228310474,Stress_Induced
677:00,0.22602739726027465,0.0,0.4444444444444445,0.22349061390157302,0.24520547945205495,1.2702627225662146,Medium,0.245205479452055,Stress_Induced
677:30,0.3082191780821901,0.0,0.5555555555555556,0.2879249112125819,0.31164383561643805,1.4861082344301482,Medium,0.3116438356164381,Stress_Induced
678:00,0.3082191780821901,0.0,0.5555555555555556,0.2879249112125819,0.31164383561643805,1.4861082344301482,Medium,0.3116438356164381,Stress_Induced
678:30,0.3082191780821901,0.0,0.6666666666666665,0.3249619482496189,0.361643835616438,1.652481844564768,Medium,0.36164383561643804,Stress_Induced
679:00,0.3082191780821901,0.0,0.6666666666666665,0.3249619482496189,0.361643835616438,1.652481844564768,Medium,0.36164383561643804,Stress_Induced
679:30,0.3082191780821901,0.3809523809523814,0.6666666666666665,0.451946075233746,0.49497716894977145,1.7645278150974628,High,0.4949771689497715,Stress_Induced
680:00,0.3082191780821901,0.3809523809523814,0.6666666666666665,0.451946075233746,0.49497716894977145,1.7645278150974628,High,0.4949771689497715,Stress_Induced
680:30,0.3082191780821901,0.3809523809523814,0.6666666666666665,0.451946075233746,0.49497716894977145,1.7645278150974628,High,0.4949771689497715,Stress_Induced
681:00,0.3082191780821901,0.3809523809523814,0.6666666666666665,0.451946075233746,0.49497716894977145,1.7645278150974628,High,0.4949771689497715,Stress_Induced
681:30,0.3082191780821901,0.3809523809523814,0.6666666666666665,0.451946075233746,0.49497716894977145,1.7645278150974628,High,0.4949771689497715,Stress_Induced
682:00,0.3082191780821901,0.3809523809523814,0.7777777777777777,0.48898311227078306,0.5449771689497714,1.8334106399429344,High,0.5449771689497716,Stress_Induced
682:30,0.3082191780821901,0.3571428571428572,0.7777777777777777,0.481046604334275,0.536643835616438,1.8060464393077338,High,0.536643835616438,Stress_Induced
683:00,0.3082191780821901,0.3571428571428572,0.6666666666666665,0.44400956729723795,0.486643835616438,1.7381917111681096,High,0.48664383561643804,Stress_Induced
683:30,0.3082191780821901,0.3571428571428572,0.5555555555555556,0.40697253026020097,0.43664383561643805,1.5631887415171617,Medium,0.4366438356164381,Stress_Induced
684:00,0.3082191780821901,0.3571428571428572,0.5555555555555556,0.40697253026020097,0.43664383561643805,1.5631887415171617,Medium,0.4366438356164381,Stress_Induced
684:30,0.3082191780821901,0.3571428571428572,0.5555555555555556,0.40697253026020097,0.43664383561643805,1.5631887415171617,Medium,0.4366438356164381,Stress_Induced
685:00,0.3082191780821901,0.5,0.4444444444444445,0.4175545408422115,0.43664383561643805,1.5385448727509368,Medium,0.43664383561643805,Stress_Induced
685:30,0.3082191780821901,0.5,0.4444444444444445,0.4175545408422115,0.43664383561643805,1.5385448727509368,Medium,0.43664383561643805,Stress_Induced
686:00,0.3082191780821901,0.5,0.4444444444444445,0.4175545408422115,0.43664383561643805,1.5385448727509368,Medium,0.43664383561643805,Stress_Induced
686:30,0.3082191780821901,0.5,0.5555555555555556,0.4545915778792486,0.48664383561643804,1.7107888983900497,High,0.4866438356164381,Stress_Induced
687:00,0.3082191780821901,0.5,0.5555555555555556,0.4545915778792486,0.48664383561643804,1.7107888983900497,High,0.4866438356164381,Stress_Induced
687:30,0.3082191780821901,0.5,0.5555555555555556,0.4545915778792486,0.48664383561643804,1.7107888983900497,High,0.4866438356164381,Stress_Induced
688:00,0.3082191780821901,0.5,0.5555555555555556,0.4545915778792486,0.48664383561643804,1.7107888983900497,High,0.4866438356164381,Stress_Induced
688:30,0.3082191780821901,0.5,0.6666666666666665,0.49162861491628557,0.5366438356164379,1.9023160823522083,High,0.536643835616438,Stress_Induced
689:00,0.3082191780821901,0.5,0.7777777777777777,0.5286656519533226,0.586643835616438,1.976577822167374,High,0.5866438356164381,Stress_Induced
689:30,0.3082191780821901,0.5,0.7777777777777777,0.5286656519533226,0.586643835616438,1.976577822167374,High,0.5866438356164381,Stress_Induced
690:00,0.3082191780821901,0.5,0.7777777777777777,0.5286656519533226,0.586643835616438,1.976577822167374,High,0.5866438356164381,Stress_Induced
690:30,0.3082191780821901,0.0,0.7777777777777777,0.3619989852866559,0.411643835616438,1.716990670373892,High,0.4116438356164381,Stress_Induced
691:00,0.3082191780821901,0.0,0.8888888888888888,0.399036022323693,0.461643835616438,1.716990670373892,High,0.4616438356164381,Stress_Induced
691:30,0.3082191780821901,0.0,0.7777777777777777,0.3619989852866559,0.411643835616438,1.716990670373892,High,0.4116438356164381,Stress_Induced
692:00,0.22602739726027465,0.0,0.5555555555555556,0.2605276509386101,0.29520547945205494,1.4124718767021587,Medium,0.295205479452055,Stress_Induced
692:30,0.3082191780821901,0.0,0.5555555555555556,0.2879249112125819,0.31164383561643805,1.4861082344301482,Medium,0.3116438356164381,Stress_Induced
693:00,0.22602739726027465,0.0,0.6666666666666665,0.29756468797564706,0.3452054794520549,1.5706017086323816,Medium,0.34520547945205493,Stress_Induced
693:30,0.22602739726027465,0.28571428571428603,0.6666666666666665,0.3928027832137424,0.44520547945205496,1.5791905665534307,Medium,0.445205479452055,Stress_Induced
694:00,0.22602739726027465,0.28571428571428603,0.7777777777777777,0.42983982025077944,0.495205479452055,1.640838281178724,Medium,0.49520547945205506,Stress_Induced
694:30,0.22602739726027465,0.28571428571428603,0.8888888888888888,0.4668768572878165,0.545205479452055,1.640838281178724,Medium,0.5452054794520552,Stress_Induced
695:00,0.22602739726027465,0.28571428571428603,0.8888888888888888,0.4668768572878165,0.545205479452055,1.640838281178724,Medium,0.5452054794520552,Stress_Induced
695:30,0.3082191780821901,0.28571428571428603,0.8888888888888888,0.49427411756178835,0.5616438356164382,1.7263800584272446,High,0.5616438356164383,Stress_Induced
696:00,0.22602739726027465,0.3571428571428572,0.8888888888888888,0.49068638109734025,0.5702054794520549,1.7165572092522783,High,0.5702054794520551,Stress_Induced
696:30,0.22602739726027465,0.3571428571428572,1.0,0.5277234181343773,0.620205479452055,1.7165572092522783,High,0.6202054794520552,Stress_Induced
697:00,0.3082191780821901,0.3571428571428572,1.0,0.5551206784083491,0.6366438356164381,1.8060464393077338,High,0.6366438356164382,Stress_Induced
697:30,0.3082191780821901,0.3571428571428572,1.0,0.5551206784083491,0.6366438356164381,1.8060464393077338,High,0.6366438356164382,Stress_Induced
